ImageId,CellId,Cell_141Pr_AQP4,Cell_143Nd_SQSTM1,Cell_145Nd_UBQLN2,Cell_147Sm_Glutaminase,Cell_149Sm_C9orf72,Cell_150Nd_PDL1,Cell_151Eu_MAP2,Cell_152Sm_ATXN2,Cell_153Eu_ORF1,Cell_154Sm_pTDP43,Cell_155Gd_FoxP3,Cell_156Gd_CH24H,Cell_158Gd_GFAP,Cell_159Tb_IL6ST,Cell_160Gd_IBA1,Cell_161Dy_CX3CR1,Cell_162Dy_pTBK1,Cell_163Dy_CD4,Cell_164Dy_TMEM119,Cell_165Ho_PD1,Cell_166Er_GAD67,Cell_167Er_CD8,Cell_168Er_FUS,Cell_169Tm_ChAT,Cell_170Er_APOE,Cell_171Yb_TREM2,Cell_172Yb_PDL2,Cell_174Yb_MHCclassII,Cell_175Lu_TDP43,Cell_176Yb_TBK1,Cell_7_Control_M_FrontalCrtx_240424_1_cellmas,Area,Eccentricity,Solidity,Extent,EulerNumber,Perimeter,MajorAxisLength,MinorAxisLength,Orientation,X_position,Y_position,Percent_Touching,Number_Neighbors,neighbour_4_CellId1,neighbour_4_CellId2,neighbour_4_CellId3,neighbour_4_CellId4,neighbour_4_CellId5
930216,1,0.472222222,0.236111111,0.944444444,0.069444444,0.013888889,0.097222222,2.638888889,1.944444444,0.125,0.583333333,0.041666667,0.041666667,2.180555556,0.347222222,0.208333333,0.305555556,0.236111111,0.069444444,0.583333333,0.013888889,0.375,0.194444444,3.236111111,0.180555556,0.722222222,0.75,0.125,17.13888889,0.097222222,0.222222222,63,72,0.423598787,0.923076923,0.654545455,1,28.681,10.25847668,9.292640226,5.942399755,556.1805556,9.75,0,0,0,0,0,0,0
930216,2,0.566929134,0.307086614,0.653543307,0.039370079,0.070866142,0.078740157,4.566929134,1.606299213,0.086614173,0.299212598,0.047244094,0.125984252,1.165354331,0.338582677,0.165354331,0.236220472,0.11023622,0.031496063,0.480314961,0.015748031,0.448818898,0.212598425,1.826771654,0.173228346,1.322834646,0.771653543,0.094488189,19.58267717,0.157480315,0.362204724,126,127,0.620769462,0.969465649,0.76969697,1,37.654,14.42088849,11.30587794,83.08611951,537.1181102,8.267716535,0.042553191,1,16,0,0,0,0
930216,3,0.282828283,0.242424242,0.626262626,0.060606061,0.050505051,0.090909091,3.03030303,1.828282828,0.04040404,0.404040404,0.04040404,0.111111111,2.363636364,0.414141414,0.141414141,0.383838384,0.070707071,0.060606061,0.424242424,0.03030303,0.353535354,0.262626263,3.03030303,0.323232323,0.898989899,0.696969697,0.181818182,20.78787879,0.111111111,0.232323232,189,99,0.599897242,0.925233645,0.6875,1,33.643,12.66527148,10.13319315,50.65083532,741.4747475,8.747474747,0.302325581,1,9,0,0,0,0
930216,4,0.5,0.404761905,0.595238095,0.047619048,0.035714286,0.083333333,2.404761905,1.773809524,0.142857143,0.904761905,0.095238095,0.119047619,3.345238095,0.5,0.178571429,0.30952381,0.083333333,0.083333333,0.69047619,0.023809524,1.023809524,0.30952381,1.047619048,0.369047619,0.773809524,0.928571429,0.19047619,17.82142857,0.119047619,0.297619048,252,84,0.42167705,0.954545455,0.763636364,1,29.88,10.94170843,9.921351301,8.68283765,105.6547619,8.321428571,0,0,0,0,0,0,0
930216,5,0.322222222,0.355555556,0.677777778,0.077777778,0.1,0.077777778,3.344444444,1.322222222,0.066666667,0.3,0.033333333,0.122222222,2.222222222,0.422222222,0.233333333,0.211111111,0.088888889,0.033333333,0.5,0.011111111,0.433333333,0.244444444,2.366666667,0.166666667,0.977777778,0.733333333,0.1,20.13333333,0.144444444,0.3,314,90,0.488890185,0.947368421,0.681818182,1,31.402,11.55460035,10.07960174,53.83781297,447.7111111,10.21111111,0,0,0,0,0,0,0
930216,6,0.507575758,0.265151515,0.689393939,0.068181818,0.015151515,0.075757576,3.386363636,2.196969697,0.098484848,0.431818182,0.090909091,0.045454545,3.053030303,0.386363636,0.348484848,0.310606061,0.053030303,0.037878788,0.575757576,0.022727273,0.560606061,0.340909091,2.439393939,0.348484848,0.704545455,0.757575758,0.075757576,18.89393939,0.136363636,0.212121212,377,132,0.453856205,0.923076923,0.725274725,1,40.656,14.0085775,12.48269233,-35.90415229,688.3863636,12.22727273,0.392156863,1,12,0,0,0,0
930216,7,0.47826087,0.22826087,0.543478261,0.076086957,0.043478261,0.119565217,3.532608696,2.032608696,0.043478261,0.565217391,0.02173913,0.086956522,3.260869565,0.510869565,0.217391304,0.391304348,0.065217391,0.054347826,0.815217391,0.02173913,0.423913043,0.336956522,4.217391304,0.315217391,0.760869565,0.847826087,0.119565217,21.06521739,0.184782609,0.260869565,440,92,0.563821833,0.929292929,0.58974359,1,34.123,12.16341439,10.04572072,-31.61139639,59.76086957,15.0326087,0.613636364,2,8,14,0,0,0
930216,8,0.385321101,0.495412844,0.577981651,0.055045872,0.036697248,0.055045872,3.440366972,2.23853211,0.091743119,0.614678899,0.100917431,0.137614679,3.495412844,0.357798165,0.155963303,0.357798165,0.04587156,0.110091743,0.688073394,0.018348624,0.47706422,0.403669725,14.74311927,0.339449541,0.963302752,0.981651376,0.275229358,26.35779817,0.201834862,0.256880734,503,109,0.129298816,0.879032258,0.556122449,1,39.176,12.6446665,12.53852307,-13.64399397,53.46788991,21.19266055,0.5,2,7,14,0,0,0
930216,9,0.3671875,0.3671875,0.5390625,0.0859375,0.0078125,0.0703125,4.421875,1.5859375,0.0546875,0.3359375,0.0859375,0.21875,3.6796875,0.4453125,0.1484375,0.3046875,0.1015625,0.0546875,0.484375,0.015625,0.59375,0.203125,1.9921875,0.203125,1.1640625,0.734375,0.1640625,22.53125,0.109375,0.265625,566,128,0.533951398,0.955223881,0.711111111,1,38.506,14.01876327,11.85307703,83.26126118,739.359375,20.5703125,0.25,1,3,0,0,0,0
930216,10,0.394495413,0.183486239,0.385321101,0.091743119,0.091743119,0.064220183,3.458715596,1.174311927,0.064220183,0.23853211,0.04587156,0,1.330275229,0.311926606,0.155963303,0.211009174,0.055045872,0.137614679,0.275229358,0.018348624,0.330275229,0.247706422,8.697247706,0.211009174,0.532110092,0.541284404,0.119266055,15.96330275,0.100917431,0.137614679,629,109,0.673593364,0.923728814,0.707792208,1,36.364,13.86862855,10.25033311,8.045930952,396.3761468,21.1559633,0,0,0,0,0,0,0
930216,11,0.464912281,0.201754386,0.850877193,0.114035088,0.061403509,0.087719298,3.5,1.421052632,0.087719298,0.368421053,0.078947368,0.149122807,2.456140351,0.333333333,0.122807018,0.289473684,0.070175439,0.043859649,0.640350877,0.00877193,0.429824561,0.254385965,1.824561404,0.298245614,0.885964912,0.710526316,0.096491228,20.87719298,0.122807018,0.368421053,692,114,0.499466614,0.95,0.730769231,1,35.33,13.01370396,11.27420295,15.26841146,599.0789474,20.71929825,0,0,0,0,0,0,0
930216,12,0.470149254,0.231343284,0.626865672,0.059701493,0.029850746,0.082089552,4.268656716,2.246268657,0.059701493,0.552238806,0.082089552,0.119402985,3.268656716,0.388059701,0.104477612,0.432835821,0.111940299,0.089552239,0.634328358,0.014925373,0.574626866,0.246268657,10.11940299,0.268656716,1.350746269,0.746268657,0.186567164,19.70895522,0.082089552,0.291044776,755,134,0.675642043,0.924137931,0.683673469,1,42.244,15.53997243,11.45653131,61.1698483,687.4253731,23.94776119,0.365384615,1,6,0,0,0,0
930216,13,0.62601626,0.170731707,0.910569106,0.081300813,0.032520325,0.073170732,1.617886179,1.455284553,0.073170732,0.414634146,0.081300813,0.081300813,1.699186992,0.325203252,0.081300813,0.211382114,0.032520325,0.048780488,0.422764228,0.008130081,0.609756098,0.25203252,2.943089431,0.300813008,0.43902439,0.658536585,0.105691057,18.96747967,0.146341463,0.300813008,818,123,0.564666128,0.9609375,0.732142857,1,36.827,13.85331184,11.43340745,13.5500109,523.6097561,22.45528455,0,0,0,0,0,0,0
930216,14,0.450381679,0.198473282,0.511450382,0.076335878,0.022900763,0.038167939,2.152671756,1.702290076,0.053435115,0.496183206,0.06870229,0.145038168,5.93129771,0.435114504,0.190839695,0.259541985,0.083969466,0.076335878,0.473282443,0.022900763,0.458015267,0.190839695,1.580152672,0.145038168,0.778625954,0.664122137,0.06870229,21.30534351,0.145038168,0.27480916,881,131,0.442979483,0.942446043,0.671794872,1,40.028,13.74604142,12.32376256,-0.610908651,67.27480916,24.46564885,0.288461538,2,7,8,0,0,0
930216,15,0.589285714,0.178571429,0.5625,0.098214286,0.017857143,0.0625,2.973214286,1.428571429,0.071428571,0.383928571,0.017857143,0.053571429,2.160714286,0.258928571,0.116071429,0.321428571,0.0625,0.0625,0.357142857,0.017857143,0.410714286,0.1875,1.910714286,0.223214286,0.9375,0.839285714,0.169642857,16.38392857,0.133928571,0.294642857,943,112,0.572595365,0.933333333,0.662721893,1,36.182,13.34929315,10.94425944,42.57050058,577.9732143,24.08035714,0,0,0,0,0,0,0
930216,16,0.523178808,0.284768212,0.536423841,0.086092715,0.039735099,0.066225166,4.960264901,2.152317881,0.132450331,0.456953642,0.059602649,0.066225166,2.298013245,0.543046358,0.072847682,0.417218543,0.086092715,0.092715232,0.649006623,0.013245033,0.649006623,0.291390728,2.417218543,0.331125828,1.086092715,1.033112583,0.165562914,22.62913907,0.205298013,0.304635762,1006,151,0.788004924,0.932098765,0.645299145,1,43.865,17.87913429,11.0076276,74.05317477,543.2251656,23.96688742,0.035087719,1,2,0,0,0,0
930216,17,0.495238095,0.247619048,0.628571429,0.019047619,0.047619048,0.085714286,4.685714286,1.704761905,0.047619048,0.552380952,0.047619048,0.142857143,2.428571429,0.4,0.19047619,0.476190476,0.104761905,0.085714286,0.533333333,0.00952381,0.523809524,0.6,13.87619048,0.295238095,1.20952381,0.819047619,0.123809524,22.78095238,0.095238095,0.39047619,1069,105,0.550699252,0.945945946,0.729166667,1,34.189,12.74453234,10.63790881,53.98526423,167.3428571,25.40952381,0.348837209,1,23,0,0,0,0
930216,18,0.337579618,0.21656051,0.853503185,0.050955414,0.038216561,0.114649682,1.936305732,2.038216561,0.095541401,0.388535032,0.095541401,0.063694268,2.025477707,0.337579618,0.089171975,0.197452229,0.089171975,0.095541401,0.401273885,0,0.560509554,0.203821656,7.681528662,0.280254777,0.477707006,0.694267516,0.165605096,14.80254777,0.070063694,0.197452229,1132,157,0.659220444,0.88700565,0.659663866,1,47.421,16.86516715,12.681758,-19.61716099,448.4840764,29.22929936,0.316666667,1,25,0,0,0,0
930216,19,0.420454545,0.181818182,0.465909091,0.181818182,0.022727273,0.034090909,2.852272727,1.215909091,0.034090909,0.204545455,0.022727273,0.056818182,4.965909091,0.647727273,0.147727273,0.306818182,0.034090909,0.011363636,0.477272727,0.022727273,0.352272727,0.352272727,6.511363636,0.159090909,1.409090909,0.704545455,0.068181818,17.76136364,0.227272727,0.125,1195,88,0.64793901,0.956521739,0.733333333,1,31.559,12.26366313,9.341136798,67.3714042,718.7613636,27.07954545,0.461538462,1,30,0,0,0,0
930216,20,0.357798165,0.174311927,0.577981651,0.100917431,0.055045872,0.091743119,4.339449541,1.816513761,0.155963303,0.504587156,0.064220183,0.128440367,2.743119266,0.357798165,0.119266055,0.23853211,0.055045872,0.064220183,0.394495413,0.04587156,0.541284404,0.28440367,5.110091743,0.376146789,1.275229358,0.770642202,0.110091743,18.82568807,0.146788991,0.19266055,1258,109,0.388990548,0.939655172,0.698717949,1,34.958,12.35892089,11.38555385,54.00104892,327.412844,28.90825688,0,0,0,0,0,0,0
930216,21,0.50617284,0.172839506,0.518518519,0.098765432,0.061728395,0.074074074,4.333333333,1.407407407,0.172839506,0.456790123,0.012345679,0.049382716,2.320987654,0.296296296,0.160493827,0.407407407,0.061728395,0.061728395,0.481481481,0.037037037,0.432098765,0.222222222,1.950617284,0.283950617,0.617283951,0.50617284,0.111111111,23.02469136,0.148148148,0.283950617,1321,81,0.810401219,0.880434783,0.525974026,1,34.396,13.66276307,8.004675387,-62.05239677,26.02469136,30.02469136,0.523809524,1,26,0,0,0,0
930216,22,0.494736842,0.210526316,0.463157895,0.131578947,0.036842105,0.052631579,5.626315789,1.726315789,0.094736842,0.431578947,0.047368421,0.084210526,9.831578947,0.342105263,0.247368421,0.326315789,0.073684211,0.084210526,0.478947368,0.005263158,0.447368421,0.257894737,2.205263158,0.247368421,0.931578947,0.889473684,0.205263158,24.06842105,0.163157895,0.215789474,1384,190,0.764995158,0.935960591,0.753968254,1,49.629,19.6614431,12.66267775,73.84514965,275.2789474,26.03684211,0,0,0,0,0,0,0
930216,23,0.414012739,0.312101911,0.636942675,0.076433121,0.044585987,0.101910828,4.21656051,1.732484076,0.082802548,0.624203822,0.050955414,0.082802548,1.719745223,0.343949045,0.140127389,0.23566879,0.050955414,0.057324841,0.49044586,0.006369427,0.560509554,0.203821656,1.707006369,0.286624204,1.203821656,0.74522293,0.184713376,22.74522293,0.159235669,0.203821656,1447,157,0.400768185,0.945783133,0.747619048,1,42.153,14.88721965,13.63936533,89.6792423,157.1019108,31.18471338,0.296296296,1,17,0,0,0,0
930216,24,0.475862069,0.15862069,0.468965517,0.062068966,0.020689655,0.062068966,2.620689655,1.455172414,0.055172414,0.448275862,0.117241379,0.062068966,8.710344828,0.434482759,0.179310345,0.372413793,0.055172414,0.15862069,0.234482759,0.013793103,0.420689655,0.303448276,3.04137931,0.213793103,0.772413793,0.931034483,0.144827586,19.46896552,0.075862069,0.179310345,1509,145,0.522330456,0.941558442,0.697115385,1,41.508,14.865776,12.67668878,85.31615654,218.0275862,33.11724138,0.301886792,1,37,0,0,0,0
930216,25,0.438356164,0.260273973,0.767123288,0.068493151,0.054794521,0.109589041,3.01369863,1.945205479,0.068493151,0.575342466,0.04109589,0.082191781,3.821917808,0.493150685,0.178082192,0.356164384,0.095890411,0.123287671,0.630136986,0,0.452054795,0.315068493,2.246575342,0.246575342,0.438356164,0.780821918,0.205479452,21.79452055,0.109589041,0.287671233,1572,73,0.49441333,0.935897436,0.73,1,27.829,10.46932733,9.100221273,-44.17804403,459.1369863,30.89041096,0.527777778,1,18,0,0,0,0
930216,26,0.326388889,0.1875,0.604166667,0.104166667,0.055555556,0.097222222,3.951388889,1.597222222,0.097222222,0.319444444,0.104166667,0.125,2.479166667,0.423611111,0.131944444,0.340277778,0.076388889,0.048611111,0.513888889,0.020833333,0.5,0.270833333,3.041666667,0.243055556,1.715277778,0.666666667,0.118055556,21.98611111,0.131944444,0.326388889,1635,144,0.64730377,0.935064935,0.65158371,1,42.823,15.88817942,12.11048094,-86.12271616,18.78472222,34.55555556,0.418181818,1,21,0,0,0,0
930216,27,0.253164557,0.17721519,0.746835443,0.101265823,0.025316456,0.012658228,2.164556962,1.265822785,0.075949367,0.379746835,0.012658228,0.189873418,2.873417722,0.240506329,0.164556962,0.341772152,0.050632911,0.101265823,0.405063291,0.012658228,0.544303797,0.17721519,4.379746835,0.278481013,0.392405063,0.544303797,0.012658228,18.94936709,0.126582278,0.278481013,1698,79,0.74451692,0.897727273,0.607692308,1,31.956,12.66440843,8.454804553,14.75357892,383.835443,33.60759494,0.4,1,31,0,0,0,0
930216,28,0.617449664,0.281879195,0.657718121,0.080536913,0.033557047,0.10738255,4.402684564,2.395973154,0.087248322,0.610738255,0.060402685,0.174496644,2.852348993,0.416107383,0.22147651,0.516778523,0.10738255,0.093959732,0.651006711,0.006711409,0.651006711,0.308724832,2.597315436,0.308724832,1.389261745,1.053691275,0.161073826,29.36241611,0.181208054,0.268456376,1761,149,0.479103645,0.943037975,0.70952381,1,42.426,14.86640249,13.04910872,-74.90968892,242.0671141,34.72483221,0.301886792,2,33,40,0,0,0
930216,30,0.622754491,0.143712575,0.580838323,0.101796407,0.023952096,0.113772455,2.766467066,2.113772455,0.107784431,0.54491018,0.053892216,0.125748503,11.55688623,0.365269461,0.215568862,0.353293413,0.101796407,0.155688623,0.784431138,0.005988024,0.550898204,0.25748503,2.796407186,0.263473054,1.389221557,0.976047904,0.19760479,27.40718563,0.137724551,0.263473054,1887,167,0.471240563,0.856410256,0.654901961,1,49.654,16.31371627,14.3887748,-64.81704609,715.6347305,37.28742515,0.483870968,2,19,51,0,0,0
930216,31,0.342592593,0.222222222,0.722222222,0.083333333,0.046296296,0.12037037,2.101851852,1.657407407,0.083333333,0.435185185,0.055555556,0.046296296,2.518518519,0.333333333,0.092592593,0.194444444,0.101851852,0.027777778,0.518518519,0.018518519,0.425925926,0.25,7.546296296,0.231481481,0.425925926,0.592592593,0.138888889,17.47222222,0.12037037,0.268518519,1950,108,0.494462974,0.939130435,0.75,1,35.388,12.73716463,11.07112685,25.964233,378.9537037,41.72222222,0.627906977,2,27,34,0,0,0
930216,32,0.469945355,0.256830601,0.491803279,0.098360656,0.038251366,0.103825137,1.93442623,1.93442623,0.071038251,0.420765027,0.038251366,0.081967213,4.131147541,0.464480874,0.103825137,0.371584699,0.076502732,0.06010929,0.431693989,0.032786885,0.50273224,0.25136612,7.956284153,0.338797814,0.677595628,0.781420765,0.142076503,20.39344262,0.163934426,0.289617486,2013,183,0.563458699,0.933673469,0.672794118,1,48.058,16.97543557,14.0241582,-62.17714957,659.3606557,38.21311475,0.084745763,1,29,0,0,0,0
930216,33,0.508196721,0.180327869,0.672131148,0.06557377,0.032786885,0.098360656,3.770491803,1.918032787,0.098360656,0.557377049,0.049180328,0.098360656,4.590163934,0.360655738,0.245901639,0.409836066,0.114754098,0.147540984,0.639344262,0.016393443,0.31147541,0.245901639,1.573770492,0.360655738,0.754098361,1.049180328,0.213114754,26.3442623,0.163934426,0.262295082,2075,61,0.60725067,0.924242424,0.61,1,27.267,10.12957355,8.048050567,50.82863412,251.0983607,39.60655738,0.705882353,3,28,40,50,0,0
930216,34,0.436090226,0.338345865,0.812030075,0.052631579,0.045112782,0.120300752,4.045112782,2.022556391,0.07518797,0.759398496,0.090225564,0.127819549,2.902255639,0.481203008,0.157894737,0.398496241,0.120300752,0.105263158,0.819548872,0.022556391,0.676691729,0.270676692,2.593984962,0.248120301,1.240601504,0.947368421,0.15037594,21.34586466,0.180451128,0.353383459,2138,133,0.637922074,0.97080292,0.730769231,1,38.696,14.91986303,11.48980025,53.47582129,367.4586466,42.42857143,0.28,1,31,0,0,0,0
930216,35,0.315789474,0.231578947,0.831578947,0.126315789,0.031578947,0.073684211,1.978947368,1.768421053,0.084210526,0.378947368,0.052631579,0.126315789,3.221052632,0.263157895,0.115789474,0.168421053,0.063157895,0.042105263,0.431578947,0,0.484210526,0.210526316,5.821052632,0.221052632,0.589473684,0.557894737,0.084210526,19.24210526,0.115789474,0.189473684,2201,95,0.64458257,0.940594059,0.730769231,1,33.089,12.70303396,9.711910288,12.36090495,403.0210526,43.62105263,0.209302326,1,60,0,0,0,0
930216,36,0.441176471,0.294117647,0.490196078,0.137254902,0.019607843,0.068627451,2.607843137,1.745098039,0.029411765,0.411764706,0.029411765,0.107843137,1.705882353,0.421568627,0.196078431,0.323529412,0.039215686,0.058823529,0.411764706,0.019607843,0.617647059,0.215686275,3.862745098,0.245098039,0.803921569,0.803921569,0.156862745,19.09803922,0.088235294,0.225490196,2264,102,0.396685344,0.944444444,0.708333333,1,33.825,12.02492493,11.03833574,36.41261997,757.0882353,42.92156863,0.325581395,1,46,0,0,0,0
930216,37,0.397727273,0.261363636,0.5,0.102272727,0.045454545,0.056818182,2.170454545,1.443181818,0.090909091,0.261363636,0.068181818,0.079545455,2.409090909,0.545454545,0.056818182,0.352272727,0.022727273,0.125,0.306818182,0.022727273,0.5,0.443181818,14.75,0.181818182,1.295454545,0.977272727,0.147727273,19.09090909,0.159090909,0.261363636,2327,88,0.689030703,0.926315789,0.733333333,1,32.576,12.79775587,9.274945136,11.84397904,212.2272727,42.54545455,0.8,2,24,48,0,0,0
930216,38,0.5,0.244680851,0.734042553,0.095744681,0.031914894,0.031914894,1.808510638,2.212765957,0.063829787,0.468085106,0.117021277,0.074468085,2.914893617,0.382978723,0.29787234,0.319148936,0.127659574,0.085106383,0.531914894,0.021276596,0.574468085,0.308510638,1.79787234,0.244680851,0.70212766,1.021276596,0.138297872,27.42553191,0.180851064,0.255319149,2390,94,0.777819301,0.912621359,0.61038961,1,34.768,14.02402952,8.813933911,26.19411989,72.35106383,44.32978723,0.6,2,57,59,0,0,0
930216,39,0.259615385,0.259615385,0.730769231,0.048076923,0.009615385,0.076923077,2.961538462,1.615384615,0.115384615,0.336538462,0.038461538,0.057692308,2.096153846,0.346153846,0.067307692,0.384615385,0.076923077,0.028846154,0.5,0.009615385,0.490384615,0.278846154,5.663461538,0.240384615,0.471153846,0.557692308,0.086538462,15.74038462,0.105769231,0.105769231,2453,104,0.09946798,0.962962963,0.722222222,1,33.18,11.60017683,11.54264881,90,514.2115385,44.5,0.25,1,58,0,0,0,0
930216,40,0.294117647,0.176470588,0.568627451,0.078431373,0.019607843,0.019607843,4.549019608,1.235294118,0.078431373,0.509803922,0.039215686,0.117647059,4.490196078,0.392156863,0.156862745,0.196078431,0.058823529,0.019607843,0.294117647,0,0.588235294,0.333333333,4.607843137,0.196078431,1.215686275,0.470588235,0.098039216,23,0.058823529,0.176470588,2516,51,0.787575729,0.927272727,0.662337662,1,25.836,10.70424323,6.596146023,1.488409163,246.9411765,45.70588235,0.933333333,3,28,33,50,0,0
930216,41,0.495575221,0.203539823,0.672566372,0.14159292,0.044247788,0.115044248,3.522123894,1.601769912,0.061946903,0.327433628,0.132743363,0.053097345,6.345132743,0.504424779,0.327433628,0.433628319,0.079646018,0.097345133,0.380530973,0,0.460176991,0.230088496,1.203539823,0.274336283,1.300884956,1.008849558,0.132743363,26.61061947,0.17699115,0.238938053,2579,113,0.624715385,0.941666667,0.672619048,1,36.637,13.6962285,10.6947348,61.02379345,423.8053097,43.53982301,0.382978723,2,62,69,0,0,0
930216,42,0.375,0.1875,0.775,0.075,0.0125,0.0625,2.0125,1.675,0.0625,0.4625,0.0375,0.075,4.0875,0.3875,0.125,0.2625,0.0625,0.025,0.55,0.0125,0.45,0.4,8.175,0.275,0.4375,0.6,0.125,17.525,0.1,0.325,2642,80,0.494248919,0.952380952,0.8,1,29.392,10.9601172,9.527853774,48.21133367,641.9125,45.3,0.638888889,2,29,45,0,0,0
930216,43,0.361538462,0.453846154,0.684615385,0.069230769,0.038461538,0.053846154,2.007692308,2.123076923,0.084615385,0.561538462,0.061538462,0.084615385,2.569230769,0.292307692,0.123076923,0.307692308,0.023076923,0.023076923,0.484615385,0.015384615,0.630769231,0.276923077,3.769230769,0.307692308,0.438461538,0.653846154,0.123076923,19.42307692,0.176923077,0.292307692,2704,130,0.345819126,0.962962963,0.769230769,1,37.654,13.33859274,12.5156175,-39.6262761,692.3230769,47.19230769,0,0,0,0,0,0,0
930216,44,0.444444444,0.298245614,0.725146199,0.105263158,0.01754386,0.093567251,3.888888889,2.070175439,0.052631579,0.456140351,0.058479532,0.111111111,3.029239766,0.385964912,0.251461988,0.298245614,0.081871345,0.058479532,0.695906433,0.011695906,0.543859649,0.286549708,2.14619883,0.426900585,1.099415205,0.81871345,0.204678363,24.08187135,0.210526316,0.298245614,2767,171,0.816148872,0.93442623,0.59375,1,48.182,19.60637249,11.3293794,33.1688568,143.005848,46.25730994,0,0,0,0,0,0,0
930216,45,0.336206897,0.362068966,0.568965517,0.094827586,0.034482759,0.103448276,2.267241379,1.844827586,0.077586207,0.439655172,0.086206897,0.112068966,3.715517241,0.405172414,0.077586207,0.344827586,0.034482759,0.068965517,0.560344828,0,0.543103448,0.379310345,14.79310345,0.310344828,1.043103448,0.844827586,0.275862069,17.99137931,0.137931034,0.189655172,2830,116,0.794073274,0.950819672,0.725,1,38.299,15.85313156,9.635882799,88.13417094,633.7672414,49.31896552,0.340425532,2,42,74,0,0,0
930216,46,0.41509434,0.452830189,0.490566038,0.056603774,0.028301887,0.075471698,4.377358491,1.594339623,0.113207547,0.509433962,0.047169811,0.094339623,2.311320755,0.320754717,0.160377358,0.311320755,0.037735849,0.047169811,0.471698113,0.018867925,0.688679245,0.283018868,9.509433962,0.198113208,1.58490566,0.886792453,0.08490566,17.71698113,0.160377358,0.188679245,2893,106,0.25432026,0.929824561,0.627218935,1,35.992,11.99307681,11.59874513,75.13408618,747.509434,47.78301887,0.673913043,2,36,63,0,0,0
930216,47,0.358208955,0.201492537,0.47761194,0.097014925,0.029850746,0.044776119,2.895522388,1.574626866,0.111940299,0.514925373,0.052238806,0.067164179,2.850746269,0.313432836,0.156716418,0.28358209,0.029850746,0.067164179,0.47761194,0.014925373,0.47761194,0.194029851,1.955223881,0.298507463,0.805970149,0.641791045,0.156716418,19.25373134,0.164179104,0.268656716,2956,134,0.443612471,0.864516129,0.56302521,1,45.536,14.7589638,13.2272595,14.41919819,190.7537313,47.1641791,0.406779661,1,52,0,0,0,0
930216,48,0.298387097,0.25,0.5,0.161290323,0.048387097,0.088709677,3.14516129,1.451612903,0.056451613,0.387096774,0.040322581,0.064516129,1.024193548,0.427419355,0.201612903,0.370967742,0.080645161,0.290322581,0.25,0.016129032,0.379032258,0.338709677,11.2016129,0.258064516,1.701612903,0.967741935,0.120967742,16.95967742,0.161290323,0.338709677,3019,124,0.732496112,0.925373134,0.681318681,1,40.077,15.57430058,10.60253552,55.228426,212.0241935,52.16935484,0.38,2,37,78,0,0,0
930216,49,0.347826087,0.211956522,0.77173913,0.081521739,0.038043478,0.070652174,1.972826087,1.847826087,0.038043478,0.472826087,0.097826087,0.076086957,2.630434783,0.35326087,0.108695652,0.380434783,0.027173913,0.02173913,0.467391304,0.005434783,0.472826087,0.288043478,2.85326087,0.233695652,0.467391304,0.820652174,0.114130435,20.20652174,0.114130435,0.217391304,3082,184,0.584955079,0.953367876,0.676470588,1,46.586,17.15487607,13.91373142,32.74238263,162.0978261,50.71195652,0,0,0,0,0,0,0
930216,50,0.445454545,0.172727273,0.645454545,0.081818182,0.054545455,0.081818182,4.681818182,1.718181818,0.136363636,0.554545455,0.063636364,0.072727273,3.627272727,0.309090909,0.2,0.327272727,0.063636364,0.072727273,0.581818182,0.018181818,0.536363636,0.218181818,4.672727273,0.2,1.118181818,0.818181818,0.1,25.02727273,0.109090909,0.163636364,3145,110,0.755369818,0.88,0.654761905,1,38.299,14.99671643,9.82732937,23.71082968,247.1545455,52.63636364,0.404255319,3,33,40,66,0,0
930216,51,0.314285714,0.171428571,0.761904762,0.095238095,0.00952381,0.095238095,2.695238095,1.971428571,0.085714286,0.533333333,0,0.161904762,2.504761905,0.276190476,0.295238095,0.380952381,0.066666667,0.066666667,0.647619048,0.019047619,0.552380952,0.180952381,3.19047619,0.257142857,0.780952381,0.714285714,0.085714286,18.03809524,0.152380952,0.285714286,3208,105,0.515041849,0.954545455,0.734265734,1,33.643,12.55595356,10.76252435,85.11095856,719.7904762,50.8952381,0.409090909,2,30,72,0,0,0
930216,52,0.205882353,0.235294118,0.573529412,0.044117647,0.014705882,0.058823529,1.470588235,1.808823529,0.029411765,0.397058824,0.058823529,0.029411765,1.838235294,0.397058824,0.088235294,0.235294118,0.117647059,0.044117647,0.529411765,0.014705882,0.411764706,0.279411765,4.735294118,0.235294118,0.558823529,0.852941176,0.176470588,17.58823529,0.088235294,0.191176471,3270,68,0.775800956,0.957746479,0.708333333,1,29.111,11.97046816,7.55309865,-68.72274701,183.1176471,50.88235294,0.6,1,47,0,0,0,0
930216,53,0.451851852,0.355555556,0.718518519,0.051851852,0.022222222,0.051851852,3.955555556,2.103703704,0.074074074,0.622222222,0.096296296,0.125925926,2.977777778,0.4,0.096296296,0.311111111,0.096296296,0.051851852,0.503703704,0.007407407,0.644444444,0.2,2.97037037,0.274074074,1.111111111,0.844444444,0.214814815,24.40740741,0.133333333,0.348148148,3333,135,0.50851494,0.944055944,0.68877551,1,40.218,14.25836883,12.27721363,-50.37724455,571.7555556,52.48148148,0,0,0,0,0,0,0
930216,54,0.397849462,0.387096774,0.817204301,0.053763441,0.064516129,0.043010753,3.569892473,1.505376344,0.064516129,0.569892473,0.150537634,0.053763441,2.946236559,0.376344086,0.23655914,0.397849462,0.086021505,0.064516129,0.516129032,0.010752688,0.666666667,0.182795699,2.408602151,0.268817204,1,0.76344086,0.268817204,19.89247312,0.086021505,0.268817204,3396,93,0.782350961,0.939393939,0.603896104,1,34.396,13.95147039,8.689503665,59.93622366,590.8924731,52.37634409,0.568181818,1,61,0,0,0,0
930216,55,0.329411765,0.258823529,0.576470588,0.094117647,0.023529412,0.094117647,2.447058824,2.270588235,0.047058824,0.482352941,0.070588235,0.082352941,2.494117647,0.329411765,0.141176471,0.364705882,0.011764706,0.082352941,0.470588235,0.011764706,0.4,0.188235294,2.835294118,0.294117647,0.647058824,0.647058824,0.117647059,20.47058824,0.082352941,0.247058824,3459,85,0.71550541,0.923913043,0.653846154,1,32.047,12.73134236,8.89420733,-15.48318944,11.58823529,52.41176471,0.414634146,1,70,0,0,0,0
930216,56,0.404761905,0.25,0.80952381,0.107142857,0.023809524,0.130952381,2.44047619,1.464285714,0.035714286,0.380952381,0.047619048,0.107142857,2.726190476,0.476190476,0.154761905,0.357142857,0.107142857,0.071428571,0.619047619,0,0.607142857,0.297619048,2.869047619,0.273809524,0.511904762,0.678571429,0.154761905,20.89285714,0.119047619,0.202380952,3522,84,0.820469136,0.857142857,0.587412587,1,34.288,14.25003547,8.14661451,-24.51146909,41.79761905,52.52380952,0.465116279,1,64,0,0,0,0
930216,57,0.320610687,0.20610687,0.557251908,0.076335878,0.022900763,0.076335878,4.099236641,1.534351145,0.053435115,0.473282443,0.091603053,0.038167939,2.229007634,0.374045802,0.213740458,0.320610687,0.099236641,0.045801527,0.534351145,0.015267176,0.458015267,0.152671756,2.694656489,0.259541985,1.648854962,0.702290076,0.13740458,20.47328244,0.13740458,0.13740458,3585,131,0.816308819,0.813664596,0.584821429,1,46.156,17.99993451,10.39704501,30.73301996,75.3129771,51.69465649,0.929824561,3,38,59,65,0,0
930216,58,0.531746032,0.206349206,0.658730159,0.134920635,0.03968254,0.087301587,4.492063492,1.80952381,0.126984127,0.293650794,0.095238095,0.055555556,1.920634921,0.404761905,0.26984127,0.349206349,0.095238095,0.015873016,0.484126984,0.007936508,0.523809524,0.325396825,5.507936508,0.301587302,1.095238095,0.76984127,0.182539683,22.03968254,0.134920635,0.261904762,3648,126,0.638912489,0.947368421,0.7,1,38.324,14.55975572,11.20052049,76.75313542,505.7857143,54.44444444,0.183673469,1,39,0,0,0,0
930216,59,0.436090226,0.315789474,0.526315789,0.090225564,0.045112782,0.052631579,3.007518797,1.601503759,0.037593985,0.398496241,0.090225564,0.07518797,2.781954887,0.503759398,0.120300752,0.330827068,0.112781955,0.045112782,0.54887218,0.015037594,0.518796992,0.180451128,1.92481203,0.270676692,1.105263158,0.706766917,0.097744361,21.10526316,0.195488722,0.270676692,3711,133,0.65154912,0.95,0.682051282,1,40.185,15.172623,11.51004966,69.73001051,63.18045113,55.45864662,0.607843137,3,38,57,75,0,0
930216,60,0.375,0.325,0.508333333,0.091666667,0.05,0.125,4.508333333,1.891666667,0.141666667,0.558333333,0.075,0.1,4.833333333,0.341666667,0.125,0.383333333,0.075,0.083333333,0.583333333,0.016666667,0.608333333,0.283333333,8.225,0.291666667,1.091666667,0.791666667,0.183333333,19.48333333,0.141666667,0.233333333,3774,120,0.345263574,0.967741935,0.710059172,1,36.364,12.83281425,12.04367011,30.58451584,403.6583333,55.84166667,0.166666667,1,35,0,0,0,0
930216,61,0.487654321,0.277777778,0.456790123,0.12962963,0.049382716,0.049382716,3.598765432,1.660493827,0.104938272,0.395061728,0.049382716,0.098765432,3.209876543,0.351851852,0.179012346,0.333333333,0.074074074,0.080246914,0.62962963,0.030864198,0.388888889,0.25308642,4.962962963,0.234567901,1.197530864,0.580246914,0.12345679,20.80246914,0.141975309,0.179012346,3837,162,0.837466701,0.861702128,0.609022556,1,49.853,20.07842255,10.97262417,69.97053506,598.2901235,55.49382716,0.390625,1,54,0,0,0,0
930216,63,0.345679012,0.296296296,0.419753086,0.074074074,0.037037037,0.037037037,4.87654321,1.555555556,0.086419753,0.555555556,0.049382716,0.074074074,2.296296296,0.382716049,0.074074074,0.308641975,0.098765432,0.024691358,0.37037037,0.012345679,0.666666667,0.283950617,11.04938272,0.209876543,1.62962963,0.802469136,0.111111111,18.20987654,0.12345679,0.148148148,3962,81,0.459858542,0.941860465,0.613636364,1,31.121,10.98604599,9.755522993,-13.50776715,742.0987654,55.45679012,0.425,1,46,0,0,0,0
930216,64,0.12987013,0.233766234,0.727272727,0.12987013,0.025974026,0.025974026,1.818181818,1.090909091,0.077922078,0.298701299,0.038961039,0.090909091,2.090909091,0.233766234,0.142857143,0.233766234,0.064935065,0.038961039,0.61038961,0.012987013,0.428571429,0.155844156,3.077922078,0.220779221,0.467532468,0.623376623,0.090909091,21.72727273,0.142857143,0.220779221,4025,77,0.560671352,0.9625,0.777777778,1,28.747,11.02870594,9.132192308,5.628795097,40.53246753,59.58441558,0.5,1,56,0,0,0,0
930216,65,0.44047619,0.25,0.547619048,0.071428571,0.05952381,0.107142857,2.333333333,2.011904762,0.035714286,0.380952381,0.05952381,0.047619048,2.666666667,0.30952381,0.071428571,0.285714286,0.119047619,0.083333333,0.535714286,0,0.464285714,0.273809524,5.761904762,0.261904762,0.523809524,0.761904762,0.095238095,23.01190476,0.142857143,0.25,4088,84,0.838548776,0.884210526,0.545454545,1,34.305,14.30997527,7.796454216,28.94986929,79.52380952,58.0952381,0.488372093,1,57,0,0,0,0
930216,66,0.37,0.18,0.78,0.07,0.03,0.02,2.38,1.22,0.07,0.3,0.08,0.09,2.88,0.26,0.12,0.27,0.08,0.05,0.55,0.02,0.61,0.43,15.25,0.33,0.55,0.68,0.17,20.68,0.13,0.2,4151,100,0.352980554,0.952380952,0.757575758,1,32.973,11.76065956,11.00363364,-12.90663432,260.55,57.61,0.047619048,1,50,0,0,0,0
930216,67,0.276923077,0.176923077,0.738461538,0.076923077,0.007692308,0.046153846,2.330769231,1.546153846,0.046153846,0.407692308,0.053846154,0.061538462,2.438461538,0.376923077,0.053846154,0.315384615,0.069230769,0.023076923,0.423076923,0.023076923,0.469230769,0.2,3.069230769,0.276923077,0.646153846,0.776923077,0.161538462,15.81538462,0.146153846,0.238461538,4214,130,0.500894046,0.955882353,0.714285714,1,38.514,13.96076395,12.08316141,-26.80244234,323.0153846,57.54615385,0,0,0,0,0,0,0
930216,68,0.324786325,0.196581197,0.632478632,0.11965812,0.017094017,0.085470085,2.47008547,1.435897436,0.076923077,0.41025641,0.042735043,0.162393162,2.581196581,0.452991453,0.170940171,0.367521368,0.051282051,0.008547009,0.786324786,0,0.376068376,0.205128205,2.222222222,0.162393162,0.581196581,0.931623932,0.094017094,21.53846154,0.153846154,0.196581197,4277,117,0.524807852,0.951219512,0.642857143,1,36.844,13.36195546,11.37397338,68.32538413,376.6837607,58.04273504,0,0,0,0,0,0,0
930216,70,0.324786325,0.162393162,0.623931624,0.076923077,0.042735043,0.068376068,2.461538462,1.572649573,0.068376068,0.427350427,0.051282051,0.111111111,2.521367521,0.256410256,0.153846154,0.264957265,0.051282051,0.085470085,0.623931624,0.017094017,0.538461538,0.145299145,2.700854701,0.196581197,0.974358974,0.581196581,0.170940171,20.11111111,0.162393162,0.282051282,4403,117,0.156489228,0.943548387,0.692307692,1,36.819,12.4258928,12.27280165,88.40517275,7.384615385,60.68376068,0.340425532,1,55,0,0,0,0
930216,71,0.552845528,0.292682927,0.544715447,0.097560976,0.032520325,0.089430894,3.422764228,1.975609756,0.12195122,0.62601626,0.089430894,0.130081301,10.7398374,0.455284553,0.162601626,0.325203252,0.081300813,0.130081301,0.463414634,0.008130081,0.674796748,0.25203252,7.430894309,0.341463415,1.06504065,0.869918699,0.170731707,21.56097561,0.089430894,0.203252033,4465,123,0.515647547,0.953488372,0.732142857,1,37.009,13.59240305,11.64598178,30.60676212,356.2682927,61.43902439,0,0,0,0,0,0,0
930216,72,0.326923077,0.298076923,0.355769231,0.086538462,0.057692308,0.038461538,2.730769231,2.317307692,0.096153846,0.461538462,0.067307692,0.153846154,2.567307692,0.394230769,0.067307692,0.346153846,0.067307692,0.096153846,0.576923077,0,0.461538462,0.326923077,3.903846154,0.307692308,0.653846154,0.673076923,0.163461538,20.48076923,0.153846154,0.240384615,4528,104,0.856008713,0.928571429,0.63030303,1,36.918,16.26385059,8.407782883,25.95314388,710.125,61.13461538,0.583333333,3,51,80,81,0,0
930216,73,0.368421053,0.294736842,0.778947368,0.073684211,0.021052632,0.126315789,2.926315789,1.442105263,0.105263158,0.463157895,0.084210526,0.052631579,2.473684211,0.231578947,0.136842105,0.147368421,0.052631579,0.052631579,0.505263158,0,0.505263158,0.231578947,11.97894737,0.315789474,0.831578947,0.557894737,0.157894737,17.94736842,0.073684211,0.105263158,4591,95,0.518141284,0.95,0.664335664,1,33.18,12.04176392,10.29926098,27.38342912,286.9052632,63.4,0,0,0,0,0,0,0
930216,74,0.412429379,0.271186441,0.677966102,0.107344633,0.005649718,0.11299435,3.593220339,1.960451977,0.11299435,0.406779661,0.050847458,0.084745763,3.621468927,0.327683616,0.13559322,0.423728814,0.101694915,0.079096045,0.683615819,0.028248588,0.559322034,0.254237288,2.81920904,0.203389831,0.903954802,0.768361582,0.11299435,22.37853107,0.124293785,0.203389831,4654,177,0.677678386,0.956756757,0.756410256,1,45.982,17.66162835,12.98762711,0.144618027,631,65.20903955,0.034482759,1,45,0,0,0,0
930216,75,0.506578947,0.276315789,0.815789474,0.085526316,0.052631579,0.105263158,3.322368421,1.848684211,0.092105263,0.532894737,0.072368421,0.085526316,3.269736842,0.519736842,0.361842105,0.368421053,0.164473684,0.105263158,0.657894737,0.032894737,0.546052632,0.269736842,6.203947368,0.480263158,1.032894737,0.690789474,0.144736842,23.94736842,0.151315789,0.256578947,4717,152,0.706653656,0.95,0.675555556,1,43.096,16.72843773,11.83636699,35.03955879,52.84210526,66.91447368,0.290909091,2,59,90,0,0,0
930216,76,0.430656934,0.284671533,0.700729927,0.094890511,0.03649635,0.153284672,4.255474453,2.372262774,0.065693431,0.248175182,0.051094891,0.138686131,2.437956204,0.394160584,0.189781022,0.401459854,0.087591241,0.094890511,0.656934307,0.01459854,0.540145985,0.248175182,2.153284672,0.226277372,1.284671533,0.817518248,0.175182482,22.7080292,0.189781022,0.204379562,4780,137,0.55292162,0.951388889,0.702564103,1,39.639,14.57689261,12.14595189,-74.80515841,472.0145985,67.15328467,0.215686275,1,91,0,0,0,0
930216,77,0.553398058,0.184466019,0.72815534,0.067961165,0.019417476,0.155339806,4.388349515,1.902912621,0.067961165,0.291262136,0.038834951,0.067961165,1.815533981,0.281553398,0.572815534,0.45631068,0.126213592,0.155339806,0.757281553,0.019417476,0.514563107,0.223300971,4.398058252,0.27184466,0.922330097,0.660194175,0.165048544,22.91262136,0.203883495,0.252427184,4843,103,0.627856265,0.953703704,0.668831169,1,34.95,13.14107169,10.22808123,-79.14549541,538.7669903,67.54368932,0.522727273,2,87,88,0,0,0
930216,78,0.425,0.16875,0.59375,0.08125,0.04375,0.025,2.8375,1.225,0.0625,0.39375,0.0625,0.0375,1.59375,0.4625,0.175,0.26875,0.0625,0.09375,0.28125,0.025,0.425,0.3625,11.94375,0.21875,1.8,0.9125,0.13125,16.99375,0.0875,0.175,4906,160,0.818905244,0.946745562,0.588235294,1,46.024,19.13568969,10.98252232,49.87378491,199.68125,66.74375,0.360655738,2,48,85,0,0,0
930216,79,0.493506494,0.084415584,0.461038961,0.071428571,0.019480519,0.058441558,2.25974026,1.194805195,0.032467532,0.279220779,0.032467532,0.025974026,5.766233766,0.383116883,0.123376623,0.324675325,0.032467532,0.188311688,0.415584416,0.006493506,0.337662338,0.207792208,0.902597403,0.201298701,0.785714286,0.636363636,0.123376623,17.66233766,0.064935065,0.181818182,4969,154,0.689972644,0.944785276,0.696832579,1,43.369,16.56635131,11.99131226,-18.68805886,434.9480519,68.46103896,0.381818182,2,62,69,0,0,0
930216,80,0.256097561,0.243902439,0.463414634,0.085365854,0.024390244,0.024390244,4.914634146,1.524390244,0.158536585,0.390243902,0.036585366,0.134146341,2.524390244,0.402439024,0.402439024,0.292682927,0.024390244,0.12195122,0.56097561,0.048780488,0.426829268,0.365853659,9.890243902,0.414634146,1,0.853658537,0.097560976,18.43902439,0.134146341,0.170731707,5031,82,0.740378995,0.964705882,0.683333333,1,30.641,12.58363755,8.458591084,29.78359312,709.8414634,69.17073171,0.538461538,2,72,81,0,0,0
930216,81,0.384,0.24,0.544,0.08,0.04,0.048,3.376,1.72,0.056,0.464,0.048,0.048,2.2,0.408,0.168,0.416,0.032,0.056,0.568,0.024,0.472,0.28,11.152,0.248,1.176,0.648,0.16,18.256,0.168,0.16,5094,125,0.477126113,0.954198473,0.686813187,1,37.679,13.55406938,11.91178836,36.08907688,696.832,69.832,0.469387755,3,72,80,86,0,0
930216,82,0.677966102,0.271186441,0.788135593,0.076271186,0.059322034,0.127118644,5.508474576,2.161016949,0.084745763,0.745762712,0.076271186,0.050847458,4.152542373,0.449152542,0.152542373,0.449152542,0.06779661,0.084745763,0.584745763,0.025423729,0.584745763,0.203389831,2.737288136,0.262711864,0.830508475,0.788135593,0.177966102,26.76271186,0.161016949,0.211864407,5157,118,0.375571301,0.921875,0.698224852,1,38.506,12.93878491,11.99158179,43.49932126,575.0762712,71.55084746,0.361702128,1,92,0,0,0,0
930216,83,0.414414414,0.153153153,0.981981982,0.081081081,0.027027027,0.072072072,2.144144144,1.603603604,0.054054054,0.36036036,0.063063063,0.054054054,3.504504505,0.36036036,0.108108108,0.288288288,0.108108108,0.108108108,0.711711712,0.018018018,0.432432432,0.198198198,2.243243243,0.306306306,0.405405405,0.54954955,0.126126126,20.85585586,0.072072072,0.324324324,5220,111,0.381391558,0.956896552,0.770833333,1,34.842,12.45344603,11.51213471,-57.49330368,103.2252252,72.88288288,0,0,0,0,0,0,0
930216,84,0.257425743,0.227722772,1.099009901,0.128712871,0.02970297,0.059405941,1.683168317,1.851485149,0.079207921,0.584158416,0.089108911,0.089108911,1.96039604,0.415841584,0.138613861,0.435643564,0.069306931,0.02970297,0.445544554,0.00990099,0.455445545,0.207920792,3.217821782,0.217821782,0.336633663,0.772277228,0.108910891,25.68316832,0.128712871,0.237623762,5283,101,0.603810941,0.952830189,0.647435897,1,34.123,12.81369953,10.21415305,35.87984591,604.7227723,72.01980198,0,0,0,0,0,0,0
930216,85,0.5,0.247826087,0.4,0.065217391,0.073913043,0.065217391,3.62173913,1.382608696,0.052173913,0.482608696,0.047826087,0.073913043,2.5,0.469565217,0.27826087,0.247826087,0.1,0.147826087,0.386956522,0.017391304,0.408695652,0.239130435,1.482608696,0.330434783,1.056521739,0.6,0.134782609,17.24782609,0.12173913,0.265217391,5346,230,0.831821148,0.946502058,0.696969697,1,55.253,23.23590895,12.89694633,72.36412227,208.5565217,74.30869565,0.3,1,78,0,0,0,0
930216,86,0.514084507,0.352112676,0.718309859,0.077464789,0.063380282,0.105633803,3.873239437,2.021126761,0.091549296,0.563380282,0.070422535,0.070422535,3.323943662,0.471830986,0.197183099,0.464788732,0.105633803,0.112676056,0.549295775,0.014084507,0.577464789,0.338028169,7.105633803,0.302816901,1.26056338,0.711267606,0.154929577,22.68309859,0.126760563,0.288732394,5409,142,0.137523927,0.934210526,0.724489796,1,41.508,13.66052695,13.5307307,32.97951723,684.556338,75.72535211,0.230769231,1,81,0,0,0,0
930216,87,0.541984733,0.27480916,0.549618321,0.099236641,0.030534351,0.076335878,3.763358779,1.633587786,0.122137405,0.641221374,0.053435115,0.076335878,2.06870229,0.305343511,0.129770992,0.229007634,0.091603053,0.083969466,0.526717557,0,0.511450382,0.27480916,5.41221374,0.259541985,1.267175573,0.633587786,0.114503817,19.98473282,0.122137405,0.236641221,5472,131,0.547561841,0.949275362,0.668367347,1,38.812,14.20352431,11.88501512,55.09650974,531.4122137,76.7480916,0.274509804,1,77,0,0,0,0
930216,88,0.871559633,0.23853211,0.550458716,0.064220183,0.036697248,0.018348624,1.926605505,1.559633028,0.009174312,0.348623853,0.064220183,0.146788991,3.880733945,0.357798165,0.128440367,0.247706422,0.082568807,0.091743119,0.587155963,0.04587156,0.495412844,0.155963303,1.403669725,0.165137615,0.642201835,0.495412844,0.137614679,19.12844037,0.073394495,0.174311927,5535,109,0.713498592,0.939655172,0.707792208,1,35.421,14.17320452,9.930550175,68.25822318,546.8165138,76.6146789,0.217391304,1,77,0,0,0,0
930216,89,0.633333333,0.188888889,0.444444444,0.055555556,0.022222222,0.077777778,4.944444444,1.622222222,0.111111111,0.511111111,0.033333333,0.044444444,3.4,0.4,0.122222222,0.211111111,0.111111111,0.044444444,0.622222222,0.022222222,0.566666667,0.2,2.111111111,0.2,1.477777778,0.8,0.2,21.72222222,0.133333333,0.133333333,5598,90,0.802125804,0.927835052,0.642857143,1,33.362,14.06635132,8.399793207,20.64519055,424.0777778,79.46666667,0.511627907,1,98,0,0,0,0
930216,90,0.636363636,0.311688312,0.61038961,0.168831169,0.077922078,0.077922078,3.597402597,2.532467532,0.051948052,0.558441558,0.090909091,0.090909091,4.012987013,0.61038961,0.103896104,0.545454545,0.142857143,0.064935065,0.480519481,0.012987013,0.649350649,0.168831169,1.948051948,0.363636364,0.571428571,0.831168831,0.155844156,32.02597403,0.116883117,0.298701299,5660,77,0.773439673,0.875,0.583333333,1,32.601,12.90524387,8.180245867,25.57750929,51.71428571,80.55844156,0.615384615,2,75,96,0,0,0
930216,91,0.514285714,0.268571429,0.651428571,0.097142857,0.017142857,0.091428571,3.428571429,1.771428571,0.091428571,0.508571429,0.051428571,0.091428571,1.988571429,0.36,0.331428571,0.342857143,0.051428571,0.062857143,0.474285714,0.011428571,0.554285714,0.251428571,1.508571429,0.257142857,0.908571429,0.811428571,0.177142857,20.84,0.114285714,0.24,5723,175,0.538691943,0.956284153,0.735294118,1,45.618,16.49143886,13.89408363,-14.4739582,469.1485714,80.81142857,0.172413793,1,76,0,0,0,0
930216,92,0.45,0.2125,0.725,0.025,0.0125,0.075,3.9625,1.675,0.125,0.575,0.05,0.125,1.7,0.4,0.0625,0.3,0.0875,0.075,0.4125,0.025,0.475,0.2375,2.2125,0.3125,0.85,0.6875,0.125,21.05,0.125,0.2,5786,80,0.794245178,0.941176471,0.769230769,1,31.17,13.12666788,7.975729242,10.48346544,575.0375,80.4125,0.947368421,2,82,101,0,0,0
930216,93,0.304878049,0.280487805,0.707317073,0.097560976,0.048780488,0.097560976,4.524390244,1.743902439,0.146341463,0.62195122,0.146341463,0.109756098,3.548780488,0.524390244,0.329268293,0.5,0.036585366,0.06097561,0.780487805,0.024390244,0.62195122,0.317073171,2.829268293,0.256097561,1.317073171,1.341463415,0.134146341,21.08536585,0.085365854,0.487804878,5849,82,0.242496156,0.942528736,0.745454545,1,30.798,10.60299402,10.28651974,-67.33229984,121.4878049,81.54878049,0.842105263,3,97,102,103,0,0
930216,94,0.388489209,0.18705036,0.510791367,0.071942446,0.028776978,0.09352518,5.856115108,1.129496403,0.100719424,0.553956835,0.086330935,0.136690647,5.395683453,0.388489209,0.215827338,0.294964029,0.079136691,0.100719424,0.553956835,0.028776978,0.604316547,0.208633094,5.323741007,0.165467626,0.935251799,0.784172662,0.194244604,19.62589928,0.079136691,0.294964029,5912,139,0.828941162,0.926666667,0.584033613,1,43.212,17.9983654,10.06713032,35.12734818,617.0647482,85.3381295,0,0,0,0,0,0,0
930216,95,0.402877698,0.287769784,0.633093525,0.122302158,0.050359712,0.09352518,3.115107914,1.81294964,0.071942446,0.431654676,0.151079137,0.136690647,1.935251799,0.410071942,0.151079137,0.424460432,0.09352518,0.071942446,0.669064748,0.028776978,0.604316547,0.230215827,3.172661871,0.309352518,0.899280576,0.798561151,0.122302158,24.82014388,0.122302158,0.352517986,5975,139,0.64742883,0.952054795,0.709183673,1,40.011,15.36205348,11.70781906,48.75687681,228.5107914,84.6618705,0,0,0,0,0,0,0
930216,96,0.518518519,0.185185185,0.518518519,0.12345679,0.061728395,0.037037037,4.407407407,1.888888889,0.12345679,0.580246914,0,0.086419753,2.358024691,0.691358025,0.283950617,0.432098765,0.135802469,0.074074074,0.283950617,0,0.419753086,0.37037037,1.555555556,0.185185185,1.135802469,1,0.098765432,29.85185185,0.172839506,0.283950617,6038,81,0.712503115,0.941860465,0.675,1,30.55,12.32238049,8.646231742,33.03035035,53.66666667,87.32098765,0.5,1,90,0,0,0,0
930216,97,0.352941176,0.397058824,0.75,0.102941176,0.058823529,0.073529412,3.720588235,1.867647059,0.088235294,0.5,0.029411765,0.176470588,2.838235294,0.441176471,0.161764706,0.294117647,0.029411765,0.058823529,0.470588235,0,0.529411765,0.191176471,2.529411765,0.220588235,1.117647059,0.970588235,0.117647059,20.70588235,0.176470588,0.367647059,6101,68,0.647517016,0.839506173,0.618181818,1,31.443,11.59639641,8.837045384,58.33127319,128.8970588,83.13235294,0.789473684,4,93,100,102,103,0
930216,98,0.381355932,0.220338983,0.601694915,0.084745763,0.025423729,0.076271186,3.813559322,2.033898305,0.110169492,0.525423729,0.06779661,0.050847458,2.389830508,0.449152542,0.152542373,0.449152542,0.110169492,0.076271186,0.559322034,0.025423729,0.525423729,0.262711864,1.974576271,0.237288136,1.381355932,0.779661017,0.169491525,24.63559322,0.13559322,0.313559322,6164,118,0.78402073,0.893939394,0.567307692,1,41.409,16.13238842,10.01393234,21.29732993,428.8135593,85.53389831,0.470588235,1,89,0,0,0,0
930216,99,0.276595745,0.191489362,0.585106383,0.095744681,0.042553191,0.053191489,2.29787234,1.446808511,0.053191489,0.329787234,0.021276596,0.170212766,2.468085106,0.319148936,0.117021277,0.287234043,0.031914894,0.063829787,0.414893617,0.010638298,0.393617021,0.095744681,2.478723404,0.180851064,0.35106383,0.542553191,0.14893617,16.24468085,0.074468085,0.20212766,6226,94,0.638123184,0.949494949,0.723076923,1,32.328,12.55660302,9.667759153,7.623307451,770.9574468,85.85106383,0,0,0,0,0,0,0
930216,100,0.333333333,0.444444444,0.622222222,0.044444444,0.044444444,0.044444444,3.244444444,1.8,0.088888889,0.644444444,0,0.311111111,2.711111111,0.333333333,0.222222222,0.266666667,0.022222222,0.044444444,0.511111111,0,0.955555556,0.311111111,2.022222222,0.466666667,1.155555556,0.733333333,0.155555556,22.53333333,0.2,0.244444444,6289,45,0.549968508,0.97826087,0.803571429,1,21.155,8.417738124,7.03037192,23.44114122,129.6666667,89.73333333,0.923076923,4,97,102,103,110,0
930216,101,0.291970803,0.182481752,0.656934307,0.02919708,0.02919708,0.094890511,2.905109489,1.583941606,0.04379562,0.583941606,0.04379562,0.094890511,2.02919708,0.416058394,0.080291971,0.291970803,0.102189781,0.072992701,0.489051095,0.02189781,0.496350365,0.262773723,9.554744526,0.218978102,0.846715328,0.948905109,0.138686131,19.13868613,0.109489051,0.197080292,6352,137,0.601577442,0.88961039,0.652380952,1,44.692,15.23105397,12.16678653,30.97405745,573.3357664,89.61313869,0.321428571,1,92,0,0,0,0
930216,102,0.296296296,0.287037037,0.416666667,0.027777778,0.046296296,0.083333333,1.509259259,1.907407407,0.046296296,0.462962963,0.064814815,0.064814815,2.546296296,0.342592593,0.074074074,0.231481481,0.083333333,0.074074074,0.5,0,0.657407407,0.259259259,7.388888889,0.296296296,0.611111111,0.638888889,0.101851852,19.27777778,0.166666667,0.185185185,6415,108,0.734648872,0.84375,0.514285714,1,40.764,15.03227192,10.19860758,-54.14451695,115.7962963,87.03703704,0.62745098,4,93,97,100,103,0
930216,103,0.409090909,0.424242424,0.787878788,0.045454545,0.015151515,0.060606061,3.984848485,1.5,0.060606061,0.378787879,0.03030303,0.303030303,2.424242424,0.333333333,0.151515152,0.272727273,0.03030303,0.075757576,0.636363636,0,0.636363636,0.242424242,2.863636364,0.303030303,1.409090909,0.606060606,0.075757576,23.45454545,0.121212121,0.318181818,6478,66,0.528868992,0.891891892,0.55,1,29.988,10.42943511,8.851497823,25.09101476,123.2575758,93.89393939,0.921052632,5,93,97,100,102,110
930216,104,0.344086022,0.161290323,0.903225806,0.096774194,0.053763441,0.043010753,2.053763441,1.709677419,0.021505376,0.225806452,0.053763441,0.107526882,2.193548387,0.279569892,0.096774194,0.258064516,0.032258065,0.032258065,0.559139785,0.021505376,0.344086022,0.215053763,2.634408602,0.182795699,0.35483871,0.655913978,0.107526882,21.02150538,0.129032258,0.247311828,6541,93,0.633735556,0.958762887,0.715384615,1,32.047,12.43966013,9.622696221,19.89033887,491.8494624,92.60215054,0,0,0,0,0,0,0
930216,105,0.2625,0.3,0.8875,0.075,0.05,0.05,2.2,2.1375,0.025,0.5375,0.0625,0.0875,2.05,0.4125,0.2375,0.225,0.1,0.075,0.475,0,0.5,0.2625,5.4875,0.2125,0.425,0.6625,0.1125,20.425,0.1375,0.175,6604,80,0.792522228,0.869565217,0.559440559,1,33.635,13.64163342,8.319255033,26.01355015,463.2125,94.55,0.5,1,111,0,0,0,0
930216,106,0.417218543,0.271523179,0.80794702,0.059602649,0.039735099,0.105960265,5.092715232,1.774834437,0.105960265,1.013245033,0.092715232,0.092715232,2.801324503,0.437086093,0.344370861,0.331125828,0.092715232,0.079470199,0.80794702,0.026490066,0.913907285,0.430463576,7.105960265,0.251655629,1.609271523,1.072847682,0.145695364,20.91390728,0.152317881,0.337748344,6667,151,0.674268003,0.920731707,0.634453782,1,45.089,16.53852142,12.21347872,71.87680081,687.2847682,96.37086093,0,0,0,0,0,0,0
930216,107,0.411764706,0.352941176,0.539215686,0.098039216,0.029411765,0.107843137,4.598039216,1.588235294,0.049019608,0.31372549,0.039215686,0.049019608,2.303921569,0.431372549,0.323529412,0.284313725,0.088235294,0.088235294,0.411764706,0.009803922,0.617647059,0.362745098,13.78431373,0.205882353,1.578431373,0.637254902,0.12745098,17.73529412,0.088235294,0.303921569,6730,102,0.838077963,0.910714286,0.56043956,1,37.96,16.05320948,8.75783616,44.22516491,743.0980392,95.7745098,0.4,1,108,0,0,0,0
930216,108,0.493975904,0.385542169,1.120481928,0.108433735,0.012048193,0.108433735,4.228915663,2.373493976,0.036144578,0.590361446,0.060240964,0.204819277,2.78313253,0.518072289,0.108433735,0.56626506,0.048192771,0.060240964,0.530120482,0.036144578,0.771084337,0.277108434,2.096385542,0.361445783,0.855421687,0.674698795,0.204819277,23.01204819,0.192771084,0.168674699,6792,83,0.695309949,0.873684211,0.685950413,1,33.643,12.5100468,8.991095832,44.7766326,751.3253012,96.63855422,0.5,1,107,0,0,0,0
930216,109,0.481203008,0.315789474,0.669172932,0.105263158,0.067669173,0.060150376,3.330827068,2,0.015037594,0.601503759,0.090225564,0.157894737,2.060150376,0.496240602,0.135338346,0.323308271,0.07518797,0.030075188,0.481203008,0.015037594,0.556390977,0.37593985,11.60902256,0.345864662,1.62406015,0.842105263,0.157894737,26.16541353,0.15037594,0.308270677,6855,133,0.519254272,0.97080292,0.730769231,1,38.779,14.17072724,12.11058407,40.70726066,353.2781955,98.20300752,0.285714286,1,123,0,0,0,0
930216,110,0.386792453,0.264150943,0.537735849,0.028301887,0.037735849,0.150943396,3.018867925,1.867924528,0.056603774,0.41509434,0.066037736,0.08490566,2.58490566,0.462264151,0.198113208,0.245283019,0.094339623,0.094339623,0.424528302,0.009433962,0.367924528,0.396226415,9.556603774,0.283018868,0.735849057,0.556603774,0.150943396,20.29245283,0.150943396,0.150943396,6918,106,0.776700251,0.963636364,0.679487179,1,35.322,14.7329753,9.279865048,50.77160248,128.8867925,100.0849057,0.52173913,3,100,103,128,0,0
930216,111,0.252873563,0.126436782,0.908045977,0.08045977,0.057471264,0.057471264,1.620689655,2.114942529,0.068965517,0.471264368,0.091954023,0.103448276,2.275862069,0.356321839,0.103448276,0.195402299,0.011494253,0.045977011,0.482758621,0.011494253,0.390804598,0.126436782,2.701149425,0.252873563,0.32183908,0.816091954,0.16091954,18.83908046,0.137931034,0.275862069,6981,87,0.630128959,0.887755102,0.604166667,1,33.635,12.30856698,9.557485324,47.05543189,466.908046,100.6091954,0.5,1,105,0,0,0,0
930216,112,0.225,0.2375,0.675,0.075,0.05,0.1125,2.95,1.1875,0.075,0.3375,0.0375,0.0875,2.575,0.2625,0.1125,0.2625,0.075,0.0625,0.575,0,0.45,0.0875,1.1125,0.2125,0.7625,0.7,0.1,18.0375,0.1125,0.125,7044,80,0.520253464,0.963855422,0.727272727,1,29.971,11.11223919,9.489984555,37.11796149,627.5375,98.6375,0.378378378,1,113,0,0,0,0
930216,113,0.448717949,0.115384615,0.435897436,0.064102564,0.025641026,0.102564103,3.525641026,0.782051282,0.051282051,0.217948718,0.025641026,0.025641026,1.243589744,0.282051282,0.115384615,0.294871795,0.025641026,0.012820513,0.41025641,0,0.474358974,0.435897436,3.461538462,0.128205128,1.294871795,0.615384615,0.102564103,12.84615385,0.166666667,0.166666667,7107,78,0.511953917,0.917647059,0.709090909,1,29.88,10.93658063,9.394664001,-44.74044568,636.2564103,100.1794872,0.72972973,2,112,124,0,0,0
930216,114,0.3125,0.196428571,0.4375,0.098214286,0.044642857,0.053571429,4.589285714,1.732142857,0.125,0.419642857,0.026785714,0.071428571,2.276785714,0.419642857,0.098214286,0.303571429,0.026785714,0.008928571,0.419642857,0.008928571,0.455357143,0.294642857,7.982142857,0.196428571,0.767857143,0.651785714,0.116071429,19.89285714,0.178571429,0.285714286,7170,112,0.838637566,0.861538462,0.598930481,1,40.466,16.76139171,9.12975994,7.041444858,779.6160714,99.59821429,0.4,2,121,130,0,0,0
930216,115,0.446808511,0.319148936,0.670212766,0.053191489,0.053191489,0.095744681,3.521276596,1.712765957,0.063829787,0.563829787,0.085106383,0.127659574,4.063829787,0.521276596,0.106382979,0.393617021,0.053191489,0.042553191,0.712765957,0.063829787,0.510638298,0.20212766,1.70212766,0.223404255,1.265957447,0.734042553,0.138297872,21.59574468,0.106382979,0.180851064,7233,94,0.531258152,0.903846154,0.55952381,1,35.521,12.33327572,10.44887447,-19.39406587,29,100.4680851,0.688888889,2,117,118,0,0,0
930216,116,0.507042254,0.183098592,0.492957746,0.070422535,0.112676056,0.042253521,4.070422535,1.830985915,0.084507042,0.478873239,0.028169014,0.056338028,10.98591549,0.225352113,0.098591549,0.225352113,0.042253521,0.042253521,0.647887324,0.056338028,0.563380282,0.338028169,1.633802817,0.225352113,0.746478873,0.830985915,0.183098592,21.94366197,0.070422535,0.197183099,7296,71,0.642081266,0.922077922,0.717171717,1,28.474,11.07171136,8.487978944,-10.97554511,9.267605634,101.2676056,0,0,0,0,0,0,0
930216,117,0.337078652,0.202247191,0.730337079,0.123595506,0.033707865,0.101123596,2.696629213,1.865168539,0.06741573,0.449438202,0.101123596,0.06741573,4.247191011,0.370786517,0.123595506,0.258426966,0.06741573,0.112359551,0.539325843,0.011235955,0.528089888,0.134831461,1.235955056,0.202247191,0.640449438,0.853932584,0.078651685,20.96629213,0.123595506,0.235955056,7359,89,0.540746082,0.927083333,0.674242424,1,32.047,11.71374567,9.853437397,-47.08740595,40.46067416,101.7977528,0.225,1,115,0,0,0,0
930216,118,0.62962963,0.209876543,0.728395062,0.012345679,0.049382716,0.061728395,3.012345679,2.419753086,0.098765432,0.37037037,0.086419753,0.098765432,3.49382716,0.567901235,0.172839506,0.395061728,0.074074074,0.086419753,0.703703704,0.012345679,0.456790123,0.333333333,1.716049383,0.271604938,0.888888889,0.975308642,0.135802469,25.01234568,0.160493827,0.333333333,7421,81,0.754617319,0.975903614,0.613636364,1,31.394,12.79002978,8.392371778,-46.38348888,22.51851852,104.9876543,0.707317073,2,115,139,0,0,0
930216,119,0.411764706,0.218487395,0.789915966,0.058823529,0.016806723,0.075630252,2.991596639,2.033613445,0.075630252,0.554621849,0.050420168,0.100840336,4.058823529,0.428571429,0.201680672,0.420168067,0.117647059,0.067226891,0.731092437,0.008403361,0.588235294,0.210084034,1.336134454,0.226890756,0.504201681,0.81512605,0.176470588,21.44537815,0.092436975,0.201680672,7484,119,0.584172693,0.952,0.704142012,1,36.182,13.75171621,11.16129703,38.00207151,285.1680672,103.1932773,0,0,0,0,0,0,0
930216,120,0.361344538,0.210084034,0.924369748,0.142857143,0.033613445,0.058823529,2.445378151,1.915966387,0.050420168,0.546218487,0.058823529,0.058823529,2.840336134,0.319327731,0.378151261,0.361344538,0.042016807,0.042016807,0.478991597,0,0.470588235,0.260504202,2.823529412,0.159663866,0.56302521,0.840336134,0.109243697,22.17647059,0.134453782,0.226890756,7547,119,0.331165908,0.959677419,0.704142012,1,36.364,12.76451116,12.04424224,-30.8618906,145.2605042,103.9831933,0,0,0,0,0,0,0
930216,121,0.411764706,0.270588235,0.423529412,0.070588235,0.023529412,0.058823529,4.188235294,2.282352941,0.094117647,0.552941176,0.070588235,0.211764706,2.517647059,0.4,0.152941176,0.376470588,0.035294118,0.047058824,0.576470588,0.011764706,0.482352941,0.164705882,2.905882353,0.282352941,0.764705882,0.729411765,0.129411765,20.09411765,0.164705882,0.294117647,7610,85,0.625831135,0.95505618,0.726495726,1,31.187,11.90242547,9.283398898,5.324436955,782.1882353,106.7647059,0.868421053,3,114,130,135,0,0
930216,122,0.244680851,0.553191489,0.861702128,0.042553191,0.053191489,0.106382979,1.957446809,1.585106383,0.095744681,0.436170213,0.138297872,0.127659574,2.946808511,0.244680851,1.063829787,0.372340426,0.085106383,0.138297872,0.957446809,0.010638298,0.765957447,0.563829787,18.34042553,0.393617021,0.776595745,0.765957447,0.223404255,18.17021277,0.106382979,0.329787234,7673,94,0.622199447,0.959183673,0.652777778,1,32.072,12.45815692,9.75297736,45,240.5,106.5,0,0,0,0,0,0,0
930216,123,0.415584416,0.311688312,0.519480519,0.051948052,0.012987013,0.064935065,3.233766234,1.363636364,0.025974026,0.467532468,0.038961039,0.155844156,4.805194805,0.506493506,0.12987013,0.25974026,0.038961039,0.077922078,0.480519481,0.012987013,0.623376623,0.194805195,1.064935065,0.337662338,0.584415584,0.649350649,0.064935065,21.5974026,0.142857143,0.298701299,7736,77,0.643808112,0.9625,0.712962963,1,29.69,11.55265719,8.83994287,-0.860994945,345.3636364,105.7142857,0.789473684,2,109,127,0,0,0
930216,124,0.427419355,0.274193548,0.725806452,0.080645161,0.056451613,0.112903226,3.862903226,2.161290323,0.096774194,0.411290323,0.096774194,0.129032258,4.322580645,0.419354839,0.161290323,0.419354839,0.064516129,0.096774194,0.612903226,0.008064516,0.451612903,0.282258065,2.508064516,0.35483871,1.241935484,0.741935484,0.112903226,22.64516129,0.129032258,0.330645161,7799,124,0.601750081,0.953846154,0.733727811,1,37.29,14.14112242,11.29429449,47.54428738,643.983871,107.2580645,0.291666667,1,113,0,0,0,0
930216,125,0.381944444,0.194444444,0.694444444,0.090277778,0.048611111,0.041666667,3.770833333,2.194444444,0.069444444,0.625,0.083333333,0.138888889,4.125,0.513888889,0.166666667,0.395833333,0.027777778,0.076388889,0.569444444,0.006944444,0.493055556,0.215277778,2.479166667,0.305555556,0.8125,0.833333333,0.222222222,27.90972222,0.166666667,0.354166667,7862,144,0.628299655,0.953642384,0.738461538,1,41.483,15.48990548,12.05070389,36.73760091,52.0625,110.5138889,0.288461538,1,140,0,0,0,0
930216,126,0.184210526,0.092105263,0.118421053,0,0.105263158,0.039473684,2.236842105,0.828947368,0.052631579,0.631578947,0.039473684,0,2.184210526,0.513157895,0.171052632,0.210526316,0.131578947,0.394736842,0.157894737,0,0.736842105,0.855263158,0.763157895,0.421052632,1.223684211,0.802631579,0.105263158,9.368421053,0.078947368,0.144736842,7925,76,0.526389132,0.95,0.628099174,1,29.806,10.85226348,9.227069493,66.86715247,493,110.8947368,0.5,2,129,138,0,0,0
930216,127,0.535211268,0.169014085,0.697183099,0.070422535,0.035211268,0.112676056,4.274647887,1.781690141,0.077464789,0.591549296,0.056338028,0.098591549,8.464788732,0.345070423,0.584507042,0.485915493,0.042253521,0.063380282,0.725352113,0.021126761,0.464788732,0.232394366,5.507042254,0.211267606,1.176056338,1,0.154929577,28.6056338,0.169014085,0.274647887,7987,142,0.699678372,0.904458599,0.633928571,1,43.741,16.42516235,11.73508797,29.11793936,344.1197183,114.6056338,0.472727273,2,123,147,0,0,0
930216,128,0.480769231,0.182692308,0.5,0.125,0.038461538,0.086538462,3.836538462,1.586538462,0.115384615,0.596153846,0.057692308,0.125,6.923076923,0.519230769,0.067307692,0.432692308,0.038461538,0.096153846,0.548076923,0.009615385,0.634615385,0.278846154,1.057692308,0.211538462,1.019230769,0.836538462,0.173076923,22.70192308,0.144230769,0.278846154,8050,104,0.310672362,0.95412844,0.722222222,1,33.916,11.88158204,11.29364644,-61.95631227,125.9807692,113.875,0.139534884,1,110,0,0,0,0
930216,130,0.275862069,0.24137931,0.701149425,0.103448276,0,0.057471264,2.563218391,1.448275862,0.022988506,0.356321839,0.045977011,0.091954023,1.804597701,0.367816092,0.137931034,0.08045977,0.057471264,0.08045977,0.310344828,0.034482759,0.344827586,0.344827586,13.51724138,0.24137931,0.620689655,0.632183908,0.045977011,16.1954023,0.091954023,0.218390805,8176,87,0.554670064,0.966666667,0.669230769,1,32.8,11.7936632,9.813157843,89.0346745,774.9195402,113.0114943,0.642857143,4,114,121,135,146,0
930216,131,0.206521739,0.239130435,0.847826087,0.097826087,0.032608696,0.108695652,2.413043478,1.804347826,0.02173913,0.47826087,0.065217391,0.086956522,3.097826087,0.315217391,0.173913043,0.347826087,0.065217391,0.065217391,0.47826087,0.02173913,0.347826087,0.22826087,7.597826087,0.217391304,0.619565217,0.836956522,0.119565217,16.61956522,0.130434783,0.293478261,8239,92,0.521467053,0.958333333,0.696969697,1,32.047,11.83962949,10.10241745,66.78867204,711.826087,114.4130435,0.452380952,1,143,0,0,0,0
930216,132,0.363636364,0.136363636,0.560606061,0.136363636,0.03030303,0.015151515,5.151515152,1.272727273,0.106060606,0.303030303,0.03030303,0.121212121,3.590909091,0.560606061,0.106060606,0.378787879,0.045454545,0,0.272727273,0.060606061,0.484848485,0.166666667,2.818181818,0.257575758,0.772727273,0.621212121,0.136363636,22.83333333,0.045454545,0.212121212,8302,66,0.68028832,0.904109589,0.611111111,1,29.599,10.9512247,8.02664112,75.28652584,620.2121212,115.8030303,0.828571429,2,134,150,0,0,0
930216,133,0.5625,0.2265625,0.71875,0.09375,0.03125,0.09375,3.75,2.296875,0.0390625,0.484375,0.0390625,0.0703125,2.4765625,0.5,0.0625,0.453125,0.046875,0.0625,0.53125,0,0.6015625,0.2109375,2.7265625,0.2109375,1.0859375,1.0390625,0.1796875,25.9375,0.1328125,0.3125,8365,128,0.577855886,0.962406015,0.653061224,1,38.349,14.23143948,11.61483024,39.67101197,424.3046875,118.5859375,0.137254902,1,145,0,0,0,0
930216,134,0.392857143,0.273809524,0.428571429,0.130952381,0.035714286,0.047619048,3.869047619,1.202380952,0.023809524,0.476190476,0.047619048,0.071428571,3.047619048,0.333333333,0.226190476,0.345238095,0.083333333,0.023809524,0.428571429,0.011904762,0.404761905,0.202380952,1.107142857,0.142857143,0.642857143,0.535714286,0.142857143,18.42857143,0.107142857,0.19047619,8428,84,0.743820725,0.875,0.6,1,36.174,13.65750227,9.128390171,-83.08569332,613.8214286,117.9166667,0.595744681,2,132,150,0,0,0
930216,135,0.653333333,0.226666667,0.56,0.04,0.013333333,0.04,3.613333333,2.053333333,0.093333333,0.453333333,0.026666667,0.066666667,3.293333333,0.346666667,0.093333333,0.253333333,0.08,0.026666667,0.573333333,0.013333333,0.453333333,0.293333333,8.653333333,0.24,0.466666667,0.693333333,0.093333333,21.97333333,0.133333333,0.146666667,8491,75,0.666946127,0.892857143,0.619834711,1,31.187,11.71435105,8.728432566,62.58044012,782.6266667,116.68,0.769230769,3,121,130,146,0,0
930216,136,0.386792453,0.188679245,0.641509434,0.037735849,0.028301887,0.075471698,3.349056604,1.783018868,0.075471698,0.641509434,0.037735849,0.132075472,2.773584906,0.320754717,0.132075472,0.339622642,0.056603774,0.037735849,0.622641509,0,0.481132075,0.216981132,9.566037736,0.339622642,0.754716981,0.518867925,0.113207547,22.45283019,0.188679245,0.179245283,8554,106,0.680587302,0.954954955,0.679487179,1,35.049,13.69307095,10.03246114,62.54611146,82.83962264,120.0943396,0.311111111,1,137,0,0,0,0
930216,137,0.539033457,0.126394052,0.464684015,0.048327138,0.026022305,0.104089219,3.29739777,2.022304833,0.063197026,0.486988848,0.029739777,0.063197026,3.397769517,0.416356877,0.152416357,0.267657993,0.085501859,0.159851301,0.542750929,0,0.472118959,0.275092937,2.074349442,0.312267658,1.453531599,0.843866171,0.141263941,20.76579926,0.096654275,0.17472119,8616,269,0.251171641,0.940559441,0.6725,1,59.289,19.24829604,18.63124502,18.77415049,97.91078067,120.6356877,0.36,2,136,158,0,0,0
930216,139,0.5,0.303797468,0.512658228,0.088607595,0.050632911,0.069620253,2.462025316,1.85443038,0.107594937,0.506329114,0.069620253,0.126582278,2.841772152,0.35443038,0.126582278,0.240506329,0.044303797,0.088607595,0.575949367,0.012658228,0.474683544,0.443037975,19.74050633,0.284810127,0.734177215,0.601265823,0.183544304,20.38607595,0.094936709,0.221518987,8742,158,0.553138941,0.94047619,0.658333333,1,43.493,15.7021879,13.08132029,56.97719157,22.02531646,118.8481013,0.125,1,118,0,0,0,0
930216,140,0.597826087,0.097826087,0.532608696,0.02173913,0.010869565,0.054347826,2.934782609,1.989130435,0.097826087,0.565217391,0.065217391,0.076086957,8.543478261,0.336956522,0.217391304,0.293478261,0.032608696,0.043478261,0.630434783,0,0.456521739,0.195652174,3.489130435,0.260869565,0.934782609,0.826086957,0.097826087,28.25,0.141304348,0.22826087,8805,92,0.673104125,0.968421053,0.707692308,1,33.246,12.86200351,9.512065429,15.44693488,49.01086957,120.6413043,0.390243902,1,125,0,0,0,0
930216,141,0.263157895,0.294736842,0.578947368,0.063157895,0.063157895,0.052631579,3.4,1.663157895,0.063157895,0.368421053,0.042105263,0.242105263,1.810526316,0.410526316,0.084210526,0.157894737,0.063157895,0.073684211,0.473684211,0.010526316,0.484210526,0.284210526,3,0.147368421,1.105263158,0.673684211,0.126315789,19.92631579,0.115789474,0.252631579,8868,95,0.083660421,0.95959596,0.785123967,1,31.658,11.07232998,11.03351396,90,267.2315789,121,0,0,0,0,0,0,0
930216,142,0.445,0.335,0.705,0.09,0.055,0.09,3.745,2.18,0.065,0.495,0.06,0.13,2.885,0.4,0.685,0.43,0.07,0.155,0.8,0.02,0.63,0.385,15.4,0.31,1.09,0.975,0.125,25.185,0.2,0.34,8931,200,0.602798011,0.858369099,0.653594771,1,55.253,18.60927084,14.84822231,78.12632634,384.605,119.915,0.611940299,2,148,151,0,0,0
930216,143,0.25,0.21875,0.916666667,0.15625,0.083333333,0.114583333,3.979166667,2.166666667,0.072916667,0.520833333,0.041666667,0.09375,3.416666667,0.364583333,0.135416667,0.28125,0.041666667,0.072916667,0.65625,0.010416667,0.458333333,0.28125,1.59375,0.34375,1.25,0.875,0.114583333,20.97916667,0.15625,0.354166667,8994,96,0.831597282,0.880733945,0.571428571,1,36.827,15.40529093,8.555776823,51.71368432,715.8645833,121.46875,0.446808511,1,131,0,0,0,0
930216,144,0.362903226,0.314516129,0.629032258,0.072580645,0.064516129,0.080645161,4.072580645,1.903225806,0.040322581,0.483870968,0.096774194,0.040322581,2.185483871,0.25,0.298387097,0.379032258,0.056451613,0.080645161,0.580645161,0.016129032,0.419354839,0.266129032,8.943548387,0.266129032,1.169354839,0.685483871,0.096774194,18.88709677,0.161290323,0.241935484,9057,124,0.514300818,0.946564885,0.681318681,1,37.679,13.65970566,11.71469823,66.79691057,761.0564516,120.0725806,0.244897959,1,152,0,0,0,0
930216,145,0.436893204,0.165048544,0.621359223,0.048543689,0.048543689,0.116504854,5.32038835,2.174757282,0.106796117,0.572815534,0.038834951,0.126213592,3.019417476,0.398058252,0.203883495,0.310679612,0.087378641,0.067961165,0.514563107,0,0.572815534,0.339805825,8.669902913,0.281553398,1.252427184,0.932038835,0.203883495,22.94174757,0.13592233,0.194174757,9120,103,0.740730389,0.936363636,0.66025641,1,35.049,14.11474499,9.48231983,46.63801748,410.631068,122.8349515,0.155555556,1,133,0,0,0,0
930216,146,0.456140351,0.175438596,0.438596491,0.070175439,0.035087719,0.070175439,3.719298246,2.298245614,0.105263158,0.421052632,0.087719298,0.087719298,2.964912281,0.315789474,0.210526316,0.298245614,0.070175439,0,0.456140351,0.052631579,0.666666667,0.421052632,14.57894737,0.298245614,0.561403509,0.50877193,0.105263158,22.47368421,0.140350877,0.333333333,9182,57,0.878668762,0.876923077,0.59375,1,28.011,12.78309966,6.103059394,-24.06324726,778.3333333,122.6666667,1,3,130,135,154,0,0
930216,147,0.25,0.177083333,0.520833333,0.052083333,0.020833333,0.072916667,2.854166667,1.40625,0.03125,0.291666667,0.010416667,0.052083333,2.145833333,0.34375,0.21875,0.208333333,0.020833333,0.072916667,0.46875,0.010416667,0.34375,0.21875,4.635416667,0.25,0.614583333,0.583333333,0.145833333,14.44791667,0.072916667,0.125,9245,96,0.506943491,0.95049505,0.671328671,1,32.998,12.03886242,10.37725009,8.485195485,353.9479167,122.6770833,0.162790698,1,127,0,0,0,0
930216,148,0.324675325,0.272727273,0.701298701,0.064935065,0.064935065,0.077922078,2.363636364,2.311688312,0.116883117,0.506493506,0.077922078,0.051948052,4.233766234,0.363636364,0.077922078,0.337662338,0.038961039,0.116883117,0.61038961,0.077922078,0.493506494,0.25974026,2.493506494,0.272727273,0.701298701,1.012987013,0.207792208,26.36363636,0.168831169,0.402597403,9308,77,0.56217716,0.987179487,0.777777778,1,28.747,11.00195234,9.098799772,-75.01375848,375.3896104,123.2337662,0.555555556,1,142,0,0,0,0
930216,149,0.596153846,0.298076923,0.951923077,0.057692308,0.019230769,0.115384615,3.836538462,2.115384615,0.096153846,0.538461538,0.115384615,0.105769231,3.067307692,0.471153846,0.086538462,0.413461538,0.134615385,0.048076923,0.769230769,0.028846154,0.490384615,0.394230769,14.69230769,0.384615385,1.038461538,0.865384615,0.182692308,26.80769231,0.153846154,0.307692308,9371,104,0.745588653,0.95412844,0.666666667,1,34.859,14.1940362,9.458997321,42.01480753,502.7980769,123.9038462,0.488888889,2,129,138,0,0,0
930216,150,0.440677966,0.262711864,0.466101695,0.076271186,0.059322034,0.093220339,4.889830508,1.838983051,0.084745763,0.423728814,0.025423729,0.050847458,2.36440678,0.838983051,0.194915254,0.372881356,0.076271186,0.042372881,0.372881356,0.008474576,0.355932203,0.415254237,6.050847458,0.296610169,1.279661017,0.872881356,0.118644068,25.27966102,0.144067797,0.237288136,9434,118,0.804006518,0.921875,0.605128205,1,39.358,16.15067001,9.603519195,50.87856992,622.5254237,124.5762712,0.529411765,3,132,134,159,0,0
930216,151,0.453488372,0.26744186,0.686046512,0.093023256,0.046511628,0.11627907,4.441860465,2.26744186,0.11627907,0.76744186,0.058139535,0.058139535,3.162790698,0.441860465,0.069767442,0.348837209,0.081395349,0.034883721,0.593023256,0,0.604651163,0.395348837,10.88372093,0.430232558,1.244186047,0.872093023,0.174418605,24.47674419,0.23255814,0.360465116,9497,86,0.782234791,0.895833333,0.558441558,1,35.132,13.91971026,8.671753059,26.83938638,394.1744186,124.5813953,0.813953488,2,142,157,0,0,0
930216,152,0.405172414,0.336206897,0.465517241,0.060344828,0.043103448,0.103448276,3.525862069,1.646551724,0.077586207,0.620689655,0.060344828,0.060344828,2.310344828,0.284482759,0.103448276,0.284482759,0.077586207,0.034482759,0.482758621,0.025862069,0.560344828,0.275862069,11.78448276,0.301724138,1.25862069,0.612068966,0.129310345,16.11206897,0.103448276,0.172413793,9560,116,0.679911911,0.935483871,0.69047619,1,37.1,14.29798908,10.48462671,29.2328973,750.8706897,128.2672414,0.239130435,1,144,0,0,0,0
930216,153,0.17,0.32,0.63,0.06,0.04,0.01,1.95,1.79,0.07,0.35,0.05,0.04,2.37,0.32,0.08,0.2,0.06,0.04,0.45,0.01,0.51,0.39,16.82,0.29,0.34,0.65,0.14,17.76,0.14,0.28,9623,100,0.458597375,0.952380952,0.694444444,1,33.089,12.04427266,10.70307259,31.93785912,296.52,127.3,0,0,0,0,0,0,0
930216,154,0.41025641,0.346153846,0.820512821,0.025641026,0.025641026,0.012820513,2.756410256,1.923076923,0.051282051,0.384615385,0,0.025641026,4.153846154,0.448717949,0.115384615,0.41025641,0.115384615,0.025641026,0.474358974,0.012820513,0.487179487,0.320512821,1.230769231,0.282051282,0.576923077,0.512820513,0.153846154,19.52564103,0.166666667,0.256410256,9686,78,0.720629263,0.939759036,0.722222222,1,29.698,12.12567747,8.406982078,-16.5106101,775.3717949,128.1923077,0.473684211,1,146,0,0,0,0
930216,155,0.405228758,0.163398693,0.477124183,0.071895425,0.026143791,0.098039216,2.575163399,2.039215686,0.111111111,0.535947712,0.045751634,0.104575163,3.130718954,0.385620915,0.274509804,0.274509804,0.091503268,0.058823529,0.444444444,0.006535948,0.450980392,0.176470588,2.980392157,0.254901961,0.640522876,0.588235294,0.14379085,19.22222222,0.124183007,0.215686275,9748,153,0.662159015,0.932926829,0.68,1,43.377,16.45445083,12.33036249,49.79954959,578.2418301,128.2875817,0,0,0,0,0,0,0
930216,156,0.280701754,0.263157895,0.973684211,0.052631579,0.078947368,0.061403509,3.412280702,1.780701754,0.052631579,0.350877193,0.043859649,0.070175439,2.807017544,0.359649123,0.122807018,0.315789474,0.061403509,0.061403509,0.48245614,0.00877193,0.412280702,0.289473684,7.5,0.228070175,0.657894737,0.526315789,0.140350877,20.35964912,0.114035088,0.210526316,9811,114,0.427961019,0.974358974,0.730769231,1,35.595,12.74969927,11.52314241,40.07602771,600.377193,129.5,0.333333333,1,159,0,0,0,0
930216,157,0.451923077,0.307692308,0.682692308,0.086538462,0.038461538,0.086538462,4.192307692,1.759615385,0.057692308,0.615384615,0.048076923,0.048076923,3.221153846,0.442307692,0.211538462,0.278846154,0.038461538,0.057692308,0.461538462,0.019230769,0.528846154,0.346153846,9.115384615,0.413461538,1.451923077,1.009615385,0.144230769,24.5,0.125,0.384615385,9874,104,0.717619521,0.920353982,0.666666667,1,35.694,13.95503611,9.718780729,28.31963172,396.7692308,131.7403846,0.444444444,1,151,0,0,0,0
930216,158,0.425,0.175,0.666666667,0.125,0.025,0.116666667,2.958333333,1.55,0.075,0.433333333,0.1,0.1,8.658333333,0.541666667,0.166666667,0.266666667,0.025,0.075,0.341666667,0.033333333,0.508333333,0.358333333,1.525,0.133333333,3.916666667,0.816666667,0.125,24.15833333,0.166666667,0.241666667,9937,120,0.577126305,0.96,0.779220779,1,36.339,13.75834173,11.23581721,-12.76861596,101.3916667,134.725,0.260869565,1,137,0,0,0,0
930216,159,0.418181818,0.290909091,0.709090909,0.063636364,0.054545455,0.118181818,5.372727273,2.045454545,0.072727273,0.427272727,0.054545455,0.063636364,2.145454545,0.390909091,0.1,0.336363636,0.081818182,0.063636364,0.509090909,0.009090909,0.609090909,0.272727273,12.92727273,0.354545455,1.263636364,1,0.190909091,19.16363636,0.118181818,0.227272727,10000,110,0.455575775,0.956521739,0.769230769,1,34.834,12.62970772,11.24292803,1.240750528,610.5363636,133.9818182,0.704545455,3,150,156,171,0,0
930216,160,0.510067114,0.315436242,0.577181208,0.127516779,0.026845638,0.040268456,4.275167785,1.89261745,0.11409396,0.55704698,0.060402685,0.040268456,3.228187919,0.348993289,0.44295302,0.44966443,0.073825503,0.093959732,0.597315436,0.020134228,0.530201342,0.268456376,4.577181208,0.241610738,1.416107383,0.765100671,0.161073826,21.98657718,0.22147651,0.214765101,10063,149,0.567250082,0.919753086,0.716346154,1,42.459,15.41416816,12.69427027,83.34671053,454.6912752,137.4362416,0,0,0,0,0,0,0
930216,161,0.252173913,0.260869565,1.086956522,0.113043478,0.017391304,0.052173913,2.365217391,1.617391304,0.017391304,0.304347826,0.060869565,0.052173913,2.565217391,0.286956522,0.07826087,0.365217391,0.060869565,0.026086957,0.460869565,0.017391304,0.469565217,0.269565217,3.12173913,0.147826087,0.443478261,0.643478261,0.095652174,20.00869565,0.086956522,0.286956522,10126,115,0.660754087,0.93495935,0.746753247,1,36.893,14.17945772,10.64313569,5.031573899,360.6347826,136.3304348,0.391304348,3,165,167,173,0,0
930216,162,0.438848921,0.215827338,0.798561151,0.136690647,0.035971223,0.151079137,3.086330935,2.208633094,0.107913669,0.697841727,0.09352518,0.086330935,4.553956835,0.417266187,0.136690647,0.366906475,0.071942446,0.028776978,0.762589928,0.050359712,0.755395683,0.309352518,1.798561151,0.309352518,1.136690647,0.726618705,0.201438849,21.85611511,0.151079137,0.309352518,10189,139,0.752743409,0.945578231,0.661904762,1,41.508,16.57344745,10.91053295,47.88820919,38.10071942,144.2589928,0,0,0,0,0,0,0
930216,163,0.528571429,0.171428571,0.514285714,0.085714286,0.085714286,0.057142857,4.728571429,1.857142857,0.042857143,0.485714286,0.085714286,0.085714286,6.057142857,0.342857143,0.242857143,0.285714286,0.057142857,0.042857143,0.5,0.014285714,0.428571429,0.3,2.742857143,0.228571429,1.271428571,0.6,0.2,26.85714286,0.1,0.2,10252,70,0.685054615,0.909090909,0.648148148,1,29.69,11.41256938,8.313962206,22.21430975,147.6571429,142.6,0.594594595,2,170,172,0,0,0
930216,164,0.454545455,0.281818182,0.490909091,0.118181818,0.045454545,0.063636364,6.763636364,1.472727273,0.090909091,0.409090909,0.063636364,0.154545455,7.090909091,0.327272727,0.172727273,0.354545455,0.027272727,0.109090909,0.463636364,0.018181818,0.445454545,0.290909091,10.28181818,0.272727273,1.290909091,0.854545455,0.172727273,19.92727273,0.063636364,0.2,10315,110,0.587270317,0.956521739,0.705128205,1,35.14,13.23723091,10.7140938,52.96270999,402.4181818,143.5818182,0,0,0,0,0,0,0
930216,165,0.555555556,0.194444444,0.638888889,0.111111111,0.055555556,0.041666667,2.388888889,2,0.069444444,0.375,0.027777778,0.069444444,2.277777778,0.361111111,0.180555556,0.291666667,0.055555556,0.013888889,0.458333333,0.027777778,0.263888889,0.194444444,2.194444444,0.277777778,0.527777778,0.680555556,0.097222222,24.09722222,0.152777778,0.222222222,10377,72,0.759040124,0.911392405,0.75,1,31.261,12.31174736,8.015487354,20.78650072,354.3611111,144.3611111,0.868421053,3,161,167,175,0,0
930216,166,0.490909091,0.490909091,0.672727273,0.1,0.090909091,0.072727273,3.127272727,1.781818182,0.109090909,0.609090909,0.172727273,0.090909091,2.8,0.609090909,0.218181818,0.336363636,0.081818182,0.072727273,0.854545455,0.018181818,0.845454545,0.454545455,14.18181818,0.354545455,0.936363636,1.090909091,0.218181818,20.20909091,0.172727273,0.254545455,10440,110,0.475489589,0.948275862,0.705128205,1,35.049,12.72424829,11.19379286,29.00696154,739.5818182,145.6363636,0,0,0,0,0,0,0
930216,167,0.37254902,0.215686275,0.647058824,0.078431373,0.039215686,0.117647059,2.098039216,2.039215686,0.078431373,0.392156863,0.058823529,0.078431373,2.078431373,0.509803922,0.117647059,0.352941176,0.137254902,0.019607843,0.549019608,0.019607843,0.529411765,0.156862745,3.37254902,0.196078431,0.509803922,0.647058824,0.098039216,24.2745098,0.156862745,0.333333333,10503,51,0.755308821,0.927272727,0.6375,1,24.819,10.25558312,6.721191717,63.12597151,361.9411765,145.627451,1,4,161,165,173,175,0
930216,168,0.443548387,0.290322581,0.774193548,0.129032258,0.032258065,0.072580645,3.741935484,2.177419355,0.080645161,0.540322581,0.040322581,0.161290323,2.39516129,0.5,0.10483871,0.370967742,0.10483871,0.048387097,0.516129032,0.016129032,0.60483871,0.370967742,3.032258065,0.330645161,1.298387097,0.846774194,0.185483871,24.84677419,0.153225806,0.233870968,10566,124,0.568515965,0.96875,0.738095238,1,37.009,13.94099333,11.46886807,73.0151843,128.0564516,147.5725806,0,0,0,0,0,0,0
930216,169,0.342342342,0.126126126,0.684684685,0.045045045,0.072072072,0.108108108,3.279279279,1.54954955,0.135135135,0.324324324,0.036036036,0.09009009,1.765765766,0.324324324,0.171171171,0.171171171,0.054054054,0.045045045,0.369369369,0.036036036,0.486486486,0.315315315,9.387387387,0.189189189,1.027027027,0.711711712,0.117117117,14.51351351,0.09009009,0.315315315,10629,111,0.714379887,0.956896552,0.656804734,1,35.719,14.31299102,10.01563118,43.54971294,217.0540541,147.8648649,0,0,0,0,0,0,0
930216,170,0.442622951,0.360655738,0.639344262,0.114754098,0.016393443,0.049180328,4.229508197,2.62295082,0.114754098,0.68852459,0.06557377,0.131147541,6.770491803,0.360655738,0.196721311,0.62295082,0.163934426,0.081967213,0.68852459,0.049180328,0.803278689,0.508196721,14.75409836,0.459016393,1.196721311,0.770491803,0.06557377,27.01639344,0.098360656,0.344262295,10692,61,0.710405133,0.85915493,0.616161616,1,27.73,10.9346664,7.69574136,25.17144516,151.4590164,148.3770492,0.685714286,2,163,172,0,0,0
930216,171,0.256880734,0.229357798,0.587155963,0.082568807,0.055045872,0.110091743,2.972477064,1.80733945,0.064220183,0.559633028,0.082568807,0.155963303,2.697247706,0.293577982,1.009174312,0.431192661,0.110091743,0.119266055,0.669724771,0.018348624,0.394495413,0.229357798,2.220183486,0.23853211,0.532110092,0.816513761,0.128440367,20.06422018,0.082568807,0.19266055,10755,109,0.315441238,0.923728814,0.644970414,1,37.588,12.43732413,11.80233794,87.68145802,607.3944954,144.9357798,0.574468085,2,159,181,0,0,0
930216,172,0.377358491,0.283018868,0.452830189,0.094339623,0.075471698,0.094339623,4.943396226,1.811320755,0.150943396,0.679245283,0.037735849,0.188679245,8.056603774,0.452830189,0.169811321,0.528301887,0.094339623,0.094339623,0.641509434,0.018867925,0.622641509,0.150943396,4.188679245,0.150943396,1.075471698,0.698113208,0.132075472,31.62264151,0.150943396,0.264150943,10818,53,0.893455241,0.85483871,0.438016529,1,30.079,13.07317557,5.871846067,-41.62649495,143.7358491,149.5283019,1,3,163,170,180,0,0
930216,173,0.458598726,0.369426752,0.76433121,0.063694268,0.050955414,0.108280255,3.50955414,2.044585987,0.076433121,0.464968153,0.063694268,0.140127389,2.853503185,0.286624204,0.152866242,0.515923567,0.089171975,0.057324841,0.611464968,0.025477707,0.566878981,0.343949045,2.108280255,0.312101911,0.942675159,0.700636943,0.178343949,26.15286624,0.140127389,0.25477707,10881,157,0.749266971,0.94011976,0.61328125,1,44.345,17.64562669,11.68613526,46.76683942,369.6496815,148.1273885,0.322033898,3,161,167,175,0,0
930216,174,0.36440678,0.203389831,0.542372881,0.06779661,0.025423729,0.042372881,4.601694915,1.847457627,0.110169492,0.661016949,0.042372881,0.13559322,2.661016949,0.279661017,0.161016949,0.43220339,0.093220339,0.042372881,0.559322034,0.059322034,0.56779661,0.355932203,8.966101695,0.406779661,1.533898305,0.762711864,0.127118644,18.68644068,0.042372881,0.313559322,10943,118,0.600032918,0.944,0.698224852,1,37.1,13.79091708,11.03239317,59.22738229,432,149.7033898,0.239130435,1,185,0,0,0,0
930216,175,0.37037037,0.234567901,0.62962963,0.12345679,0.049382716,0.086419753,1.901234568,1.87654321,0.074074074,0.382716049,0.148148148,0.086419753,2.666666667,0.283950617,0.12345679,0.24691358,0.12345679,0.074074074,0.530864198,0,0.530864198,0.234567901,1.740740741,0.222222222,0.654320988,0.950617284,0.148148148,26.79012346,0.111111111,0.320987654,11006,81,0.79186621,0.920454545,0.692307692,1,33.064,13.45015823,8.213939126,-14.30621286,353.7283951,151.4320988,0.512195122,3,165,167,173,0,0
930216,176,0.404761905,0.261904762,0.583333333,0.107142857,0.041666667,0.083333333,3.898809524,1.863095238,0.083333333,0.517857143,0.071428571,0.05952381,2.011904762,0.31547619,0.208333333,0.30952381,0.053571429,0.089285714,0.779761905,0.011904762,0.511904762,0.154761905,2,0.267857143,0.952380952,0.738095238,0.154761905,23.46428571,0.166666667,0.25,11069,168,0.380024049,0.96,0.7,1,44.229,15.33027921,14.18014964,-74.73952222,297.4940476,152.9940476,0,0,0,0,0,0,0
930216,177,0.666666667,0.252525253,0.676767677,0.111111111,0.03030303,0.070707071,6.303030303,1.797979798,0.131313131,0.737373737,0.070707071,0.121212121,7.242424242,0.555555556,0.252525253,0.373737374,0.080808081,0.101010101,0.656565657,0,0.676767677,0.242424242,7.626262626,0.323232323,1,0.929292929,0.161616162,21.85858586,0.222222222,0.323232323,11132,99,0.607103737,0.961165049,0.6875,1,33.271,12.69039837,10.08407716,43.12032045,674.6464646,152.8787879,0.325581395,1,179,0,0,0,0
930216,178,0.380952381,0.361904762,0.638095238,0.133333333,0.038095238,0.114285714,3.171428571,1.647619048,0.057142857,0.428571429,0.114285714,0.133333333,2.723809524,0.361904762,0.114285714,0.247619048,0.142857143,0.047619048,0.742857143,0.038095238,0.514285714,0.247619048,2.257142857,0.180952381,0.971428571,0.628571429,0.19047619,24.75238095,0.19047619,0.361904762,11195,105,0.640342067,0.963302752,0.673076923,1,34.586,13.28893887,10.20709923,45.67182323,63.67619048,153.8666667,0,0,0,0,0,0,0
930216,179,0.520325203,0.219512195,0.642276423,0.105691057,0.048780488,0.040650407,5.902439024,1.772357724,0.089430894,0.43902439,0.06504065,0.056910569,2.886178862,0.37398374,0.113821138,0.357723577,0.048780488,0.138211382,0.422764228,0.032520325,0.479674797,0.276422764,4.74796748,0.325203252,1.219512195,0.691056911,0.178861789,22.36585366,0.195121951,0.25203252,11258,123,0.737728735,0.917910448,0.698863636,1,39.614,15.56466939,10.50766569,4.896247838,686.4878049,154.203252,0.612244898,3,177,183,189,0,0
930216,180,0.471698113,0.301886792,0.726415094,0.113207547,0,0.066037736,4.29245283,1.801886792,0.066037736,0.443396226,0.037735849,0.160377358,3.528301887,0.405660377,0.235849057,0.29245283,0.08490566,0.018867925,0.632075472,0.018867925,0.490566038,0.273584906,3.41509434,0.179245283,1.198113208,0.801886792,0.169811321,21.77358491,0.179245283,0.179245283,11321,106,0.562240449,0.963636364,0.741258741,1,35.115,12.97192284,10.72744041,-18.33080135,141.7641509,156.5283019,0.454545455,1,172,0,0,0,0
930216,181,0.362745098,0.215686275,0.617647059,0.068627451,0.039215686,0.068627451,2.941176471,1.549019608,0.049019608,0.470588235,0.088235294,0.049019608,2.18627451,0.401960784,0.284313725,0.352941176,0.058823529,0.068627451,0.450980392,0.019607843,0.607843137,0.421568627,9.176470588,0.245098039,0.617647059,0.696078431,0.166666667,22.49019608,0.176470588,0.235294118,11384,102,0.489892359,0.944444444,0.653846154,1,34.032,12.31803558,10.73865315,48.1945455,603.1078431,154.9411765,0.545454545,2,171,193,0,0,0
930216,182,0.307692308,0.142857143,0.648351648,0.087912088,0.043956044,0.021978022,2.417582418,1.21978022,0.065934066,0.32967033,0.043956044,0.021978022,2.857142857,0.252747253,0.043956044,0.274725275,0.054945055,0.032967033,0.516483516,0.010989011,0.406593407,0.142857143,1.296703297,0.230769231,0.56043956,0.472527473,0.076923077,14.84615385,0.043956044,0.164835165,11447,91,0.503384846,0.93814433,0.689393939,1,31.774,11.66680465,10.08084632,11.67979151,75.54945055,160.1978022,0,0,0,0,0,0,0
930216,183,0.084745763,0.288135593,1.084745763,0.084745763,0.050847458,0.050847458,1.593220339,1.966101695,0.118644068,0.491525424,0.050847458,0.186440678,1.881355932,0.372881356,0.118644068,0.271186441,0.101694915,0.016949153,0.355932203,0,0.457627119,0.322033898,5.610169492,0.305084746,0.355932203,0.593220339,0.101694915,16.49152542,0.152542373,0.254237288,11510,59,0.725083286,0.880597015,0.595959596,1,28.747,11.25446129,7.75051065,40.58091631,683.4067797,162.3050847,0.805555556,2,179,189,0,0,0
930216,184,0.453333333,0.273333333,1.106666667,0.08,0.046666667,0.14,3.093333333,1.76,0.086666667,0.7,0.126666667,0.06,2.82,0.326666667,0.386666667,0.353333333,0.093333333,0.113333333,0.713333333,0.066666667,0.84,0.366666667,11.91333333,0.346666667,0.54,1.266666667,0.24,23,0.14,0.326666667,11572,150,0.568610151,0.949367089,0.669642857,1,42.542,15.42194635,12.68620308,-20.19128118,261.1333333,161.0733333,0.363636364,1,199,0,0,0,0
930216,185,0.418918919,0.324324324,0.675675676,0.054054054,0.040540541,0.040540541,3.310810811,1.810810811,0.067567568,0.459459459,0.067567568,0.108108108,7.945945946,0.364864865,0.351351351,0.27027027,0.027027027,0.135135135,0.945945946,0.013513514,0.689189189,0.216216216,3.310810811,0.310810811,1.013513514,0.824324324,0.175675676,23.28378378,0.148648649,0.202702703,11635,74,0.661226948,0.936708861,0.616666667,1,29.988,11.40542067,8.556186063,-61.23108111,437.1891892,160.2162162,0.648648649,3,174,190,207,0,0
930216,186,0.540816327,0.214285714,0.540816327,0.071428571,0.020408163,0.040816327,4.214285714,1.591836735,0.091836735,0.489795918,0.06122449,0.142857143,2.724489796,0.408163265,0.204081633,0.346938776,0.06122449,0.051020408,0.5,0.010204082,0.612244898,0.163265306,2.959183673,0.316326531,1.520408163,0.857142857,0.295918367,22.64285714,0.153061224,0.316326531,11698,98,0.703537613,0.933333333,0.7,1,34.197,13.45394417,9.561153382,80.16491791,632.1122449,162.2142857,0.75,2,188,198,0,0,0
930216,187,0.293478261,0.239130435,0.554347826,0.076086957,0.043478261,0.086956522,5.02173913,1.717391304,0.065217391,0.315217391,0.086956522,0.054347826,2.836956522,0.402173913,0.184782609,0.25,0.032608696,0.054347826,0.5,0.02173913,0.467391304,0.510869565,12.25,0.380434783,1.510869565,0.826086957,0.163043478,19.61956522,0.130434783,0.22826087,11761,92,0.501745411,0.929292929,0.696969697,1,32.419,11.77142241,10.18246099,-62.20628892,462.0978261,163.6956522,0,0,0,0,0,0,0
930216,188,0.397163121,0.312056738,0.943262411,0.09929078,0.092198582,0.085106383,2.865248227,2.163120567,0.056737589,0.304964539,0.035460993,0.127659574,3.042553191,0.361702128,0.127659574,0.326241135,0.063829787,0.063829787,0.496453901,0.028368794,0.418439716,0.326241135,2.546099291,0.312056738,0.737588652,0.921985816,0.163120567,28.39007092,0.163120567,0.255319149,11824,141,0.658203589,0.88125,0.626666667,1,47.016,16.48329346,12.40928232,67.96648985,623.2340426,164.9007092,0.677966102,2,186,193,0,0,0
930216,189,0.375,0.296875,0.953125,0.125,0.015625,0.0625,2.578125,2.078125,0.046875,0.59375,0.078125,0.03125,3.09375,0.3125,0.078125,0.296875,0.109375,0.046875,0.71875,0,0.421875,0.328125,2.8125,0.265625,0.484375,0.8125,0.109375,20.6875,0.09375,0.296875,11887,64,0.745643011,0.914285714,0.64,1,28.102,11.24116363,7.490500277,54.01700189,689.671875,163.828125,0.617647059,2,179,183,0,0,0
930216,190,0.571428571,0.163265306,0.653061224,0.081632653,0,0.183673469,4.102040816,1.489795918,0.040816327,0.346938776,0.040816327,0.12244898,8.244897959,0.693877551,0.102040816,0.367346939,0.020408163,0,0.489795918,0.040816327,0.87755102,0.102040816,4.632653061,0.326530612,1.428571429,0.836734694,0.163265306,26.63265306,0.102040816,0.265306122,11950,49,0.772151284,0.942307692,0.6125,1,25.191,10.46001262,6.646697259,-38.21752953,432.2244898,164.0816327,0.903225806,2,185,207,0,0,0
930216,191,0.442307692,0.346153846,0.673076923,0.105769231,0.019230769,0.076923077,7.105769231,1.875,0.105769231,0.519230769,0.057692308,0.057692308,5.605769231,0.451923077,0.182692308,0.413461538,0.096153846,0.096153846,0.692307692,0.009615385,0.461538462,0.211538462,3.105769231,0.326923077,1.134615385,0.615384615,0.153846154,26.26923077,0.105769231,0.346153846,12013,104,0.618069014,0.936936937,0.619047619,1,36.174,13.29302623,10.44996484,-69.92583879,526.1442308,162.8365385,0.673913043,2,195,201,0,0,0
930216,192,0.424460432,0.323741007,0.647482014,0.050359712,0.043165468,0.100719424,2.741007194,1.978417266,0.086330935,0.553956835,0.079136691,0.079136691,2.726618705,0.395683453,0.223021583,0.366906475,0.079136691,0.086330935,0.654676259,0.014388489,0.618705036,0.294964029,5.877697842,0.316546763,0.834532374,0.942446043,0.165467626,24.01438849,0.115107914,0.338129496,12076,139,0.54745795,0.95862069,0.772222222,1,39.614,14.59637566,12.21473165,82.22235275,574.4964029,165.2374101,0,0,0,0,0,0,0
930216,193,0.226086957,0.269565217,1.365217391,0.043478261,0.026086957,0.086956522,2.304347826,2.165217391,0.052173913,0.443478261,0.113043478,0.07826087,2.860869565,0.434782609,0.104347826,0.530434783,0.060869565,0.086956522,0.417391304,0.034782609,0.469565217,0.408695652,1.860869565,0.313043478,0.391304348,1.008695652,0.139130435,28.89565217,0.156521739,0.139130435,12138,115,0.124058931,0.942622951,0.680473373,1,36.91,12.25918015,12.16447617,25.17395654,612.4,162.7913043,0.586956522,2,181,188,0,0,0
930216,194,0.474358974,0.371794872,0.525641026,0.128205128,0.038461538,0.128205128,3.358974359,2.179487179,0.025641026,0.641025641,0.051282051,0.064102564,3.08974359,0.538461538,0.141025641,0.346153846,0.115384615,0.051282051,0.641025641,0,0.564102564,0.282051282,3.987179487,0.358974359,0.512820513,0.884615385,0.153846154,20.15384615,0.102564103,0.230769231,12201,78,0.684572449,0.917647059,0.65,1,31.377,12.03428478,8.772329651,15.53118481,484.9487179,163.9102564,0.421052632,1,203,0,0,0,0
930216,195,0.393700787,0.291338583,0.566929134,0.047244094,0.047244094,0.102362205,2.37007874,1.795275591,0.078740157,0.307086614,0.070866142,0.062992126,2.716535433,0.480314961,0.094488189,0.275590551,0.05511811,0.05511811,0.590551181,0,0.456692913,0.251968504,6.393700787,0.157480315,0.417322835,0.637795276,0.157480315,17.62204724,0.062992126,0.141732283,12264,127,0.688224982,0.954887218,0.76969697,1,38.754,15.05137145,10.91972978,11.82742746,537.2204724,165.1023622,0.510638298,2,191,208,0,0,0
930216,196,0.604651163,0.244186047,0.674418605,0.11627907,0.023255814,0.162790698,2.418604651,2.348837209,0.081395349,0.558139535,0.034883721,0.058139535,2.627906977,0.360465116,0.081395349,0.209302326,0.046511628,0.034883721,0.581395349,0.023255814,0.534883721,0.186046512,1.61627907,0.360465116,0.674418605,0.686046512,0.069767442,21.06976744,0.255813953,0.197674419,12327,86,0.462610842,0.934782609,0.781818182,1,32.849,11.40648024,10.11254569,28.34324966,187.9186047,165.2093023,0.394736842,1,210,0,0,0,0
930216,197,0.254901961,0.107843137,0.833333333,0.137254902,0.029411765,0.029411765,2.245098039,1.833333333,0.068627451,0.509803922,0.058823529,0.049019608,3.12745098,0.470588235,0.147058824,0.284313725,0.107843137,0.068627451,0.450980392,0.019607843,0.539215686,0.205882353,1.029411765,0.264705882,0.666666667,0.823529412,0.176470588,21.69607843,0.225490196,0.31372549,12390,102,0.538900263,0.935779817,0.708333333,1,34.379,12.52625171,10.55173337,46.53510469,347.0490196,167.6078431,0,0,0,0,0,0,0
930216,198,0.356435644,0.415841584,0.435643564,0.069306931,0,0.03960396,3.099009901,1.752475248,0.099009901,0.336633663,0.079207921,0.188118812,2.762376238,0.227722772,0.217821782,0.297029703,0.059405941,0.00990099,0.623762376,0.02970297,0.445544554,0.188118812,2.227722772,0.198019802,0.99009901,0.643564356,0.089108911,18.91089109,0.128712871,0.217821782,12453,101,0.67728893,0.952830189,0.701388889,1,33.552,13.30593086,9.78940136,50.20378902,641.6633663,166.6435644,0.272727273,1,186,0,0,0,0
930216,199,0.294117647,0.188235294,0.917647059,0.094117647,0.023529412,0.105882353,3.152941176,2.105882353,0.094117647,0.423529412,0.058823529,0.105882353,2.905882353,0.247058824,0.447058824,0.4,0.070588235,0.129411765,0.623529412,0,0.517647059,0.235294118,1.317647059,0.235294118,0.894117647,0.988235294,0.141176471,22.70588235,0.094117647,0.270588235,12516,85,0.65860561,0.944444444,0.643939394,1,31.402,12.15857756,9.149187431,-27.77243899,256.1411765,169.1294118,0.463414634,1,184,0,0,0,0
930216,200,0.488549618,0.328244275,0.946564885,0.053435115,0.030534351,0.083969466,3.335877863,2.312977099,0.06870229,0.824427481,0.06870229,0.114503817,2.839694656,0.442748092,0.167938931,0.34351145,0.06870229,0.06870229,0.65648855,0.038167939,0.709923664,0.351145038,11.18320611,0.305343511,1.061068702,0.885496183,0.114503817,21.72519084,0.129770992,0.297709924,12579,131,0.593045424,0.97761194,0.775147929,1,38.018,14.44439876,11.63018216,43.54047757,110.1908397,169.1603053,0.270833333,1,205,0,0,0,0
930216,201,0.476190476,0.214285714,0.535714286,0.178571429,0.023809524,0,5.55952381,1.666666667,0.130952381,0.488095238,0.095238095,0.071428571,5.107142857,0.380952381,0.154761905,0.357142857,0.047619048,0.083333333,0.785714286,0.023809524,0.535714286,0.154761905,2.261904762,0.273809524,0.80952381,0.773809524,0.214285714,25.13095238,0.238095238,0.238095238,12642,84,0.654859897,0.933333333,0.583333333,1,32.254,12.22119299,9.236170261,-42.5130649,521.0714286,169.5833333,0.465116279,1,191,0,0,0,0
930216,202,0.5125,0.325,0.475,0.1,0.025,0.05,3,1.8375,0.075,0.8375,0.0375,0.0875,6.275,0.5875,0.1625,0.3,0.075,0.0875,0.675,0.0125,0.425,0.3125,7.775,0.25,0.8875,0.7,0.15,20.8625,0.15,0.275,12704,80,0.676372453,0.909090909,0.740740741,1,31.261,12.12518927,8.930926701,82.29380405,215.8125,169.0875,0.684210526,2,206,218,0,0,0
930216,203,0.205128205,0.615384615,0.487179487,0.064102564,0.038461538,0.051282051,2.269230769,1.987179487,0.064102564,0.371794872,0.076923077,0.08974359,3.358974359,0.358974359,0.153846154,0.205128205,0.102564103,0.076923077,0.461538462,0.038461538,0.461538462,0.294871795,8.192307692,0.230769231,0.435897436,0.692307692,0.179487179,19.3974359,0.08974359,0.256410256,12767,78,0.346694427,0.962962963,0.709090909,1,30.426,10.60815494,9.950217344,3.888603581,483.7179487,171.6153846,0.486486486,1,194,0,0,0,0
930216,204,0.453333333,0.213333333,0.293333333,0.066666667,0.04,0.066666667,3.08,1.813333333,0.066666667,0.36,0.053333333,0.133333333,3.066666667,0.266666667,0.24,0.44,0.066666667,0.066666667,0.533333333,0,0.32,0.333333333,10.41333333,0.106666667,0.826666667,0.826666667,0.106666667,19.28,0.133333333,0.173333333,12830,75,0.567449664,0.961538462,0.681818182,1,29.781,11.11092809,9.148828053,76.01150739,786.9866667,169.2933333,0.513513514,1,209,0,0,0,0
930216,205,0.236111111,0.104166667,1.25,0.090277778,0.020833333,0.069444444,1.715277778,1.840277778,0.041666667,0.590277778,0.111111111,0.111111111,2.618055556,0.291666667,0.319444444,0.263888889,0.097222222,0.083333333,0.527777778,0.006944444,0.458333333,0.173611111,3.513888889,0.25,0.472222222,0.659722222,0.125,17.29861111,0.083333333,0.243055556,12893,144,0.331732178,0.953642384,0.685714286,1,40.582,14.03165598,13.23709391,4.078325043,122.9166667,171.5138889,0.222222222,1,200,0,0,0,0
930216,206,0.378640777,0.194174757,0.485436893,0.038834951,0.038834951,0.019417476,2.524271845,1.582524272,0.019417476,0.485436893,0.097087379,0.116504854,4.398058252,0.339805825,0.126213592,0.330097087,0.087378641,0.038834951,0.553398058,0.009708738,0.378640777,0.194174757,2.203883495,0.194174757,0.54368932,0.72815534,0.116504854,18.73786408,0.077669903,0.223300971,12956,103,0.701974308,0.919642857,0.613095238,1,37.373,14.04965341,10.00619502,67.07282629,207.9902913,172.3398058,0.413043478,2,202,218,0,0,0
930216,207,0.327777778,0.344444444,0.538888889,0.061111111,0.033333333,0.105555556,3.194444444,2.366666667,0.127777778,0.638888889,0.055555556,0.122222222,5.944444444,0.455555556,0.394444444,0.322222222,0.083333333,0.166666667,0.677777778,0,0.666666667,0.288888889,1.433333333,0.266666667,0.694444444,0.85,0.133333333,21.38333333,0.177777778,0.383333333,13019,180,0.781819154,0.918367347,0.631578947,1,50.506,19.62388058,12.23559279,31.71365771,432.1888889,173.5055556,0.265625,2,185,190,0,0,0
930216,208,0.660550459,0.311926606,0.678899083,0.100917431,0.027522936,0.100917431,4.201834862,1.47706422,0.055045872,0.467889908,0.082568807,0.064220183,7.467889908,0.559633028,0.247706422,0.357798165,0.027522936,0.064220183,0.412844037,0.018348624,0.403669725,0.201834862,1.71559633,0.201834862,1.110091743,0.889908257,0.256880734,30.25688073,0.091743119,0.266055046,13082,109,0.368500778,0.947826087,0.756944444,1,35.024,12.32074044,11.45369839,88.92545918,549.1100917,171.3027523,0.511627907,2,195,213,0,0,0
930216,209,0.549450549,0.43956044,0.681318681,0.120879121,0.087912088,0.10989011,4.153846154,2.120879121,0.131868132,0.626373626,0.076923077,0.285714286,3.626373626,0.428571429,0.648351648,0.406593407,0.10989011,0.032967033,0.714285714,0,0.582417582,0.296703297,2.483516484,0.318681319,0.923076923,0.879120879,0.131868132,21.94505495,0.208791209,0.384615385,13145,91,0.830314251,0.85046729,0.590909091,1,36.339,14.90066378,8.304072481,71.57980463,793.6153846,171.4285714,0.454545455,1,204,0,0,0,0
930216,210,0.56626506,0.240963855,0.590361446,0.144578313,0.036144578,0.108433735,2.578313253,1.927710843,0.108433735,0.445783133,0.036144578,0.096385542,2.602409639,0.457831325,0.156626506,0.325301205,0.096385542,0.048192771,0.397590361,0.024096386,0.674698795,0.289156627,7.361445783,0.265060241,0.698795181,0.746987952,0.204819277,20.20481928,0.072289157,0.21686747,13208,83,0.606130581,0.965116279,0.768518519,1,31.261,11.83581012,9.413790868,2.10396781,187.626506,173.3614458,0.447368421,1,196,0,0,0,0
930216,211,0.428571429,0.341269841,0.666666667,0.103174603,0.087301587,0.055555556,3.515873016,2.007936508,0.03968254,0.523809524,0.095238095,0.111111111,2.857142857,0.333333333,0.19047619,0.373015873,0.095238095,0.047619048,0.642857143,0,0.642857143,0.293650794,11.49206349,0.174603175,0.96031746,0.650793651,0.095238095,23.42063492,0.063492063,0.253968254,13271,126,0.619999861,0.954545455,0.692307692,1,37.77,14.39400946,11.29356746,52.13980692,274.8253968,174.0952381,0.040816327,1,219,0,0,0,0
930216,212,0.530120482,0.301204819,0.457831325,0.060240964,0.096385542,0.072289157,3.518072289,1.879518072,0.084337349,0.56626506,0.036144578,0.060240964,10.09638554,0.421686747,0.156626506,0.34939759,0.048192771,0.036144578,0.602409639,0,0.421686747,0.337349398,2.939759036,0.144578313,1.048192771,0.686746988,0.096385542,24.57831325,0.156626506,0.156626506,13333,83,0.703031091,0.93258427,0.638461538,1,31.865,12.49657096,8.887050331,-16.28888501,711.746988,172.1807229,0.56097561,1,217,0,0,0,0
930216,213,0.359550562,0.280898876,0.674157303,0.078651685,0.033707865,0.04494382,4.842696629,2.04494382,0.078651685,0.483146067,0.02247191,0.112359551,4.471910112,0.550561798,0.213483146,0.370786517,0.112359551,0.101123596,0.853932584,0.011235955,0.550561798,0.235955056,2.651685393,0.258426966,1.258426966,0.831460674,0.123595506,24.59550562,0.146067416,0.280898876,13396,89,0.352475644,0.956989247,0.73553719,1,31.286,11.0863626,10.3748508,64.93480953,558.752809,174.3820225,0.564102564,2,208,229,0,0,0
930216,214,0.384615385,0.278846154,0.769230769,0.086538462,0.038461538,0.057692308,4.173076923,1.884615385,0.125,0.471153846,0.076923077,0.115384615,2.759615385,0.538461538,0.153846154,0.461538462,0.057692308,0.105769231,0.528846154,0,0.586538462,0.240384615,5.480769231,0.230769231,1.644230769,0.673076923,0.173076923,21.72115385,0.144230769,0.221153846,13459,104,0.508709416,0.962962963,0.666666667,1,34.404,12.54690567,10.80211145,-14.92095436,762.5961538,174.2115385,0,0,0,0,0,0,0
930216,215,0.567567568,0.243243243,0.486486486,0.081081081,0.081081081,0.040540541,4.243243243,1.810810811,0.148648649,0.540540541,0.054054054,0.081081081,12.2027027,0.297297297,0.405405405,0.351351351,0.027027027,0.067567568,0.459459459,0,0.72972973,0.22972973,3.283783784,0.243243243,0.891891892,0.648648649,0.216216216,18.63513514,0.175675676,0.148648649,13522,74,0.626874492,0.936708861,0.747474747,1,28.565,11.18383441,8.71355192,3.716071086,163.1486486,175.972973,0.444444444,1,223,0,0,0,0
930216,216,0.37804878,0.341463415,0.536585366,0.085365854,0.048780488,0.073170732,3.37804878,1.695121951,0.06097561,0.573170732,0.085365854,0.085365854,2.548780488,0.390243902,0.109756098,0.365853659,0.024390244,0.036585366,0.609756098,0.012195122,0.585365854,0.292682927,15.53658537,0.365853659,1.073170732,0.62195122,0.195121951,22.01219512,0.170731707,0.292682927,13585,82,0.458203486,0.921348315,0.67768595,1,31.195,11.08715966,9.854792193,8.535828754,681.1463415,175.9512195,0.384615385,1,226,0,0,0,0
930216,217,0.775700935,0.289719626,0.588785047,0.140186916,0.028037383,0.056074766,3.299065421,1.953271028,0.065420561,0.504672897,0.056074766,0.065420561,9.476635514,0.570093458,0.177570093,0.392523364,0.08411215,0.065420561,0.607476636,0,0.514018692,0.261682243,9.887850467,0.242990654,0.841121495,0.822429907,0.196261682,27.88785047,0.130841121,0.271028037,13648,107,0.78213375,0.906779661,0.66875,1,39.242,15.35848174,9.570032499,-8.554995437,708.682243,179.0280374,0.75,2,212,234,0,0,0
930216,218,0.352,0.352,0.512,0.072,0.04,0.08,2.584,1.568,0.048,0.472,0.04,0.112,1.792,0.328,0.152,0.36,0.056,0.072,0.52,0.032,0.512,0.48,13.416,0.256,0.736,0.808,0.192,17.816,0.12,0.216,13711,125,0.72543701,0.932835821,0.710227273,1,39.242,15.33850237,10.55731574,88.32392107,218.784,180.36,0.3125,2,202,206,0,0,0
930216,219,0.37962963,0.25,0.564814815,0.064814815,0.037037037,0.111111111,3.037037037,1.768518519,0.055555556,0.62037037,0.083333333,0.055555556,2.75,0.388888889,0.222222222,0.342592593,0.037037037,0.092592593,0.694444444,0.027777778,0.898148148,0.259259259,1.37037037,0.342592593,0.638888889,0.759259259,0.111111111,24.38888889,0.138888889,0.175925926,13774,108,0.561361859,0.972972973,0.692307692,1,34.95,13.03255594,10.78535829,39.60177202,287.4444444,179.5092593,0.444444444,2,211,221,0,0,0
930216,220,0.382022472,0.370786517,0.584269663,0.08988764,0.056179775,0.112359551,3.95505618,1.584269663,0.101123596,0.483146067,0.056179775,0.04494382,2.370786517,0.235955056,0.134831461,0.348314607,0.123595506,0.101123596,0.494382022,0,0.685393258,0.325842697,13.38202247,0.303370787,1.235955056,0.415730337,0.112359551,20.86516854,0.078651685,0.314606742,13837,89,0.612520841,0.927083333,0.741666667,1,31.931,12.23140954,9.668371961,83.49249157,413.247191,178.3707865,0.425,1,222,0,0,0,0
930216,221,0.495798319,0.277310924,0.907563025,0.075630252,0.042016807,0.100840336,4.058823529,2.134453782,0.18487395,0.378151261,0.058823529,0.117647059,2.420168067,0.420168067,0.176470588,0.327731092,0.117647059,0.092436975,0.613445378,0.016806723,0.495798319,0.285714286,8.915966387,0.352941176,0.865546218,0.932773109,0.210084034,27.86554622,0.176470588,0.294117647,13899,119,0.592121643,0.9296875,0.653846154,1,38.043,13.97748473,11.26373644,54.20581884,296.8403361,182.2268908,0.367346939,1,219,0,0,0,0
930216,222,0.369565217,0.315217391,0.706521739,0.076086957,0.02173913,0.032608696,3.184782609,1.380434783,0.065217391,0.423913043,0.054347826,0.184782609,2.695652174,0.239130435,0.195652174,0.391304348,0.076086957,0.195652174,0.532608696,0.02173913,0.47826087,0.282608696,3.260869565,0.25,1.010869565,0.663043478,0.239130435,18.47826087,0.076086957,0.22826087,13962,92,0.785303039,0.910891089,0.657142857,1,34.834,14.09202221,8.724534006,86.55316612,405.6630435,181.2173913,0.69047619,2,220,233,0,0,0
930216,223,0.682352941,0.388235294,0.482352941,0.070588235,0.047058824,0.117647059,4.823529412,1.094117647,0.082352941,0.376470588,0.117647059,0.070588235,8.564705882,0.282352941,0.294117647,0.388235294,0.011764706,0.035294118,0.352941176,0,0.611764706,0.305882353,12.70588235,0.2,1.105882353,0.670588235,0.129411765,15.8,0.082352941,0.2,14025,85,0.718524788,0.934065934,0.643939394,1,32.229,12.64717788,8.796129296,38.82942442,159.6117647,184.0823529,0.4,2,215,236,0,0,0
930216,224,0.265060241,0.277108434,0.746987952,0.120481928,0.024096386,0.048192771,3.879518072,2.144578313,0.096385542,0.56626506,0.048192771,0.13253012,3.86746988,0.469879518,0.072289157,0.421686747,0.048192771,0.096385542,0.457831325,0.024096386,0.698795181,0.337349398,0.987951807,0.385542169,0.65060241,0.710843373,0.156626506,24.22891566,0.120481928,0.253012048,14088,83,0.626115998,0.922222222,0.691666667,1,33.618,12.17872841,9.496118996,73.77897275,571.9156627,184.1566265,0.43902439,1,225,0,0,0,0
930216,225,0.290697674,0.162790698,0.546511628,0.058139535,0.058139535,0.093023256,4.023255814,2.011627907,0.093023256,0.569767442,0.058139535,0.058139535,2.976744186,0.523255814,0.139534884,0.197674419,0.081395349,0.034883721,0.406976744,0.011627907,0.523255814,0.127906977,2.511627907,0.279069767,0.813953488,0.813953488,0.081395349,23.1627907,0.139534884,0.139534884,14151,86,0.654529189,0.934782609,0.796296296,1,31.815,12.29475546,9.295286748,-82.65807824,579.5813953,183.1976744,0.473684211,1,224,0,0,0,0
930216,226,0.397727273,0.181818182,0.602272727,0.102272727,0.022727273,0.125,3.136363636,2.136363636,0.034090909,0.613636364,0.056818182,0.090909091,7.204545455,0.488636364,0.090909091,0.295454545,0.022727273,0.045454545,0.534090909,0.011363636,0.522727273,0.125,1.261363636,0.363636364,0.613636364,0.681818182,0.181818182,20.06818182,0.090909091,0.227272727,14214,88,0.623918647,0.946236559,0.676923077,1,32.229,12.12635332,9.476615341,26.14149923,677.7954545,184.1931818,0.4,1,216,0,0,0,0
930216,227,0.477477477,0.216216216,0.621621622,0.072072072,0.027027027,0.063063063,4.09009009,1.702702703,0.108108108,0.369369369,0.045045045,0.09009009,2.45045045,0.351351351,0.099099099,0.387387387,0.045045045,0.081081081,0.657657658,0.018018018,0.36036036,0.387387387,13.78378378,0.189189189,1.09009009,0.621621622,0.063063063,20.15315315,0.135135135,0.198198198,14277,111,0.53045317,0.956896552,0.770833333,1,34.842,12.98026375,11.00355444,37.99520056,375.3423423,184.2252252,0,0,0,0,0,0,0
930216,228,0.47,0.34,0.62,0.06,0.04,0.07,3.76,1.82,0.06,0.58,0.1,0.06,2.76,0.32,0.24,0.43,0.11,0.08,0.49,0.06,0.55,0.36,13.56,0.25,1.49,0.72,0.07,21.72,0.17,0.23,14340,100,0.286803277,0.943396226,0.694444444,1,33.089,11.60598273,11.11840958,37.97987155,632.37,185.07,0,0,0,0,0,0,0
930216,229,0.406976744,0.279069767,0.529069767,0.110465116,0.046511628,0.098837209,3.401162791,1.680232558,0.063953488,0.5,0.063953488,0.063953488,4.744186047,0.430232558,0.191860465,0.430232558,0.058139535,0.104651163,0.534883721,0.029069767,0.511627907,0.377906977,8.895348837,0.209302326,2.424418605,0.790697674,0.244186047,20.8255814,0.122093023,0.255813953,14403,172,0.610584633,0.955555556,0.671875,1,46.371,16.93482489,13.41155171,41.3113855,554.755814,186.4302326,0.203389831,1,213,0,0,0,0
930216,230,0.408284024,0.325443787,0.644970414,0.059171598,0.035502959,0.071005917,2.952662722,1.781065089,0.059171598,0.544378698,0.059171598,0.142011834,5.284023669,0.384615385,0.165680473,0.343195266,0.059171598,0.017751479,0.568047337,0.017751479,0.408284024,0.366863905,9.710059172,0.24852071,0.621301775,0.798816568,0.088757396,20.03550296,0.094674556,0.218934911,14465,169,0.747064279,0.918478261,0.586805556,1,47.802,18.47205021,12.27932872,55.86352207,262.0118343,190.1420118,0.349206349,1,237,0,0,0,0
930216,231,0.343137255,0.529411765,0.882352941,0.107843137,0.078431373,0.18627451,2.980392157,1.568627451,0.068627451,0.578431373,0.049019608,0.078431373,2.431372549,0.352941176,0.12745098,0.362745098,0.098039216,0.029411765,0.421568627,0.009803922,0.480392157,0.392156863,11.47058824,0.294117647,0.862745098,0.87254902,0.137254902,20.53921569,0.137254902,0.303921569,14528,102,0.578577088,0.953271028,0.713286713,1,33.734,12.70427841,10.36196145,64.1114973,434.0588235,189.7156863,0,0,0,0,0,0,0
930216,232,0.395604396,0.230769231,0.648351648,0.054945055,0.010989011,0.087912088,3.516483516,2.065934066,0.043956044,0.725274725,0.054945055,0.087912088,2.296703297,0.406593407,0.175824176,0.395604396,0.065934066,0.098901099,0.549450549,0,0.450549451,0.197802198,1.703296703,0.263736264,0.868131868,0.516483516,0.142857143,21.74725275,0.153846154,0.252747253,14591,91,0.481795912,0.93814433,0.689393939,1,31.592,11.61891447,10.18146255,74.21337489,202.1758242,189.7912088,0,0,0,0,0,0,0
930216,233,0.45625,0.33125,0.45625,0.0625,0.075,0.14375,2.475,1.51875,0.05625,0.44375,0.06875,0.11875,8.13125,0.44375,0.1375,0.2625,0.08125,0.01875,0.38125,0.00625,0.4125,0.25,2.975,0.25625,0.7375,0.63125,0.09375,18.85,0.1125,0.2,14654,160,0.734828084,0.952380952,0.7239819,1,43.286,17.42168412,11.81631664,17.94478633,395.93125,191.05625,0.214285714,1,222,0,0,0,0
930216,234,0.393442623,0.229508197,0.595628415,0.038251366,0.027322404,0.098360656,3.213114754,2.300546448,0.043715847,0.524590164,0.103825137,0.071038251,3.546448087,0.409836066,0.109289617,0.398907104,0.120218579,0.103825137,0.491803279,0.010928962,0.606557377,0.218579235,6.054644809,0.371584699,1.087431694,0.666666667,0.147540984,24.5136612,0.131147541,0.31147541,14717,183,0.59015643,0.871428571,0.598039216,1,52.458,17.91867183,14.4655451,-26.05091462,707.1584699,191.4262295,0.515151515,2,217,240,0,0,0
930216,235,0.451923077,0.283653846,0.427884615,0.076923077,0.028846154,0.072115385,3.605769231,1.394230769,0.086538462,0.5,0.081730769,0.081730769,1.682692308,0.384615385,0.091346154,0.283653846,0.052884615,0.033653846,0.355769231,0.014423077,0.466346154,0.269230769,11.68269231,0.264423077,1.139423077,0.774038462,0.115384615,17.86538462,0.125,0.197115385,14780,208,0.63326134,0.904347826,0.66031746,1,54.302,18.90732549,14.63309825,-82.21788405,109.6298077,191.2211538,0.298507463,1,242,0,0,0,0
930216,236,0.564814815,0.361111111,0.740740741,0.148148148,0.074074074,0.111111111,3.453703704,2.027777778,0.083333333,0.62962963,0.055555556,0.092592593,3.898148148,0.5,1.185185185,0.277777778,0.064814815,0.074074074,0.731481481,0.009259259,0.657407407,0.462962963,16.86111111,0.398148148,0.944444444,0.87037037,0.157407407,18.90740741,0.111111111,0.324074074,14843,108,0.616340032,0.964285714,0.692307692,1,34.867,13.3064706,10.47858129,54.44638956,147.6759259,193.7777778,0.02173913,1,223,0,0,0,0
930216,237,0.302325581,0.162790698,0.476744186,0.104651163,0.034883721,0.046511628,3.5,1.558139535,0.034883721,0.5,0.034883721,0.081395349,5.639534884,0.453488372,0.23255814,0.244186047,0.069767442,0.069767442,0.325581395,0.034883721,0.534883721,0.255813953,7.186046512,0.23255814,0.581395349,0.895348837,0.11627907,19.38372093,0.151162791,0.186046512,14906,86,0.738328304,0.945054945,0.651515152,1,32.039,12.88411596,8.689582287,51.19346212,269.8372093,194.1046512,0.55,2,230,245,0,0,0
930216,238,0.295774648,0.253521127,0.464788732,0.112676056,0.014084507,0.112676056,3.098591549,1.549295775,0.070422535,0.61971831,0.070422535,0.112676056,1.901408451,0.38028169,0.042253521,0.323943662,0.028169014,0.056338028,0.507042254,0.028169014,0.704225352,0.267605634,2.14084507,0.23943662,0.929577465,0.633802817,0.098591549,17.87323944,0.169014085,0.267605634,14969,71,0.749112243,0.91025641,0.657407407,1,30.525,12.20883621,8.087659192,-9.062094753,238.0985915,196.3239437,0.459459459,1,243,0,0,0,0
930216,239,0.285714286,0.261904762,0.658730159,0.126984127,0.055555556,0.071428571,3.698412698,1.825396825,0.047619048,0.452380952,0.03968254,0.119047619,3.103174603,0.404761905,0.079365079,0.30952381,0.134920635,0.079365079,0.579365079,0.023809524,0.468253968,0.214285714,1.158730159,0.301587302,0.746031746,0.706349206,0.087301587,21.42063492,0.119047619,0.166666667,15032,126,0.773721906,0.940298507,0.6,1,40.036,16.09224969,10.19484867,41.68595829,570.0952381,199.6111111,0,0,0,0,0,0,0
930216,240,0.402777778,0.25,0.611111111,0.111111111,0.069444444,0.125,3.319444444,2.041666667,0.125,0.375,0.069444444,0.027777778,3.388888889,0.277777778,0.097222222,0.375,0.083333333,0.097222222,0.527777778,0.027777778,0.541666667,0.333333333,2.027777778,0.277777778,1,0.722222222,0.138888889,21.18055556,0.166666667,0.125,15094,72,0.608273931,0.96,0.727272727,1,27.821,10.86493581,8.623794783,-25.79244905,705,199.875,1,3,234,247,255,0,0
930216,241,0.172413793,0.293103448,0.775862069,0.103448276,0.068965517,0.086206897,2.362068966,1.862068966,0.068965517,0.5,0.034482759,0.086206897,2.465517241,0.224137931,0.137931034,0.431034483,0.068965517,0.120689655,0.551724138,0.017241379,0.568965517,0.155172414,2.586206897,0.413793103,0.293103448,0.689655172,0.189655172,23.74137931,0.137931034,0.206896552,15157,58,0.615035912,0.90625,0.659090909,1,26.696,9.898860007,7.805242187,-11.55199129,33.01724138,200.637931,0.59375,1,252,0,0,0,0
930216,242,0.408163265,0.255102041,0.459183673,0.040816327,0.020408163,0.081632653,3.734693878,1.448979592,0.071428571,0.428571429,0.06122449,0.163265306,1.887755102,0.367346939,0.12244898,0.204081633,0.071428571,0.051020408,0.336734694,0,0.510204082,0.163265306,2.193877551,0.234693878,0.724489796,0.724489796,0.12244898,15.73469388,0.081632653,0.234693878,15220,98,0.57454797,0.951456311,0.685314685,1,34.098,12.53931804,10.26306705,-5.278421684,104.3469388,202.4081633,0.465116279,1,235,0,0,0,0
930216,243,0.413793103,0.229885057,0.448275862,0.068965517,0.034482759,0.068965517,2.942528736,1.459770115,0.068965517,0.32183908,0.034482759,0.08045977,2.747126437,0.333333333,0.08045977,0.195402299,0.068965517,0.045977011,0.551724138,0.011494253,0.333333333,0.172413793,2.908045977,0.24137931,1.287356322,0.724137931,0.172413793,17.01149425,0.068965517,0.218390805,15283,87,0.767383303,0.925531915,0.743589744,1,32.576,13.41588442,8.60211262,2.012847439,240.0574713,203.045977,0.487179487,1,238,0,0,0,0
930216,244,0.40952381,0.247619048,0.542857143,0.076190476,0.047619048,0.066666667,4.914285714,1.323809524,0.066666667,0.419047619,0.019047619,0.038095238,2.447619048,0.371428571,0.152380952,0.4,0.038095238,0.057142857,0.428571429,0,0.542857143,0.247619048,2.333333333,0.180952381,1.647619048,0.838095238,0.219047619,20.83809524,0.133333333,0.285714286,15346,105,0.608047389,0.981308411,0.681818182,1,34.396,13.08262844,10.3863083,-1.282903915,472.6380952,202.8761905,0.6,3,250,259,260,0,0
930216,245,0.535211268,0.133802817,0.633802817,0.070422535,0.077464789,0.084507042,4.063380282,1.936619718,0.126760563,0.436619718,0.063380282,0.070422535,1.992957746,0.323943662,0.112676056,0.302816901,0.028169014,0.084507042,0.394366197,0.042253521,0.612676056,0.183098592,2.415492958,0.302816901,1.38028169,0.809859155,0.126760563,21.6056338,0.154929577,0.23943662,15409,142,0.692179355,0.953020134,0.676190476,1,40.863,15.93161774,11.49825525,59.73256012,278.8732394,203.1760563,0.018867925,1,237,0,0,0,0
930216,246,0.457746479,0.211267606,0.436619718,0.091549296,0.042253521,0.070422535,2.183098592,1.725352113,0.049295775,0.373239437,0.035211268,0.098591549,1.647887324,0.345070423,0.218309859,0.225352113,0.091549296,0.105633803,0.669014085,0,0.366197183,0.218309859,4.133802817,0.183098592,0.683098592,0.577464789,0.112676056,22.51408451,0.105633803,0.26056338,15472,142,0.606956773,0.946666667,0.682692308,1,40.954,15.20728812,12.08576179,82.35928896,47.80985915,204.4577465,0.132075472,1,252,0,0,0,0
930216,247,0.472,0.152,0.472,0.04,0.008,0.056,3.488,1.632,0.08,0.312,0.032,0.032,2.352,0.368,0.168,0.36,0.04,0.112,0.384,0.016,0.48,0.168,6.088,0.208,1.336,0.704,0.112,17.36,0.128,0.16,15535,125,0.440112107,0.946969697,0.686813187,1,39.333,13.53793635,12.15629294,52.33518937,696.712,205.968,0.612244898,3,240,255,263,0,0
930216,248,0.434108527,0.263565891,0.674418605,0.054263566,0.015503876,0.093023256,2.395348837,2.558139535,0.03875969,0.558139535,0.054263566,0.054263566,3.503875969,0.426356589,0.147286822,0.333333333,0.085271318,0.131782946,0.720930233,0.007751938,0.542635659,0.224806202,5.860465116,0.341085271,0.80620155,0.84496124,0.124031008,24.27906977,0.147286822,0.248062016,15598,129,0.551434299,0.948529412,0.661538462,1,39.176,14.16354466,11.81548851,39.75080819,733.8139535,206.2170543,0.32,1,262,0,0,0,0
930216,249,0.38,0.41,0.7,0.06,0.01,0.06,2.64,1.78,0.04,0.42,0.08,0.12,2.68,0.34,0.16,0.51,0.03,0.03,0.49,0.01,0.6,0.36,14.73,0.28,0.8,0.9,0.16,22.1,0.16,0.22,15660,100,0.570014816,0.970873786,0.757575758,1,32.973,12.53233224,10.29699545,45.57938314,770.21,206.64,0.30952381,1,253,0,0,0,0
930216,250,0.342857143,0.271428571,0.557142857,0.128571429,0.057142857,0.142857143,3.3,2,0.085714286,0.614285714,0.1,0.128571429,5.542857143,0.542857143,0.1,0.485714286,0.085714286,0.028571429,0.642857143,0.042857143,0.528571429,0.185714286,1.585714286,0.342857143,0.7,0.757142857,0.171428571,23.68571429,0.128571429,0.185714286,15723,70,0.473025209,0.933333333,0.7,1,28.102,10.28341374,9.060190291,-38.70300665,482.7714286,206.6571429,0.666666667,2,244,260,0,0,0
930216,251,0.4375,0.260416667,0.6875,0.0625,0.03125,0.072916667,2.71875,1.739583333,0.03125,0.53125,0.083333333,0.09375,4.145833333,0.40625,0.072916667,0.427083333,0.052083333,0.0625,0.75,0.010416667,0.572916667,0.208333333,3.760416667,0.302083333,0.802083333,0.739583333,0.09375,21.04166667,0.21875,0.28125,15786,96,0.536261003,0.95049505,0.727272727,1,32.237,12.12275104,10.23223483,65.04382091,551.1666667,207.8125,0,0,0,0,0,0,0
930216,252,0.355371901,0.256198347,0.801652893,0.090909091,0.033057851,0.033057851,2.619834711,1.710743802,0.090909091,0.520661157,0.074380165,0.066115702,2.644628099,0.396694215,0.132231405,0.371900826,0.099173554,0.041322314,0.570247934,0.024793388,0.58677686,0.363636364,2.537190083,0.330578512,0.537190083,0.710743802,0.165289256,21.19008264,0.107438017,0.314049587,15849,121,0.607079952,0.889705882,0.664835165,1,40.656,14.51984295,11.53805898,-5.937231907,32.90909091,208.2231405,0.470588235,2,241,246,0,0,0
930216,253,0.276595745,0.223404255,0.627659574,0.095744681,0.031914894,0.074468085,2.138297872,1.329787234,0.074468085,0.287234043,0.063829787,0.085106383,2.574468085,0.468085106,0.138297872,0.180851064,0.053191489,0.106382979,0.595744681,0.021276596,0.436170213,0.234042553,6.255319149,0.287234043,0.563829787,0.744680851,0.170212766,16.72340426,0.095744681,0.138297872,15912,94,0.606767234,0.930693069,0.712121212,1,32.973,12.38926659,9.847974849,34.1482173,780.5425532,207.8085106,0.585365854,2,249,264,0,0,0
930216,254,0.47133758,0.222929936,0.484076433,0.159235669,0.01910828,0.070063694,3.662420382,2.165605096,0.050955414,0.535031847,0.050955414,0.101910828,3.796178344,0.350318471,0.318471338,0.401273885,0.050955414,0.089171975,0.477707006,0.01910828,0.522292994,0.261146497,2.796178344,0.375796178,1.197452229,0.885350318,0.101910828,23.42038217,0.146496815,0.267515924,15975,157,0.349761791,0.963190184,0.801020408,1,41.946,14.69250367,13.76450557,50.80107553,657.3949045,209.8535032,0.230769231,1,273,0,0,0,0
930216,255,0.521276596,0.287234043,0.670212766,0.095744681,0.021276596,0.127659574,2.787234043,1.744680851,0.042553191,0.457446809,0.042553191,0.117021277,3.734042553,0.308510638,0.425531915,0.340425532,0.021276596,0.063829787,0.563829787,0.031914894,0.414893617,0.276595745,3.14893617,0.489361702,0.787234043,0.734042553,0.127659574,19.96808511,0.074468085,0.191489362,16038,94,0.698745824,0.846846847,0.55952381,1,37.952,13.57729321,9.712788582,-28.12059787,706.8829787,210.2553191,0.673913043,3,240,247,263,0,0
930216,256,0.315789474,0.248120301,0.661654135,0.105263158,0.045112782,0.022556391,2.187969925,1.526315789,0.067669173,0.383458647,0.030075188,0.030075188,2.127819549,0.330827068,0.135338346,0.240601504,0.045112782,0.030075188,0.488721805,0,0.330827068,0.15037594,5.54887218,0.263157895,0.541353383,0.751879699,0.157894737,16.57142857,0.105263158,0.172932331,16101,133,0.445420527,0.956834532,0.678571429,1,38.994,13.83443204,12.38626418,38.82841475,172.3383459,211.7593985,0.333333333,1,267,0,0,0,0
930216,257,0.287769784,0.230215827,0.568345324,0.050359712,0.050359712,0.057553957,2.194244604,1.676258993,0.043165468,0.532374101,0.035971223,0.064748201,4.496402878,0.316546763,0.237410072,0.323741007,0.086330935,0.079136691,0.510791367,0.007194245,0.388489209,0.18705036,0.964028777,0.201438849,0.597122302,0.517985612,0.143884892,19.54676259,0.158273381,0.244604317,16164,139,0.88358749,0.920529801,0.54296875,1,44.345,19.76798112,9.256675589,45.51558021,343.7482014,208.971223,0,0,0,0,0,0,0
930216,259,0.186440678,0.177966102,0.525423729,0.076271186,0.042372881,0.076271186,2.389830508,1.542372881,0.050847458,0.43220339,0.050847458,0.127118644,2.940677966,0.372881356,0.118644068,0.254237288,0.101694915,0.016949153,0.449152542,0.016949153,0.466101695,0.322033898,9.720338983,0.144067797,0.381355932,0.601694915,0.127118644,14.62711864,0.084745763,0.211864407,16289,118,0.512208364,0.944,0.698224852,1,36.918,13.33464885,11.45261275,-29.74987516,468.2288136,212.2881356,0.489361702,2,244,260,0,0,0
930216,260,0.2625,0.225,0.6875,0.05,0.0375,0.0875,2.2375,2.2125,0.05,0.5125,0.05,0.125,3.5,0.2125,0.225,0.3375,0.0625,0.0875,0.8375,0.0375,0.55,0.2125,2.8,0.2625,0.6,0.85,0.2375,19.075,0.1125,0.1625,16352,80,0.702908742,0.824742268,0.559440559,1,34.652,12.84077257,9.133385275,-24.74579053,478.9125,212.55,0.790697674,3,244,250,259,0,0
930216,261,0.566371681,0.292035398,0.654867257,0.079646018,0.03539823,0.07079646,4.663716814,1.548672566,0.079646018,0.85840708,0.097345133,0.088495575,4.787610619,0.539823009,0.265486726,0.345132743,0.115044248,0.088495575,0.89380531,0.03539823,0.654867257,0.415929204,8.778761062,0.292035398,1.168141593,1.17699115,0.309734513,27.05309735,0.203539823,0.292035398,16415,113,0.885970728,0.830882353,0.511312217,1,42.823,18.43929552,8.551060412,58.9354618,613.6106195,213.7699115,0.472727273,1,258,0,0,0,0
930216,262,0.423076923,0.269230769,0.892307692,0.107692308,0.076923077,0.076923077,4.784615385,2.107692308,0.092307692,0.661538462,0.076923077,0.138461538,2.553846154,0.692307692,0.238461538,0.376923077,0.092307692,0.076923077,0.607692308,0.015384615,0.638461538,0.330769231,2.246153846,0.253846154,1.115384615,1.530769231,0.169230769,27.84615385,0.138461538,0.5,16478,130,0.555880823,0.962962963,0.714285714,1,38.895,14.1904242,11.79596039,55.61157578,742.9923077,212.3615385,0.31372549,1,248,0,0,0,0
930216,263,0.40625,0.21875,0.453125,0.109375,0.046875,0.0625,1.390625,1.59375,0.09375,0.40625,0.03125,0.015625,1.6875,0.34375,0.09375,0.3125,0.046875,0.046875,0.234375,0.015625,0.609375,0.359375,16.703125,0.171875,0.59375,0.625,0.171875,17.453125,0.09375,0.1875,16541,64,0.782902049,0.914285714,0.666666667,1,28.193,11.72219616,7.292905543,1.385022278,700.671875,215.421875,0.588235294,2,247,255,0,0,0
930216,264,0.333333333,0.366666667,0.725,0.083333333,0.05,0.1,3.575,2.291666667,0.066666667,0.633333333,0.033333333,0.091666667,2.425,0.466666667,0.191666667,0.375,0.066666667,0.091666667,0.633333333,0.008333333,0.6,0.391666667,10.75,0.333333333,1.233333333,0.75,0.208333333,23.45,0.133333333,0.241666667,16604,120,0.597679833,0.96,0.714285714,1,36.455,13.89753847,11.14214133,64.87868469,788.7833333,214.35,0.291666667,1,253,0,0,0,0
930216,265,0.381944444,0.152777778,0.673611111,0.069444444,0.020833333,0.104166667,5.381944444,1.548611111,0.083333333,0.395833333,0.0625,0.145833333,2.451388889,0.256944444,0.1875,0.243055556,0.069444444,0.034722222,0.3125,0.020833333,0.625,0.263888889,2.958333333,0.208333333,1.409722222,0.645833333,0.194444444,20.42361111,0.104166667,0.222222222,16667,144,0.524857245,0.966442953,0.734693878,1,40.557,14.75611476,12.56026128,60.18381849,430.5694444,217.8888889,0.254901961,1,279,0,0,0,0
930216,266,0.517241379,0.183908046,0.517241379,0.091954023,0.057471264,0.08045977,3.655172414,1.540229885,0.08045977,0.505747126,0.045977011,0.068965517,3.32183908,0.413793103,0.126436782,0.264367816,0.034482759,0.057471264,0.448275862,0.022988506,0.402298851,0.206896552,1.287356322,0.333333333,1.011494253,0.885057471,0.195402299,27.4137931,0.126436782,0.32183908,16730,87,0.667738542,0.935483871,0.725,1,31.013,12.30858594,9.162460771,69.94225579,60.25287356,218.3333333,0.3,1,269,0,0,0,0
930216,267,0.347107438,0.181818182,0.694214876,0.165289256,0.041322314,0.049586777,3.173553719,1.694214876,0.099173554,0.487603306,0.041322314,0.115702479,2.73553719,0.504132231,0.157024793,0.314049587,0.074380165,0.049586777,0.636363636,0.016528926,0.52892562,0.239669421,3.239669421,0.231404959,1.107438017,0.603305785,0.157024793,17.21487603,0.140495868,0.190082645,16793,121,0.656989057,0.923664122,0.672222222,1,38.696,14.53727568,10.95965376,14.00737347,177.9504132,221.1652893,0.32,1,256,0,0,0,0
930216,268,0.298969072,0.567010309,0.762886598,0.082474227,0.051546392,0.06185567,3.969072165,2.06185567,0.06185567,0.577319588,0.082474227,0.134020619,2.556701031,0.515463918,0.154639175,0.381443299,0.06185567,0.072164948,0.587628866,0.041237113,0.525773196,0.432989691,15.48453608,0.402061856,1.257731959,0.721649485,0.154639175,20.93814433,0.154639175,0.278350515,16855,97,0.495800252,0.950980392,0.673611111,1,33.18,12.10785641,10.51490553,48.38745594,634.257732,221.2989691,0.431818182,1,283,0,0,0,0
930216,269,0.495412844,0.220183486,0.844036697,0.073394495,0.018348624,0.04587156,3.706422018,1.577981651,0.110091743,0.422018349,0.110091743,0.137614679,4.293577982,0.376146789,0.110091743,0.330275229,0.073394495,0.064220183,0.357798165,0,0.330275229,0.155963303,1.724770642,0.229357798,0.816513761,0.678899083,0.110091743,24.40366972,0.146788991,0.229357798,16918,109,0.727120036,0.956140351,0.644970414,1,36.174,14.33020505,9.837834012,41.18088753,50.51376147,224.0275229,0.282608696,1,266,0,0,0,0
930216,270,0.328,0.28,0.544,0.096,0.032,0.12,3.424,2.2,0.04,0.4,0.048,0.12,2.592,0.44,0.128,0.352,0.096,0.08,0.544,0.008,0.456,0.192,2.832,0.312,0.808,0.896,0.128,26.072,0.144,0.224,16981,125,0.566189345,0.961538462,0.694444444,1,37.398,13.97146251,11.51633023,78.5729399,382.552,223.144,0,0,0,0,0,0,0
930216,271,0.385185185,0.281481481,0.711111111,0.103703704,0.037037037,0.103703704,2.407407407,1.866666667,0.022222222,0.296296296,0.059259259,0.066666667,2.2,0.281481481,0.074074074,0.385185185,0.074074074,0.051851852,0.592592593,0.007407407,0.533333333,0.318518519,12.28888889,0.288888889,0.607407407,0.637037037,0.088888889,20.75555556,0.155555556,0.355555556,17044,135,0.59787806,0.918367347,0.692307692,1,41.326,14.80716514,11.86923207,-23.48136743,402.5185185,224.9333333,0,0,0,0,0,0,0
930216,272,0.561797753,0.185393258,0.606741573,0.08988764,0.050561798,0.112359551,4.258426966,2.202247191,0.117977528,0.730337079,0.06741573,0.050561798,3.230337079,0.752808989,0.112359551,0.421348315,0.073033708,0.061797753,0.556179775,0.011235955,0.483146067,0.331460674,6.134831461,0.342696629,1.764044944,0.859550562,0.151685393,25.23033708,0.129213483,0.224719101,17107,178,0.385049009,0.956989247,0.791111111,1,46.379,15.82969464,14.60916387,55.8286119,546.4438202,224.3932584,0,0,0,0,0,0,0
930216,273,0.477941176,0.275735294,0.577205882,0.088235294,0.040441176,0.069852941,3.761029412,1.834558824,0.058823529,0.466911765,0.084558824,0.069852941,2.408088235,0.441176471,0.5,0.290441176,0.055147059,0.095588235,0.547794118,0.003676471,0.474264706,0.290441176,5.481617647,0.319852941,1.386029412,0.801470588,0.136029412,23.45588235,0.095588235,0.242647059,17170,272,0.722889748,0.918918919,0.622425629,1,61.555,22.88057997,15.80964321,62.02500285,663.5294118,224.5257353,0.475,3,254,283,284,0,0
930216,274,0.620155039,0.317829457,0.565891473,0.147286822,0.031007752,0.062015504,4.271317829,2.015503876,0.069767442,0.472868217,0.03875969,0.108527132,3.511627907,0.511627907,0.108527132,0.364341085,0.07751938,0.07751938,0.682170543,0.015503876,0.542635659,0.317829457,2.271317829,0.348837209,1.286821705,0.798449612,0.093023256,24.46511628,0.15503876,0.255813953,17233,129,0.556671989,0.962686567,0.658163265,1,38.25,14.16067145,11.76372838,50.21229045,727.8062016,222.7054264,0,0,0,0,0,0,0
930216,275,0.405286344,0.27753304,0.757709251,0.136563877,0.04845815,0.074889868,4.594713656,1.828193833,0.066079295,0.466960352,0.066079295,0.088105727,3.083700441,0.418502203,0.185022026,0.365638767,0.074889868,0.088105727,0.643171806,0.026431718,0.753303965,0.370044053,9.321585903,0.295154185,1.004405286,0.775330396,0.114537445,25.49339207,0.207048458,0.264317181,17296,227,0.668668363,0.938016529,0.709375,1,53.789,19.99033967,14.86403237,77.94859334,96.44933921,225.6431718,0,0,0,0,0,0,0
930216,276,0.4,0.372727273,0.672727273,0.081818182,0.054545455,0.072727273,3.918181818,2.245454545,0.1,0.672727273,0.081818182,0.090909091,2.754545455,0.5,0.127272727,0.409090909,0.1,0.1,0.490909091,0.036363636,0.654545455,0.372727273,11.96363636,0.454545455,1.572727273,0.863636364,0.118181818,24.80909091,0.154545455,0.245454545,17359,110,0.534948526,0.956521739,0.705128205,1,34.685,12.95265521,10.94349958,51.05652634,749.5909091,226.0363636,0,0,0,0,0,0,0
930216,277,0.419117647,0.375,0.705882353,0.058823529,0.036764706,0.088235294,3.889705882,2,0.088235294,0.595588235,0.073529412,0.102941176,4.294117647,0.404411765,0.301470588,0.345588235,0.154411765,0.139705882,0.529411765,0,0.845588235,0.279411765,8.242647059,0.301470588,1.279411765,0.823529412,0.139705882,20.92647059,0.110294118,0.198529412,17421,136,0.518227585,0.957746479,0.747252747,1,38.969,14.30261597,12.23220869,53.64870326,770.1029412,226.5661765,0.28,1,292,0,0,0,0
930216,278,0.38,0.29,1.62,0.07,0.04,0.04,2.66,1.96,0.06,0.39,0.06,0.1,2.67,0.37,0.11,0.42,0.12,0.07,0.58,0,0.56,0.27,3.18,0.26,0.52,0.61,0.17,22.48,0.11,0.19,17484,100,0.516567803,0.943396226,0.699300699,1,33.552,12.29086899,10.52401094,88.77157223,19.8,227.73,0,0,0,0,0,0,0
930216,279,0.362068966,0.396551724,0.517241379,0.060344828,0.043103448,0.103448276,3.112068966,1.663793103,0.077586207,0.49137931,0.017241379,0.068965517,1.887931034,0.396551724,0.103448276,0.215517241,0.043103448,0.068965517,0.370689655,0.00862069,0.603448276,0.387931034,12.92241379,0.146551724,0.362068966,0.75862069,0.146551724,16.86206897,0.077586207,0.189655172,17547,116,0.79101462,0.913385827,0.725,1,38.878,15.7236174,9.619665837,0.473897873,425.4482759,228.6206897,0.291666667,1,265,0,0,0,0
930216,280,0.476923077,0.169230769,0.638461538,0.061538462,0.046153846,0.084615385,5.584615385,1.438461538,0.061538462,0.723076923,0.053846154,0.1,5.076923077,0.446153846,0.161538462,0.253846154,0.084615385,0.076923077,0.438461538,0,0.4,0.276923077,7.823076923,0.184615385,1.023076923,0.592307692,0.138461538,21.2,0.084615385,0.184615385,17610,130,0.266237158,0.942028986,0.663265306,1,39.085,13.2449272,12.7668854,53.50213309,71.07692308,230.3307692,0,0,0,0,0,0,0
930216,281,0.398230088,0.247787611,0.672566372,0.017699115,0.026548673,0.061946903,3.663716814,1.840707965,0.088495575,0.513274336,0.079646018,0.150442478,2.283185841,0.318584071,0.10619469,0.345132743,0.115044248,0.097345133,0.575221239,0.017699115,0.309734513,0.238938053,1.548672566,0.256637168,0.805309735,0.752212389,0.132743363,20.09734513,0.150442478,0.318584071,17673,113,0.599169755,0.949579832,0.724358974,1,35.694,13.53165037,10.83373714,62.64390938,200.3451327,231.8584071,0,0,0,0,0,0,0
930216,282,0.2,0.263636364,0.809090909,0.027272727,0.054545455,0.109090909,2.072727273,1.663636364,0.090909091,0.290909091,0.072727273,0.136363636,1.963636364,0.254545455,0.245454545,0.309090909,0.036363636,0.072727273,0.845454545,0.036363636,0.490909091,0.2,4.136363636,0.254545455,0.354545455,0.654545455,0.127272727,16.90909091,0.081818182,0.154545455,17736,110,0.559105647,0.901639344,0.604395604,1,38.142,13.44777256,11.1495001,39.69198357,473.8,231,0.448979592,2,291,294,0,0,0
930216,283,0.390041494,0.136929461,0.473029046,0.070539419,0.024896266,0.091286307,4.427385892,1.709543568,0.078838174,0.580912863,0.037344398,0.062240664,3.676348548,0.390041494,0.141078838,0.2406639,0.099585062,0.232365145,0.414937759,0,0.493775934,0.269709544,1.614107884,0.381742739,1.410788382,0.684647303,0.141078838,17.98755187,0.112033195,0.219917012,17799,241,0.683602464,0.902621723,0.616368286,1,59.496,20.97668794,15.30993124,23.02938959,643.033195,229.1369295,0.636363636,3,268,273,293,0,0
930216,284,0.348214286,0.258928571,0.482142857,0.098214286,0.035714286,0.044642857,2.848214286,1.553571429,0.116071429,0.4375,0.044642857,0.071428571,2.348214286,0.419642857,0.258928571,0.348214286,0.0625,0.026785714,0.571428571,0.017857143,0.526785714,0.330357143,13.54464286,0.294642857,1.089285714,0.544642857,0.133928571,18.91964286,0.107142857,0.232142857,17862,112,0.357297044,0.949152542,0.777777778,1,35.115,12.48331652,11.65930284,-20.60626741,673.625,231.2589286,0.431818182,2,273,287,0,0,0
930216,285,0.460784314,0.274509804,0.549019608,0.098039216,0.088235294,0.058823529,3.970588235,1.990196078,0.078431373,0.431372549,0.078431373,0.117647059,2.245098039,0.392156863,0.137254902,0.490196078,0.098039216,0.049019608,0.598039216,0.068627451,0.37254902,0.215686275,3.745098039,0.215686275,1.215686275,0.480392157,0.166666667,23.40196078,0.176470588,0.323529412,17925,102,0.28046617,0.944444444,0.708333333,1,33.734,11.74310233,11.27178013,30.59104438,570.5882353,233.9215686,0,0,0,0,0,0,0
930216,286,0.484210526,0.178947368,0.705263158,0.126315789,0.021052632,0.042105263,2.915789474,1.747368421,0.115789474,0.326315789,0.094736842,0.136842105,3.021052632,0.4,0.178947368,0.294736842,0.052631579,0.105263158,0.515789474,0,0.473684211,0.231578947,2.115789474,0.168421053,0.578947368,0.642105263,0.2,18.85263158,0.052631579,0.105263158,17988,95,0.370841045,0.95959596,0.71969697,1,32.047,11.48353648,10.66471847,68.60129908,156.8842105,236.9473684,0,0,0,0,0,0,0
930216,287,0.360824742,0.257731959,0.515463918,0.082474227,0.051546392,0.041237113,3.18556701,1.505154639,0.134020619,0.298969072,0.051546392,0.072164948,2.12371134,0.329896907,0.134020619,0.216494845,0.020618557,0.041237113,0.515463918,0.041237113,0.474226804,0.278350515,9.731958763,0.360824742,1.443298969,0.773195876,0.092783505,15.02061856,0.206185567,0.144329897,18050,97,0.722213691,0.950980392,0.673611111,1,33.18,13.46351655,9.312310458,42.20909812,686.5360825,235.6391753,0.045454545,1,284,0,0,0,0
930216,288,0.291338583,0.157480315,1.181102362,0.11023622,0.05511811,0.070866142,1.212598425,1.724409449,0.05511811,0.417322835,0.102362205,0.078740157,2.078740157,0.377952756,0.086614173,0.346456693,0.102362205,0.078740157,0.385826772,0.007874016,0.488188976,0.157480315,6.88976378,0.188976378,0.31496063,0.88976378,0.125984252,17.42519685,0.086614173,0.251968504,18113,127,0.334174728,0.933823529,0.604761905,1,40.218,13.34567838,12.57845056,-19.87351493,782.2677165,239.4566929,0,0,0,0,0,0,0
930216,289,0.438202247,0.280898876,0.415730337,0.078651685,0.04494382,0.02247191,2.842696629,1.505617978,0.08988764,0.337078652,0.078651685,0.08988764,1.606741573,0.224719101,0.101123596,0.292134831,0.04494382,0.04494382,0.460674157,0,0.348314607,0.224719101,1.93258427,0.213483146,1.146067416,0.651685393,0.112359551,15.95505618,0.123595506,0.157303371,18176,89,0.535864841,0.956989247,0.674242424,1,31.402,11.67487179,9.857138377,27.48897071,264.8651685,237.4044944,0,0,0,0,0,0,0
930216,290,0.427419355,0.120967742,0.64516129,0.096774194,0.048387097,0.088709677,4.185483871,1.983870968,0.096774194,0.306451613,0.024193548,0.056451613,7.806451613,0.419354839,0.14516129,0.419354839,0.112903226,0.072580645,0.508064516,0.008064516,0.411290323,0.346774194,5.653225806,0.274193548,1.185483871,0.653225806,0.153225806,24.99193548,0.217741935,0.201612903,18239,124,0.660143321,0.96124031,0.681318681,1,37.216,14.57797914,10.95009836,36.86428401,341.3064516,237.75,0,0,0,0,0,0,0
930216,291,0.344827586,0.396551724,0.896551724,0.120689655,0.034482759,0.086206897,3.155172414,2.206896552,0.189655172,0.431034483,0.120689655,0.137931034,4.586206897,0.413793103,0.155172414,0.586206897,0.137931034,0.034482759,0.689655172,0,0.534482759,0.224137931,3.931034483,0.24137931,0.879310345,0.775862069,0.172413793,19.56896552,0.137931034,0.206896552,18302,58,0.640502161,0.90625,0.527272727,1,28.028,10.37430425,7.967013,51.17971833,477.8793103,237.6896552,0.8,2,282,294,0,0,0
930216,292,0.448,0.208,0.536,0.088,0.048,0.08,4.456,1.584,0.104,0.376,0.056,0.072,3.792,0.472,1.08,0.32,0.096,0.128,0.864,0.008,0.496,0.328,10.696,0.336,0.72,0.64,0.12,20.28,0.12,0.208,18365,125,0.494523552,0.925925926,0.744047619,1,39.06,13.75113949,11.95199855,-75.20750206,764.472,237.624,0.3125,1,277,0,0,0,0
930216,293,0.471698113,0.29245283,0.509433962,0.037735849,0.028301887,0.037735849,6.896226415,1.650943396,0.066037736,0.471698113,0.075471698,0.056603774,7.037735849,0.490566038,0.08490566,0.179245283,0.094339623,0.08490566,0.490566038,0,0.58490566,0.377358491,14.5754717,0.29245283,1.075471698,0.858490566,0.160377358,23.99056604,0.113207547,0.226415094,18428,106,0.511122059,0.929824561,0.630952381,1,36.273,12.78436103,10.98826236,-5.988122866,633.1415094,238.4433962,0.416666667,1,283,0,0,0,0
930216,294,0.363636364,0.345454545,0.918181818,0.054545455,0.036363636,0.063636364,3.936363636,1.8,0.118181818,0.618181818,0.009090909,0.063636364,2.645454545,0.463636364,0.327272727,0.3,0.054545455,0.072727273,0.554545455,0.036363636,0.536363636,0.136363636,6.154545455,0.218181818,1.490909091,0.690909091,0.145454545,18.74545455,0.181818182,0.272727273,18491,110,0.405632974,0.93220339,0.650887574,1,37.183,12.75954146,11.66268081,50.96974726,471.1909091,243.9090909,0.782608696,3,282,291,296,0,0
930216,295,0.372222222,0.238888889,0.427777778,0.022222222,0.027777778,0.133333333,2.85,1.472222222,0.055555556,0.327777778,0.05,0.05,2.805555556,0.344444444,0.133333333,0.261111111,0.066666667,0.055555556,0.622222222,0,0.516666667,0.188888889,2.583333333,0.233333333,0.766666667,0.561111111,0.127777778,19.64444444,0.1,0.216666667,18554,180,0.513738103,0.947368421,0.661764706,1,47.14,16.52920375,14.1811818,-22.64136475,290.5555556,242.8277778,0.433333333,2,309,317,0,0,0
930216,296,0.291139241,0.113924051,1.189873418,0.050632911,0.025316456,0.126582278,1.835443038,1.53164557,0.063291139,0.392405063,0.050632911,0.050632911,2.582278481,0.341772152,0.025316456,0.367088608,0.075949367,0.063291139,0.455696203,0.012658228,0.430379747,0.291139241,7.911392405,0.113924051,0.455696203,0.544303797,0.113924051,17.55696203,0.164556962,0.202531646,18616,79,0.330807185,0.918604651,0.718181818,1,30.922,10.59804924,10.00136176,-88.51747425,461.7848101,244.9746835,0.41025641,1,294,0,0,0,0
930216,297,0.329545455,0.227272727,0.681818182,0.079545455,0.011363636,0.056818182,1.761363636,1.772727273,0.090909091,0.397727273,0.102272727,0.079545455,3.227272727,0.318181818,0.181818182,0.397727273,0.090909091,0.034090909,0.420454545,0.034090909,0.454545455,0.159090909,3.852272727,0.204545455,0.477272727,0.636363636,0.193181818,17.79545455,0.068181818,0.215909091,18679,88,0.120188604,0.956521739,0.727272727,1,30.459,10.69692677,10.61938557,45,736.7272727,245.7272727,0.1,1,323,0,0,0,0
930216,298,0.824427481,0.290076336,1.053435115,0.106870229,0.083969466,0.129770992,2.79389313,1.93129771,0.122137405,1.022900763,0.145038168,0.129770992,6.885496183,0.671755725,0.251908397,0.435114504,0.083969466,0.06870229,0.854961832,0.030534351,1.061068702,0.41221374,7.251908397,0.244274809,0.839694656,1.030534351,0.152671756,23.84732824,0.145038168,0.41221374,18742,131,0.731074954,0.929078014,0.727777778,1,40.565,15.83784524,10.8061168,18.26647924,516.2900763,245.9923664,0,0,0,0,0,0,0
930216,299,0.333333333,0.28125,0.479166667,0.083333333,0.03125,0.041666667,3.125,1.895833333,0.0625,0.447916667,0.041666667,0.145833333,9.9375,0.28125,0.375,0.28125,0.083333333,0.083333333,0.572916667,0,0.53125,0.197916667,2.03125,0.395833333,0.927083333,0.75,0.15625,20.13541667,0.072916667,0.28125,18805,96,0.730691359,0.96,0.666666667,1,33.453,13.48151073,9.203934488,42.71113881,709.6875,246.09375,0.325581395,1,302,0,0,0,0
930216,300,0.255172414,0.15862069,0.606896552,0.062068966,0.055172414,0.055172414,3.875862069,1.531034483,0.096551724,0.455172414,0.048275862,0.124137931,2.855172414,0.427586207,0.151724138,0.331034483,0.068965517,0.048275862,0.386206897,0.013793103,0.503448276,0.234482759,5.137931034,0.317241379,1.255172414,0.586206897,0.062068966,20.6137931,0.110344828,0.268965517,18868,145,0.568855102,0.935483871,0.647321429,1,43.303,15.30174197,12.58473043,71.02465422,171.2068966,247.137931,0,0,0,0,0,0,0
930216,301,0.461538462,0.223076923,0.569230769,0.046153846,0.030769231,0.046153846,2.769230769,1.7,0.084615385,0.469230769,0.038461538,0.1,8.415384615,0.346153846,0.184615385,0.307692308,0.053846154,0.046153846,0.538461538,0.038461538,0.476923077,0.238461538,2.176923077,0.323076923,0.953846154,0.784615385,0.107692308,22.02307692,0.138461538,0.276923077,18931,130,0.403803027,0.935251799,0.714285714,1,39.548,13.66746104,12.5036214,7.70042478,224.2846154,246.9692308,0,0,0,0,0,0,0
930216,302,0.356435644,0.405940594,0.702970297,0.04950495,0.04950495,0.059405941,3.396039604,1.841584158,0.099009901,0.495049505,0.079207921,0.138613861,5.01980198,0.554455446,0.336633663,0.386138614,0.069306931,0.079207921,0.584158416,0.00990099,0.613861386,0.257425743,2.742574257,0.346534653,1.396039604,0.762376238,0.188118812,22.01980198,0.108910891,0.247524752,18994,101,0.567807707,0.943925234,0.706293706,1,33.825,12.57738608,10.35321657,36.6647236,719.9207921,247.0990099,0.30952381,1,299,0,0,0,0
930216,303,0.447916667,0.145833333,0.5625,0.125,0.020833333,0.104166667,3.291666667,1.854166667,0.072916667,0.447916667,0.020833333,0.041666667,3.208333333,0.3125,0.145833333,0.34375,0.0625,0.041666667,0.541666667,0.020833333,0.333333333,0.197916667,2.28125,0.291666667,0.645833333,0.791666667,0.09375,20.125,0.083333333,0.208333333,19057,96,0.75725592,0.941176471,0.615384615,1,33.941,13.86310145,9.054244795,48.43129832,199.6770833,249.25,0.177777778,2,320,332,0,0,0
930216,304,0.430894309,0.243902439,0.536585366,0.154471545,0.089430894,0.056910569,4.162601626,1.93495935,0.130081301,0.487804878,0.048780488,0.081300813,2.25203252,0.292682927,0.154471545,0.333333333,0.073170732,0.130081301,0.821138211,0.016260163,0.585365854,0.292682927,4.097560976,0.227642276,0.666666667,0.943089431,0.178861789,26.09756098,0.227642276,0.382113821,19120,123,0.52905535,0.946153846,0.732142857,1,38.39,13.77297414,11.68757119,76.69348677,359.398374,247.8861789,0.510638298,1,310,0,0,0,0
930216,305,0.510204082,0.142857143,0.693877551,0.183673469,0.06122449,0.081632653,7.795918367,1.591836735,0.244897959,0.653061224,0.040816327,0.12244898,1.775510204,0.551020408,0.224489796,0.163265306,0.142857143,0.040816327,0.428571429,0.06122449,0.612244898,0.244897959,3.387755102,0.224489796,0.734693878,0.857142857,0.346938776,29.87755102,0.142857143,0.387755102,19183,49,0.712774386,0.942307692,0.7,1,23.603,9.649844669,6.76833718,12.05499461,549.3265306,247.2244898,0.933333333,2,308,316,0,0,0
930216,306,0.416666667,0.5,0.583333333,0.055555556,0.069444444,0.083333333,2.444444444,1.708333333,0.041666667,0.347222222,0.055555556,0.083333333,2.583333333,0.263888889,0.083333333,0.375,0.013888889,0.069444444,0.472222222,0.027777778,0.291666667,0.375,12.81944444,0.236111111,0.486111111,0.694444444,0.138888889,19.125,0.138888889,0.263888889,19245,72,0.660613337,0.935064935,0.595041322,1,29.525,11.30470167,8.486737168,-43.7947519,322.625,248.3472222,0.5,1,313,0,0,0,0
930216,307,0.545454545,0.318181818,0.625,0.125,0.034090909,0.068181818,2.613636364,1.977272727,0.056818182,0.454545455,0.045454545,0.170454545,2.431818182,0.613636364,0.068181818,0.340909091,0.068181818,0.045454545,0.806818182,0.011363636,0.602272727,0.397727273,9.840909091,0.284090909,0.818181818,0.659090909,0.204545455,22.46590909,0.079545455,0.431818182,19308,88,0.539313274,0.946236559,0.666666667,1,31.038,11.63503327,9.797922185,54.84976497,419.9204545,250.5795455,0,0,0,0,0,0,0
930216,308,0.433962264,0.188679245,0.622641509,0.188679245,0.028301887,0.037735849,4.339622642,1.971698113,0.132075472,0.481132075,0.009433962,0.094339623,3.669811321,0.254716981,0.169811321,0.339622642,0.103773585,0.047169811,0.528301887,0.009433962,0.471698113,0.283018868,3.971698113,0.29245283,0.669811321,0.688679245,0.113207547,26.04716981,0.198113208,0.169811321,19371,106,0.66347068,0.868852459,0.630952381,1,39.647,14.00196653,10.47630332,-88.10406199,541.6226415,246.1226415,0.46,2,305,316,0,0,0
930216,309,0.354545455,0.2,0.881818182,0.118181818,0.063636364,0.081818182,1.572727273,1.581818182,0.072727273,0.590909091,0.054545455,0.072727273,2.418181818,0.4,0.1,0.281818182,0.063636364,0.081818182,0.454545455,0.009090909,0.509090909,0.454545455,16.26363636,0.309090909,0.409090909,0.718181818,0.1,21.64545455,0.109090909,0.2,19434,110,0.556729674,0.924369748,0.654761905,1,37.679,13.30500605,11.05238509,13.58542641,283.1636364,252.1181818,0.541666667,2,295,317,0,0,0
930216,310,0.262569832,0.173184358,0.625698324,0.061452514,0.039106145,0.100558659,2.608938547,1.290502793,0.044692737,0.368715084,0.044692737,0.067039106,2.318435754,0.368715084,0.089385475,0.273743017,0.083798883,0.022346369,0.363128492,0.011173184,0.441340782,0.25698324,4.983240223,0.134078212,0.882681564,0.664804469,0.117318436,14.41899441,0.111731844,0.245810056,19497,179,0.733380493,0.852380952,0.621527778,1,53.02,19.17506996,13.03556533,71.59676471,369.4748603,247.2793296,0.46969697,2,304,329,0,0,0
930216,311,0.376146789,0.256880734,0.798165138,0.082568807,0.036697248,0.073394495,3.779816514,1.706422018,0.055045872,0.559633028,0.027522936,0.119266055,2.513761468,0.403669725,0.119266055,0.412844037,0.073394495,0.04587156,0.651376147,0.009174312,0.614678899,0.23853211,1.779816514,0.330275229,0.972477064,0.724770642,0.146788991,20.75229358,0.100917431,0.28440367,19560,109,0.593963494,0.947826087,0.762237762,1,34.751,13.21187837,10.62885037,75.26836311,66.94495413,251.1376147,0,0,0,0,0,0,0
930216,312,0.411764706,0.135294118,0.505882353,0.076470588,0.041176471,0.070588235,3.588235294,1.805882353,0.047058824,0.435294118,0.064705882,0.058823529,2.9,0.4,0.223529412,0.441176471,0.058823529,0.047058824,0.482352941,0.017647059,0.523529412,0.164705882,2.147058824,0.217647059,1.241176471,0.970588235,0.135294118,23.40588235,0.111764706,0.211764706,19623,170,0.822413951,0.934065934,0.62962963,1,47.041,19.67392905,11.19229217,34.68731795,262.5764706,253.0882353,0,0,0,0,0,0,0
930216,313,0.444444444,0.233333333,0.544444444,0.022222222,0.033333333,0.066666667,3.488888889,1.844444444,0.033333333,0.377777778,0.077777778,0.144444444,2.766666667,0.366666667,0.188888889,0.188888889,0.033333333,0.1,0.622222222,0.011111111,0.522222222,0.211111111,1.844444444,0.255555556,1.011111111,0.744444444,0.133333333,21.52222222,0.144444444,0.377777778,19686,90,0.764116597,0.947368421,0.629370629,1,33.825,13.58232919,8.76166386,-33.07081789,316.8111111,252.9444444,0.441860465,1,306,0,0,0,0
930216,314,0.228070175,0.245614035,0.625730994,0.058479532,0.023391813,0.070175439,1.573099415,1.842105263,0.052631579,0.356725146,0.081871345,0.070175439,1.760233918,0.432748538,0.175438596,0.274853801,0.105263158,0.046783626,0.362573099,0.035087719,0.485380117,0.315789474,8.877192982,0.298245614,0.467836257,0.631578947,0.175438596,17.92982456,0.105263158,0.257309942,19749,171,0.49547227,0.93442623,0.66796875,1,46.95,15.99634258,13.89480317,36.64421127,569.4093567,254.0643275,0.316666667,2,319,333,0,0,0
930216,315,0.545454545,0.204545455,0.625,0.090909091,0.022727273,0.090909091,2.920454545,1.840909091,0.068181818,0.75,0.068181818,0.034090909,3.238636364,0.386363636,0.079545455,0.295454545,0.068181818,0.102272727,0.477272727,0.011363636,0.761363636,0.284090909,1.034090909,0.25,0.761363636,0.795454545,0.125,18.45454545,0.090909091,0.227272727,19811,88,0.449621782,0.956521739,0.727272727,1,30.459,11.27070343,10.0672069,43.68113606,613.9772727,251.7272727,0,0,0,0,0,0,0
930216,316,0.323232323,0.242424242,0.727272727,0.212121212,0.070707071,0.090909091,7.212121212,1.787878788,0.141414141,0.787878788,0.060606061,0.080808081,1.545454545,0.292929293,0.121212121,0.292929293,0.060606061,0.101010101,0.424242424,0.050505051,0.525252525,0.373737374,9.919191919,0.313131313,0.676767677,0.929292929,0.212121212,26.83838384,0.191919192,0.303030303,19874,99,0.885701084,0.798387097,0.4125,1,44.593,18.31509931,8.502893875,42.65888528,548.2323232,254.4949495,1,4,305,308,319,328,0
930216,317,0.520408163,0.459183673,0.602040816,0.153061224,0.020408163,0.071428571,3.602040816,2.132653061,0.051020408,0.755102041,0.06122449,0.091836735,3.326530612,0.551020408,0.214285714,0.346938776,0.051020408,0.030612245,0.632653061,0.020408163,0.693877551,0.397959184,15.24489796,0.37755102,0.765306122,1.142857143,0.132653061,25.75510204,0.224489796,0.193877551,19937,98,0.880659497,0.867256637,0.5,1,40.003,16.67460366,7.89958974,41.81875884,293.0612245,255.3877551,0.93877551,5,295,309,318,327,340
930216,318,0.222222222,0.166666667,1.333333333,0.111111111,0.018518519,0.111111111,1.62962963,1.833333333,0.055555556,0.388888889,0.037037037,0.148148148,1.833333333,0.314814815,0.12962963,0.407407407,0.018518519,0.018518519,0.740740741,0,0.407407407,0.277777778,3.277777778,0.185185185,0.444444444,0.481481481,0.148148148,23.03703704,0.240740741,0.222222222,20000,54,0.600762137,0.931034483,0.75,1,24.157,9.432141781,7.540316635,-69.37756334,301.2777778,256.3518519,0.7,2,317,327,0,0,0
930216,319,0.606299213,0.275590551,0.700787402,0.125984252,0.039370079,0.102362205,5.732283465,1.803149606,0.212598425,0.559055118,0.031496063,0.157480315,3.42519685,0.464566929,0.220472441,0.25984252,0.125984252,0.078740157,0.755905512,0,0.57480315,0.291338583,5.937007874,0.385826772,0.818897638,0.732283465,0.11023622,26.02362205,0.125984252,0.31496063,20063,127,0.806736086,0.913669065,0.604761905,1,41.409,16.77241256,9.91101838,47.33680747,555.5984252,256.976378,0.75,2,314,316,0,0,0
930216,320,0.384,0.192,0.736,0.048,0.048,0.104,2.152,1.184,0.064,0.264,0.04,0.032,2.4,0.272,0.112,0.24,0.04,0.088,0.64,0,0.328,0.312,8.28,0.224,0.584,0.552,0.128,18.024,0.112,0.248,20126,125,0.739295703,0.946969697,0.641025641,1,38.903,15.51315071,10.4462597,58.33419116,187.752,258.576,0.490196078,3,303,332,338,0,0
930216,321,0.352112676,0.183098592,1.183098592,0.077464789,0.049295775,0.056338028,2.098591549,1.725352113,0.063380282,0.408450704,0.042253521,0.056338028,2.683098592,0.373239437,0.133802817,0.225352113,0.070422535,0.042253521,0.514084507,0.014084507,0.415492958,0.190140845,3.971830986,0.253521127,0.394366197,0.676056338,0.126760563,18.31690141,0.133802817,0.23943662,20189,142,0.544331533,0.946666667,0.676190476,1,40.772,14.78825175,12.40542344,-51.51950097,595.5774648,255.3521127,0,0,0,0,0,0,0
930216,322,0.415662651,0.186746988,0.638554217,0.198795181,0.036144578,0.096385542,6.921686747,1.379518072,0.162650602,0.662650602,0.048192771,0.048192771,2.222891566,0.463855422,0.13253012,0.343373494,0.042168675,0.042168675,0.56626506,0.006024096,0.403614458,0.259036145,5.126506024,0.343373494,1.072289157,0.63253012,0.138554217,25.19879518,0.126506024,0.198795181,20252,166,0.405836032,0.907103825,0.741071429,1,46.652,15.48865492,14.15579272,-83.67952273,103.5903614,256.4096386,0.440677966,2,325,336,0,0,0
930216,323,0.361904762,0.180952381,0.657142857,0.066666667,0.047619048,0.066666667,2.657142857,1.4,0.066666667,0.580952381,0.076190476,0.104761905,2.971428571,0.323809524,0.095238095,0.342857143,0.085714286,0.057142857,0.533333333,0,0.476190476,0.152380952,5.39047619,0.304761905,0.333333333,0.685714286,0.066666667,19.6,0.133333333,0.171428571,20315,105,0.788025459,0.826771654,0.75,1,40.557,15.44406162,9.508023067,-89.02131635,733.8,259.6952381,0.52,2,297,326,0,0,0
930216,324,0.464705882,0.229411765,0.729411765,0.088235294,0.023529412,0.1,2.541176471,1.711764706,0.129411765,0.482352941,0.064705882,0.117647059,1.917647059,0.435294118,0.164705882,0.364705882,0.105882353,0.058823529,0.488235294,0.011764706,0.517647059,0.370588235,6.564705882,0.258823529,0.494117647,0.664705882,0.152941176,19.77647059,0.1,0.270588235,20377,170,0.531172452,0.928961749,0.714285714,1,46.561,16.36219491,13.86309427,-9.13978766,38.25294118,260.7705882,0,0,0,0,0,0,0
930216,325,0.175438596,0.149122807,0.473684211,0.035087719,0.061403509,0.01754386,1.052631579,1.00877193,0.096491228,0.342105263,0.052631579,0.052631579,1.219298246,0.271929825,0.070175439,0.184210526,0.096491228,0.01754386,0.359649123,0.01754386,0.368421053,0.228070175,3.842105263,0.219298246,0.333333333,0.614035088,0.078947368,15.59649123,0.061403509,0.210526316,20440,114,0.692230521,0.94214876,0.74025974,1,36.157,14.26213035,10.29264367,67.2541069,115.8157895,261.3508772,0.239130435,1,322,0,0,0,0
930216,326,0.423728814,0.440677966,1.898305085,0.152542373,0.033898305,0.033898305,2.033898305,1.694915254,0.06779661,0.423728814,0.033898305,0.050847458,3.050847458,0.389830508,0.169491525,0.372881356,0.101694915,0.152542373,0.389830508,0,0.593220339,0.389830508,8.186440678,0.254237288,0.389830508,0.728813559,0.152542373,18.76271186,0.06779661,0.288135593,20503,59,0.754449315,0.921875,0.670454545,1,26.233,10.87814349,7.13995987,78.08187748,727.2711864,259.9491525,0.636363636,1,323,0,0,0,0
930216,327,0.357142857,0.321428571,0.785714286,0.053571429,0,0.107142857,1.607142857,1.821428571,0.053571429,0.517857143,0.089285714,0.285714286,3.071428571,0.392857143,0.071428571,0.357142857,0.071428571,0.053571429,0.714285714,0.017857143,0.517857143,0.196428571,4.571428571,0.303571429,0.410714286,0.857142857,0.107142857,23.25,0.107142857,0.125,20566,56,0.764660039,0.918032787,0.666666667,1,26.134,10.69517937,6.892335933,-2.152421938,296.3928571,261.9642857,0.71875,3,317,318,340,0,0
930216,328,0.339449541,0.23853211,0.899082569,0.211009174,0.009174312,0.073394495,3.449541284,1.80733945,0.073394495,0.394495413,0.04587156,0.073394495,3.220183486,0.330275229,0.165137615,0.403669725,0.128440367,0.091743119,0.449541284,0.009174312,0.458715596,0.220183486,5.504587156,0.229357798,0.605504587,0.587155963,0.128440367,20.00917431,0.064220183,0.220183486,20629,109,0.697112618,0.915966387,0.644970414,1,36.637,14.13927966,10.13732119,-28.96060377,536.1743119,260.7155963,0.673913043,3,316,339,342,0,0
930216,329,0.347222222,0.388888889,0.444444444,0.027777778,0.055555556,0.097222222,4.458333333,1.638888889,0.111111111,0.180555556,0.125,0.138888889,6.430555556,0.305555556,0.236111111,0.222222222,0.069444444,0.055555556,0.388888889,0,0.347222222,0.305555556,9.388888889,0.263888889,0.75,0.611111111,0.180555556,18.41666667,0.208333333,0.208333333,20692,72,0.51543282,0.935064935,0.6,1,29.343,10.62853405,9.107909584,75.88992907,369.8472222,262.0972222,0.552631579,3,310,337,347,0,0
930216,330,0.413533835,0.37593985,0.609022556,0.067669173,0.052631579,0.090225564,2.218045113,1.796992481,0.045112782,0.473684211,0.060150376,0.060150376,4.112781955,0.323308271,0.120300752,0.338345865,0.052631579,0.015037594,0.488721805,0.030075188,0.526315789,0.278195489,12.76691729,0.278195489,0.631578947,0.571428571,0.067669173,20.69172932,0.120300752,0.195488722,20755,133,0.410947006,0.936619718,0.633333333,1,41.252,13.85051318,12.62694824,18.62531339,711.0827068,260.9548872,0,0,0,0,0,0,0
930216,331,0.595041322,0.32231405,0.578512397,0.107438017,0.041322314,0.107438017,3.67768595,2.107438017,0.024793388,0.479338843,0.049586777,0.090909091,4.661157025,0.47107438,0.115702479,0.371900826,0.090909091,0.066115702,0.710743802,0.049586777,0.578512397,0.157024793,1.165289256,0.404958678,0.685950413,0.785123967,0.181818182,21.80165289,0.198347107,0.165289256,20818,121,0.443198721,0.930769231,0.720238095,1,38.142,13.26505186,11.89110275,15.72732085,790.3471074,262.7190083,0,0,0,0,0,0,0
930216,332,0.530120482,0.192771084,0.746987952,0.060240964,0.012048193,0.144578313,2.373493976,2.144578313,0.012048193,0.43373494,0.048192771,0.120481928,9.626506024,0.361445783,0.168674699,0.409638554,0.072289157,0.120481928,0.530120482,0.036144578,0.421686747,0.313253012,2.891566265,0.265060241,1.024096386,0.795180723,0.144578313,27.25301205,0.120481928,0.192771084,20881,83,0.523378106,0.943181818,0.628787879,1,31.121,11.34000365,9.66282342,-56.17219072,197.5903614,263.1325301,0.609756098,3,303,320,338,0,0
930216,333,0.34351145,0.198473282,0.488549618,0.076335878,0.053435115,0.099236641,1.854961832,1.847328244,0.083969466,0.519083969,0.038167939,0.099236641,2.038167939,0.267175573,0.114503817,0.297709924,0.045801527,0.030534351,0.496183206,0.007633588,0.511450382,0.175572519,3.129770992,0.328244275,0.572519084,0.786259542,0.145038168,19.39694656,0.106870229,0.244274809,20944,131,0.469504468,0.963235294,0.71978022,1,38.324,13.8595949,12.23705346,39.35319859,580.3664122,263.4580153,0.12,1,314,0,0,0,0
930216,334,0.504761905,0.180952381,0.495238095,0.142857143,0.057142857,0.066666667,3.228571429,1.876190476,0.104761905,0.40952381,0.095238095,0.057142857,3.00952381,0.380952381,0.171428571,0.333333333,0.066666667,0.142857143,0.580952381,0,0.40952381,0.219047619,2.123809524,0.238095238,0.914285714,0.704761905,0.152380952,23.51428571,0.180952381,0.333333333,21006,105,0.690248912,0.9375,0.673076923,1,34.867,13.712639,9.922081632,54.70735245,648.247619,266.0095238,0,0,0,0,0,0,0
930216,335,0.376344086,0.333333333,0.76344086,0.053763441,0.064516129,0.021505376,3.064516129,1.978494624,0.086021505,0.483870968,0.075268817,0.096774194,3.150537634,0.268817204,0.204301075,0.290322581,0.129032258,0.053763441,0.516129032,0,0.64516129,0.215053763,1.537634409,0.35483871,0.903225806,0.752688172,0.182795699,19.25806452,0.086021505,0.322580645,21069,93,0.553504782,0.939393939,0.704545455,1,32.328,12.01653014,10.00791903,10.35654128,750.4946237,265.0537634,0,0,0,0,0,0,0
930216,336,0.265625,0.3125,0.4375,0.21875,0.046875,0.0625,7.875,1.9375,0.15625,0.40625,0.078125,0.0625,2.53125,0.59375,0.109375,0.5,0.109375,0.015625,0.625,0,0.640625,0.21875,1.46875,0.359375,1.03125,0.734375,0.125,30.296875,0.0625,0.234375,21132,64,0.632885167,0.955223881,0.8,1,26.026,10.37865354,8.035627613,12.26040094,102.6875,266.359375,0.53125,1,322,0,0,0,0
930216,337,0.472222222,0.166666667,0.638888889,0.069444444,0.041666667,0.138888889,4.541666667,1.388888889,0.152777778,0.472222222,0.055555556,0.111111111,5.111111111,0.319444444,0.097222222,0.277777778,0.027777778,0.083333333,0.513888889,0.055555556,0.527777778,0.402777778,1.652777778,0.222222222,0.833333333,0.652777778,0.180555556,22.68055556,0.111111111,0.236111111,21195,72,0.662943309,0.96,0.654545455,1,28.491,11.27603278,8.442022945,-40.98529656,363.8333333,266.9583333,0.657894737,2,329,347,0,0,0
930216,338,0.768292683,0.109756098,0.329268293,0.073170732,0.024390244,0.109756098,2.731707317,2.073170732,0.085365854,0.573170732,0.12195122,0.073170732,10.70731707,0.487804878,0.170731707,0.341463415,0.06097561,0.097560976,0.731707317,0.048780488,0.414634146,0.37804878,4.780487805,0.329268293,0.780487805,0.743902439,0.182926829,31.26829268,0.182926829,0.341463415,21258,82,0.307627003,0.931818182,0.621212121,1,31.857,10.79465231,10.27118756,-3.047214629,191.5609756,269,0.625,2,320,332,0,0,0
930216,339,0.257425743,0.207920792,0.584158416,0.089108911,0.03960396,0.108910891,4.564356436,1.99009901,0.099009901,0.435643564,0.069306931,0.059405941,2.247524752,0.356435644,0.168316832,0.386138614,0.079207921,0.03960396,0.603960396,0,0.514851485,0.257425743,8.831683168,0.287128713,1.495049505,0.811881188,0.118811881,20.75247525,0.168316832,0.148514851,21321,101,0.415583997,0.952830189,0.706293706,1,33.916,12.03615777,10.94754512,-86.17419634,531.5643564,268.9207921,0.697674419,2,328,342,0,0,0
930216,340,0.442477876,0.327433628,0.557522124,0.10619469,0.061946903,0.132743363,2.486725664,2.07079646,0.053097345,0.451327434,0.053097345,0.123893805,2.442477876,0.486725664,0.619469027,0.212389381,0.061946903,0.132743363,0.991150442,0.008849558,0.566371681,0.292035398,3.548672566,0.274336283,0.699115044,0.867256637,0.14159292,20.68141593,0.14159292,0.159292035,21384,113,0.628517199,0.949579832,0.672619048,1,36.364,13.70578118,10.66029749,37.94761945,286.3982301,270.2920354,0.065217391,2,317,327,0,0,0
930216,341,0.60952381,0.20952381,0.438095238,0.028571429,0.038095238,0.057142857,2.952380952,1.361904762,0.076190476,0.285714286,0.028571429,0.076190476,5.619047619,0.40952381,0.523809524,0.219047619,0.038095238,0.276190476,0.857142857,0.019047619,0.447619048,0.247619048,2.866666667,0.238095238,1.457142857,0.542857143,0.085714286,16.3047619,0.047619048,0.19047619,21447,105,0.739531935,0.945945946,0.673076923,1,35.049,14.21880525,9.570983122,41.00365122,474.9428571,270.6190476,0.130434783,1,351,0,0,0,0
930216,342,0.387387387,0.36036036,0.783783784,0.072072072,0.036036036,0.072072072,3.315315315,2.243243243,0.108108108,0.306306306,0.036036036,0.135135135,3.216216216,0.396396396,0.117117117,0.324324324,0.126126126,0.099099099,0.792792793,0.018018018,0.495495495,0.234234234,3.108108108,0.207207207,0.477477477,0.756756757,0.171171171,26.27027027,0.117117117,0.342342342,21510,111,0.810214066,0.909836066,0.60989011,1,38.142,15.84315956,9.28621585,55.85651461,539.4234234,273,0.489795918,2,328,339,0,0,0
930216,343,0.505263158,0.357894737,0.589473684,0.094736842,0.031578947,0.063157895,4.231578947,1.810526316,0.063157895,0.336842105,0.105263158,0.2,2.610526316,0.421052632,0.168421053,0.273684211,0.073684211,0.052631579,0.484210526,0,0.536842105,0.273684211,2.526315789,0.252631579,1.410526316,0.821052632,0.210526316,20.31578947,0.094736842,0.315789474,21572,95,0.370841045,0.95959596,0.71969697,1,32.047,11.48353648,10.66471847,68.60129908,25.11578947,274.0526316,0,0,0,0,0,0,0
930216,344,0.413407821,0.229050279,0.681564246,0.067039106,0.05027933,0.061452514,3.184357542,2.346368715,0.055865922,0.536312849,0.061452514,0.089385475,3.430167598,0.463687151,0.424581006,0.418994413,0.089385475,0.05027933,0.653631285,0,0.687150838,0.301675978,2.290502793,0.279329609,0.932960894,0.770949721,0.189944134,25.16759777,0.122905028,0.318435754,21635,179,0.760557936,0.95212766,0.662962963,1,47.14,18.89570644,12.26841668,66.467419,500.2960894,272.6759777,0.163934426,1,351,0,0,0,0
930216,345,0.349206349,0.246031746,1.46031746,0.111111111,0.071428571,0.142857143,2.031746032,1.952380952,0.047619048,0.492063492,0.055555556,0.071428571,3.603174603,0.46031746,0.150793651,0.317460317,0.055555556,0.047619048,0.5,0.007936508,0.523809524,0.198412698,3.325396825,0.26984127,0.603174603,0.722222222,0.253968254,20.65873016,0.095238095,0.26984127,21698,126,0.423726836,0.961832061,0.692307692,1,37.861,13.38154746,12.1208722,-16.67317688,692.1825397,275.5396825,0,0,0,0,0,0,0
930216,346,0.504132231,0.140495868,0.462809917,0.049586777,0.024793388,0.066115702,3.479338843,1.52892562,0.090909091,0.404958678,0.05785124,0.05785124,1.859504132,0.338842975,0.140495868,0.438016529,0.082644628,0.132231405,0.421487603,0.016528926,0.396694215,0.297520661,4.173553719,0.32231405,0.950413223,0.611570248,0.190082645,20.80165289,0.107438017,0.256198347,21761,121,0.680692429,0.9453125,0.664835165,1,38.051,14.73498021,10.79439452,-42.6259323,137.7768595,275.8181818,0,0,0,0,0,0,0
930216,347,0.428571429,0.197802198,0.571428571,0.065934066,0.065934066,0.120879121,2.78021978,1.076923077,0.076923077,0.417582418,0.054945055,0.142857143,4.769230769,0.351648352,0.164835165,0.131868132,0.032967033,0.142857143,0.582417582,0.010989011,0.362637363,0.252747253,0.879120879,0.197802198,1.032967033,0.725274725,0.208791209,18.52747253,0.120879121,0.32967033,21824,91,0.597215178,0.947916667,0.689393939,1,31.956,12.11225414,9.715009676,52.87824959,367.9340659,276.1318681,0.268292683,2,329,337,0,0,0
930216,348,0.529411765,0.319327731,0.899159664,0.050420168,0.025210084,0.067226891,2.81512605,2.235294118,0.075630252,0.487394958,0.042016807,0.075630252,2.74789916,0.403361345,0.705882353,0.411764706,0.084033613,0.142857143,0.672268908,0.008403361,0.579831933,0.352941176,13.28571429,0.352941176,0.848739496,0.823529412,0.142857143,22.62184874,0.201680672,0.268907563,21887,119,0.561986173,0.959677419,0.704142012,1,36.455,13.61280299,11.25978406,-36.4933635,662.1176471,276.4201681,0,0,0,0,0,0,0
930216,350,0.584,0.336,0.64,0.104,0.032,0.088,4.784,2,0.104,0.576,0.064,0.032,3.16,0.496,0.184,0.576,0.096,0.08,0.712,0.016,0.48,0.272,8.432,0.296,1.712,0.768,0.288,22.496,0.12,0.368,22013,125,0.686713792,0.961538462,0.637755102,1,38.432,14.9437684,10.86304214,50.53029934,417.128,276.608,0.470588235,2,355,364,0,0,0
930216,351,0.443609023,0.353383459,0.563909774,0.135338346,0.052631579,0.052631579,2.157894737,2.233082707,0.052631579,0.443609023,0.067669173,0.127819549,3.07518797,0.466165414,0.233082707,0.360902256,0.052631579,0.015037594,0.54887218,0.022556391,0.526315789,0.30075188,9.308270677,0.270676692,0.796992481,0.69924812,0.180451128,20.85714286,0.15037594,0.293233083,22076,133,0.795177799,0.956834532,0.633333333,1,40.772,16.89373873,10.2439635,40.64069622,485.6315789,276.7067669,0.283018868,2,341,344,0,0,0
930216,352,0.495049505,0.396039604,0.811881188,0.188118812,0.059405941,0.148514851,5.386138614,1.930693069,0.089108911,0.891089109,0.148514851,0.227722772,2.841584158,0.623762376,0.247524752,0.386138614,0.02970297,0.118811881,0.900990099,0.04950495,1.138613861,0.297029703,9.168316832,0.207920792,1.712871287,1.336633663,0.257425743,23.82178218,0.188118812,0.326732673,22139,101,0.414717053,0.943925234,0.765151515,1,33.246,11.98513335,10.90587712,65.3708771,397.1584158,278.5049505,0.404761905,1,356,0,0,0,0
930216,353,0.291666667,0.208333333,0.78125,0.15625,0.083333333,0.0625,2.260416667,1.84375,0.072916667,0.395833333,0.072916667,0.09375,2.854166667,0.260416667,0.083333333,0.395833333,0.072916667,0.0625,0.541666667,0.020833333,0.385416667,0.208333333,2.145833333,0.458333333,0.4375,0.854166667,0.114583333,21.39583333,0.114583333,0.197916667,22201,96,0.829807156,0.941176471,0.64,1,36.149,15.05211103,8.399834365,29.11193435,330.2916667,278.03125,0.340909091,1,362,0,0,0,0
930216,354,0.485981308,0.336448598,0.588785047,0.08411215,0.056074766,0.074766355,2.990654206,2.299065421,0.093457944,0.635514019,0.112149533,0.140186916,3,0.327102804,0.196261682,0.448598131,0.046728972,0.112149533,0.728971963,0.009345794,0.523364486,0.224299065,2.654205607,0.242990654,1.009345794,0.738317757,0.121495327,23.02803738,0.112149533,0.308411215,22264,107,0.627333763,0.938596491,0.685897436,1,34.867,13.34760055,10.39445068,54.18533326,265.2523364,280.9813084,0.02173913,1,368,0,0,0,0
930216,355,0.242990654,0.205607477,0.747663551,0.065420561,0.009345794,0.037383178,1.691588785,2.242990654,0.046728972,0.457943925,0.074766355,0.074766355,2.91588785,0.355140187,0.14953271,0.261682243,0.028037383,0.046728972,0.588785047,0.018691589,0.504672897,0.514018692,13.79439252,0.224299065,0.495327103,0.906542056,0.121495327,18.74766355,0.056074766,0.23364486,22327,107,0.678446571,0.930434783,0.633136095,1,36.753,13.81101877,10.14626145,56.6420463,425.0934579,281.7663551,0.729166667,2,350,357,0,0,0
930216,356,0.457943925,0.317757009,0.560747664,0.08411215,0.093457944,0.065420561,3.775700935,1.317757009,0.056074766,0.373831776,0.028037383,0.158878505,2.186915888,0.327102804,0.177570093,0.214953271,0.065420561,0.074766355,0.560747664,0,0.523364486,0.196261682,2.504672897,0.252336449,1.037383178,0.457943925,0.112149533,19.92523364,0.121495327,0.261682243,22390,107,0.612195331,0.938596491,0.636904762,1,36.447,13.37050992,10.57215001,-87.21224749,388.1495327,282.3271028,0.347826087,1,352,0,0,0,0
930216,357,0.363636364,0.237762238,0.769230769,0.062937063,0.048951049,0.034965035,1.804195804,1.874125874,0.055944056,0.454545455,0.090909091,0.083916084,2.699300699,0.384615385,0.188811189,0.328671329,0.111888112,0.034965035,0.384615385,0.020979021,0.671328671,0.265734266,9.398601399,0.195804196,0.545454545,0.601398601,0.160839161,20.11188811,0.160839161,0.174825175,22453,143,0.820015868,0.899371069,0.647058824,1,45.271,18.08672456,10.35177016,19.39543878,436.993007,283.1748252,0.280701754,1,355,0,0,0,0
930216,358,0.3125,0.270833333,0.833333333,0.020833333,0.020833333,0.083333333,1.96875,1.739583333,0.010416667,0.447916667,0.052083333,0.145833333,2.708333333,0.416666667,0.510416667,0.40625,0.020833333,0.03125,0.729166667,0,0.802083333,0.427083333,17.11458333,0.25,0.552083333,0.71875,0.125,20.48958333,0.083333333,0.28125,22516,96,0.587147316,0.932038835,0.671328671,1,33.37,12.4377861,10.06814031,-7.557380562,293.84375,284.1145833,0,0,0,0,0,0,0
930216,359,0.278195489,0.195488722,0.796992481,0.082706767,0.030075188,0.097744361,1.593984962,1.759398496,0.052631579,0.323308271,0.07518797,0.067669173,2.879699248,0.293233083,0.090225564,0.353383459,0.030075188,0.022556391,0.45112782,0,0.406015038,0.210526316,6.45112782,0.278195489,0.413533835,0.654135338,0.127819549,20.09022556,0.097744361,0.203007519,22579,133,0.682308312,0.858064516,0.59375,1,44.684,16.19977114,11.8430783,9.825713597,191.7518797,286.0676692,0.431034483,1,366,0,0,0,0
930216,360,0.425742574,0.148514851,0.653465347,0.04950495,0.00990099,0.128712871,4.742574257,1.524752475,0.118811881,0.326732673,0.02970297,0.099009901,3.98019802,0.485148515,0.099009901,0.247524752,0.099009901,0.059405941,0.346534653,0,0.376237624,0.227722772,0.96039604,0.217821782,0.831683168,0.762376238,0.158415842,19.58415842,0.108910891,0.188118812,22642,101,0.653767778,0.935185185,0.706293706,1,34.751,13.18265322,9.975250993,34.07166065,350.1881188,287.3465347,0.186046512,1,376,0,0,0,0
930216,361,0.254545455,0.254545455,0.981818182,0.090909091,0.027272727,0.072727273,1.927272727,1.6,0.054545455,0.336363636,0.063636364,0.063636364,2.163636364,0.3,0.118181818,0.3,0.045454545,0.081818182,0.336363636,0.009090909,0.363636364,0.154545455,3.772727273,0.136363636,0.281818182,0.581818182,0.154545455,16.72727273,0.090909091,0.163636364,22705,110,0.551101086,0.956521739,0.714285714,1,35.049,13.04506025,10.88530037,-0.348891368,460.7818182,286.8818182,0,0,0,0,0,0,0
930216,362,0.284810127,0.221518987,0.708860759,0.088607595,0.018987342,0.075949367,2.829113924,1.708860759,0.069620253,0.455696203,0.050632911,0.063291139,2.512658228,0.373417722,0.139240506,0.303797468,0.006329114,0.044303797,0.449367089,0.025316456,0.436708861,0.253164557,4.556962025,0.240506329,0.911392405,0.734177215,0.14556962,21.38607595,0.14556962,0.234177215,22767,158,0.679902136,0.963414634,0.705357143,1,43.65,16.74646166,12.28022824,41.60251913,325.3481013,288.8291139,0.267857143,1,353,0,0,0,0
930216,363,0.286821705,0.209302326,0.627906977,0.11627907,0.031007752,0.07751938,3.341085271,1.852713178,0.046511628,0.503875969,0.07751938,0.162790698,3.015503876,0.465116279,0.147286822,0.317829457,0.11627907,0.093023256,0.581395349,0.023255814,0.558139535,0.240310078,1.821705426,0.248062016,0.891472868,0.627906977,0.15503876,24.01550388,0.15503876,0.286821705,22830,129,0.543701264,0.948529412,0.708791209,1,38.878,14.22326315,11.9372835,53.23209551,374.1782946,288.5736434,0.34,1,370,0,0,0,0
930216,364,0.355263158,0.217105263,0.526315789,0.059210526,0.059210526,0.039473684,3.815789474,2.197368421,0.098684211,0.388157895,0.046052632,0.105263158,2.743421053,0.480263158,0.105263158,0.263157895,0.059210526,0.072368421,0.559210526,0.006578947,0.473684211,0.230263158,3.315789474,0.269736842,0.75,0.802631579,0.157894737,23.24342105,0.131578947,0.197368421,22893,152,0.521901631,0.910179641,0.59375,1,47.231,15.83996377,13.51157905,-29.01207858,407.6578947,290.2763158,0.45,3,350,373,378,0,0
930216,365,0.608695652,0.289855072,0.913043478,0.086956522,0.057971014,0.072463768,2.652173913,2.217391304,0.043478261,0.47826087,0.014492754,0.043478261,6.086956522,0.405797101,0.101449275,0.231884058,0.072463768,0.072463768,0.579710145,0.014492754,0.492753623,0.231884058,1.985507246,0.289855072,0.84057971,1,0.15942029,20.55072464,0.101449275,0.115942029,22956,69,0.670068825,0.932432432,0.638888889,1,29.136,11.20040739,8.314050939,-2.876386201,552.0724638,289.5652174,0.527777778,1,375,0,0,0,0
930216,366,0.287671233,0.123287671,0.767123288,0.123287671,0.02739726,0.054794521,1.876712329,2.082191781,0.02739726,0.356164384,0.054794521,0.04109589,3.02739726,0.315068493,0.136986301,0.315068493,0.02739726,0.068493151,0.410958904,0.01369863,0.547945205,0.232876712,11.43835616,0.191780822,0.479452055,0.739726027,0.191780822,19.60273973,0.164383562,0.232876712,23019,73,0.804245893,0.924050633,0.623931624,1,30.906,12.74406791,7.573757242,19.10740171,194.2465753,293.0136986,0.605263158,1,359,0,0,0,0
930216,367,0.385964912,0.289473684,0.842105263,0.087719298,0.026315789,0.070175439,1.710526316,1.368421053,0.052631579,0.350877193,0.052631579,0.078947368,1.578947368,0.359649123,0.078947368,0.280701754,0.070175439,0.087719298,0.473684211,0.026315789,0.377192982,0.236842105,2.219298246,0.228070175,0.51754386,0.675438596,0.131578947,18.51754386,0.096491228,0.315789474,23082,114,0.360966619,0.957983193,0.730769231,1,35.512,12.53764439,11.69234057,44.83985177,573.4298246,293.754386,0,0,0,0,0,0,0
930216,368,0.364583333,0.270833333,0.677083333,0.083333333,0.010416667,0.09375,2.21875,1.864583333,0.020833333,0.4375,0.09375,0.052083333,4.1875,0.322916667,0.104166667,0.260416667,0.083333333,0.083333333,0.583333333,0.010416667,0.416666667,0.166666667,1.083333333,0.28125,0.375,0.729166667,0.125,20.35416667,0.208333333,0.21875,23145,96,0.719616759,0.932038835,0.738461538,1,34.106,13.4216675,9.319622812,76.197658,260.3229167,295.9895833,0.022727273,1,354,0,0,0,0
930216,369,0.5,0.225490196,0.450980392,0.098039216,0.009803922,0.078431373,2.637254902,1.784313725,0.058823529,0.441176471,0.019607843,0.098039216,4.343137255,0.37254902,0.088235294,0.37254902,0.058823529,0.078431373,0.539215686,0,0.392156863,0.264705882,11.02941176,0.215686275,1.009803922,0.647058824,0.12745098,17.64705882,0.107843137,0.205882353,23208,102,0.649109262,0.953271028,0.653846154,1,34.032,13.18031156,10.02619955,55.20095325,221.6764706,295.3431373,0,0,0,0,0,0,0
930216,370,0.462585034,0.176870748,0.755102041,0.06122449,0.020408163,0.068027211,3.353741497,1.979591837,0.074829932,0.503401361,0.088435374,0.081632653,3.707482993,0.367346939,0.115646259,0.414965986,0.088435374,0.068027211,0.673469388,0.027210884,0.632653061,0.299319728,7.857142857,0.408163265,0.734693878,0.74829932,0.197278912,25.31972789,0.197278912,0.25170068,23271,147,0.68704146,0.907407407,0.617647059,1,44.808,16.56784548,12.03849833,-74.00935167,364.7755102,294.4013605,0.327586207,1,363,0,0,0,0
930216,371,0.369565217,0.27173913,0.47826087,0.076086957,0.054347826,0.043478261,3.076086957,1.695652174,0.065217391,0.543478261,0.043478261,0.119565217,2.75,0.315217391,0.130434783,0.304347826,0.108695652,0.010869565,0.543478261,0.010869565,0.532608696,0.282608696,8.369565217,0.27173913,0.923913043,0.586956522,0.173913043,19.20652174,0.086956522,0.195652174,23333,92,0.645279757,0.93877551,0.696969697,1,32.419,12.46739666,9.524422249,52.07088583,138.8369565,295.3043478,0.12195122,1,372,0,0,0,0
930216,372,0.287037037,0.194444444,0.555555556,0.064814815,0.046296296,0.092592593,2.722222222,1.518518519,0.12037037,0.342592593,0.027777778,0.148148148,4.935185185,0.37962963,0.148148148,0.388888889,0.055555556,0.074074074,0.527777778,0.009259259,0.5,0.166666667,1.166666667,0.277777778,0.564814815,0.564814815,0.148148148,18.98148148,0.064814815,0.268518519,23396,108,0.691852516,0.931034483,0.642857143,1,36.364,14.00202351,10.1100049,21.97823929,152.8240741,295.3240741,0.086956522,1,371,0,0,0,0
930216,373,0.566037736,0.226415094,0.603773585,0.113207547,0,0.056603774,3.698113208,1.490566038,0.075471698,0.358490566,0.018867925,0.283018868,3.094339623,0.358490566,0.169811321,0.320754717,0.113207547,0.018867925,0.433962264,0,0.509433962,0.245283019,3.283018868,0.339622642,1.037735849,0.660377358,0.169811321,19.1509434,0.094339623,0.490566038,23459,53,0.577644013,0.963636364,0.736111111,1,23.876,9.218779798,7.525186636,53.03435042,400.5471698,296.4528302,0.75862069,2,364,378,0,0,0
930216,374,0.429530201,0.181208054,0.523489933,0.11409396,0.060402685,0.10738255,2.161073826,1.711409396,0.10738255,0.483221477,0.033557047,0.100671141,5.644295302,0.33557047,0.241610738,0.348993289,0.053691275,0.033557047,0.416107383,0.006711409,0.489932886,0.308724832,2.77852349,0.369127517,0.77852349,0.805369128,0.147651007,22.27516779,0.120805369,0.214765101,23522,149,0.76485882,0.943037975,0.636752137,1,43.948,17.3004658,11.14492442,20.594094,498.7852349,296.409396,0,0,0,0,0,0,0
930216,375,0.48,0.24,0.656,0.072,0.032,0.032,3.448,1.792,0.072,0.496,0.056,0.112,7.24,0.592,0.2,0.336,0.056,0.016,0.624,0.008,0.496,0.176,2.504,0.28,0.904,0.888,0.168,23.416,0.136,0.176,23585,125,0.810944755,0.892857143,0.600961538,1,41.045,16.96640427,9.927428712,-22.58349703,550.416,296.896,0.722222222,2,365,387,0,0,0
930216,376,0.448275862,0.215517241,0.543103448,0.060344828,0.043103448,0.077586207,4.767241379,1.49137931,0.086206897,0.413793103,0.060344828,0.043103448,4.724137931,0.267241379,0.112068966,0.25862069,0.068965517,0.103448276,0.560344828,0.00862069,0.448275862,0.120689655,1.181034483,0.275862069,0.74137931,0.612068966,0.094827586,18.89655172,0.112068966,0.224137931,23648,116,0.839082562,0.928,0.659090909,1,38.787,16.71066578,9.090670607,22.23340629,341.637931,298.3275862,0.16,1,360,0,0,0,0
930216,377,0.472440945,0.188976378,0.645669291,0.11023622,0.023622047,0.086614173,4.566929134,2.070866142,0.094488189,0.692913386,0.102362205,0.149606299,3.433070866,0.464566929,0.181102362,0.42519685,0.102362205,0.125984252,0.582677165,0.015748031,0.692913386,0.220472441,2.57480315,0.31496063,1.37007874,0.976377953,0.220472441,24.42519685,0.157480315,0.299212598,23711,127,0.781231736,0.927007299,0.661458333,1,40.011,16.28159691,10.16364227,20.36294761,772.8031496,297.8425197,0.384615385,1,390,0,0,0,0
930216,378,0.353846154,0.184615385,0.630769231,0.061538462,0.030769231,0.015384615,4.461538462,1.584615385,0.076923077,0.2,0.046153846,0.107692308,3.876923077,0.430769231,0.215384615,0.369230769,0.138461538,0.076923077,0.415384615,0.015384615,0.569230769,0.153846154,12.56923077,0.292307692,1.584615385,0.630769231,0.138461538,19.4,0.169230769,0.261538462,23774,65,0.729408668,0.915492958,0.590909091,1,28.4,11.29282738,7.725177114,40.28093083,405.2923077,300.8923077,0.675675676,2,364,373,0,0,0
930216,379,0.514084507,0.246478873,0.683098592,0.091549296,0.021126761,0.049295775,3.577464789,1.661971831,0.063380282,0.387323944,0.056338028,0.098591549,3.401408451,0.394366197,0.14084507,0.288732394,0.098591549,0.056338028,0.535211268,0.021126761,0.492957746,0.23943662,3.725352113,0.288732394,1.183098592,0.605633803,0.126760563,22.47887324,0.105633803,0.190140845,23837,142,0.347807158,0.953020134,0.724489796,1,40.59,14.00965352,13.13497613,59.39348435,716.0140845,299.6690141,0,0,0,0,0,0,0
930216,380,0.767676768,0.252525253,0.595959596,0.03030303,0.04040404,0.101010101,2.262626263,1.212121212,0.090909091,0.333333333,0.050505051,0.070707071,2.393939394,0.272727273,0.090909091,0.272727273,0.090909091,0.02020202,0.565656566,0,0.282828283,0.242424242,1.363636364,0.242424242,0.484848485,0.454545455,0.111111111,19.78787879,0.090909091,0.151515152,23900,99,0.061422759,0.951923077,0.6875,1,33.552,11.38142683,11.35993687,-38.6317999,27.28282828,300.1616162,0.139534884,1,385,0,0,0,0
930216,381,0.455958549,0.264248705,0.865284974,0.10880829,0.051813472,0.088082902,2.917098446,1.865284974,0.067357513,0.419689119,0.025906736,0.14507772,2.512953368,0.352331606,0.088082902,0.404145078,0.098445596,0.067357513,0.512953368,0.015544041,0.476683938,0.264248705,3.005181347,0.248704663,1.046632124,0.652849741,0.150259067,20.19689119,0.113989637,0.191709845,23962,193,0.744603448,0.955445545,0.677192982,1,48.918,19.33232393,12.90446314,17.67401343,470.2901554,300.8756477,0,0,0,0,0,0,0
930216,382,0.470588235,0.201680672,0.56302521,0.042016807,0.016806723,0.058823529,3.478991597,2.18487395,0.058823529,0.588235294,0.058823529,0.100840336,2.56302521,0.386554622,0.092436975,0.336134454,0.075630252,0.084033613,0.537815126,0.016806723,0.428571429,0.378151261,5.537815126,0.294117647,0.924369748,0.596638655,0.109243697,24.01680672,0.109243697,0.226890756,24025,119,0.499503665,0.967479675,0.762820513,1,36.248,13.32745838,11.54573411,27.81058905,755.5546218,301.8487395,0.260869565,1,390,0,0,0,0
930216,383,0.268292683,0.325203252,1.861788618,0.130081301,0.056910569,0.105691057,1.821138211,1.918699187,0.081300813,0.56097561,0.040650407,0.081300813,2.829268293,0.471544715,0.073170732,0.406504065,0.073170732,0.073170732,0.455284553,0.016260163,0.398373984,0.325203252,3.658536585,0.325203252,0.455284553,0.788617886,0.154471545,25.84552846,0.105691057,0.138211382,24088,123,0.546071491,0.92481203,0.732142857,1,39.035,13.91418641,11.65645075,2.307383289,309.1463415,303.3252033,0.468085106,2,389,393,0,0,0
930216,384,0.281481481,0.385185185,0.948148148,0.074074074,0.044444444,0.096296296,1.955555556,1.940740741,0.051851852,0.644444444,0.051851852,0.103703704,4.540740741,0.362962963,0.140740741,0.244444444,0.103703704,0.02962963,0.585185185,0.022222222,0.481481481,0.325925926,10.06666667,0.259259259,0.503703704,0.637037037,0.096296296,20.31111111,0.125925926,0.207407407,24151,135,0.494340817,0.950704225,0.642857143,1,39.846,14.20236041,12.34565989,68.24620083,386.2296296,305.9407407,0,0,0,0,0,0,0
930216,385,0.405940594,0.148514851,0.673267327,0.118811881,0.02970297,0.069306931,2.00990099,1.465346535,0.089108911,0.346534653,0.02970297,0.02970297,2.693069307,0.277227723,0.148514851,0.366336634,0.02970297,0.03960396,0.455445545,0.01980198,0.396039604,0.207920792,4.267326733,0.237623762,0.386138614,0.544554455,0.079207921,17.04950495,0.089108911,0.188118812,24214,101,0.55445647,0.952830189,0.765151515,1,33.064,12.49907324,10.40188782,32.08651568,14.67326733,305.1683168,0.142857143,1,380,0,0,0,0
930216,386,0.389473684,0.273684211,0.589473684,0.063157895,0.010526316,0.126315789,4.031578947,1.726315789,0.042105263,0.389473684,0.105263158,0.126315789,4.105263158,0.357894737,0.147368421,0.2,0.105263158,0.094736842,0.610526316,0.021052632,0.431578947,0.147368421,1.915789474,0.305263158,0.778947368,0.631578947,0.136842105,19.78947368,0.105263158,0.221052632,24277,95,0.6567614,0.940594059,0.664335664,1,33.271,12.78783042,9.643283022,32.52583063,83.82105263,306.8315789,0.023809524,1,397,0,0,0,0
930216,387,0.412587413,0.216783217,0.671328671,0.090909091,0.048951049,0.111888112,3.622377622,1.986013986,0.055944056,0.496503497,0.020979021,0.062937063,3.664335664,0.391608392,0.132867133,0.27972028,0.076923077,0.083916084,0.615384615,0.013986014,0.566433566,0.265734266,2.258741259,0.237762238,1.377622378,0.552447552,0.160839161,23.1958042,0.13986014,0.244755245,24340,143,0.696927332,0.972789116,0.680952381,1,40.855,16.06895928,11.52372163,48.88887768,543.6713287,306.4405594,0.314814815,1,375,0,0,0,0
930216,388,0.458715596,0.183486239,0.559633028,0.027522936,0.055045872,0.055045872,2.779816514,1.816513761,0.082568807,0.587155963,0.009174312,0.082568807,4.862385321,0.412844037,0.28440367,0.376146789,0.091743119,0.055045872,0.577981651,0.027522936,0.587155963,0.256880734,6.467889908,0.311926606,0.926605505,0.844036697,0.155963303,20.50458716,0.174311927,0.28440367,24403,109,0.415405057,0.956140351,0.698717949,1,34.495,12.44176165,11.31748104,55.79396224,597.3027523,307.0183486,0,0,0,0,0,0,0
930216,389,0.336633663,0.267326733,0.564356436,0.079207921,0.03960396,0.099009901,2.336633663,1.811881188,0.059405941,0.495049505,0.089108911,0.059405941,5.584158416,0.613861386,0.188118812,0.356435644,0.089108911,0.079207921,0.613861386,0,0.683168317,0.297029703,3.326732673,0.356435644,0.762376238,0.811881188,0.188118812,23.81188119,0.227722772,0.267326733,24466,101,0.722920759,0.943925234,0.721428571,1,34.933,13.80783893,9.540263245,-88.27900743,298.4257426,307.5841584,0.627906977,3,383,393,399,0,0
930216,390,0.584837545,0.209386282,0.909747292,0.122743682,0.039711191,0.057761733,7.032490975,1.729241877,0.16967509,0.646209386,0.046931408,0.064981949,2.931407942,0.480144404,0.216606498,0.415162455,0.090252708,0.054151625,0.498194946,0.010830325,0.592057762,0.288808664,10.45487365,0.480144404,1.061371841,0.931407942,0.155234657,34.76173285,0.270758123,0.270758123,24528,277,0.615671982,0.965156794,0.65952381,1,60.53,21.57245636,16.99915051,45.25704118,767.4693141,310.9530686,0.628205128,3,377,382,401,0,0
930216,391,0.390625,0.2265625,0.6484375,0.078125,0.0390625,0.0546875,4.8203125,1.6640625,0.0859375,0.4296875,0.140625,0.09375,2.3515625,0.34375,0.109375,0.328125,0.0546875,0.0859375,0.5234375,0.03125,0.5078125,0.2421875,2.5546875,0.2265625,0.984375,0.671875,0.1328125,21.34375,0.1171875,0.265625,24591,128,0.677166787,0.955223881,0.703296703,1,38.142,14.96117107,11.00887194,53.29453631,108.3828125,310.6015625,0.1,1,404,0,0,0,0
930216,392,0.452173913,0.217391304,0.504347826,0.052173913,0.034782609,0.060869565,3.565217391,1.026086957,0.095652174,0.243478261,0.052173913,0.139130435,2.373913043,0.243478261,0.086956522,0.156521739,0.060869565,0.07826087,0.347826087,0.008695652,0.27826087,0.147826087,2.739130435,0.147826087,0.817391304,0.6,0.12173913,14.19130435,0.130434783,0.208695652,24654,115,0.674626894,0.942622951,0.680473373,1,36.273,14.16029893,10.45255062,48.89650642,137.1565217,310.773913,0,0,0,0,0,0,0
930216,393,0.347826087,0.217391304,0.793478261,0.108695652,0.02173913,0.010869565,2.826086957,1.880434783,0.054347826,0.467391304,0.054347826,0.054347826,7.173913043,0.402173913,0.141304348,0.510869565,0.108695652,0.02173913,0.456521739,0,0.423913043,0.445652174,8.510869565,0.217391304,1.119565217,0.782608696,0.173913043,25.19565217,0.130434783,0.22826087,24717,92,0.26281943,0.948453608,0.760330579,1,31.931,11.15821643,10.76594976,-11.95567002,306.9021739,312.8913043,0.6,3,383,389,399,0,0
930216,394,0.224,0.168,0.88,0.08,0.016,0.072,1.72,1.544,0.04,0.472,0.088,0.176,3.088,0.312,0.192,0.24,0.08,0.072,0.52,0.024,0.456,0.2,3.376,0.176,0.48,0.704,0.264,18.536,0.056,0.24,24780,125,0.521159377,0.939849624,0.686813187,1,38.051,13.73949668,11.72610224,21.57984716,150.408,316,0,0,0,0,0,0,0
930216,395,0.382022472,0.269662921,0.606741573,0.078651685,0,0.112359551,3.550561798,1.966292135,0.056179775,0.483146067,0.033707865,0.112359551,1.887640449,0.314606742,0.303370787,0.325842697,0.056179775,0.033707865,0.561797753,0.011235955,0.438202247,0.146067416,4.123595506,0.258426966,0.550561798,0.876404494,0.146067416,24.57303371,0.078651685,0.269662921,24843,89,0.615665629,0.936842105,0.741666667,1,31.567,12.10277431,9.537077023,-83.27207851,736.3707865,316.8202247,0.35,1,403,0,0,0,0
930216,396,0.631578947,0.144736842,0.592105263,0.039473684,0.052631579,0.078947368,6.421052632,2.118421053,0.078947368,0.5,0.052631579,0.092105263,10.98684211,0.328947368,0.131578947,0.460526316,0.078947368,0.065789474,0.539473684,0.013157895,0.473684211,0.315789474,2.907894737,0.289473684,1.526315789,1.052631579,0.118421053,27.14473684,0.197368421,0.197368421,24906,76,0.558565826,0.904761905,0.575757576,1,31.303,11.25199361,9.333080835,-20.17339006,50.73684211,315.2368421,0.45,2,398,406,0,0,0
930216,397,0.370689655,0.198275862,0.405172414,0.060344828,0.025862069,0.077586207,2.24137931,1.543103448,0.077586207,0.370689655,0.060344828,0.120689655,3.362068966,0.327586207,0.379310345,0.25,0.086206897,0.068965517,0.784482759,0.00862069,0.422413793,0.137931034,2.344827586,0.224137931,0.732758621,0.620689655,0.146551724,19.60344828,0.120689655,0.224137931,24969,116,0.448286684,0.966666667,0.743589744,1,35.512,12.91985639,11.54892838,13.74939662,73.95689655,318.3706897,0.02173913,1,386,0,0,0,0
930216,398,0.463768116,0.231884058,0.68115942,0.115942029,0.057971014,0.086956522,3.884057971,1.623188406,0.072463768,0.52173913,0.043478261,0.072463768,8.304347826,0.420289855,0.130434783,0.231884058,0.130434783,0.072463768,0.550724638,0,0.565217391,0.405797101,3.956521739,0.246376812,1.231884058,0.869565217,0.057971014,25.42028986,0.101449275,0.144927536,25032,69,0.531673571,0.92,0.570247934,1,29.715,10.61957915,8.994245735,27.82661884,45.5942029,321.115942,0.763157895,2,396,406,0,0,0
930216,399,0.318965517,0.594827586,0.689655172,0.103448276,0.00862069,0.068965517,2.956896552,1.74137931,0.060344828,0.594827586,0.051724138,0.103448276,3.362068966,0.793103448,0.25862069,0.362068966,0.043103448,0.060344828,0.50862069,0.00862069,0.517241379,0.474137931,11.90517241,0.336206897,1.482758621,0.99137931,0.155172414,23.47413793,0.103448276,0.310344828,25094,116,0.63380762,0.958677686,0.753246753,1,36.066,13.91084711,10.7599112,-16.794475,293.2586207,319.1034483,0.195652174,2,389,393,0,0,0
930216,400,0.442477876,0.221238938,0.610619469,0.123893805,0.03539823,0.097345133,2.610619469,1.884955752,0.097345133,0.398230088,0.053097345,0.123893805,3.336283186,0.274336283,0.247787611,0.327433628,0,0.088495575,0.840707965,0,0.469026549,0.221238938,2.85840708,0.309734513,0.637168142,0.681415929,0.123893805,19.84955752,0.203539823,0.336283186,25157,113,0.427132377,0.933884298,0.724358974,1,36.339,12.78987517,11.56446575,-12.02447752,677.8938053,319.4955752,0,0,0,0,0,0,0
930216,401,0.62244898,0.214285714,0.520408163,0.051020408,0.020408163,0.081632653,5.602040816,1.918367347,0.102040816,0.510204082,0.091836735,0.081632653,13.2244898,0.326530612,0.142857143,0.397959184,0.12244898,0.06122449,0.397959184,0.020408163,0.397959184,0.06122449,2.632653061,0.265306122,1.020408163,0.928571429,0.132653061,24.56122449,0.244897959,0.193877551,25220,98,0.71960637,0.951456311,0.685314685,1,33.817,13.55659027,9.413455288,37.55031437,774.1020408,321.2653061,0.441860465,1,390,0,0,0,0
930216,402,0.412790698,0.220930233,0.598837209,0.075581395,0.046511628,0.063953488,3.924418605,1.819767442,0.075581395,0.598837209,0.075581395,0.069767442,2.843023256,0.558139535,0.139534884,0.308139535,0.081395349,0.081395349,0.691860465,0,0.511627907,0.244186047,2.162790698,0.372093023,0.912790698,0.930232558,0.139534884,25.43023256,0.122093023,0.279069767,25283,172,0.613832922,0.950276243,0.722689076,1,45.916,16.83413573,13.2894722,62.8653565,362.994186,320.0988372,0,0,0,0,0,0,0
930216,403,0.276422764,0.308943089,0.666666667,0.105691057,0.032520325,0.073170732,4.016260163,1.528455285,0.097560976,0.569105691,0.06504065,0.040650407,2.504065041,0.268292683,0.227642276,0.300813008,0.089430894,0.097560976,0.487804878,0,0.479674797,0.382113821,10.86178862,0.317073171,1.422764228,0.837398374,0.178861789,22.05691057,0.162601626,0.170731707,25346,123,0.419958783,0.9609375,0.727810651,1,36.827,13.22218819,11.9997067,63.4608898,726.9105691,321.1138211,0.3125,1,395,0,0,0,0
930216,404,0.41025641,0.11965812,0.538461538,0.068376068,0.042735043,0.05982906,2.871794872,1.547008547,0.11965812,0.324786325,0.068376068,0.05982906,1.700854701,0.333333333,0.179487179,0.290598291,0.05982906,0.094017094,0.35042735,0.025641026,0.41025641,0.239316239,3.777777778,0.188034188,0.854700855,0.735042735,0.128205128,16.82905983,0.085470085,0.145299145,25409,117,0.729480071,0.906976744,0.65,1,38.878,15.12250807,10.34382677,-11.18264435,114.5384615,322.7094017,0.510204082,2,391,407,0,0,0
930216,405,0.547619048,0.206349206,0.563492063,0.095238095,0.03968254,0.063492063,3.365079365,1.420634921,0.071428571,0.492063492,0.063492063,0.079365079,1.817460317,0.317460317,0.46031746,0.317460317,0.03968254,0.079365079,0.531746032,0.007936508,0.436507937,0.349206349,9.079365079,0.301587302,0.992063492,0.666666667,0.174603175,18.03968254,0.166666667,0.214285714,25472,126,0.516945498,0.954545455,0.807692308,1,37.447,13.77621307,11.79269067,57.38164606,455.1349206,325.6666667,0.260869565,1,410,0,0,0,0
930216,406,0.316239316,0.256410256,0.700854701,0.085470085,0.051282051,0.085470085,3.051282051,1.666666667,0.068376068,0.307692308,0.025641026,0.085470085,2.632478632,0.341880342,0.179487179,0.264957265,0.042735043,0.068376068,0.384615385,0.017094017,0.478632479,0.264957265,2.333333333,0.247863248,1.162393162,0.709401709,0.128205128,22.96581197,0.111111111,0.222222222,25535,117,0.654432584,0.966942149,0.75,1,35.967,14.0950177,10.6575298,54.0987529,48.43589744,329.7948718,0.326086957,2,396,398,0,0,0
930216,407,0.34,0.32,0.54,0.08,0.04,0.1,3.69,1.7,0.06,0.58,0.08,0.08,1.76,0.5,0.11,0.31,0.07,0.07,0.55,0.02,0.48,0.33,2.06,0.2,1.25,0.9,0.11,18.21,0.14,0.19,25598,100,0.568490192,0.934579439,0.699300699,1,34.379,12.6697546,10.42328092,-18.27820658,111.36,330.79,0.697674419,2,404,423,0,0,0
930216,408,0.415584416,0.233766234,0.649350649,0.090909091,0.064935065,0.155844156,2.922077922,1.61038961,0.038961039,0.38961039,0.142857143,0.103896104,9.298701299,0.402597403,0.181818182,0.571428571,0.090909091,0.038961039,0.649350649,0.012987013,0.506493506,0.298701299,1.441558442,0.246753247,0.87012987,0.727272727,0.220779221,29.36363636,0.220779221,0.168831169,25661,77,0.820807587,0.875,0.534722222,1,33.172,13.88401193,7.930614026,-37.97090571,172.0649351,329.5714286,0.534883721,2,415,426,0,0,0
930216,409,0.55,0.23,0.55,0.08,0.04,0.08,5.73,1.46,0.11,0.42,0.07,0.07,2.69,0.31,0.56,0.38,0.08,0.07,0.93,0,0.51,0.45,6.62,0.36,1.62,0.72,0.12,23.69,0.15,0.23,25723,100,0.705907099,0.892857143,0.699300699,1,35.785,13.71878584,9.71707681,26.75507831,278.22,327.21,0.533333333,2,412,413,0,0,0
930216,410,0.838383838,0.121212121,0.585858586,0.060606061,0.04040404,0.050505051,2.383838384,1.373737374,0.03030303,0.363636364,0.02020202,0.080808081,3.191919192,0.373737374,0.272727273,0.282828283,0.090909091,0.080808081,0.434343434,0.01010101,0.373737374,0.191919192,1.373737374,0.242424242,0.525252525,0.515151515,0.141414141,18.76767677,0.131313131,0.151515152,25786,99,0.675367395,0.961165049,0.692307692,1,34.371,13.23403482,9.759855122,27.96596617,443.8181818,328.959596,0.627906977,2,405,419,0,0,0
930216,411,0.345132743,0.212389381,0.424778761,0.061946903,0.026548673,0.097345133,2.840707965,1.566371681,0.053097345,0.353982301,0.053097345,0.088495575,3.787610619,0.522123894,0.185840708,0.309734513,0.14159292,0.150442478,0.451327434,0.008849558,0.415929204,0.407079646,5.539823009,0.238938053,2.495575221,0.787610619,0.14159292,15.61061947,0.07079646,0.265486726,25849,113,0.461728383,0.957627119,0.668639053,1,36.083,12.87628284,11.42153797,-53.90274568,190.2389381,329.6725664,0.130434783,1,426,0,0,0,0
930216,412,0.349206349,0.095238095,0.587301587,0.111111111,0.031746032,0.047619048,3.253968254,1.587301587,0.111111111,0.396825397,0.047619048,0.142857143,1.73015873,0.492063492,0.396825397,0.317460317,0.079365079,0.015873016,0.634920635,0,0.571428571,0.285714286,11.31746032,0.206349206,1.285714286,0.444444444,0.206349206,20.50793651,0.222222222,0.26984127,25912,63,0.644417094,0.969230769,0.7875,1,25.935,10.33775798,7.905016663,14.62132535,275.7301587,335.2539683,0.625,2,409,413,0,0,0
930216,413,0.464285714,0.25,0.702380952,0.095238095,0.023809524,0.035714286,3.178571429,2.035714286,0.047619048,0.404761905,0.035714286,0.083333333,1.952380952,0.380952381,1.333333333,0.30952381,0.035714286,0.071428571,0.607142857,0.011904762,0.476190476,0.154761905,5.964285714,0.226190476,0.738095238,0.571428571,0.119047619,17.95238095,0.119047619,0.19047619,25975,84,0.622142485,0.943820225,0.7,1,30.823,11.88291417,9.303181457,69.66454438,285.1071429,333.8333333,0.475,2,409,412,0,0,0
930216,414,0.688311688,0.298701299,0.603896104,0.084415584,0.032467532,0.077922078,4.077922078,2.616883117,0.071428571,0.681818182,0.090909091,0.188311688,2.37012987,0.519480519,0.201298701,0.454545455,0.142857143,0.071428571,0.525974026,0.012987013,0.512987013,0.25974026,2.383116883,0.415584416,1.707792208,0.954545455,0.142857143,27.21428571,0.220779221,0.331168831,26038,154,0.660825215,0.956521739,0.6875,1,42.732,16.27446371,12.21463322,19.65393294,334.4935065,332.8896104,0,0,0,0,0,0,0
930216,415,0.45890411,0.150684932,0.52739726,0.089041096,0.04109589,0.068493151,2.952054795,2.034246575,0.089041096,0.465753425,0.068493151,0.123287671,11.45890411,0.547945205,0.191780822,0.328767123,0.068493151,0.04109589,0.465753425,0.01369863,0.650684932,0.267123288,3.917808219,0.267123288,1.143835616,0.732876712,0.212328767,26.60273973,0.150684932,0.280821918,26101,146,0.762663748,0.948051948,0.623931624,1,43.485,17.14481635,11.08918461,-21.49788319,167.3356164,336.1027397,0.446428571,2,408,426,0,0,0
930216,416,0.333333333,0.290322581,0.666666667,0.129032258,0.032258065,0.086021505,2.23655914,1.741935484,0.086021505,0.322580645,0.032258065,0.086021505,2.806451613,0.387096774,0.150537634,0.258064516,0.032258065,0.043010753,0.494623656,0.021505376,0.440860215,0.225806452,3.021505376,0.322580645,0.419354839,0.688172043,0.139784946,18.49462366,0.096774194,0.23655914,26164,93,0.275825743,0.958762887,0.768595041,1,31.567,11.16491815,10.73180482,-20.84739819,654.0430108,333.6666667,0,0,0,0,0,0,0
930216,417,0.632075472,0.330188679,0.801886792,0.066037736,0.018867925,0.047169811,3.70754717,1.962264151,0.037735849,0.490566038,0.056603774,0.037735849,3.669811321,0.377358491,0.160377358,0.301886792,0.075471698,0.066037736,0.754716981,0.009433962,0.405660377,0.424528302,10.09433962,0.349056604,0.886792453,0.594339623,0.150943396,18.74528302,0.113207547,0.226415094,26227,106,0.535444791,0.954954955,0.736111111,1,34.197,12.72325471,10.74568218,53.40434581,516.2075472,335.4622642,0,0,0,0,0,0,0
930216,418,0.36440678,0.271186441,0.525423729,0.059322034,0.025423729,0.084745763,3.262711864,1.584745763,0.110169492,0.355932203,0.042372881,0.06779661,1.966101695,0.245762712,0.093220339,0.36440678,0.118644068,0.093220339,0.559322034,0.016949153,0.525423729,0.194915254,10.22033898,0.254237288,0.923728814,0.63559322,0.084745763,18.55084746,0.101694915,0.169491525,26289,118,0.775659215,0.944,0.655555556,1,37.679,15.55769275,9.819268099,29.36010131,64.3559322,336.4745763,0.081632653,1,429,0,0,0,0
930216,419,0.700934579,0.224299065,0.355140187,0.08411215,0.037383178,0.093457944,2.588785047,1.710280374,0.046728972,0.401869159,0.028037383,0.112149533,3,0.289719626,0.158878505,0.23364486,0.074766355,0.08411215,0.457943925,0.009345794,0.439252336,0.177570093,1.364485981,0.289719626,0.392523364,0.579439252,0.205607477,18.85046729,0.08411215,0.252336449,26352,107,0.67715263,0.955357143,0.685897436,1,34.677,13.71135957,10.08940232,-38.42952143,436.8224299,336.4579439,0.5,2,410,432,0,0,0
930216,420,0.59223301,0.300970874,0.621359223,0.13592233,0.048543689,0.097087379,4.174757282,2.029126214,0.116504854,0.660194175,0.058252427,0.097087379,3.165048544,0.553398058,0.165048544,0.388349515,0.097087379,0.058252427,0.45631068,0.009708738,0.485436893,0.223300971,3.961165049,0.291262136,1.087378641,0.883495146,0.223300971,22.75728155,0.194174757,0.262135922,26415,103,0.734450972,0.919642857,0.668831169,1,35.992,14.12806496,9.588177283,68.33206493,496.5145631,339.223301,0.434782609,1,430,0,0,0,0
930216,421,0.386554622,0.294117647,0.605042017,0.084033613,0.058823529,0.033613445,4.302521008,1.739495798,0.134453782,0.361344538,0.058823529,0.092436975,2.243697479,0.403361345,0.142857143,0.243697479,0.033613445,0.084033613,0.546218487,0,0.495798319,0.285714286,8.134453782,0.201680672,0.882352941,0.571428571,0.134453782,15.24369748,0.134453782,0.176470588,26478,119,0.487348357,0.952,0.708333333,1,36.273,13.25342388,11.57299096,89.15574184,584.7142857,339.394958,0.25,1,438,0,0,0,0
930216,422,0.320512821,0.282051282,0.756410256,0.025641026,0,0.076923077,1.948717949,1.782051282,0.115384615,0.5,0.038461538,0.025641026,3.730769231,0.282051282,0.282051282,0.166666667,0.08974359,0.025641026,0.525641026,0.051282051,0.435897436,0.397435897,9.897435897,0.243589744,0.666666667,0.692307692,0.141025641,17.69230769,0.115384615,0.115384615,26541,78,0.59597002,0.928571429,0.65,1,30.087,11.35450039,9.117739715,14.77611883,741.4871795,338.4487179,0.461538462,1,428,0,0,0,0
930216,423,0.454545455,0.232323232,0.686868687,0.101010101,0.01010101,0.04040404,3.050505051,1.888888889,0.080808081,0.454545455,0.101010101,0.111111111,3.202020202,0.424242424,0.171717172,0.262626263,0.050505051,0.060606061,0.626262626,0.01010101,0.616161616,0.272727273,1.222222222,0.232323232,0.696969697,0.646464646,0.202020202,19.05050505,0.101010101,0.303030303,26604,99,0.788482076,0.942857143,0.642857143,1,34.776,14.46765823,8.898445082,28.11908288,115.5858586,340.7878788,0.244444444,1,407,0,0,0,0
930216,424,0.5,0.295081967,0.401639344,0.073770492,0,0.090163934,3.93442623,1.557377049,0.090163934,0.37704918,0.049180328,0.12295082,2.532786885,0.254098361,0.106557377,0.344262295,0.073770492,0.106557377,0.450819672,0.024590164,0.368852459,0.229508197,3.516393443,0.106557377,1.491803279,0.663934426,0.081967213,17.40163934,0.098360656,0.180327869,26667,122,0.610821621,0.945736434,0.677777778,1,37.679,14.09286252,11.15828097,79.88424531,394.8606557,338.9590164,0,0,0,0,0,0,0
930216,425,0.403669725,0.174311927,0.541284404,0.04587156,0.027522936,0.100917431,3.431192661,2.348623853,0.055045872,0.458715596,0.04587156,0.064220183,4.275229358,0.52293578,0.119266055,0.495412844,0.073394495,0.073394495,0.614678899,0.018348624,0.541284404,0.229357798,3.009174312,0.211009174,0.944954128,0.605504587,0.201834862,24.55045872,0.110091743,0.220183486,26730,109,0.611342597,0.973214286,0.756944444,1,34.561,13.30578376,10.52974557,42.75995369,711.5045872,340.3944954,0.386363636,1,427,0,0,0,0
930216,426,0.570175439,0.228070175,0.754385965,0.131578947,0.052631579,0.087719298,2.728070175,1.684210526,0.105263158,0.254385965,0.061403509,0.087719298,6.535087719,0.263157895,0.210526316,0.271929825,0.052631579,0.087719298,0.456140351,0.00877193,0.359649123,0.201754386,2.254385965,0.228070175,1.578947368,0.640350877,0.157894737,21.13157895,0.105263158,0.219298246,26793,114,0.298620692,0.966101695,0.730769231,1,35.694,12.41757593,11.85098526,62.21568686,182.5175439,340.7017544,0.6,4,408,411,415,437,0
930216,427,0.401785714,0.321428571,0.723214286,0.089285714,0.0625,0.142857143,4.223214286,2.133928571,0.089285714,0.4375,0.053571429,0.107142857,2.589285714,0.392857143,0.133928571,0.464285714,0.080357143,0.053571429,0.571428571,0,0.526785714,0.241071429,2.9375,0.366071429,1.357142857,0.723214286,0.1875,24.50892857,0.107142857,0.258928571,26856,112,0.737193656,0.925619835,0.678787879,1,37.282,14.81212334,10.00827798,73.79148125,720.2142857,343.5714286,0.382978723,1,425,0,0,0,0
930216,428,0.585714286,0.428571429,0.471428571,0.028571429,0.042857143,0.114285714,2.5,1.571428571,0.057142857,0.485714286,0.028571429,0.042857143,2.257142857,0.428571429,0.285714286,0.328571429,0.028571429,0.042857143,0.471428571,0.014285714,0.571428571,0.442857143,16.57142857,0.285714286,0.714285714,0.471428571,0.185714286,16.77142857,0.071428571,0.157142857,26918,70,0.68250487,0.933333333,0.636363636,1,28.681,11.22319176,8.202818124,22.07497493,744.0142857,345.4,0.472222222,1,422,0,0,0,0
930216,429,0.307692308,0.138461538,0.723076923,0.123076923,0,0.115384615,2.592307692,1.469230769,0.069230769,0.323076923,0.030769231,0.038461538,2.738461538,0.269230769,0.1,0.230769231,0.076923077,0.046153846,0.384615385,0.061538462,0.384615385,0.215384615,2.915384615,0.246153846,0.446153846,0.423076923,0.153846154,16.16923077,0.169230769,0.2,26981,130,0.646882913,0.942028986,0.722222222,1,39.25,14.95870226,11.40734684,-6.99086373,50.98461538,344.9538462,0.28,2,418,433,0,0,0
930216,430,0.402515723,0.245283019,0.603773585,0.075471698,0.037735849,0.088050314,4.691823899,1.748427673,0.113207547,0.51572327,0.031446541,0.06918239,3.213836478,0.465408805,0.163522013,0.383647799,0.06918239,0.050314465,0.660377358,0.031446541,0.616352201,0.320754717,11.06289308,0.257861635,1.842767296,0.823899371,0.182389937,21.55974843,0.150943396,0.257861635,27044,159,0.777401849,0.924418605,0.679487179,1,46.098,18.23283764,11.46853263,73.23591079,487.0251572,344.5974843,0.344827586,1,420,0,0,0,0
930216,431,0.590909091,0.121212121,0.393939394,0.075757576,0,0.045454545,5.378787879,1.666666667,0.045454545,0.439393939,0.060606061,0.075757576,4.893939394,0.378787879,0.166666667,0.227272727,0.090909091,0.090909091,0.666666667,0.015151515,0.424242424,0.121212121,5.53030303,0.242424242,0.863636364,0.545454545,0.121212121,18.87878788,0.03030303,0.166666667,27107,66,0.738318259,0.916666667,0.6875,1,28.656,11.48821953,7.748258158,-5.042795068,250.2575758,345.530303,0.542857143,1,436,0,0,0,0
930216,432,0.631205674,0.276595745,0.567375887,0.106382979,0.028368794,0.120567376,2.780141844,1.865248227,0.092198582,0.411347518,0.113475177,0.078014184,1.687943262,0.404255319,0.14893617,0.404255319,0.063829787,0.056737589,0.595744681,0.007092199,0.460992908,0.397163121,8.503546099,0.234042553,0.70212766,0.680851064,0.163120567,20.39007092,0.127659574,0.276595745,27170,141,0.525627258,0.952702703,0.723076923,1,40.375,14.67406893,12.48345032,-24.00293707,433.2907801,349.248227,0.156862745,2,419,451,0,0,0
930216,433,0.45045045,0.27027027,0.693693694,0.09009009,0.036036036,0.045045045,2.369369369,2.063063063,0.081081081,0.513513514,0.045045045,0.072072072,2.756756757,0.387387387,0.135135135,0.504504505,0.09009009,0.036036036,0.468468468,0.018018018,0.54954955,0.297297297,3.378378378,0.333333333,0.801801802,0.864864865,0.216216216,25.76576577,0.117117117,0.396396396,27233,111,0.715339265,0.853846154,0.566326531,1,40.193,15.18024229,10.60760894,-42.54754391,39.22522523,348.7387387,0.653846154,2,429,440,0,0,0
930216,434,0.262135922,0.349514563,0.475728155,0.048543689,0.019417476,0.087378641,2.854368932,1.466019417,0.048543689,0.427184466,0.058252427,0.106796117,3.349514563,0.339805825,0.213592233,0.27184466,0.048543689,0.077669903,0.563106796,0.029126214,0.436893204,0.368932039,11.97087379,0.291262136,0.980582524,0.796116505,0.184466019,17.41747573,0.067961165,0.233009709,27296,103,0.654127409,0.944954128,0.72027972,1,34.015,13.26612481,10.0342896,69.43262118,139.6504854,349.9320388,0,0,0,0,0,0,0
930216,435,0.209677419,0.14516129,0.588709677,0.040322581,0.008064516,0.040322581,2.169354839,1.274193548,0.088709677,0.306451613,0.056451613,0.040322581,2.25,0.282258065,0.096774194,0.233870968,0.040322581,0.064516129,0.596774194,0.008064516,0.314516129,0.274193548,8.451612903,0.306451613,0.427419355,0.451612903,0.201612903,16.19354839,0.185483871,0.137096774,27359,124,0.353325973,0.953846154,0.733727811,1,37.472,13.16312235,12.31410452,29.1661835,219.7258065,349.1370968,0,0,0,0,0,0,0
930216,436,0.564516129,0.129032258,0.387096774,0.032258065,0.064516129,0.032258065,5.435483871,1.435483871,0.032258065,0.435483871,0.032258065,0.080645161,5.612903226,0.290322581,0.064516129,0.306451613,0.016129032,0.048387097,0.758064516,0.048387097,0.258064516,0.14516129,5.096774194,0.14516129,0.85483871,0.709677419,0.032258065,20.17741935,0.14516129,0.096774194,27422,62,0.886861064,0.837837838,0.645833333,1,30.773,13.7358697,6.346469089,-10.20739334,248.3387097,351.1290323,1,2,431,443,0,0,0
930216,437,0.363636364,0.163636364,0.463636364,0.1,0.045454545,0.045454545,2.5,1.618181818,0.145454545,0.418181818,0.045454545,0.045454545,2.736363636,0.345454545,0.318181818,0.254545455,0.045454545,0.236363636,0.9,0.027272727,0.290909091,0.345454545,2.036363636,0.218181818,0.881818182,0.645454545,0.109090909,19.4,0.145454545,0.145454545,27484,110,0.472455888,0.948275862,0.650887574,1,35.529,12.74285974,11.23097446,-40.20664053,178.5363636,351.0363636,0.531914894,2,426,441,0,0,0
930216,438,0.230769231,0.230769231,0.512820513,0.025641026,0.051282051,0.08974359,3.064102564,1.820512821,0.025641026,0.615384615,0.064102564,0.102564103,3.948717949,0.346153846,0.153846154,0.346153846,0.012820513,0.051282051,0.743589744,0,0.602564103,0.192307692,2.205128205,0.320512821,0.91025641,0.551282051,0.205128205,20.02564103,0.115384615,0.320512821,27547,78,0.736606424,0.906976744,0.644628099,1,31.005,12.28532288,8.308829859,-52.52331055,585.2307692,351.5128205,0.657894737,2,421,442,0,0,0
930216,439,0.568807339,0.247706422,0.513761468,0.064220183,0.009174312,0.073394495,3.073394495,1.981651376,0.073394495,0.458715596,0.036697248,0.100917431,2.577981651,0.330275229,0.165137615,0.330275229,0.100917431,0.100917431,0.550458716,0.018348624,0.532110092,0.275229358,8.834862385,0.293577982,0.981651376,0.559633028,0.201834862,21.67889908,0.165137615,0.256880734,27610,109,0.560484638,0.947826087,0.698717949,1,34.776,13.03598329,10.79594276,66.32332359,636.6238532,350.9816514,0,0,0,0,0,0,0
930216,440,0.65,0.366666667,0.7,0.183333333,0,0.066666667,3.333333333,2.416666667,0.033333333,0.516666667,0.083333333,0.066666667,5.133333333,0.416666667,0.133333333,0.4,0.083333333,0.016666667,0.816666667,0.05,0.666666667,0.25,1.85,0.35,0.75,1.05,0.083333333,29.01666667,0.116666667,0.35,27673,60,0.666323905,0.9375,0.666666667,1,26.324,10.2661949,7.655115793,-15.04928764,34.6,353.9166667,0.59375,1,433,0,0,0,0
930216,441,0.361702128,0.34751773,0.489361702,0.106382979,0.035460993,0.092198582,3.574468085,1.730496454,0.113475177,0.468085106,0.042553191,0.09929078,3.19858156,0.304964539,0.184397163,0.354609929,0.078014184,0.070921986,0.567375887,0.014184397,0.567375887,0.34751773,8.404255319,0.24822695,1.09929078,0.80141844,0.134751773,20.72340426,0.170212766,0.276595745,27736,141,0.593897901,0.952702703,0.774725275,1,40.813,15.13354858,12.17555149,36.85409734,191.1347518,354.5602837,0.2,1,437,0,0,0,0
930216,442,0.481481481,0.197530864,0.592592593,0.061728395,0.086419753,0.111111111,3.530864198,1.814814815,0.074074074,0.456790123,0,0.037037037,4.074074074,0.333333333,0.111111111,0.358024691,0.086419753,0.135802469,0.851851852,0.012345679,0.543209877,0.172839506,1.037037037,0.345679012,1.012345679,0.679012346,0.185185185,18.62962963,0.172839506,0.308641975,27799,81,0.66726332,0.931034483,0.613636364,1,31.402,11.98800124,8.928925852,-66.58883978,578.8888889,355.6790123,0.55,2,438,455,0,0,0
930216,443,0.52173913,0.246376812,0.594202899,0.072463768,0.057971014,0.072463768,4.376811594,1.898550725,0.101449275,0.507246377,0.014492754,0.144927536,4.304347826,0.405797101,0.188405797,0.333333333,0.057971014,0.246376812,0.666666667,0.043478261,0.47826087,0.115942029,1.173913043,0.202898551,0.550724638,0.84057971,0.115942029,21.15942029,0.115942029,0.260869565,27862,69,0.740991491,0.971830986,0.71875,1,28.193,11.61917101,7.802440826,-9.01622373,247.6956522,356.9275362,0.542857143,1,436,0,0,0,0
930216,444,0.433333333,0.3,0.822222222,0.1,0.033333333,0.1,5.477777778,2.011111111,0.155555556,0.5,0.088888889,0.088888889,4.4,0.555555556,0.2,0.288888889,0.088888889,0.088888889,0.5,0.011111111,0.633333333,0.322222222,1.388888889,0.311111111,0.755555556,0.7,0.222222222,21.22222222,0.055555556,0.311111111,27925,90,0.406715811,0.947368421,0.743801653,1,31.195,11.29490045,10.31850976,27.44687345,689.1111111,355.7555556,0.4,2,449,456,0,0,0
930216,446,0.379844961,0.248062016,0.565891473,0.100775194,0.046511628,0.046511628,2.945736434,1.937984496,0.069767442,0.364341085,0.069767442,0.124031008,6.992248062,0.372093023,0.170542636,0.294573643,0.100775194,0.062015504,0.418604651,0.03875969,0.558139535,0.286821705,1.333333333,0.255813953,0.759689922,0.736434109,0.139534884,22.29457364,0.108527132,0.147286822,28050,129,0.764889689,0.948529412,0.671875,1,39.73,16.0831573,10.36014731,72.17919673,664.8217054,356.8914729,0,0,0,0,0,0,0
930216,447,0.586956522,0.22826087,0.630434783,0.163043478,0.054347826,0.086956522,4.22826087,1.923913043,0.032608696,0.52173913,0.076086957,0.086956522,5.130434783,0.423913043,0.141304348,0.336956522,0.010869565,0.076086957,0.543478261,0.02173913,0.608695652,0.336956522,2.836956522,0.27173913,1.141304348,0.836956522,0.043478261,18.16304348,0.130434783,0.22826087,28113,92,0.765461659,0.867924528,0.643356643,1,36.546,14.09390216,9.069165379,32.37633233,757.4347826,358.1413043,0.404255319,1,460,0,0,0,0
930216,448,0.372093023,0.406976744,0.790697674,0.081395349,0.058139535,0.069767442,2.941860465,1.802325581,0.034883721,0.488372093,0.058139535,0.081395349,4.104651163,0.313953488,0.186046512,0.325581395,0.069767442,0.023255814,0.61627907,0.011627907,0.581395349,0.279069767,11.27906977,0.279069767,0.465116279,0.755813953,0.186046512,21.23255814,0.093023256,0.290697674,28176,86,0.810546984,0.868686869,0.558441558,1,34.768,14.15784868,8.291878468,-66.7062317,448.5697674,358.6511628,0.5,1,451,0,0,0,0
930216,449,0.30952381,0.238095238,0.80952381,0.095238095,0.035714286,0.071428571,2.69047619,1.952380952,0.047619048,0.30952381,0.011904762,0.083333333,2.285714286,0.297619048,0.047619048,0.238095238,0.071428571,0.035714286,0.55952381,0.011904762,0.369047619,0.202380952,2.452380952,0.25,0.369047619,0.833333333,0.130952381,18.38095238,0.130952381,0.273809524,28239,84,0.482708164,0.913043478,0.636363636,1,31.774,11.33935897,9.930798168,-30.66223778,700.2857143,359.8333333,0.43902439,2,444,456,0,0,0
930216,450,0.290322581,0.231182796,0.758064516,0.069892473,0.053763441,0.064516129,2.107526882,1.677419355,0.069892473,0.376344086,0.069892473,0.048387097,3.274193548,0.365591398,0.091397849,0.279569892,0.059139785,0.037634409,0.543010753,0.010752688,0.489247312,0.26344086,3.85483871,0.279569892,0.408602151,0.575268817,0.11827957,20.30645161,0.080645161,0.220430108,28302,186,0.481523649,0.944162437,0.683823529,1,47.322,16.60595368,14.55400743,68.78178024,355.9032258,360.7903226,0,0,0,0,0,0,0
930216,451,0.456521739,0.173913043,0.619565217,0.043478261,0.032608696,0.086956522,3.22826087,2.097826087,0.043478261,0.445652174,0.054347826,0.108695652,3.77173913,0.391304348,0.391304348,0.260869565,0.097826087,0.032608696,0.489130435,0.032608696,0.445652174,0.217391304,5.793478261,0.315217391,0.706521739,0.630434783,0.152173913,18.76086957,0.043478261,0.108695652,28365,92,0.599793122,0.948453608,0.696969697,1,33.246,12.47221272,9.979704824,-41.14461319,441.6956522,361.5869565,0.476190476,2,432,448,0,0,0
930216,452,0.544444444,0.2,0.611111111,0.122222222,0.022222222,0.055555556,2.755555556,1.411111111,0.066666667,0.411111111,0.088888889,0.077777778,4.088888889,0.388888889,0.3,0.233333333,0.1,0.5,0.577777778,0.022222222,0.488888889,0.388888889,3.288888889,0.222222222,0.711111111,0.644444444,0.111111111,22.18888889,0.077777778,0.344444444,28428,90,0.528703939,0.957446809,0.75,1,31.104,11.70320412,9.933753457,-10.33251581,169.6666667,362.1666667,0,0,0,0,0,0,0
930216,453,0.421487603,0.214876033,0.619834711,0.066115702,0.033057851,0.041322314,3.851239669,1.512396694,0.082644628,0.330578512,0.016528926,0.090909091,2.925619835,0.380165289,0.132231405,0.214876033,0.123966942,0.033057851,0.371900826,0.008264463,0.396694215,0.32231405,3.512396694,0.280991736,1.347107438,0.685950413,0.140495868,17.02479339,0.107438017,0.272727273,28491,121,0.588627216,0.968,0.775641026,1,36.711,13.891664,11.23008511,28.93189398,380.2231405,361.8181818,0.130434783,1,464,0,0,0,0
930216,454,0.537190083,0.289256198,0.710743802,0.132231405,0.016528926,0.082644628,2.966942149,1.768595041,0.049586777,0.545454545,0.05785124,0.115702479,2.223140496,0.47107438,0.132231405,0.32231405,0.066115702,0.074380165,0.570247934,0.016528926,0.454545455,0.231404959,3.776859504,0.256198347,1.132231405,0.595041322,0.165289256,22.95867769,0.181818182,0.198347107,28554,121,0.495254726,0.952755906,0.715976331,1,36.554,13.39247068,11.63467957,36.82514941,549.0413223,364.1239669,0.270833333,1,462,0,0,0,0
930216,455,0.478632479,0.162393162,0.717948718,0.11965812,0.051282051,0.042735043,2.94017094,1.512820513,0.11965812,0.393162393,0.051282051,0.042735043,3.008547009,0.777777778,0.170940171,0.401709402,0.05982906,0.128205128,0.572649573,0,0.538461538,0.273504274,4.64957265,0.188034188,1.572649573,0.615384615,0.05982906,20.62393162,0.170940171,0.188034188,28617,117,0.708931963,0.966942149,0.78,1,36.521,14.58848197,10.28891899,7.368754006,567.6752137,362.4871795,0.111111111,1,442,0,0,0,0
930216,456,0.217391304,0.115942029,0.507246377,0.072463768,0.014492754,0.057971014,2.84057971,1.695652174,0.144927536,0.68115942,0,0.130434783,2.072463768,0.507246377,0.15942029,0.202898551,0.130434783,0.115942029,0.52173913,0.014492754,0.507246377,0.289855072,5.68115942,0.202898551,0.869565217,0.695652174,0.144927536,19.62318841,0.115942029,0.130434783,28679,69,0.440590215,0.945205479,0.69,1,27.821,10.01536659,8.990878112,-48.36993877,693.173913,363.942029,0.676470588,2,444,449,0,0,0
930216,457,0.316666667,0.291666667,0.6,0.066666667,0.05,0.066666667,2.408333333,1.65,0.108333333,0.441666667,0.083333333,0.058333333,2.208333333,0.441666667,0.1,0.35,0.05,0.075,0.608333333,0.025,0.391666667,0.258333333,2.033333333,0.266666667,0.591666667,0.508333333,0.15,23.2,0.15,0.225,28742,120,0.532185855,0.952380952,0.714285714,1,37.009,13.50096965,11.43029292,33.39220377,146.5416667,363.5833333,0,0,0,0,0,0,0
930216,459,0.218487395,0.218487395,1.084033613,0.033613445,0.033613445,0.033613445,2.546218487,1.243697479,0.092436975,0.260504202,0.042016807,0.092436975,1.285714286,0.344537815,0.109243697,0.142857143,0.025210084,0.033613445,0.386554622,0.008403361,0.344537815,0.260504202,6.042016807,0.201680672,0.352941176,0.739495798,0.12605042,15.37815126,0.109243697,0.218487395,28868,119,0.469921499,0.952,0.708333333,1,37.009,13.19095042,11.64376024,-5.351639978,58.48739496,365.0252101,0,0,0,0,0,0,0
930216,460,0.364705882,0.141176471,0.647058824,0.141176471,0.047058824,0.070588235,3.2,1.917647059,0.047058824,0.611764706,0.035294118,0.058823529,4.188235294,0.447058824,0.105882353,0.388235294,0.035294118,0.117647059,0.647058824,0.035294118,0.623529412,0.105882353,2,0.352941176,0.894117647,0.717647059,0.247058824,17.41176471,0.188235294,0.211764706,28931,85,0.575603111,0.934065934,0.708333333,1,31.195,11.64894004,9.525678516,-16.65639359,756.7882353,366.5882353,0.5,1,447,0,0,0,0
930216,461,0.306748466,0.282208589,1.331288344,0.055214724,0.055214724,0.049079755,1.840490798,1.36196319,0.116564417,0.644171779,0.098159509,0.079754601,3.196319018,0.466257669,0.257668712,0.392638037,0.147239264,0.085889571,0.791411043,0.030674847,0.834355828,0.466257669,8.717791411,0.251533742,0.588957055,1.251533742,0.153374233,19.6993865,0.214723926,0.447852761,28994,163,0.744349018,0.947674419,0.68487395,1,46.189,17.78737919,11.878248,33.90499224,124.0797546,367.2147239,0,0,0,0,0,0,0
930216,462,0.45508982,0.19760479,0.718562874,0.125748503,0.035928144,0.107784431,2.191616766,1.928143713,0.095808383,0.491017964,0.05988024,0.149700599,6.353293413,0.407185629,0.191616766,0.491017964,0.041916168,0.113772455,0.676646707,0.005988024,0.598802395,0.251497006,1.952095808,0.305389222,0.832335329,0.664670659,0.119760479,24.63473054,0.143712575,0.209580838,29057,167,0.712921245,0.948863636,0.662698413,1,46.024,17.57863441,12.32691379,63.93974965,536.0958084,367.3712575,0.233333333,1,454,0,0,0,0
930216,463,0.214285714,0.163265306,1.06122449,0.12244898,0.030612245,0.051020408,1.530612245,1.867346939,0.081632653,0.459183673,0.081632653,0.051020408,2.336734694,0.5,0.040816327,0.316326531,0.06122449,0.051020408,0.306122449,0.040816327,0.387755102,0.244897959,6.989795918,0.204081633,0.295918367,0.581632653,0.102040816,15.13265306,0.142857143,0.132653061,29120,98,0.537600613,0.951456311,0.742424242,1,32.791,12.2427096,10.32304795,70.06575683,285.8367347,369.622449,0,0,0,0,0,0,0
930216,464,0.37037037,0.345679012,0.50617284,0.12345679,0.024691358,0.024691358,2.925925926,1.827160494,0.12345679,0.62962963,0.074074074,0.074074074,3.271604938,0.197530864,0.148148148,0.345679012,0.037037037,0.024691358,0.518518519,0.012345679,0.407407407,0.395061728,6.098765432,0.37037037,0.728395062,0.691358025,0.098765432,19.12345679,0.098765432,0.160493827,29183,81,0.480456555,0.91011236,0.5625,1,32.155,11.076675,9.714449209,-35.25206974,390.6419753,369.1234568,0.55,2,453,470,0,0,0
930216,465,0.464788732,0.253521127,0.676056338,0.154929577,0.056338028,0.084507042,3.690140845,2.661971831,0.084507042,0.422535211,0.070422535,0.070422535,3.676056338,0.549295775,0.211267606,0.436619718,0.014084507,0.084507042,0.535211268,0.028169014,0.647887324,0.352112676,3.521126761,0.253521127,0.816901408,0.85915493,0.197183099,26.1971831,0.183098592,0.183098592,29245,71,0.676146993,0.87654321,0.645454545,1,31.005,11.36533328,8.373599661,-35.80784495,607.4507042,369.2394366,0.611111111,1,469,0,0,0,0
930216,466,0.426470588,0.264705882,0.735294118,0.058823529,0.029411765,0.088235294,1.338235294,1.852941176,0.073529412,0.382352941,0.088235294,0.088235294,1.926470588,0.264705882,0.029411765,0.323529412,0.029411765,0.102941176,0.294117647,0,0.544117647,0.161764706,1.852941176,0.367647059,0.558823529,0.558823529,0.205882353,16.89705882,0.073529412,0.205882353,29308,68,0.84824287,0.894736842,0.515151515,1,31.402,13.24888111,7.016705926,-38.51110404,28.23529412,372.2794118,0.575,2,471,476,0,0,0
930216,467,0.333333333,0.245098039,0.754901961,0.088235294,0.019607843,0.117647059,2.294117647,2.039215686,0.098039216,0.392156863,0.068627451,0.078431373,2.598039216,0.333333333,0.098039216,0.333333333,0.078431373,0.019607843,0.539215686,0.009803922,0.460784314,0.31372549,3.31372549,0.254901961,0.37254902,0.735294118,0.107843137,18.79411765,0.205882353,0.215686275,29371,102,0.237179764,0.962264151,0.708333333,1,32.998,11.64499119,11.31271044,22.56942454,429.8235294,372.5980392,0,0,0,0,0,0,0
930216,468,0.549019608,0.254901961,0.578431373,0.049019608,0.039215686,0.098039216,4.284313725,1.735294118,0.117647059,0.352941176,0.049019608,0.088235294,3.81372549,0.539215686,0.156862745,0.37254902,0.117647059,0.107843137,0.715686275,0.068627451,0.431372549,0.235294118,1.745098039,0.284313725,0.990196078,0.470588235,0.147058824,21.96078431,0.196078431,0.215686275,29434,102,0.595903067,0.962264151,0.708333333,1,33.271,12.79080821,10.27174003,44.37431818,648.4607843,373.2156863,0,0,0,0,0,0,0
930216,469,0.403361345,0.218487395,0.579831933,0.042016807,0,0.050420168,2.12605042,1.478991597,0.100840336,0.327731092,0.025210084,0.058823529,3.235294118,0.336134454,0.12605042,0.25210084,0.067226891,0.117647059,0.378151261,0.042016807,0.411764706,0.344537815,11.50420168,0.235294118,0.74789916,0.554621849,0.075630252,15.3697479,0.12605042,0.226890756,29497,119,0.849002597,0.862318841,0.53125,1,43.931,17.96124212,9.49051689,-43.83154008,602.092437,373.3613445,0.490909091,2,465,485,0,0,0
930216,470,0.565217391,0.115942029,0.507246377,0.072463768,0.057971014,0.057971014,3.782608696,2.057971014,0.130434783,0.449275362,0.072463768,0.086956522,6.405797101,0.347826087,0.115942029,0.275362319,0.101449275,0.057971014,0.52173913,0,0.362318841,0.333333333,3.420289855,0.405797101,0.695652174,0.797101449,0.086956522,24.01449275,0.115942029,0.217391304,29560,69,0.616553154,0.932432432,0.627272727,1,28.681,10.86872721,8.557093314,-34.65272032,385.884058,375.0724638,0.486486486,1,464,0,0,0,0
930216,471,0.294117647,0.141176471,0.658823529,0.035294118,0.011764706,0.082352941,1.929411765,1.458823529,0.047058824,0.4,0.058823529,0.058823529,1.729411765,0.235294118,0.047058824,0.282352941,0.058823529,0.011764706,0.576470588,0.023529412,0.270588235,0.235294118,4.494117647,0.235294118,0.494117647,0.611764706,0.082352941,18.2,0.176470588,0.223529412,29623,85,0.830110213,0.913978495,0.607142857,1,34.379,14.58597934,8.133132581,-26.95055206,23.47058824,376.2588235,0.772727273,2,466,476,0,0,0
930216,472,0.424460432,0.237410072,0.589928058,0.107913669,0.028776978,0.057553957,3.381294964,1.625899281,0.071942446,0.539568345,0.122302158,0.136690647,3.043165468,0.438848921,0.151079137,0.287769784,0.071942446,0.050359712,0.589928058,0.007194245,0.496402878,0.330935252,8.90647482,0.28057554,1.345323741,0.834532374,0.122302158,20.02877698,0.136690647,0.251798561,29686,139,0.413817378,0.95862069,0.763736264,1,39.25,14.00139524,12.746309,85.02114535,178.7194245,376.3021583,0,0,0,0,0,0,0
930216,473,0.545454545,0.254545455,0.5,0.072727273,0.045454545,0.063636364,3.272727273,2.445454545,0.063636364,0.409090909,0.018181818,0.118181818,4.409090909,0.463636364,0.2,0.254545455,0.072727273,0.054545455,0.727272727,0.009090909,0.609090909,0.209090909,3,0.218181818,0.9,0.8,0.154545455,24.93636364,0.072727273,0.281818182,29749,110,0.458640858,0.909090909,0.705128205,1,37.935,13.04610871,11.59305557,-14.79317216,680.0272727,377.7454545,0.395833333,1,481,0,0,0,0
930216,474,0.261682243,0.140186916,0.588785047,0.121495327,0.037383178,0.093457944,2.457943925,1.523364486,0.037383178,0.345794393,0.065420561,0.056074766,2.813084112,0.271028037,0.168224299,0.299065421,0.065420561,0.046728972,0.355140187,0.018691589,0.345794393,0.186915888,1.728971963,0.271028037,0.327102804,0.85046729,0.112149533,20.78504673,0.177570093,0.214953271,29812,107,0.783496032,0.922413793,0.636904762,1,37.1,15.13444376,9.404494746,-37.31015849,214.9252336,381.2897196,0.425531915,1,488,0,0,0,0
930216,475,0.290322581,0.225806452,0.698924731,0.075268817,0.043010753,0.053763441,1.76344086,1.419354839,0.043010753,0.451612903,0.107526882,0.064516129,2.913978495,0.35483871,0.064516129,0.35483871,0.086021505,0.075268817,0.387096774,0.010752688,0.333333333,0.247311828,2.301075269,0.193548387,0.279569892,0.827956989,0.096774194,18.04301075,0.086021505,0.247311828,29874,93,0.400906984,0.948979592,0.704545455,1,31.865,11.44709403,10.48689764,38.11980696,66.49462366,381.0967742,0,0,0,0,0,0,0
930216,476,0.224719101,0.269662921,0.483146067,0.04494382,0.02247191,0.056179775,1.685393258,1.370786517,0.123595506,0.213483146,0.033707865,0.06741573,3.08988764,0.258426966,0.123595506,0.235955056,0.033707865,0.06741573,0.471910112,0.033707865,0.393258427,0.123595506,0.966292135,0.213483146,0.786516854,0.662921348,0.06741573,17.05617978,0.168539326,0.157303371,29937,89,0.736240195,0.927083333,0.684615385,1,32.237,13.13992171,8.892051863,16.20429735,25.92134831,384.2134831,0.380952381,2,466,471,0,0,0
930216,477,0.384615385,0.346153846,0.746153846,0.107692308,0.023076923,0.1,3.038461538,2.046153846,0.084615385,0.484615385,0.053846154,0.146153846,5.192307692,0.384615385,0.123076923,0.453846154,0.1,0.092307692,0.484615385,0.007692308,0.546153846,0.276923077,4.953846154,0.292307692,0.553846154,0.907692308,0.215384615,23.13846154,0.223076923,0.338461538,30000,130,0.638996101,0.955882353,0.714285714,1,38.605,14.80337693,11.38690517,35.59129647,279.6538462,385.1538462,0.26,1,483,0,0,0,0
930216,478,0.417391304,0.330434783,0.704347826,0.069565217,0.017391304,0.043478261,3.834782609,1.947826087,0.104347826,0.539130435,0.086956522,0.086956522,2.791304348,0.365217391,0.191304348,0.304347826,0.060869565,0.104347826,0.4,0.008695652,0.617391304,0.234782609,4.234782609,0.269565217,1.130434783,0.704347826,0.234782609,22.53913043,0.12173913,0.191304348,30063,115,0.681888693,0.958333333,0.68452381,1,36.447,14.25965342,10.43030837,53.720137,299.1217391,384.5826087,0.319148936,1,483,0,0,0,0
930216,479,0.629213483,0.280898876,0.651685393,0.078651685,0.02247191,0.08988764,3.505617978,1.707865169,0.078651685,0.573033708,0.078651685,0.168539326,2.921348315,0.370786517,0.168539326,0.370786517,0.04494382,0.101123596,0.561797753,0,0.539325843,0.292134831,6.258426966,0.224719101,0.887640449,0.707865169,0.179775281,21.49438202,0.134831461,0.168539326,30126,89,0.513675244,0.956989247,0.741666667,1,31.559,11.67848406,10.01996063,26.55218728,498.6067416,382.741573,0.8,3,484,487,493,0,0
930216,480,0.507042254,0.443661972,0.802816901,0.112676056,0.028169014,0.077464789,3.063380282,2.014084507,0.049295775,0.514084507,0.112676056,0.098591549,2.5,0.478873239,0.176056338,0.345070423,0.063380282,0.056338028,0.577464789,0.021126761,0.633802817,0.225352113,2.246478873,0.295774648,0.971830986,0.669014085,0.169014085,22.46478873,0.204225352,0.253521127,30189,142,0.695752628,0.940397351,0.633928571,1,41.624,16.063925,11.53841979,33.58264327,315.7112676,385.9788732,0,0,0,0,0,0,0
930216,481,0.47706422,0.302752294,0.688073394,0.110091743,0.055045872,0.082568807,4.201834862,1.449541284,0.110091743,0.348623853,0.055045872,0.036697248,3.495412844,0.422018349,0.165137615,0.330275229,0.04587156,0.055045872,0.559633028,0,0.385321101,0.385321101,11.75229358,0.247706422,1.165137615,0.642201835,0.19266055,18.9266055,0.146788991,0.19266055,30252,109,0.747222488,0.931623932,0.648809524,1,37.1,14.62888406,9.721975473,33.33295611,676.8348624,387.293578,0.382978723,1,473,0,0,0,0
930216,482,0.5,0.329787234,0.680851064,0.063829787,0.074468085,0.106382979,5.021276596,1.776595745,0.063829787,0.542553191,0.085106383,0.180851064,2.542553191,0.382978723,0.180851064,0.319148936,0.117021277,0.042553191,0.670212766,0,0.563829787,0.425531915,15.4893617,0.372340426,1.265957447,1.042553191,0.159574468,20.84042553,0.117021277,0.329787234,30315,94,0.638764395,0.979166667,0.723076923,1,32.965,12.67059771,9.748788238,72.91292108,796.212766,385.9042553,0,0,0,0,0,0,0
930216,483,0.565789474,0.289473684,0.881578947,0.105263158,0.026315789,0.105263158,2.447368421,2.328947368,0.065789474,0.473684211,0.065789474,0.197368421,3.802631579,0.368421053,0.065789474,0.368421053,0.131578947,0.078947368,0.697368421,0.013157895,0.684210526,0.289473684,1.223684211,0.394736842,0.342105263,0.986842105,0.184210526,24.35526316,0.223684211,0.184210526,30378,76,0.561847667,0.938271605,0.767676768,1,29.21,10.99234014,9.093311308,-88.1178733,289.7894737,387.1842105,0.75,2,477,478,0,0,0
930216,484,0.871345029,0.269005848,0.578947368,0.081871345,0.070175439,0.052631579,4.269005848,2.029239766,0.058479532,0.49122807,0.040935673,0.093567251,8.561403509,0.485380117,0.233918129,0.362573099,0.111111111,0.093567251,0.514619883,0.005847953,0.538011696,0.304093567,2.444444444,0.233918129,0.859649123,0.812865497,0.14619883,24.86549708,0.157894737,0.263157895,30440,171,0.882902727,0.93956044,0.5625,1,49.58,21.91971852,10.29253391,57.10308681,487.497076,385.0760234,0.439393939,3,479,487,493,0,0
930216,485,0.462025316,0.246835443,0.772151899,0.082278481,0.063291139,0.088607595,2.202531646,2.14556962,0.037974684,0.481012658,0.094936709,0.107594937,3.607594937,0.373417722,0.126582278,0.310126582,0.107594937,0.044303797,0.575949367,0,0.462025316,0.297468354,5.753164557,0.303797468,0.651898734,0.651898734,0.107594937,19.7721519,0.151898734,0.278481013,30503,158,0.4959714,0.946107784,0.702222222,1,42.823,15.3451322,13.32477456,43.05091752,607.0949367,388.9556962,0.035714286,1,469,0,0,0,0
930216,486,0.385964912,0.149122807,0.850877193,0.140350877,0.043859649,0.122807018,2.657894737,1.956140351,0.096491228,0.50877193,0.078947368,0.105263158,2.631578947,0.333333333,0.570175439,0.359649123,0.026315789,0.052631579,0.710526316,0.01754386,0.51754386,0.254385965,4.061403509,0.219298246,0.552631579,0.903508772,0.157894737,20.11403509,0.157894737,0.333333333,30566,114,0.70161081,0.93442623,0.690909091,1,37.282,14.40671069,10.26565101,5.941413246,110.7807018,387.8421053,0.391304348,1,494,0,0,0,0
930216,487,0.387096774,0.129032258,1,0.096774194,0.032258065,0,1.741935484,1.709677419,0.064516129,0.322580645,0.064516129,0.032258065,2.064516129,0.516129032,0.064516129,0.290322581,0.032258065,0.032258065,0.612903226,0,0.612903226,0.322580645,11.58064516,0.322580645,0.322580645,0.483870968,0.064516129,18.96774194,0.064516129,0.161290323,30629,31,0.860505126,0.815789474,0.516666667,1,22.189,9.766684467,4.975557121,-13.43956495,495.1935484,388.6774194,1,3,479,484,493,0,0
930216,488,0.267123288,0.150684932,0.390410959,0.109589041,0.02739726,0.075342466,3.938356164,1.561643836,0.068493151,0.383561644,0.061643836,0.034246575,2.232876712,0.253424658,0.095890411,0.342465753,0.109589041,0.089041096,0.260273973,0.006849315,0.410958904,0.184931507,4.589041096,0.356164384,0.369863014,0.5,0.116438356,18.43150685,0.136986301,0.205479452,30692,146,0.738685459,0.906832298,0.623931624,1,45.147,17.13272863,11.5483207,-6.576010722,213.6917808,390.5616438,0.6,2,474,498,0,0,0
930216,489,0.3,0.155555556,0.611111111,0.088888889,0.011111111,0.1,3.366666667,1.677777778,0.077777778,0.266666667,0.033333333,0.066666667,3.255555556,0.577777778,0.055555556,0.255555556,0.111111111,0.011111111,0.5,0.011111111,0.333333333,0.1,4.355555556,0.244444444,0.466666667,0.455555556,0.122222222,18.1,0.155555556,0.166666667,30755,90,0.393408589,0.957446809,0.818181818,1,30.988,11.21506923,10.31072796,0,410,389.5,0,0,0,0,0,0,0
930216,490,0.350877193,0.263157895,0.631578947,0.070175439,0,0.105263158,2.280701754,1.543859649,0.035087719,0.614035088,0.087719298,0.01754386,3.315789474,0.263157895,0.122807018,0.210526316,0.052631579,0.01754386,0.473684211,0,0.50877193,0.245614035,2.912280702,0.210526316,0.438596491,0.771929825,0.087719298,19.42105263,0.070175439,0.228070175,30818,57,0.793498692,0.890625,0.59375,1,27.176,11.23003652,6.834285297,-2.640322981,572.0350877,390.4912281,0.647058824,1,495,0,0,0,0
930216,491,0.427745665,0.132947977,0.630057803,0.069364162,0.01734104,0.092485549,3.820809249,1.855491329,0.057803468,0.566473988,0.046242775,0.086705202,5.936416185,0.398843931,0.179190751,0.439306358,0.098265896,0.069364162,0.630057803,0.005780347,0.520231214,0.242774566,8.265895954,0.265895954,1.352601156,1.023121387,0.173410405,22.26589595,0.115606936,0.208092486,30881,173,0.740439204,0.955801105,0.678431373,1,45.734,18.2124853,12.24103647,51.09144662,39.05780347,392.699422,0,0,0,0,0,0,0
930216,492,0.314136126,0.235602094,0.87434555,0.104712042,0.068062827,0.068062827,2.764397906,1.785340314,0.104712042,0.340314136,0.12565445,0.078534031,2.722513089,0.392670157,0.209424084,0.371727749,0.062827225,0.047120419,0.654450262,0.020942408,0.528795812,0.261780105,2.916230366,0.251308901,0.696335079,0.738219895,0.12565445,20.08900524,0.109947644,0.235602094,30944,191,0.811965075,0.959798995,0.660899654,1,48.91,20.51491678,11.9746804,44.85328363,351.1361257,392.3507853,0.015625,1,501,0,0,0,0
930216,493,0.378378378,0.337837838,0.614864865,0.121621622,0.033783784,0.067567568,3.148648649,1.959459459,0.081081081,0.547297297,0.101351351,0.101351351,3.256756757,0.398648649,0.101351351,0.283783784,0.074324324,0.047297297,0.72972973,0.013513514,0.527027027,0.385135135,9.040540541,0.22972973,0.621621622,0.716216216,0.135135135,24.59459459,0.121621622,0.290540541,31006,148,0.809438068,0.817679558,0.513888889,1,50.341,19.75767284,11.60180936,29.39753278,497.7094595,393.3310811,0.492537313,3,479,484,487,0,0
930216,494,0.474747475,0.212121212,0.585858586,0.090909091,0.03030303,0.04040404,3.606060606,1.757575758,0.060606061,0.313131313,0.050505051,0.171717172,2.686868687,0.444444444,0.121212121,0.303030303,0.02020202,0.04040404,0.434343434,0,0.323232323,0.313131313,6.383838384,0.292929293,1.262626263,0.717171717,0.121212121,17.91919192,0.222222222,0.191919192,31069,99,0.562103013,0.908256881,0.634615385,1,35.14,12.70900301,10.51119992,9.420910596,107.5252525,396.5959596,0.422222222,1,486,0,0,0,0
930216,495,0.223404255,0.234042553,0.563829787,0.063829787,0.021276596,0.053191489,2.223404255,1.882978723,0.053191489,0.382978723,0.042553191,0.138297872,2.542553191,0.393617021,0.095744681,0.319148936,0.053191489,0.106382979,0.521276596,0.010638298,0.542553191,0.170212766,5.393617021,0.234042553,0.489361702,0.542553191,0.117021277,20.70212766,0.095744681,0.329787234,31132,94,0.872157494,0.810344828,0.5875,1,40.003,17.00771121,8.320601085,-3.320842976,570.287234,395.712766,0.745098039,2,490,502,0,0,0
930216,496,0.368852459,0.180327869,1.073770492,0.024590164,0.024590164,0.06557377,1.893442623,2.040983607,0.024590164,0.508196721,0.081967213,0.090163934,3.581967213,0.221311475,0.114754098,0.368852459,0.081967213,0.057377049,0.557377049,0.016393443,0.37704918,0.319672131,3.319672131,0.319672131,0.409836066,0.721311475,0.131147541,19.98360656,0.049180328,0.237704918,31195,122,0.427335371,0.968253968,0.726190476,1,36.546,13.16786997,11.90498146,-10.03476159,645.7540984,395.647541,0,0,0,0,0,0,0
930216,497,0.341666667,0.183333333,0.508333333,0.091666667,0.025,0.05,3.85,1.116666667,0.083333333,0.225,0.041666667,0.041666667,2.491666667,0.325,0.083333333,0.216666667,0.058333333,0.1,0.358333333,0,0.291666667,0.208333333,4.558333333,0.191666667,1.725,0.466666667,0.108333333,17.275,0.091666667,0.108333333,31258,120,0.390412185,0.967741935,0.769230769,1,35.694,12.93017493,11.90403847,-71.45712933,157.375,395.1416667,0,0,0,0,0,0,0
930216,498,0.280701754,0.263157895,0.842105263,0.078947368,0.035087719,0.078947368,1.728070175,1.289473684,0.043859649,0.359649123,0.052631579,0.078947368,2.070175439,0.245614035,0.149122807,0.385964912,0.026315789,0.035087719,0.394736842,0,0.298245614,0.254385965,5.298245614,0.184210526,0.333333333,0.535087719,0.114035088,14.1754386,0.096491228,0.131578947,31321,114,0.65739983,0.957983193,0.678571429,1,35.992,13.98191668,10.53596069,29.52993459,224.8421053,396.6578947,0.340425532,1,488,0,0,0,0
930216,499,0.378531073,0.248587571,0.95480226,0.079096045,0.028248588,0.06779661,2.04519774,1.638418079,0.11299435,0.316384181,0.056497175,0.04519774,2.728813559,0.282485876,0.118644068,0.265536723,0.050847458,0.056497175,0.485875706,0.016949153,0.536723164,0.316384181,10.89830508,0.265536723,0.638418079,0.655367232,0.084745763,18.75141243,0.096045198,0.203389831,31384,177,0.708726076,0.926701571,0.650735294,1,47.967,18.15326463,12.80683356,47.09988877,373.480226,397.6836158,0,0,0,0,0,0,0
930216,500,0.535714286,0.294642857,0.696428571,0.089285714,0.053571429,0.071428571,3.839285714,1.991071429,0.0625,0.410714286,0.071428571,0.0625,3.785714286,0.526785714,0.535714286,0.4375,0.142857143,0.0625,0.696428571,0.017857143,0.401785714,0.178571429,2.080357143,0.3125,0.946428571,0.714285714,0.125,22.05357143,0.071428571,0.205357143,31447,112,0.626375337,0.949152542,0.615384615,1,36.472,13.63644039,10.62989993,60.2856935,397.1607143,397.7142857,0,0,0,0,0,0,0
930216,501,0.35106383,0.281914894,0.829787234,0.058510638,0.042553191,0.074468085,2.765957447,1.606382979,0.069148936,0.39893617,0.042553191,0.053191489,3.484042553,0.234042553,0.164893617,0.25,0.085106383,0.042553191,0.521276596,0.005319149,0.409574468,0.271276596,6.079787234,0.265957447,0.537234043,0.590425532,0.111702128,18.57446809,0.106382979,0.170212766,31510,188,0.617828659,0.921568627,0.618421053,1,49.307,17.7874529,13.98650109,-69.71696334,334.1170213,400.1170213,0.307692308,2,492,507,0,0,0
930216,502,0.337662338,0.324675325,0.545454545,0.051948052,0.012987013,0.077922078,2.233766234,1.974025974,0.051948052,0.38961039,0.038961039,0.064935065,2.727272727,0.480519481,0.116883117,0.246753247,0.051948052,0.090909091,0.454545455,0,0.766233766,0.38961039,10.33766234,0.285714286,0.532467532,0.597402597,0.090909091,18.97402597,0.116883117,0.181818182,31573,77,0.609034911,0.950617284,0.641666667,1,29.996,11.3196962,8.978142502,2.031682996,576.1168831,402.2337662,0.5,2,495,504,0,0,0
930216,503,0.426966292,0.258426966,0.393258427,0.02247191,0.04494382,0.08988764,1.95505618,1.752808989,0.078651685,0.438202247,0,0.157303371,5.584269663,0.370786517,0.134831461,0.337078652,0.056179775,0.06741573,0.404494382,0.011235955,0.415730337,0.168539326,2.056179775,0.280898876,0.775280899,0.494382022,0.146067416,16.69662921,0.123595506,0.191011236,31635,89,0.61560411,0.917525773,0.684615385,1,33.246,12.28895928,9.684382801,1.341224765,751.9213483,400.0786517,0.43902439,1,508,0,0,0,0
930216,504,0.533333333,0.266666667,0.533333333,0.114285714,0.047619048,0.038095238,2.79047619,1.99047619,0.095238095,0.542857143,0.047619048,0.076190476,5.447619048,0.323809524,0.142857143,0.295238095,0.047619048,0.066666667,0.619047619,0,0.733333333,0.361904762,11.74285714,0.285714286,0.895238095,0.619047619,0.123809524,16.63809524,0.076190476,0.219047619,31698,105,0.578209689,0.954545455,0.673076923,1,34.768,12.89959112,10.52462419,-59.92509125,589.0380952,401.4190476,0.068181818,1,502,0,0,0,0
930216,505,0.621621622,0.18018018,0.621621622,0.036036036,0.009009009,0.126126126,3.234234234,2.045045045,0.126126126,0.333333333,0.045045045,0.135135135,3.837837838,0.369369369,0.108108108,0.27027027,0.072072072,0.036036036,0.585585586,0.018018018,0.522522523,0.342342342,9.009009009,0.27027027,0.828828829,0.576576577,0.054054054,18.99099099,0.072072072,0.216216216,31761,111,0.651416803,0.940677966,0.660714286,1,36.273,13.83877725,10.49975808,34.15046945,713.8558559,402.5675676,0,0,0,0,0,0,0
930216,506,0.464912281,0.280701754,0.684210526,0.122807018,0.043859649,0.043859649,3.543859649,2.043859649,0.114035088,0.421052632,0.043859649,0.114035088,3.368421053,0.324561404,0.184210526,0.438596491,0.061403509,0.078947368,0.385964912,0.00877193,0.438596491,0.131578947,1.48245614,0.333333333,0.701754386,0.535087719,0.140350877,20.10526316,0.131578947,0.210526316,31824,114,0.563743136,0.926829268,0.626373626,1,37.406,13.46350785,11.12018654,-73.41273476,294.7192982,403.7280702,0.0625,1,511,0,0,0,0
930216,507,0.453333333,0.293333333,0.72,0.093333333,0.04,0.066666667,3.266666667,2.36,0.146666667,0.28,0.026666667,0.013333333,3.413333333,0.32,0.12,0.453333333,0.053333333,0.106666667,0.493333333,0.013333333,0.466666667,0.16,2.333333333,0.346666667,0.68,0.746666667,0.026666667,22.53333333,0.08,0.36,31887,75,0.388830526,0.949367089,0.681818182,1,28.772,10.29416626,9.48411109,-33.10551383,325.84,406.6133333,0.459459459,1,501,0,0,0,0
930216,508,0.518181818,0.209090909,0.654545455,0.063636364,0.036363636,0.109090909,2.090909091,1.854545455,0.081818182,0.336363636,0.118181818,0.081818182,6.045454545,0.472727273,0.154545455,0.390909091,0.090909091,0.045454545,0.527272727,0.018181818,0.554545455,0.3,6.245454545,0.263636364,0.754545455,0.690909091,0.127272727,22.39090909,0.127272727,0.245454545,31950,110,0.721482274,0.93220339,0.666666667,1,38.018,14.60688077,10.11428489,14.33664338,748.3454545,408.1363636,0.680851064,3,503,510,524,0,0
930216,509,0.422680412,0.206185567,1.092783505,0.092783505,0.06185567,0.06185567,2.969072165,2.164948454,0.041237113,0.402061856,0.041237113,0.164948454,3.907216495,0.360824742,0.072164948,0.24742268,0.051546392,0.06185567,0.494845361,0.030927835,0.412371134,0.195876289,2.711340206,0.257731959,0.515463918,0.567010309,0.12371134,18.1443299,0.06185567,0.298969072,32013,97,0.56126312,0.950980392,0.734848485,1,33.155,12.34122546,10.21406008,40.58399771,263.9072165,407.5876289,0,0,0,0,0,0,0
930216,510,0.313333333,0.273333333,0.453333333,0.086666667,0.066666667,0.086666667,1.533333333,1.893333333,0.046666667,0.406666667,0.066666667,0.046666667,1.9,0.446666667,0.086666667,0.32,0.013333333,0.046666667,0.453333333,0,0.406666667,0.246666667,10.30666667,0.22,0.46,0.82,0.106666667,18.71333333,0.133333333,0.253333333,32076,150,0.577231664,0.967741935,0.721153846,1,41.698,15.47528792,12.63681734,-1.996025141,732.04,407.8266667,0.018518519,1,508,0,0,0,0
930216,511,0.36875,0.24375,0.55625,0.05625,0.03125,0.075,2.89375,2.025,0.06875,0.4,0.025,0.10625,3.45625,0.39375,0.09375,0.3,0.075,0.0625,0.525,0.00625,0.4,0.21875,2.2,0.2625,0.6375,0.81875,0.1375,21.11875,0.125,0.25625,32139,160,0.804951079,0.935672515,0.625,1,45.916,18.80849157,11.15985266,47.59817625,280.1875,410.5125,0.06779661,1,506,0,0,0,0
930216,512,0.336734694,0.214285714,0.836734694,0.071428571,0.051020408,0.071428571,3.081632653,1.62244898,0.091836735,0.336734694,0.010204082,0.142857143,2.520408163,0.255102041,0.132653061,0.244897959,0.071428571,0.091836735,0.612244898,0.020408163,0.56122449,0.255102041,3.367346939,0.214285714,0.479591837,0.632653061,0.112244898,21.19387755,0.112244898,0.285714286,32201,98,0.3043102,0.951456311,0.680555556,1,32.626,11.52453562,10.97796136,-64.33535833,354.244898,409.3163265,0,0,0,0,0,0,0
930216,513,0.416666667,0.145833333,0.489583333,0.104166667,0.041666667,0.03125,2.916666667,1.5,0.083333333,0.40625,0.0625,0.041666667,4.125,0.333333333,0.6875,0.302083333,0.104166667,0.197916667,0.604166667,0.010416667,0.354166667,0.166666667,1.083333333,0.270833333,0.760416667,0.604166667,0.21875,16.45833333,0.114583333,0.15625,32264,96,0.548303871,0.96969697,0.79338843,1,32.485,12.1786484,10.18475008,47.31809228,477.3333333,411.1041667,0.375,1,517,0,0,0,0
930216,514,0.35483871,0.204301075,0.516129032,0.129032258,0.064516129,0.053763441,3.258064516,1.935483871,0.11827957,0.365591398,0.096774194,0.11827957,7.430107527,0.387096774,0.129032258,0.322580645,0.075268817,0.086021505,0.505376344,0.021505376,0.483870968,0.11827957,1.344086022,0.301075269,0.784946237,0.731182796,0.215053763,20.90322581,0.161290323,0.139784946,32327,93,0.612779914,0.939393939,0.704545455,1,32.51,12.37159235,9.776695591,38.41353226,217.1075269,412.7634409,0.317073171,1,522,0,0,0,0
930216,515,0.621052632,0.315789474,0.6,0.063157895,0.052631579,0.136842105,2.884210526,2.305263158,0.021052632,0.610526316,0.105263158,0.136842105,2.905263158,0.315789474,0.126315789,0.494736842,0.042105263,0.115789474,0.905263158,0.010526316,0.684210526,0.347368421,3.178947368,0.378947368,0.715789474,0.610526316,0.147368421,24.31578947,0.136842105,0.357894737,32390,95,0.73704464,0.940594059,0.659722222,1,32.998,13.48611637,9.114511701,50.00970728,785.5368421,412.5263158,0.318181818,1,532,0,0,0,0
930216,516,0.654320988,0.296296296,0.604938272,0.092592593,0.043209877,0.074074074,5.12962963,1.611111111,0.135802469,0.530864198,0.043209877,0.067901235,2.839506173,0.432098765,0.561728395,0.345679012,0.043209877,0.191358025,0.543209877,0.030864198,0.691358025,0.419753086,10.89506173,0.345679012,2.777777778,0.882716049,0.141975309,22.10493827,0.111111111,0.185185185,32453,162,0.586095786,0.958579882,0.675,1,43.212,16.04560128,13.00081643,41.13257281,150.1604938,413.6790123,0,0,0,0,0,0,0
930216,517,0.455882353,0.279411765,0.507352941,0.102941176,0.036764706,0.088235294,3.007352941,1.669117647,0.073529412,0.360294118,0.066176471,0.073529412,3.683823529,0.389705882,0.176470588,0.264705882,0.058823529,0.125,0.566176471,0.029411765,0.397058824,0.198529412,2.367647059,0.235294118,0.970588235,0.727941176,0.205882353,17.86764706,0.102941176,0.191176471,32516,136,0.485436921,0.925170068,0.693877551,1,40.656,14.29648451,12.49901173,-28.70584125,487.9411765,413.8088235,0.294117647,1,513,0,0,0,0
930216,518,0.380597015,0.194029851,0.611940299,0.074626866,0.052238806,0.119402985,5.380597015,2.082089552,0.089552239,0.350746269,0,0.134328358,3.671641791,0.335820896,0.119402985,0.28358209,0.097014925,0.074626866,0.567164179,0.02238806,0.417910448,0.201492537,1.962686567,0.313432836,1.014925373,0.671641791,0.156716418,24.67164179,0.194029851,0.313432836,32579,134,0.492370504,0.964028777,0.736263736,1,38.696,14.1092376,12.28047881,60.41393371,177.9328358,413.9402985,0.18,1,520,0,0,0,0
930216,519,0.540540541,0.094594595,0.594594595,0.040540541,0.027027027,0.054054054,2.851351351,2.337837838,0.121621622,0.459459459,0.054054054,0.081081081,4.905405405,0.527027027,0.27027027,0.364864865,0.027027027,0.135135135,0.932432432,0,0.554054054,0.175675676,1.702702703,0.216216216,0.783783784,0.716216216,0.135135135,24.06756757,0.094594595,0.148648649,32642,74,0.695343244,0.948717949,0.685185185,1,29.326,11.62937427,8.357773059,21.75497336,528.9459459,413.472973,0.459459459,1,525,0,0,0,0
930216,520,0.347222222,0.229166667,0.604166667,0.097222222,0.020833333,0.034722222,3.548611111,1.888888889,0.083333333,0.527777778,0.0625,0.118055556,2.125,0.25,0.145833333,0.388888889,0.048611111,0.097222222,0.569444444,0.006944444,0.541666667,0.298611111,2.319444444,0.277777778,1.013888889,0.736111111,0.111111111,21.52083333,0.138888889,0.1875,32705,144,0.608628012,0.966442953,0.75,1,40.747,15.31103543,12.14862829,-89.10536273,190.8680556,417.3263889,0.431372549,2,518,522,0,0,0
930216,521,0.426229508,0.204918033,0.532786885,0.106557377,0.032786885,0.081967213,4.049180328,1.93442623,0.12295082,0.344262295,0.049180328,0.172131148,3.245901639,0.459016393,0.475409836,0.31147541,0.114754098,0.098360656,0.549180328,0.016393443,0.467213115,0.155737705,1.909836066,0.221311475,0.803278689,0.655737705,0.139344262,22.73770492,0.098360656,0.286885246,32768,122,0.410891578,0.953125,0.67032967,1,36.852,13.15515178,11.99334425,-80.7791925,370.0737705,417.4180328,0.26,1,533,0,0,0,0
930216,522,0.318518519,0.22962963,0.681481481,0.118518519,0.059259259,0.081481481,2.748148148,2.362962963,0.074074074,0.377777778,0.051851852,0.140740741,3.577777778,0.348148148,0.125925926,0.362962963,0.096296296,0.066666667,0.6,0,0.555555556,0.22962963,1.259259259,0.266666667,0.622222222,0.777777778,0.214814815,19.92592593,0.103703704,0.266666667,32830,135,0.807312789,0.906040268,0.649038462,1,43.261,17.50026396,10.3273217,21.17413764,204.4296296,416.8148148,0.62962963,3,514,520,540,0,0
930216,523,0.472868217,0.286821705,0.620155039,0.069767442,0.031007752,0.093023256,2.325581395,1.790697674,0.069767442,0.472868217,0.046511628,0.046511628,2.968992248,0.364341085,0.147286822,0.317829457,0.054263566,0.108527132,0.534883721,0.007751938,0.457364341,0.294573643,10.87596899,0.271317829,0.581395349,0.612403101,0.131782946,21.49612403,0.147286822,0.224806202,32893,129,0.375768911,0.962686567,0.763313609,1,37.654,13.39413692,12.41252616,33.46523848,456.8372093,417.2403101,0.208333333,1,531,0,0,0,0
930216,524,0.551470588,0.257352941,0.691176471,0.102941176,0.051470588,0.058823529,3.544117647,1.801470588,0.132352941,0.485294118,0.073529412,0.169117647,2.970588235,0.514705882,0.213235294,0.345588235,0.117647059,0.066176471,0.625,0.007352941,0.5,0.323529412,3.382352941,0.301470588,1.375,0.772058824,0.183823529,25.05882353,0.161764706,0.404411765,32956,136,0.647723715,0.925170068,0.697435897,1,40.739,15.23902872,11.61023974,21.73282122,745.8529412,419.5073529,0.692307692,3,508,539,543,0,0
930216,525,0.578125,0.375,0.453125,0.09375,0.03125,0.03125,3.875,2.390625,0.125,0.5625,0.0625,0.15625,9.390625,0.5,0.203125,0.359375,0.078125,0.171875,0.71875,0.046875,0.640625,0.453125,10.1875,0.234375,1.09375,0.96875,0.265625,27.96875,0.1875,0.359375,33019,64,0.868734155,0.853333333,0.533333333,1,31.559,13.5890358,6.730359672,-21.64989585,528.09375,420.140625,0.921052632,2,519,535,0,0,0
930216,526,0.328571429,0.185714286,0.871428571,0.142857143,0.014285714,0.057142857,2.542857143,1.8,0.071428571,0.385714286,0.028571429,0.071428571,3.542857143,0.457142857,0.114285714,0.285714286,0.085714286,0.071428571,0.557142857,0.014285714,0.428571429,0.242857143,4.614285714,0.257142857,0.571428571,0.5,0.042857143,17.65714286,0.085714286,0.185714286,33082,70,0.792658929,0.909090909,0.648148148,1,30.153,12.73097085,7.761631624,75.77204038,562.9285714,419.3714286,0.552631579,1,527,0,0,0,0
930216,527,0.306818182,0.136363636,0.920454545,0.068181818,0.056818182,0.079545455,1.625,1.590909091,0.056818182,0.375,0.056818182,0.068181818,4.011363636,0.306818182,0.102272727,0.261363636,0.045454545,0.056818182,0.488636364,0,0.534090909,0.261363636,3.363636364,0.329545455,0.306818182,0.738636364,0.136363636,17.32954545,0.136363636,0.147727273,33145,88,0.838638354,0.871287129,0.785714286,1,36.612,14.88186849,8.105984663,86.64530359,569.2613636,419.0454545,0.5,1,526,0,0,0,0
930216,528,0.445783133,0.301204819,0.626506024,0.06626506,0.018072289,0.06626506,3.120481928,2.259036145,0.030120482,0.451807229,0.084337349,0.114457831,3.120481928,0.487951807,0.126506024,0.246987952,0.090361446,0.072289157,0.506024096,0.036144578,0.506024096,0.34939759,3.903614458,0.307228916,0.506024096,0.656626506,0.174698795,21.21084337,0.168674699,0.301204819,33208,166,0.760667271,0.93258427,0.697478992,1,47.024,18.35013846,11.9118451,23.58629689,585.3192771,419.1746988,0.103448276,1,541,0,0,0,0
930216,529,0.554216867,0.403614458,0.873493976,0.078313253,0.030120482,0.108433735,3.385542169,1.861445783,0.126506024,0.981927711,0.180722892,0.162650602,11.63855422,0.608433735,0.301204819,0.355421687,0.162650602,0.084337349,0.93373494,0.030120482,0.927710843,0.343373494,6.542168675,0.265060241,1.271084337,1.819277108,0.265060241,23.4939759,0.222891566,0.487951807,33271,166,0.823773118,0.873684211,0.658730159,1,49.927,19.96841098,11.32048387,74.47608769,115.0301205,421.9879518,0.290322581,1,530,0,0,0,0
930216,531,0.590909091,0.303030303,0.803030303,0.068181818,0.022727273,0.068181818,3.992424242,1.984848485,0.113636364,0.5,0.090909091,0.113636364,4.651515152,0.340909091,0.515151515,0.28030303,0.075757576,0.128787879,0.75,0.022727273,0.598484848,0.25,3.666666667,0.227272727,1.03030303,0.689393939,0.143939394,24.28787879,0.113636364,0.257575758,33396,132,0.748618308,0.942857143,0.6875,1,40.102,16.04623417,10.63867297,66.42051996,466.9242424,424.4545455,0.196078431,1,523,0,0,0,0
930216,532,0.537735849,0.349056604,0.641509434,0.066037736,0.075471698,0.066037736,4.349056604,1.990566038,0.122641509,0.556603774,0.037735849,0.103773585,3.509433962,0.405660377,0.122641509,0.462264151,0.103773585,0.132075472,0.660377358,0.047169811,0.641509434,0.330188679,10.81132075,0.320754717,1.632075472,0.933962264,0.103773585,22.14150943,0.150943396,0.245283019,33459,106,0.62658826,0.938053097,0.736111111,1,35.479,13.35684374,10.40966242,33.27215125,788.7924528,421.6886792,0.744186047,2,515,544,0,0,0
930216,533,0.382608696,0.208695652,1.130434783,0.034782609,0.060869565,0.113043478,2.191304348,1.67826087,0.07826087,0.4,0.104347826,0.12173913,2.617391304,0.269565217,0.104347826,0.4,0.173913043,0.034782609,0.47826087,0.008695652,0.347826087,0.173913043,3.826086957,0.330434783,0.443478261,0.582608696,0.139130435,19.24347826,0.139130435,0.208695652,33522,115,0.465109202,0.958333333,0.737179487,1,35.512,12.93242677,11.44847365,-10.91671471,379.8434783,424.4086957,0.260869565,1,521,0,0,0,0
930216,534,0.367088608,0.35443038,0.550632911,0.069620253,0.006329114,0.063291139,4.430379747,1.341772152,0.082278481,0.348101266,0.069620253,0.126582278,2.5,0.297468354,0.14556962,0.335443038,0.107594937,0.120253165,0.493670886,0.018987342,0.544303797,0.310126582,11.47468354,0.265822785,0.860759494,0.525316456,0.088607595,15.71518987,0.126582278,0.291139241,33585,158,0.74978238,0.934911243,0.619607843,1,44.535,17.64791464,11.67735163,55.66468424,314.3860759,424.2341772,0,0,0,0,0,0,0
930216,535,0.726190476,0.178571429,0.547619048,0.083333333,0.035714286,0.035714286,3.238095238,2.095238095,0.071428571,0.583333333,0.107142857,0.05952381,7.547619048,0.44047619,0.214285714,0.571428571,0.095238095,0.023809524,0.595238095,0,0.80952381,0.321428571,7.107142857,0.452380952,0.964285714,0.94047619,0.154761905,26.38095238,0.071428571,0.273809524,33648,84,0.700004912,0.903225806,0.583333333,1,33.453,12.56255711,8.971399763,-34.52297956,525.2857143,425.9761905,0.512195122,1,525,0,0,0,0
930216,536,0.351351351,0.189189189,0.684684685,0.081081081,0.036036036,0.135135135,2.45045045,1.621621622,0.054054054,0.27027027,0.036036036,0.126126126,3.135135135,0.261261261,0.279279279,0.207207207,0.027027027,0.108108108,1.18018018,0.018018018,0.477477477,0.252252252,10.7027027,0.252252252,0.774774775,0.594594595,0.198198198,13.72072072,0.117117117,0.144144144,33711,111,0.633816624,0.956896552,0.656804734,1,35.347,13.6259562,10.53945019,43.02527924,348.7657658,425.9189189,0,0,0,0,0,0,0
930216,537,0.404255319,0.212765957,0.70212766,0.063829787,0.085106383,0.021276596,3.063829787,1.563829787,0.085106383,0.521276596,0.063829787,0.095744681,6.510638298,0.457446809,0.127659574,0.361702128,0.191489362,0.117021277,0.712765957,0.010638298,0.478723404,0.329787234,1.234042553,0.223404255,0.638297872,0.861702128,0.170212766,23.93617021,0.138297872,0.308510638,33774,94,0.756390986,0.921568627,0.671428571,1,33.643,13.77054341,9.007584724,-6.835239193,401.8617021,425.2553191,0.568181818,2,538,545,0,0,0
930216,538,0.443902439,0.287804878,0.741463415,0.102439024,0.048780488,0.097560976,4.136585366,1.936585366,0.097560976,0.712195122,0.097560976,0.102439024,2.52195122,0.390243902,0.180487805,0.463414634,0.117073171,0.082926829,0.775609756,0.048780488,0.751219512,0.268292683,3.243902439,0.248780488,1.248780488,0.858536585,0.165853659,22.46341463,0.175609756,0.312195122,33837,205,0.586274861,0.940366972,0.669934641,1,50.903,18.20043979,14.74439844,56.6572313,418.0682927,425.3463415,0.089552239,1,537,0,0,0,0
930216,539,0.350649351,0.285714286,0.779220779,0.038961039,0.051948052,0.077922078,3.077922078,1.311688312,0.038961039,0.350649351,0.090909091,0.181818182,4.805194805,0.441558442,0.103896104,0.363636364,0.077922078,0.051948052,0.415584416,0.025974026,0.376623377,0.25974026,3.064935065,0.25974026,0.623376623,0.623376623,0.103896104,21.09090909,0.194805195,0.220779221,33900,77,0.677936883,0.895348837,0.641666667,1,30.724,11.89551241,8.744630448,30.41242753,751.0909091,427.2337662,0.923076923,3,524,543,546,0,0
930216,540,0.295081967,0.278688525,0.475409836,0.098360656,0.06557377,0.049180328,3.770491803,1.836065574,0.090163934,0.409836066,0.073770492,0.12295082,4.163934426,0.278688525,0.172131148,0.344262295,0.06557377,0.024590164,0.573770492,0,0.37704918,0.221311475,1.360655738,0.270491803,0.508196721,0.639344262,0.155737705,18.13934426,0.221311475,0.213114754,33962,122,0.433673507,0.960629921,0.726190476,1,36.455,13.19128317,11.88627058,82.23023774,209.5819672,428.442623,0.166666667,1,522,0,0,0,0
930216,541,0.4,0.277777778,0.577777778,0.155555556,0.055555556,0.066666667,3.411111111,2.022222222,0.055555556,0.5,0.066666667,0.111111111,4.322222222,0.411111111,0.122222222,0.355555556,0.055555556,0.077777778,0.477777778,0,0.555555556,0.133333333,2.311111111,0.266666667,0.988888889,0.822222222,0.111111111,22.03333333,0.155555556,0.233333333,34025,90,0.609759247,0.9375,0.625,1,32.626,12.14774081,9.628137675,35.58618067,591.7222222,430.4777778,0.195121951,1,528,0,0,0,0
930216,542,0.471204188,0.120418848,0.54973822,0.089005236,0.020942408,0.078534031,3.188481675,1.90052356,0.062827225,0.408376963,0.041884817,0.089005236,3.727748691,0.434554974,0.209424084,0.356020942,0.047120419,0.052356021,0.497382199,0.005235602,0.455497382,0.256544503,3.97382199,0.319371728,1.22513089,0.696335079,0.136125654,20.93193717,0.151832461,0.282722513,34088,191,0.58285845,0.945544554,0.663194444,1,48.273,17.5872332,14.29092325,8.87897741,653.8481675,430.1623037,0,0,0,0,0,0,0
930216,543,0.519607843,0.31372549,0.774509804,0.049019608,0.029411765,0.107843137,3.754901961,2.196078431,0.058823529,0.460784314,0.078431373,0.166666667,3.696078431,0.303921569,0.176470588,0.352941176,0.107843137,0.029411765,0.696078431,0.029411765,0.450980392,0.284313725,3.254901961,0.333333333,1.470588235,0.715686275,0.156862745,23.87254902,0.156862745,0.333333333,34151,102,0.503467125,0.953271028,0.713286713,1,34.28,12.43097822,10.74054398,20.64639586,740.3039216,429.9803922,0.795454545,3,524,539,548,0,0
930216,544,0.6,0.171428571,0.676190476,0.047619048,0.019047619,0.104761905,4.619047619,1.6,0.114285714,0.485714286,0.028571429,0.104761905,3.323809524,0.428571429,0.142857143,0.361904762,0.095238095,0.095238095,0.571428571,0.028571429,0.495238095,0.238095238,3.79047619,0.247619048,1.485714286,0.847619048,0.142857143,20.78095238,0.123809524,0.2,34214,105,0.597228115,0.905172414,0.673076923,1,36.794,13.28731981,10.6573796,32.89822865,789.2190476,430.9333333,0.704545455,2,532,554,0,0,0
930216,545,0.45631068,0.213592233,0.504854369,0.029126214,0.077669903,0.077669903,3.145631068,1.815533981,0.029126214,0.475728155,0.077669903,0.097087379,6.126213592,0.504854369,0.145631068,0.310679612,0.058252427,0.058252427,0.737864078,0,0.572815534,0.281553398,2.621359223,0.242718447,0.815533981,0.718446602,0.126213592,27.12621359,0.165048544,0.213592233,34277,103,0.143629282,0.936363636,0.66025641,1,35.049,11.73665142,11.61496068,-18.00921535,396.3203883,432.5339806,0.4,1,537,0,0,0,0
930216,546,0.431818182,0.352272727,0.636363636,0.113636364,0.045454545,0.147727273,4.272727273,1.534090909,0.113636364,0.318181818,0.056818182,0.090909091,6.079545455,0.443181818,0.306818182,0.261363636,0.034090909,0.193181818,0.511363636,0.034090909,0.579545455,0.352272727,6.886363636,0.227272727,0.772727273,0.590909091,0.045454545,18.60227273,0.113636364,0.193181818,34340,88,0.837060794,0.907216495,0.651851852,1,34.371,14.56879544,7.970732003,-7.722088066,757.0909091,433.3863636,0.780487805,3,539,553,557,0,0
930216,547,0.535714286,0.414285714,0.564285714,0.085714286,0.042857143,0.064285714,2.378571429,1.578571429,0.05,0.364285714,0.057142857,0.092857143,1.885714286,0.321428571,0.121428571,0.25,0.057142857,0.057142857,0.407142857,0.007142857,0.292857143,0.228571429,8.542857143,0.228571429,0.528571429,0.607142857,0.121428571,18.89285714,0.121428571,0.121428571,34403,140,0.643510608,0.95890411,0.717948718,1,40.375,15.40255892,11.78969147,38.78114198,495.5214286,440.4071429,0,0,0,0,0,0,0
930216,548,0.571428571,0.263736264,0.626373626,0.087912088,0.021978022,0.076923077,3.494505495,1.89010989,0.065934066,0.461538462,0.054945055,0.098901099,3.483516484,0.351648352,0.131868132,0.230769231,0.153846154,0.043956044,0.483516484,0,0.549450549,0.274725275,3.274725275,0.32967033,1.054945055,0.78021978,0.21978022,25.08791209,0.142857143,0.153846154,34466,91,0.577841955,0.957894737,0.758333333,1,31.749,12.03818431,9.824948285,11.04982265,735.1648352,438.3846154,0.375,1,543,0,0,0,0
930216,549,0.547008547,0.418803419,0.709401709,0.205128205,0.034188034,0.085470085,4.085470085,1.965811966,0.085470085,0.538461538,0.051282051,0.076923077,2.427350427,0.264957265,0.136752137,0.307692308,0.111111111,0.068376068,0.837606838,0.008547009,0.47008547,0.444444444,12.46153846,0.264957265,1,0.811965812,0.145299145,22.57264957,0.179487179,0.264957265,34529,117,0.663654501,0.959016393,0.642857143,1,37.026,14.2355959,10.64878432,40.99309636,72.76068376,437.9230769,0.510204082,4,560,564,566,571,0
930216,550,0.521276596,0.170212766,0.287234043,0.053191489,0.074468085,0.074468085,2.904255319,1.117021277,0.063829787,0.436170213,0.010638298,0.063829787,1.819148936,0.14893617,0.063829787,0.29787234,0.021276596,0.031914894,0.361702128,0.021276596,0.329787234,0.180851064,2.617021277,0.191489362,1.308510638,0.755319149,0.031914894,14.56382979,0.117021277,0.191489362,34591,94,0.629817025,0.94,0.61038961,1,34.123,12.6246398,9.806107307,-2.318041166,673.1808511,438.1170213,0.372093023,1,562,0,0,0,0
930216,551,0.425742574,0.257425743,0.574257426,0.04950495,0.04950495,0.069306931,2.465346535,2.237623762,0.108910891,0.564356436,0.03960396,0.128712871,3.811881188,0.514851485,0.089108911,0.297029703,0.079207921,0.04950495,0.702970297,0.00990099,0.396039604,0.287128713,2.554455446,0.326732673,0.930693069,0.653465347,0.138613861,22.52475248,0.138613861,0.287128713,34654,101,0.499543237,0.961904762,0.706293706,1,33.18,12.26690684,10.62668592,4.952278714,696.3762376,439.0891089,0.255813953,2,562,576,0,0,0
930216,552,0.455223881,0.365671642,0.529850746,0.089552239,0.052238806,0.082089552,2.395522388,1.746268657,0.067164179,0.395522388,0.074626866,0.052238806,2.791044776,0.410447761,0.164179104,0.343283582,0.02238806,0.082089552,0.641791045,0.007462687,0.52238806,0.179104478,10.35820896,0.26119403,0.619402985,0.701492537,0.141791045,21.6641791,0.134328358,0.171641791,34717,134,0.608615127,0.924137931,0.687179487,1,40.681,14.85951686,11.79051518,2.896321743,439.7313433,439.8731343,0,0,0,0,0,0,0
930216,553,0.452173913,0.234782609,0.791304348,0.095652174,0.043478261,0.043478261,3.243478261,2.269565217,0.095652174,0.573913043,0.043478261,0.07826087,4.252173913,0.47826087,0.104347826,0.339130435,0.12173913,0.095652174,0.660869565,0.008695652,0.695652174,0.234782609,3.930434783,0.313043478,0.591304348,0.895652174,0.243478261,24.0173913,0.156521739,0.243478261,34780,115,0.727581245,0.891472868,0.513392857,1,44.775,15.83372421,10.86227562,45.66494418,752.3043478,441.8521739,0.696428571,2,546,557,0,0,0
930216,554,0.534883721,0.240310078,0.581395349,0.11627907,0.031007752,0.147286822,2.364341085,1.953488372,0.085271318,0.511627907,0.046511628,0.054263566,6.573643411,0.465116279,0.139534884,0.348837209,0.054263566,0.209302326,0.589147287,0.03875969,0.658914729,0.364341085,1.23255814,0.263565891,3.542635659,1.240310078,0.124031008,21.41085271,0.093023256,0.201550388,34843,129,0.658224615,0.786585366,0.5375,1,48.174,16.09624046,12.11759744,36.27093479,782.5813953,440.9689922,0.883333333,3,544,565,573,0,0
930216,555,0.3875,0.23125,0.4875,0.075,0.0375,0.0875,2.075,1.7875,0.05,0.4,0.025,0.04375,2.69375,0.36875,0.1875,0.29375,0.11875,0.06875,0.58125,0,0.5,0.26875,10.0375,0.1625,0.4875,0.775,0.18125,19.53125,0.15,0.19375,34906,160,0.59791508,0.930232558,0.711111111,1,44.022,16.08423741,12.89247255,-47.32471482,197.0375,443.68125,0,0,0,0,0,0,0
930216,556,0.42,0.226666667,0.506666667,0.06,0.066666667,0.08,3.98,1.566666667,0.1,0.4,0.093333333,0.08,8.68,0.446666667,0.16,0.3,0.073333333,0.073333333,0.5,0.006666667,0.453333333,0.306666667,1.106666667,0.266666667,0.766666667,0.753333333,0.166666667,22.77333333,0.18,0.233333333,34969,150,0.593402363,0.943396226,0.721153846,1,42.244,15.50686566,12.48156889,-1.660060205,251.5466667,443.5733333,0,0,0,0,0,0,0
930216,557,0.542056075,0.401869159,0.85046729,0.121495327,0.08411215,0.093457944,2.588785047,2.158878505,0.093457944,0.719626168,0.102803738,0.046728972,3.869158879,0.457943925,0.130841121,0.261682243,0.112149533,0.056074766,0.523364486,0.046728972,0.598130841,0.327102804,7.308411215,0.271028037,0.747663551,0.663551402,0.177570093,21.85981308,0.112149533,0.317757009,35032,107,0.827408863,0.899159664,0.50952381,1,42.534,16.46072945,9.244345846,47.54926304,758.5981308,445.9813084,0.811320755,3,546,553,563,0,0
930216,558,0.405511811,0.413385827,0.614173228,0.07480315,0.047244094,0.070866142,3.885826772,1.972440945,0.031496063,0.507874016,0.05511811,0.062992126,4.051181102,0.429133858,0.153543307,0.393700787,0.090551181,0.066929134,0.641732283,0.003937008,0.57480315,0.291338583,8.472440945,0.287401575,1.18503937,0.677165354,0.177165354,23.51968504,0.125984252,0.31496063,35095,254,0.844744945,0.913669065,0.577272727,1,62.2,25.1733249,13.47198594,54.23200189,631.3937008,444.3858268,0,0,0,0,0,0,0
930216,559,0.290322581,0.258064516,0.924731183,0.064516129,0.053763441,0.053763441,1.655913978,1.838709677,0.053763441,0.494623656,0.096774194,0.107526882,1.849462366,0.333333333,0.043010753,0.387096774,0.064516129,0.043010753,0.419354839,0.032258065,0.741935484,0.290322581,4.935483871,0.311827957,0.451612903,0.666666667,0.129032258,22.65591398,0.11827957,0.139784946,35157,93,0.557942025,0.920792079,0.704545455,1,32.882,12.08547785,10.0294955,13.13448657,37.3655914,444.1612903,0,0,0,0,0,0,0
930216,560,0.210526316,0.263157895,0.561403509,0.01754386,0.035087719,0.070175439,2.859649123,1.578947368,0.01754386,0.122807018,0.01754386,0.140350877,3.473684211,0.368421053,0.175438596,0.350877193,0.052631579,0.157894737,0.403508772,0.01754386,0.403508772,0.263157895,5.614035088,0.245614035,1.122807018,0.543859649,0.070175439,17.64912281,0.070175439,0.210526316,35220,57,0.619284414,0.919354839,0.57,1,27.267,10.07114338,7.907526849,-22.83339817,77.40350877,445.1929825,0.818181818,4,549,564,566,571,0
930216,561,0.355932203,0.144067797,0.491525424,0.076271186,0.025423729,0.059322034,2.389830508,2.101694915,0.110169492,0.389830508,0.059322034,0.093220339,4.516949153,0.330508475,0.161016949,0.415254237,0.101694915,0.06779661,0.779661017,0.033898305,0.508474576,0.220338983,3.330508475,0.296610169,0.601694915,1.025423729,0.144067797,22.92372881,0.152542373,0.203389831,35283,118,0.682331579,0.848920863,0.524444444,1,42.542,15.30620912,11.1894944,42.10956781,382.3983051,444.1525424,0.490909091,2,570,575,0,0,0
930216,562,0.758169935,0.31372549,0.464052288,0.052287582,0.039215686,0.071895425,2.843137255,1.843137255,0.098039216,0.411764706,0.058823529,0.071895425,5.019607843,0.444444444,0.202614379,0.300653595,0.032679739,0.071895425,0.45751634,0.006535948,0.45751634,0.222222222,1.281045752,0.300653595,0.712418301,0.60130719,0.150326797,17.82352941,0.130718954,0.300653595,35346,153,0.788620602,0.95625,0.708333333,1,43.559,17.92204928,11.01991157,15.43911253,681.7124183,444.8823529,0.642857143,3,550,551,594,0,0
930216,563,0.542372881,0.322033898,0.440677966,0.050847458,0.016949153,0.152542373,4.220338983,1.423728814,0.050847458,0.627118644,0.050847458,0.033898305,3.440677966,0.338983051,0.728813559,0.237288136,0.06779661,0.033898305,0.491525424,0,0.474576271,0.271186441,1.084745763,0.13559322,1.559322034,0.474576271,0.169491525,18.76271186,0.169491525,0.152542373,35409,59,0.677946102,0.936507937,0.7375,1,25.745,10.29306363,7.5665506,-88.6311851,767.1694915,444.2711864,0.903225806,2,557,565,0,0,0
930216,564,0.464646465,0.252525253,0.777777778,0.141414141,0.04040404,0.080808081,5.505050505,1.686868687,0.141414141,0.383838384,0.04040404,0.050505051,2.666666667,0.363636364,0.161616162,0.393939394,0.060606061,0.050505051,0.505050505,0.02020202,0.474747475,0.353535354,7.686868687,0.424242424,1.070707071,0.707070707,0.101010101,21.56565657,0.111111111,0.282828283,35472,99,0.71087346,0.933962264,0.585798817,1,35.992,13.79010191,9.698853506,56.99932946,62.42424242,445.5858586,0.574468085,3,549,560,566,0,0
930216,565,0.671875,0.1875,0.65625,0.125,0.03125,0.0625,3.890625,2.234375,0.046875,0.46875,0.0625,0.078125,6.875,0.3125,0.1875,0.28125,0.09375,0.0625,0.4375,0,0.78125,0.34375,1.203125,0.140625,3.5,0.734375,0.296875,22.015625,0.140625,0.359375,35535,64,0.657967086,0.914285714,0.711111111,1,27.705,10.66166141,8.028728814,53.24289411,773.875,445.953125,0.96969697,3,554,563,573,0,0
930216,567,0.23,0.19,0.41,0.11,0.03,0.07,3.61,1.51,0.08,0.36,0.09,0.04,2.82,0.26,0.17,0.25,0.08,0.06,0.48,0.02,0.31,0.2,2.86,0.3,0.64,0.61,0.17,18.65,0.1,0.26,35661,100,0.372147788,0.961538462,0.757575758,1,33.155,11.8532032,11.00182896,-13.75134401,148.97,447.36,0.476190476,1,579,0,0,0,0
930216,568,0.456692913,0.283464567,0.692913386,0.078740157,0.031496063,0.062992126,3.590551181,1.858267717,0.05511811,0.496062992,0.039370079,0.062992126,3.236220472,0.354330709,0.118110236,0.251968504,0.078740157,0.078740157,0.551181102,0.031496063,0.511811024,0.330708661,8.330708661,0.385826772,0.677165354,0.787401575,0.118110236,21.1496063,0.118110236,0.220472441,35723,127,0.591138369,0.933823529,0.705555556,1,38.969,14.35086551,11.57497993,3.888914372,304.0629921,448.4566929,0,0,0,0,0,0,0
930216,569,0.504672897,0.308411215,0.570093458,0.121495327,0.056074766,0.056074766,3.411214953,1.719626168,0.112149533,0.514018692,0.065420561,0.056074766,1.542056075,0.373831776,0.14953271,0.345794393,0.074766355,0.121495327,0.570093458,0.009345794,0.504672897,0.364485981,11.47663551,0.289719626,0.831775701,0.654205607,0.14953271,20.62616822,0.121495327,0.224299065,35786,107,0.537435211,0.955357143,0.685897436,1,34.313,12.80507793,10.79858679,-33.12209587,476.9065421,447.7943925,0,0,0,0,0,0,0
930216,570,0.483870968,0.161290323,0.64516129,0.096774194,0,0.080645161,1.806451613,1.467741935,0.032258065,0.338709677,0.032258065,0.14516129,1.919354839,0.225806452,0.14516129,0.274193548,0.080645161,0.129032258,0.435483871,0,0.387096774,0.258064516,4.790322581,0.225806452,0.564516129,0.548387097,0.048387097,20.62903226,0.080645161,0.112903226,35849,62,0.911488617,0.911764706,0.516666667,1,30.542,14.24474151,5.859222554,43.26954388,385.8870968,449.7096774,1,4,561,575,586,597,0
930216,571,0.305555556,0.236111111,0.625,0.111111111,0.027777778,0.069444444,4.527777778,2.152777778,0.083333333,0.472222222,0.041666667,0.111111111,2.527777778,0.444444444,0.222222222,0.430555556,0.111111111,0.125,0.555555556,0,0.333333333,0.236111111,2.236111111,0.222222222,1.833333333,0.763888889,0.083333333,21.88888889,0.069444444,0.125,35912,72,0.695529924,0.888888889,0.6,1,29.996,11.66150959,8.378761158,28.62802612,73.5,451.5416667,0.666666667,3,549,560,566,0,0
930216,572,0.391304348,0.260869565,0.791304348,0.173913043,0.034782609,0.086956522,2.208695652,1.486956522,0.060869565,0.530434783,0.034782609,0.113043478,2.660869565,0.4,0.12173913,0.32173913,0.086956522,0.060869565,0.530434783,0.008695652,0.547826087,0.27826087,3.208695652,0.208695652,0.504347826,0.756521739,0.139130435,18.85217391,0.095652174,0.234782609,35975,115,0.638805666,0.93495935,0.68452381,1,37.671,13.97255937,10.75004189,-59.74660585,532.3565217,447.9217391,0.416666667,2,584,589,0,0,0
930216,573,0.958333333,0.172619048,0.68452381,0.107142857,0.035714286,0.077380952,4.273809524,1.571428571,0.083333333,0.43452381,0.06547619,0.083333333,3.845238095,0.589285714,0.31547619,0.380952381,0.053571429,0.154761905,0.595238095,0.023809524,0.726190476,0.476190476,9.095238095,0.273809524,2.845238095,0.892857143,0.130952381,26.5297619,0.119047619,0.238095238,36038,168,0.696766958,0.954545455,0.680161943,1,45.908,17.45908535,12.52335952,-0.432622508,787.0535714,450.3630952,0.423728814,2,554,565,0,0,0
930216,574,0.518867925,0.301886792,0.622641509,0.075471698,0.018867925,0.037735849,3.91509434,2.339622642,0.103773585,0.386792453,0.056603774,0.122641509,3.405660377,0.424528302,0.29245283,0.358490566,0.066037736,0.094339623,0.858490566,0.009433962,0.481132075,0.311320755,3.358490566,0.20754717,0.773584906,0.613207547,0.141509434,23.54716981,0.094339623,0.254716981,36101,106,0.53992709,0.913793103,0.679487179,1,37.009,13.03428748,10.97111345,34.19519676,555.7264151,450.1886792,0.434782609,1,585,0,0,0,0
930216,575,0.357142857,0.202380952,0.535714286,0.047619048,0.071428571,0.071428571,3.523809524,2.154761905,0.071428571,0.5,0.011904762,0.095238095,2.797619048,0.44047619,0.142857143,0.261904762,0.011904762,0.071428571,0.595238095,0.047619048,0.547619048,0.154761905,1.833333333,0.285714286,1.047619048,0.654761905,0.107142857,22.75,0.166666667,0.297619048,36164,84,0.9067971,0.831683168,0.461538462,1,38.134,16.59467974,6.995774956,51.28970133,391.0357143,452.047619,1,5,561,570,578,587,597
930216,576,0.408,0.36,0.504,0.056,0.008,0.112,4.144,1.472,0.08,0.392,0.04,0.12,1.976,0.392,0.168,0.352,0.048,0.048,0.376,0.016,0.504,0.264,2.616,0.288,1.032,0.544,0.104,18.592,0.12,0.328,36227,125,0.450027267,0.932835821,0.73964497,1,38.514,13.48497198,12.04227975,41.08792777,698.016,452.76,0.163265306,2,551,594,0,0,0
930216,577,0.368794326,0.24822695,0.609929078,0.070921986,0.035460993,0.04964539,3.929078014,1.978723404,0.106382979,0.326241135,0.028368794,0.056737589,1.914893617,0.404255319,0.205673759,0.354609929,0.063829787,0.085106383,0.503546099,0.021276596,0.539007092,0.262411348,7.439716312,0.29787234,1.382978723,0.865248227,0.120567376,21.63829787,0.14893617,0.262411348,36290,141,0.646159198,0.946308725,0.671428571,1,40.59,15.45029702,11.7917077,38.18778332,13.88652482,453.2624113,0,0,0,0,0,0,0
930216,578,0.431372549,0.176470588,0.431372549,0.117647059,0.019607843,0.117647059,2.725490196,1.450980392,0,0.215686275,0.058823529,0.058823529,1.843137255,0.352941176,0.156862745,0.235294118,0.058823529,0.117647059,0.333333333,0,0.274509804,0.352941176,1.823529412,0.235294118,1.156862745,0.607843137,0.019607843,20.31372549,0.058823529,0.156862745,36352,51,0.692828511,0.910714286,0.6375,1,24.273,9.698436329,6.993565602,70.82492805,398.2352941,451.8039216,0.8,2,575,587,0,0,0
930216,579,0.67032967,0.197802198,0.824175824,0.076923077,0.043956044,0.065934066,4.43956044,1.857142857,0.087912088,0.582417582,0.032967033,0.175824176,4.626373626,0.428571429,0.142857143,0.450549451,0.076923077,0.032967033,0.846153846,0,0.593406593,0.318681319,1.351648352,0.362637363,0.824175824,0.615384615,0.131868132,24.24175824,0.087912088,0.318681319,36415,91,0.770130109,0.883495146,0.590909091,1,35.504,14.1200003,9.006962312,-16.35478814,146.7912088,455.1428571,0.955555556,3,567,583,590,0,0
930216,580,0.491071429,0.196428571,0.589285714,0.080357143,0.0625,0.098214286,3.821428571,2.151785714,0.071428571,0.482142857,0.044642857,0.0625,2.875,0.401785714,0.491071429,0.366071429,0.133928571,0.071428571,0.508928571,0,0.366071429,0.214285714,2.982142857,0.303571429,1.169642857,0.696428571,0.160714286,26.25,0.151785714,0.196428571,36478,112,0.682886728,0.965517241,0.662721893,1,35.992,14.06269433,10.27313958,45.02535842,642.0982143,455.6160714,0,0,0,0,0,0,0
930216,581,0.366906475,0.208633094,0.841726619,0.136690647,0.021582734,0.122302158,3.467625899,2.18705036,0.09352518,0.417266187,0.064748201,0.09352518,3.503597122,0.395683453,0.100719424,0.424460432,0.09352518,0.079136691,0.690647482,0.014388489,0.553956835,0.115107914,1.978417266,0.28057554,0.597122302,0.841726619,0.201438849,30.4028777,0.158273381,0.244604317,36541,139,0.481802698,0.945578231,0.617777778,1,41.988,14.46906056,12.67894444,31.24109426,49.72661871,456.6258993,0.363636364,1,599,0,0,0,0
930216,582,0.442307692,0.173076923,0.528846154,0.038461538,0,0.096153846,2.903846154,2.153846154,0.067307692,0.528846154,0.105769231,0.067307692,3.423076923,0.259615385,0.25,0.403846154,0.057692308,0.105769231,0.567307692,0.038461538,0.576923077,0.192307692,1.076923077,0.278846154,0.653846154,0.865384615,0.192307692,21.24038462,0.115384615,0.317307692,36604,104,0.51809823,0.936936937,0.666666667,1,35.231,12.6464628,10.81678677,70.41016661,598.5865385,456.1826923,0,0,0,0,0,0,0
930216,583,0.475609756,0.37804878,0.731707317,0.073170732,0.030487805,0.073170732,4.512195122,2.12195122,0.115853659,0.609756098,0.073170732,0.115853659,3.256097561,0.493902439,0.573170732,0.329268293,0.097560976,0.182926829,0.652439024,0.030487805,0.646341463,0.365853659,11.00609756,0.274390244,1.390243902,0.865853659,0.140243902,23.29268293,0.182926829,0.31097561,36667,164,0.62597019,0.947976879,0.732142857,1,44.667,16.53684975,12.89621243,32.65322934,133.9085366,457.5365854,0.232142857,1,579,0,0,0,0
930216,584,0.376623377,0.285714286,0.681818182,0.077922078,0.051948052,0.077922078,3.623376623,1.707792208,0.038961039,0.344155844,0.116883117,0.064935065,2.883116883,0.344155844,0.168831169,0.324675325,0.064935065,0.090909091,0.571428571,0.025974026,0.487012987,0.357142857,7.649350649,0.305194805,1.194805195,0.454545455,0.071428571,18.28571429,0.142857143,0.227272727,36730,154,0.682396174,0.88,0.684444444,1,46.9,17.05193482,12.46466648,67.23524745,521.4285714,457.9545455,0.438596491,2,572,589,0,0,0
930216,585,0.46875,0.375,0.84375,0.072916667,0.041666667,0.052083333,3.083333333,1.791666667,0.114583333,0.322916667,0.03125,0.197916667,2.041666667,0.447916667,1.21875,0.385416667,0.052083333,0.104166667,0.9375,0.010416667,0.510416667,0.260416667,10.08333333,0.3125,0.697916667,0.885416667,0.21875,22.3125,0.145833333,0.302083333,36793,96,0.731447021,0.941176471,0.761904762,1,34.288,13.56863459,9.252428499,-2.702357609,553.5833333,458.8958333,0.465116279,1,574,0,0,0,0
930216,586,0.24,0.21,0.77,0.16,0.03,0.04,1.73,1.78,0.05,0.21,0.06,0.09,2.67,0.3,0.09,0.18,0.09,0.08,0.6,0.04,0.56,0.26,3.53,0.3,0.53,0.73,0.13,19.92,0.12,0.22,36856,100,0.78085717,0.78125,0.476190476,1,41.988,15.78272856,9.859621995,-53.4820711,374.31,458.42,0.759259259,3,570,591,597,0,0
930216,587,0.376237624,0.237623762,0.445544554,0.04950495,0.02970297,0.03960396,3.237623762,1.772277228,0.108910891,0.514851485,0,0.059405941,2.346534653,0.336633663,0.217821782,0.267326733,0.217821782,0.138613861,0.485148515,0.00990099,0.435643564,0.198019802,1.386138614,0.376237624,0.762376238,0.792079208,0.108910891,20.58415842,0.118811881,0.198019802,36918,101,0.605592998,0.935185185,0.655844156,1,35.984,12.97181969,10.32264387,15.33377878,394.5841584,460.1584158,0.666666667,3,575,578,597,0,0
930216,588,0.373015873,0.253968254,0.849206349,0.19047619,0.047619048,0.103174603,3.658730159,2.412698413,0.119047619,0.595238095,0.134920635,0.134920635,3.492063492,0.388888889,0.142857143,0.349206349,0.087301587,0.126984127,0.793650794,0.007936508,0.507936508,0.238095238,3.531746032,0.365079365,0.587301587,0.841269841,0.174603175,26.84126984,0.222222222,0.452380952,36981,126,0.413771328,0.954545455,0.642857143,1,38.523,13.40984195,12.20806328,60.68677597,577.2777778,455.5,0.411764706,1,593,0,0,0,0
930216,589,0.247524752,0.247524752,0.594059406,0.079207921,0.02970297,0.108910891,2.108910891,1.742574257,0.059405941,0.544554455,0.059405941,0.04950495,3.148514851,0.386138614,0.217821782,0.247524752,0.118811881,0.079207921,0.564356436,0,0.693069307,0.198019802,4.693069307,0.287128713,0.693069307,0.643564356,0.138613861,18.15841584,0.148514851,0.158415842,37044,101,0.449431955,0.918181818,0.701388889,1,34.933,12.24825056,10.94154066,47.72958532,531.039604,458.8019802,0.651162791,2,572,584,0,0,0
930216,590,0.284090909,0.238636364,0.602272727,0.147727273,0.022727273,0.113636364,2.988636364,1.840909091,0.068181818,0.477272727,0.068181818,0.113636364,3.488636364,0.409090909,0.181818182,0.352272727,0.090909091,0.125,0.590909091,0.034090909,0.420454545,0.261363636,1.886363636,0.284090909,0.681818182,0.818181818,0.193181818,21.61363636,0.113636364,0.261363636,37107,88,0.654989137,0.936170213,0.611111111,1,32.527,12.3858273,9.359205398,44.28314275,154.0227273,460.9659091,0.428571429,1,579,0,0,0,0
930216,591,0.517241379,0.25862069,0.482758621,0.086206897,0.034482759,0.103448276,1.482758621,1.724137931,0.034482759,0.310344828,0.017241379,0.051724138,2.103448276,0.206896552,0.137931034,0.327586207,0.017241379,0.034482759,0.655172414,0,0.413793103,0.172413793,11.12068966,0.24137931,0.431034483,0.689655172,0.155172414,18.9137931,0.103448276,0.275862069,37170,58,0.899050459,0.892307692,0.483333333,1,29.988,13.33441983,5.838409471,-50.84647737,369.4655172,461.2931034,1,3,586,597,600,0,0
930216,592,0.27184466,0.310679612,0.757281553,0.106796117,0.048543689,0.048543689,2.038834951,2.048543689,0.077669903,0.40776699,0.067961165,0.097087379,3.077669903,0.281553398,0.155339806,0.378640777,0.106796117,0.058252427,0.485436893,0.009708738,0.514563107,0.32038835,6.126213592,0.242718447,0.504854369,0.572815534,0.116504854,19.30097087,0.126213592,0.174757282,37233,103,0.399331093,0.962616822,0.78030303,1,32.973,12.0107184,11.0115081,16.42516568,446.3786408,461.1067961,0,0,0,0,0,0,0
930216,593,0.373737374,0.232323232,0.585858586,0.070707071,0.01010101,0.080808081,3.292929293,2.161616162,0.171717172,0.434343434,0.050505051,0.101010101,3.575757576,0.464646465,0.111111111,0.282828283,0.090909091,0.080808081,0.555555556,0.02020202,0.363636364,0.191919192,2.353535354,0.242424242,0.797979798,0.555555556,0.191919192,22.18181818,0.191919192,0.292929293,37296,99,0.828236187,0.868421053,0.543956044,1,37.861,15.69660474,8.796050389,40.66516551,584.2424242,460.7878788,0.469387755,1,588,0,0,0,0
930216,594,0.545454545,0.253246753,0.623376623,0.077922078,0.051948052,0.116883117,3.805194805,2.006493506,0.071428571,0.558441558,0.064935065,0.071428571,4.025974026,0.487012987,0.116883117,0.383116883,0.123376623,0.090909091,0.538961039,0.019480519,0.493506494,0.402597403,10.72727273,0.233766234,0.876623377,0.798701299,0.149350649,23.19480519,0.149350649,0.246753247,37359,154,0.745931522,0.950617284,0.6875,1,43.559,17.27814825,11.507638,41.34919759,682.6558442,457.8506494,0.254545455,2,562,576,0,0,0
930216,595,0.492063492,0.206349206,0.73015873,0.047619048,0.047619048,0.071428571,3.873015873,2.031746032,0.126984127,0.412698413,0.071428571,0.095238095,2.476190476,0.46031746,0.206349206,0.333333333,0.063492063,0.095238095,0.746031746,0.007936508,0.523809524,0.373015873,10.79365079,0.333333333,1.079365079,0.777777778,0.19047619,27.23809524,0.103174603,0.341269841,37422,126,0.584813031,0.954545455,0.75,1,37.472,14.12910939,11.46108311,28.5243016,30.43650794,462.3015873,0.395833333,1,599,0,0,0,0
930216,596,0.442424242,0.157575758,0.442424242,0.072727273,0.036363636,0.024242424,4.587878788,1.539393939,0.054545455,0.375757576,0.024242424,0.054545455,2.83030303,0.284848485,0.260606061,0.278787879,0.072727273,0.042424242,0.539393939,0.018181818,0.333333333,0.193939394,4.806060606,0.23030303,1.345454545,0.587878788,0.096969697,17.96363636,0.066666667,0.242424242,37485,165,0.759454611,0.953757225,0.6875,1,44.692,18.04818678,11.74143366,42.03350958,415.5515152,462.1818182,0.224137931,1,607,0,0,0,0
930216,597,0.53030303,0.378787879,0.659090909,0.090909091,0.053030303,0.060606061,3.810606061,2.136363636,0.053030303,0.393939394,0.053030303,0.136363636,3.439393939,0.424242424,0.143939394,0.46969697,0.053030303,0.090909091,0.545454545,0,0.545454545,0.174242424,6.287878788,0.303030303,0.840909091,0.666666667,0.098484848,24.5,0.159090909,0.25,37547,132,0.691720345,0.936170213,0.628571429,1,40.127,15.54610138,11.2268576,55.88342708,382.8484848,464.25,0.660377358,5,570,575,586,587,591
930216,598,0.398058252,0.184466019,0.689320388,0.116504854,0.067961165,0.106796117,2.291262136,1.902912621,0.097087379,0.398058252,0.077669903,0.087378641,3.116504854,0.359223301,0.184466019,0.378640777,0.029126214,0.048543689,0.436893204,0.009708738,0.495145631,0.155339806,2.514563107,0.223300971,0.669902913,0.650485437,0.13592233,19.31067961,0.145631068,0.252427184,37610,103,0.718353174,0.927927928,0.735714286,1,35.487,14.03745205,9.765555011,2.743087771,498.6796117,463.7184466,0.363636364,1,602,0,0,0,0
930216,599,0.232283465,0.177165354,0.736220472,0.114173228,0.031496063,0.070866142,4.122047244,1.527559055,0.047244094,0.429133858,0.070866142,0.059055118,1.909448819,0.322834646,0.196850394,0.338582677,0.082677165,0.047244094,0.37007874,0.011811024,0.413385827,0.291338583,6.023622047,0.24015748,0.68503937,0.874015748,0.133858268,26.46456693,0.12992126,0.204724409,37673,254,0.802116325,0.875862069,0.552173913,1,64.086,24.04423799,14.3584451,36.05877054,40.44488189,469.1929134,0.691358025,3,581,595,613,0,0
930216,600,0.412698413,0.222222222,0.619047619,0.095238095,0.055555556,0.095238095,3.555555556,1.968253968,0.047619048,0.333333333,0.055555556,0.111111111,2.69047619,0.341269841,0.198412698,0.365079365,0.055555556,0.047619048,0.706349206,0,0.428571429,0.349206349,6.531746032,0.206349206,1.031746032,0.547619048,0.134920635,21.88888889,0.087301587,0.261904762,37736,126,0.493804734,0.933333333,0.646153846,1,39.548,13.82800843,12.02446025,62.04785976,363.8174603,467.6507937,0.346153846,1,591,0,0,0,0
930216,601,0.324074074,0.287037037,0.527777778,0.037037037,0.037037037,0.046296296,2.314814815,2.231481481,0.074074074,0.416666667,0.046296296,0.157407407,3.398148148,0.37037037,0.157407407,0.351851852,0.027777778,0.027777778,0.490740741,0.027777778,0.425925926,0.203703704,2.87962963,0.37962963,0.62037037,0.62037037,0.12962963,20.63888889,0.074074074,0.296296296,37799,108,0.609863956,0.947368421,0.755244755,1,34.751,13.26569337,10.51314322,75.9773891,618.0092593,465.8611111,0,0,0,0,0,0,0
930216,602,0.324324324,0.175675676,0.689189189,0.081081081,0.013513514,0.081081081,2.243243243,1.716216216,0.040540541,0.243243243,0.081081081,0.067567568,1.851351351,0.243243243,0.067567568,0.094594595,0.067567568,0.013513514,0.378378378,0,0.189189189,0.216216216,4.135135135,0.108108108,0.405405405,0.297297297,0.108108108,12.41891892,0.067567568,0.135135135,37862,74,0.674472174,0.925,0.747474747,1,29.301,11.50847017,8.496706623,-8.475371501,495.0945946,471.0540541,0.457142857,1,598,0,0,0,0
930216,603,0.398373984,0.37398374,0.788617886,0.113821138,0.024390244,0.089430894,3.959349593,1.902439024,0.113821138,0.861788618,0.12195122,0.154471545,3.479674797,0.536585366,0.243902439,0.365853659,0.12195122,0.138211382,0.87804878,0.040650407,0.983739837,0.349593496,2.666666667,0.37398374,1.300813008,1.422764228,0.211382114,22.62601626,0.195121951,0.577235772,37925,123,0.686789408,0.872340426,0.675824176,1,41.227,15.09535126,10.97215354,60.51001362,289.7073171,470.6097561,0.519230769,2,604,611,0,0,0
930216,604,0.280487805,0.219512195,0.634146341,0.085365854,0.048780488,0.109756098,2.5,2.12195122,0.073170732,0.62195122,0.085365854,0.06097561,4.536585366,0.5,0.146341463,0.329268293,0.048780488,0.109756098,0.585365854,0.024390244,0.524390244,0.341463415,13.82926829,0.341463415,0.670731707,0.609756098,0.170731707,20.18292683,0.109756098,0.12195122,37988,82,0.533974431,0.921348315,0.67768595,1,30.914,11.25020223,9.512053013,35.09252842,299.0609756,471,0.605263158,2,603,611,0,0,0
930216,605,0.644628099,0.20661157,0.41322314,0.074380165,0.05785124,0.123966942,2.148760331,1.991735537,0.074380165,0.421487603,0.041322314,0.123966942,6.603305785,0.330578512,0.181818182,0.26446281,0.099173554,0.05785124,0.487603306,0.008264463,0.438016529,0.330578512,3.338842975,0.239669421,0.826446281,1,0.157024793,22.30578512,0.082644628,0.231404959,38051,121,0.412147096,0.9453125,0.664835165,1,37.762,13.22784968,12.05212295,-71.75507087,104.677686,474.1239669,0.46,2,606,610,0,0,0
930216,606,0.489051095,0.284671533,0.708029197,0.080291971,0.051094891,0.03649635,4.496350365,2.065693431,0.094890511,0.605839416,0.065693431,0.072992701,4.583941606,0.430656934,0.109489051,0.437956204,0.131386861,0.051094891,0.591240876,0.00729927,0.532846715,0.255474453,4.065693431,0.226277372,0.686131387,0.744525547,0.131386861,27.89781022,0.138686131,0.291970803,38113,137,0.624026751,0.951388889,0.702564103,1,39.457,15.02785695,11.74281218,28.71678066,119.8394161,475.1678832,0.057692308,1,605,0,0,0,0
930216,607,0.445378151,0.403361345,0.512605042,0.067226891,0.033613445,0.100840336,3.731092437,2.008403361,0.100840336,0.403361345,0.058823529,0.067226891,2.915966387,0.411764706,0.18487395,0.302521008,0.033613445,0.075630252,0.588235294,0,0.369747899,0.403361345,12.47058824,0.294117647,1.142857143,0.621848739,0.100840336,22.82352941,0.168067227,0.243697479,38176,119,0.765183765,0.862318841,0.607142857,1,41.855,16.04809934,10.33195787,35.30327246,414.0084034,474.9411765,0.68627451,2,596,614,0,0,0
930216,608,0.330188679,0.264150943,0.603773585,0.075471698,0.056603774,0.066037736,1.566037736,1.933962264,0.056603774,0.443396226,0.066037736,0.056603774,3.575471698,0.358490566,0.103773585,0.386792453,0.160377358,0.066037736,0.5,0,0.358490566,0.311320755,4.349056604,0.301886792,0.377358491,0.424528302,0.132075472,18.91509434,0.103773585,0.367924528,38239,106,0.62917942,0.938053097,0.688311688,1,35.901,13.32262804,10.35514715,68.96915083,593.2830189,474.7641509,0,0,0,0,0,0,0
930216,609,0.552631579,0.254385965,0.605263158,0.035087719,0.026315789,0.087719298,5.00877193,2.535087719,0.114035088,0.429824561,0.087719298,0.096491228,2.780701754,0.438596491,0.140350877,0.421052632,0.105263158,0.096491228,0.649122807,0.00877193,0.473684211,0.236842105,2.99122807,0.263157895,1.184210526,0.929824561,0.157894737,25.61403509,0.114035088,0.236842105,38302,114,0.42908702,0.957983193,0.730769231,1,35.512,12.78756921,11.55054013,-30.93047261,629.0263158,478.8070175,0.260869565,1,620,0,0,0,0
930216,610,0.8125,0.234375,0.40625,0.0625,0.03125,0.078125,2.4375,2.359375,0.046875,0.65625,0.03125,0.109375,9.3125,0.75,0.359375,0.484375,0.140625,0.109375,0.53125,0,0.53125,0.4375,1.53125,0.265625,1.203125,0.78125,0.109375,25.015625,0.203125,0.21875,38365,64,0.80642893,0.941176471,0.52892562,1,29.434,12.05586638,7.129007821,-45.60621404,98.875,479.875,0.972972973,2,605,616,0,0,0
930216,611,0.476190476,0.223809524,0.571428571,0.123809524,0.038095238,0.076190476,3.523809524,2.080952381,0.09047619,0.433333333,0.057142857,0.123809524,2.642857143,0.514285714,0.252380952,0.40952381,0.076190476,0.066666667,0.552380952,0.004761905,0.566666667,0.20952381,2.704761905,0.214285714,1.104761905,0.728571429,0.185714286,23.65238095,0.166666667,0.219047619,38428,210,0.765268361,0.954545455,0.650154799,1,52.557,20.63390933,13.28228216,45.31352179,292.1904762,483.6047619,0.328358209,2,603,604,0,0,0
930216,612,0.41011236,0.224719101,0.584269663,0.196629213,0.028089888,0.056179775,2.994382022,2.224719101,0.095505618,0.438202247,0.04494382,0.101123596,3.460674157,0.471910112,0.117977528,0.466292135,0.06741573,0.078651685,0.780898876,0.005617978,0.460674157,0.241573034,5.539325843,0.252808989,0.837078652,0.780898876,0.157303371,21.32022472,0.151685393,0.224719101,38491,178,0.74781852,0.885572139,0.585526316,1,50.986,19.02209504,12.6288298,30.24166812,684.1741573,482.5,0.28125,1,630,0,0,0,0
930216,613,0.348214286,0.196428571,0.660714286,0.107142857,0.026785714,0.098214286,4.910714286,1.678571429,0.107142857,0.4375,0.071428571,0.044642857,4.607142857,0.223214286,0.241071429,0.339285714,0.071428571,0.098214286,0.455357143,0.017857143,0.428571429,0.241071429,6.821428571,0.25,0.848214286,0.678571429,0.151785714,21.83928571,0.035714286,0.160714286,38554,112,0.531617452,0.965517241,0.777777778,1,35.115,13.08877314,11.08598907,39.58214986,33.08035714,482.9375,0.613636364,2,599,617,0,0,0
930216,614,0.474747475,0.282828283,0.555555556,0.101010101,0.01010101,0.04040404,4.222222222,1.98989899,0.131313131,0.383838384,0.060606061,0.080808081,3.686868687,0.343434343,0.151515152,0.333333333,0.070707071,0.080808081,0.303030303,0.04040404,0.313131313,0.333333333,12.2020202,0.343434343,1.515151515,0.595959596,0.131313131,21.97979798,0.151515152,0.222222222,38617,99,0.659769435,0.933962264,0.75,1,34.172,13.09581367,9.841086105,35.47228893,415.9191919,483.2121212,0.523809524,1,607,0,0,0,0
930216,615,0.406593407,0.21978022,0.956043956,0.098901099,0.054945055,0.087912088,3.065934066,2.362637363,0.087912088,0.461538462,0.087912088,0.252747253,4.21978022,0.450549451,0.362637363,0.362637363,0.076923077,0.10989011,0.769230769,0.010989011,0.703296703,0.384615385,1.56043956,0.318681319,0.604395604,0.879120879,0.230769231,24.36263736,0.131868132,0.263736264,38679,91,0.473276076,0.957894737,0.689393939,1,31.493,11.5490164,10.17369207,-30.8092168,549.8021978,484.2637363,0,0,0,0,0,0,0
930216,616,0.551282051,0.294871795,0.641025641,0.153846154,0.064102564,0.08974359,3.41025641,2.615384615,0.051282051,0.641025641,0.076923077,0.064102564,3.551282051,0.602564103,0.115384615,0.371794872,0.08974359,0.153846154,0.679487179,0.051282051,0.833333333,0.512820513,17.56410256,0.307692308,1,0.897435897,0.076923077,21.82051282,0.128205128,0.320512821,38742,78,0.672453275,0.928571429,0.590909091,1,30.848,11.86925868,8.784908096,-49.13345663,95.06410256,485.6666667,0.45,1,610,0,0,0,0
930216,617,0.503703704,0.214814815,0.533333333,0.044444444,0.059259259,0.103703704,3.533333333,1.777777778,0.081481481,0.281481481,0.088888889,0.125925926,3.555555556,0.437037037,0.859259259,0.451851852,0.066666667,0.133333333,0.577777778,0.022222222,0.548148148,0.355555556,4.066666667,0.355555556,0.925925926,0.777777778,0.155555556,24.68148148,0.155555556,0.288888889,38805,135,0.744363357,0.950704225,0.721925134,1,41.963,16.23256751,10.83969964,75.90413203,21.56296296,485.6444444,0.235294118,1,613,0,0,0,0
930216,618,0.497536946,0.300492611,0.561576355,0.118226601,0.0591133,0.083743842,3.985221675,1.955665025,0.068965517,0.482758621,0.073891626,0.113300493,3.275862069,0.384236453,0.133004926,0.320197044,0.044334975,0.054187192,0.645320197,0.009852217,0.463054187,0.285714286,4.261083744,0.310344828,1.231527094,0.802955665,0.187192118,21.52216749,0.088669951,0.266009852,38868,203,0.522310952,0.962085308,0.663398693,1,49.671,17.58051244,14.99187174,51.51219906,531.635468,485.7684729,0,0,0,0,0,0,0
930216,619,0.470149254,0.23880597,0.664179104,0.037313433,0.037313433,0.037313433,3.134328358,1.947761194,0.044776119,0.313432836,0.044776119,0.059701493,2.574626866,0.298507463,0.149253731,0.291044776,0.067164179,0.067164179,0.626865672,0.014925373,0.417910448,0.194029851,3.208955224,0.21641791,1.029850746,0.671641791,0.141791045,19.21641791,0.134328358,0.194029851,38931,134,0.539166763,0.971014493,0.736263736,1,38.415,14.29541449,12.03958418,32.57812667,576.119403,488.1716418,0,0,0,0,0,0,0
930216,620,0.325757576,0.204545455,0.606060606,0.083333333,0.03030303,0.083333333,1.909090909,2.583333333,0.075757576,0.401515152,0.075757576,0.083333333,3.136363636,0.393939394,0.136363636,0.454545455,0.083333333,0.045454545,0.583333333,0.015151515,0.545454545,0.25,4.825757576,0.25,0.484848485,0.727272727,0.143939394,21.71212121,0.181818182,0.257575758,38994,132,0.436058283,0.956521739,0.725274725,1,38.142,13.75890895,12.38189569,-28.60252776,622.5454545,489.030303,0.24,1,609,0,0,0,0
930216,621,0.361842105,0.243421053,0.631578947,0.105263158,0.039473684,0.111842105,2.651315789,2.125,0.098684211,0.592105263,0.065789474,0.098684211,3.546052632,0.394736842,0.059210526,0.315789474,0.032894737,0.072368421,0.565789474,0.052631579,0.546052632,0.276315789,2.868421053,0.210526316,0.703947368,0.730263158,0.125,24.41447368,0.131578947,0.355263158,39057,152,0.701250947,0.932515337,0.678571429,1,43.096,16.67447498,11.88747529,63.47697045,377.3552632,486.2960526,0,0,0,0,0,0,0
930216,622,0.552631579,0.263157895,0.675438596,0.166666667,0.01754386,0.122807018,4.114035088,2.228070175,0.078947368,0.429824561,0.078947368,0.105263158,3.824561404,0.394736842,0.236842105,0.394736842,0.078947368,0.070175439,0.640350877,0.00877193,0.5,0.210526316,1.771929825,0.359649123,1.228070175,0.807017544,0.131578947,29.06140351,0.192982456,0.280701754,39120,114,0.451416574,0.957983193,0.674556213,1,36.546,12.87579597,11.48924437,40.84178552,703.377193,488.3508772,0.326086957,1,639,0,0,0,0
930216,623,0.396449704,0.224852071,0.98816568,0.082840237,0.076923077,0.076923077,2.207100592,1.769230769,0.076923077,0.313609467,0.023668639,0.053254438,2.26035503,0.349112426,0.177514793,0.319526627,0.01183432,0.076923077,0.461538462,0,0.378698225,0.224852071,4.035502959,0.224852071,0.520710059,0.633136095,0.142011834,19.34319527,0.118343195,0.189349112,39183,169,0.461493128,0.944134078,0.704166667,1,44.882,15.74824111,13.9709542,31.24811948,461.8343195,489.556213,0,0,0,0,0,0,0
930216,624,0.481203008,0.255639098,0.729323308,0.142857143,0.067669173,0.07518797,3.443609023,2.07518797,0.07518797,0.541353383,0.045112782,0.15037594,3.203007519,0.308270677,0.120300752,0.37593985,0.090225564,0.105263158,0.654135338,0,0.488721805,0.323308271,9.661654135,0.248120301,1.263157895,0.593984962,0.157894737,21.26315789,0.233082707,0.203007519,39246,133,0.535831563,0.97080292,0.738888889,1,38.506,14.24478371,12.02722557,79.88699917,501.8571429,492.2781955,0,0,0,0,0,0,0
930216,625,0.683673469,0.102040816,0.448979592,0.051020408,0.102040816,0.051020408,2.836734694,1.183673469,0.081632653,0.346938776,0.040816327,0.030612245,8.581632653,0.285714286,0.459183673,0.275510204,0.071428571,0.387755102,0.428571429,0.010204082,0.448979592,0.132653061,1.479591837,0.204081633,1.489795918,0.571428571,0.081632653,15.89795918,0.153061224,0.081632653,39308,98,0.569314825,0.951456311,0.628205128,1,33.759,12.46090675,10.24435562,64.34397393,600.7040816,493.2653061,0.295454545,1,633,0,0,0,0
930216,626,0.47826087,0.206521739,0.641304348,0.043478261,0.054347826,0.119565217,4.608695652,1.826086957,0.054347826,0.543478261,0.076086957,0.043478261,5.076086957,0.576086957,0.130434783,0.402173913,0.086956522,0.054347826,0.52173913,0.010869565,0.293478261,0.304347826,1.836956522,0.239130435,1.576086957,0.869565217,0.086956522,24.95652174,0.152173913,0.217391304,39371,92,0.694241477,0.844036697,0.544378698,1,37.282,13.51512543,9.727405517,-42.88259783,562.7717391,494.5434783,0.47826087,1,632,0,0,0,0
930216,628,0.411764706,0.168067227,0.857142857,0.058823529,0.008403361,0.092436975,2.705882353,1.630252101,0.100840336,0.504201681,0.084033613,0.109243697,3.319327731,0.31092437,0.12605042,0.378151261,0.058823529,0.042016807,0.478991597,0.058823529,0.386554622,0.218487395,4.81512605,0.336134454,0.504201681,0.521008403,0.117647059,20.02521008,0.151260504,0.235294118,39497,119,0.392674763,0.967479675,0.762820513,1,35.785,12.90070655,11.86448834,-15.44726789,720.8823529,497.1428571,0.347826087,2,639,645,0,0,0
930216,629,0.209876543,0.12345679,0.555555556,0.049382716,0.049382716,0.12345679,2.37037037,1.469135802,0.049382716,0.222222222,0.074074074,0.098765432,2.481481481,0.308641975,0.074074074,0.419753086,0.086419753,0.037037037,0.50617284,0.024691358,0.530864198,0.185185185,7.728395062,0.185185185,0.358024691,0.518518519,0.209876543,17.96296296,0.049382716,0.259259259,39560,81,0.364532777,0.931034483,0.613636364,1,31.303,10.72731044,9.989170195,-8.255100965,41.14814815,497.3333333,0.45,1,637,0,0,0,0
930216,630,0.326923077,0.211538462,0.442307692,0.057692308,0.024038462,0.091346154,2.427884615,1.716346154,0.076923077,0.336538462,0.038461538,0.0625,1.956730769,0.317307692,0.134615385,0.326923077,0.081730769,0.076923077,0.485576923,0.009615385,0.423076923,0.254807692,4.673076923,0.302884615,0.841346154,0.673076923,0.168269231,18.23557692,0.105769231,0.125,39623,208,0.771659299,0.932735426,0.643962848,1,52.301,20.61618004,13.11263485,58.28773008,681.75,496.8028846,0.289855072,1,612,0,0,0,0
930216,631,0.373239437,0.295774648,0.591549296,0.042253521,0.035211268,0.098591549,2.38028169,2.387323944,0.098591549,0.485915493,0.028169014,0.056338028,4.683098592,0.316901408,0.169014085,0.464788732,0.091549296,0.056338028,0.626760563,0,0.401408451,0.190140845,1.626760563,0.246478873,0.485915493,0.936619718,0.147887324,24.20422535,0.126760563,0.197183099,39686,142,0.841146791,0.904458599,0.622807018,1,46.371,18.57121018,10.04343813,11.66986181,226.8661972,498,0.310344828,1,648,0,0,0,0
930216,632,0.471428571,0.228571429,0.478571429,0.078571429,0.05,0.1,4.021428571,1.964285714,0.1,0.528571429,0.014285714,0.135714286,9.292857143,0.385714286,0.214285714,0.314285714,0.192857143,0.064285714,0.542857143,0.014285714,0.471428571,0.25,2.235714286,0.314285714,0.9,0.907142857,0.157142857,27.57857143,0.142857143,0.292857143,39749,140,0.719181005,0.927152318,0.68627451,1,42.707,16.26321628,11.30005299,-12.08924167,555.0785714,500.0785714,0.396226415,1,626,0,0,0,0
930216,633,0.559322034,0.220338983,0.669491525,0.06779661,0.06779661,0.144067797,3.406779661,2.338983051,0.127118644,0.449152542,0.033898305,0.110169492,3.169491525,0.5,0.516949153,0.440677966,0.042372881,0.059322034,0.474576271,0.016949153,0.525423729,0.381355932,4.669491525,0.237288136,0.669491525,0.677966102,0.228813559,23.72881356,0.237288136,0.254237288,39812,118,0.716570963,0.951612903,0.648351648,1,37.489,14.80659845,10.32781262,43.12624505,609.6440678,499.0423729,0.693877551,3,625,644,659,0,0
930216,634,0.361702128,0.127659574,0.585106383,0.095744681,0.010638298,0.063829787,3.393617021,1.276595745,0.063829787,0.414893617,0.117021277,0.031914894,3.872340426,0.29787234,0.138297872,0.329787234,0.042553191,0.053191489,0.382978723,0.031914894,0.468085106,0.234042553,7.021276596,0.265957447,1.308510638,0.457446809,0.20212766,18.85106383,0.159574468,0.180851064,39874,94,0.692977207,0.949494949,0.652777778,1,32.535,13.00421426,9.375511713,41.91448335,787.3297872,500.4893617,0,0,0,0,0,0,0
930216,635,0.60952381,0.266666667,0.552380952,0.104761905,0.047619048,0.085714286,3.285714286,2.171428571,0.085714286,0.571428571,0.123809524,0.085714286,4.866666667,0.476190476,0.20952381,0.39047619,0.085714286,0.266666667,0.6,0.00952381,0.495238095,0.304761905,1.923809524,0.228571429,0.942857143,0.904761905,0.161904762,20.26666667,0.104761905,0.295238095,39937,105,0.800324381,0.853658537,0.561497326,1,40.21,15.84509876,9.500202265,4.070023576,126.247619,501.1428571,0.811320755,4,627,647,650,652,0
930216,636,0.368421053,0.189473684,0.463157895,0.115789474,0.052631579,0.031578947,3.221052632,1.589473684,0.084210526,0.273684211,0.084210526,0.136842105,3.473684211,0.284210526,0.126315789,0.357894737,0.105263158,0.031578947,0.568421053,0.021052632,0.389473684,0.084210526,0.894736842,0.189473684,0.505263158,0.610526316,0.147368421,17.16842105,0.157894737,0.252631579,40000,95,0.529225243,0.95,0.71969697,1,32.229,12.01140238,10.19145119,39.26812686,7.189473684,503.0315789,0,0,0,0,0,0,0
930216,637,0.282352941,0.211764706,0.776470588,0.023529412,0.023529412,0.070588235,2.576470588,1.2,0.070588235,0.2,0.082352941,0.188235294,2.788235294,0.411764706,0.047058824,0.188235294,0.070588235,0.023529412,0.364705882,0.058823529,0.364705882,0.235294118,5.835294118,0.329411765,0.317647059,0.764705882,0.094117647,20.02352941,0.070588235,0.282352941,40063,85,0.679743864,0.934065934,0.708333333,1,32.138,12.44896287,9.130686532,-67.81700216,35.10588235,503,0.43902439,1,629,0,0,0,0
930216,638,0.479381443,0.257731959,0.721649485,0.118556701,0.067010309,0.082474227,3.505154639,2.113402062,0.056701031,0.371134021,0.103092784,0.149484536,2.984536082,0.469072165,0.144329897,0.412371134,0.092783505,0.139175258,1.056701031,0.015463918,0.597938144,0.221649485,4.386597938,0.340206186,0.958762887,0.582474227,0.175257732,20.59278351,0.087628866,0.262886598,40126,194,0.862338244,0.928229665,0.538888889,1,52.971,22.49720726,11.39107057,52.26162411,333.1494845,501.3041237,0.028571429,1,651,0,0,0,0
930216,639,0.461956522,0.190217391,0.657608696,0.081521739,0.032608696,0.10326087,3.951086957,1.989130435,0.065217391,0.369565217,0.097826087,0.114130435,3.744565217,0.364130435,0.097826087,0.304347826,0.114130435,0.065217391,0.614130435,0.005434783,0.538043478,0.288043478,2.25,0.282608696,1.282608696,0.64673913,0.125,25.125,0.201086957,0.282608696,40189,184,0.717877703,0.847926267,0.60130719,1,55.964,19.54928195,13.60960866,43.39178991,704.9619565,501.0434783,0.617647059,3,622,628,645,0,0
930216,640,0.335443038,0.284810127,0.727848101,0.075949367,0.075949367,0.101265823,3.392405063,1.443037975,0.075949367,0.474683544,0.088607595,0.101265823,3.202531646,0.405063291,0.221518987,0.316455696,0.044303797,0.069620253,0.474683544,0.025316456,0.462025316,0.253164557,4.664556962,0.246835443,0.841772152,0.550632911,0.107594937,17.7721519,0.14556962,0.278481013,40252,158,0.754624498,0.957575758,0.663865546,1,43.675,17.59501541,11.54509062,58.98134438,99.06329114,502.1835443,0.280701754,2,646,664,0,0,0
930216,641,0.295918367,0.183673469,0.581632653,0.102040816,0.010204082,0.040816327,2.387755102,1.581632653,0.071428571,0.326530612,0.051020408,0.295918367,2.897959184,0.316326531,0.387755102,0.265306122,0.071428571,0.040816327,0.448979592,0,0.459183673,0.224489796,4.040816327,0.275510204,0.43877551,0.5,0.091836735,16.85714286,0.183673469,0.234693878,40315,98,0.696351724,0.933333333,0.685314685,1,33.37,13.30225889,9.547040352,23.82199799,263.7959184,503.0408163,0,0,0,0,0,0,0
930216,642,0.595505618,0.382022472,0.539325843,0.04494382,0.02247191,0.06741573,2.898876404,1.97752809,0.033707865,0.292134831,0.078651685,0.078651685,2.898876404,0.359550562,0.134831461,0.348314607,0.101123596,0.04494382,0.528089888,0,0.460674157,0.325842697,12.5505618,0.269662921,0.97752809,0.606741573,0.112359551,21.34831461,0.134831461,0.179775281,40378,89,0.559766971,0.927083333,0.674242424,1,31.592,11.79027347,9.770010931,75.98423148,585.8089888,503.4157303,0,0,0,0,0,0,0
930216,643,0.515625,0.265625,0.578125,0.109375,0.0546875,0.15625,4.140625,1.84375,0.0625,0.53125,0.0546875,0.0625,2.0078125,0.3984375,0.109375,0.3359375,0.1015625,0.0546875,0.6015625,0.03125,0.609375,0.2890625,8.9140625,0.2890625,1.2421875,0.6015625,0.109375,19.90625,0.09375,0.2890625,40441,128,0.620918888,0.955223881,0.761904762,1,37.745,14.49346877,11.36106523,69.14995271,374.5,504.3671875,0.291666667,1,654,0,0,0,0
930216,644,0.320754717,0.283018868,0.433962264,0.037735849,0.018867925,0.037735849,3.528301887,2.396226415,0.075471698,0.452830189,0.056603774,0.150943396,3.962264151,0.452830189,0.169811321,0.264150943,0.094339623,0.037735849,0.79245283,0,0.603773585,0.264150943,1.641509434,0.20754717,0.641509434,0.754716981,0.188679245,22.54716981,0.132075472,0.188679245,40503,53,0.798481665,0.883333333,0.535353535,1,26.804,11.01216386,6.629533291,39.12980198,613.2264151,505.6981132,1,3,633,649,659,0,0
930216,645,0.322580645,0.225806452,0.602150538,0.075268817,0.021505376,0.043010753,2.537634409,1.494623656,0.053763441,0.419354839,0.010752688,0.11827957,3.602150538,0.344086022,0.086021505,0.35483871,0.053763441,0.075268817,0.64516129,0.032258065,0.516129032,0.23655914,5.419354839,0.35483871,0.537634409,0.655913978,0.139784946,23.70967742,0.096774194,0.290322581,40566,93,0.634627579,0.958762887,0.861111111,1,32.551,12.52949135,9.68301786,-0.333606763,712.9462366,505.827957,0.815789474,3,628,639,662,0,0
930216,646,0.347826087,0.358695652,0.630434783,0.097826087,0.032608696,0.108695652,3.826086957,2,0.097826087,0.543478261,0.043478261,0.076086957,3.27173913,0.22826087,0.086956522,0.413043478,0.097826087,0.032608696,0.391304348,0.054347826,0.532608696,0.173913043,1.597826087,0.217391304,1.152173913,0.586956522,0.163043478,18.63043478,0.130434783,0.293478261,40629,92,0.683549158,0.968421053,0.766666667,1,31.931,12.75730395,9.311613301,27.02427381,109.8478261,506.3586957,0.775,3,640,647,664,0,0
930216,647,0.224489796,0.265306122,0.87755102,0.102040816,0.06122449,0.081632653,1.285714286,1.612244898,0.081632653,0.367346939,0.102040816,0.040816327,2.816326531,0.224489796,0.102040816,0.142857143,0.020408163,0.040816327,0.244897959,0,0.265306122,0.244897959,4.897959184,0.142857143,0.265306122,0.653061224,0.244897959,13.97959184,0.06122449,0.265306122,40692,49,0.816737036,0.890909091,0.556818182,1,25.952,11.00300244,6.348843142,74.48244568,117.755102,506.0204082,1,5,627,635,646,650,660
930216,648,0.408602151,0.241935484,0.543010753,0.086021505,0.02688172,0.064516129,2.677419355,2.005376344,0.059139785,0.338709677,0.059139785,0.139784946,8.424731183,0.365591398,0.182795699,0.38172043,0.096774194,0.059139785,0.586021505,0.02688172,0.446236559,0.295698925,4.946236559,0.220430108,0.811827957,0.693548387,0.096774194,23.7311828,0.129032258,0.188172043,40755,186,0.511706711,0.911764706,0.729411765,1,50.589,16.96497583,14.57563196,22.22998414,218.8709677,509.2580645,0.261538462,1,631,0,0,0,0
930216,649,0.258426966,0.258426966,0.719101124,0.056179775,0.04494382,0.078651685,2.651685393,2.213483146,0.08988764,0.370786517,0.078651685,0.123595506,2.741573034,0.483146067,0.056179775,0.516853933,0.101123596,0.056179775,0.707865169,0.02247191,0.415730337,0.202247191,1.157303371,0.247191011,0.629213483,0.730337079,0.112359551,21.4494382,0.123595506,0.224719101,40818,89,0.806008592,0.917525773,0.635714286,1,34.007,14.31657168,8.47403368,27.29905942,618.9662921,509.0449438,0.522727273,2,644,659,0,0,0
930216,650,0.361111111,0.194444444,1.472222222,0.055555556,0.055555556,0.111111111,1.972222222,2.055555556,0.055555556,0.333333333,0.027777778,0.111111111,3.722222222,0.333333333,0.166666667,0.361111111,0.083333333,0.055555556,0.638888889,0,0.416666667,0.25,5.722222222,0.472222222,0.416666667,0.472222222,0.138888889,17.75,0.111111111,0.166666667,40881,36,0.850615635,0.837209302,0.571428571,1,23.76,10.14009744,5.33154175,49.84839366,121.3888889,509.25,1,4,635,647,652,660,0
930216,651,0.355932203,0.194915254,0.627118644,0.101694915,0.025423729,0.050847458,2.194915254,1.93220339,0.101694915,0.5,0.084745763,0.042372881,4,0.36440678,0.618644068,0.220338983,0.042372881,0.008474576,0.584745763,0.008474576,0.423728814,0.211864407,2.703389831,0.203389831,0.610169492,0.63559322,0.152542373,21.72881356,0.110169492,0.228813559,40944,118,0.7401387,0.936507937,0.715151515,1,37.472,15.03624616,10.11118748,11.80269609,314.7627119,509.2542373,0.042553191,1,638,0,0,0,0
930216,652,0.361111111,0.277777778,0.625,0.097222222,0.125,0.083333333,3.333333333,2.166666667,0.069444444,0.277777778,0.055555556,0.055555556,2.638888889,0.430555556,0.138888889,0.180555556,0.083333333,0.069444444,0.527777778,0.027777778,0.458333333,0.208333333,1.888888889,0.291666667,1.013888889,0.708333333,0.125,23.13888889,0.111111111,0.388888889,41007,72,0.598082408,0.935064935,0.72,1,28.193,10.80542316,8.65984009,52.22145872,127.6666667,510.625,0.657142857,3,635,650,660,0,0
930216,653,0.503597122,0.258992806,0.618705036,0.086330935,0.064748201,0.043165468,2.942446043,2.086330935,0.071942446,0.446043165,0.064748201,0.071942446,6.81294964,0.525179856,0.115107914,0.510791367,0.086330935,0.035971223,0.45323741,0.014388489,0.395683453,0.330935252,2.791366906,0.215827338,1.028776978,0.784172662,0.079136691,25.55395683,0.122302158,0.26618705,41069,139,0.526405889,0.945578231,0.661904762,1,40.863,14.5772268,12.39404515,56.27584136,179.5323741,510.381295,0.150943396,1,665,0,0,0,0
930216,654,0.326530612,0.217687075,0.557823129,0.12244898,0.047619048,0.074829932,2.387755102,2.129251701,0.06122449,0.333333333,0.088435374,0.054421769,2.142857143,0.394557823,0.224489796,0.285714286,0.040816327,0.040816327,0.428571429,0.006802721,0.489795918,0.31292517,5.387755102,0.244897959,1.142857143,0.707482993,0.102040816,20.82312925,0.102040816,0.217687075,41132,147,0.311647567,0.930379747,0.7,1,42.426,14.2615251,13.55126929,-32.96642269,363.3809524,509.7346939,0.566037736,2,643,657,0,0,0
930216,655,0.5390625,0.34375,0.65625,0.09375,0.0625,0.09375,3.5703125,1.859375,0.0625,0.3671875,0.0625,0.1171875,2.75,0.3359375,0.140625,0.3359375,0.09375,0.078125,0.6796875,0.0078125,0.4765625,0.3515625,3.8359375,0.3203125,1.1640625,0.625,0.140625,19.5078125,0.140625,0.359375,41195,128,0.66462509,0.955223881,0.653061224,1,38.903,14.86628253,11.10774459,53.38481131,491.671875,509.8359375,0.08,1,669,0,0,0,0
930216,656,0.307692308,0.179487179,0.52991453,0.076923077,0.05982906,0.051282051,2.820512821,1.692307692,0.051282051,0.393162393,0.042735043,0.094017094,2.871794872,0.324786325,0.05982906,0.435897436,0.094017094,0.094017094,0.538461538,0.017094017,0.367521368,0.282051282,2.871794872,0.264957265,0.829059829,0.615384615,0.179487179,18.94017094,0.136752137,0.179487179,41258,117,0.386928302,0.959016393,0.75,1,35.603,12.78995121,11.79373939,81.89396093,76.30769231,510.4444444,0.239130435,1,670,0,0,0,0
930216,657,0.557894737,0.210526316,0.536842105,0.063157895,0.031578947,0.084210526,2.663157895,1.884210526,0.073684211,0.4,0.010526316,0.084210526,3.842105263,0.389473684,0.221052632,0.357894737,0.021052632,0.063157895,0.6,0.010526316,0.463157895,0.526315789,15.82105263,0.315789474,0.968421053,0.557894737,0.178947368,19.53684211,0.073684211,0.252631579,41321,95,0.233948071,0.979381443,0.785123967,1,31.749,11.22368526,10.91221782,56.90495401,352.4315789,512.0421053,0.425,2,654,666,0,0,0
930216,658,0.416107383,0.255033557,0.604026846,0.10738255,0.053691275,0.087248322,3.563758389,1.644295302,0.10738255,0.402684564,0.080536913,0.093959732,3.55033557,0.308724832,0.127516779,0.416107383,0.046979866,0.053691275,0.67114094,0.013422819,0.469798658,0.268456376,2.483221477,0.275167785,1.073825503,0.677852349,0.154362416,21.32885906,0.127516779,0.134228188,41384,149,0.618826228,0.955128205,0.665178571,1,41.905,15.63019486,12.27795433,33.81955945,462.557047,511.8657718,0,0,0,0,0,0,0
930216,659,0.322580645,0.301075269,1.225806452,0.107526882,0.064516129,0.096774194,2.774193548,2.365591398,0.096774194,0.387096774,0.086021505,0.161290323,3.483870968,0.47311828,0.709677419,0.376344086,0.075268817,0.064516129,0.76344086,0.010752688,0.548387097,0.311827957,3.462365591,0.290322581,0.537634409,0.591397849,0.086021505,25.12903226,0.129032258,0.387096774,41447,93,0.656754808,0.93,0.596153846,1,34.024,12.87801811,9.711367349,-30.33928423,606.0967742,511.1935484,0.886363636,4,633,644,649,663,0
930216,660,0.515151515,0.227272727,0.53030303,0.03030303,0.045454545,0.136363636,3.333333333,2.606060606,0.090909091,0.454545455,0.03030303,0.090909091,3.090909091,0.46969697,0.045454545,0.318181818,0.090909091,0.060606061,0.803030303,0.045454545,0.560606061,0.333333333,2.53030303,0.272727273,0.681818182,1.106060606,0.136363636,20.24242424,0.060606061,0.272727273,41510,66,0.488105862,0.985074627,0.733333333,1,26.597,9.936446371,8.672375716,5.172428741,119.3484848,516.3787879,0.757575758,4,647,650,652,679,0
930216,661,0.454545455,0.223140496,0.504132231,0.082644628,0.041322314,0.066115702,3.801652893,1.809917355,0.066115702,0.561983471,0.041322314,0.115702479,3.991735537,0.421487603,0.157024793,0.272727273,0.033057851,0.099173554,0.570247934,0.016528926,0.446280992,0.297520661,2.966942149,0.20661157,0.966942149,0.710743802,0.123966942,20.50413223,0.132231405,0.297520661,41573,121,0.215466883,0.96031746,0.664835165,1,37.125,12.69143737,12.39333008,15.4790063,400.3636364,515.4214876,0,0,0,0,0,0,0
930216,662,0.529801325,0.225165563,0.814569536,0.052980132,0.039735099,0.013245033,2.483443709,2.218543046,0.052980132,0.42384106,0.105960265,0.092715232,4.264900662,0.370860927,0.152317881,0.430463576,0.072847682,0.039735099,0.456953642,0.01986755,0.496688742,0.231788079,3.708609272,0.185430464,0.61589404,0.569536424,0.132450331,19.55629139,0.105960265,0.251655629,41635,151,0.689167866,0.937888199,0.671111111,1,43.865,16.50887188,11.96235695,40.51996804,724.1192053,513.2980132,0.087719298,1,645,0,0,0,0
930216,663,0.494949495,0.191919192,0.595959596,0.151515152,0.04040404,0.111111111,5.303030303,1.97979798,0.060606061,0.393939394,0.141414141,0.131313131,4.363636364,0.585858586,0.404040404,0.313131313,0.090909091,0.04040404,0.525252525,0.01010101,0.646464646,0.222222222,3.171717172,0.313131313,0.97979798,0.626262626,0.202020202,23.54545455,0.171717172,0.353535354,41698,99,0.673266935,0.951923077,0.692307692,1,34.007,13.31664416,9.846320159,-16.16562804,601.5555556,518.0909091,0.431818182,1,659,0,0,0,0
930216,664,0.451612903,0.311827957,0.709677419,0.043010753,0.043010753,0.129032258,4.075268817,2.290322581,0.064516129,0.612903226,0.107526882,0.107526882,4.333333333,0.419354839,0.193548387,0.333333333,0.075268817,0.021505376,0.827956989,0,0.795698925,0.430107527,6.161290323,0.279569892,0.946236559,0.698924731,0.193548387,19.30107527,0.129032258,0.268817204,41761,93,0.731988857,0.939393939,0.65034965,1,32.998,13.30718372,9.066405199,62.62404297,101.4193548,517.1075269,0.441860465,3,640,646,677,0,0
930216,665,0.321428571,0.205357143,1.071428571,0.071428571,0.035714286,0.071428571,2.089285714,2.258928571,0.053571429,0.491071429,0.080357143,0.089285714,3.383928571,0.285714286,0.1875,0.428571429,0.0625,0.053571429,0.616071429,0.035714286,0.553571429,0.25,2.866071429,0.267857143,0.4375,0.580357143,0.107142857,22.11607143,0.133928571,0.196428571,41824,112,0.367569307,0.957264957,0.777777778,1,34.842,12.46579075,11.59313718,-51.50226555,190.2767857,517.8839286,0.431818182,2,653,683,0,0,0
930216,666,0.482758621,0.344827586,0.586206897,0.051724138,0.068965517,0.103448276,3.327586207,2.120689655,0.068965517,0.586206897,0.086206897,0.103448276,3.189655172,0.551724138,0.068965517,0.224137931,0.120689655,0.034482759,0.431034483,0.017241379,0.517241379,0.327586207,13.43103448,0.310344828,0.896551724,0.810344828,0.155172414,20.53448276,0.189655172,0.275862069,41887,58,0.434276154,0.935483871,0.644444444,1,25.679,9.253743678,8.335585247,42.26223602,340.6551724,516.7931034,0.757575758,3,657,672,674,0,0
930216,667,0.547619048,0.166666667,0.452380952,0.119047619,0.035714286,0.095238095,5.464285714,1.488095238,0.130952381,0.345238095,0.142857143,0.047619048,9.714285714,0.333333333,0.166666667,0.273809524,0.011904762,0.083333333,0.369047619,0.023809524,0.55952381,0.202380952,3.464285714,0.238095238,0.964285714,0.797619048,0.095238095,21.88095238,0.130952381,0.095238095,41950,84,0.496516083,0.954545455,0.7,1,30.542,11.22990118,9.747863296,18.90175643,741.0238095,517.0119048,0.461538462,1,676,0,0,0,0
930216,668,0.304964539,0.191489362,0.659574468,0.092198582,0.028368794,0.092198582,1.992907801,1.602836879,0.021276596,0.460992908,0.021276596,0.09929078,2.602836879,0.326241135,0.184397163,0.276595745,0.070921986,0.021276596,0.439716312,0.007092199,0.496453901,0.184397163,2.531914894,0.219858156,0.524822695,0.680851064,0.156028369,19.60283688,0.078014184,0.205673759,42013,141,0.364651379,0.946308725,0.774725275,1,40.565,13.96743249,13.00569263,-12.67435619,148.4255319,519.8510638,0.211538462,1,685,0,0,0,0
930216,669,0.688172043,0.193548387,0.516129032,0.204301075,0.043010753,0.086021505,3.408602151,2.043010753,0.086021505,0.344086022,0.053763441,0.043010753,5.311827957,0.268817204,0.086021505,0.311827957,0.096774194,0.086021505,0.591397849,0.021505376,0.376344086,0.247311828,1.838709677,0.365591398,0.806451613,0.52688172,0.129032258,19.70967742,0.11827957,0.129032258,42076,93,0.56337462,0.939393939,0.645833333,1,32.353,12.08688602,9.986204231,38.48641488,496.5483871,521.7311828,0.093023256,1,655,0,0,0,0
930216,670,0.42962963,0.237037037,0.614814815,0.074074074,0.044444444,0.074074074,3.496296296,1.659259259,0.074074074,0.518518519,0.066666667,0.088888889,4.651851852,0.274074074,0.162962963,0.311111111,0.037037037,0.066666667,0.577777778,0.014814815,0.540740741,0.281481481,6.637037037,0.192592593,0.977777778,0.681481481,0.140740741,19.59259259,0.103703704,0.214814815,42139,135,0.463423964,0.964285714,0.741758242,1,38.696,13.99128442,12.39819044,-5.3968503,71.28148148,522.1259259,0.24,1,656,0,0,0,0
930216,671,0.580645161,0.268817204,0.64516129,0.075268817,0.043010753,0.086021505,2.483870968,1.838709677,0.075268817,0.35483871,0.107526882,0.096774194,5.268817204,0.290322581,0.279569892,0.440860215,0.053763441,0.150537634,0.430107527,0.021505376,0.430107527,0.247311828,2.247311828,0.344086022,0.580645161,0.698924731,0.075268817,19.64516129,0.129032258,0.172043011,42202,93,0.556085492,0.958762887,0.775,1,31.749,12.00922163,9.981165489,72.50827335,709.7204301,521.7956989,0,0,0,0,0,0,0
930216,672,0.434210526,0.355263158,0.723684211,0.026315789,0.013157895,0.078947368,3.171052632,1.828947368,0.052631579,0.381578947,0.065789474,0.131578947,2.407894737,0.236842105,0.157894737,0.171052632,0.092105263,0.052631579,0.657894737,0.013157895,0.592105263,0.381578947,15.48684211,0.223684211,1.131578947,0.618421053,0.131578947,21.65789474,0.157894737,0.210526316,42264,76,0.731912464,0.95,0.703703704,1,30.153,12.21106548,8.320603752,81.87200383,334.1578947,523.5921053,0.567567568,2,666,674,0,0,0
930216,673,0.420118343,0.325443787,0.538461538,0.053254438,0.01183432,0.088757396,3.940828402,1.899408284,0.065088757,0.437869822,0.065088757,0.112426036,2.532544379,0.402366864,0.24852071,0.402366864,0.071005917,0.118343195,0.74556213,0.01183432,0.461538462,0.272189349,9.461538462,0.366863905,1.218934911,0.852071006,0.124260355,18.90532544,0.130177515,0.266272189,42327,169,0.311045718,0.933701657,0.704166667,1,46.123,15.32934666,14.56893365,0.974330459,627.4556213,524.4556213,0,0,0,0,0,0,0
930216,674,0.524271845,0.194174757,0.495145631,0.145631068,0.019417476,0.048543689,3.514563107,1.883495146,0.145631068,0.495145631,0.077669903,0.087378641,3.27184466,0.330097087,0.174757282,0.339805825,0.048543689,0.058252427,0.475728155,0,0.475728155,0.300970874,2.815533981,0.203883495,1.27184466,0.689320388,0.126213592,22.97087379,0.077669903,0.281553398,42390,103,0.789449499,0.872881356,0.613095238,1,38.291,14.96590134,9.186302454,55.73528859,342.1553398,525.3203883,0.565217391,2,666,672,0,0,0
930216,675,0.392,0.248,0.84,0.152,0.056,0.104,3.328,2.08,0.096,0.424,0.016,0.056,2.872,0.304,0.152,0.304,0.064,0.088,0.592,0.008,0.456,0.216,1.912,0.232,0.84,0.648,0.136,22.128,0.12,0.24,42453,125,0.735006999,0.946969697,0.637755102,1,38.258,15.4455831,10.47302465,47.77761196,378.48,524.568,0,0,0,0,0,0,0
930216,676,0.382022472,0.202247191,0.573033708,0.06741573,0.08988764,0.06741573,3.06741573,1.730337079,0.078651685,0.449438202,0.04494382,0.157303371,8.123595506,0.494382022,0.134831461,0.337078652,0.033707865,0.056179775,0.404494382,0,0.707865169,0.112359551,1.415730337,0.269662921,0.550561798,0.696629213,0.191011236,20.47191011,0.08988764,0.179775281,42516,89,0.763117542,0.881188119,0.618055556,1,34.925,13.84352334,8.94651142,-28.83725861,738.5280899,524.4831461,0.418604651,1,667,0,0,0,0
930216,677,0.5,0.208333333,0.722222222,0.055555556,0.041666667,0.027777778,3.333333333,1.861111111,0.083333333,0.416666667,0.055555556,0.111111111,3.555555556,0.347222222,0.125,0.25,0.097222222,0.097222222,0.527777778,0.013888889,0.472222222,0.166666667,1.138888889,0.430555556,0.819444444,0.597222222,0.138888889,18.68055556,0.055555556,0.111111111,42579,72,0.7259396,0.947368421,0.654545455,1,28.863,11.65760998,8.017619868,41.98819472,106.8472222,525.25,0.783783784,3,664,679,691,0,0
930216,678,0.46969697,0.204545455,0.522727273,0.053030303,0.037878788,0.083333333,3.856060606,1.765151515,0.098484848,0.46969697,0.053030303,0.045454545,3.234848485,0.401515152,0.560606061,0.28030303,0.060606061,0.075757576,0.545454545,0.022727273,0.484848485,0.363636364,2.606060606,0.310606061,1.310606061,0.659090909,0.151515152,20.75757576,0.083333333,0.189393939,42642,132,0.766254358,0.970588235,0.6875,1,39.813,16.2619923,10.44893759,28.7171832,279.0075758,526.7954545,0.352941176,2,686,692,0,0,0
930216,680,0.597826087,0.217391304,0.369565217,0.065217391,0.02173913,0.054347826,2.304347826,1.793478261,0.065217391,0.358695652,0.054347826,0.097826087,3.097826087,0.402173913,0.173913043,0.467391304,0.119565217,0.086956522,0.467391304,0.010869565,0.489130435,0.152173913,1.358695652,0.206521739,0.576086957,0.586956522,0.141304348,18.01086957,0.108695652,0.195652174,42768,92,0.311255466,0.958333333,0.760330579,1,31.013,11.15921325,10.60489359,-45,448.1195652,528.1195652,0,0,0,0,0,0,0
930216,681,0.478632479,0.264957265,0.871794872,0.094017094,0.076923077,0.111111111,3.316239316,2.076923077,0.094017094,0.615384615,0.051282051,0.153846154,2.923076923,0.495726496,0.196581197,0.444444444,0.05982906,0.076923077,0.641025641,0.017094017,0.504273504,0.230769231,2.47008547,0.256410256,1.188034188,0.581196581,0.136752137,21.15384615,0.11965812,0.196581197,42830,117,0.676653469,0.966942149,0.696428571,1,36.455,14.29384948,10.5245846,34.27889225,679.7606838,527.4871795,0,0,0,0,0,0,0
930216,682,0.517482517,0.475524476,1,0.076923077,0.034965035,0.118881119,4.216783217,2.006993007,0.160839161,0.979020979,0.132867133,0.076923077,5.496503497,0.538461538,0.293706294,0.412587413,0.076923077,0.132867133,1.153846154,0.020979021,0.944055944,0.391608392,10.4965035,0.363636364,1.482517483,1.188811189,0.307692308,27.33566434,0.160839161,0.559440559,42893,143,0.545814638,0.959731544,0.680952381,1,40.954,14.88993363,12.47636398,48.30935868,25.93706294,528.8671329,0,0,0,0,0,0,0
930216,683,0.413043478,0.434782609,0.608695652,0.152173913,0.02173913,0.076086957,3,1.565217391,0.086956522,0.413043478,0.032608696,0.086956522,3.858695652,0.456521739,0.315217391,0.326086957,0.086956522,0.065217391,0.402173913,0.02173913,0.565217391,0.195652174,1.793478261,0.184782609,0.858695652,0.630434783,0.195652174,17.86956522,0.076086957,0.413043478,42956,92,0.53857307,0.929292929,0.696969697,1,32.146,11.9335011,10.05491514,60.01554068,186.0108696,528.8152174,0.261904762,1,665,0,0,0,0
930216,684,0.442477876,0.203539823,0.920353982,0.053097345,0.026548673,0.10619469,1.592920354,1.920353982,0.044247788,0.451327434,0.07079646,0.115044248,3.601769912,0.460176991,0.061946903,0.424778761,0.123893805,0.10619469,0.513274336,0.017699115,0.477876106,0.221238938,3.17699115,0.221238938,0.477876106,0.707964602,0.159292035,19.07964602,0.115044248,0.159292035,43019,113,0.506948744,0.941666667,0.724358974,1,36.637,13.05471132,11.25285047,-76.71380912,56.66371681,532.5575221,0,0,0,0,0,0,0
930216,685,0.31092437,0.25210084,0.630252101,0.042016807,0.084033613,0.084033613,3.647058824,2.084033613,0.100840336,0.605042017,0.084033613,0.067226891,2.12605042,0.285714286,0.159663866,0.327731092,0.042016807,0.058823529,0.663865546,0.008403361,0.571428571,0.235294118,2.109243697,0.462184874,0.87394958,0.974789916,0.168067227,20.87394958,0.12605042,0.25210084,43082,119,0.720017221,0.952,0.708333333,1,37.654,14.90356738,10.34242293,57.30758739,140.6890756,531.6134454,0.625,3,668,697,701,0,0
930216,686,0.326923077,0.211538462,0.980769231,0.057692308,0.057692308,0.115384615,2.25,1.961538462,0.076923077,0.326923077,0.038461538,0.038461538,2.096153846,0.25,0.134615385,0.365384615,0.096153846,0.038461538,0.307692308,0.019230769,0.384615385,0.25,3.730769231,0.211538462,0.384615385,0.557692308,0.134615385,21.76923077,0.076923077,0.153846154,43145,52,0.658738242,0.852459016,0.577777778,1,28.301,9.970899444,7.50182756,57.7377541,268.5961538,534.5576923,0.823529412,3,678,692,696,0,0
930216,687,0.651515152,0.287878788,0.901515152,0.053030303,0.068181818,0.053030303,2.416666667,2.143939394,0.113636364,0.333333333,0.045454545,0.060606061,3.916666667,0.325757576,0.083333333,0.363636364,0.037878788,0.053030303,0.560606061,0.007575758,0.492424242,0.143939394,4.378787879,0.212121212,0.704545455,0.575757576,0.090909091,20.18181818,0.196969697,0.189393939,43208,132,0.591953981,0.949640288,0.676923077,1,39.176,14.57423167,11.74641921,26.38946035,484.7878788,533.9469697,0.549019608,3,695,700,702,0,0
930216,688,0.53125,0.140625,0.671875,0.140625,0.03125,0.078125,4.96875,2.25,0.078125,0.734375,0.078125,0.140625,3.890625,0.375,0.09375,0.5625,0.0625,0.15625,0.5625,0.03125,0.625,0.28125,6.59375,0.375,0.75,1.078125,0.28125,27.734375,0.15625,0.3125,43271,64,0.71782773,0.96969697,0.646464646,1,27.085,11.01862533,7.671395732,57.34159457,601.21875,534.90625,0.714285714,1,693,0,0,0,0
930216,689,0.291666667,0.197916667,1.427083333,0.072916667,0.041666667,0.15625,1.59375,2.15625,0.052083333,0.572916667,0.072916667,0.083333333,2.708333333,0.489583333,0.15625,0.34375,0.072916667,0.083333333,0.572916667,0.010416667,0.677083333,0.21875,2.291666667,0.260416667,0.5625,0.677083333,0.25,24.5625,0.1875,0.260416667,43334,96,0.766450043,0.941176471,0.685714286,1,34.288,14.0857393,9.047325637,-10.35978075,81.79166667,535.8854167,0.5,1,698,0,0,0,0
930216,690,0.544871795,0.307692308,0.608974359,0.115384615,0.032051282,0.064102564,3.391025641,1.615384615,0.108974359,0.403846154,0.044871795,0.083333333,4.493589744,0.474358974,0.346153846,0.243589744,0.096153846,0.102564103,0.891025641,0.006410256,0.480769231,0.314102564,7.256410256,0.224358974,1.448717949,0.858974359,0.16025641,21.62820513,0.211538462,0.205128205,43396,156,0.559604563,0.945454545,0.696428571,1,43.278,15.66584795,12.98322433,34.08928335,37.29487179,538.974359,0.272727273,1,705,0,0,0,0
930216,691,0.638297872,0.191489362,0.787234043,0.106382979,0.053191489,0.074468085,4.904255319,2.414893617,0.106382979,1.042553191,0.063829787,0.031914894,3.627659574,0.510638298,0.234042553,0.329787234,0.095744681,0.021276596,0.606382979,0.021276596,0.585106383,0.329787234,13.27659574,0.308510638,1.212765957,1.053191489,0.127659574,25.05319149,0.053191489,0.276595745,43459,94,0.438499747,0.959183673,0.776859504,1,31.749,11.60948499,10.43380769,45,106.7446809,537.7446809,0.225,2,677,679,0,0,0
930216,692,0.449612403,0.178294574,0.736434109,0.100775194,0.023255814,0.093023256,3.519379845,1.88372093,0.100775194,0.325581395,0.093023256,0.124031008,3.403100775,0.395348837,0.217054264,0.503875969,0.093023256,0.054263566,0.651162791,0.023255814,0.511627907,0.294573643,2.542635659,0.201550388,2.085271318,0.736434109,0.178294574,23.65891473,0.162790698,0.186046512,43522,129,0.586730717,0.889655172,0.708791209,1,41.574,14.61814205,11.83750991,55.88888464,276.5736434,538.3565891,0.591836735,3,678,686,696,0,0
930216,693,0.481481481,0.333333333,0.635802469,0.111111111,0.067901235,0.074074074,4.345679012,2.487654321,0.098765432,0.432098765,0.018518519,0.12345679,3.419753086,0.425925926,0.222222222,0.407407407,0.067901235,0.043209877,0.543209877,0.037037037,0.395061728,0.358024691,10.03703704,0.327160494,0.925925926,0.814814815,0.154320988,25.10493827,0.166666667,0.277777778,43585,162,0.794829896,0.81,0.532894737,1,53.963,20.36613678,12.35882955,51.08306544,605.1111111,540.154321,0.391304348,1,688,0,0,0,0
930216,694,0.388888889,0.259259259,0.37962963,0.074074074,0.037037037,0.092592593,3.324074074,1.277777778,0.064814815,0.37962963,0.027777778,0.101851852,4.287037037,0.277777778,0.259259259,0.333333333,0.037037037,0.046296296,0.416666667,0.037037037,0.351851852,0.185185185,0.75,0.333333333,2.472222222,0.611111111,0.101851852,14.99074074,0.055555556,0.203703704,43648,108,0.53319811,0.964285714,0.755244755,1,34.288,12.81628982,10.84245829,66.66920368,505.0185185,538.8148148,0.090909091,1,695,0,0,0,0
930216,695,0.646464646,0.111111111,0.494949495,0.050505051,0.03030303,0.090909091,5.434343434,1.343434343,0.101010101,0.212121212,0.03030303,0.060606061,3.919191919,0.434343434,0.141414141,0.242424242,0.050505051,0.282828283,0.333333333,0.01010101,0.323232323,0.282828283,3.767676768,0.141414141,2.909090909,0.404040404,0.111111111,17.91919192,0.141414141,0.181818182,43711,99,0.766117135,0.925233645,0.707142857,1,34.288,14.12682794,9.079326003,-78.47808594,493.5151515,542.7676768,0.818181818,4,687,694,700,717,0
930216,696,0.581081081,0.22972973,0.554054054,0.054054054,0.040540541,0.054054054,3.297297297,1.540540541,0.108108108,0.297297297,0.040540541,0.094594595,2.945945946,0.391891892,0.310810811,0.283783784,0.054054054,0.094594595,0.662162162,0.013513514,0.364864865,0.22972973,2.297297297,0.256756757,1.216216216,0.72972973,0.121621622,19.04054054,0.094594595,0.216216216,43774,74,0.644702845,0.925,0.672727273,1,31.584,11.41610881,8.726853515,-42.55401682,266.5810811,541.8648649,1,3,686,692,704,0,0
930216,697,0.6,0.156521739,0.591304348,0.069565217,0,0.060869565,4.52173913,1.660869565,0.113043478,0.365217391,0.034782609,0.086956522,4.32173913,0.286956522,0.173913043,0.313043478,0.104347826,0.060869565,0.556521739,0.034782609,0.4,0.208695652,3.330434783,0.217391304,1.539130435,0.730434783,0.147826087,21.53913043,0.147826087,0.269565217,43837,115,0.575625322,0.958333333,0.798611111,1,36.124,13.52141737,11.05664652,40.82588049,145.2,541.7565217,0.5,2,685,701,0,0,0
930216,698,0.435643564,0.336633663,0.762376238,0.03960396,0.01980198,0.148514851,3.267326733,2.01980198,0.168316832,0.544554455,0.069306931,0.178217822,2.762376238,0.554455446,0.118811881,0.287128713,0.089108911,0.099009901,0.475247525,0.00990099,0.594059406,0.306930693,8.871287129,0.287128713,0.930693069,0.722772277,0.198019802,21.7029703,0.089108911,0.267326733,43900,101,0.614023227,0.863247863,0.554945055,1,39.631,13.42272624,10.59439615,-19.30056513,79.86138614,543.5544554,0.833333333,2,689,711,0,0,0
930216,699,0.604477612,0.567164179,0.880597015,0.104477612,0.097014925,0.097014925,4.141791045,2.156716418,0.119402985,0.932835821,0.194029851,0.208955224,3.052238806,0.611940299,0.455223881,0.537313433,0.089552239,0.104477612,1.276119403,0.029850746,1,0.47761194,3.141791045,0.335820896,1.358208955,1.768656716,0.328358209,23.86567164,0.21641791,0.574626866,43963,134,0.565582053,0.943661972,0.683673469,1,39.366,14.49849899,11.95679653,42.9786676,176.619403,543.3358209,0,0,0,0,0,0,0
930216,701,0.35,0.25,0.6,0.05,0.06,0.11,3.31,1.93,0.09,0.59,0.07,0.11,3.24,0.27,0.14,0.31,0.07,0.1,0.69,0.04,0.57,0.26,4.66,0.37,0.49,0.81,0.16,19.61,0.14,0.27,44088,100,0.730783229,0.869565217,0.714285714,1,37.1,13.9295839,9.508467759,89.72574313,135.45,543.58,0.5,2,685,697,0,0,0
930216,702,0.5390625,0.2421875,0.3984375,0.0546875,0.015625,0.03125,3.421875,1.6640625,0.0703125,0.3359375,0.0390625,0.0625,3.40625,0.4375,0.140625,0.3125,0.0625,0.171875,0.3671875,0,0.3125,0.3046875,8.8671875,0.2734375,0.8515625,0.6875,0.1171875,12.90625,0.125,0.1796875,44151,128,0.698111552,0.948148148,0.653061224,1,39.085,15.20872015,10.88927646,37.45698135,475.828125,544.4375,0.62745098,4,687,700,709,719,0
930216,703,0.421052632,0.201754386,0.438596491,0.052631579,0.114035088,0.122807018,1.149122807,1.684210526,0.043859649,0.421052632,0.052631579,0.087719298,1.719298246,0.385964912,0.122807018,0.192982456,0.01754386,0.01754386,0.359649123,0.00877193,0.543859649,0.280701754,4.342105263,0.219298246,0.245614035,0.833333333,0.114035088,17.55263158,0.105263158,0.157894737,44214,114,0.396674941,0.95,0.730769231,1,36.182,12.73177858,11.68725257,76.35322637,710.8333333,545.3333333,0,0,0,0,0,0,0
930216,704,0.305084746,0.440677966,0.881355932,0.076271186,0.050847458,0.076271186,1.754237288,1.923728814,0.050847458,0.483050847,0.059322034,0.13559322,3.355932203,0.313559322,0.381355932,0.305084746,0.059322034,0.110169492,0.559322034,0,0.491525424,0.330508475,15.40677966,0.322033898,0.669491525,0.525423729,0.06779661,17.93220339,0.06779661,0.152542373,44277,118,0.826072496,0.900763359,0.602040816,1,42.062,16.87932932,9.512580103,-40.23788567,259.440678,545.8644068,0.679245283,2,696,722,0,0,0
930216,705,0.421568627,0.117647059,0.392156863,0.088235294,0.039215686,0.078431373,2.696078431,2.264705882,0.058823529,0.450980392,0.068627451,0.029411765,3.745098039,0.392156863,0.156862745,0.225490196,0.098039216,0.049019608,0.647058824,0.009803922,0.382352941,0.254901961,2.617647059,0.284313725,0.607843137,0.637254902,0.166666667,19.47058824,0.088235294,0.245098039,44340,102,0.465932267,0.935779817,0.708333333,1,34.098,12.22911303,10.82056856,-29.25421132,29.51960784,548.127451,0.348837209,1,690,0,0,0,0
930216,706,0.555555556,0.348148148,0.562962963,0.111111111,0.059259259,0.059259259,4.6,1.748148148,0.059259259,0.422222222,0.066666667,0.059259259,3.237037037,0.355555556,0.2,0.296296296,0.037037037,0.022222222,0.562962963,0.014814815,0.42962963,0.22962963,7.355555556,0.266666667,1.192592593,0.488888889,0.17037037,20.34074074,0.088888889,0.22962963,44403,135,0.734561155,0.957446809,0.642857143,1,39.846,16.00366379,10.85916586,43.54271423,226.1851852,546.5703704,0,0,0,0,0,0,0
930216,707,0.337899543,0.200913242,0.703196347,0.114155251,0.0456621,0.086757991,3.584474886,1.940639269,0.068493151,0.420091324,0.059360731,0.095890411,2.872146119,0.351598174,0.141552511,0.351598174,0.059360731,0.059360731,0.598173516,0.02283105,0.474885845,0.301369863,3.374429224,0.223744292,1.109589041,0.662100457,0.159817352,23.21917808,0.141552511,0.187214612,44466,219,0.79042273,0.939914163,0.675925926,1,53.938,21.66093467,13.26866023,36.80706602,362.2374429,550.2054795,0.205882353,1,712,0,0,0,0
930216,708,0.243243243,0.126126126,1.045045045,0.072072072,0.063063063,0.063063063,1.477477477,1.720720721,0.072072072,0.279279279,0.045045045,0.018018018,1.90990991,0.288288288,0.108108108,0.351351351,0.045045045,0.108108108,0.342342342,0.009009009,0.432432432,0.297297297,9.306306306,0.243243243,0.441441441,0.612612613,0.081081081,17.77477477,0.135135135,0.153153153,44529,111,0.583982876,0.925,0.656804734,1,36.455,13.38008076,10.86149433,-39.10531706,782.2072072,548.8558559,0.468085106,2,714,737,0,0,0
930216,709,0.743801653,0.123966942,0.347107438,0.05785124,0.041322314,0.066115702,3.363636364,1.107438017,0.099173554,0.330578512,0.05785124,0.099173554,2.67768595,0.421487603,0.272727273,0.247933884,0.074380165,0.198347107,0.297520661,0.008264463,0.32231405,0.231404959,5.198347107,0.115702479,3.247933884,0.570247934,0.123966942,12.61983471,0.115702479,0.198347107,44591,121,0.639519417,0.937984496,0.672222222,1,38.043,14.32609785,11.01354508,18.00765394,458.8264463,549.446281,0.291666667,2,702,719,0,0,0
930216,710,0.582278481,0.303797468,0.658227848,0.120253165,0.037974684,0.107594937,4.227848101,2.234177215,0.107594937,0.474683544,0.069620253,0.113924051,3.82278481,0.443037975,0.126582278,0.386075949,0.082278481,0.056962025,0.481012658,0.012658228,0.664556962,0.221518987,3.841772152,0.316455696,1.310126582,0.835443038,0.227848101,22.05063291,0.113924051,0.284810127,44654,158,0.835241684,0.946107784,0.580882353,1,45.759,19.28382369,10.6038471,48.84420425,747.5696203,551.1265823,0,0,0,0,0,0,0
930216,711,0.479591837,0.295918367,0.857142857,0.12244898,0.040816327,0.091836735,4.5,2.204081633,0.06122449,0.56122449,0.081632653,0.081632653,2.469387755,0.448979592,0.142857143,0.5,0.142857143,0.071428571,0.714285714,0,0.642857143,0.357142857,11.10204082,0.224489796,1.418367347,0.928571429,0.163265306,23.20408163,0.091836735,0.265306122,44717,98,0.277442954,0.951456311,0.680555556,1,33.825,11.69515226,11.23602529,-9.033983632,74,550.8163265,0.409090909,1,698,0,0,0,0
930216,712,0.40625,0.291666667,0.53125,0.072916667,0.020833333,0.09375,2.145833333,1.510416667,0.114583333,0.510416667,0.125,0.104166667,2.6875,0.375,0.114583333,0.302083333,0.0625,0.052083333,0.604166667,0,0.395833333,0.270833333,7.104166667,0.3125,0.260416667,0.46875,0.0625,17.875,0.125,0.270833333,44780,96,0.568096916,0.932038835,0.727272727,1,32.882,12.33806044,10.1537507,74.3660326,375.75,550.3541667,0.333333333,1,707,0,0,0,0
930216,714,0.525252525,0.272727273,0.676767677,0.070707071,0.04040404,0.111111111,3.02020202,2.070707071,0.101010101,0.363636364,0.02020202,0.03030303,1.96969697,0.313131313,0.171717172,0.282828283,0.080808081,0.161616162,0.555555556,0.03030303,0.464646465,0.272727273,3.737373737,0.292929293,0.767676768,0.808080808,0.121212121,22.96969697,0.121212121,0.303030303,44906,99,0.704261845,0.925233645,0.585798817,1,35.901,13.73821664,9.753313878,-40.49716824,775.6868687,554.6464646,0.723404255,3,708,732,737,0,0
930216,715,0.535433071,0.244094488,0.645669291,0.031496063,0.062992126,0.11023622,2.622047244,1.960629921,0.078740157,0.551181102,0.086614173,0.118110236,11.27559055,0.566929134,0.133858268,0.472440945,0.078740157,0.149606299,0.653543307,0.007874016,0.692913386,0.307086614,1.401574803,0.25984252,0.960629921,0.716535433,0.133858268,25.15748031,0.078740157,0.244094488,44969,127,0.632253321,0.969465649,0.76969697,1,38.663,14.59072931,11.30433868,16.16552148,117.0944882,555.3858268,0.382978723,2,729,738,0,0,0
930216,716,0.607142857,0.12244898,0.382653061,0.091836735,0.035714286,0.051020408,2.204081633,1.602040816,0.056122449,0.397959184,0.040816327,0.051020408,6.530612245,0.387755102,0.142857143,0.260204082,0.096938776,0.056122449,0.535714286,0.005102041,0.270408163,0.234693878,1.295918367,0.37244898,0.887755102,0.556122449,0.107142857,18.5255102,0.081632653,0.198979592,45032,196,0.624044926,0.933333333,0.720588235,1,49.861,18.15038153,14.18249872,51.55469964,441.3010204,556.5816327,0,0,0,0,0,0,0
930216,717,0.625730994,0.16374269,0.374269006,0.058479532,0.023391813,0.116959064,2.532163743,1.567251462,0.046783626,0.450292398,0.070175439,0.122807018,3.046783626,0.315789474,0.152046784,0.233918129,0.076023392,0.076023392,0.456140351,0.005847953,0.461988304,0.128654971,0.883040936,0.280701754,1.087719298,0.596491228,0.099415205,13.57309942,0.058479532,0.128654971,45095,171,0.415157752,0.960674157,0.66796875,1,44.717,15.5526646,14.14902789,51.89756464,496.7836257,556.8011696,0.189655172,1,695,0,0,0,0
930216,718,0.208955224,0.149253731,1.014925373,0.119402985,0.059701493,0.164179104,3.149253731,1.776119403,0.089552239,0.373134328,0.104477612,0.089552239,5.597014925,0.328358209,0.164179104,0.343283582,0.029850746,0.044776119,0.373134328,0.014925373,0.656716418,0.268656716,5.194029851,0.343283582,0.447761194,0.597014925,0.28358209,17.70149254,0.164179104,0.179104478,45158,67,0.717863998,0.893333333,0.676767677,1,28.565,11.28232926,7.854569977,69.03069123,574.0298507,556.8955224,0.542857143,1,721,0,0,0,0
930216,719,0.375661376,0.28042328,0.365079365,0.063492063,0.026455026,0.08994709,2.396825397,2.291005291,0.100529101,0.396825397,0.058201058,0.095238095,3.682539683,0.444444444,0.132275132,0.35978836,0.079365079,0.052910053,0.402116402,0.005291005,0.544973545,0.275132275,9.941798942,0.317460317,0.645502646,0.857142857,0.116402116,18.42328042,0.148148148,0.174603175,45220,189,0.65416106,0.926470588,0.741176471,1,49.282,17.98139046,13.60031959,-58.28493115,470.026455,558.021164,0.387096774,2,702,709,0,0,0
930216,720,0.430894309,0.178861789,0.520325203,0.105691057,0.056910569,0.089430894,4.048780488,1.93495935,0.089430894,0.341463415,0.040650407,0.113821138,3.951219512,0.365853659,0.162601626,0.37398374,0.073170732,0.040650407,0.74796748,0.008130081,0.479674797,0.276422764,5.910569106,0.341463415,0.861788618,0.601626016,0.130081301,18.48780488,0.113821138,0.260162602,45283,123,0.790150432,0.911111111,0.657754011,1,40.929,16.23939189,9.953333722,10.64148799,530.1300813,557.5447154,0.36,1,735,0,0,0,0
930216,721,0.25,0.347222222,0.722222222,0.111111111,0.013888889,0.069444444,2.597222222,1.472222222,0.069444444,0.388888889,0.069444444,0.055555556,5.347222222,0.291666667,0.125,0.305555556,0.069444444,0,0.291666667,0.013888889,0.361111111,0.291666667,4.013888889,0.222222222,0.347222222,0.611111111,0.097222222,16.5,0.069444444,0.083333333,45346,72,0.826249694,0.888888889,0.6,1,31.658,13.3626346,7.527226074,68.44851036,568.0138889,555.4166667,0.512820513,1,718,0,0,0,0
930216,722,0.496969697,0.363636364,0.606060606,0.109090909,0.084848485,0.078787879,3.672727273,2.236363636,0.060606061,0.375757576,0.109090909,0.109090909,3.860606061,0.375757576,0.636363636,0.460606061,0.03030303,0.084848485,0.739393939,0.012121212,0.703030303,0.4,11.78181818,0.333333333,1.181818182,0.836363636,0.163636364,23.05454545,0.181818182,0.254545455,45409,165,0.527103128,0.9375,0.693277311,1,45.246,15.94493779,13.55002926,-88.80506333,259.6787879,557.7393939,0.327586207,1,704,0,0,0,0
930216,723,0.296296296,0.222222222,0.944444444,0.055555556,0.027777778,0.092592593,1.824074074,1.675925926,0.037037037,0.25,0.074074074,0.111111111,3.083333333,0.277777778,0.148148148,0.25,0.046296296,0.074074074,0.62962963,0.018518519,0.435185185,0.25,2.388888889,0.259259259,0.333333333,0.546296296,0.111111111,17.62962963,0.074074074,0.259259259,45472,108,0.521518559,0.915254237,0.692307692,1,35.603,12.93220796,11.03427632,0.203889979,309.1018519,561.462963,0.347826087,1,713,0,0,0,0
930216,724,0.431372549,0.300653595,0.718954248,0.065359477,0.026143791,0.08496732,3.045751634,1.85620915,0.052287582,0.346405229,0.071895425,0.137254902,2.68627451,0.326797386,0.117647059,0.294117647,0.137254902,0.052287582,0.581699346,0,0.568627451,0.320261438,7.45751634,0.254901961,1,0.555555556,0.117647059,20.05228758,0.117647059,0.209150327,45535,153,0.864475795,0.916167665,0.619433198,1,46.379,19.9438157,10.02524653,20.62038968,339.3856209,561.4052288,0,0,0,0,0,0,0
930216,725,0.597560976,0.353658537,0.780487805,0.170731707,0.024390244,0.085365854,2.914634146,2.487804878,0.085365854,0.756097561,0.182926829,0.134146341,3.756097561,0.402439024,0.158536585,0.463414634,0.097560976,0.06097561,0.475609756,0.024390244,0.658536585,0.304878049,9.280487805,0.353658537,0.780487805,0.695121951,0.109756098,23.95121951,0.170731707,0.329268293,45598,82,0.730981351,0.964705882,0.745454545,1,30.616,12.50545808,8.533692566,53.28164237,691.2073171,560.0731707,0.578947368,2,726,731,0,0,0
930216,726,0.64516129,0.193548387,0.790322581,0.032258065,0.048387097,0.048387097,2.951612903,2.080645161,0.064516129,0.370967742,0.080645161,0.096774194,3.725806452,0.5,0.193548387,0.387096774,0.161290323,0.112903226,0.661290323,0.016129032,0.419354839,0.387096774,1.790322581,0.161290323,0.887096774,0.935483871,0.161290323,26.16129032,0.14516129,0.177419355,45661,62,0.611086448,0.939393939,0.688888889,1,25.96,10.17242553,8.052124472,28.51186949,700.1451613,560.6451613,0.823529412,4,725,731,736,740,0
930216,727,0.329896907,0.268041237,0.577319588,0.134020619,0.010309278,0.041237113,3.711340206,1.742268041,0.051546392,0.391752577,0.092783505,0.092783505,3.835051546,0.340206186,0.154639175,0.134020619,0.134020619,0.020618557,0.484536082,0.010309278,0.659793814,0.453608247,9.711340206,0.216494845,1.278350515,0.639175258,0.113402062,22.11340206,0.072164948,0.24742268,45724,97,0.738325263,0.923809524,0.577380952,1,35.711,14.01472023,9.452155362,57.11789736,98.3814433,562.9175258,0.456521739,1,738,0,0,0,0
930216,728,0.318965517,0.465517241,0.655172414,0.051724138,0.051724138,0.068965517,3.017241379,1.362068966,0.077586207,0.431034483,0.043103448,0.068965517,2.689655172,0.318965517,0.112068966,0.310344828,0.068965517,0.017241379,0.49137931,0.00862069,0.405172414,0.293103448,6.370689655,0.310344828,0.870689655,0.672413793,0.112068966,16.12931034,0.129310345,0.198275862,45786,116,0.428354472,0.958677686,0.69047619,1,35.992,12.89767268,11.6544761,-86.98568338,590.9482759,563.6034483,0,0,0,0,0,0,0
930216,730,0.134020619,0.144329897,0.711340206,0.082474227,0.051546392,0.082474227,2.154639175,1.659793814,0.103092784,0.340206186,0.041237113,0.051546392,2.309278351,0.432989691,0.113402062,0.288659794,0.020618557,0.051546392,0.381443299,0.010309278,0.567010309,0.226804124,4.360824742,0.257731959,0.412371134,0.701030928,0.12371134,17.95876289,0.051546392,0.18556701,45912,97,0.613873639,0.96039604,0.746153846,1,32.419,12.57872665,9.929700955,12.98290297,641.0309278,564.7113402,0.166666667,1,739,0,0,0,0
930216,731,0.470588235,0.205882353,1.25,0.191176471,0.044117647,0.073529412,2.764705882,1.852941176,0.102941176,0.382352941,0.058823529,0.117647059,4.220588235,0.632352941,0.117647059,0.455882353,0.176470588,0.014705882,0.602941176,0,0.544117647,0.205882353,2.926470588,0.235294118,0.558823529,0.573529412,0.220588235,23.61764706,0.147058824,0.25,45975,68,0.848127352,0.883116883,0.581196581,1,30.914,13.24337987,7.016242093,21.84822836,692.0882353,567.3676471,0.871794872,4,725,726,736,740,0
930216,732,0.452631579,0.210526316,0.536842105,0.052631579,0.052631579,0.031578947,4.431578947,1.726315789,0.189473684,0.431578947,0.021052632,0.063157895,4.705263158,0.473684211,0.357894737,0.284210526,0.094736842,0.284210526,0.568421053,0.021052632,0.368421053,0.273684211,1.389473684,0.189473684,1.431578947,0.694736842,0.178947368,18.86315789,0.115789474,0.242105263,46038,95,0.692632611,0.95959596,0.71969697,1,34.098,13.09870332,9.447971,37.41227055,774.7368421,565.1263158,0.619047619,2,714,737,0,0,0
930216,733,0.493243243,0.283783784,0.628378378,0.108108108,0.013513514,0.067567568,3.486486486,2.445945946,0.101351351,0.412162162,0.054054054,0.148648649,3.22972973,0.621621622,0.141891892,0.331081081,0.087837838,0.121621622,0.466216216,0.02027027,0.574324324,0.277027027,6.858108108,0.263513514,1.182432432,0.986486486,0.162162162,28.83783784,0.128378378,0.263513514,46101,148,0.560608554,0.967320261,0.660714286,1,41.616,15.2376207,12.61798333,23.4098142,16.53378378,566.5202703,0.363636364,1,741,0,0,0,0
930216,734,0.368421053,0.263157895,0.804511278,0.135338346,0.007518797,0.105263158,4.120300752,2.338345865,0.060150376,0.481203008,0.067669173,0.120300752,3.601503759,0.368421053,0.157894737,0.481203008,0.052631579,0.067669173,0.631578947,0.015037594,0.571428571,0.240601504,3.556390977,0.278195489,1.248120301,0.736842105,0.157894737,23.66917293,0.142857143,0.308270677,46164,133,0.375641171,0.95,0.730769231,1,38.878,13.60129841,12.60520985,58.31537662,236.8646617,566.556391,0.12244898,1,743,0,0,0,0
930216,735,0.4,0.241666667,0.666666667,0.075,0.041666667,0.1,3.316666667,2.275,0.116666667,0.583333333,0.091666667,0.091666667,1.758333333,0.308333333,0.133333333,0.416666667,0.066666667,0.1,0.633333333,0,0.55,0.283333333,9.25,0.25,0.75,0.75,0.125,24.53333333,0.15,0.208333333,46227,120,0.530100615,0.94488189,0.714285714,1,37.654,13.62145343,11.55010369,8.455579823,525.125,566.6583333,0.404255319,1,720,0,0,0,0
930216,736,0.929824561,0.210526316,0.631578947,0.192982456,0.01754386,0.070175439,2.98245614,2.01754386,0.122807018,0.315789474,0.175438596,0.070175439,4.701754386,0.333333333,0.140350877,0.50877193,0.052631579,0,0.614035088,0.01754386,0.614035088,0.192982456,1.631578947,0.315789474,0.649122807,0.964912281,0.280701754,28.12280702,0.157894737,0.280701754,46290,57,0.590505419,0.95,0.633333333,1,25.489,9.757239264,7.874420643,37.00044977,704.1578947,565.9824561,0.787878788,3,726,731,740,0,0
930216,737,0.447513812,0.209944751,0.580110497,0.08839779,0.016574586,0.110497238,6.392265193,1.977900552,0.160220994,0.502762431,0.08839779,0.104972376,7.093922652,0.436464088,0.138121547,0.436464088,0.121546961,0.071823204,0.491712707,0.011049724,0.524861878,0.281767956,5.723756906,0.309392265,0.994475138,0.751381215,0.171270718,26.72375691,0.093922652,0.314917127,46352,181,0.812419186,0.891625616,0.67037037,1,50.87,20.31337128,11.84419475,65.66013749,784.4917127,565.7071823,0.430769231,3,708,714,732,0,0
930216,738,0.548387097,0.201612903,0.435483871,0.112903226,0.056451613,0.072580645,3.322580645,2.822580645,0.072580645,0.532258065,0.080645161,0.088709677,6.225806452,0.629032258,0.129032258,0.330645161,0.080645161,0.080645161,0.524193548,0,0.669354839,0.290322581,5.362903226,0.177419355,1.790322581,0.935483871,0.161290323,27.46774194,0.129032258,0.217741935,46415,124,0.763502672,0.939393939,0.688888889,1,39.333,15.79017578,10.19736923,67.05183763,105.5403226,567.1854839,0.714285714,4,715,727,729,750,0
930216,739,0.64,0.15,0.7,0.08,0.08,0.1,4.06,2.07,0.08,0.67,0.05,0.05,3.52,0.43,0.12,0.4,0.06,0.08,0.47,0.03,0.53,0.17,1.76,0.37,0.96,0.86,0.22,23.34,0.19,0.16,46478,100,0.650958184,0.925925926,0.694444444,1,34.197,13.14357662,9.977467632,38.99836547,653.09,568.64,0.545454545,3,730,745,748,0,0
930216,740,0.386363636,0.193181818,1.375,0.045454545,0.056818182,0.079545455,1.590909091,1.920454545,0.125,0.420454545,0.056818182,0.113636364,2.636363636,0.443181818,0.113636364,0.352272727,0.113636364,0.045454545,0.477272727,0,0.465909091,0.193181818,3.477272727,0.272727273,0.306818182,0.920454545,0.25,27.375,0.147727273,0.227272727,46541,88,0.748643782,0.897959184,0.628571429,1,34.95,13.44561313,8.914071268,1.908125444,698.6363636,572.2954545,0.613636364,3,726,731,736,0,0
930216,741,0.651515152,0.303030303,0.568181818,0.083333333,0.053030303,0.075757576,2.242424242,2.424242424,0.090909091,0.318181818,0.022727273,0.060606061,8.651515152,0.295454545,0.128787879,0.371212121,0.075757576,0.075757576,0.545454545,0.007575758,0.386363636,0.234848485,8.590909091,0.242424242,1.159090909,0.734848485,0.136363636,27.47727273,0.174242424,0.204545455,46604,132,0.765770022,0.936170213,0.676923077,1,40.739,16.48784253,10.60357079,55.02967625,24.71969697,572.7651515,0.442307692,1,733,0,0,0,0
930216,742,0.428571429,0.195488722,0.533834586,0.082706767,0.022556391,0.07518797,1.601503759,1.887218045,0.045112782,0.413533835,0.045112782,0.082706767,3.766917293,0.496240602,0.180451128,0.293233083,0.060150376,0.127819549,0.526315789,0.022556391,0.413533835,0.210526316,4.037593985,0.263157895,0.473684211,0.676691729,0.090225564,18,0.157894737,0.135338346,46667,133,0.592478241,0.95,0.730769231,1,38.696,14.6001728,11.76170143,56.86675958,121.7819549,574.4586466,0.14,2,729,756,0,0,0
930216,743,0.421568627,0.264705882,0.68627451,0.107843137,0.049019608,0.068627451,1.892156863,1.990196078,0.049019608,0.421568627,0.068627451,0.107843137,2.68627451,0.274509804,0.196078431,0.294117647,0.058823529,0.039215686,0.529411765,0.009803922,0.529411765,0.254901961,2.960784314,0.274509804,0.421568627,0.549019608,0.137254902,17.84313725,0.068627451,0.215686275,46730,102,0.74716,0.935779817,0.603550296,1,35.165,14.15959175,9.411090773,47.40117264,245.0980392,575.9509804,0.14893617,1,734,0,0,0,0
930216,744,0.384615385,0.307692308,0.692307692,0.065934066,0.032967033,0.098901099,2.846153846,2.032967033,0.142857143,0.32967033,0.076923077,0.054945055,2.912087912,0.483516484,0.10989011,0.318681319,0.087912088,0.076923077,0.56043956,0.043956044,0.494505495,0.197802198,7.076923077,0.461538462,1.637362637,0.648351648,0.164835165,19.38461538,0.120879121,0.252747253,46793,91,0.525017955,0.957894737,0.752066116,1,31.104,11.73017773,9.983450461,45,478.8571429,573.8571429,0,0,0,0,0,0,0
930216,745,0.5,0.276315789,0.710526316,0.131578947,0.052631579,0.026315789,4.697368421,2.013157895,0.118421053,0.328947368,0.078947368,0.131578947,3.328947368,0.407894737,0.263157895,0.289473684,0.105263158,0.078947368,0.618421053,0.013157895,0.539473684,0.236842105,2.842105263,0.263157895,0.763157895,0.855263158,0.184210526,27.23684211,0.105263158,0.328947368,46856,76,0.860482986,0.853932584,0.562962963,1,33.726,14.35978942,7.316013686,-16.54028201,658.5921053,575.8684211,0.904761905,4,739,746,748,751,0
930216,746,0.245614035,0.187134503,1.228070175,0.134502924,0.064327485,0.122807018,2.380116959,2.035087719,0.035087719,0.415204678,0.105263158,0.076023392,2.666666667,0.298245614,0.210526316,0.50877193,0.093567251,0.087719298,0.532163743,0.01754386,0.485380117,0.228070175,3.730994152,0.233918129,0.561403509,0.707602339,0.122807018,22.40350877,0.122807018,0.192982456,46919,171,0.40996935,0.93956044,0.66796875,1,46.189,15.70537752,14.32486383,-55.18880498,672.6432749,576.5847953,0.305084746,2,745,751,0,0,0
930216,747,0.36036036,0.243243243,0.684684685,0.126126126,0.036036036,0.108108108,2.216216216,1.990990991,0.081081081,0.513513514,0.09009009,0.063063063,3.225225225,0.333333333,0.081081081,0.414414414,0.09009009,0.054054054,0.531531532,0.009009009,0.504504505,0.468468468,15.17117117,0.342342342,0.603603604,0.855855856,0.189189189,24.0990991,0.108108108,0.279279279,46981,111,0.594314328,0.956896552,0.720779221,1,35.231,13.32546166,10.71677403,-4.532815176,748.7657658,575.1261261,0,0,0,0,0,0,0
930216,748,0.433333333,0.322222222,0.555555556,0.122222222,0.044444444,0.111111111,3.822222222,2.377777778,0.088888889,0.644444444,0.055555556,0.111111111,4.544444444,0.433333333,0.144444444,0.322222222,0.111111111,0.033333333,0.533333333,0.011111111,0.688888889,0.3,1.522222222,0.277777778,0.655555556,0.744444444,0.155555556,22.9,0.111111111,0.211111111,47044,90,0.756175426,0.918367347,0.629370629,1,34.553,13.56390996,8.875801534,-20.82087943,654.2444444,581.2,0.697674419,3,739,745,751,0,0
930216,749,0.394736842,0.276315789,0.697368421,0.092105263,0.026315789,0.144736842,4.486842105,2.197368421,0.065789474,0.578947368,0.078947368,0.052631579,2.447368421,0.421052632,0.105263158,0.394736842,0.039473684,0.105263158,0.526315789,0.026315789,0.526315789,0.5,13.01315789,0.223684211,1.078947368,0.842105263,0.171052632,20.98684211,0.118421053,0.302631579,47107,76,0.542453899,0.938271605,0.628099174,1,29.624,10.88468941,9.144070527,-47.73570455,416.2368421,579.9210526,0.435897436,1,753,0,0,0,0
930216,750,0.427710843,0.259036145,0.590361446,0.090361446,0.030120482,0.090361446,3.168674699,2.572289157,0.06626506,0.463855422,0.078313253,0.096385542,5.801204819,0.457831325,0.174698795,0.421686747,0.096385542,0.108433735,0.71686747,0.018072289,0.481927711,0.198795181,1.765060241,0.28313253,0.777108434,0.969879518,0.138554217,25.09036145,0.126506024,0.337349398,47170,166,0.774415092,0.943181818,0.650980392,1,46.189,18.55761245,11.74099038,53.17063589,99.41566265,584.813253,0.35,2,738,757,0,0,0
930216,751,0.385542169,0.240963855,0.698795181,0.096385542,0.012048193,0.060240964,2.927710843,2.337349398,0.060240964,0.421686747,0.084337349,0.13253012,2.843373494,0.481927711,0.13253012,0.337349398,0.036144578,0.060240964,0.686746988,0.024096386,0.602409639,0.301204819,1.180722892,0.373493976,0.493975904,0.662650602,0.13253012,23.93975904,0.108433735,0.277108434,47233,83,0.582340777,0.93258427,0.628787879,1,31.212,11.66483479,9.482866578,37.67621725,663.7951807,585.0120482,0.682926829,3,745,746,748,0,0
930216,752,0.370689655,0.284482759,0.50862069,0.146551724,0.017241379,0.068965517,2.810344828,1.629310345,0.068965517,0.405172414,0.051724138,0.077586207,2.905172414,0.284482759,0.155172414,0.413793103,0.043103448,0.051724138,0.775862069,0.025862069,0.431034483,0.353448276,11.39655172,0.25862069,1.103448276,0.568965517,0.137931034,20.25,0.155172414,0.215517241,47296,116,0.679610831,0.958677686,0.69047619,1,36.455,14.29221961,10.4843842,34.27824418,150.9224138,584.7413793,0,0,0,0,0,0,0
930216,753,0.486842105,0.210526316,0.697368421,0.092105263,0.039473684,0.052631579,4.197368421,1.986842105,0.078947368,0.697368421,0.118421053,0.118421053,3,0.447368421,0.171052632,0.328947368,0.144736842,0.105263158,0.618421053,0.026315789,0.565789474,0.263157895,1.842105263,0.236842105,0.815789474,0.921052632,0.144736842,21.60526316,0.065789474,0.381578947,47359,76,0.50355571,0.938271605,0.628099174,1,30.087,10.87242577,9.393370952,-46.38783762,411.4210526,586.1842105,0.435897436,1,749,0,0,0,0
930216,754,0.273584906,0.150943396,1.160377358,0.08490566,0.018867925,0.066037736,1.603773585,1.79245283,0.047169811,0.358490566,0.075471698,0.103773585,2.122641509,0.273584906,0.066037736,0.330188679,0.066037736,0.066037736,0.443396226,0.009433962,0.5,0.169811321,5.745283019,0.226415094,0.367924528,0.518867925,0.113207547,16.53773585,0.150943396,0.198113208,47422,106,0.566977455,0.954954955,0.741258741,1,34.106,12.88886451,10.61698702,66.04255123,633.1603774,586.0754717,0.136363636,1,766,0,0,0,0
930216,755,0.428571429,0.326530612,0.510204082,0.020408163,0.06122449,0.091836735,3.826530612,1.989795918,0.040816327,0.428571429,0.010204082,0.12244898,2.928571429,0.285714286,0.193877551,0.37755102,0.102040816,0.091836735,0.285714286,0.030612245,0.469387755,0.265306122,12.08163265,0.204081633,1.142857143,0.673469388,0.091836735,21.59183673,0.153061224,0.357142857,47485,98,0.560965096,0.951456311,0.685314685,1,33.089,12.39729605,10.26297079,26.03766854,547.244898,587.8265306,0.255813953,1,768,0,0,0,0
930216,756,0.530973451,0.300884956,0.884955752,0.061946903,0.061946903,0.115044248,3.044247788,1.778761062,0.10619469,0.495575221,0.07079646,0.088495575,5.371681416,0.637168142,0.247787611,0.415929204,0.150442478,0.088495575,0.557522124,0,0.415929204,0.380530973,8.07079646,0.212389381,4.292035398,0.654867257,0.088495575,20.63716814,0.256637168,0.265486726,47547,113,0.443877044,0.965811966,0.724358974,1,35.049,12.76044442,11.43447732,23.55094322,121.3716814,589.6902655,0.086956522,2,742,757,0,0,0
930216,757,0.175,0.1125,0.275,0.0625,0.0375,0.1,0.8,1.1625,0.0125,0.3625,0.0375,0.0375,2.4625,0.2,0.1,0.2375,0.0875,0.0625,0.375,0,0.25,0.0875,0.5125,0.1625,0.225,0.2625,0.0375,7.8375,0.0625,0.0875,47610,80,0.592563123,0.91954023,0.661157025,1,30.269,11.45485411,9.22716012,37.27904988,107.0375,589.675,0.538461538,2,750,756,0,0,0
930216,758,0.493150685,0.287671233,0.479452055,0.082191781,0.04109589,0.04109589,2.561643836,1.547945205,0.054794521,0.369863014,0.02739726,0.02739726,3.561643836,0.232876712,0.205479452,0.287671233,0.02739726,0.04109589,0.561643836,0,0.479452055,0.260273973,3.369863014,0.356164384,0.657534247,0.561643836,0.150684932,22.49315068,0.150684932,0.178082192,47673,73,0.810055961,0.948051948,0.553030303,1,31.121,12.82039669,7.517272585,42.48942903,199.1917808,590.5068493,0.564102564,1,760,0,0,0,0
930216,759,0.505154639,0.175257732,0.793814433,0.06185567,0.051546392,0.12371134,3.350515464,2.134020619,0.103092784,0.309278351,0.041237113,0.030927835,3.701030928,0.350515464,0.195876289,0.298969072,0.051546392,0.051546392,0.577319588,0,0.391752577,0.237113402,3.030927835,0.360824742,0.93814433,0.81443299,0.06185567,19.71134021,0.134020619,0.298969072,47736,97,0.636181676,0.932692308,0.678321678,1,33.643,12.82938682,9.898375996,12.091732,347.4536082,592.0618557,0.395348837,1,764,0,0,0,0
930216,760,0.37037037,0.283950617,0.604938272,0.061728395,0.024691358,0.049382716,2.567901235,1.716049383,0.074074074,0.50617284,0.074074074,0.111111111,4.172839506,0.395061728,0.160493827,0.37037037,0.012345679,0.049382716,0.432098765,0.012345679,0.481481481,0.197530864,5.333333333,0.222222222,0.679012346,0.864197531,0.135802469,22.38271605,0.160493827,0.172839506,47799,81,0.856260223,0.852631579,0.5625,1,35.231,14.81558412,7.652911494,44.64055271,203.1481481,595.1111111,0.533333333,2,758,776,0,0,0
930216,761,0.412371134,0.567010309,0.546391753,0.092783505,0.010309278,0.072164948,2.896907216,1.917525773,0.072164948,0.484536082,0.020618557,0.164948454,2.608247423,0.278350515,0.144329897,0.412371134,0.06185567,0.092783505,0.525773196,0.010309278,0.577319588,0.278350515,15.65979381,0.319587629,1.072164948,0.597938144,0.072164948,19.41237113,0.144329897,0.319587629,47862,97,0.457406377,0.941747573,0.673611111,1,33.271,11.90159829,10.58358891,45.58524047,618.9896907,595.185567,0.357142857,1,766,0,0,0,0
930216,762,0.319148936,0.170212766,0.553191489,0.159574468,0.031914894,0.074468085,2.819148936,2.138297872,0.053191489,0.35106383,0.063829787,0.106382979,3,0.446808511,0.223404255,0.319148936,0.031914894,0.085106383,0.882978723,0.010638298,0.457446809,0.212765957,2.457446809,0.20212766,0.521276596,0.553191489,0.212765957,18.84042553,0.106382979,0.212765957,47925,94,0.308434848,0.949494949,0.712121212,1,31.865,11.28284541,10.73275559,68.90291819,247.0957447,596.7659574,0,0,0,0,0,0,0
930216,763,0.412844037,0.183486239,0.559633028,0.110091743,0.027522936,0.128440367,2.752293578,1.614678899,0.146788991,0.266055046,0.055045872,0.119266055,2.577981651,0.330275229,0.201834862,0.266055046,0.082568807,0.018348624,0.577981651,0.018348624,0.449541284,0.266055046,1.633027523,0.201834862,0.587155963,0.52293578,0.146788991,16.77981651,0.155963303,0.23853211,47988,109,0.671504581,0.956140351,0.698717949,1,35.413,13.80538377,10.22979494,33.36663423,576.1284404,597.1376147,0.311111111,1,775,0,0,0,0
930216,764,0.28,0.266666667,0.68,0.066666667,0.04,0.026666667,1.733333333,1.52,0.026666667,0.306666667,0.053333333,0.053333333,2.44,0.44,0.16,0.266666667,0.08,0.106666667,0.56,0,0.453333333,0.186666667,3.026666667,0.186666667,0.56,0.64,0.066666667,15.41333333,0.04,0.16,48051,75,0.728219886,0.949367089,0.694444444,1,29.235,12.01500206,8.234404306,18.24079521,348.64,599.8266667,0.473684211,1,759,0,0,0,0
930216,765,0.346666667,0.166666667,0.673333333,0.093333333,0.02,0.093333333,1.313333333,1.726666667,0.046666667,0.413333333,0.026666667,0.04,2.906666667,0.3,0.106666667,0.306666667,0.06,0.046666667,0.353333333,0.006666667,0.32,0.286666667,10.08666667,0.273333333,0.226666667,0.62,0.186666667,16.86,0.14,0.24,48114,150,0.449447184,0.955414013,0.714285714,1,41.417,14.71271759,13.14297223,67.86930877,485.3733333,601.2866667,0.018867925,1,767,0,0,0,0
930216,766,0.342105263,0.149122807,0.535087719,0.078947368,0.026315789,0.026315789,4.061403509,1.98245614,0.052631579,0.385964912,0.096491228,0.087719298,2.324561404,0.394736842,0.377192982,0.324561404,0.078947368,0.096491228,0.50877193,0.026315789,0.570175439,0.368421053,8.01754386,0.122807018,1.105263158,0.596491228,0.140350877,22.18421053,0.122807018,0.201754386,48176,114,0.539303443,0.95,0.674556213,1,36.546,13.25002335,11.15799718,53.95819986,628.2192982,599.4035088,0.456521739,2,754,761,0,0,0
930216,767,1,0.216666667,0.508333333,0.033333333,0.033333333,0.108333333,1.525,1.95,0.033333333,0.316666667,0.066666667,0.125,5.816666667,0.441666667,0.058333333,0.308333333,0.066666667,0.083333333,0.433333333,0.008333333,0.475,0.291666667,6.741666667,0.266666667,0.683333333,0.733333333,0.158333333,19.925,0.1,0.266666667,48239,120,0.699763747,0.952380952,0.710059172,1,36.918,14.71061528,10.50888609,45.29228461,501.1083333,600.95,0.0625,1,765,0,0,0,0
930216,768,0.581818182,0.296969697,0.521212121,0.084848485,0.036363636,0.115151515,5.024242424,2.260606061,0.145454545,0.593939394,0.036363636,0.078787879,2.321212121,0.478787879,0.163636364,0.454545455,0.096969697,0.072727273,0.521212121,0.012121212,0.436363636,0.424242424,8.612121212,0.296969697,1.066666667,0.957575758,0.133333333,23.34545455,0.072727273,0.327272727,48302,165,0.696934235,0.948275862,0.746606335,1,45.064,17.25468013,12.3739358,71.47405302,555.1939394,597.3212121,0.175438596,1,755,0,0,0,0
930216,769,0.458823529,0.2,0.658823529,0.094117647,0.023529412,0.070588235,4.235294118,1.988235294,0.058823529,0.317647059,0.082352941,0.094117647,10.94117647,0.376470588,0.117647059,0.447058824,0.105882353,0.023529412,0.541176471,0,0.647058824,0.188235294,1.458823529,0.305882353,0.823529412,0.870588235,0.129411765,20.29411765,0.105882353,0.270588235,48365,85,0.458972359,0.944444444,0.708333333,1,31.096,11.17192736,9.925704971,-19.12414934,526.9882353,603.2352941,0.512820513,1,774,0,0,0,0
930216,770,0.450549451,0.296703297,0.802197802,0.120879121,0.021978022,0.098901099,3.32967033,2.285714286,0.054945055,0.483516484,0.043956044,0.175824176,4.186813187,0.494505495,0.186813187,0.384615385,0.021978022,0.054945055,0.659340659,0.043956044,0.549450549,0.186813187,1.450549451,0.164835165,0.571428571,0.604395604,0.120879121,25.53846154,0.087912088,0.296703297,48428,91,0.734558277,0.947916667,0.7,1,32.973,13.24137829,8.984879041,30.56850917,671.0769231,605.5164835,0.585365854,2,771,778,0,0,0
930216,771,0.483443709,0.225165563,0.668874172,0.119205298,0.052980132,0.072847682,2.443708609,1.933774834,0.059602649,0.42384106,0.072847682,0.079470199,3.841059603,0.364238411,0.125827815,0.337748344,0.086092715,0.039735099,0.443708609,0.006622517,0.476821192,0.350993377,12.12582781,0.324503311,0.490066225,0.682119205,0.125827815,23.19205298,0.158940397,0.291390728,48491,151,0.440345949,0.949685535,0.671111111,1,43.129,14.92866991,13.40338057,-44.24351643,685.1788079,606.2649007,0.155172414,1,770,0,0,0,0
930216,772,0.344444444,0.188888889,0.366666667,0.1,0.022222222,0.044444444,5.6,1.488888889,0.111111111,0.311111111,0.011111111,0.111111111,5.177777778,0.444444444,0.1,0.366666667,0.066666667,0.066666667,0.466666667,0,0.588888889,0.133333333,1.733333333,0.222222222,0.8,0.766666667,0.088888889,20.92222222,0.177777778,0.2,48554,90,0.90390418,0.909090909,0.5,1,38.796,17.07472964,7.303459548,53.30479629,186.0111111,608,0.56,2,776,790,0,0,0
930216,773,0.504950495,0.336633663,0.782178218,0.01980198,0.02970297,0.069306931,3.831683168,2.306930693,0.118811881,0.633663366,0.04950495,0.128712871,3.366336634,0.485148515,0.04950495,0.504950495,0.108910891,0.089108911,0.623762376,0.01980198,0.534653465,0.247524752,3.306930693,0.366336634,0.831683168,0.762376238,0.148514851,22.44554455,0.099009901,0.247524752,48617,101,0.400686722,0.943925234,0.701388889,1,33.552,11.96292506,10.96061284,-33.77100035,381.3960396,607.049505,0,0,0,0,0,0,0
930216,774,0.478632479,0.205128205,0.418803419,0.094017094,0.034188034,0.136752137,4.256410256,2.418803419,0.085470085,0.512820513,0.076923077,0.11965812,10.04273504,0.393162393,0.256410256,0.282051282,0.094017094,0.051282051,0.47008547,0.051282051,0.393162393,0.376068376,4.675213675,0.418803419,0.982905983,1.111111111,0.102564103,26.02564103,0.136752137,0.307692308,48680,117,0.879674418,0.8125,0.464285714,1,46.859,18.90368329,8.990145774,-28.26196511,522.6666667,609.6495726,0.8,3,769,780,795,0,0
930216,775,0.420634921,0.158730159,0.515873016,0.079365079,0.055555556,0.103174603,3.166666667,1.841269841,0.095238095,0.373015873,0.071428571,0.103174603,3.23015873,0.349206349,0.174603175,0.301587302,0.047619048,0.079365079,0.53968254,0.023809524,0.531746032,0.277777778,2.73015873,0.214285714,1.150793651,0.849206349,0.087301587,18.76984127,0.087301587,0.174603175,48742,126,0.598126757,0.940298507,0.74556213,1,38.762,14.29242509,11.45397107,56.99267675,574.4761905,608.531746,0.276595745,1,763,0,0,0,0
930216,776,0.365671642,0.126865672,0.552238806,0.089552239,0.037313433,0.089552239,5.328358209,2.149253731,0.119402985,0.507462687,0.052238806,0.082089552,6.492537313,0.373134328,0.164179104,0.373134328,0.082089552,0.104477612,0.753731343,0.007462687,0.850746269,0.313432836,1.865671642,0.298507463,0.917910448,0.813432836,0.126865672,26.59701493,0.141791045,0.223880597,48805,134,0.9023767,0.848101266,0.496296296,1,48.05,20.77356416,8.952328662,60.65756915,192.2164179,610.141791,0.540983607,3,760,772,790,0,0
930216,777,0.585365854,0.158536585,0.670731707,0.097560976,0.024390244,0.073170732,3.012195122,1.5,0.012195122,0.365853659,0.06097561,0.085365854,3.658536585,0.317073171,0.219512195,0.243902439,0.073170732,0.048780488,0.414634146,0.024390244,0.365853659,0.317073171,2.402439024,0.207317073,0.987804878,0.719512195,0.207317073,19.87804878,0.073170732,0.158536585,48868,82,0.342078426,0.942528736,0.745454545,1,30.153,10.62236409,9.981531796,-72.06071141,774.5609756,610.6341463,0.405405405,1,783,0,0,0,0
930216,778,0.720430108,0.365591398,0.795698925,0.075268817,0.064516129,0.053763441,3.483870968,2.376344086,0.096774194,0.505376344,0.075268817,0.172043011,3.193548387,0.397849462,0.677419355,0.419354839,0.204301075,0.096774194,0.720430108,0.043010753,0.387096774,0.376344086,4.602150538,0.408602151,0.892473118,0.827956989,0.139784946,27.34408602,0.279569892,0.279569892,48931,93,0.676617872,0.93,0.704545455,1,33.064,12.86274854,9.471283408,23.99578454,668.5376344,614.5913978,0.365853659,1,770,0,0,0,0
930216,779,0.517045455,0.232954545,0.664772727,0.096590909,0.039772727,0.107954545,3.181818182,2.323863636,0.125,0.517045455,0.107954545,0.096590909,7.471590909,0.607954545,0.272727273,0.477272727,0.073863636,0.119318182,0.630681818,0.028409091,0.670454545,0.272727273,4.948863636,0.352272727,1.073863636,0.897727273,0.198863636,24.29545455,0.164772727,0.215909091,48994,176,0.666527032,0.946236559,0.739495798,1,46.164,17.51906057,13.06012437,-8.920990353,451.0965909,614.9545455,0.327586207,1,792,0,0,0,0
930216,780,0.471428571,0.271428571,0.471428571,0.071428571,0.014285714,0.114285714,2.628571429,2.228571429,0.085714286,0.757142857,0.057142857,0.1,3.8,0.4,0.171428571,0.328571429,0.028571429,0.028571429,0.428571429,0.014285714,0.557142857,0.371428571,11.5,0.285714286,0.642857143,0.728571429,0.185714286,24.1,0.1,0.257142857,49057,70,0.836787823,0.886075949,0.648148148,1,31.749,13.3416711,7.3049291,-29.49932948,519.7,615.2714286,0.923076923,2,774,795,0,0,0
930216,781,0.452991453,0.188034188,0.521367521,0.076923077,0.068376068,0.034188034,3.017094017,1.871794872,0.085470085,0.367521368,0.042735043,0.170940171,7.64957265,0.256410256,0.247863248,0.35042735,0.051282051,0.102564103,0.717948718,0.017094017,0.487179487,0.128205128,1.145299145,0.341880342,0.641025641,0.632478632,0.076923077,21.20512821,0.145299145,0.230769231,49120,117,0.538668587,0.936,0.642857143,1,37.861,13.51779024,11.38897817,33.41413818,587.5555556,618.3418803,0,0,0,0,0,0,0
930216,782,0.222222222,0.333333333,0.767676768,0.090909091,0.050505051,0.080808081,4.090909091,1.858585859,0.060606061,0.505050505,0.03030303,0.181818182,2.848484848,0.313131313,0.181818182,0.313131313,0.111111111,0.111111111,0.696969697,0,0.545454545,0.262626263,2.262626263,0.323232323,1.04040404,0.626262626,0.121212121,19.71717172,0.121212121,0.151515152,49183,99,0.622978351,0.961165049,0.6875,1,33.453,12.79223603,10.00658692,55.72293799,173.7979798,619.6060606,0.465116279,2,790,807,0,0,0
930216,783,0.52173913,0.182608696,0.652173913,0.147826087,0.017391304,0.139130435,4.339130435,1.956521739,0.052173913,0.347826087,0.008695652,0.086956522,3.069565217,0.356521739,0.139130435,0.486956522,0.034782609,0.069565217,0.6,0.043478261,0.495652174,0.269565217,8.086956522,0.173913043,1.382608696,0.791304348,0.147826087,21.60869565,0.12173913,0.295652174,49246,115,0.391483814,0.942622951,0.680473373,1,36.546,12.81828903,11.79519722,-38.25427471,770,619.1391304,0.333333333,1,777,0,0,0,0
930216,784,0.349315068,0.184931507,0.417808219,0.116438356,0.054794521,0.116438356,2.383561644,1.808219178,0.116438356,0.301369863,0.04109589,0.068493151,2.623287671,0.308219178,0.109589041,0.260273973,0.075342466,0.061643836,0.452054795,0.02739726,0.349315068,0.280821918,8.452054795,0.253424658,0.589041096,0.643835616,0.143835616,18.89041096,0.068493151,0.143835616,49308,146,0.650132459,0.960526316,0.744897959,1,41.483,15.75853901,11.97366714,35.08083898,258.7191781,621.0616438,0,0,0,0,0,0,0
930216,785,0.569444444,0.236111111,0.458333333,0.083333333,0.013888889,0.152777778,2.458333333,2.138888889,0.125,0.388888889,0.083333333,0.083333333,8.180555556,0.527777778,0.111111111,0.263888889,0.069444444,0.041666667,0.680555556,0.055555556,0.361111111,0.194444444,1.888888889,0.208333333,1.055555556,0.847222222,0.097222222,29.41666667,0.125,0.263888889,49371,72,0.476666498,0.923076923,0.595041322,1,29.715,10.58300779,9.303355052,-33.77345715,413.3611111,620.0416667,0.487179487,1,794,0,0,0,0
930216,786,0.38,0.28,0.526666667,0.073333333,0.033333333,0.086666667,4.373333333,1.613333333,0.086666667,0.366666667,0.04,0.08,5.506666667,0.506666667,0.16,0.406666667,0.1,0.08,0.466666667,0.033333333,0.4,0.226666667,1.926666667,0.18,0.686666667,0.746666667,0.2,25.28,0.113333333,0.233333333,49434,150,0.833791393,0.943396226,0.588235294,1,44.891,19.06656311,10.52626102,56.18545073,31.86,623.88,0.483333333,2,804,806,0,0,0
930216,787,0.556603774,0.301886792,0.698113208,0.08490566,0.037735849,0.075471698,3.235849057,2.273584906,0.066037736,0.669811321,0.047169811,0.113207547,4.311320755,0.386792453,0.29245283,0.481132075,0.122641509,0.122641509,0.877358491,0.018867925,0.632075472,0.141509434,1.245283019,0.41509434,0.669811321,0.745283019,0.188679245,21.5,0.20754717,0.283018868,49497,106,0.791283602,0.929824561,0.706666667,1,36.711,15.03980271,9.196077021,18.58398121,342.5283019,621.3113208,0,0,0,0,0,0,0
930216,788,0.214285714,0.204081633,1.071428571,0.091836735,0.030612245,0.112244898,0.867346939,1.704081633,0.06122449,0.43877551,0.051020408,0.06122449,1.948979592,0.387755102,0.040816327,0.255102041,0.06122449,0.06122449,0.448979592,0.040816327,0.479591837,0.285714286,4.12244898,0.306122449,0.234693878,0.673469388,0.12244898,16.01020408,0.081632653,0.153061224,49560,98,0.629118784,0.933333333,0.636363636,1,34.404,12.79495831,9.945638505,-0.777919585,388.4897959,621.8877551,0,0,0,0,0,0,0
930216,789,0.587155963,0.28440367,0.678899083,0.110091743,0.027522936,0.091743119,4.559633028,1.697247706,0.064220183,0.596330275,0.064220183,0.082568807,3.330275229,0.330275229,0.137614679,0.275229358,0.128440367,0.055045872,0.47706422,0.009174312,0.467889908,0.229357798,3.467889908,0.357798165,1.137614679,0.733944954,0.174311927,20.86238532,0.146788991,0.220183486,49623,109,0.77665949,0.900826446,0.619318182,1,38.043,15.10247753,9.513362594,5.726568489,787.9266055,620.7431193,0.382978723,1,799,0,0,0,0
930216,790,0.352941176,0.205882353,0.647058824,0.039215686,0.029411765,0.009803922,2.852941176,2.225490196,0.049019608,0.431372549,0.098039216,0.078431373,2.078431373,0.5,0.156862745,0.421568627,0.098039216,0.156862745,0.460784314,0.029411765,0.647058824,0.284313725,2.950980392,0.215686275,0.852941176,0.901960784,0.176470588,22.19607843,0.068627451,0.274509804,49686,102,0.566208369,0.935779817,0.653846154,1,34.76,12.75273046,10.51159296,52.3612012,182.2647059,623.3235294,0.688888889,4,772,776,782,807,0
930216,791,0.520547945,0.219178082,0.465753425,0.136986301,0.02739726,0.164383562,2.739726027,1.657534247,0.082191781,0.397260274,0.068493151,0.01369863,4.136986301,0.342465753,0.054794521,0.383561644,0.02739726,0.082191781,0.438356164,0.01369863,0.342465753,0.273972603,2.205479452,0.273972603,0.726027397,0.643835616,0.150684932,24.31506849,0.150684932,0.232876712,49749,73,0.681739626,0.9125,0.608333333,1,30.914,11.79211407,8.627050382,-15.19930263,281.5479452,622.6849315,0.605263158,2,800,805,0,0,0
930216,792,0.344262295,0.286885246,1,0.106557377,0.032786885,0.131147541,2.975409836,2.385245902,0.06557377,0.327868852,0.040983607,0.147540984,4.729508197,0.426229508,0.172131148,0.37704918,0.049180328,0.155737705,0.81147541,0.008196721,0.524590164,0.237704918,2.909836066,0.327868852,0.737704918,0.721311475,0.163934426,24.90163934,0.245901639,0.368852459,49812,122,0.450962425,0.953125,0.721893491,1,37.373,13.33969308,11.90624881,-16.45842119,445.6803279,624.6147541,0.404255319,1,779,0,0,0,0
930216,793,0.524752475,0.178217822,0.524752475,0.089108911,0.01980198,0.128712871,3.851485149,1.98019802,0.069306931,0.326732673,0.089108911,0.03960396,3.485148515,0.435643564,0.178217822,0.366336634,0.069306931,0.227722772,0.475247525,0,0.475247525,0.425742574,12.17821782,0.287128713,0.95049505,0.762376238,0.148514851,20.31683168,0.079207921,0.207920792,49875,101,0.70167816,0.952830189,0.706293706,1,33.734,13.53093912,9.640713506,30.78014279,698.7623762,623.7425743,0,0,0,0,0,0,0
930216,794,0.441558442,0.155844156,0.402597403,0.064935065,0.025974026,0.103896104,2.831168831,1.987012987,0.090909091,0.272727273,0.116883117,0.051948052,6.974025974,0.545454545,0.155844156,0.38961039,0.051948052,0.064935065,0.649350649,0.025974026,0.376623377,0.246753247,3.454545455,0.103896104,1.220779221,0.584415584,0.090909091,30.64935065,0.12987013,0.207792208,49937,77,0.736218212,0.905882353,0.658119658,1,33.056,12.91987234,8.743448974,-7.066201831,408.2467532,625.6233766,0.829268293,2,785,809,0,0,0
930216,795,0.418181818,0.436363636,0.654545455,0.063636364,0.045454545,0.118181818,3.8,1.790909091,0.063636364,0.490909091,0.063636364,0.118181818,3.318181818,0.445454545,0.118181818,0.172727273,0.1,0.054545455,0.445454545,0.018181818,0.545454545,0.463636364,14.84545455,0.263636364,1.1,0.490909091,0.154545455,20.64545455,0.209090909,0.2,50000,110,0.340496528,0.846153846,0.56122449,1,41.69,13.11038871,12.32698757,-67.85352694,522.0090909,624.1636364,0.68627451,3,774,780,801,0,0
930216,796,0.291970803,0.350364964,0.817518248,0.072992701,0.072992701,0.109489051,1.467153285,1.591240876,0.072992701,0.394160584,0.051094891,0.087591241,2.372262774,0.328467153,0.087591241,0.313868613,0.094890511,0.065693431,0.489051095,0.02919708,0.401459854,0.321167883,9.708029197,0.218978102,0.357664234,0.540145985,0.124087591,18.66423358,0.087591241,0.299270073,50063,137,0.866864115,0.913333333,0.570833333,1,44.146,18.97693696,9.460847326,-51.17249146,543.3211679,624.0729927,0,0,0,0,0,0,0
930216,797,0.442307692,0.346153846,0.682692308,0.144230769,0.019230769,0.125,2.057692308,2.182692308,0.057692308,0.375,0.048076923,0.134615385,2.105769231,0.384615385,0.144230769,0.346153846,0.057692308,0.057692308,0.673076923,0.009615385,0.567307692,0.269230769,9.673076923,0.394230769,0.846153846,0.846153846,0.115384615,21.86538462,0.115384615,0.336538462,50126,104,0.44474959,0.962962963,0.722222222,1,33.18,12.22020185,10.94508437,45,681.5,626.5,0,0,0,0,0,0,0
930216,798,0.363636364,0.204545455,0.568181818,0.045454545,0.068181818,0.113636364,1.772727273,2.75,0.090909091,0.363636364,0.045454545,0.136363636,4.272727273,0.431818182,0.136363636,0.477272727,0.045454545,0.022727273,0.772727273,0,0.454545455,0.272727273,2.181818182,0.295454545,0.5,0.727272727,0.113636364,21.25,0.113636364,0.159090909,50189,44,0.441194387,0.936170213,0.611111111,1,22.214,8.14883934,7.312862648,-45.01831706,495.2045455,625.1363636,0.821428571,3,802,803,810,0,0
930216,799,0.58974359,0.358974359,0.5,0.064102564,0.025641026,0.08974359,4.333333333,1.807692308,0.08974359,0.5,0.051282051,0.08974359,4.038461538,0.346153846,0.166666667,0.294871795,0.179487179,0.025641026,0.448717949,0.025641026,0.461538462,0.294871795,8.58974359,0.282051282,1.397435897,0.666666667,0.025641026,19.92307692,0.115384615,0.243589744,50252,78,0.707376963,0.896551724,0.65,1,31.468,12.14301712,8.583127676,-6.874482286,782.8974359,627.7179487,0.486486486,1,789,0,0,0,0
930216,800,0.367924528,0.169811321,0.547169811,0.047169811,0.028301887,0.047169811,2.160377358,1.735849057,0,0.481132075,0.047169811,0.08490566,4.103773585,0.320754717,0.066037736,0.29245283,0.018867925,0.047169811,0.443396226,0.009433962,0.405660377,0.264150943,2.08490566,0.245283019,0.858490566,0.716981132,0.132075472,24.70754717,0.245283019,0.198113208,50315,106,0.637840136,0.913793103,0.741258741,1,36.984,13.56911016,10.45050512,-85.14071956,278.4528302,630.8773585,0.644444444,2,791,805,0,0,0
930216,801,0.476190476,0.261904762,0.916666667,0.047619048,0.011904762,0.107142857,4.380952381,2.071428571,0.083333333,0.488095238,0.071428571,0.095238095,5.702380952,0.416666667,0.19047619,0.392857143,0.083333333,0.047619048,0.630952381,0.023809524,0.511904762,0.369047619,8.071428571,0.297619048,0.726190476,0.547619048,0.119047619,25.64285714,0.154761905,0.19047619,50378,84,0.670569148,0.965517241,0.7,1,31.84,12.43001249,9.221167869,-73.45423805,514.5119048,627.4285714,0.525,1,795,0,0,0,0
930216,802,0.493506494,0.285714286,0.441558442,0.155844156,0.025974026,0.025974026,2.519480519,2.467532468,0.090909091,0.415584416,0.103896104,0.12987013,2.246753247,0.272727273,0.051948052,0.25974026,0.051948052,0.077922078,0.415584416,0,0.571428571,0.194805195,3.974025974,0.207792208,0.532467532,0.753246753,0.168831169,20.66233766,0.116883117,0.272727273,50441,77,0.530198141,0.950617284,0.583333333,1,31.03,10.93791619,9.273972245,51.38807237,488.5974026,629.3896104,0.641025641,3,798,803,810,0,0
930216,803,0.416666667,0.15,0.883333333,0.083333333,0.066666667,0.116666667,2.516666667,2.283333333,0.033333333,0.283333333,0.05,0.066666667,2.366666667,0.3,0.1,0.366666667,0.033333333,0.066666667,0.366666667,0,0.4,0.333333333,3.233333333,0.25,0.383333333,0.566666667,0.133333333,20.93333333,0.266666667,0.266666667,50503,60,0.638345869,0.882352941,0.606060606,1,27.73,10.25945031,7.897208467,-78.19839966,500.8,629.6833333,0.705882353,3,798,802,810,0,0
930216,804,0.494444444,0.25,0.438888889,0.05,0.055555556,0.066666667,2.666666667,1.722222222,0.055555556,0.35,0.083333333,0.061111111,3.016666667,0.455555556,0.2,0.361111111,0.111111111,0.083333333,0.455555556,0.005555556,0.416666667,0.216666667,5.305555556,0.233333333,0.688888889,0.788888889,0.15,19.98888889,0.111111111,0.205555556,50566,180,0.743566937,0.927835052,0.631578947,1,48.447,18.87362866,12.62006898,23.54112482,42.18333333,630.4333333,0.523809524,2,786,811,0,0,0
930216,805,0.632075472,0.141509434,0.424528302,0.047169811,0.08490566,0.075471698,4.047169811,1.603773585,0.037735849,0.424528302,0.08490566,0.08490566,2.801886792,0.377358491,0.075471698,0.367924528,0.113207547,0.047169811,0.330188679,0.009433962,0.528301887,0.198113208,9.5,0.188679245,1.405660377,0.849056604,0.150943396,22.28301887,0.20754717,0.216981132,50629,106,0.771167922,0.946428571,0.630952381,1,36.174,14.71114579,9.365583081,57.45345222,288.0943396,630.8679245,0.608695652,3,791,800,816,0,0
930216,806,0.570469799,0.295302013,0.44295302,0.134228188,0.033557047,0.134228188,2.946308725,1.946308725,0.073825503,0.429530201,0.046979866,0.080536913,2.791946309,0.33557047,0.060402685,0.322147651,0.053691275,0.040268456,0.436241611,0.006711409,0.422818792,0.281879195,7.657718121,0.322147651,0.718120805,0.791946309,0.127516779,19.79865772,0.147651007,0.187919463,50692,149,0.651046854,0.943037975,0.662222222,1,42.641,16.11493881,12.23184359,-39.39542934,18.11409396,628.3087248,0.214285714,1,786,0,0,0,0
930216,807,0.383838384,0.303030303,0.636363636,0.151515152,0.060606061,0.060606061,2.808080808,2.090909091,0.060606061,0.484848485,0.070707071,0.101010101,2.262626263,0.393939394,0.141414141,0.343434343,0.04040404,0.070707071,0.505050505,0,0.606060606,0.303030303,8.838383838,0.383838384,0.787878788,0.626262626,0.131313131,21.04040404,0.181818182,0.242424242,50755,99,0.517215224,0.970588235,0.75,1,32.692,12.21636088,10.45543804,-60.24441365,175.010101,631.5656566,0.666666667,3,782,790,819,0,0
930216,808,0.486238532,0.266055046,0.541284404,0.036697248,0.04587156,0.146788991,2.788990826,1.871559633,0.055045872,0.495412844,0.064220183,0.073394495,2.614678899,0.339449541,0.23853211,0.422018349,0.036697248,0.064220183,0.688073394,0,0.394495413,0.19266055,1.697247706,0.293577982,0.614678899,0.541284404,0.229357798,20.43119266,0.146788991,0.137614679,50818,109,0.594822143,0.956140351,0.762237762,1,34.751,13.21089712,10.61967658,-14.51844232,566.1192661,631.146789,0.090909091,1,823,0,0,0,0
930216,809,0.516853933,0.224719101,0.741573034,0.056179775,0.06741573,0.08988764,2.202247191,1.764044944,0.112359551,0.337078652,0.033707865,0.123595506,6.539325843,0.460674157,0.258426966,0.528089888,0.168539326,0.056179775,0.606741573,0.011235955,0.617977528,0.269662921,1.505617978,0.280898876,0.730337079,0.674157303,0.101123596,28.30337079,0.134831461,0.471910112,50881,89,0.667143474,0.946808511,0.741666667,1,31.749,12.48313556,9.299052792,22.04924243,407.6179775,633.0224719,0.425,1,794,0,0,0,0
930216,810,0.305263158,0.2,0.568421053,0.052631579,0.010526316,0.094736842,3.684210526,2.431578947,0.084210526,0.431578947,0.063157895,0.105263158,2.905263158,0.273684211,0.105263158,0.357894737,0.115789474,0.052631579,0.589473684,0.010526316,0.389473684,0.252631579,2.505263158,0.221052632,0.884210526,0.694736842,0.2,19.98947368,0.2,0.147368421,50944,95,0.572608763,0.931372549,0.608974359,1,34.214,12.41123221,10.17508518,-36.30979026,495.6526316,635.8210526,0.644444444,3,798,802,803,0,0
930216,811,0.517241379,0.224137931,0.586206897,0.103448276,0.068965517,0.060344828,2.120689655,2.198275862,0.112068966,0.379310345,0.086206897,0.103448276,3.034482759,0.405172414,0.267241379,0.275862069,0.043103448,0.060344828,0.698275862,0.017241379,0.517241379,0.413793103,12.8362069,0.267241379,0.818965517,0.706896552,0.189655172,21.67241379,0.103448276,0.163793103,51007,116,0.622857623,0.935483871,0.686390533,1,37.472,13.98951307,10.94448864,40.6088743,43,641.9051724,0.354166667,1,804,0,0,0,0
930216,812,0.435897436,0.217948718,0.858974359,0.166666667,0.012820513,0.051282051,4.474358974,2.179487179,0.153846154,0.397435897,0.115384615,0.025641026,5.769230769,0.448717949,0.102564103,0.294871795,0.064102564,0.025641026,0.782051282,0.064102564,0.525641026,0.320512821,4.217948718,0.384615385,0.705128205,0.679487179,0.217948718,25.28205128,0.08974359,0.282051282,51070,78,0.801202213,0.917647059,0.65,1,32.8,13.22550617,7.914059496,64.85587803,454.6538462,638.4615385,0.658536585,2,813,818,0,0,0
930216,813,0.466666667,0.177777778,0.588888889,0.177777778,0.1,0.055555556,4.822222222,1.311111111,0.033333333,0.488888889,0.066666667,0.066666667,1.6,0.377777778,0.088888889,0.311111111,0.122222222,0.033333333,0.411111111,0.033333333,0.322222222,0.255555556,11.03333333,0.311111111,0.411111111,0.477777778,0.155555556,22.76666667,0.133333333,0.366666667,51132,90,0.69854638,0.909090909,0.692307692,1,33.916,12.84096022,9.188538884,-78.36524305,463.1555556,636.4,0.536585366,2,812,818,0,0,0
930216,814,0.319587629,0.195876289,0.381443299,0.06185567,0.051546392,0.113402062,2.670103093,1.721649485,0.030927835,0.360824742,0.041237113,0.06185567,2.443298969,0.453608247,0.505154639,0.257731959,0.06185567,0.164948454,0.649484536,0,0.329896907,0.257731959,5.690721649,0.195876289,0.597938144,0.639175258,0.082474227,16.07216495,0.12371134,0.144329897,51195,97,0.747950576,0.889908257,0.62987013,1,35.504,14.05661873,9.330142878,-74.17436356,231.4123711,639.9793814,0.409090909,2,815,833,0,0,0
930216,815,0.453488372,0.174418605,0.627906977,0.069767442,0.058139535,0.034883721,3.581395349,2.023255814,0.11627907,0.465116279,0.11627907,0.069767442,3.069767442,0.453488372,0.162790698,0.360465116,0.081395349,0.139534884,0.744186047,0.011627907,0.523255814,0.162790698,1.651162791,0.372093023,0.697674419,0.651162791,0.139534884,21.1627907,0.151162791,0.127906977,51258,86,0.621208228,0.988505747,0.716666667,1,31.65,12.04396366,9.438198441,12.66208177,223.1046512,642.372093,0.710526316,2,814,833,0,0,0
930216,816,0.387755102,0.295918367,0.520408163,0.137755102,0.045918367,0.096938776,4.107142857,1.653061224,0.066326531,0.617346939,0.06122449,0.030612245,4.010204082,0.321428571,0.301020408,0.428571429,0.076530612,0.066326531,0.489795918,0.010204082,0.515306122,0.392857143,9.173469388,0.316326531,0.816326531,0.647959184,0.12244898,23.36734694,0.112244898,0.147959184,51321,196,0.861978862,0.796747967,0.515789474,1,60.331,24.05552021,12.19480693,-62.27717517,295.2346939,646.1326531,0.486842105,2,805,817,0,0,0
930216,817,0.444444444,0.219135802,0.586419753,0.12962963,0.040123457,0.089506173,4.351851852,1.728395062,0.101851852,0.49691358,0.049382716,0.104938272,2.614197531,0.345679012,0.148148148,0.391975309,0.089506173,0.074074074,0.540123457,0.018518519,0.527777778,0.299382716,3.904320988,0.271604938,1.012345679,0.657407407,0.188271605,22.13271605,0.101851852,0.237654321,51384,324,0.531291306,0.882833787,0.640316206,1,70.239,22.86109959,19.36767677,-53.64275829,307.9382716,642.4104938,0.348314607,1,816,0,0,0,0
930216,818,0.346153846,0.243589744,0.833333333,0.102564103,0.025641026,0.051282051,5.230769231,1.91025641,0.153846154,0.487179487,0.064102564,0.051282051,2.641025641,0.282051282,0.282051282,0.41025641,0.038461538,0.102564103,0.525641026,0,0.538461538,0.333333333,4.461538462,0.333333333,0.628205128,0.871794872,0.371794872,28.47435897,0.115384615,0.243589744,51447,78,0.912966629,0.75,0.443181818,1,39.325,17.45796386,7.123446861,17.9074999,457.3717949,645.1153846,0.979166667,3,812,813,827,0,0
930216,819,0.393162393,0.205128205,0.974358974,0.042735043,0,0.085470085,1.666666667,1.854700855,0.094017094,0.478632479,0.068376068,0.145299145,2.094017094,0.35042735,0.102564103,0.418803419,0.085470085,0.094017094,0.384615385,0.034188034,0.427350427,0.230769231,3.803418803,0.307692308,0.341880342,0.820512821,0.111111111,26.42735043,0.170940171,0.273504274,51510,117,0.728604468,0.943548387,0.65,1,37.952,14.94800103,10.23840444,31.30742438,175.982906,643.4529915,0.208333333,1,807,0,0,0,0
930216,820,0.446666667,0.153333333,0.893333333,0.06,0.04,0.08,3.613333333,1.92,0.073333333,0.453333333,0.053333333,0.033333333,3.053333333,0.553333333,0.193333333,0.4,0.073333333,0.086666667,0.393333333,0.006666667,0.38,0.246666667,5.266666667,0.2,1.173333333,0.72,0.12,19.41333333,0.153333333,0.2,51573,150,0.59304351,0.887573964,0.625,1,46.718,15.97906532,12.86587064,-56.70289788,708.8866667,641.9,0.5,2,822,832,0,0,0
930216,821,0.625,0.306818182,0.681818182,0.113636364,0.056818182,0.090909091,2.681818182,2.397727273,0.045454545,0.556818182,0.034090909,0.079545455,6.295454545,0.454545455,0.5,0.352272727,0.079545455,0.090909091,0.511363636,0.034090909,0.443181818,0.238636364,3.409090909,0.329545455,0.397727273,0.647727273,0.102272727,19.65909091,0.113636364,0.284090909,51636,88,0.556202617,0.916666667,0.666666667,1,32.419,11.97124207,9.948661448,-3.522765463,115.0227273,644.0227273,0.428571429,1,830,0,0,0,0
930216,822,0.27027027,0.148648649,1.297297297,0.054054054,0.027027027,0.081081081,1.351351351,1.594594595,0.054054054,0.378378378,0.054054054,0.027027027,4.72972973,0.337837838,0.081081081,0.283783784,0.054054054,0.081081081,0.378378378,0,0.27027027,0.256756757,5.594594595,0.162162162,0.351351351,0.621621622,0.121621622,16.91891892,0.108108108,0.081081081,51698,74,0.739568006,0.860465116,0.587301587,1,33.246,12.24738867,8.24349491,88.64664721,699.9054054,644.1486486,0.9,4,820,832,835,840,0
930216,823,0.4875,0.1125,0.575,0.0375,0.0125,0.0875,4.525,1.7875,0.1,0.375,0.0625,0.075,6.9375,0.25,0.575,0.3,0.025,0.0375,0.3625,0,0.2625,0.2,2.45,0.2625,1.125,0.8,0.15,21.8125,0.075,0.3,51761,80,0.48505593,0.91954023,0.666666667,1,31.559,11.09292529,9.700576028,48.38454467,567.5625,643.375,0.868421053,4,808,824,828,831,0
930216,824,0.267857143,0.303571429,0.660714286,0.035714286,0,0.017857143,4.928571429,2.053571429,0.125,0.446428571,0.035714286,0.214285714,5.25,0.339285714,0.285714286,0.517857143,0.142857143,0.053571429,0.625,0.053571429,0.535714286,0.089285714,1.571428571,0.196428571,0.946428571,0.714285714,0.196428571,24.30357143,0.125,0.267857143,51824,56,0.866282615,0.918032787,0.583333333,1,26.903,12.18993289,6.089532562,69.27880132,573.5178571,646.6607143,1,3,823,829,831,0,0
930216,825,0.45631068,0.330097087,0.631067961,0.048543689,0.058252427,0.058252427,3.300970874,1.660194175,0.087378641,0.300970874,0.038834951,0.067961165,3.291262136,0.504854369,0.155339806,0.252427184,0.116504854,0.077669903,0.514563107,0,0.466019417,0.252427184,12.94174757,0.281553398,0.912621359,0.54368932,0.097087379,18.22330097,0.077669903,0.223300971,51887,103,0.546485692,0.944954128,0.72027972,1,34.561,12.59748232,10.54999388,75.04908705,727.3786408,647.7961165,0,0,0,0,0,0,0
930216,826,0.308823529,0.352941176,0.654411765,0.080882353,0.029411765,0.117647059,3.198529412,1.705882353,0.051470588,0.330882353,0.058823529,0.125,2.485294118,0.404411765,0.125,0.25,0.036764706,0.036764706,0.720588235,0.014705882,0.448529412,0.220588235,2.5,0.316176471,1.102941176,0.477941176,0.161764706,21.76470588,0.176470588,0.294117647,51950,136,0.718602854,0.937931034,0.653846154,1,40.772,15.98125921,11.11369833,17.18014125,268.1764706,647.3897059,0,0,0,0,0,0,0
930216,827,0.515151515,0.227272727,0.924242424,0.151515152,0.045454545,0.060606061,3.227272727,2.727272727,0.090909091,0.393939394,0.015151515,0.045454545,4.045454545,0.378787879,0.227272727,0.5,0.045454545,0.090909091,0.954545455,0.015151515,0.515151515,0.272727273,1.696969697,0.424242424,0.818181818,0.727272727,0.242424242,25.10606061,0.151515152,0.212121212,52013,66,0.82548643,0.942857143,0.6875,1,28.656,12.42031868,7.010300676,22.72650558,459.2424242,649.969697,0.75,3,818,845,851,0,0
930216,828,0.285714286,0.194805195,0.493506494,0.051948052,0.025974026,0.064935065,3.324675325,1.961038961,0.090909091,0.324675325,0.103896104,0.142857143,5.883116883,0.311688312,0.233766234,0.415584416,0.207792208,0.012987013,0.350649351,0.012987013,0.545454545,0.220779221,1.753246753,0.246753247,0.883116883,0.597402597,0.181818182,23,0.12987013,0.337662338,52076,77,0.679920837,0.93902439,0.641666667,1,30.459,11.85481722,8.692965814,71.02431073,559.7532468,648.5714286,0.564102564,2,823,831,0,0,0
930216,829,0.367816092,0.310344828,0.609195402,0.068965517,0.057471264,0.126436782,2.712643678,2.034482759,0.057471264,0.367816092,0.034482759,0.091954023,2.310344828,0.425287356,0.206896552,0.356321839,0.034482759,0.091954023,0.528735632,0.022988506,0.436781609,0.195402299,2.356321839,0.149425287,0.827586207,0.551724138,0.091954023,19.56321839,0.195402299,0.183908046,52139,87,0.728383026,0.925531915,0.659090909,1,32.419,12.90068738,8.839166215,62.16955671,579.3678161,649.8505747,0.414634146,2,824,831,0,0,0
930216,830,0.5,0.325,0.625,0.1375,0.0625,0.0625,2.625,1.9625,0.0875,0.6125,0.0375,0.1375,3.2125,0.4125,0.7125,0.35,0.05,0.2125,0.4625,0,0.475,0.1375,1.0625,0.2375,0.375,0.825,0.15,16.1125,0.1,0.175,52202,80,0.523069345,0.91954023,0.661157025,1,31.005,11.140229,9.494707187,32.97999239,111.325,651.7125,0.432432432,1,821,0,0,0,0
930216,831,0.448275862,0.25862069,0.655172414,0.103448276,0.051724138,0.034482759,4.465517241,2.293103448,0.103448276,0.5,0.086206897,0.068965517,4.637931034,0.551724138,0.120689655,0.431034483,0.034482759,0.051724138,0.568965517,0,0.637931034,0.293103448,1.948275862,0.362068966,1.034482759,0.637931034,0.103448276,23.39655172,0.068965517,0.206896552,52264,58,0.683985083,0.920634921,0.659090909,1,26.878,10.41301595,7.596253433,30.06126033,566.2241379,652.5172414,0.757575758,4,823,824,828,829,0
930216,832,0.592592593,0.222222222,0.777777778,0.086419753,0.012345679,0.061728395,2.543209877,2.358024691,0.086419753,0.456790123,0.012345679,0.086419753,5.567901235,0.419753086,0.197530864,0.358024691,0.049382716,0.061728395,0.654320988,0,0.407407407,0.345679012,2.790123457,0.333333333,0.839506173,0.925925926,0.222222222,25.7037037,0.111111111,0.197530864,52327,81,0.679498344,0.931034483,0.75,1,31.352,12.10231079,8.879187573,15.94750102,704.7037037,652.1481481,1,5,820,822,840,850,853
930216,833,0.201257862,0.213836478,0.767295597,0.037735849,0.025157233,0.044025157,1.308176101,1.490566038,0.06918239,0.289308176,0.050314465,0.044025157,2.106918239,0.283018868,0.088050314,0.295597484,0.050314465,0.050314465,0.427672956,0.012578616,0.314465409,0.194968553,3.226415094,0.157232704,0.333333333,0.490566038,0.125786164,16.06289308,0.125786164,0.119496855,52390,159,0.484903546,0.963636364,0.757142857,1,43.443,15.5220294,13.57506457,-70.16974475,222.9685535,652.9308176,0.296296296,2,814,815,0,0,0
930216,834,0.453846154,0.246153846,0.507692308,0.076923077,0.053846154,0.1,4.738461538,2.015384615,0.084615385,0.546153846,0.038461538,0.084615385,5.207692308,0.323076923,0.223076923,0.207692308,0.046153846,0.038461538,0.469230769,0.015384615,0.546153846,0.261538462,2.376923077,0.3,1.438461538,0.761538462,0.130769231,22.77692308,0.153846154,0.253846154,52453,130,0.776448671,0.948905109,0.677083333,1,40.466,16.33435937,10.29359474,33.31375991,775.3307692,654.4615385,0,0,0,0,0,0,0
930216,837,0.316384181,0.401129944,0.615819209,0.11299435,0.033898305,0.084745763,2.93220339,2.248587571,0.050847458,0.570621469,0.06779661,0.079096045,2.649717514,0.463276836,0.13559322,0.468926554,0.050847458,0.050847458,0.870056497,0.011299435,0.649717514,0.389830508,10.81920904,0.440677966,0.853107345,0.677966102,0.129943503,25.72881356,0.101694915,0.203389831,52642,177,0.781967621,0.951612903,0.665413534,1,47.694,19.20433827,11.97042991,24.64822265,61.87570621,656.0621469,0.245901639,1,841,0,0,0,0
930216,838,0.322033898,0.13559322,0.372881356,0.06779661,0.050847458,0.06779661,5.576271186,2.101694915,0.101694915,0.491525424,0.084745763,0.016949153,2.271186441,0.355932203,0.118644068,0.355932203,0.084745763,0.033898305,0.542372881,0.016949153,0.372881356,0.288135593,1.830508475,0.203389831,2.06779661,0.881355932,0.06779661,25.27118644,0.220338983,0.203389831,52705,59,0.789261499,0.921875,0.595959596,1,27.267,11.28884387,6.931996241,-34.57365671,184.4915254,654.559322,0.617647059,1,842,0,0,0,0
930216,839,0.417989418,0.238095238,0.613756614,0.079365079,0.037037037,0.063492063,3.164021164,2.328042328,0.084656085,0.698412698,0.068783069,0.079365079,7.761904762,0.513227513,0.227513228,0.412698413,0.105820106,0.100529101,0.703703704,0.005291005,0.671957672,0.195767196,2.486772487,0.412698413,1.195767196,0.947089947,0.17989418,26.42857143,0.137566138,0.253968254,52768,189,0.709151562,0.940298507,0.653979239,1,49.191,18.67155711,13.16449468,40.62100936,324.7142857,657.4920635,0,0,0,0,0,0,0
930216,840,0.65060241,0.120481928,0.542168675,0.060240964,0.072289157,0.048192771,3.915662651,1.86746988,0.156626506,0.313253012,0.072289157,0.036144578,11.8313253,0.469879518,0.096385542,0.457831325,0.120481928,0.084337349,0.686746988,0.012048193,0.34939759,0.361445783,8.674698795,0.325301205,1.518072289,0.879518072,0.204819277,24.13253012,0.096385542,0.240963855,52831,83,0.884064721,0.912087912,0.532051282,1,36.141,15.60605077,7.293714005,47.79519502,693.5301205,654.3493976,1,5,822,832,835,848,853
930216,841,0.368421053,0.175438596,0.543859649,0.096491228,0,0.043859649,2.070175439,2.175438596,0.087719298,0.552631579,0.140350877,0.105263158,3.263157895,0.421052632,0.105263158,0.377192982,0.087719298,0.043859649,0.578947368,0.01754386,0.403508772,0.350877193,11.64035088,0.315789474,0.51754386,0.570175439,0.070175439,21.66666667,0.140350877,0.324561404,52893,114,0.662328833,0.957983193,0.730769231,1,35.694,13.99400624,10.48449511,55.25880187,74.49122807,657.8684211,0.347826087,1,837,0,0,0,0
930216,842,0.483146067,0.134831461,0.516853933,0.04494382,0.011235955,0.04494382,4.325842697,1.483146067,0.08988764,0.483146067,0.06741573,0.134831461,2.573033708,0.438202247,0.224719101,0.426966292,0.02247191,0.056179775,0.483146067,0.011235955,0.404494382,0.337078652,1.97752809,0.202247191,1.235955056,0.898876404,0.157303371,21.13483146,0.134831461,0.280898876,52956,89,0.672693073,0.898989899,0.618055556,1,34.462,13.01881523,9.632903079,-39.11745591,181.3258427,660.247191,0.488372093,1,838,0,0,0,0
930216,844,0.352564103,0.141025641,0.58974359,0.08974359,0.070512821,0.064102564,2.948717949,2.019230769,0.032051282,0.314102564,0.032051282,0.083333333,2.666666667,0.307692308,0.224358974,0.326923077,0.070512821,0.057692308,0.532051282,0.032051282,0.391025641,0.192307692,1.807692308,0.352564103,0.717948718,0.634615385,0.102564103,21.21153846,0.128205128,0.211538462,53082,156,0.679803801,0.945454545,0.75,1,43.377,16.62766084,12.19462706,68.96860279,205.0641026,658.4294872,0,0,0,0,0,0,0
930216,845,0.736842105,0.210526316,0.807017544,0.070175439,0.035087719,0.122807018,4.789473684,3.105263158,0.087719298,0.456140351,0.122807018,0.087719298,6.421052632,0.403508772,0.315789474,0.561403509,0.070175439,0.140350877,1.157894737,0.01754386,0.754385965,0.228070175,1.315789474,0.192982456,0.719298246,0.859649123,0.122807018,27.01754386,0.087719298,0.333333333,53145,57,0.695054893,0.95,0.791666667,1,24.802,10.18033564,7.319220228,31.17558601,449.6666667,658.4210526,0.8,4,827,849,851,858,0
930216,846,0.517647059,0.182352941,0.505882353,0.047058824,0.058823529,0.023529412,3.964705882,2.064705882,0.088235294,0.505882353,0.070588235,0.105882353,2.294117647,0.505882353,0.129411765,0.335294118,0.1,0.058823529,0.388235294,0.023529412,0.452941176,0.317647059,5.776470588,0.176470588,1.141176471,0.7,0.164705882,24.82941176,0.129411765,0.205882353,53208,170,0.731164252,0.928961749,0.666666667,1,47.711,18.07363271,12.32985869,56.08615726,366.0411765,656.0176471,0,0,0,0,0,0,0
930216,847,0.138297872,0.20212766,0.531914894,0.063829787,0.053191489,0.031914894,1.340425532,1.510638298,0.127659574,0.425531915,0.031914894,0.074468085,1.638297872,0.35106383,0.117021277,0.308510638,0.053191489,0.010638298,0.308510638,0.021276596,0.478723404,0.319148936,16.54255319,0.276595745,0.234042553,0.489361702,0.053191489,15.41489362,0.106382979,0.14893617,53271,94,0.532868327,0.949494949,0.712121212,1,32.146,12.00608341,10.15952583,53.78981805,483.0744681,660.6595745,0,0,0,0,0,0,0
930216,848,0.476744186,0.337209302,0.558139535,0.034883721,0.011627907,0.093023256,2.441860465,1.965116279,0,0.5,0.023255814,0.104651163,4.627906977,0.337209302,0.11627907,0.488372093,0.093023256,0.11627907,0.581395349,0,0.453488372,0.38372093,18.6744186,0.290697674,0.790697674,0.639534884,0.104651163,22.08139535,0.081395349,0.197674419,53334,86,0.775493892,0.895833333,0.601398601,1,34.272,13.51160986,8.530623375,19.8394738,686.6976744,663.0232558,1,4,835,840,853,860,0
930216,849,0.561643836,0.273972603,0.561643836,0.068493151,0,0.068493151,3.876712329,2.150684932,0.04109589,0.232876712,0.04109589,0.02739726,4.095890411,0.493150685,0.575342466,0.452054795,0.054794521,0.109589041,0.342465753,0.054794521,0.493150685,0.205479452,4.287671233,0.342465753,1.712328767,0.835616438,0.082191781,17.10958904,0.123287671,0.246575342,53397,73,0.741944869,0.948051948,0.675925926,1,30.244,12.04546971,8.076016395,-65.10768167,441.739726,660.8493151,0.833333333,4,845,851,854,858,0
930216,850,0.348623853,0.247706422,0.486238532,0.036697248,0.036697248,0.064220183,1.52293578,1.495412844,0.036697248,0.311926606,0.027522936,0.082568807,2.788990826,0.376146789,0.110091743,0.229357798,0.04587156,0.027522936,0.449541284,0.018348624,0.376146789,0.211009174,5.963302752,0.23853211,0.357798165,0.495412844,0.146788991,16.26605505,0.082568807,0.211009174,53459,109,0.48480903,0.915966387,0.698717949,1,36.364,12.77441846,11.17276231,63.07122141,709.0275229,660.8348624,0.510638298,2,832,853,0,0,0
930216,851,0.459016393,0.245901639,0.581967213,0.147540984,0.008196721,0.057377049,4.786885246,3.024590164,0.12295082,0.573770492,0.049180328,0.057377049,3.147540984,0.803278689,0.139344262,0.483606557,0.163934426,0.081967213,0.540983607,0.016393443,0.549180328,0.295081967,3.62295082,0.303278689,1,0.93442623,0.221311475,28.52459016,0.147540984,0.270491803,53522,122,0.644813808,0.7625,0.478431373,1,48.629,15.86256036,12.12438437,28.00825748,455.2786885,663.1393443,0.68852459,4,827,845,849,858,0
930216,852,0.419642857,0.330357143,0.580357143,0.080357143,0.053571429,0.0625,4.241071429,1.946428571,0.0625,0.508928571,0.080357143,0.107142857,3.5,0.401785714,0.160714286,0.223214286,0.107142857,0.044642857,0.526785714,0,0.482142857,0.276785714,5.875,0.330357143,0.928571429,0.633928571,0.142857143,22.875,0.089285714,0.375,53585,112,0.520296151,0.957264957,0.717948718,1,35.231,12.98377436,11.08796022,66.15084846,583.1160714,664.2410714,0,0,0,0,0,0,0
930216,853,0.395833333,0.3125,0.75,0.09375,0.041666667,0.072916667,3.71875,2.59375,0.072916667,0.479166667,0.041666667,0.104166667,5.510416667,0.5625,0.177083333,0.40625,0.083333333,0.125,0.854166667,0.03125,0.427083333,0.239583333,1.947916667,0.239583333,0.854166667,0.802083333,0.239583333,24.66666667,0.145833333,0.25,53648,96,0.468446538,0.905660377,0.666666667,1,34.751,12.0265976,10.62540091,55.09865468,698.8854167,661.2395833,1,5,832,840,848,850,860
930216,854,0.396825397,0.174603175,0.793650794,0.063492063,0.047619048,0.031746032,5.142857143,2.142857143,0.079365079,0.555555556,0.031746032,0.158730159,5.888888889,0.619047619,0.396825397,0.492063492,0.031746032,0.095238095,0.682539683,0,0.492063492,0.285714286,4.174603175,0.317460317,2.031746032,0.952380952,0.142857143,25.47619048,0.206349206,0.412698413,53711,63,0.722876762,0.9,0.572727273,1,28.764,11.25780409,7.778883478,-48.20129222,436.7142857,665.031746,0.888888889,3,849,858,861,0,0
930216,855,0.416666667,0.25,0.851851852,0.037037037,0.055555556,0.055555556,1.648148148,1.694444444,0.055555556,0.351851852,0.101851852,0.027777778,2.712962963,0.342592593,0.148148148,0.175925926,0.074074074,0.027777778,0.601851852,0.009259259,0.537037037,0.37037037,12.66666667,0.342592593,0.425925926,0.435185185,0.083333333,16.99074074,0.138888889,0.175925926,53774,108,0.549617008,0.964285714,0.692307692,1,34.677,12.9232539,10.79630276,40.80132669,152.6388889,666.6296296,0.088888889,1,877,0,0,0,0
930216,856,0.382550336,0.161073826,0.469798658,0.120805369,0.073825503,0.11409396,4.422818792,1.382550336,0.10738255,0.355704698,0.10738255,0.067114094,1.758389262,0.503355705,0.127516779,0.268456376,0.120805369,0.026845638,0.436241611,0,0.496644295,0.194630872,3.100671141,0.147651007,0.375838926,0.503355705,0.127516779,22.39597315,0.127516779,0.140939597,53837,149,0.599848335,0.925465839,0.70952381,1,42.798,15.71536666,12.57408057,18.65640943,249.033557,665.5637584,0.358490566,1,866,0,0,0,0
930216,857,0.362745098,0.166666667,0.764705882,0.039215686,0.058823529,0.078431373,2.803921569,2.333333333,0.029411765,0.549019608,0.068627451,0.098039216,5.18627451,0.421568627,0.5,0.401960784,0.049019608,0.166666667,0.637254902,0.019607843,0.62745098,0.196078431,1.68627451,0.450980392,0.617647059,0.892156863,0.068627451,21.58823529,0.117647059,0.235294118,53900,102,0.710520224,0.944444444,0.653846154,1,34.495,13.71326141,9.649703648,55.63433546,415.6862745,666.5,0.044444444,1,861,0,0,0,0
930216,858,0.655737705,0.344262295,0.737704918,0.163934426,0.032786885,0.081967213,4.573770492,3,0.032786885,0.672131148,0.081967213,0.147540984,3.196721311,0.573770492,0.163934426,0.557377049,0.081967213,0.081967213,0.508196721,0,0.557377049,0.360655738,1.983606557,0.508196721,0.967213115,1.163934426,0.196721311,27.62295082,0.131147541,0.213114754,53963,61,0.464776006,0.953125,0.677777778,1,26.142,9.510721021,8.421061493,-16.99190886,449.0983607,669.1967213,0.666666667,4,845,849,851,854,0
930216,859,0.53030303,0.242424242,0.575757576,0.045454545,0.03030303,0.075757576,2.560606061,2.015151515,0.045454545,0.378787879,0.075757576,0.121212121,3.575757576,0.439393939,0.242424242,0.424242424,0.151515152,0.060606061,0.696969697,0.015151515,0.46969697,0.121212121,1.590909091,0.363636364,0.954545455,0.742424242,0.257575758,21.77272727,0.166666667,0.272727273,54025,66,0.606869887,0.929577465,0.733333333,1,26.605,10.41630584,8.278892338,-19.26245778,539.2424242,667.1666667,0.529411765,1,864,0,0,0,0
930216,860,0.473684211,0.336842105,0.673684211,0.094736842,0.052631579,0.126315789,2.810526316,2.094736842,0.052631579,0.463157895,0.063157895,0.105263158,4.968421053,0.431578947,0.115789474,0.442105263,0.052631579,0.084210526,0.778947368,0.021052632,0.315789474,0.389473684,1.863157895,0.252631579,0.463157895,0.978947368,0.126315789,20.8,0.136842105,0.326315789,54088,95,0.756897839,0.95,0.678571429,1,33.453,13.754934,8.989306219,14.68204182,692.3684211,669.3368421,0.590909091,2,848,853,0,0,0
930216,861,0.35,0.271428571,0.4,0.078571429,0.028571429,0.05,2.828571429,1.657142857,0.1,0.407142857,0.05,0.085714286,3.478571429,0.378571429,0.128571429,0.3,0.064285714,0.057142857,0.55,0,0.464285714,0.207142857,1.964285714,0.257142857,0.985714286,0.7,0.135714286,17.39285714,0.092857143,0.271428571,54151,140,0.603530116,0.979020979,0.729166667,1,40.367,15.12470543,12.0595357,-0.556870003,429.1714286,671.1214286,0.352941176,2,854,857,0,0,0
930216,862,0.526315789,0.271929825,0.868421053,0.157894737,0.043859649,0.087719298,3.166666667,2.210526316,0.096491228,0.473684211,0.087719298,0.096491228,4.043859649,0.526315789,0.140350877,0.535087719,0.035087719,0.096491228,0.692982456,0.043859649,0.701754386,0.403508772,12.37719298,0.307017544,0.675438596,0.710526316,0.166666667,24.3245614,0.096491228,0.201754386,54214,114,0.591370119,0.95,0.678571429,1,36.182,13.54486968,10.92258646,30.71424921,730.4736842,669.4210526,0,0,0,0,0,0,0
930216,863,0.404255319,0.127659574,0.585106383,0.106382979,0.031914894,0.042553191,3.14893617,2.234042553,0.074468085,0.414893617,0.095744681,0.127659574,2.904255319,0.308510638,0.20212766,0.414893617,0.053191489,0.106382979,0.585106383,0,0.510638298,0.255319149,1.35106383,0.308510638,0.553191489,0.595744681,0.127659574,20.03191489,0.095744681,0.20212766,54277,94,0.317694402,0.949494949,0.712121212,1,31.683,11.31658152,10.73030518,-18.08096215,755.5531915,671.8191489,0,0,0,0,0,0,0
930216,864,0.575221239,0.336283186,0.690265487,0.061946903,0.03539823,0.097345133,4.92920354,2.327433628,0.088495575,0.424778761,0.03539823,0.150442478,3.654867257,0.398230088,0.300884956,0.345132743,0.115044248,0.132743363,0.672566372,0.008849558,0.654867257,0.407079646,14.01769912,0.353982301,1.079646018,0.761061947,0.132743363,20.95575221,0.132743363,0.238938053,54340,113,0.81906361,0.824817518,0.538095238,1,42.335,16.77374496,9.623142994,-34.30122912,533.7964602,671.9823009,0.754716981,2,859,873,0,0,0
930216,865,0.416,0.256,0.672,0.104,0.04,0.072,3.648,2.184,0.128,0.504,0.056,0.12,3.32,0.424,0.2,0.504,0.112,0.088,0.64,0.008,0.576,0.224,2.912,0.24,1.128,0.696,0.184,23.248,0.112,0.328,54403,125,0.582961869,0.968992248,0.73964497,1,37.009,14.06558147,11.4282781,47.68988586,490.128,674.28,0,0,0,0,0,0,0
930216,866,0.369863014,0.123287671,0.315068493,0.095890411,0.04109589,0.109589041,3.397260274,1.315068493,0.109589041,0.479452055,0.068493151,0.164383562,2.698630137,0.356164384,0.054794521,0.191780822,0.054794521,0.054794521,0.465753425,0,0.328767123,0.109589041,1.315068493,0.191780822,0.561643836,0.602739726,0.136986301,15.97260274,0.04109589,0.315068493,54466,73,0.788362202,0.960526316,0.623931624,1,30.823,12.5991365,7.751132125,28.12885149,248.6712329,674.4520548,0.5,1,856,0,0,0,0
930216,867,0.268817204,0.290322581,0.569892473,0.032258065,0.032258065,0.010752688,3,1.774193548,0.053763441,0.397849462,0.096774194,0.129032258,3.430107527,0.397849462,0.150537634,0.344086022,0.086021505,0.043010753,0.548387097,0.021505376,0.494623656,0.182795699,2.322580645,0.247311828,0.580645161,0.612903226,0.139784946,19.48387097,0.129032258,0.268817204,54529,93,0.652814918,0.939393939,0.65034965,1,32.899,12.60884279,9.551418405,22.28650267,68.11827957,676.2903226,0.428571429,1,879,0,0,0,0
930216,868,0.428571429,0.25210084,0.87394958,0.058823529,0.025210084,0.033613445,2.932773109,1.74789916,0.067226891,0.470588235,0.033613445,0.117647059,4.453781513,0.43697479,0.142857143,0.294117647,0.042016807,0.042016807,0.764705882,0.042016807,0.470588235,0.327731092,3.243697479,0.218487395,0.731092437,0.731092437,0.151260504,18.59663866,0.151260504,0.168067227,54592,119,0.776395162,0.908396947,0.566666667,1,40.764,16.24819723,10.24036817,47.57765813,95.40336134,677.0084034,0.471698113,1,876,0,0,0,0
930216,869,0.496932515,0.26993865,0.496932515,0.049079755,0.036809816,0.073619632,2.828220859,1.742331288,0.024539877,0.417177914,0.055214724,0.073619632,3.515337423,0.294478528,0.380368098,0.325153374,0.098159509,0.085889571,0.613496933,0.012269939,0.490797546,0.27607362,12.91411043,0.220858896,0.613496933,0.809815951,0.128834356,21.44785276,0.147239264,0.300613497,54654,163,0.762917649,0.920903955,0.696581197,1,46.677,18.29529148,11.82782685,-9.975378016,600.0858896,676.7423313,0.442622951,3,875,880,885,0,0
930216,870,0.333333333,0.210526316,0.745614035,0.096491228,0.052631579,0.035087719,2.438596491,1.850877193,0.114035088,0.333333333,0.043859649,0.087719298,3.850877193,0.271929825,0.166666667,0.280701754,0.070175439,0.096491228,0.403508772,0.00877193,0.464912281,0.263157895,11.46491228,0.280701754,0.464912281,0.570175439,0.114035088,17.9122807,0.087719298,0.184210526,54717,114,0.388723657,0.957983193,0.730769231,1,34.958,12.62573532,11.63277671,-7.542672968,12.66666667,678.5877193,0,0,0,0,0,0,0
930216,871,0.535353535,0.252525253,0.484848485,0.03030303,0.02020202,0.070707071,2.939393939,1.444444444,0.090909091,0.383838384,0.02020202,0.04040404,2.98989899,0.313131313,0.434343434,0.303030303,0.04040404,0.070707071,0.545454545,0.01010101,0.474747475,0.303030303,16.95959596,0.292929293,1.202020202,0.646464646,0.111111111,15.01010101,0.090909091,0.212121212,54780,99,0.697847784,0.942857143,0.692307692,1,33.734,13.3717517,9.577464952,34.99266182,133.3030303,680.0707071,0.209302326,1,886,0,0,0,0
930216,872,0.409395973,0.208053691,0.55704698,0.127516779,0.013422819,0.127516779,3.033557047,1.55033557,0.080536913,0.395973154,0.060402685,0.067114094,6.879194631,0.463087248,0.322147651,0.362416107,0.040268456,0.134228188,0.818791946,0.006711409,0.436241611,0.315436242,2.946308725,0.187919463,3.865771812,0.583892617,0.140939597,18.74496644,0.100671141,0.22147651,54843,149,0.762772419,0.949044586,0.665178571,1,42.831,17.24639706,11.15267622,38.89152737,301.5838926,677.5234899,0.25,1,891,0,0,0,0
930216,873,0.569767442,0.348837209,0.569767442,0.127906977,0.058139535,0.034883721,4.11627907,1.906976744,0.069767442,0.476744186,0.081395349,0.081395349,2.779069767,0.441860465,0.11627907,0.38372093,0.046511628,0.151162791,0.639534884,0,0.523255814,0.453488372,11.8372093,0.244186047,1.360465116,0.918604651,0.127906977,23.24418605,0.279069767,0.255813953,54906,86,0.481211424,0.905263158,0.651515152,1,33.362,11.40840179,10.0006571,-45.64368757,530.0697674,679.3372093,0.5,1,864,0,0,0,0
930216,874,0.362745098,0.205882353,0.450980392,0.068627451,0,0.098039216,1.803921569,1.81372549,0.049019608,0.509803922,0.039215686,0.107843137,3.696078431,0.401960784,0.117647059,0.333333333,0.029411765,0.068627451,0.774509804,0.049019608,0.568627451,0.215686275,4.794117647,0.421568627,0.460784314,0.784313725,0.176470588,25.26470588,0.12745098,0.284313725,54969,102,0.631861713,0.962264151,0.708333333,1,34.098,13.10913381,10.16064239,45.06934967,218.2254902,679.4215686,0.431818182,1,878,0,0,0,0
930216,875,0.857142857,0.193277311,0.630252101,0.159663866,0.067226891,0.084033613,4.974789916,2.369747899,0.075630252,0.621848739,0.084033613,0.100840336,2.285714286,0.521008403,0.117647059,0.453781513,0.100840336,0.117647059,0.731092437,0,0.697478992,0.428571429,6.546218487,0.327731092,1.714285714,1.268907563,0.168067227,26.66386555,0.134453782,0.25210084,55032,119,0.402197942,0.937007874,0.653846154,1,37.489,13.02859356,11.9283645,12.15934444,615.5462185,679.5546218,0.458333333,2,869,885,0,0,0
930216,876,0.219512195,0.256097561,1.024390244,0.109756098,0.036585366,0.073170732,1.719512195,1.951219512,0.036585366,0.317073171,0.073170732,0.085365854,2.914634146,0.317073171,0.12195122,0.268292683,0.06097561,0.048780488,0.414634146,0.024390244,0.475609756,0.329268293,4.463414634,0.292682927,0.475609756,0.695121951,0.158536585,19.90243902,0.097560976,0.268292683,55095,82,0.82927987,0.921348315,0.569444444,1,34.024,13.96344405,7.803240523,42.96472565,101.097561,681.3414634,0.558139535,1,868,0,0,0,0
930216,877,0.562091503,0.202614379,0.692810458,0.098039216,0.08496732,0.08496732,3.45751634,2.163398693,0.078431373,0.366013072,0.026143791,0.098039216,3.08496732,0.346405229,0.163398693,0.352941176,0.058823529,0.111111111,0.679738562,0.013071895,0.385620915,0.294117647,4.013071895,0.307189542,1.052287582,0.490196078,0.14379085,21.48366013,0.091503268,0.31372549,55158,153,0.612614966,0.932926829,0.5625,1,45.462,16.11669449,12.73833704,49.28594225,155.2352941,680.6078431,0.4,2,855,886,0,0,0
930216,878,0.457142857,0.276190476,0.60952381,0.104761905,0.057142857,0.171428571,2.933333333,1.847619048,0.076190476,0.4,0.038095238,0.095238095,3.285714286,0.371428571,0.133333333,0.285714286,0.133333333,0.028571429,0.552380952,0.028571429,0.561904762,0.533333333,11.51428571,0.266666667,0.885714286,0.619047619,0.066666667,22.99047619,0.161904762,0.20952381,55220,105,0.818606912,0.921052632,0.576923077,1,37.489,15.56467363,8.939635342,51.89650518,225.7904762,683.0761905,0.416666667,1,874,0,0,0,0
930216,879,0.416,0.192,0.648,0.048,0.032,0.056,4.176,1.712,0.112,0.408,0.112,0.08,4.032,0.36,0.088,0.312,0.12,0.024,0.4,0.032,0.424,0.296,2.784,0.216,1.4,0.6,0.2,20.624,0.12,0.256,55283,125,0.534618698,0.862068966,0.641025641,1,42.707,14.24983617,12.04244244,54.05411739,65.16,686.224,0.698113208,3,867,897,899,0,0
930216,880,0.40625,0.2421875,0.6328125,0.0234375,0.0390625,0.078125,3.265625,2.4375,0.0390625,0.4375,0.046875,0.09375,4.140625,0.4140625,0.1640625,0.3046875,0.0859375,0.046875,0.484375,0.03125,0.5234375,0.265625,2.28125,0.296875,0.6953125,0.75,0.1328125,24.4453125,0.1328125,0.2109375,55346,128,0.754229608,0.96969697,0.653061224,1,38.713,15.85180506,10.40846586,43.44994971,586.796875,685.65625,0.442307692,2,869,898,0,0,0
930216,881,0.43902439,0.158536585,0.670731707,0.073170732,0.024390244,0.036585366,3.231707317,2.036585366,0.073170732,0.524390244,0.109756098,0.109756098,7.37804878,0.426829268,0.158536585,0.317073171,0.12195122,0.097560976,0.5,0.012195122,0.548780488,0.231707317,3.158536585,0.280487805,1.036585366,0.548780488,0.292682927,24.48780488,0.134146341,0.353658537,55409,82,0.585507057,0.953488372,0.759259259,1,31.261,11.66234187,9.454279301,-0.573144528,788.5609756,685.6219512,0.447368421,1,896,0,0,0,0
930216,882,0.430379747,0.151898734,0.860759494,0.063291139,0.101265823,0.139240506,2.278481013,1.594936709,0.037974684,0.367088608,0.037974684,0.063291139,4.202531646,0.291139241,0.202531646,0.341772152,0.037974684,0.025316456,0.607594937,0.025316456,0.341772152,0.164556962,1.886075949,0.253164557,0.417721519,0.708860759,0.17721519,21.07594937,0.126582278,0.151898734,55472,79,0.419817354,0.849462366,0.548611111,1,34.95,11.04574754,10.02521558,55.67618417,364.7341772,685.6455696,0.738095238,2,887,893,0,0,0
930216,883,0.428571429,0.218045113,0.586466165,0.067669173,0.022556391,0.052631579,6.413533835,1.631578947,0.07518797,0.270676692,0.037593985,0.067669173,5.511278195,0.248120301,0.090225564,0.248120301,0.07518797,0.037593985,0.37593985,0.007518797,0.390977444,0.240601504,7.676691729,0.323308271,1.233082707,0.766917293,0.165413534,20.81203008,0.082706767,0.263157895,55535,133,0.806485637,0.852564103,0.601809955,1,46.048,18.08872048,10.69502259,33.36981647,547.7067669,686.3684211,0.5,2,889,905,0,0,0
930216,884,0.292682927,0.227642276,0.471544715,0.06504065,0.024390244,0.113821138,1.902439024,1.756097561,0.073170732,0.333333333,0.048780488,0.105691057,3.154471545,0.349593496,0.105691057,0.25203252,0.073170732,0.040650407,0.544715447,0.016260163,0.406504065,0.292682927,6.56097561,0.18699187,0.349593496,0.666666667,0.113821138,16.31707317,0.138211382,0.130081301,55598,123,0.537373655,0.953488372,0.732142857,1,36.827,13.69668616,11.55102177,0.043622788,567.796748,686.7073171,0,0,0,0,0,0,0
930216,885,0.366071429,0.142857143,0.580357143,0.098214286,0.044642857,0.116071429,3.901785714,1.741071429,0.107142857,0.419642857,0.053571429,0.0625,3.714285714,0.526785714,0.25,0.285714286,0.053571429,0.053571429,0.607142857,0.017857143,0.401785714,0.321428571,4.205357143,0.160714286,0.580357143,0.651785714,0.142857143,19.67857143,0.151785714,0.196428571,55661,112,0.74918583,0.848484848,0.538461538,1,41.409,15.31674348,10.14519616,2.646683166,608.0267857,686.8392857,1,5,869,875,898,900,903
930216,886,0.350877193,0.157894737,0.543859649,0.070175439,0.00877193,0.052631579,3.394736842,1.342105263,0.078947368,0.254385965,0.052631579,0.035087719,3.745614035,0.429824561,0.447368421,0.245614035,0.026315789,0.096491228,0.464912281,0,0.280701754,0.263157895,3.877192982,0.184210526,0.938596491,0.570175439,0.122807018,18.33333333,0.114035088,0.184210526,55724,114,0.894057413,0.94214876,0.508928571,1,40.69,18.29198064,8.19393642,-38.82623734,146.4035088,686.5701754,0.927272727,3,871,877,895,0,0
930216,887,0.3,0.344444444,0.922222222,0.111111111,0.044444444,0.088888889,2.666666667,1.777777778,0.044444444,0.455555556,0.055555556,0.1,4.044444444,0.277777778,0.144444444,0.255555556,0.077777778,0.044444444,0.433333333,0.011111111,0.211111111,0.133333333,2.488888889,0.288888889,0.333333333,0.455555556,0.077777778,21.03333333,0.144444444,0.077777778,55787,90,0.875667132,0.882352941,0.535714286,1,37.398,16.10966364,7.779601157,51.71548141,370.3555556,690.3555556,0.56,2,882,893,0,0,0
930216,888,0.386138614,0.247524752,0.643564356,0.079207921,0,0.108910891,3.435643564,1.782178218,0.099009901,0.435643564,0.03960396,0.089108911,3.247524752,0.267326733,0.396039604,0.277227723,0.099009901,0.059405941,0.584158416,0.059405941,0.326732673,0.118811881,1.455445545,0.287128713,0.683168317,0.603960396,0.158415842,19.12871287,0.138613861,0.306930693,55849,101,0.320648452,0.952830189,0.647435897,1,34.677,11.86243983,11.23608253,49.59126199,420.970297,689.3069307,0,0,0,0,0,0,0
930216,889,0.769230769,0.276923077,0.784615385,0.123076923,0.030769231,0.123076923,5.261538462,2.461538462,0.123076923,0.615384615,0.123076923,0.076923077,5.292307692,0.492307692,0.138461538,0.523076923,0.076923077,0.046153846,0.492307692,0.015384615,0.476923077,0.184615385,1.646153846,0.384615385,1.153846154,0.738461538,0.153846154,25.58461538,0.169230769,0.246153846,55912,65,0.805086381,0.902777778,0.722222222,1,28.631,12.12963386,7.194784317,60.33359859,553.1846154,690.3846154,0.764705882,2,883,905,0,0,0
930216,890,0.418604651,0.162790698,0.465116279,0.069767442,0.023255814,0.093023256,4.081395349,1.488372093,0.058139535,0.476744186,0.081395349,0.046511628,4.779069767,0.372093023,0.11627907,0.337209302,0.104651163,0.069767442,0.476744186,0.011627907,0.430232558,0.162790698,1.023255814,0.290697674,0.476744186,0.593023256,0.034883721,17.87209302,0.058139535,0.23255814,55975,86,0.52304024,0.905263158,0.601398601,1,33.081,11.62682174,9.909633053,-8.517359169,80.56976744,687.8139535,0.43902439,1,899,0,0,0,0
930216,891,0.438095238,0.133333333,0.6,0.085714286,0.038095238,0.085714286,4.276190476,1.8,0.057142857,0.533333333,0.066666667,0.076190476,5.923809524,0.6,0.333333333,0.419047619,0.095238095,0.095238095,0.695238095,0,0.342857143,0.333333333,6.619047619,0.219047619,1.523809524,0.647619048,0.066666667,23.93333333,0.104761905,0.171428571,56038,105,0.298410861,0.945945946,0.729166667,1,33.734,11.93461759,11.39084668,50.82210489,298.2190476,689.3809524,0.318181818,1,872,0,0,0,0
930216,892,0.215384615,0.076923077,0.523076923,0.061538462,0.030769231,0.015384615,3.276923077,1.6,0.046153846,0.369230769,0.046153846,0.076923077,1.892307692,0.415384615,0.107692308,0.338461538,0.092307692,0.015384615,0.6,0.015384615,0.476923077,0.230769231,4.323076923,0.261538462,0.630769231,0.753846154,0.215384615,23.24615385,0.061538462,0.353846154,56101,65,0.68476384,0.942028986,0.738636364,1,26.233,10.74005473,7.826976415,75.20617739,748.4153846,690.0461538,0.617647059,1,894,0,0,0,0
930216,893,0.347826087,0.282608696,0.934782609,0.076086957,0.032608696,0.076086957,3,2.054347826,0.054347826,0.358695652,0.086956522,0.141304348,3.826086957,0.391304348,0.097826087,0.423913043,0.086956522,0.032608696,0.619565217,0.02173913,0.380434783,0.195652174,2.043478261,0.22826087,0.597826087,0.793478261,0.130434783,22.84782609,0.141304348,0.22826087,56164,92,0.708067762,0.929292929,0.696969697,1,34.445,13.19935867,9.320654438,-45.21823707,359.2934783,692.0326087,0.523809524,2,882,887,0,0,0
930216,894,0.248447205,0.229813665,1.956521739,0.080745342,0.049689441,0.086956522,1.97515528,1.50931677,0.074534161,0.267080745,0.105590062,0.099378882,1.838509317,0.316770186,0.080745342,0.372670807,0.130434783,0.049689441,0.453416149,0.01242236,0.316770186,0.236024845,4.745341615,0.304347826,0.403726708,0.776397516,0.111801242,22.39751553,0.167701863,0.211180124,56227,161,0.417824641,0.879781421,0.62890625,1,49.654,15.96860307,14.50791811,25.13952976,739.1987578,691.6335404,0.290322581,1,892,0,0,0,0
930216,895,0.445945946,0.202702703,0.337837838,0.121621622,0.067567568,0.027027027,4.486486486,1.351351351,0.094594595,0.405405405,0.067567568,0.027027027,3.067567568,0.351351351,1.378378378,0.202702703,0.081081081,0.121621622,0.635135135,0,0.418918919,0.364864865,11.86486486,0.121621622,0.783783784,0.891891892,0.108108108,15.25675676,0.094594595,0.175675676,56290,74,0.735195299,0.936708861,0.616666667,1,29.715,12.05553162,8.17190658,-29.14459237,142.4054054,692.6486486,0.487179487,1,886,0,0,0,0
930216,896,0.447368421,0.328947368,0.473684211,0.026315789,0.118421053,0.105263158,3.368421053,1.986842105,0.118421053,0.210526316,0.026315789,0.118421053,9.368421053,0.381578947,0.092105263,0.223684211,0.052631579,0.105263158,0.355263158,0.013157895,0.513157895,0.381578947,8.934210526,0.210526316,1.105263158,0.631578947,0.144736842,20.65789474,0.131578947,0.171052632,56353,76,0.730186248,0.974358974,0.791666667,1,30.037,12.14781395,8.299971487,11.93741363,788.2105263,693.0394737,0.472222222,1,881,0,0,0,0
930216,897,0.384615385,0.205128205,0.564102564,0.162393162,0.05982906,0.076923077,3.683760684,1.564102564,0.085470085,0.376068376,0.051282051,0.05982906,2.692307692,0.230769231,0.102564103,0.324786325,0.111111111,0.111111111,0.47008547,0.008547009,0.495726496,0.282051282,8.948717949,0.213675214,1.230769231,0.623931624,0.196581197,21.36752137,0.188034188,0.196581197,56415,117,0.597315733,0.966942149,0.75974026,1,36.248,13.69624427,10.98447257,85.2555146,55.83760684,692.3504274,0.369565217,1,879,0,0,0,0
930216,898,0.411764706,0.094117647,0.847058824,0.035294118,0.011764706,0.047058824,4.070588235,2.447058824,0.047058824,0.447058824,0.035294118,0.152941176,5.388235294,0.235294118,0.211764706,0.282352941,0.164705882,0.082352941,0.647058824,0.035294118,0.482352941,0.247058824,3.517647059,0.294117647,0.694117647,0.705882353,0.164705882,19.89411765,0.152941176,0.294117647,56478,85,0.498585259,0.934065934,0.643939394,1,32.138,11.36836766,9.854563392,59.37961603,594.6588235,692.2823529,0.717948718,3,880,885,900,0,0
930216,899,0.333333333,0.195121951,0.479674797,0.048780488,0.016260163,0.016260163,5.130081301,1.723577236,0.06504065,0.37398374,0.073170732,0.089430894,5.642276423,0.357723577,0.113821138,0.292682927,0.056910569,0.081300813,0.504065041,0.016260163,0.390243902,0.235772358,5.398373984,0.276422764,0.666666667,0.617886179,0.146341463,22.61788618,0.146341463,0.203252033,56541,123,0.607443648,0.92481203,0.630769231,1,40.375,14.50654765,11.52346142,31.39884417,74.93495935,695.9430894,0.705882353,3,879,890,911,0,0
930216,900,0.396825397,0.111111111,0.761904762,0.015873016,0.015873016,0.063492063,2.650793651,1.746031746,0.015873016,0.412698413,0.015873016,0.063492063,2.428571429,0.253968254,0.142857143,0.349206349,0.015873016,0.095238095,0.285714286,0,0.396825397,0.238095238,7.984126984,0.158730159,0.46031746,0.476190476,0.19047619,16.3015873,0.206349206,0.238095238,56604,63,0.780339036,0.9,0.65625,1,28.557,11.62078386,7.267134927,84.42876385,601.5079365,695.5714286,0.909090909,3,885,898,903,0,0
930216,901,0.404255319,0.244680851,0.744680851,0.085106383,0.021276596,0.117021277,3.085106383,1.872340426,0.031914894,0.20212766,0.042553191,0.085106383,4.70212766,0.255319149,0.223404255,0.340425532,0.053191489,0.085106383,0.638297872,0,0.478723404,0.255319149,2.712765957,0.255319149,1.053191489,0.521276596,0.117021277,24.36170213,0.117021277,0.319148936,56667,94,0.43797425,0.959183673,0.712121212,1,32.601,11.7177848,10.53414227,61.59648369,162.4361702,693.0425532,0.414634146,1,907,0,0,0,0
930216,902,0.489130435,0.195652174,0.532608696,0.076086957,0.02173913,0.032608696,2.967391304,1.923913043,0.065217391,0.47826087,0.054347826,0.02173913,4.836956522,0.282608696,0.173913043,0.336956522,0.076086957,0.054347826,0.836956522,0.032608696,0.456521739,0.293478261,6.510869565,0.336956522,0.641304348,0.554347826,0.130434783,17.5326087,0.163043478,0.152173913,56730,92,0.484410794,0.958333333,0.696969697,1,31.22,11.64428832,10.1868969,31.15719593,340.5,695,0,0,0,0,0,0,0
930216,903,0.45631068,0.126213592,0.59223301,0.058252427,0.009708738,0.029126214,4.912621359,1.563106796,0.067961165,0.378640777,0.019417476,0.048543689,4.844660194,0.495145631,0.165048544,0.32038835,0.145631068,0.087378641,0.514563107,0.019417476,0.40776699,0.45631068,13.2815534,0.291262136,0.737864078,0.669902913,0.116504854,15.34951456,0.048543689,0.184466019,56793,103,0.770191273,0.927927928,0.715277778,1,36.331,14.6589365,9.349660046,39.84733423,610.038835,695.4174757,0.630434783,2,885,900,0,0,0
930216,904,0.311688312,0.246753247,0.701298701,0.12987013,0.019480519,0.064935065,3.642857143,1.863636364,0.116883117,0.545454545,0.058441558,0.11038961,2.922077922,0.532467532,0.149350649,0.292207792,0.090909091,0.045454545,0.551948052,0.006493506,0.532467532,0.337662338,10.47402597,0.285714286,1.246753247,0.75974026,0.103896104,23.94805195,0.155844156,0.194805195,56856,154,0.468671332,0.956521739,0.733333333,1,41.781,14.96703052,13.22146494,79.51900544,11.64285714,697.2597403,0,0,0,0,0,0,0
930216,905,0.684210526,0.144736842,0.842105263,0.131578947,0.039473684,0.052631579,5.065789474,1.763157895,0.118421053,0.394736842,0.078947368,0.144736842,6,0.460526316,0.223684211,0.394736842,0.065789474,0.078947368,0.460526316,0.013157895,0.565789474,0.25,1.368421053,0.381578947,1.171052632,0.684210526,0.157894737,25.22368421,0.065789474,0.289473684,56919,76,0.25584045,0.926829268,0.690909091,1,29.326,10.14758324,9.809861732,0.32967756,546.5526316,698.1710526,0.486486486,3,883,889,921,0,0
930216,906,0.345132743,0.327433628,0.761061947,0.079646018,0.008849558,0.07079646,1.619469027,1.548672566,0.044247788,0.424778761,0.07079646,0.168141593,2.495575221,0.353982301,0.044247788,0.230088496,0.097345133,0.026548673,0.380530973,0.008849558,0.460176991,0.398230088,11.56637168,0.318584071,0.407079646,0.619469027,0.079646018,17.00884956,0.150442478,0.230088496,56981,113,0.231109969,0.941666667,0.668639053,1,36,12.28180829,11.94931069,-4.518741371,380.2566372,699.7079646,0,0,0,0,0,0,0
930216,907,0.380952381,0.419047619,0.466666667,0.057142857,0.038095238,0.047619048,3.571428571,1.695238095,0.114285714,0.380952381,0.047619048,0.142857143,2.857142857,0.361904762,0.257142857,0.447619048,0.047619048,0.028571429,0.561904762,0.019047619,0.504761905,0.295238095,10.2952381,0.171428571,1.542857143,0.619047619,0.114285714,21.37142857,0.152380952,0.323809524,57044,105,0.61833132,0.897435897,0.625,1,37.381,13.46740843,10.58427249,17.70917911,158.8761905,701.9333333,0.404255319,1,901,0,0,0,0
930216,908,0.293650794,0.261904762,0.571428571,0.03968254,0.023809524,0.087301587,3.063492063,2.404761905,0.063492063,0.428571429,0.047619048,0.071428571,4.873015873,0.325396825,0.174603175,0.365079365,0.095238095,0.03968254,0.619047619,0.007936508,0.476190476,0.23015873,1.865079365,0.341269841,0.698412698,0.69047619,0.087301587,22.78571429,0.119047619,0.277777778,57107,126,0.575675661,0.940298507,0.692307692,1,38.324,14.12129612,11.54667508,63.52686949,477.9047619,702.1111111,0,0,0,0,0,0,0
930216,909,0.572649573,0.401709402,0.598290598,0.111111111,0.076923077,0.128205128,3.777777778,2.179487179,0.068376068,0.487179487,0.042735043,0.128205128,7.384615385,0.581196581,0.188034188,0.435897436,0.042735043,0.085470085,0.829059829,0.017094017,0.598290598,0.324786325,2.213675214,0.290598291,0.948717949,1.017094017,0.153846154,26.47863248,0.128205128,0.384615385,57170,117,0.656566343,0.906976744,0.609375,1,40.003,14.46514661,10.91060125,-76.41199705,198.0854701,701.8376068,0.392156863,1,914,0,0,0,0
930216,910,0.357894737,0.126315789,0.589473684,0.031578947,0.031578947,0.084210526,2.936842105,2.515789474,0.052631579,0.421052632,0.073684211,0.042105263,3.568421053,0.347368421,0.547368421,0.4,0.094736842,0.115789474,0.6,0.021052632,0.6,0.231578947,5.210526316,0.305263158,0.621052632,0.715789474,0.073684211,21.71578947,0.052631579,0.210526316,57233,95,0.734145466,0.95959596,0.659722222,1,33.089,13.4550584,9.135879972,45,565.2842105,704.2842105,0,0,0,0,0,0,0
930216,911,0.419047619,0.19047619,0.733333333,0.085714286,0.047619048,0.066666667,3.114285714,1.723809524,0.085714286,0.314285714,0.076190476,0.085714286,3.847619048,0.495238095,0.152380952,0.257142857,0.104761905,0.047619048,0.495238095,0.028571429,0.466666667,0.285714286,1.552380952,0.371428571,0.761904762,0.647619048,0.123809524,19.44761905,0.142857143,0.342857143,57296,105,0.531487899,0.9375,0.734265734,1,34.561,12.74244898,10.79369382,-0.670830597,75.38095238,705.9619048,0.681818182,2,899,922,0,0,0
930216,912,0.54368932,0.242718447,0.718446602,0.087378641,0.058252427,0.048543689,3.446601942,1.611650485,0.106796117,0.378640777,0.038834951,0.029126214,6.669902913,0.427184466,0.184466019,0.40776699,0.048543689,0.077669903,0.883495146,0.019417476,0.339805825,0.242718447,1.54368932,0.252427184,0.834951456,0.815533981,0.184466019,24.16504854,0.13592233,0.145631068,57359,103,0.694342983,0.887931034,0.565934066,1,37.307,13.94079493,10.03241267,-36.39968057,243.8058252,703.5048544,0.425531915,1,915,0,0,0,0
930216,913,0.367875648,0.238341969,0.704663212,0.051813472,0.025906736,0.10880829,2.559585492,1.772020725,0.062176166,0.367875648,0.082901554,0.077720207,3.088082902,0.352331606,0.18134715,0.341968912,0.067357513,0.041450777,0.487046632,0,0.445595855,0.300518135,6.896373057,0.233160622,0.78238342,0.632124352,0.119170984,20.7253886,0.10880829,0.305699482,57422,193,0.679482935,0.960199005,0.714814815,1,48.546,18.51480152,13.58414901,70.28737477,396.4196891,705.7927461,0,0,0,0,0,0,0
930216,914,0.327102804,0.23364486,0.61682243,0.056074766,0.093457944,0.074766355,3.719626168,2.121495327,0.046728972,0.46728972,0.056074766,0.168224299,5.803738318,0.495327103,0.130841121,0.336448598,0.065420561,0.028037383,0.560747664,0.037383178,0.626168224,0.327102804,2.813084112,0.271028037,1.074766355,1.018691589,0.14953271,23.06542056,0.130841121,0.23364486,57485,107,0.588034258,0.946902655,0.633136095,1,35.62,13.13716784,10.62581458,-52.53035728,192.0373832,709.3271028,0.434782609,1,909,0,0,0,0
930216,915,0.666666667,0.111111111,0.777777778,0.088888889,0.088888889,0.066666667,4.377777778,2.488888889,0.044444444,0.355555556,0.022222222,0.088888889,13.04444444,0.466666667,0.266666667,0.377777778,0.044444444,0.044444444,0.533333333,0.022222222,0.488888889,0.244444444,3.466666667,0.222222222,1.177777778,0.977777778,0.133333333,27.97777778,0.111111111,0.177777778,57548,45,0.847421205,0.9,0.5,1,24.654,10.67546577,5.667830902,-52.7842627,239.2666667,708.1777778,1,2,912,918,0,0,0
930216,916,0.306451613,0.193548387,0.370967742,0.080645161,0.032258065,0.080645161,5.032258065,2.435483871,0.112903226,0.35483871,0.032258065,0.129032258,6.870967742,0.370967742,0.258064516,0.661290323,0.016129032,0.112903226,1,0.016129032,0.419354839,0.209677419,1.758064516,0.274193548,0.951612903,0.919354839,0.225806452,24.38709677,0.161290323,0.290322581,57610,62,0.689012241,0.885714286,0.645833333,1,28.375,10.69317131,7.749872723,12.07581225,298.3870968,708.7096774,0.647058824,2,923,925,0,0,0
930216,917,0.372727273,0.2,0.454545455,0.163636364,0.036363636,0.045454545,2.536363636,2.418181818,0.1,0.454545455,0.072727273,0.045454545,4.236363636,0.390909091,0.145454545,0.290909091,0.090909091,0.063636364,0.727272727,0.018181818,0.427272727,0.227272727,4.336363636,0.181818182,0.618181818,0.890909091,0.1,27.20909091,0.118181818,0.236363636,57673,110,0.561129804,0.909090909,0.654761905,1,36.728,13.19424228,10.92124139,-76.20563927,759.7181818,707.7181818,0.404255319,1,919,0,0,0,0
930216,918,0.422535211,0.211267606,0.704225352,0.070422535,0.056338028,0.154929577,3.605633803,1.704225352,0.154929577,0.267605634,0.028169014,0.070422535,8.253521127,0.366197183,0.084507042,0.323943662,0.028169014,0.14084507,0.521126761,0,0.366197183,0.253521127,8.464788732,0.436619718,0.816901408,0.802816901,0.070422535,23.04225352,0.183098592,0.14084507,57736,71,0.651987366,0.959459459,0.645454545,1,28.309,11.15576947,8.458637186,-55.21123505,235,712.2676056,0.473684211,1,915,0,0,0,0
930216,919,0.475609756,0.195121951,0.56097561,0.073170732,0.036585366,0.085365854,2.109756098,2.012195122,0.073170732,0.426829268,0.048780488,0.048780488,3.743902439,0.37804878,0.097560976,0.304878049,0.085365854,0.036585366,0.317073171,0.012195122,0.43902439,0.304878049,6.134146341,0.243902439,0.573170732,0.841463415,0.097560976,21.8902439,0.134146341,0.146341463,57799,82,0.62307667,0.942528736,0.683333333,1,31.559,11.9132875,9.318106068,-37.09714829,752.0487805,712.0365854,0.775,2,917,928,0,0,0
930216,920,0.482352941,0.247058824,0.576470588,0.047058824,0.058823529,0.094117647,4.270588235,2.317647059,0.070588235,0.482352941,0.058823529,0.070588235,6.729411765,0.317647059,0.352941176,0.376470588,0.117647059,0.117647059,0.741176471,0.047058824,0.552941176,0.152941176,1.4,0.447058824,0.647058824,0.505882353,0.129411765,23.08235294,0.141176471,0.176470588,57862,85,0.576317241,0.934065934,0.643939394,1,31.493,11.65523055,9.524958169,-85.59570341,324.7411765,711.4705882,0.375,2,926,935,0,0,0
930216,921,0.535353535,0.383838384,0.707070707,0.101010101,0.04040404,0.070707071,2.888888889,2.606060606,0.090909091,0.333333333,0.050505051,0.111111111,3.323232323,0.404040404,0.181818182,0.272727273,0.060606061,0.070707071,0.585858586,0.01010101,0.555555556,0.383838384,12.48484848,0.333333333,0.787878788,0.686868687,0.151515152,24.31313131,0.121212121,0.252525253,57925,99,0.695639966,0.925233645,0.634615385,1,34.768,13.36430208,9.600788838,48.03803703,543.3737374,711.8888889,0.023255814,1,905,0,0,0,0
930216,922,0.515873016,0.246031746,0.563492063,0.103174603,0.023809524,0.103174603,4.484126984,1.992063492,0.111111111,0.412698413,0.031746032,0.142857143,3.857142857,0.412698413,0.142857143,0.333333333,0.126984127,0.063492063,0.484126984,0.015873016,0.468253968,0.174603175,2.523809524,0.333333333,1.103174603,0.722222222,0.174603175,24.55555556,0.111111111,0.420634921,57988,126,0.637244248,0.954545455,0.7,1,38.324,14.57043897,11.22888222,78.62352553,67.0952381,713.3571429,0.36,1,911,0,0,0,0
930216,923,0.46875,0.125,0.515625,0.046875,0.03125,0.0625,6.9375,2.3125,0.109375,0.5,0.03125,0.078125,8.21875,0.390625,0.109375,0.453125,0.125,0.046875,0.6875,0,0.546875,0.1875,1.96875,0.296875,1.125,0.765625,0.171875,24.25,0.140625,0.3125,58051,64,0.583108084,0.914285714,0.711111111,1,27.341,10.23089398,8.311522873,35.49416712,301.296875,715.015625,0.696969697,2,916,925,0,0,0
930216,924,0.434782609,0.252173913,0.730434783,0.130434783,0.043478261,0.095652174,3.713043478,2.104347826,0.095652174,0.634782609,0.069565217,0.191304348,2.686956522,0.452173913,0.191304348,0.408695652,0.060869565,0.034782609,0.765217391,0.034782609,0.504347826,0.226086957,2.391304348,0.243478261,0.886956522,0.92173913,0.156521739,22.11304348,0.139130435,0.382608696,58114,115,0.573688495,0.927419355,0.638888889,1,37.952,13.73029698,11.24612334,9.00479019,695.1478261,714.6434783,0.428571429,2,932,937,0,0,0
930216,925,0.445783133,0.180722892,0.493975904,0.084337349,0.084337349,0.036144578,5.445783133,1.590361446,0.036144578,0.228915663,0.108433735,0.072289157,7.265060241,0.289156627,0.120481928,0.265060241,0.072289157,0.024096386,0.43373494,0.024096386,0.469879518,0.253012048,2.86746988,0.301204819,0.891566265,0.746987952,0.168674699,20.53012048,0.108433735,0.13253012,58176,83,0.731793188,0.943181818,0.58041958,1,32.527,12.66992047,8.634889894,-67.19022824,292.9638554,716.1204819,0.487804878,2,916,923,0,0,0
930216,926,0.580645161,0.139784946,0.397849462,0.053763441,0.021505376,0.032258065,4.548387097,1.311827957,0.096774194,0.47311828,0.053763441,0.075268817,6.032258065,0.494623656,0.655913978,0.204301075,0.043010753,0.193548387,0.397849462,0,0.387096774,0.204301075,1.817204301,0.161290323,1.494623656,0.731182796,0.075268817,10.53763441,0.064516129,0.172043011,58239,93,0.797932201,0.948979592,0.664285714,1,34.189,14.14900756,8.528274881,29.55962158,333.6344086,714.9139785,0.595238095,2,920,935,0,0,0
930216,927,0.448979592,0.204081633,0.557823129,0.047619048,0.040816327,0.06122449,4.673469388,2,0.074829932,0.43537415,0.095238095,0.156462585,3.285714286,0.360544218,0.156462585,0.319727891,0.074829932,0.027210884,0.789115646,0.013605442,0.360544218,0.238095238,2.829931973,0.197278912,1.326530612,0.80952381,0.12244898,23.12244898,0.156462585,0.210884354,58302,147,0.617477478,0.960784314,0.753846154,1,41.119,15.55703746,12.23698772,67.13101834,776.9455782,716.8027211,0,0,0,0,0,0,0
930216,928,0.335766423,0.328467153,0.729927007,0.058394161,0.02189781,0.080291971,2.95620438,1.817518248,0.051094891,0.350364964,0.04379562,0.065693431,4.065693431,0.401459854,0.197080292,0.437956204,0.094890511,0.182481752,0.605839416,0.02189781,0.416058394,0.262773723,6.328467153,0.313868613,0.802919708,0.722627737,0.116788321,24.67153285,0.124087591,0.226277372,58365,137,0.691797038,0.944827586,0.702564103,1,40.102,15.66103771,11.30871005,-19.70390167,741.8175182,717.3211679,0.235294118,1,919,0,0,0,0
930216,929,0.336956522,0.336956522,0.663043478,0.076086957,0.032608696,0.097826087,2.445652174,2.532608696,0.108695652,0.423913043,0.02173913,0.184782609,4.434782609,0.336956522,0.119565217,0.402173913,0.076086957,0.130434783,0.739130435,0.010869565,0.47826087,0.22826087,2.967391304,0.27173913,0.608695652,1.054347826,0.163043478,20.58695652,0.130434783,0.260869565,58428,92,0.706538049,0.93877551,0.638888889,1,33.271,13.10197787,9.27194293,45.99870492,617.1304348,716.9347826,0.465116279,1,931,0,0,0,0
930216,930,0.267326733,0.188118812,0.891089109,0.04950495,0.069306931,0.04950495,2.00990099,1.742574257,0.118811881,0.287128713,0.00990099,0.099009901,2.613861386,0.326732673,0.079207921,0.336633663,0.059405941,0.03960396,0.386138614,0.01980198,0.396039604,0.257425743,4.247524752,0.326732673,0.554455446,0.564356436,0.118811881,21.57425743,0.148514851,0.247524752,58491,101,0.673063688,0.918181818,0.706293706,1,35.297,13.42200662,9.926708409,16.3697965,262.3168317,720.4158416,0.476190476,1,939,0,0,0,0
930216,931,0.285714286,0.19047619,0.761904762,0,0.031746032,0.142857143,2.476190476,1.523809524,0.079365079,0.523809524,0.047619048,0.063492063,3.507936508,0.396825397,0.095238095,0.428571429,0.063492063,0.079365079,0.666666667,0.031746032,0.444444444,0.365079365,11.20634921,0.19047619,0.746031746,0.603174603,0.174603175,21.20634921,0.079365079,0.26984127,58554,63,0.864928112,0.887323944,0.572727273,1,29.872,13.05988854,6.554702783,51.22336837,621.8730159,721.5873016,0.972972973,2,929,933,0,0,0
930216,932,0.202380952,0.19047619,0.380952381,0.047619048,0.023809524,0.05952381,1.916666667,1.857142857,0.083333333,0.297619048,0.05952381,0.047619048,2.880952381,0.488095238,0.095238095,0.273809524,0.083333333,0.023809524,0.345238095,0,0.380952381,0.285714286,4.5,0.130952381,0.404761905,0.535714286,0.083333333,17.32142857,0.142857143,0.214285714,58617,84,0.598833555,0.933333333,0.587412587,1,32.891,11.90682742,9.53586263,15.22746008,687.4642857,721.1190476,0.756097561,2,924,937,0,0,0
930216,933,0.368,0.264,0.696,0.152,0.024,0.032,2.48,1.6,0.088,0.416,0.04,0.128,3.416,0.36,0.112,0.392,0.112,0.12,0.584,0.008,0.616,0.36,17.312,0.312,0.76,0.752,0.072,21.584,0.16,0.232,58680,125,0.725518873,0.899280576,0.595238095,1,40.673,15.49139344,10.66121213,62.979949,629.496,723.184,0.365384615,1,931,0,0,0,0
930216,934,0.254237288,0.186440678,0.677966102,0.050847458,0.06779661,0.06779661,1.915254237,1.576271186,0.033898305,0.389830508,0.118644068,0.203389831,2.762711864,0.118644068,0.186440678,0.288135593,0.06779661,0.084745763,0.372881356,0,0.406779661,0.203389831,2.745762712,0.220338983,0.305084746,0.559322034,0.13559322,16.44067797,0.06779661,0.271186441,58743,59,0.560459126,0.921875,0.7375,1,25.563,9.646352716,7.988936519,19.21170534,215.559322,722.7118644,0.612903226,2,940,942,0,0,0
930216,935,0.207207207,0.162162162,0.576576577,0.036036036,0.036036036,0.072072072,2.81981982,1.459459459,0.09009009,0.306306306,0.027027027,0.036036036,1.972972973,0.882882883,0.09009009,0.216216216,0.054054054,0.072072072,0.261261261,0,0.225225225,0.297297297,6.675675676,0.189189189,1.063063063,0.567567568,0.072072072,15.46846847,0.09009009,0.171171171,58805,111,0.648999877,0.973684211,0.792857143,1,35.479,13.73300736,10.44791423,3.191196696,329.9279279,724.1711712,0.325581395,2,920,926,0,0,0
930216,936,0.311764706,0.317647059,0.641176471,0.141176471,0.041176471,0.076470588,3.964705882,1.823529412,0.064705882,0.394117647,0.088235294,0.105882353,3.852941176,0.388235294,0.205882353,0.370588235,0.111764706,0.105882353,0.605882353,0.023529412,0.611764706,0.164705882,2.629411765,0.270588235,1.094117647,0.864705882,0.111764706,20.32941176,0.117647059,0.247058824,58868,170,0.554776717,0.918918919,0.590277778,1,47.711,16.51130273,13.73739191,75.08432589,106.0764706,725.3647059,0,0,0,0,0,0,0
930216,937,0.479166667,0.197916667,0.416666667,0.052083333,0.03125,0.020833333,2.65625,2.645833333,0.041666667,0.4375,0.03125,0.072916667,5.385416667,0.385416667,0.125,0.34375,0.072916667,0.041666667,0.604166667,0,0.395833333,0.302083333,2.677083333,0.239583333,0.458333333,0.635416667,0.145833333,19.51041667,0.1875,0.135416667,58931,96,0.802542119,0.897196262,0.615384615,1,35.504,14.83291657,8.849250744,34.74021647,692.4895833,726.8541667,0.5,2,924,932,0,0,0
930216,938,0.385714286,0.192857143,0.407142857,0.05,0.057142857,0.071428571,4,1.442857143,0.092857143,0.371428571,0.057142857,0.128571429,10.67857143,0.335714286,0.142857143,0.4,0.064285714,0.042857143,0.25,0.028571429,0.521428571,0.271428571,3.685714286,0.25,0.978571429,0.714285714,0.192857143,22.43571429,0.107142857,0.171428571,58994,140,0.571876341,0.95890411,0.717948718,1,40.011,14.86367673,12.19326617,68.46623437,54.36428571,727.4285714,0,0,0,0,0,0,0
930216,939,0.311827957,0.408602151,0.784946237,0.193548387,0.096774194,0.075268817,3.64516129,2.139784946,0.11827957,0.548387097,0.053763441,0.107526882,5.032258065,0.494623656,0.301075269,0.35483871,0.161290323,0.096774194,0.462365591,0.032258065,0.451612903,0.376344086,15.91397849,0.451612903,1.010752688,0.967741935,0.172043011,22.67741935,0.204301075,0.086021505,59057,93,0.690486714,0.911764706,0.65034965,1,34.007,13.17413418,9.529445083,9.545582105,264.3763441,728.2473118,0.744186047,2,930,947,0,0,0
930216,940,0.205479452,0.328767123,1.02739726,0.109589041,0,0.068493151,1.589041096,1.342465753,0.054794521,0.383561644,0.068493151,0.068493151,2.082191781,0.301369863,0.109589041,0.205479452,0.136986301,0.054794521,0.561643836,0.02739726,0.410958904,0.150684932,4.465753425,0.287671233,0.273972603,0.698630137,0.191780822,14.93150685,0.04109589,0.260273973,59120,73,0.864263715,0.737373737,0.474025974,1,38.671,15.79458251,7.945290923,-30.13500229,215.4246575,728.4794521,0.8,2,934,942,0,0,0
930216,941,0.555555556,0.308641975,0.567901235,0.067901235,0.049382716,0.080246914,3.382716049,1.75308642,0.061728395,0.666666667,0.049382716,0.067901235,7.339506173,0.456790123,0.135802469,0.302469136,0.074074074,0.055555556,0.543209877,0.018518519,0.524691358,0.401234568,7.956790123,0.364197531,1,0.598765432,0.166666667,22.85185185,0.12962963,0.228395062,59183,162,0.455532919,0.97005988,0.771428571,1,42.434,15.27383119,13.5970538,52.9587723,788.617284,729.9567901,0,0,0,0,0,0,0
930216,942,0.164705882,0.117647059,0.541176471,0.082352941,0.011764706,0.047058824,1.611764706,1.152941176,0.070588235,0.352941176,0.082352941,0.094117647,2.129411765,0.294117647,0.2,0.258823529,0.070588235,0.035294118,0.635294118,0,0.423529412,0.164705882,1.858823529,0.329411765,0.188235294,0.388235294,0.082352941,12.6,0.070588235,0.117647059,59246,85,0.640996068,0.913978495,0.590277778,1,32.626,12.05904462,9.255849299,-48.68393476,208.6,731.6588235,0.43902439,2,934,940,0,0,0
930216,943,0.345454545,0.254545455,0.709090909,0.072727273,0.009090909,0.109090909,4.154545455,2.181818182,0.081818182,0.363636364,0.063636364,0.054545455,4.018181818,0.454545455,0.154545455,0.336363636,0.109090909,0.027272727,0.7,0.027272727,0.5,0.363636364,9.790909091,0.354545455,1.418181818,0.654545455,0.163636364,23.33636364,0.127272727,0.263636364,59309,110,0.648122922,0.956521739,0.714285714,1,35.231,13.63599757,10.38429945,26.64556071,726.4454545,731.2090909,0,0,0,0,0,0,0
930216,944,0.329896907,0.402061856,0.75257732,0.103092784,0.030927835,0.06185567,2.309278351,1.587628866,0.06185567,0.783505155,0.175257732,0.18556701,2.907216495,0.494845361,0.907216495,0.463917526,0.041237113,0.164948454,0.907216495,0.010309278,0.773195876,0.360824742,4.010309278,0.360824742,0.721649485,1.113402062,0.216494845,20.82474227,0.134020619,0.494845361,59371,97,0.380108822,0.950980392,0.673611111,1,32.808,11.64776511,10.77350451,37.19457613,153.0103093,731.2268041,0,0,0,0,0,0,0
930216,945,0.435483871,0.241935484,1.056451613,0.064516129,0.048387097,0.040322581,2.661290323,2.10483871,0.040322581,0.330645161,0.048387097,0.10483871,4.266129032,0.298387097,0.153225806,0.39516129,0.080645161,0.064516129,0.427419355,0.008064516,0.475806452,0.169354839,3.774193548,0.346774194,0.870967742,0.64516129,0.169354839,17.77419355,0.14516129,0.290322581,59434,124,0.400941012,0.953846154,0.681318681,1,37.315,13.24097011,12.13010399,-64.01207718,491.1290323,735.4354839,0.18,1,959,0,0,0,0
930216,946,0.323529412,0.362745098,0.578431373,0.12745098,0.049019608,0.088235294,3.352941176,2,0.078431373,0.411764706,0.029411765,0.068627451,2.970588235,0.450980392,0.147058824,0.421568627,0.107843137,0.058823529,0.598039216,0.009803922,0.598039216,0.235294118,9.343137255,0.294117647,0.735294118,0.745098039,0.117647059,20.46078431,0.088235294,0.431372549,59497,102,0.637711075,0.944444444,0.713286713,1,33.643,13.08277952,10.07734657,67.96234747,135.9215686,735.8333333,0,0,0,0,0,0,0
930216,947,0.353658537,0.292682927,0.707317073,0.134146341,0.012195122,0.06097561,3.634146341,2.536585366,0.12195122,0.43902439,0.085365854,0.109756098,4.12195122,0.597560976,0.12195122,0.426829268,0.097560976,0.036585366,0.646341463,0,0.451219512,0.256097561,1.585365854,0.353658537,0.792682927,0.890243902,0.06097561,23.97560976,0.158536585,0.317073171,59560,82,0.766653293,0.921348315,0.630769231,1,33.064,13.40834055,8.608976723,18.23831636,257.3902439,734.7804878,0.785714286,2,939,953,0,0,0
930216,948,0.35,0.25,0.42,0.04,0.02,0.07,3.53,1.59,0.07,0.31,0.06,0.06,3.48,0.26,0.63,0.3,0.13,0.06,1.08,0.06,0.57,0.26,12.4,0.31,1.05,0.66,0.15,18.19,0.21,0.15,59623,100,0.538066858,0.961538462,0.699300699,1,33.271,12.3748977,10.43082804,62.76619488,369.77,735.75,0,0,0,0,0,0,0
930216,949,0.330434783,0.260869565,0.617391304,0.086956522,0.052173913,0.060869565,4.017391304,1.713043478,0.086956522,0.391304348,0.034782609,0.147826087,3.208695652,0.330434783,0.139130435,0.295652174,0.07826087,0.07826087,0.626086957,0.008695652,0.408695652,0.191304348,3.408695652,0.2,1.382608696,0.713043478,0.12173913,20.42608696,0.139130435,0.243478261,59686,115,0.399962915,0.93495935,0.680473373,1,38.134,12.94480783,11.86432185,85.79049461,426.8434783,735.6608696,0.673469388,2,952,955,0,0,0
930216,950,0.34375,0.239583333,0.760416667,0.0625,0.010416667,0.104166667,3.322916667,1.9375,0.072916667,0.395833333,0.072916667,0.0625,3.229166667,0.40625,0.166666667,0.447916667,0.041666667,0.03125,0.604166667,0.010416667,0.552083333,0.291666667,7.177083333,0.239583333,0.71875,0.5625,0.0625,20.67708333,0.125,0.28125,59749,96,0.710637834,0.932038835,0.615384615,1,34.313,13.36363573,9.402092913,-55.16493942,763.2708333,737.3958333,0.227272727,1,958,0,0,0,0
930216,951,0.465648855,0.167938931,0.450381679,0.045801527,0.022900763,0.061068702,6.923664122,1.870229008,0.114503817,0.465648855,0.076335878,0.083969466,10.67175573,0.396946565,0.183206107,0.335877863,0.099236641,0.099236641,0.488549618,0,0.549618321,0.282442748,6.282442748,0.213740458,1.541984733,0.72519084,0.083969466,21.3740458,0.13740458,0.198473282,59812,131,0.730236769,0.935714286,0.623809524,1,40.4,15.76250246,10.76884963,51.41519717,316.8931298,739.2977099,0,0,0,0,0,0,0
930216,952,0.323943662,0.197183099,0.507042254,0.084507042,0.056338028,0.056338028,2.042253521,2.014084507,0.084507042,0.563380282,0.084507042,0.070422535,3.929577465,0.507042254,0.098591549,0.352112676,0.070422535,0.14084507,0.492957746,0.028169014,0.408450704,0.295774648,3.943661972,0.225352113,0.61971831,0.901408451,0.098591549,19.33802817,0.084507042,0.154929577,59875,71,0.585262154,0.855421687,0.645454545,1,31.766,11.01802332,8.933899592,60.75189279,433.9014085,740.6197183,0.525,1,949,0,0,0,0
930216,953,0.465517241,0.206896552,0.534482759,0.112068966,0.077586207,0.103448276,4.060344828,2.275862069,0.043103448,0.663793103,0.103448276,0.112068966,3.448275862,0.612068966,0.086206897,0.379310345,0.103448276,0.043103448,0.715517241,0.00862069,0.577586207,0.310344828,3.603448276,0.353448276,0.948275862,1.017241379,0.181034483,27.37931034,0.146551724,0.293103448,59937,116,0.737509476,0.920634921,0.69047619,1,38.026,15.12793485,10.21645088,27.39620089,258.4310345,742.4137931,0.4375,1,947,0,0,0,0
930216,954,0.392523364,0.177570093,0.542056075,0.093457944,0.046728972,0.028037383,4.775700935,1.495327103,0.093457944,0.514018692,0.009345794,0.112149533,1.897196262,0.271028037,0.168224299,0.429906542,0.074766355,0.074766355,0.523364486,0.009345794,0.53271028,0.373831776,12.47663551,0.271028037,0.448598131,0.485981308,0.102803738,21.48598131,0.08411215,0.308411215,60000,107,0.833495801,0.914529915,0.66875,1,37.927,15.91233078,8.791973146,-14.54609248,667.1308411,737.4299065,0.434782609,1,956,0,0,0,0
930216,955,0.341880342,0.136752137,0.914529915,0.051282051,0.025641026,0.051282051,1.658119658,1.982905983,0.034188034,0.538461538,0.094017094,0.051282051,2.572649573,0.333333333,0.153846154,0.487179487,0.094017094,0.076923077,0.572649573,0,0.435897436,0.205128205,3.606837607,0.205128205,0.495726496,0.726495726,0.162393162,19.91452991,0.111111111,0.213675214,60063,117,0.633013791,0.959016393,0.709090909,1,37.001,14.01975952,10.85326388,-13.26009036,417.7264957,741.3931624,0.659574468,3,949,965,968,0,0
930216,956,0.480519481,0.194805195,0.675324675,0.155844156,0.077922078,0.025974026,3.480519481,1.974025974,0.116883117,0.428571429,0.025974026,0.064935065,2.74025974,0.350649351,0.12987013,0.25974026,0.038961039,0.064935065,0.623376623,0,0.441558442,0.155844156,4.987012987,0.376623377,0.441558442,0.61038961,0.051948052,24.45454545,0.142857143,0.25974026,60126,77,0.868186585,0.885057471,0.6875,1,33.891,14.69784328,7.293626891,3.261221679,665.9350649,744.2987013,0.476190476,1,954,0,0,0,0
930216,957,0.227272727,0.363636364,0.518181818,0.081818182,0.027272727,0.1,3.454545455,1.545454545,0.072727273,0.290909091,0.072727273,0.154545455,2.618181818,0.463636364,0.109090909,0.309090909,0.063636364,0.063636364,0.554545455,0.009090909,0.472727273,0.290909091,5,0.309090909,0.972727273,0.472727273,0.090909091,19.37272727,0.127272727,0.327272727,60189,110,0.692607825,0.956521739,0.705128205,1,35.421,14.01614456,10.11004629,54.48225783,341.3272727,743.9545455,0,0,0,0,0,0,0
930216,958,0.287234043,0.244680851,0.925531915,0.106382979,0.010638298,0.053191489,2.170212766,1.85106383,0.074468085,0.393617021,0.063829787,0.095744681,3.85106383,0.361702128,0.053191489,0.29787234,0.127659574,0.021276596,0.361702128,0.010638298,0.361702128,0.287234043,5.861702128,0.265957447,0.425531915,0.606382979,0.127659574,21.86170213,0.138297872,0.393617021,60252,94,0.646827361,0.930693069,0.652777778,1,32.907,12.70515886,9.689417333,42.81030871,773.1702128,743.4255319,0.25,1,950,0,0,0,0
930216,959,0.267716535,0.188976378,1,0.086614173,0.05511811,0.062992126,2.31496063,2.039370079,0.070866142,0.527559055,0.062992126,0.062992126,3.645669291,0.42519685,0.133858268,0.409448819,0.070866142,0.086614173,0.590551181,0.031496063,0.488188976,0.251968504,2.866141732,0.291338583,0.57480315,0.716535433,0.157480315,21.22047244,0.141732283,0.212598425,60315,127,0.040713406,0.947761194,0.75147929,1,37.844,12.80542864,12.79481122,-64.98310652,499.8818898,746.0551181,0.166666667,1,945,0,0,0,0
930216,960,0.551470588,0.169117647,0.397058824,0.110294118,0.058823529,0.051470588,7.051470588,1.75,0.110294118,0.272058824,0.073529412,0.095588235,10.97794118,0.272058824,0.169117647,0.294117647,0.110294118,0.029411765,0.654411765,0,0.463235294,0.257352941,4.426470588,0.411764706,0.948529412,0.595588235,0.125,22.81617647,0.080882353,0.213235294,60378,136,0.430852249,0.951048951,0.693877551,1,39.548,13.9589675,12.59688612,35.42481661,527.6323529,744.5955882,0,0,0,0,0,0,0
930216,961,0.357798165,0.229357798,0.550458716,0.04587156,0.055045872,0.036697248,4.321100917,2.018348624,0.091743119,0.394495413,0.036697248,0.073394495,2.642201835,0.339449541,0.174311927,0.330275229,0.073394495,0.128440367,0.688073394,0.027522936,0.495412844,0.348623853,6.348623853,0.394495413,0.871559633,0.697247706,0.174311927,19.94495413,0.091743119,0.23853211,60441,109,0.607714536,0.939655172,0.698717949,1,35.239,13.31833233,10.57682758,62.75008051,185.5779817,746.7247706,0,0,0,0,0,0,0
930216,962,0.308270677,0.233082707,1.180451128,0.067669173,0.015037594,0.097744361,2.030075188,2.082706767,0.090225564,0.330827068,0.097744361,0.090225564,3.315789474,0.443609023,0.293233083,0.338345865,0.07518797,0.097744361,0.578947368,0.007518797,0.631578947,0.210526316,5.187969925,0.338345865,0.481203008,0.601503759,0.07518797,23.95488722,0.127819549,0.218045113,60504,133,0.756875949,0.95,0.678571429,1,39.73,16.20302513,10.58962585,44.45379799,396.3458647,747.5864662,0.038461538,1,965,0,0,0,0
930216,963,0.5,0.223076923,0.584615385,0.061538462,0.015384615,0.076923077,3.823076923,1.730769231,0.092307692,0.469230769,0.069230769,0.061538462,6.130769231,0.369230769,0.169230769,0.307692308,0.076923077,0.046153846,0.561538462,0.007692308,0.407692308,0.184615385,3.715384615,0.192307692,1.076923077,0.7,0.161538462,20.36153846,0.092307692,0.138461538,60566,130,0.608696519,0.955882353,0.666666667,1,38.622,14.5373458,11.53397585,69.85617186,21.06153846,749.9615385,0,0,0,0,0,0,0
930216,964,0.525641026,0.346153846,0.435897436,0.025641026,0.038461538,0.08974359,3.115384615,1.820512821,0.051282051,0.358974359,0.08974359,0.08974359,4.012820513,0.346153846,0.294871795,0.358974359,0.08974359,0.051282051,0.692307692,0,0.653846154,0.256410256,1.692307692,0.217948718,0.91025641,0.923076923,0.115384615,22.80769231,0.128205128,0.230769231,60629,78,0.573141748,0.928571429,0.709090909,1,30.062,11.26516367,9.231308712,-3.733547019,114.7820513,749.7179487,0.459459459,3,971,975,977,0,0
930216,965,0.401709402,0.11965812,0.47008547,0.042735043,0.042735043,0.068376068,1.974358974,2.008547009,0.068376068,0.393162393,0.111111111,0.05982906,3,0.324786325,0.145299145,0.290598291,0.102564103,0.051282051,0.564102564,0.008547009,0.384615385,0.230769231,4.017094017,0.222222222,0.58974359,0.64957265,0.094017094,20.26495726,0.213675214,0.213675214,60692,117,0.762132558,0.951219512,0.664772727,1,39.614,15.70984674,10.17088485,13.21065688,411.7777778,750.0683761,0.68,3,955,962,968,0,0
930216,966,0.354166667,0.34375,0.635416667,0.145833333,0.020833333,0.0625,2.708333333,1.958333333,0.03125,0.510416667,0.041666667,0.1875,3.302083333,0.395833333,0.114583333,0.28125,0.041666667,0.020833333,0.46875,0.020833333,0.46875,0.177083333,1.46875,0.302083333,0.46875,0.59375,0.104166667,23.97916667,0.083333333,0.291666667,60755,96,0.617308383,0.95049505,0.666666667,1,32.998,12.58414613,9.900215456,48.250917,138.8125,750.5625,0,0,0,0,0,0,0
930216,967,0.321428571,0.294642857,0.732142857,0.053571429,0.026785714,0.044642857,3.241071429,2.035714286,0.053571429,0.526785714,0.008928571,0.071428571,3.080357143,0.303571429,0.285714286,0.267857143,0.071428571,0.035714286,0.955357143,0,0.482142857,0.383928571,9.535714286,0.223214286,0.535714286,0.803571429,0.142857143,18.55357143,0.133928571,0.223214286,60818,112,0.651702028,0.949152542,0.717948718,1,35.694,13.80125798,10.46791043,44.79041368,353.5982143,753.3303571,0,0,0,0,0,0,0
930216,968,0.3625,0.225,0.6375,0.125,0.0125,0.1125,1.375,2,0.0375,0.325,0.025,0.025,2.8375,0.3875,0.0625,0.3,0.025,0.0375,0.3875,0,0.5,0.2375,10.025,0.325,0.4,0.5,0.1125,15.4625,0.1375,0.25,60881,80,0.857222714,0.909090909,0.512820513,1,33.47,14.3157363,7.37182886,39.69321065,418.1625,754.85,0.511627907,2,955,965,0,0,0
930216,969,0.182539683,0.198412698,0.785714286,0.055555556,0.007936508,0.063492063,1.880952381,2.111111111,0.063492063,0.365079365,0.079365079,0.087301587,3.023809524,0.285714286,0.087301587,0.317460317,0.095238095,0.023809524,0.452380952,0.007936508,0.380952381,0.277777778,4.658730159,0.277777778,0.452380952,0.603174603,0.111111111,17.65079365,0.174603175,0.253968254,60944,126,0.606281409,0.969230769,0.75,1,37.191,14.26256142,11.34230457,28.05183659,704.547619,753.7301587,0.208333333,1,982,0,0,0,0
930216,970,0.294642857,0.196428571,1.053571429,0.035714286,0.008928571,0.0625,1.660714286,1.544642857,0.089285714,0.339285714,0.116071429,0.080357143,2.535714286,0.410714286,0.133928571,0.366071429,0.080357143,0.044642857,0.392857143,0.008928571,0.5,0.276785714,6.473214286,0.294642857,0.339285714,0.5,0.098214286,17.65178571,0.0625,0.258928571,61007,112,0.197609435,0.949152542,0.717948718,1,35.049,12.12894287,11.88977022,-7.937748731,727.8035714,755.25,0,0,0,0,0,0,0
930216,971,0.441176471,0.235294118,0.382352941,0,0.058823529,0,4.088235294,1.323529412,0.147058824,0.470588235,0.058823529,0.088235294,2.470588235,0.117647059,0.264705882,0.323529412,0.029411765,0,0.647058824,0,0.558823529,0.205882353,2.941176471,0.323529412,1.647058824,0.970588235,0.117647059,18.97058824,0.235294118,0.323529412,61070,34,0.781646729,0.85,0.566666667,1,22.743,9.007594796,5.618229679,2.097516846,115.6764706,755.5588235,1,3,964,975,977,0,0
930216,972,0.302816901,0.330985915,0.577464789,0.063380282,0.035211268,0.105633803,3.929577465,1.767605634,0.11971831,0.330985915,0.077464789,0.077464789,2.957746479,0.35915493,0.154929577,0.345070423,0.070422535,0.070422535,0.577464789,0.007042254,0.323943662,0.225352113,6.387323944,0.190140845,1.352112676,0.690140845,0.11971831,20.3943662,0.14084507,0.190140845,61132,142,0.470489496,0.940397351,0.676190476,1,40.681,14.40585235,12.71180472,23.85566614,456.9295775,756.1197183,0,0,0,0,0,0,0
930216,973,0.458715596,0.357798165,0.678899083,0.082568807,0.04587156,0.04587156,4.018348624,2.073394495,0.064220183,0.495412844,0.027522936,0.073394495,3.201834862,0.422018349,0.155963303,0.458715596,0.082568807,0.119266055,0.577981651,0,0.532110092,0.385321101,12.47706422,0.311926606,1.119266055,0.577981651,0.128440367,21.77981651,0.155963303,0.146788991,61195,109,0.461366674,0.956140351,0.756944444,1,34.197,12.57981543,11.16093243,49.62647392,632.3853211,755.2201835,0.272727273,1,986,0,0,0,0
930216,974,0.423357664,0.299270073,0.583941606,0.072992701,0.01459854,0.087591241,3.839416058,1.759124088,0.087591241,0.489051095,0.102189781,0.138686131,2.737226277,0.328467153,0.343065693,0.284671533,0.04379562,0.065693431,0.693430657,0.02919708,0.328467153,0.255474453,7.379562044,0.270072993,1.335766423,0.737226277,0.175182482,23.02189781,0.124087591,0.248175182,61258,137,0.516394963,0.958041958,0.698979592,1,38.994,14.35643369,12.2941397,46.43670554,239.2043796,757.6788321,0,0,0,0,0,0,0
930216,975,0.5,0.296296296,0.518518519,0.148148148,0.037037037,0.018518519,3.388888889,1.962962963,0.055555556,0.37037037,0.055555556,0.055555556,2.259259259,0.444444444,0.111111111,0.351851852,0.148148148,0.037037037,0.611111111,0.018518519,0.425925926,0.222222222,2.259259259,0.277777778,0.87037037,0.740740741,0.148148148,22.12962963,0.092592593,0.425925926,61321,54,0.74746069,0.870967742,0.613636364,1,25.952,10.51011408,6.981932289,66.36506056,120.8333333,758.2777778,0.6875,3,964,971,977,0,0
930216,976,0.587234043,0.234042553,0.523404255,0.055319149,0.042553191,0.038297872,6.059574468,1.90212766,0.085106383,0.557446809,0.059574468,0.085106383,7.485106383,0.361702128,0.187234043,0.353191489,0.09787234,0.076595745,0.527659574,0.017021277,0.565957447,0.229787234,2.114893617,0.340425532,0.906382979,0.685106383,0.144680851,21.41702128,0.072340426,0.217021277,61384,235,0.822213351,0.9437751,0.658263305,1,56.502,23.18408525,13.19590405,56.2627767,756.4510638,759.6595745,0,0,0,0,0,0,0
930216,977,0.417721519,0.17721519,0.594936709,0.101265823,0.063291139,0.113924051,2.784810127,1.037974684,0.025316456,0.265822785,0.025316456,0.075949367,4.291139241,0.35443038,0.126582278,0.329113924,0.063291139,0.050632911,0.670886076,0.050632911,0.443037975,0.303797468,4.088607595,0.240506329,0.481012658,0.632911392,0.113924051,19.79746835,0.240506329,0.202531646,61447,79,0.84272249,0.897727273,0.598484848,1,32.51,13.97972682,7.525961045,-49.53803219,113.5316456,761.6582278,0.857142857,4,964,971,975,979,0
930216,978,0.329896907,0.206185567,0.577319588,0.030927835,0,0.082474227,4.628865979,1.75257732,0.12371134,0.494845361,0.051546392,0.06185567,7.06185567,0.268041237,0.144329897,0.371134021,0.134020619,0.041237113,0.525773196,0.030927835,0.587628866,0.206185567,1.103092784,0.237113402,0.659793814,0.618556701,0.18556701,16.02061856,0.082474227,0.216494845,61510,97,0.678223422,0.941747573,0.678321678,1,33.362,13.08279551,9.613967649,31.42580856,516.5670103,764.8247423,0,0,0,0,0,0,0
930216,979,0.628571429,0.192857143,0.5,0.05,0.028571429,0.064285714,1.957142857,2.007142857,0.064285714,0.578571429,0.042857143,0.114285714,6.921428571,0.45,0.15,0.407142857,0.071428571,0.064285714,0.607142857,0.014285714,0.535714286,0.321428571,2.492857143,0.214285714,0.614285714,0.864285714,0.164285714,24.86428571,0.128571429,0.25,61573,140,0.702661238,0.891719745,0.588235294,1,44.039,16.33873041,11.62540779,-80.1664639,105.1785714,764.1571429,0.684210526,2,977,991,0,0,0
930216,980,0.363057325,0.229299363,0.496815287,0.063694268,0.031847134,0.076433121,4.203821656,1.942675159,0.095541401,0.541401274,0.063694268,0.070063694,4.025477707,0.382165605,0.152866242,0.337579618,0.095541401,0.108280255,0.617834395,0.031847134,0.605095541,0.203821656,9,0.350318471,1.210191083,0.598726115,0.203821656,21.15286624,0.127388535,0.203821656,61636,157,0.522151867,0.957317073,0.700892857,1,42.36,15.41084509,13.14317814,69.92718577,685.2420382,764.9426752,0.381818182,2,982,992,0,0,0
930216,981,0.326315789,0.315789474,0.926315789,0.052631579,0.010526316,0.084210526,2.021052632,1.884210526,0.031578947,0.368421053,0.042105263,0.031578947,3.947368421,0.368421053,0.136842105,0.326315789,0.052631579,0.052631579,0.473684211,0.010526316,0.526315789,0.273684211,8.957894737,0.315789474,0.442105263,0.894736842,0.147368421,21.11578947,0.178947368,0.094736842,61698,95,0.525062888,0.95,0.71969697,1,32.328,11.99559403,10.20901141,35.08610682,283.8421053,765.9473684,0,0,0,0,0,0,0
930216,982,0.25203252,0.422764228,0.845528455,0.06504065,0,0.024390244,1.731707317,1.902439024,0.081300813,0.430894309,0.008130081,0.146341463,2.414634146,0.390243902,0.170731707,0.276422764,0.081300813,0.081300813,0.609756098,0,0.650406504,0.406504065,16.36585366,0.325203252,0.487804878,0.569105691,0.178861789,21.09756098,0.105691057,0.18699187,61761,123,0.51887265,0.9609375,0.732142857,1,37.1,13.6000176,11.62599613,21.56454345,699.8699187,765.6341463,0.404255319,2,969,980,0,0,0
930216,983,0.377192982,0.307017544,0.649122807,0.122807018,0.026315789,0.043859649,3.219298246,1.622807018,0.061403509,0.263157895,0.052631579,0.087719298,2.587719298,0.298245614,0.078947368,0.245614035,0.061403509,0.061403509,0.377192982,0.026315789,0.587719298,0.333333333,7.912280702,0.219298246,1.114035088,0.535087719,0.087719298,17.69298246,0.131578947,0.228070175,61824,114,0.601464155,0.94214876,0.678571429,1,36.182,13.61512985,10.87712435,78.91861302,719.245614,767.254386,0,0,0,0,0,0,0
930216,984,0.584269663,0.202247191,0.303370787,0.101123596,0.06741573,0.123595506,2.921348315,1.831460674,0.078651685,0.404494382,0.04494382,0.04494382,4.584269663,0.359550562,0.146067416,0.528089888,0.056179775,0.06741573,0.640449438,0.02247191,0.426966292,0.213483146,1.921348315,0.314606742,0.865168539,0.775280899,0.134831461,20.78651685,0.06741573,0.269662921,61887,89,0.666810799,0.967391304,0.73553719,1,31.286,12.40673506,9.245834591,44.15099621,390.8988764,767.3033708,0.325,1,1000,0,0,0,0
930216,985,0.404494382,0.292134831,0.988764045,0.112359551,0.06741573,0.101123596,3.471910112,2.056179775,0.08988764,0.539325843,0.06741573,0.08988764,5.516853933,0.370786517,0.168539326,0.292134831,0.056179775,0.02247191,0.752808989,0.011235955,0.415730337,0.213483146,3.157303371,0.303370787,0.516853933,0.93258427,0.157303371,20.74157303,0.168539326,0.348314607,61950,89,0.356754636,0.978021978,0.809090909,1,31.377,11.10224179,10.37169343,74.0676885,772.7303371,767.1235955,0.5,1,987,0,0,0,0
930216,986,0.321100917,0.28440367,0.706422018,0.073394495,0.027522936,0.082568807,2.47706422,2.183486239,0.064220183,0.366972477,0.036697248,0.165137615,4.064220183,0.339449541,0.128440367,0.376146789,0.04587156,0.073394495,0.623853211,0.009174312,0.357798165,0.23853211,2.669724771,0.293577982,0.587155963,0.633027523,0.082568807,19.62385321,0.091743119,0.220183486,62013,109,0.614607506,0.947826087,0.762237762,1,34.933,13.3403711,10.52332589,65.68322893,632.9908257,767.146789,0.409090909,2,973,1002,0,0,0
930216,987,0.330935252,0.151079137,1,0.079136691,0.043165468,0.071942446,1.949640288,1.633093525,0.043165468,0.323741007,0.064748201,0.050359712,2.942446043,0.330935252,0.107913669,0.273381295,0.043165468,0.079136691,0.446043165,0.007194245,0.431654676,0.201438849,3.410071942,0.230215827,0.625899281,0.618705036,0.057553957,16.42446043,0.079136691,0.194244604,62076,139,0.546980749,0.772222222,0.514814815,1,50.961,16.34644636,13.68434886,67.08954936,781.8201439,767.1582734,0.682539683,2,985,995,0,0,0
930216,988,0.3,0.24,0.74,0.06,0.026666667,0.08,3.32,1.78,0.073333333,0.333333333,0.033333333,0.033333333,3.266666667,0.513333333,0.146666667,0.366666667,0.066666667,0.053333333,0.533333333,0,0.533333333,0.293333333,11.36,0.293333333,1.006666667,0.546666667,0.14,18.38666667,0.106666667,0.246666667,62139,150,0.217094996,0.943396226,0.765306122,1,42.219,14.11531105,13.77866768,-60.20692352,476.3733333,769.34,0,0,0,0,0,0,0
930216,989,0.323232323,0.232323232,0.404040404,0.090909091,0.050505051,0.04040404,1.707070707,1.292929293,0.070707071,0.464646465,0.04040404,0.101010101,4.323232323,0.414141414,0.121212121,0.363636364,0.03030303,0.04040404,0.494949495,0.01010101,0.474747475,0.171717172,5.070707071,0.252525253,0.444444444,0.535353535,0.070707071,18.96969697,0.090909091,0.212121212,62202,99,0.519317572,0.951923077,0.6875,1,33.089,12.22080907,10.44367533,48.67455519,597.6868687,768.6262626,0,0,0,0,0,0,0
930216,990,0.309734513,0.230088496,0.654867257,0.026548673,0.026548673,0.079646018,3.504424779,1.530973451,0.088495575,0.371681416,0.044247788,0.10619469,2.761061947,0.283185841,0.168141593,0.407079646,0.079646018,0.03539823,0.557522124,0,0.477876106,0.283185841,3.008849558,0.318584071,1.008849558,0.575221239,0.203539823,23.25663717,0.123893805,0.238938053,62265,113,0.835763833,0.8828125,0.579487179,1,40.003,16.85069372,9.252531873,34.02938872,559.5929204,769.4424779,0.450980392,1,998,0,0,0,0
930216,991,0.641025641,0.282051282,0.512820513,0.08974359,0.051282051,0.064102564,1.871794872,2.025641026,0.012820513,0.576923077,0.012820513,0.076923077,4.730769231,0.320512821,0.320512821,0.320512821,0.038461538,0.012820513,0.551282051,0.012820513,0.384615385,0.294871795,3.461538462,0.217948718,0.564102564,0.653846154,0.141025641,20.08974359,0.08974359,0.205128205,62327,78,0.567587382,0.939759036,0.590909091,1,31.774,11.48332223,9.454370342,-39.45528831,98.87179487,770.9615385,0.609756098,2,979,1007,0,0,0
930216,992,0.352272727,0.193181818,0.693181818,0.079545455,0.034090909,0.045454545,2.136363636,2.352272727,0.102272727,0.681818182,0.147727273,0.125,9.454545455,0.409090909,0.159090909,0.227272727,0.113636364,0.102272727,0.579545455,0.022727273,0.431818182,0.204545455,4.056818182,0.215909091,0.568181818,0.693181818,0.147727273,21.375,0.090909091,0.227272727,62390,88,0.482929534,0.946236559,0.733333333,1,31.013,11.42321779,10.00284595,7.221903714,674.5568182,770.875,0.325,1,980,0,0,0,0
930216,993,0.354545455,0.290909091,0.581818182,0.072727273,0.027272727,0.109090909,4.281818182,1.936363636,0.054545455,0.272727273,0.054545455,0.090909091,3.954545455,0.409090909,0.163636364,0.327272727,0.054545455,0.136363636,0.590909091,0.036363636,0.645454545,0.227272727,9.972727273,0.309090909,1.072727273,0.672727273,0.127272727,21.77272727,0.145454545,0.272727273,62453,110,0.746828704,0.948275862,0.654761905,1,36.364,14.70712329,9.780479015,57.81376565,63.27272727,772.0636364,0.5,2,999,1009,0,0,0
930216,994,0.292993631,0.248407643,0.732484076,0.095541401,0.031847134,0.038216561,3.095541401,1.643312102,0.108280255,0.47133758,0.050955414,0.133757962,4.592356688,0.407643312,0.108280255,0.407643312,0.050955414,0.044585987,0.624203822,0.012738854,0.394904459,0.127388535,2.675159236,0.203821656,0.732484076,0.662420382,0.121019108,19.22929936,0.082802548,0.165605096,62516,157,0.772223467,0.93452381,0.659663866,1,44.973,17.95434947,11.40731423,28.0541399,268.0318471,774.1783439,0.350877193,2,1006,1010,0,0,0
930216,995,0.338461538,0.092307692,0.892307692,0.046153846,0.030769231,0.046153846,1.907692308,1.6,0.046153846,0.430769231,0.061538462,0.076923077,2.953846154,0.323076923,0.261538462,0.338461538,0.030769231,0.123076923,0.369230769,0.046153846,0.615384615,0.246153846,2.153846154,0.261538462,0.415384615,0.430769231,0.169230769,18.07692308,0.184615385,0.138461538,62579,65,0.819108681,0.928571429,0.677083333,1,29.69,12.22426559,7.01230768,25.98848278,784.0923077,774.7384615,0.638888889,1,987,0,0,0,0
930216,996,0.47260274,0.287671233,0.931506849,0.068493151,0.082191781,0.102739726,1.931506849,2.164383562,0.054794521,0.397260274,0.047945205,0.082191781,3.54109589,0.445205479,0.068493151,0.390410959,0.047945205,0.054794521,0.664383562,0.020547945,0.636986301,0.212328767,2.828767123,0.267123288,0.48630137,0.54109589,0.123287671,22.08219178,0.136986301,0.301369863,62642,146,0.813760348,0.874251497,0.715686275,1,46.809,18.59857308,10.80950118,-9.396334928,25.38356164,775.3630137,0.438596491,2,1005,1018,0,0,0
930216,997,0.449152542,0.262711864,0.525423729,0.13559322,0.06779661,0.084745763,2.652542373,1.991525424,0.101694915,0.372881356,0.042372881,0.076271186,6.279661017,0.398305085,0.110169492,0.347457627,0.118644068,0.059322034,0.542372881,0.016949153,0.389830508,0.330508475,7.161016949,0.254237288,0.720338983,0.728813559,0.169491525,22.72033898,0.110169492,0.211864407,62705,118,0.743763769,0.944,0.648351648,1,38.142,15.15848816,10.13257863,38.40072332,159.1271186,774.3559322,0,0,0,0,0,0,0
930216,998,0.418918919,0.432432432,1.108108108,0.094594595,0.027027027,0.094594595,2.648648649,2.162162162,0.040540541,0.513513514,0.054054054,0.108108108,4.878378378,0.391891892,0.108108108,0.283783784,0.108108108,0.027027027,0.72972973,0.013513514,0.432432432,0.243243243,3.283783784,0.27027027,0.5,0.662162162,0.135135135,26.60810811,0.189189189,0.378378378,62768,74,0.7248979,0.891566265,0.616666667,1,30.914,12.01932712,8.279589494,19.37192192,562.1891892,775.9189189,0.552631579,1,990,0,0,0,0
930216,999,0.58974359,0.162393162,0.538461538,0.042735043,0.051282051,0.008547009,2.760683761,1.905982906,0.068376068,0.41025641,0.102564103,0.085470085,3.264957265,0.444444444,0.111111111,0.307692308,0.111111111,0.051282051,0.435897436,0.025641026,0.307692308,0.162393162,3.512820513,0.128205128,0.803418803,0.692307692,0.076923077,19.2991453,0.085470085,0.307692308,62831,117,0.663841473,0.943548387,0.696428571,1,36.364,14.22698511,10.63998256,65.90705177,69.73504274,778.6752137,0.5,2,993,1009,0,0,0
930216,1000,0.508928571,0.214285714,0.464285714,0.098214286,0.026785714,0.071428571,2.973214286,1.142857143,0.071428571,0.205357143,0.044642857,0.071428571,1.330357143,0.3125,0.080357143,0.196428571,0.008928571,0.044642857,0.392857143,0.008928571,0.303571429,0.339285714,13.52678571,0.232142857,0.598214286,0.517857143,0.125,13.42857143,0.116071429,0.178571429,62893,112,0.197241593,0.957264957,0.777777778,1,35.578,12.20083444,11.96114797,-4.67722206,388.7232143,777.8482143,0.272727273,1,984,0,0,0,0
930216,1001,0.5,0.4,0.609090909,0.054545455,0.036363636,0.090909091,3.563636364,2.027272727,0.109090909,0.363636364,0.063636364,0.109090909,3.181818182,0.3,0.127272727,0.372727273,0.072727273,0.036363636,0.490909091,0,0.427272727,0.218181818,2.527272727,0.281818182,1.027272727,0.654545455,0.145454545,19.73636364,0.1,0.245454545,62956,110,0.696549605,0.964912281,0.654761905,1,35.992,14.11805317,10.12982512,35.5174355,431.4181818,779.2909091,0.404255319,2,1011,1014,0,0,0
930216,1002,0.436363636,0.254545455,0.572727273,0.063636364,0.027272727,0.145454545,2.309090909,1.8,0.045454545,0.3,0.081818182,0.081818182,3.427272727,0.3,0.154545455,0.354545455,0.027272727,0.054545455,0.645454545,0.018181818,0.518181818,0.172727273,2.581818182,0.318181818,0.554545455,0.690909091,0.227272727,20.11818182,0.154545455,0.290909091,63019,110,0.728721693,0.924369748,0.654761905,1,36.455,14.52363295,9.94592863,24.28436344,634.5818182,780.3545455,0.520833333,2,986,1015,0,0,0
930216,1003,0.370967742,0.290322581,0.47311828,0.11827957,0.048387097,0.053763441,3.478494624,1.543010753,0.129032258,0.478494624,0.053763441,0.155913978,2.564516129,0.349462366,0.123655914,0.306451613,0.064516129,0.075268817,0.478494624,0.021505376,0.548387097,0.166666667,1.838709677,0.279569892,1.231182796,0.747311828,0.209677419,19.83333333,0.139784946,0.26344086,63082,186,0.799673072,0.93,0.69924812,1,48.984,20.12370576,12.08299047,68.59686096,135.3225806,783.5806452,0,0,0,0,0,0,0
930216,1004,0.451327434,0.194690265,0.442477876,0.079646018,0.03539823,0.132743363,4.088495575,1.840707965,0.044247788,0.504424779,0.044247788,0.132743363,3.716814159,0.460176991,0.17699115,0.309734513,0.097345133,0.079646018,0.592920354,0.017699115,0.548672566,0.300884956,2.362831858,0.371681416,1.362831858,0.752212389,0.212389381,22.38938053,0.10619469,0.203539823,63145,113,0.652669931,0.957627119,0.672619048,1,35.81,13.85864487,10.49989655,58.4014349,236.6460177,783.6283186,0,0,0,0,0,0,0
930216,1005,0.215517241,0.163793103,0.810344828,0.086206897,0.034482759,0.068965517,1.681034483,1.922413793,0.068965517,0.318965517,0.034482759,0.043103448,2.724137931,0.405172414,0.077586207,0.379310345,0.025862069,0.051724138,0.620689655,0.017241379,0.370689655,0.25862069,5.551724138,0.206896552,0.301724138,0.603448276,0.103448276,19.63793103,0.155172414,0.215517241,63208,116,0.737028906,0.943089431,0.659090909,1,38.688,15.05051743,10.17206111,7.145962293,25.54310345,783.9224138,0.770833333,2,996,1018,0,0,0
930216,1006,0.591836735,0.214285714,0.469387755,0.081632653,0.010204082,0.091836735,2,1.663265306,0.030612245,0.234693878,0.071428571,0.051020408,3.295918367,0.459183673,0.316326531,0.285714286,0.091836735,0.102040816,0.408163265,0.030612245,0.285714286,0.224489796,10.12244898,0.234693878,0.346938776,0.56122449,0.112244898,16.41836735,0.102040816,0.142857143,63271,98,0.550729114,0.91588785,0.742424242,1,34.445,12.43009038,10.37519803,-62.80672414,271.2653061,784.5510204,0.585365854,2,994,1010,0,0,0
930216,1007,0.536764706,0.154411765,0.507352941,0.110294118,0.029411765,0.051470588,2.352941176,1.676470588,0.110294118,0.352941176,0.051470588,0.066176471,5.147058824,0.338235294,0.088235294,0.279411765,0.088235294,0.080882353,0.595588235,0.007352941,0.404411765,0.169117647,1.735294118,0.345588235,0.691176471,0.691176471,0.095588235,19.375,0.095588235,0.176470588,63334,136,0.343101931,0.925170068,0.647619048,1,41.235,13.83318033,12.99348106,-42.40896082,97.91911765,784.2132353,0.679245283,3,991,1012,1016,0,0
930216,1008,0.293103448,0.25862069,0.681034483,0.120689655,0.025862069,0.103448276,2.025862069,1.767241379,0.025862069,0.24137931,0.086206897,0.051724138,2.594827586,0.301724138,0.155172414,0.318965517,0.025862069,0.094827586,0.612068966,0.017241379,0.405172414,0.310344828,5.594827586,0.318965517,0.370689655,0.5,0.129310345,18.25862069,0.146551724,0.198275862,63397,116,0.715002474,0.943089431,0.644444444,1,37.77,14.7283264,10.29689587,-21.43938749,473.2844828,784.8017241,0.408163265,1,1023,0,0,0,0
930216,1009,0.425925926,0.166666667,0.916666667,0.12037037,0.046296296,0.064814815,2.157407407,2.092592593,0.074074074,0.287037037,0.092592593,0.166666667,3.175925926,0.287037037,0.148148148,0.287037037,0.064814815,0.027777778,0.675925926,0.027777778,0.472222222,0.287037037,5.416666667,0.175925926,0.685185185,0.666666667,0.203703704,19.98148148,0.111111111,0.25,63460,108,0.577356259,0.947368421,0.755244755,1,34.933,13.10994554,10.70417018,-20.05349134,58.32407407,784.8981481,0.727272727,4,993,999,1021,1030,0
930216,1010,0.345679012,0.259259259,0.50617284,0.098765432,0.049382716,0.086419753,2.172839506,1.469135802,0.049382716,0.283950617,0.061728395,0.061728395,3.592592593,0.481481481,0.111111111,0.24691358,0.135802469,0.061728395,0.37037037,0,0.296296296,0.271604938,5.308641975,0.135802469,0.49382716,0.913580247,0.12345679,17.61728395,0.111111111,0.222222222,63522,81,0.682559733,0.952941176,0.75,1,30.062,11.98579817,8.75957859,-87.74300577,262.8518519,786.1111111,0.567567568,2,994,1006,0,0,0
930216,1011,0.445378151,0.327731092,0.621848739,0.151260504,0.050420168,0.092436975,4.084033613,1.714285714,0.075630252,0.361344538,0.050420168,0.084033613,2.394957983,0.361344538,0.067226891,0.43697479,0.058823529,0.025210084,0.571428571,0.016806723,0.403361345,0.218487395,3.159663866,0.285714286,1.697478992,0.647058824,0.168067227,20.26890756,0.075630252,0.159663866,63585,119,0.710483006,0.952,0.708333333,1,37.373,14.82499422,10.43256129,36.33760772,439.0084034,784.8487395,0.395833333,1,1001,0,0,0,0
930216,1012,0.475308642,0.240740741,0.50617284,0.067901235,0.055555556,0.104938272,4.475308642,1.796296296,0.080246914,0.425925926,0.043209877,0.12962963,2.611111111,0.345679012,0.055555556,0.24691358,0.074074074,0.037037037,0.462962963,0.012345679,0.432098765,0.203703704,5.25308642,0.265432099,0.833333333,0.709876543,0.12962963,21.10493827,0.135802469,0.216049383,63648,162,0.636955987,0.925714286,0.635294118,1,46.288,16.73783651,12.903201,34.33989868,112.2098765,784.1481481,0.203389831,1,1007,0,0,0,0
930216,1013,0.373626374,0.230769231,0.659340659,0.120879121,0.021978022,0.054945055,2.648351648,2.285714286,0.076923077,0.32967033,0.054945055,0.043956044,3.142857143,0.296703297,0.098901099,0.417582418,0.076923077,0.087912088,0.67032967,0.032967033,0.318681319,0.131868132,1.153846154,0.285714286,0.571428571,0.615384615,0.098901099,20.8021978,0.10989011,0.21978022,63711,91,0.546740929,0.93814433,0.689393939,1,31.683,11.85031012,9.922286363,70.70098507,716.1978022,786.6373626,0.097560976,1,1024,0,0,0,0
930216,1014,0.55033557,0.241610738,0.516778523,0.053691275,0.026845638,0.053691275,3.234899329,1.986577181,0.033557047,0.436241611,0.040268456,0.120805369,5.295302013,0.355704698,0.134228188,0.342281879,0.060402685,0.087248322,0.583892617,0.033557047,0.44966443,0.33557047,10.09395973,0.275167785,0.919463087,0.429530201,0.181208054,19.94630872,0.127516779,0.187919463,63774,149,0.411985681,0.925465839,0.620833333,1,43.493,14.72314717,13.41558917,70.33531869,417.3624161,787.8255034,0.035714286,1,1001,0,0,0,0
930216,1015,0.373134328,0.194029851,0.686567164,0.059701493,0.044776119,0.074626866,2.940298507,2.029850746,0.059701493,0.328358209,0.059701493,0.179104478,4.537313433,0.343283582,0.089552239,0.23880597,0.059701493,0.074626866,0.597014925,0.014925373,0.582089552,0.328358209,1.746268657,0.298507463,0.940298507,0.641791045,0.104477612,19.47761194,0.134328358,0.164179104,63837,67,0.706316727,0.917808219,0.676767677,1,28.102,11.17561735,7.911174297,17.65872705,636.358209,787.8507463,0.914285714,2,1002,1026,0,0,0
930216,1016,0.358974359,0.192307692,0.538461538,0.038461538,0.051282051,0.08974359,2.384615385,1.102564103,0.076923077,0.371794872,0.102564103,0.346153846,4.602564103,0.230769231,0.08974359,0.269230769,0.038461538,0.051282051,0.525641026,0,0.448717949,0.08974359,3.153846154,0.256410256,0.576923077,0.628205128,0.102564103,20.73076923,0.166666667,0.307692308,63900,78,0.698340284,0.917647059,0.590909091,1,32.51,12.36220257,8.848443264,-75.65620673,89.82051282,788.3717949,0.525,1,1007,0,0,0,0
930216,1017,0.48,0.168,1.016,0.08,0.008,0.088,2.416,1.984,0.088,0.344,0.072,0.048,3.816,0.352,0.088,0.328,0.112,0.072,0.592,0.008,0.32,0.216,3.824,0.248,0.56,0.536,0.128,19.928,0.088,0.2,63963,125,0.669474794,0.954198473,0.694444444,1,38.878,14.89620994,11.06542273,9.912826234,193.824,787.92,0.142857143,1,1029,0,0,0,0
930216,1018,0.339130435,0.27826087,0.547826087,0.12173913,0.052173913,0.043478261,4.017391304,2.165217391,0.104347826,0.6,0.069565217,0.043478261,2.339130435,0.452173913,0.182608696,0.382608696,0.139130435,0.052173913,0.530434783,0,0.773913043,0.469565217,12.56521739,0.2,1.095652174,0.965217391,0.217391304,27.84347826,0.173913043,0.243478261,64026,115,0.741213351,0.942622951,0.631868132,1,37.125,14.97223067,10.05040209,52.5632372,33.28695652,789.826087,0.42,2,996,1005,0,0,0
930216,1019,0.18627451,0.31372549,0.745098039,0.068627451,0.029411765,0.098039216,1.362745098,1.774509804,0.058823529,0.274509804,0.088235294,0.117647059,2.911764706,0.245098039,0.205882353,0.196078431,0.107843137,0.049019608,0.352941176,0,0.31372549,0.18627451,6.392156863,0.205882353,0.450980392,0.676470588,0.088235294,16.61764706,0.156862745,0.294117647,64088,102,0.662559999,0.953271028,0.708333333,1,33.734,13.25365652,9.927105939,40.78377339,554.3627451,788.4901961,0,0,0,0,0,0,0
930216,1020,0.290909091,0.218181818,0.993939394,0.042424242,0.060606061,0.115151515,2.157575758,1.6,0.060606061,0.272727273,0.090909091,0.060606061,8.842424242,0.278787879,0.151515152,0.296969697,0.042424242,0.054545455,0.460606061,0.024242424,0.406060606,0.206060606,1.527272727,0.23030303,0.636363636,0.642424242,0.115151515,21.35151515,0.109090909,0.127272727,64151,165,0.708915199,0.9375,0.693277311,1,47.967,17.64773609,12.44683756,60.78922034,583.3272727,788.7878788,0.229508197,1,1031,0,0,0,0
930216,1021,0.385416667,0.25,0.5,0.083333333,0.020833333,0.03125,4.208333333,1.84375,0.083333333,0.395833333,0.041666667,0.104166667,2.020833333,0.510416667,0.208333333,0.302083333,0.125,0.03125,0.625,0.010416667,0.489583333,0.270833333,10.52083333,0.229166667,1.208333333,0.625,0.1875,21.3125,0.104166667,0.197916667,64214,96,0.471269068,0.932038835,0.615384615,1,34.396,11.97509023,10.56190376,-9.386858006,53.08333333,792.78125,0.431818182,2,1009,1030,0,0,0
930216,1022,0.699186992,0.260162602,0.682926829,0.097560976,0.016260163,0.073170732,3.317073171,1.674796748,0.089430894,0.398373984,0.06504065,0.056910569,5,0.455284553,0.268292683,0.365853659,0.06504065,0.130081301,0.552845528,0,0.382113821,0.260162602,4.056910569,0.235772358,1.56097561,0.658536585,0.130081301,20.45528455,0.130081301,0.130081301,64277,123,0.279551957,0.946153846,0.727810651,1,37.381,12.85496548,12.34244528,-47.23569917,284.2764228,792.9268293,0.234042553,1,1033,0,0,0,0
930216,1023,0.405940594,0.445544554,0.663366337,0.089108911,0.02970297,0.04950495,4.742574257,1.881188119,0.099009901,0.376237624,0.099009901,0.099009901,4.01980198,0.405940594,0.198019802,0.336633663,0.059405941,0.069306931,0.524752475,0.01980198,0.683168317,0.415841584,15.9009901,0.297029703,1.366336634,0.702970297,0.138613861,21.75247525,0.158415842,0.217821782,64340,101,0.500226665,0.935185185,0.765151515,1,34.743,12.4596065,10.78870473,-2.68287909,467.9009901,792.3465347,0.76744186,2,1008,1032,0,0,0
930216,1024,0.41509434,0.320754717,0.613207547,0.028301887,0.075471698,0.113207547,1.962264151,2.245283019,0.075471698,0.377358491,0.066037736,0.103773585,2.481132075,0.424528302,0.141509434,0.245283019,0.08490566,0.160377358,1.009433962,0,0.462264151,0.462264151,10.90566038,0.216981132,0.5,0.735849057,0.132075472,20.81132075,0.132075472,0.235849057,64403,106,0.731369784,0.92173913,0.630952381,1,36.637,14.21851237,9.696756905,36.36889646,703.2641509,793.2169811,0.088888889,1,1013,0,0,0,0
930216,1025,0.413978495,0.215053763,0.489247312,0.091397849,0.037634409,0.107526882,1.956989247,1.73655914,0.053763441,0.35483871,0.064516129,0.043010753,3.784946237,0.424731183,0.139784946,0.274193548,0.037634409,0.032258065,0.5,0.016129032,0.435483871,0.392473118,6.838709677,0.231182796,0.553763441,0.564516129,0.123655914,17.58064516,0.086021505,0.225806452,64466,186,0.665520532,0.944162437,0.69924812,1,48.157,18.01803748,13.44829457,1.728122555,374.1935484,793.5107527,0,0,0,0,0,0,0
930216,1026,0.284090909,0.318181818,0.704545455,0.068181818,0.045454545,0.090909091,2.761363636,2.056818182,0.113636364,0.420454545,0.045454545,0.170454545,2.875,0.386363636,0.090909091,0.363636364,0.079545455,0.090909091,0.670454545,0,0.443181818,0.193181818,1.556818182,0.25,0.647727273,0.613636364,0.102272727,19.55681818,0.125,0.306818182,64529,88,0.341881395,0.936170213,0.727272727,1,30.922,11.00906276,10.34569087,-41.00940173,639.8068182,796.0340909,0.325,1,1015,0,0,0,0
930216,1027,0.434782609,0.202898551,0.746376812,0.072463768,0.050724638,0.072463768,3.869565217,2.094202899,0.079710145,0.449275362,0.057971014,0.065217391,3.833333333,0.471014493,0.115942029,0.413043478,0.115942029,0.057971014,0.731884058,0.036231884,0.420289855,0.239130435,2.623188406,0.362318841,1.289855072,0.702898551,0.173913043,24.34057971,0.086956522,0.268115942,64592,138,0.670239733,0.958333333,0.707692308,1,39.639,15.4910863,11.49662702,29.00611236,728.1304348,796.2391304,0,0,0,0,0,0,0
930216,1028,0.37254902,0.284313725,0.696078431,0.078431373,0.019607843,0.039215686,3.176470588,1.882352941,0.088235294,0.352941176,0.029411765,0.117647059,2.274509804,0.392156863,0.215686275,0.215686275,0.117647059,0.029411765,0.588235294,0.039215686,0.37254902,0.235294118,7.029411765,0.225490196,0.598039216,0.549019608,0.196078431,17.85294118,0.137254902,0.18627451,64654,102,0.488275976,0.944444444,0.713286713,1,33.734,12.29334746,10.72827248,1.585506336,115.7156863,799.4705882,0,0,0,0,0,0,0
930216,1029,0.444444444,0.203703704,0.916666667,0.111111111,0.064814815,0.111111111,2.759259259,2.416666667,0.12037037,0.425925926,0.064814815,0.138888889,3.62962963,0.648148148,0.083333333,0.351851852,0.092592593,0.074074074,0.953703704,0.027777778,0.583333333,0.351851852,2.638888889,0.342592593,0.657407407,0.666666667,0.194444444,24.77777778,0.138888889,0.351851852,64717,108,0.575892556,0.931034483,0.692307692,1,35.512,13.08412785,10.69660673,37.64009072,200.1481481,799.0833333,0.177777778,1,1017,0,0,0,0
930216,1030,0.482352941,0.417647059,0.617647059,0.076470588,0.064705882,0.041176471,3.941176471,1.935294118,0.064705882,0.364705882,0.041176471,0.117647059,2.5,0.394117647,0.176470588,0.258823529,0.047058824,0.070588235,0.470588235,0.029411765,0.517647059,0.282352941,3.888235294,0.247058824,1.358823529,0.429411765,0.147058824,19.72941176,0.129411765,0.282352941,64780,170,0.719392248,0.95505618,0.708333333,1,45.064,17.78265993,12.3519077,50.24205378,66.30588235,798.0941176,0.051724138,2,1009,1021,0,0,0
930216,1031,0.41221374,0.114503817,0.549618321,0.122137405,0.076335878,0.038167939,2.86259542,2.083969466,0.06870229,0.389312977,0.022900763,0.145038168,5.145038168,0.419847328,0.160305344,0.290076336,0.06870229,0.06870229,0.549618321,0,0.572519084,0.213740458,2.702290076,0.167938931,0.801526718,0.763358779,0.091603053,24.10687023,0.114503817,0.244274809,64843,131,0.540393675,0.95620438,0.71978022,1,38.597,14.19907577,11.94727715,36.99626926,582.9236641,801.8320611,0.326530612,1,1020,0,0,0,0
930216,1032,0.284313725,0.205882353,0.519607843,0.088235294,0.009803922,0.098039216,3.637254902,1.823529412,0.058823529,0.382352941,0.049019608,0.049019608,3.696078431,0.519607843,0.12745098,0.343137255,0.088235294,0.058823529,0.578431373,0.009803922,0.470588235,0.166666667,3.039215686,0.225490196,1.303921569,0.715686275,0.147058824,23.74509804,0.107843137,0.264705882,64906,102,0.394023294,0.953271028,0.708333333,1,34.47,12.17491675,11.1899715,35.07959526,466,802.0882353,0.340909091,1,1023,0,0,0,0
930216,1033,0.383333333,0.216666667,0.725,0.091666667,0.025,0.083333333,2.925,2.175,0.091666667,0.408333333,0.108333333,0.125,3.016666667,0.391666667,0.275,0.466666667,0.058333333,0.083333333,0.591666667,0.008333333,0.408333333,0.125,1.308333333,0.233333333,0.616666667,0.708333333,0.158333333,20.40833333,0.15,0.291666667,64969,120,0.73361134,0.94488189,0.659340659,1,37.679,15.10356165,10.26391646,57.61018027,280.925,806.1666667,0.204081633,1,1022,0,0,0,0
930216,1034,0.530434783,0.226086957,0.52173913,0.052173913,0.017391304,0.069565217,3.347826087,1.765217391,0.043478261,0.391304348,0.043478261,0.07826087,2.069565217,0.356521739,0.2,0.347826087,0.069565217,0.130434783,0.52173913,0,0.495652174,0.313043478,4.182608696,0.182608696,1.2,0.669565217,0.165217391,23.89565217,0.12173913,0.2,65032,115,0.687266148,0.950413223,0.680473373,1,36.182,14.28239007,10.37480956,42.60867949,790.2434783,805.9304348,0,0,0,0,0,0,0
930216,1035,0.320512821,0.282051282,0.91025641,0.115384615,0.012820513,0.102564103,1.743589744,2.102564103,0.012820513,0.307692308,0.064102564,0.08974359,2.448717949,0.474358974,0.141025641,0.423076923,0.064102564,0.08974359,0.666666667,0,0.628205128,0.384615385,3.269230769,0.217948718,0.358974359,0.538461538,0.128205128,24.38461538,0.166666667,0.423076923,65095,78,0.774702765,0.939759036,0.590909091,1,32.221,13.03682879,8.243520187,-37.12906113,708.5897436,805.8846154,0.55,1,1037,0,0,0,0
930216,1036,0.360465116,0.26744186,0.575581395,0.081395349,0.040697674,0.104651163,3.604651163,1.872093023,0.040697674,0.360465116,0.058139535,0.069767442,2.773255814,0.377906977,0.162790698,0.348837209,0.075581395,0.069767442,0.593023256,0.005813953,0.552325581,0.180232558,2.011627907,0.215116279,1.040697674,0.738372093,0.13372093,20.51744186,0.145348837,0.186046512,65158,172,0.435183153,0.924731183,0.674509804,1,47.049,15.81672043,14.24045688,4.538421806,150.9651163,807.9709302,0,0,0,0,0,0,0
930216,1037,0.206349206,0.222222222,0.936507937,0.111111111,0.079365079,0.063492063,2.222222222,2.904761905,0.031746032,0.428571429,0.047619048,0.095238095,3.365079365,0.396825397,0.174603175,0.396825397,0.111111111,0.047619048,0.396825397,0.015873016,0.444444444,0.285714286,2.904761905,0.19047619,0.253968254,0.587301587,0.095238095,26.19047619,0.158730159,0.349206349,65221,63,0.829062794,0.926470588,0.572727273,1,29.318,12.4659637,6.970412281,-35.08086718,704.1904762,810.015873,0.594594595,1,1035,0,0,0,0
930216,1038,1.333333333,0.225806452,0.677419355,0.075268817,0.021505376,0.043010753,2.182795699,1.47311828,0.053763441,0.215053763,0.086021505,0.064516129,2.129032258,0.247311828,0.096774194,0.150537634,0.032258065,0.064516129,0.397849462,0.021505376,0.408602151,0.150537634,3.150537634,0.193548387,0.397849462,0.591397849,0.107526882,17.24731183,0.053763441,0.129032258,65283,93,0.664015648,0.885714286,0.596153846,1,34.958,12.89586759,9.642481049,-57.90692823,254.9892473,808.8387097,0,0,0,0,0,0,0
930216,1039,0.65625,0.3515625,0.671875,0.0625,0.03125,0.0859375,3.875,1.9453125,0.125,0.4453125,0.0390625,0.1015625,15.2421875,0.5078125,0.1015625,0.328125,0.0234375,0.0625,0.6328125,0,0.6171875,0.3984375,12.4765625,0.3046875,1.1015625,0.671875,0.0859375,24.15625,0.1171875,0.1953125,65346,128,0.764507625,0.934306569,0.666666667,1,39.639,16.04668227,10.34392704,23.17279652,506.8203125,810.3671875,0,0,0,0,0,0,0
930216,1040,0.462686567,0.164179104,0.686567164,0.134328358,0,0.119402985,2.701492537,1.343283582,0.059701493,0.611940299,0.014925373,0.074626866,6.656716418,0.567164179,0.119402985,0.328358209,0.044776119,0.104477612,0.656716418,0,0.507462687,0.253731343,10.53731343,0.373134328,0.776119403,0.71641791,0.134328358,20.74626866,0.134328358,0.208955224,65409,67,0.620646635,0.917808219,0.67,1,28.011,10.69012243,8.382022363,24.5388352,372.2686567,812.3134328,0,0,0,0,0,0,0
930216,1041,0.382352941,0.352941176,0.5,0.102941176,0.014705882,0.088235294,2.720588235,2.352941176,0.014705882,0.397058824,0.044117647,0.073529412,3.073529412,0.235294118,0.147058824,0.308823529,0.058823529,0.058823529,0.588235294,0.044117647,0.397058824,0.205882353,1.573529412,0.25,0.544117647,0.632352941,0.102941176,21,0.191176471,0.176470588,65472,68,0.517825063,0.971428571,0.755555556,1,26.878,10.19499857,8.721683962,-11.67355235,90.16176471,812.4117647,0,0,0,0,0,0,0
930216,1042,0.408695652,0.27826087,0.669565217,0.095652174,0.034782609,0.017391304,1.373913043,1.52173913,0.069565217,0.373913043,0.060869565,0.069565217,2.843478261,0.226086957,0.12173913,0.217391304,0.043478261,0.034782609,0.426086957,0.008695652,0.443478261,0.182608696,5.52173913,0.226086957,0.286956522,0.643478261,0.104347826,17.30434783,0.086956522,0.208695652,65535,115,0.635827874,0.958333333,0.68452381,1,36.182,13.9038992,10.73145882,22.94969347,295.8521739,814.7826087,0,0,0,0,0,0,0
