ImageId,CellId,Cell_141Pr_AQP4,Cell_143Nd_SQSTM1,Cell_145Nd_UBQLN2,Cell_147Sm_Glutaminase,Cell_149Sm_C9orf72,Cell_150Nd_PDL1,Cell_151Eu_MAP2,Cell_152Sm_ATXN2,Cell_153Eu_ORF1,Cell_154Sm_pTDP43,Cell_155Gd_FoxP3,Cell_156Gd_CH24H,Cell_158Gd_GFAP,Cell_159Tb_IL6ST,Cell_160Gd_IBA1,Cell_161Dy_CX3CR1,Cell_162Dy_pTBK1,Cell_163Dy_CD4,Cell_164Dy_TMEM119,Cell_165Ho_PD1,Cell_166Er_GAD67,Cell_167Er_CD8,Cell_168Er_FUS,Cell_169Tm_ChAT,Cell_170Er_APOE,Cell_171Yb_TREM2,Cell_172Yb_PDL2,Cell_174Yb_MHCclassII,Cell_175Lu_TDP43,Cell_176Yb_TBK1,Cell_3_ALS_F_FrontalCrtx_240511_1_cellmasked,Area,Eccentricity,Solidity,Extent,EulerNumber,Perimeter,MajorAxisLength,MinorAxisLength,Orientation,X_position,Y_position,Percent_Touching,Number_Neighbors,neighbour_4_CellId1,neighbour_4_CellId2,neighbour_4_CellId3,neighbour_4_CellId4,neighbour_4_CellId5,neighbour_4_CellId6,neighbour_4_CellId7
911801,1,0.320987654,0.086419753,0.148148148,0.012345679,0,0,0.716049383,1.160493827,0,0.296296296,0.012345679,0.037037037,0.925925926,0.283950617,0.950617284,0.135802469,0.012345679,0.074074074,0.382716049,0.012345679,0.24691358,0.135802469,0.987654321,0.148148148,0.419753086,0.283950617,0.074074074,6.839506173,0.037037037,0.049382716,55,81,0.823531488,0.941860465,0.723214286,1,32.022,13.66723428,7.753019637,3.202981628,83.96296296,5.740740741,0,0,0,0,0,0,0,0,0
911801,2,0.333333333,0.092592593,0.351851852,0.037037037,0,0.018518519,0.296296296,0.62962963,0,0.166666667,0.055555556,0.037037037,1.055555556,0.166666667,0.074074074,0.111111111,0,0.055555556,0.407407407,0,0.203703704,0.166666667,0.425925926,0.148148148,0.148148148,0.314814815,0.037037037,4.518518519,0.018518519,0.037037037,111,54,0.875354462,0.782608696,0.593406593,1,29.781,12.77274577,6.175388995,-6.328506717,458.0185185,4.777777778,0.558823529,1,4,0,0,0,0,0,0
911801,3,0.204545455,0.125,0.193181818,0.034090909,0.034090909,0.034090909,0.568181818,1.056818182,0.022727273,0.204545455,0.011363636,0.045454545,0.670454545,0.170454545,0.022727273,0.125,0.090909091,0.022727273,0.261363636,0.011363636,0.306818182,0.113636364,0.875,0.238636364,0.272727273,0.420454545,0.090909091,7.329545455,0.034090909,0.125,166,88,0.728843459,0.967032967,0.698412698,1,32.229,12.92641425,8.850462115,2.538652611,572.6931818,7.829545455,0.365853659,1,9,0,0,0,0,0,0
911801,4,0.300925926,0.083333333,0.226851852,0.037037037,0.027777778,0.023148148,0.490740741,0.541666667,0.027777778,0.337962963,0.013888889,0.032407407,1.134259259,0.259259259,0.125,0.087962963,0.069444444,0.064814815,0.152777778,0.013888889,0.509259259,0.092592593,1.111111111,0.12037037,0.166666667,0.490740741,0.060185185,2.902777778,0.083333333,0.064814815,221,216,0.782926966,0.96,0.755244755,1,53.177,21.28650093,13.24262231,-5.424033298,455.6064815,13.68055556,0.769230769,2,2,34,0,0,0,0,0
911801,5,0.2421875,0.1484375,0.1875,0.046875,0.03125,0.046875,0.515625,1.046875,0.015625,0.125,0.0078125,0.0546875,0.9921875,0.1640625,0.203125,0.1875,0.1015625,0.046875,0.3046875,0,0.28125,0.1015625,0.484375,0.1171875,0.2421875,0.2109375,0.0546875,6.3046875,0.0625,0.0546875,276,128,0.539603878,0.941176471,0.703296703,1,39.052,14.07056581,11.84627714,50.16839718,189.078125,9.484375,0.458333333,2,8,20,0,0,0,0,0
911801,6,0.19047619,0.142857143,0.19047619,0.055555556,0.007936508,0.007936508,0.611111111,0.968253968,0.031746032,0.246031746,0.023809524,0.015873016,0.880952381,0.095238095,0.047619048,0.119047619,0.015873016,0.047619048,0.23015873,0.023809524,0.261904762,0.126984127,0.373015873,0.134920635,0.182539683,0.325396825,0.079365079,5.595238095,0.071428571,0.047619048,332,126,0.710652184,0.969230769,0.7,1,38.969,15.31523392,10.77493345,-17.89656497,316.5873016,10.74603175,0,0,0,0,0,0,0,0,0
911801,7,0.220779221,0.025974026,0.12987013,0,0.025974026,0.077922078,0.493506494,0.61038961,0.051948052,0.155844156,0.012987013,0.038961039,2.974025974,0.077922078,0.025974026,0.12987013,0,0.012987013,0.337662338,0.012987013,0.272727273,0.181818182,0.272727273,0.038961039,0.181818182,0.285714286,0.038961039,3.909090909,0.038961039,0.077922078,387,77,0.681077189,0.927710843,0.641666667,1,30.732,11.88101463,8.699417017,15.74187205,431.7142857,11.98701299,0.5,1,21,0,0,0,0,0,0
911801,8,0.243243243,0.126126126,0.216216216,0.045045045,0.018018018,0.027027027,0.369369369,1.432432432,0.018018018,0.171171171,0.063063063,0.081081081,1.162162162,0.225225225,0.198198198,0.162162162,0.045045045,0.036036036,0.243243243,0.009009009,0.306306306,0.117117117,0.612612613,0.198198198,0.297297297,0.576576577,0.081081081,8.27027027,0.027027027,0.09009009,442,111,0.694449083,0.917355372,0.660714286,1,39.06,14.21408462,10.22762871,60.74196835,178.2342342,13.58558559,0.29787234,1,5,0,0,0,0,0,0
911801,9,0.259259259,0.157407407,0.296296296,0.027777778,0.064814815,0.064814815,0.62037037,0.981481481,0.064814815,0.194444444,0.009259259,0.046296296,1.111111111,0.148148148,0.055555556,0.138888889,0.009259259,0.027777778,0.194444444,0.009259259,0.314814815,0.12962963,0.37962963,0.185185185,0.25,0.212962963,0.092592593,6.703703704,0.018518519,0.083333333,497,108,0.494277917,0.947368421,0.692307692,1,34.586,12.6619024,11.00704164,12.05275608,579.8240741,14.84259259,0.333333333,1,3,0,0,0,0,0,0
911801,10,0.196969697,0.113636364,0.159090909,0.053030303,0.015151515,0.037878788,0.545454545,0.78030303,0.045454545,0.174242424,0.037878788,0.037878788,1.659090909,0.083333333,0.090909091,0.113636364,0.037878788,0.015151515,0.28030303,0.015151515,0.174242424,0.113636364,0.212121212,0.151515152,0.196969697,0.212121212,0.068181818,4.840909091,0.015151515,0.075757576,553,132,0.42966574,0.96350365,0.725274725,1,37.96,13.72034674,12.38930865,-68.55468427,599.1590909,16.73484848,0,0,0,0,0,0,0,0,0
911801,11,0.31,0.12,0.3,0.02,0.04,0.06,0.53,0.86,0.01,0.12,0.07,0.06,1.08,0.21,0.05,0.17,0.09,0.05,0.33,0,0.27,0.09,0.6,0.17,0.25,0.23,0.06,6.74,0.1,0.04,608,100,0.405121024,0.952380952,0.694444444,1,33.089,11.91299544,10.89161175,56.07136074,396.66,15.87,0,0,0,0,0,0,0,0,0
911801,12,0.336283186,0.10619469,0.123893805,0.03539823,0.008849558,0.026548673,0.637168142,0.884955752,0.026548673,0.185840708,0.008849558,0.017699115,1.628318584,0.159292035,0.415929204,0.132743363,0.03539823,0.061946903,0.292035398,0.008849558,0.14159292,0.097345133,0.300884956,0.194690265,0.265486726,0.159292035,0.053097345,4.805309735,0.053097345,0.061946903,663,113,0.597001264,0.965811966,0.724358974,1,35.421,13.51211313,10.83996163,29.55331522,766.4867257,16.87610619,0,0,0,0,0,0,0,0,0
911801,13,0.360824742,0.113402062,0.24742268,0.072164948,0.010309278,0.051546392,0.628865979,1.587628866,0.020618557,0.350515464,0,0.010309278,0.886597938,0.226804124,0.041237113,0.18556701,0.051546392,0.051546392,0.298969072,0.030927835,0.463917526,0.092783505,0.701030928,0.134020619,0.319587629,0.453608247,0.082474227,8.237113402,0.06185567,0.113402062,718,97,0.513820628,0.91509434,0.621794872,1,35.893,12.2790689,10.53418425,0.43569437,253.8556701,17.15463918,0.422222222,1,23,0,0,0,0,0,0
911801,14,0.130434783,0.065217391,0.282608696,0.065217391,0.054347826,0.043478261,0.27173913,0.739130435,0.02173913,0.27173913,0.010869565,0.02173913,0.673913043,0.076086957,0.043478261,0.108695652,0,0.02173913,0.217391304,0,0.293478261,0.141304348,1.086956522,0.097826087,0.173913043,0.27173913,0.02173913,3.967391304,0.086956522,0.043478261,774,92,0.593981546,0.948453608,0.766666667,1,31.567,12.13341773,9.761075705,-18.51564748,797.4456522,19.58695652,0,0,0,0,0,0,0,0,0
911801,15,0.418032787,0.106557377,0.409836066,0.073770492,0.049180328,0.049180328,0.778688525,1.106557377,0.016393443,0.147540984,0.024590164,0.057377049,1.016393443,0.213114754,0.049180328,0.139344262,0.024590164,0.008196721,0.295081967,0.008196721,0.180327869,0.147540984,0.590163934,0.163934426,0.237704918,0.352459016,0.032786885,8.262295082,0.073770492,0.106557377,829,122,0.841906554,0.818791946,0.616161616,1,47.198,18.38246307,9.919606214,83.44791412,287.8688525,20.62295082,0.793103448,3,16,25,31,0,0,0,0
911801,16,0.169014085,0.042253521,0.23943662,0.014084507,0.028169014,0,0.352112676,0.605633803,0.042253521,0.295774648,0.042253521,0.014084507,0.647887324,0.112676056,0.042253521,0.169014085,0,0.028169014,0.169014085,0.028169014,0.126760563,0.183098592,0.478873239,0.169014085,0.169014085,0.23943662,0.098591549,6.154929577,0.056338028,0.084507042,884,71,0.474987315,0.898734177,0.71,1,30.707,10.65890926,9.379761724,64.95819726,295.9577465,18.12676056,0.756756757,2,15,25,0,0,0,0,0
911801,17,0.340425532,0.138297872,0.234042553,0.021276596,0.031914894,0.042553191,0.70212766,1,0.063829787,0.340425532,0.010638298,0.021276596,1.308510638,0.255319149,0,0.170212766,0.042553191,0.095744681,0.308510638,0.010638298,0.276595745,0.127659574,1.191489362,0.191489362,0.319148936,0.234042553,0.063829787,7.478723404,0.053191489,0.117021277,939,94,0.401881323,0.94,0.854545455,1,33.312,11.55635937,10.58206307,-65.60925226,374.2978723,20.79787234,0.384615385,1,18,0,0,0,0,0,0
911801,18,0.790697674,0.093023256,0.162790698,0.011627907,0.046511628,0.011627907,0.918604651,1.38372093,0.046511628,0.162790698,0.023255814,0.069767442,1.953488372,0.174418605,0.034883721,0.104651163,0.034883721,0.034883721,0.11627907,0.011627907,0.255813953,0.046511628,0.441860465,0.127906977,0.360465116,0.255813953,0.058139535,6.197674419,0.058139535,0.069767442,995,86,0.504852382,0.988505747,0.781818182,1,31.352,11.46143959,9.893579929,85.34461069,365.3023256,20.29069767,0.378378378,1,17,0,0,0,0,0,0
911801,19,0.269461078,0.119760479,0.251497006,0.077844311,0.011976048,0.035928144,0.45508982,1.011976048,0.023952096,0.19760479,0.077844311,0.017964072,0.508982036,0.131736527,0.011976048,0.107784431,0.053892216,0.05988024,0.185628743,0,0.185628743,0.101796407,0.371257485,0.161676647,0.191616766,0.281437126,0.041916168,6.161676647,0.02994012,0.077844311,1050,167,0.715465289,0.912568306,0.65234375,1,47.595,17.82730276,12.45501442,-52.01478942,655.239521,21.10778443,0,0,0,0,0,0,0,0,0
911801,20,0.269662921,0.123595506,0.213483146,0.056179775,0,0.011235955,0.426966292,0.93258427,0.033707865,0.134831461,0.033707865,0.033707865,0.853932584,0.112359551,0.02247191,0.157303371,0.04494382,0.056179775,0.359550562,0.02247191,0.157303371,0.112359551,0.404494382,0.134831461,0.179775281,0.359550562,0.08988764,5.764044944,0.078651685,0.101123596,1105,89,0.566545021,0.946808511,0.73553719,1,31.013,11.80135854,9.724682774,48.4960354,189.0449438,22.1011236,0.225,1,5,0,0,0,0,0,0
911801,21,0.384615385,0.134615385,0.144230769,0.028846154,0.048076923,0.038461538,0.644230769,1.163461538,0.009615385,0.182692308,0.028846154,0.048076923,2.509615385,0.115384615,0.048076923,0.230769231,0.028846154,0.057692308,0.182692308,0.028846154,0.173076923,0.134615385,1.596153846,0.192307692,0.307692308,0.336538462,0.076923077,6.884615385,0.105769231,0.134615385,1160,104,0.793200924,0.904347826,0.571428571,1,39.085,15.27849173,9.303990484,51.07345664,432.8269231,20.29807692,0.68,3,7,24,34,0,0,0,0
911801,22,0.282828283,0.090909091,0.282828283,0,0.04040404,0.02020202,0.363636364,1.04040404,0.02020202,0.202020202,0,0.04040404,0.868686869,0.181818182,0.050505051,0.171717172,0.03030303,0.03030303,0.202020202,0,0.282828283,0.080808081,0.474747475,0.050505051,0.262626263,0.222222222,0.060606061,5.090909091,0.050505051,0.111111111,1216,99,0.738175824,0.933962264,0.707142857,1,34.197,13.75518021,9.279359692,9.673366703,521.4444444,21.87878788,0.302325581,1,38,0,0,0,0,0,0
911801,23,0.14084507,0.211267606,0.394366197,0.042253521,0.042253521,0.098591549,0.295774648,1.070422535,0.028169014,0.23943662,0.028169014,0.028169014,0.746478873,0.154929577,0.028169014,0.225352113,0,0.014084507,0.253521127,0,0.408450704,0.154929577,1.169014085,0.295774648,0.126760563,0.591549296,0.098591549,7.774647887,0.042253521,0.070422535,1271,71,0.774652547,0.87654321,0.591666667,1,31.65,12.5494651,7.936119716,-30.8524893,248.9295775,23.12676056,0.973684211,2,13,27,0,0,0,0,0
911801,24,0.076923077,0.142857143,0.296703297,0.032967033,0.010989011,0.043956044,0.318681319,0.67032967,0.076923077,0.307692308,0.043956044,0.043956044,0.791208791,0.164835165,0.043956044,0.098901099,0.032967033,0.032967033,0.340659341,0,0.230769231,0.10989011,1.175824176,0.131868132,0.131868132,0.373626374,0.054945055,5.978021978,0.021978022,0.087912088,1326,91,0.542886871,0.947916667,0.689393939,1,31.592,11.85082527,9.952392243,-24.1556892,418.3186813,22.17582418,0.047619048,1,21,0,0,0,0,0,0
911801,25,0.188679245,0.037735849,0.226415094,0.094339623,0,0.075471698,0.547169811,0.509433962,0.037735849,0.283018868,0,0.018867925,0.830188679,0.037735849,0.018867925,0.094339623,0.018867925,0.075471698,0.188679245,0,0.094339623,0.075471698,0.490566038,0.056603774,0.283018868,0.283018868,0.075471698,5.339622642,0.037735849,0.113207547,1381,53,0.790155532,0.929824561,0.688311688,1,25.009,10.63543486,6.518525919,15.61423126,294.8867925,25.22641509,0.766666667,2,15,16,0,0,0,0,0
911801,26,0.378947368,0.094736842,0.221052632,0.031578947,0.031578947,0.052631579,0.694736842,1.557894737,0.042105263,0.263157895,0.021052632,0.031578947,2.115789474,0.221052632,0.347368421,0.242105263,0.042105263,0.073684211,0.631578947,0,0.2,0.105263158,0.494736842,0.073684211,0.294736842,0.210526316,0.052631579,6.915789474,0.010526316,0.063157895,1437,95,0.733653338,0.940594059,0.664335664,1,33.18,13.42908391,9.125383958,36.05355175,92.86315789,24.90526316,0,0,0,0,0,0,0,0,0
911801,27,0.243697479,0.117647059,0.268907563,0.016806723,0.033613445,0.033613445,0.613445378,1.050420168,0.025210084,0.201680672,0.067226891,0.042016807,0.907563025,0.142857143,0.016806723,0.12605042,0.050420168,0.025210084,0.243697479,0.016806723,0.277310924,0.176470588,0.478991597,0.168067227,0.260504202,0.352941176,0.100840336,7.176470588,0.058823529,0.042016807,1492,119,0.627074141,0.843971631,0.538461538,1,45.056,15.18820827,11.83100028,2.440850938,241.3361345,27.11764706,0.363636364,1,23,0,0,0,0,0,0
911801,28,0.46875,0.104166667,0.21875,0.041666667,0.020833333,0.072916667,0.802083333,1.114583333,0.010416667,0.21875,0,0.0625,1.1875,0.135416667,0.03125,0.21875,0.0625,0.020833333,0.1875,0,0.177083333,0.125,0.552083333,0.15625,0.239583333,0.270833333,0.09375,6.364583333,0.03125,0.072916667,1547,96,0.700212277,0.95049505,0.685714286,1,33.18,13.17361358,9.405099958,-14.78891934,350.5,26.5,0.238095238,1,33,0,0,0,0,0,0
911801,29,0.349056604,0.056603774,0.113207547,0.047169811,0.009433962,0.122641509,5.103773585,0.669811321,0.056603774,0.150943396,0.009433962,0.018867925,1.339622642,0.320754717,0.377358491,0.103773585,0.018867925,0.047169811,0.160377358,0.009433962,0.160377358,0.188679245,0.58490566,0.141509434,0.669811321,0.320754717,0.047169811,3.745283019,0.066037736,0.075471698,1602,106,0.856124515,0.929824561,0.582417582,1,38.688,16.51362753,8.533740617,-39.60857667,641.1509434,26.03773585,0.530612245,1,36,0,0,0,0,0,0
911801,30,0.345454545,0.118181818,0.190909091,0.027272727,0.009090909,0.027272727,0.372727273,0.818181818,0.027272727,0.218181818,0.018181818,0.036363636,1.718181818,0.090909091,0.036363636,0.163636364,0.009090909,0.045454545,0.181818182,0.018181818,0.281818182,0.072727273,0.254545455,0.127272727,0.172727273,0.181818182,0.090909091,4.290909091,0.045454545,0.145454545,1658,110,0.509558977,0.956521739,0.705128205,1,35.14,12.84933287,11.05602513,47.29728395,14.21818182,27.24545455,0,0,0,0,0,0,0,0,0
911801,31,0.35483871,0.096774194,0.225806452,0.064516129,0.021505376,0.043010753,0.623655914,1.258064516,0.043010753,0.247311828,0.010752688,0.010752688,1.172043011,0.193548387,0.086021505,0.139784946,0.010752688,0.010752688,0.301075269,0.010752688,0.193548387,0.161290323,0.451612903,0.225806452,0.225806452,0.268817204,0.053763441,8.559139785,0.064516129,0.150537634,1713,93,0.526392039,0.96875,0.704545455,1,32.047,11.91335796,10.12923704,3.151642553,279.8064516,26.91397849,0.404761905,1,15,0,0,0,0,0,0
911801,32,0.425,0.1625,0.2125,0.0875,0.0125,0.05,0.625,1.1125,0.0375,0.1,0.025,0,1.025,0.15,0.0625,0.225,0.0625,0.0375,0.1,0,0.075,0.075,0.425,0.1375,0.1,0.1625,0.05,5.9625,0.0375,0.0625,1768,80,0.80613472,0.91954023,0.606060606,1,32.229,13.51370651,7.996493179,59.74541395,747.5625,28.45,0.512195122,1,35,0,0,0,0,0,0
911801,33,0.366906475,0.115107914,0.273381295,0.021582734,0.057553957,0.064748201,0.784172662,1.258992806,0.028776978,0.18705036,0.014388489,0.071942446,1.057553957,0.237410072,0.043165468,0.136690647,0.028776978,0.035971223,0.323741007,0.014388489,0.194244604,0.208633094,0.90647482,0.237410072,0.388489209,0.323741007,0.086330935,8.748201439,0.071942446,0.100719424,1823,139,0.473674851,0.939189189,0.712820513,1,41.21,14.43922584,12.71662329,10.06148563,337.9280576,30.30935252,0.529411765,2,28,58,0,0,0,0,0
911801,34,0.20979021,0.13986014,0.164335664,0.043706294,0.017482517,0.019230769,1.38986014,0.718531469,0.04020979,0.237762238,0.026223776,0.026223776,0.583916084,0.515734266,0.087412587,0.103146853,0.036713287,0.062937063,0.11013986,0.001748252,0.342657343,0.160839161,0.704545455,0.113636364,0.318181818,0.272727273,0.078671329,2.554195804,0.071678322,0.04020979,1879,572,0.679831257,0.866666667,0.662037037,1,95.785,32.41924255,23.77525362,-27.80792817,454.4737762,29.40384615,0.629310345,5,4,21,43,51,52,0,0
911801,35,0.360465116,0.093023256,0.174418605,0.011627907,0.046511628,0.081395349,0.488372093,0.895348837,0.046511628,0.11627907,0.023255814,0.046511628,1.209302326,0.162790698,0.093023256,0.069767442,0.046511628,0.046511628,0.127906977,0.011627907,0.290697674,0.069767442,0.581395349,0.093023256,0.220930233,0.279069767,0.023255814,5.709302326,0.058139535,0.11627907,1934,86,0.778643128,0.905263158,0.661538462,1,32.783,13.45145342,8.440343579,71.29568502,754.1744186,30.40697674,0.512195122,1,32,0,0,0,0,0,0
911801,36,0.166666667,0.069444444,0.152777778,0.027777778,0.013888889,0.020833333,2.034722222,0.888888889,0.020833333,0.152777778,0,0.034722222,1.138888889,0.236111111,0.083333333,0.229166667,0.0625,0.027777778,0.118055556,0.006944444,0.173611111,0.138888889,0.472222222,0.097222222,0.402777778,0.229166667,0.034722222,4.402777778,0.055555556,0.048611111,1989,144,0.508911856,0.941176471,0.6,1,43.667,15.09178328,12.99128829,-52.20771128,634.7847222,32.13194444,0.438596491,1,29,0,0,0,0,0,0
911801,37,0.347826087,0.195652174,0.173913043,0.076086957,0.02173913,0.065217391,0.663043478,1.413043478,0.054347826,0.141304348,0.032608696,0.119565217,2.532608696,0.358695652,0.076086957,0.184782609,0.065217391,0.032608696,0.282608696,0,0.27173913,0.097826087,0.489130435,0.22826087,0.326086957,0.22826087,0.076086957,9.032608696,0.097826087,0.097826087,2045,92,0.674990776,0.929292929,0.638888889,1,32.998,12.71809715,9.383744866,40.88839126,154.5434783,33.67391304,0,0,0,0,0,0,0,0,0
911801,38,0.25,0.088235294,0.139705882,0.066176471,0.029411765,0.051470588,0.632352941,0.897058824,0.014705882,0.198529412,0.014705882,0.036764706,1.169117647,0.125,0.080882353,0.125,0.007352941,0.029411765,0.198529412,0,0.25,0.117647059,0.272058824,0.117647059,0.235294118,0.294117647,0.022058824,6.536764706,0.044117647,0.088235294,2100,136,0.32799235,0.944444444,0.804733728,1,39.705,13.63579957,12.8814723,-17.9641349,523.9117647,33.07352941,0.229166667,1,22,0,0,0,0,0,0
911801,39,0.278688525,0.098360656,0.204918033,0.024590164,0.024590164,0.016393443,0.860655738,1.631147541,0.032786885,0.163934426,0.024590164,0.049180328,2.704918033,0.262295082,0.049180328,0.163934426,0.032786885,0.057377049,0.221311475,0.024590164,0.327868852,0.155737705,1.106557377,0.196721311,0.508196721,0.43442623,0.032786885,9.204918033,0.06557377,0.073770492,2155,122,0.492630007,0.945736434,0.721893491,1,37.935,13.59639261,11.83210922,37.93725983,408.7622951,35.24590164,0.229166667,1,47,0,0,0,0,0,0
911801,40,0.546296296,0.12962963,0.259259259,0.037037037,0.009259259,0.055555556,0.833333333,1.712962963,0.018518519,0.175925926,0.027777778,0.064814815,1.944444444,0.194444444,0.203703704,0.194444444,0.074074074,0.027777778,0.277777778,0,0.351851852,0.222222222,0.583333333,0.203703704,0.231481481,0.296296296,0.074074074,8.240740741,0.046296296,0.092592593,2210,108,0.736370531,0.931034483,0.642857143,1,36.182,14.4029829,9.74474829,35.03805541,225.4907407,38.58333333,0,0,0,0,0,0,0,0,0
911801,41,0.24822695,0.127659574,0.234042553,0.092198582,0.021276596,0.063829787,0.602836879,0.992907801,0.04964539,0.14893617,0.056737589,0.04964539,1.141843972,0.156028369,0.056737589,0.170212766,0.056737589,0.04964539,0.340425532,0.014184397,0.255319149,0.163120567,0.411347518,0.241134752,0.184397163,0.262411348,0.085106383,7.127659574,0.056737589,0.078014184,2266,141,0.672434173,0.952702703,0.677884615,1,40.4,15.65855862,11.5897907,26.51189761,63.75177305,39.04964539,0,0,0,0,0,0,0,0,0
911801,42,0.170212766,0.191489362,0.276595745,0.053191489,0.010638298,0.053191489,0.872340426,1.127659574,0,0.170212766,0.031914894,0.042553191,1.074468085,0.159574468,0.042553191,0.127659574,0.031914894,0.010638298,0.29787234,0,0.159574468,0.117021277,0.372340426,0.14893617,0.14893617,0.212765957,0.074468085,6.808510638,0.042553191,0.063829787,2321,94,0.638277054,0.912621359,0.61038961,1,34.958,12.8375182,9.882407922,8.716328588,282.9148936,40.9893617,0.377777778,1,54,0,0,0,0,0,0
911801,43,0.173913043,0.095652174,0.217391304,0.07826087,0.034782609,0.060869565,0.634782609,0.834782609,0.043478261,0.191304348,0.034782609,0.017391304,0.747826087,0.182608696,0.034782609,0.156521739,0.043478261,0.069565217,0.304347826,0,0.252173913,0.234782609,0.4,0.269565217,0.356521739,0.339130435,0.034782609,7.704347826,0.147826087,0.12173913,2376,115,0.72917785,0.942622951,0.696969697,1,36.736,14.77665848,10.11202556,-12.02258979,443.6,41.2173913,0.5625,2,34,51,0,0,0,0,0
911801,44,0.352941176,0.166666667,0.235294118,0.029411765,0.058823529,0.049019608,1.049019608,1.715686275,0.049019608,0.245098039,0.019607843,0.058823529,1.352941176,0.205882353,0.019607843,0.156862745,0.009803922,0.078431373,0.225490196,0,0.411764706,0.205882353,0.568627451,0.215686275,0.235294118,0.215686275,0.078431373,7.87254902,0.019607843,0.098039216,2431,102,0.517109723,0.953271028,0.708333333,1,33.552,12.42008633,10.63058933,48.48514143,509.5196078,43.25490196,0.295454545,1,66,0,0,0,0,0,0
911801,45,0.510869565,0.163043478,0.152173913,0,0.032608696,0.032608696,0.532608696,0.815217391,0.065217391,0.108695652,0.010869565,0.043478261,1.108695652,0.206521739,0.097826087,0.065217391,0,0.010869565,0.206521739,0,0.152173913,0.065217391,0.336956522,0.097826087,0.184782609,0.22826087,0.065217391,4.913043478,0.02173913,0.065217391,2487,92,0.517362623,0.948453608,0.696969697,1,32.419,11.86645758,10.15491419,-25.07697809,547.2065217,43.67391304,0.243902439,1,69,0,0,0,0,0,0
911801,46,0.5,0.4,0.255555556,0.055555556,0.044444444,0.122222222,0.788888889,1.4,0.022222222,0.144444444,0,0.022222222,0.977777778,0.244444444,0.066666667,0.155555556,0.055555556,0.033333333,0.166666667,0,0.277777778,0.266666667,0.433333333,0.166666667,0.3,0.177777778,0.044444444,6.9,0.055555556,0.055555556,2542,90,0.259289,0.947368421,0.743801653,1,30.922,10.96467493,10.58968063,21.78209603,776.8333333,45.22222222,0,0,0,0,0,0,0,0,0
911801,47,0.274193548,0.137096774,0.169354839,0.072580645,0.032258065,0.064516129,0.677419355,1.233870968,0.016129032,0.25,0.032258065,0.024193548,2.177419355,0.201612903,0.064516129,0.14516129,0.048387097,0.024193548,0.201612903,0.016129032,0.338709677,0.209677419,0.508064516,0.193548387,0.411290323,0.314516129,0.072580645,7.370967742,0.056451613,0.10483871,2597,124,0.751809561,0.932330827,0.645833333,1,39.846,15.71177238,10.36003323,19.09373303,410.7822581,46.87903226,0.509433962,2,39,50,0,0,0,0,0
911801,48,0.269503546,0.127659574,0.19858156,0.042553191,0.014184397,0.04964539,0.624113475,1.120567376,0.035460993,0.177304965,0.028368794,0.028368794,0.581560284,0.14893617,0.070921986,0.141843972,0.021276596,0.007092199,0.219858156,0.007092199,0.226950355,0.120567376,0.397163121,0.170212766,0.29787234,0.411347518,0.078014184,6.34751773,0.070921986,0.078014184,2652,141,0.642805943,0.959183673,0.677884615,1,40.863,15.46411018,11.84595778,12.54658996,621.822695,46.0141844,0.339622642,1,67,0,0,0,0,0,0
911801,50,0.258426966,0.101123596,0.370786517,0.033707865,0.011235955,0.02247191,0.359550562,0.853932584,0.011235955,0.157303371,0.04494382,0.06741573,0.808988764,0.213483146,0.033707865,0.191011236,0.011235955,0.011235955,0.247191011,0.011235955,0.314606742,0.078651685,0.292134831,0.134831461,0.213483146,0.269662921,0.033707865,6.280898876,0.08988764,0.06741573,2763,89,0.746657574,0.927083333,0.622377622,1,32.907,13.20638211,8.784998813,65.40070376,420.9325843,49.38202247,0.380952381,1,47,0,0,0,0,0,0
911801,51,0.636363636,0.212121212,0.257575758,0.03030303,0.075757576,0.03030303,1.090909091,1.318181818,0.045454545,0.348484848,0.015151515,0.166666667,1.651515152,0.303030303,0.03030303,0.075757576,0.060606061,0.03030303,0.318181818,0,0.227272727,0.166666667,0.666666667,0.196969697,0.333333333,0.348484848,0.015151515,8.03030303,0.090909091,0.242424242,2818,66,0.422758433,1,0.733333333,1,26.415,9.735924221,8.823107441,-11.20290593,453.0454545,47.89393939,0.818181818,3,34,43,52,0,0,0,0
911801,52,0.233333333,0.055555556,0.155555556,0.022222222,0.066666667,0.066666667,0.555555556,0.922222222,0.055555556,0.122222222,0.033333333,0.022222222,0.844444444,0.255555556,0.033333333,0.166666667,0.055555556,0.044444444,0.3,0.011111111,0.266666667,0.144444444,0.244444444,0.166666667,0.222222222,0.3,0.088888889,6.477777778,0.055555556,0.088888889,2873,90,0.697713634,0.818181818,0.681818182,1,36.331,13.43449519,9.624160347,75.62959228,460.4222222,48.31111111,0.568181818,2,34,51,0,0,0,0,0
911801,53,0.510869565,0.195652174,0.326086957,0.043478261,0.054347826,0.043478261,0.97826087,1.543478261,0.010869565,0.217391304,0.010869565,0.065217391,1.576086957,0.27173913,0.076086957,0.239130435,0.043478261,0.032608696,0.152173913,0.010869565,0.25,0.097826087,0.586956522,0.25,0.326086957,0.293478261,0.065217391,9.739130435,0.076086957,0.108695652,2929,92,0.323017776,0.958333333,0.696969697,1,31.402,11.19692549,10.59669076,90,207,48.82608696,0.317073171,2,65,70,0,0,0,0,0
911801,54,0.329113924,0.139240506,0.265822785,0.063291139,0.037974684,0.050632911,0.594936709,1.405063291,0.037974684,0.202531646,0.025316456,0.025316456,0.936708861,0.215189873,0.088607595,0.164556962,0.050632911,0.050632911,0.265822785,0.012658228,0.316455696,0.063291139,0.367088608,0.253164557,0.215189873,0.265822785,0.189873418,7.063291139,0.037974684,0.025316456,2984,79,0.261790715,0.94047619,0.718181818,1,29.789,10.33311561,9.972744759,-40.42394057,287.2658228,48.53164557,0.432432432,1,42,0,0,0,0,0,0
911801,55,0.401709402,0.136752137,0.230769231,0.051282051,0.017094017,0.034188034,0.735042735,1.239316239,0.025641026,0.188034188,0.042735043,0.051282051,0.957264957,0.205128205,0.034188034,0.136752137,0.025641026,0.008547009,0.239316239,0,0.264957265,0.145299145,0.358974359,0.256410256,0.205128205,0.239316239,0.051282051,6.008547009,0.034188034,0.111111111,3039,117,0.791786603,0.928571429,0.65,1,38.696,15.82042635,9.663081899,33.51586887,583.6495726,47.55555556,0,0,0,0,0,0,0,0,0
911801,56,0.134920635,0.047619048,0.166666667,0.055555556,0.007936508,0.015873016,0.761904762,1,0.015873016,0.111111111,0.03968254,0.007936508,0.587301587,0.134920635,0.023809524,0.158730159,0.015873016,0.015873016,0.23015873,0.007936508,0.206349206,0.063492063,0.404761905,0.166666667,0.182539683,0.26984127,0.023809524,5.119047619,0.023809524,0.087301587,3094,126,0.622945648,0.919708029,0.646153846,1,39.639,14.5960608,11.41798927,9.754653262,656.5873016,48.42857143,0.22,1,68,0,0,0,0,0,0
911801,57,0.384057971,0.144927536,0.224637681,0.028985507,0.014492754,0.043478261,0.811594203,1.47826087,0.043478261,0.275362319,0.050724638,0.050724638,1.811594203,0.224637681,0.086956522,0.101449275,0.072463768,0.036231884,0.268115942,0.007246377,0.543478261,0.18115942,0.398550725,0.275362319,0.253623188,0.434782609,0.094202899,7.449275362,0.072463768,0.065217391,3150,138,0.518840795,0.958333333,0.707692308,1,39.639,14.42046045,12.32763178,21.79002296,242.7246377,51.0942029,0,0,0,0,0,0,0,0,0
911801,58,0.265780731,0.11627907,0.302325581,0.066445183,0.023255814,0.023255814,0.594684385,0.73089701,0.03654485,0.196013289,0.059800664,0.03986711,0.50166113,0.199335548,0.089700997,0.189368771,0.026578073,0.03654485,0.239202658,0.003322259,0.19269103,0.132890365,0.617940199,0.132890365,0.186046512,0.305647841,0.059800664,6.830564784,0.043189369,0.093023256,3205,301,0.624285176,0.901197605,0.621900826,1,67.005,22.55734903,17.62172279,-42.48909956,337.2425249,45.97009967,0.447058824,3,33,61,81,0,0,0,0
911801,59,0.336283186,0.10619469,0.256637168,0.044247788,0.03539823,0.03539823,0.911504425,1.292035398,0.044247788,0.283185841,0.03539823,0.017699115,1.168141593,0.212389381,0.008849558,0.17699115,0.07079646,0.026548673,0.265486726,0.008849558,0.247787611,0.123893805,0.318584071,0.212389381,0.336283186,0.256637168,0.097345133,8.053097345,0.03539823,0.159292035,3260,113,0.734659711,0.949579832,0.753333333,1,36.339,14.66414064,9.948677716,-2.97144476,369.6017699,50.83185841,0,0,0,0,0,0,0,0,0
911801,60,0.223404255,0.127659574,0.234042553,0.095744681,0.010638298,0.031914894,0.531914894,1.20212766,0.063829787,0.127659574,0.031914894,0.021276596,0.563829787,0.106382979,0.14893617,0.170212766,0.021276596,0.063829787,0.308510638,0.031914894,0.29787234,0.170212766,0.382978723,0.180851064,0.159574468,0.319148936,0.031914894,7.79787234,0.053191489,0.085106383,3315,94,0.629291332,0.94,0.723076923,1,32.7,12.53794916,9.744111587,82.37390235,672.3191489,50.17021277,0.142857143,1,80,0,0,0,0,0,0
911801,61,0.413333333,0.106666667,0.24,0.04,0,0.04,1.066666667,1.373333333,0.066666667,0.12,0.04,0.053333333,2.133333333,0.226666667,0.08,0.213333333,0.08,0.053333333,0.173333333,0,0.386666667,0.106666667,0.626666667,0.24,0.413333333,0.306666667,0.04,10.09333333,0.08,0.106666667,3371,75,0.649088664,0.9375,0.75,1,28.656,11.3234766,8.613913159,45.4133216,349.4266667,51.8,0.555555556,1,58,0,0,0,0,0,0
911801,62,0.37755102,0.091836735,0.285714286,0.030612245,0.051020408,0.06122449,0.959183673,1.204081633,0.010204082,0.112244898,0.020408163,0.030612245,0.846938776,0.173469388,0.459183673,0.163265306,0.030612245,0.06122449,0.37755102,0.010204082,0.234693878,0.081632653,0.5,0.183673469,0.285714286,0.459183673,0.112244898,7.928571429,0.06122449,0.153061224,3426,98,0.800932877,0.924528302,0.583333333,1,36.571,14.77470251,8.846414379,31.04371004,389.3673469,52.3877551,0.428571429,1,73,0,0,0,0,0,0
911801,63,0.197183099,0.112676056,0.225352113,0.028169014,0.014084507,0.042253521,0.929577465,1.422535211,0.014084507,0.253521127,0.028169014,0.028169014,0.85915493,0.23943662,0.042253521,0.126760563,0.028169014,0.070422535,0.225352113,0.014084507,0.225352113,0.183098592,0.492957746,0.225352113,0.450704225,0.225352113,0.084507042,7.309859155,0.042253521,0.197183099,3481,71,0.846892386,0.8875,0.682692308,1,31.195,13.51182971,7.185108871,-76.69573618,798.971831,53.56338028,0.55,2,71,78,0,0,0,0,0
911801,64,0.260162602,0.12195122,0.162601626,0.016260163,0.016260163,0.024390244,0.422764228,0.821138211,0.032520325,0.138211382,0.016260163,0.008130081,1.707317073,0.097560976,0.097560976,0.12195122,0.016260163,0.016260163,0.18699187,0.008130081,0.195121951,0.048780488,0.227642276,0.18699187,0.06504065,0.243902439,0.040650407,5.845528455,0.032520325,0.056910569,3536,123,0.723265651,0.946153846,0.630769231,1,38.25,15.20661134,10.50122819,30.57915323,119.8373984,55.23577236,0.411764706,1,49,0,0,0,0,0,0
911801,65,0.403361345,0.159663866,0.092436975,0.050420168,0.025210084,0.058823529,0.579831933,0.991596639,0.050420168,0.092436975,0.042016807,0.042016807,1.453781513,0.100840336,0.050420168,0.084033613,0.050420168,0.016806723,0.159663866,0,0.168067227,0.12605042,0.378151261,0.058823529,0.151260504,0.12605042,0.042016807,4.588235294,0.042016807,0.050420168,3592,119,0.51108679,0.92248062,0.653846154,1,37.96,13.54585809,11.64305937,0.145872011,195.9579832,54.21848739,0.183673469,1,53,0,0,0,0,0,0
911801,66,0.163265306,0.081632653,0.214285714,0.040816327,0.010204082,0.020408163,0.673469388,0.867346939,0.010204082,0.142857143,0.010204082,0.030612245,1.408163265,0.142857143,0.030612245,0.102040816,0,0.010204082,0.224489796,0.010204082,0.275510204,0.12244898,0.275510204,0.142857143,0.204081633,0.244897959,0.051020408,5.367346939,0.030612245,0.071428571,3647,98,0.7452031,0.933333333,0.636363636,1,35.322,13.93446152,9.292022405,22.37856362,510.1632653,53.46938776,0.727272727,2,44,74,0,0,0,0,0
911801,67,0.168831169,0.103896104,0.155844156,0.103896104,0,0,0.311688312,0.818181818,0.012987013,0.090909091,0.012987013,0.051948052,0.87012987,0.142857143,0.077922078,0.051948052,0.012987013,0.038961039,0.181818182,0,0.207792208,0.038961039,0.285714286,0.051948052,0.246753247,0.181818182,0.038961039,5.116883117,0.051948052,0.025974026,3702,77,0.715520922,0.950617284,0.712962963,1,29.698,12.04731625,8.416150373,16.98815948,625.9220779,54.01298701,0.473684211,1,48,0,0,0,0,0,0
911801,68,0.268292683,0.130081301,0.211382114,0.008130081,0.016260163,0.032520325,0.544715447,1.097560976,0.008130081,0.276422764,0,0.048780488,1.162601626,0.170731707,0.040650407,0.130081301,0.032520325,0.008130081,0.203252033,0.008130081,0.235772358,0.12195122,0.333333333,0.18699187,0.211382114,0.235772358,0.073170732,6.284552846,0.048780488,0.105691057,3757,123,0.532758574,0.953488372,0.732142857,1,36.918,13.68232467,11.57890363,-1.14981734,644.5121951,54.53658537,0.25,1,56,0,0,0,0,0,0
911801,69,0.15,0.1,0.21,0,0.02,0.03,0.39,0.98,0.04,0.13,0.04,0.02,0.97,0.13,0.12,0.12,0.02,0.04,0.21,0.01,0.28,0.08,0.43,0.15,0.26,0.2,0.01,6.71,0.02,0.07,3813,100,0.821683743,0.862068966,0.568181818,1,39.358,15.84202839,9.02906436,13.73692781,548.07,54.47,0.666666667,2,45,76,0,0,0,0,0
911801,70,0.39,0.18,0.25,0.04,0.04,0.03,0.57,1.32,0.01,0.23,0.05,0.03,1.15,0.19,0.03,0.11,0.08,0.03,0.17,0,0.31,0.1,0.5,0.17,0.26,0.2,0.06,7.34,0.06,0.09,3868,100,0.403894236,0.961538462,0.757575758,1,32.882,11.88895088,10.87607988,-27.31019275,218.75,55.63,0.071428571,1,53,0,0,0,0,0,0
911801,71,0.323076923,0.161538462,0.215384615,0.007692308,0.015384615,0.015384615,0.915384615,1.453846154,0.030769231,0.223076923,0.015384615,0.030769231,1.269230769,0.2,0.646153846,0.153846154,0.069230769,0.023076923,0.284615385,0.007692308,0.230769231,0.153846154,0.707692308,0.230769231,0.415384615,0.323076923,0.076923077,7.769230769,0.107692308,0.130769231,3923,130,0.703063452,0.948905109,0.677083333,1,40.739,15.48282426,11.01025625,-29.50234115,791.2076923,57.16153846,0.68627451,3,63,82,83,0,0,0,0
911801,72,0.340425532,0.085106383,0.191489362,0.021276596,0.021276596,0.053191489,0.691489362,0.819148936,0.042553191,0.117021277,0.031914894,0.074468085,1.446808511,0.117021277,0.021276596,0.095744681,0.053191489,0,0.14893617,0.010638298,0.35106383,0.095744681,0.308510638,0.265957447,0.287234043,0.255319149,0.074468085,6.638297872,0.095744681,0.053191489,3979,94,0.54733544,0.959183673,0.712121212,1,32.047,12.03868013,10.07533183,53.85890803,748.1702128,56.96808511,0,0,0,0,0,0,0,0,0
911801,73,0.663043478,0.119565217,0.293478261,0.02173913,0.02173913,0.032608696,0.826086957,1.391304348,0.043478261,0.27173913,0.032608696,0.010869565,1.032608696,0.163043478,0.043478261,0.184782609,0.076086957,0.043478261,0.206521739,0,0.173913043,0.184782609,0.358695652,0.163043478,0.282608696,0.22826087,0.043478261,7.891304348,0.086956522,0.086956522,4034,92,0.657676931,0.948453608,0.696969697,1,32.783,12.65462802,9.532732668,30.76696348,394.1086957,58.70652174,0.487804878,1,62,0,0,0,0,0,0
911801,74,0.140449438,0.050561798,0.157303371,0.02247191,0.011235955,0.033707865,0.550561798,0.691011236,0.033707865,0.151685393,0.011235955,0.04494382,1.629213483,0.117977528,0.04494382,0.101123596,0.02247191,0.02247191,0.224719101,0.005617978,0.185393258,0.129213483,0.365168539,0.123595506,0.213483146,0.348314607,0.039325843,4.191011236,0.02247191,0.073033708,4089,178,0.775126314,0.927083333,0.618055556,1,48.447,19.28580552,12.18489337,55.28459935,518.5842697,58.35393258,0.333333333,1,66,0,0,0,0,0,0
911801,75,0.194312796,0.099526066,0.218009479,0.061611374,0.018957346,0.047393365,0.654028436,1.09478673,0.033175355,0.236966825,0.037914692,0.037914692,1.085308057,0.109004739,0.037914692,0.156398104,0.052132701,0.014218009,0.18957346,0.004739336,0.360189573,0.123222749,1.194312796,0.132701422,0.336492891,0.260663507,0.09478673,6.691943128,0.023696682,0.104265403,4144,211,0.663290192,0.946188341,0.659375,1,51.358,19.1608896,14.33928727,-4.334235337,716.3838863,59.38862559,0,0,0,0,0,0,0,0,0
911801,76,0.392405063,0.101265823,0.35443038,0.063291139,0.037974684,0.050632911,0.683544304,1.708860759,0.012658228,0.265822785,0.025316456,0.012658228,1.139240506,0.278481013,0.063291139,0.329113924,0.037974684,0.063291139,0.215189873,0.012658228,0.240506329,0.17721519,1.139240506,0.240506329,0.253164557,0.253164557,0.113924051,10.27848101,0.025316456,0.088607595,4200,79,0.810321426,0.94047619,0.705357143,1,31.377,13.30211488,7.794848489,-0.035398963,547.3164557,61.26582278,0.564102564,1,69,0,0,0,0,0,0
911801,77,0.298387097,0.137096774,0.225806452,0.072580645,0.016129032,0.032258065,0.741935484,0.983870968,0.032258065,0.209677419,0.048387097,0.056451613,0.919354839,0.137096774,0.112903226,0.080645161,0.016129032,0.032258065,0.225806452,0.024193548,0.209677419,0.088709677,0.475806452,0.169354839,0.209677419,0.241935484,0.080645161,7.60483871,0.024193548,0.14516129,4255,124,0.704761859,0.925373134,0.688888889,1,39.275,15.17528472,10.76601398,20.03265893,256.6451613,61.01612903,0.115384615,1,88,0,0,0,0,0,0
911801,78,0.360655738,0.090163934,0.204918033,0.032786885,0.008196721,0.081967213,1.024590164,1.491803279,0.008196721,0.06557377,0.040983607,0.06557377,1.598360656,0.172131148,0.073770492,0.237704918,0.040983607,0,0.31147541,0.008196721,0.262295082,0.172131148,0.729508197,0.221311475,0.459016393,0.442622951,0.106557377,8.229508197,0.057377049,0.12295082,4310,122,0.638014153,0.924242424,0.625641026,1,39.085,14.51506673,11.17695897,73.25515556,808.8114754,61.1557377,0.058823529,1,63,0,0,0,0,0,0
911801,79,0.363636364,0.157024793,0.190082645,0.049586777,0.024793388,0.024793388,0.504132231,1.347107438,0.008264463,0.190082645,0.016528926,0.049586777,0.73553719,0.198347107,0.099173554,0.198347107,0.033057851,0.024793388,0.305785124,0.016528926,0.239669421,0.157024793,1.024793388,0.181818182,0.446280992,0.421487603,0.041322314,9.016528926,0.05785124,0.173553719,4365,121,0.586940947,0.9453125,0.664835165,1,39.151,14.11795747,11.43031832,-29.21566421,15.73553719,59.69421488,0.375,1,84,0,0,0,0,0,0
911801,80,0.158415842,0.079207921,0.217821782,0.01980198,0.01980198,0.03960396,0.445544554,1.02970297,0.059405941,0.168316832,0.01980198,0,0.544554455,0.099009901,0.04950495,0.138613861,0.069306931,0.03960396,0.148514851,0.00990099,0.148514851,0.04950495,0.386138614,0.188118812,0.188118812,0.148514851,0.079207921,5.98019802,0.099009901,0.059405941,4421,101,0.493875614,0.935185185,0.647435897,1,34.586,12.29199494,10.68828986,8.906708396,666.2673267,61.76237624,0.372093023,2,60,85,0,0,0,0,0
911801,81,0.35862069,0.117241379,0.2,0.006896552,0.013793103,0.013793103,0.765517241,1.172413793,0.020689655,0.137931034,0.020689655,0.006896552,1.110344828,0.15862069,0.04137931,0.124137931,0.055172414,0.034482759,0.289655172,0.006896552,0.206896552,0.068965517,0.496551724,0.110344828,0.262068966,0.24137931,0.020689655,6.468965517,0.075862069,0.110344828,4476,145,0.501005741,0.917721519,0.604166667,1,44.163,15.08777569,13.05762434,62.94075291,341.2965517,66.04137931,0.035087719,1,58,0,0,0,0,0,0
911801,82,0.043478261,0.108695652,0.52173913,0.02173913,0,0.065217391,0.52173913,0.326086957,0.02173913,0.239130435,0.043478261,0.02173913,0.391304348,0.065217391,0.065217391,0.108695652,0.065217391,0,0.130434783,0.065217391,0.130434783,0.152173913,2.869565217,0.086956522,0.173913043,0.304347826,0.065217391,6.195652174,0.043478261,0.065217391,4531,46,0.737711042,0.958333333,0.73015873,1,22.379,9.59197766,6.475703307,69.36430492,781.173913,63.93478261,0.857142857,3,71,83,89,0,0,0,0
911801,83,0.088235294,0.147058824,0.220588235,0.073529412,0.044117647,0.058823529,0.720588235,0.632352941,0.029411765,0.102941176,0.014705882,0.014705882,0.573529412,0.176470588,0.029411765,0.264705882,0.029411765,0,0.220588235,0,0.147058824,0.176470588,1.441176471,0.191176471,0.117647059,0.323529412,0.073529412,7.367647059,0.014705882,0.132352941,4586,68,0.591277389,0.918918919,0.686868687,1,29.392,10.73034504,8.653682658,-73.4295317,787.1911765,65.94117647,1,4,71,82,89,94,0,0,0
911801,84,0.540540541,0.054054054,0.324324324,0.027027027,0,0.067567568,0.635135135,1.216216216,0.040540541,0.175675676,0.040540541,0.040540541,1.743243243,0.256756757,0.081081081,0.162162162,0.013513514,0.027027027,0.121621622,0.013513514,0.337837838,0.094594595,0.337837838,0.121621622,0.256756757,0.283783784,0.067567568,6.986486486,0.054054054,0.081081081,4642,74,0.766709689,0.891566265,0.632478632,1,34.073,12.82390753,8.232871255,-23.7120119,16.74324324,68.24324324,0.475,1,79,0,0,0,0,0,0
911801,85,0.193877551,0.183673469,0.153061224,0,0.030612245,0.040816327,0.591836735,1.142857143,0.030612245,0.081632653,0.020408163,0.081632653,0.826530612,0.12244898,0.030612245,0.183673469,0.020408163,0.010204082,0.234693878,0,0.183673469,0.102040816,0.326530612,0.142857143,0.234693878,0.224489796,0.112244898,5.928571429,0.010204082,0.102040816,4697,98,0.734640427,0.942307692,0.685314685,1,33.552,13.6755598,9.278274659,60.76992398,656.877551,70.79591837,0.204545455,1,80,0,0,0,0,0,0
911801,86,0.548387097,0.096774194,0.235023041,0.073732719,0.013824885,0.036866359,0.6359447,0.741935484,0.02764977,0.175115207,0.046082949,0.02764977,1.751152074,0.165898618,0.055299539,0.101382488,0.01843318,0.036866359,0.267281106,0.00921659,0.253456221,0.119815668,0.387096774,0.133640553,0.225806452,0.276497696,0.055299539,5.506912442,0.041474654,0.055299539,4752,217,0.575339008,0.915611814,0.602777778,1,56.221,19.20557293,15.70852711,-45.05931496,234.9262673,69.49769585,0.23943662,1,100,0,0,0,0,0,0
911801,87,0.123595506,0.123595506,0.247191011,0.056179775,0.02247191,0.101123596,0.528089888,1.112359551,0.011235955,0.314606742,0.02247191,0.04494382,1.370786517,0.202247191,0.04494382,0.168539326,0.02247191,0.02247191,0.314606742,0,0.235955056,0.168539326,0.438202247,0.157303371,0.348314607,0.393258427,0.101123596,8.247191011,0.04494382,0.157303371,4807,89,0.665135038,0.927083333,0.684615385,1,32.791,12.50377001,9.336853848,2.518137099,639.2247191,72.49438202,0.5,1,99,0,0,0,0,0,0
911801,88,0.569230769,0.207692308,0.207692308,0.030769231,0.030769231,0.092307692,1.207692308,1.753846154,0.030769231,0.215384615,0.007692308,0.084615385,1.715384615,0.307692308,0.038461538,0.269230769,0.023076923,0.015384615,0.215384615,0.015384615,0.376923077,0.161538462,0.669230769,0.2,0.238461538,0.261538462,0.061538462,7.130769231,0.076923077,0.115384615,4863,130,0.579651732,0.942028986,0.666666667,1,39.275,14.36871061,11.70854968,75.72341518,262.3,73.06923077,0.098039216,1,77,0,0,0,0,0,0
911801,89,0.127118644,0.06779661,0.372881356,0.033898305,0.008474576,0.008474576,0.457627119,0.516949153,0.008474576,0.245762712,0.008474576,0.008474576,0.398305085,0.110169492,0.06779661,0.144067797,0.016949153,0.016949153,0.144067797,0.008474576,0.245762712,0.152542373,1.36440678,0.050847458,0.245762712,0.279661017,0.042372881,5.169491525,0.025423729,0.042372881,4918,118,0.725722447,0.836879433,0.495798319,1,43.576,15.79374338,10.86589952,-29.19577282,779.8220339,71.93220339,0.963636364,5,82,83,94,95,102,0,0
911801,90,0.413461538,0.125,0.230769231,0.048076923,0.057692308,0.048076923,0.798076923,1.576923077,0.048076923,0.163461538,0.028846154,0.019230769,1.403846154,0.086538462,0.403846154,0.355769231,0.009615385,0.009615385,0.394230769,0,0.211538462,0.153846154,0.615384615,0.269230769,0.288461538,0.25,0.048076923,7.125,0.038461538,0.125,4973,104,0.634918296,0.945454545,0.675324675,1,34.404,13.20544905,10.20225644,-6.288597216,51.78846154,74.125,0.222222222,1,97,0,0,0,0,0,0
911801,91,0.196428571,0.098214286,0.241071429,0.044642857,0.008928571,0.017857143,0.517857143,0.794642857,0.026785714,0.160714286,0,0.0625,0.732142857,0.151785714,0.035714286,0.116071429,0.026785714,0,0.142857143,0.008928571,0.205357143,0.116071429,0.392857143,0.169642857,0.1875,0.25,0.044642857,6.580357143,0.0625,0.044642857,5028,112,0.595959817,0.868217054,0.574358974,1,39.54,14.00161227,11.24349427,-16.64329857,70.75,74.5625,0.38,1,97,0,0,0,0,0,0
911801,92,0.288888889,0.044444444,0.266666667,0.066666667,0,0.044444444,0.622222222,1.3,0.022222222,0.188888889,0.022222222,0.077777778,1.088888889,0.122222222,0.066666667,0.144444444,0.077777778,0.033333333,0.155555556,0,0.122222222,0.044444444,0.6,0.155555556,0.188888889,0.333333333,0.033333333,7.011111111,0.055555556,0.177777778,5084,90,0.667997067,0.9375,0.692307692,1,31.774,12.51339634,9.3120179,11.37597003,523,74.77777778,0.30952381,1,108,0,0,0,0,0,0
911801,93,0.291262136,0.097087379,0.165048544,0.058252427,0.019417476,0.029126214,0.436893204,0.718446602,0.038834951,0.116504854,0.038834951,0.038834951,0.796116505,0.13592233,0.019417476,0.077669903,0.048543689,0.029126214,0.184466019,0,0.291262136,0.145631068,0.291262136,0.145631068,0.155339806,0.330097087,0.058252427,5.902912621,0.038834951,0.038834951,5139,103,0.757561754,0.953703704,0.668831169,1,35.14,14.30080386,9.33504281,19.29690509,761.5533981,74.02912621,0.288888889,1,95,0,0,0,0,0,0
911801,94,0.202531646,0.075949367,0.278481013,0.050632911,0.012658228,0.025316456,0.518987342,1.088607595,0.037974684,0.227848101,0.025316456,0.025316456,0.569620253,0.265822785,0.050632911,0.17721519,0.037974684,0.025316456,0.253164557,0.025316456,0.265822785,0.164556962,0.924050633,0.202531646,0.101265823,0.265822785,0.063291139,6.392405063,0.050632911,0.050632911,5194,79,0.77402302,0.849462366,0.564285714,1,33.817,13.09878631,8.293594217,2.026518976,792.0253165,74.46835443,0.707317073,3,83,89,102,0,0,0,0
911801,95,0.152941176,0.082352941,0.282352941,0.082352941,0,0.011764706,0.458823529,0.894117647,0.058823529,0.270588235,0.023529412,0.011764706,1.035294118,0.152941176,0.023529412,0.223529412,0.070588235,0.011764706,0.247058824,0.011764706,0.364705882,0.117647059,0.341176471,0.176470588,0.247058824,0.329411765,0.035294118,6.117647059,0.058823529,0.082352941,5249,85,0.540875886,0.934065934,0.643939394,1,31.675,11.56525732,9.72756589,-88.88100419,771.6352941,76.64705882,0.658536585,2,89,93,0,0,0,0,0
911801,96,0.345588235,0.102941176,0.139705882,0.058823529,0.014705882,0.007352941,0.404411765,0.661764706,0.044117647,0.117647059,0.014705882,0.007352941,1.632352941,0.132352941,0.088235294,0.139705882,0.029411765,0.051470588,0.198529412,0.007352941,0.213235294,0.139705882,0.235294118,0.132352941,0.161764706,0.154411765,0.029411765,4.507352941,0.029411765,0.036764706,5305,136,0.793629187,0.951048951,0.653846154,1,40.954,16.95223905,10.31377225,-36.37983393,140.3308824,76.11764706,0.037735849,1,118,0,0,0,0,0,0
911801,97,0.35,0.1375,0.225,0.025,0,0.025,0.3125,1.025,0.025,0.175,0,0.0375,1.8375,0.15,0.3125,0.2375,0.025,0,0.4125,0.0125,0.2875,0.1125,0.4375,0.1125,0.35,0.425,0.05,6.7875,0.025,0.0875,5360,80,0.425730424,0.941176471,0.727272727,1,29.88,10.7090546,9.690088552,-28.1052735,62.5625,78.6625,0.702702703,2,90,91,0,0,0,0,0
911801,98,0.413043478,0.097826087,0.184782609,0.02173913,0.010869565,0.054347826,0.663043478,1.173913043,0.054347826,0.173913043,0.032608696,0.010869565,1.967391304,0.173913043,0.032608696,0.141304348,0.02173913,0,0.163043478,0.02173913,0.184782609,0.119565217,0.315217391,0.217391304,0.369565217,0.22826087,0.076086957,6.804347826,0.076086957,0.097826087,5415,92,0.591546844,0.958333333,0.696969697,1,31.956,12.13975198,9.787925498,34.52753657,188.076087,77.92391304,0.073170732,2,109,119,0,0,0,0,0
911801,99,0.24,0.133333333,0.146666667,0.013333333,0.053333333,0.053333333,0.48,0.853333333,0.04,0.186666667,0.013333333,0.066666667,2.346666667,0.146666667,0.053333333,0.093333333,0.013333333,0.04,0.293333333,0,0.266666667,0.226666667,0.506666667,0.226666667,0.426666667,0.613333333,0.08,6.253333333,0.04,0.093333333,5470,75,0.920277283,0.765306122,0.454545455,1,38.804,17.17021209,6.718134246,-26.88659109,634.9066667,77.86666667,0.93877551,2,87,110,0,0,0,0,0
911801,100,0.490196078,0.196078431,0.411764706,0.039215686,0,0.117647059,0.843137255,0.843137255,0.019607843,0.176470588,0.019607843,0,1.117647059,0.117647059,0.058823529,0.137254902,0,0.039215686,0.294117647,0.019607843,0.235294118,0.078431373,0.568627451,0.196078431,0.254901961,0.37254902,0.098039216,6.823529412,0.039215686,0.137254902,5526,51,0.924868556,0.894736842,0.784615385,1,28.168,13.52940304,5.145055233,3.547710135,238.1176471,78.80392157,1,2,86,111,0,0,0,0,0
911801,101,0.311111111,0.088888889,0.3,0.033333333,0.044444444,0.055555556,0.633333333,0.933333333,0.055555556,0.144444444,0.066666667,0.033333333,0.777777778,0.233333333,0.022222222,0.1,0.044444444,0.022222222,0.211111111,0.011111111,0.3,0.088888889,0.644444444,0.144444444,0.122222222,0.355555556,0.066666667,6.388888889,0.077777778,0.055555556,5581,90,0.50535232,0.957446809,0.75,1,31.286,11.59286314,10.00363357,11.55534718,449.9444444,78.62222222,0,0,0,0,0,0,0,0,0
911801,102,0.325,0.125,0.2625,0.025,0,0,0.4375,0.975,0.05,0.275,0.0375,0.0375,1.025,0.3,0.0125,0.1875,0.0625,0.0375,0.1875,0,0.275,0.1375,0.525,0.2,0.2,0.275,0.1125,7.1375,0.0125,0.1125,5636,80,0.750986379,0.930232558,0.666666667,1,31.104,12.65622568,8.357129775,-25.92664098,788.5375,80.9625,0.564102564,2,89,94,0,0,0,0,0
911801,103,0.337349398,0.144578313,0.21686747,0.012048193,0.012048193,0.108433735,0.626506024,1.012048193,0.024096386,0.156626506,0.036144578,0.036144578,0.771084337,0.180722892,0.012048193,0.156626506,0.060240964,0,0.21686747,0,0.253012048,0.072289157,0.578313253,0.192771084,0.21686747,0.313253012,0.060240964,6.289156627,0.096385542,0.108433735,5691,83,0.703671797,0.882978723,0.58041958,1,33.362,12.60494513,8.956130646,-65.74189965,222.5903614,81.08433735,0.5,1,113,0,0,0,0,0,0
911801,104,0.266055046,0.055045872,0.137614679,0.036697248,0,0.064220183,0.669724771,0.862385321,0.027522936,0.19266055,0.009174312,0.055045872,3.559633028,0.19266055,0.174311927,0.091743119,0.018348624,0.036697248,0.403669725,0.018348624,0.385321101,0.155963303,0.321100917,0.146788991,0.275229358,0.339449541,0.119266055,5.889908257,0.055045872,0.027522936,5747,109,0.516644969,0.939655172,0.698717949,1,35.231,12.86453293,11.01460961,55.42582994,614.1834862,81.88073394,0.333333333,2,110,115,0,0,0,0,0
911801,105,0.244318182,0.113636364,0.232954545,0.039772727,0.005681818,0.051136364,0.488636364,1.011363636,0.045454545,0.136363636,0.017045455,0.051136364,1.255681818,0.232954545,0.119318182,0.1875,0.028409091,0.017045455,0.318181818,0.011363636,0.267045455,0.159090909,0.465909091,0.164772727,0.210227273,0.255681818,0.056818182,6.4375,0.090909091,0.045454545,5802,176,0.755482154,0.941176471,0.647058824,1,47.14,18.64687293,12.2168573,50.15499087,105.375,81.39204545,0.278688525,1,114,0,0,0,0,0,0
911801,106,0.158415842,0.128712871,0.227722772,0.069306931,0.01980198,0.04950495,0.643564356,1.03960396,0.00990099,0.217821782,0.02970297,0.03960396,1.346534653,0.267326733,0.02970297,0.158415842,0.04950495,0.01980198,0.128712871,0,0.277227723,0.138613861,0.534653465,0.168316832,0.207920792,0.158415842,0.03960396,6.663366337,0.04950495,0.089108911,5857,101,0.742906784,0.952830189,0.721428571,1,34.197,13.99170551,9.365976081,-13.9547324,695.3762376,82.00990099,0.318181818,1,122,0,0,0,0,0,0
911801,107,0.507246377,0.140096618,0.169082126,0.053140097,0.009661836,0.062801932,2.77294686,1.270531401,0.057971014,0.164251208,0.024154589,0.019323671,2.207729469,0.410628019,0.033816425,0.164251208,0.057971014,0.033816425,0.22705314,0.004830918,0.376811594,0.144927536,0.61352657,0.236714976,0.487922705,0.362318841,0.06763285,5.396135266,0.072463768,0.053140097,5913,207,0.574725592,0.949541284,0.71875,1,49.654,18.0920768,14.8055822,14.88299462,384.2173913,83.56038647,0.140625,1,124,0,0,0,0,0,0
911801,108,0.306451613,0.112903226,0.14516129,0.032258065,0.016129032,0.040322581,0.548387097,1.266129032,0.064516129,0.209677419,0.016129032,0.024193548,1.661290323,0.137096774,0.056451613,0.10483871,0.024193548,0.040322581,0.14516129,0,0.233870968,0.056451613,0.685483871,0.137096774,0.161290323,0.14516129,0.056451613,5.725806452,0.040322581,0.096774194,5968,124,0.529402259,0.96124031,0.681318681,1,37.77,13.80334073,11.71035312,16.22039651,514,82.31451613,0.28,1,92,0,0,0,0,0,0
911801,110,0.270491803,0.131147541,0.163934426,0.016393443,0.024590164,0.032786885,0.614754098,0.827868852,0.024590164,0.196721311,0,0.016393443,1.303278689,0.147540984,0.024590164,0.081967213,0.081967213,0.032786885,0.278688525,0.008196721,0.385245902,0.131147541,0.426229508,0.139344262,0.262295082,0.344262295,0.040983607,5.745901639,0.057377049,0.040983607,6078,122,0.762052268,0.953125,0.693181818,1,39.631,15.67156886,10.14758397,5.72941049,629.4180328,83.64754098,0.470588235,2,99,104,0,0,0,0,0
911801,111,0.454545455,0.101010101,0.282828283,0.03030303,0,0.02020202,0.575757576,1,0.02020202,0.191919192,0.02020202,0.04040404,1.666666667,0.080808081,0.222222222,0.151515152,0.060606061,0.04040404,0.272727273,0.01010101,0.363636364,0.242424242,0.323232323,0.080808081,0.363636364,0.323232323,0.070707071,6.707070707,0.090909091,0.050505051,6134,99,0.701485013,0.925233645,0.707142857,1,35.603,13.70020862,9.763922298,19.92794018,236.1515152,85.14141414,0.444444444,1,100,0,0,0,0,0,0
911801,112,0.510869565,0.086956522,0.260869565,0.02173913,0.043478261,0.065217391,0.804347826,1.184782609,0.032608696,0.206521739,0.032608696,0.02173913,0.836956522,0.141304348,0.02173913,0.108695652,0.02173913,0.032608696,0.326086957,0.010869565,0.282608696,0.119565217,0.380434783,0.173913043,0.358695652,0.326086957,0.054347826,8.967391304,0.076086957,0.141304348,6189,92,0.457903593,0.929292929,0.760330579,1,32.485,11.63577962,10.34422967,54.01478046,9.02173913,85.80434783,0,0,0,0,0,0,0,0,0
911801,113,0.342857143,0.128571429,0.285714286,0.042857143,0,0.014285714,0.457142857,0.7,0.014285714,0.271428571,0.028571429,0.014285714,1.328571429,0.142857143,0.057142857,0.128571429,0,0.028571429,0.285714286,0.014285714,0.214285714,0.057142857,0.414285714,0.157142857,0.271428571,0.285714286,0.028571429,4.585714286,0.028571429,0.071428571,6244,70,0.662637467,0.921052632,0.583333333,1,30.459,11.3640683,8.511008831,-66.86654304,217.4571429,86.04285714,0.526315789,1,103,0,0,0,0,0,0
911801,114,0.105263158,0.065789474,0.342105263,0.013157895,0,0.026315789,0.552631579,1.105263158,0.065789474,0.131578947,0.026315789,0.026315789,1.144736842,0.184210526,0.210526316,0.197368421,0.039473684,0,0.421052632,0,0.315789474,0.105263158,0.434210526,0.157894737,0.355263158,0.289473684,0.052631579,7.078947368,0.052631579,0.052631579,6299,76,0.437456123,0.926829268,0.690909091,1,29.053,10.53674167,9.47505702,-80.63842511,113.8289474,87.09210526,0.710526316,2,105,117,0,0,0,0,0
911801,115,0.198347107,0.115702479,0.198347107,0.016528926,0.049586777,0.033057851,0.685950413,0.760330579,0.041322314,0.123966942,0.041322314,0.049586777,2.090909091,0.148760331,0.033057851,0.090909091,0.024793388,0.041322314,0.380165289,0,0.26446281,0.181818182,0.73553719,0.181818182,0.239669421,0.404958678,0.024793388,5.247933884,0.066115702,0.074380165,6355,121,0.622881944,0.952755906,0.664835165,1,38.324,14.29083613,11.17994756,36.73227332,604.2396694,88.4214876,0.265306122,1,104,0,0,0,0,0,0
911801,116,0.22,0.1,0.14,0.06,0.013333333,0.053333333,0.7,0.8,0.026666667,0.2,0.033333333,0.02,1.433333333,0.186666667,0.14,0.12,0.053333333,0.026666667,0.253333333,0,0.373333333,0.133333333,0.446666667,0.153333333,0.293333333,0.293333333,0.08,5.96,0.053333333,0.073333333,6410,150,0.710602156,0.9375,0.625,1,43.402,16.78147087,11.80734291,44.21556781,542.3333333,89.16666667,0,0,0,0,0,0,0,0,0
911801,117,0.38,0.05,0.15,0.01,0.04,0.03,2.81,0.98,0.07,0.18,0.03,0.06,2.71,0.17,0.07,0.12,0.03,0.09,0.19,0,0.34,0.15,0.39,0.13,0.64,0.34,0.08,6.97,0.06,0.07,6465,100,0.674355671,0.961538462,0.641025641,1,33.66,13.23136107,9.770125436,49.73627225,122.67,91.2,0.288888889,1,114,0,0,0,0,0,0
911801,118,0.454545455,0.136363636,0.193181818,0.045454545,0.022727273,0.056818182,0.511363636,1.159090909,0.056818182,0.159090909,0,0.102272727,1.022727273,0.170454545,0.079545455,0.102272727,0,0,0.204545455,0.022727273,0.215909091,0.079545455,0.397727273,0.125,0.170454545,0.147727273,0.034090909,7.261363636,0,0.147727273,6520,88,0.38764681,0.936170213,0.666666667,1,31.311,11.11199538,10.243126,-15.95129439,145.3522727,90.42045455,0.025,1,96,0,0,0,0,0,0
911801,119,0.323529412,0.245098039,0.18627451,0.058823529,0.049019608,0.117647059,0.607843137,0.970588235,0.009803922,0.166666667,0.068627451,0.029411765,1.392156863,0.098039216,0.235294118,0.245098039,0.068627451,0.068627451,0.529411765,0,0.274509804,0.137254902,0.980392157,0.12745098,0.303921569,0.225490196,0.098039216,6.81372549,0.058823529,0.147058824,6576,102,0.625603527,0.962264151,0.784615385,1,33.527,12.97714961,10.12400853,-3.360541609,192.0588235,90.23529412,0.023809524,1,98,0,0,0,0,0,0
911801,120,0.451612903,0.086021505,0.23655914,0.021505376,0,0.043010753,0.483870968,0.849462366,0.021505376,0.11827957,0,0.021505376,0.946236559,0.161290323,0.086021505,0.096774194,0.043010753,0.010752688,0.215053763,0,0.107526882,0.032258065,0.225806452,0.150537634,0.23655914,0.258064516,0.053763441,4.849462366,0.064516129,0.129032258,6631,93,0.709133982,0.948979592,0.715384615,1,32.328,13.0452215,9.197843265,21.96310655,77.95698925,92.3655914,0,0,0,0,0,0,0,0,0
911801,121,0.337662338,0.116883117,0.207792208,0.038961039,0.025974026,0.064935065,0.987012987,1.584415584,0.012987013,0.285714286,0.051948052,0.012987013,1.038961039,0.233766234,0.025974026,0.233766234,0.090909091,0.064935065,0.155844156,0,0.194805195,0.181818182,0.506493506,0.207792208,0.233766234,0.454545455,0.051948052,8.155844156,0.038961039,0.064935065,6686,77,0.772684775,0.974683544,0.712962963,1,29.417,12.51893886,7.946896164,25.0235876,486.5064935,91.19480519,0.526315789,1,126,0,0,0,0,0,0
911801,122,0.151079137,0.18705036,0.244604317,0.043165468,0.014388489,0.021582734,0.784172662,1.115107914,0.035971223,0.26618705,0.028776978,0.035971223,1.805755396,0.115107914,0.057553957,0.165467626,0.071942446,0.050359712,0.316546763,0,0.388489209,0.230215827,0.330935252,0.165467626,0.273381295,0.417266187,0.086330935,7.115107914,0.071942446,0.129496403,6741,139,0.675414329,0.952054795,0.763736264,1,41.21,15.66453441,11.55163016,56.74595334,695.2230216,93.35251799,0.692307692,3,106,128,135,0,0,0,0
911801,123,0.34439834,0.161825726,0.170124481,0.041493776,0.033195021,0.029045643,0.68879668,0.979253112,0.024896266,0.161825726,0.041493776,0.066390041,2.141078838,0.203319502,0.062240664,0.174273859,0.062240664,0.037344398,0.261410788,0.008298755,0.360995851,0.157676349,0.32780083,0.136929461,0.273858921,0.381742739,0.029045643,5.406639004,0.053941909,0.078838174,6797,241,0.749006725,0.934108527,0.684659091,1,55.84,21.72209619,14.39224404,5.511088001,283.2780083,94.83817427,0.225352113,2,138,140,0,0,0,0,0
911801,124,0.242990654,0.130841121,0.205607477,0.009345794,0.037383178,0.093457944,0.411214953,0.85046729,0.046728972,0.130841121,0.018691589,0.046728972,0.934579439,0.121495327,0.046728972,0.093457944,0.018691589,0.009345794,0.327102804,0.018691589,0.168224299,0.074766355,0.205607477,0.196261682,0.299065421,0.196261682,0.046728972,5.037383178,0,0.112149533,6852,107,0.494399198,0.946902655,0.685897436,1,35.322,12.65159693,10.99721047,83.42614606,392.6168224,95.42056075,0.386363636,2,107,142,0,0,0,0,0
911801,125,0.566371681,0.194690265,0.221238938,0.026548673,0.026548673,0.044247788,1.230088496,1.504424779,0.03539823,0.212389381,0.03539823,0.088495575,1.707964602,0.345132743,0.115044248,0.256637168,0.053097345,0.061946903,0.300884956,0,0.336283186,0.194690265,0.920353982,0.256637168,0.637168142,0.477876106,0.079646018,11.31858407,0.053097345,0.159292035,6907,113,0.70461736,0.941666667,0.733766234,1,37.009,14.34674964,10.18027376,66.88942112,437.8053097,94.24778761,0,0,0,0,0,0,0,0,0
911801,126,0.117021277,0.170212766,0.372340426,0.021276596,0,0.021276596,0.819148936,1.212765957,0.031914894,0.20212766,0.031914894,0.074468085,0.989361702,0.127659574,0.021276596,0.127659574,0.021276596,0.074468085,0.287234043,0.021276596,0.436170213,0.223404255,0.531914894,0.255319149,0.170212766,0.489361702,0.031914894,8.563829787,0.031914894,0.117021277,6962,94,0.908824455,0.810344828,0.482051282,1,39.821,17.81188759,7.430741018,29.56717926,489.5531915,96.64893617,0.86,2,121,134,0,0,0,0,0
911801,127,0.270833333,0.118055556,0.208333333,0.006944444,0.013888889,0.034722222,0.611111111,0.951388889,0.020833333,0.166666667,0.020833333,0.083333333,1.8125,0.131944444,0.0625,0.083333333,0.041666667,0.013888889,0.201388889,0.013888889,0.256944444,0.097222222,0.458333333,0.180555556,0.166666667,0.208333333,0.0625,5.194444444,0.041666667,0.104166667,7018,144,0.789984812,0.9,0.692307692,1,44.295,17.78250142,10.90292129,71.5998197,513.9652778,101.0069444,0.517857143,2,130,153,0,0,0,0,0
911801,128,0.1875,0.1640625,0.15625,0.0234375,0.015625,0.046875,0.875,1.1640625,0.0390625,0.1640625,0,0.03125,2.8828125,0.21875,0.0390625,0.1953125,0.0234375,0.0703125,0.21875,0,0.46875,0.2109375,0.3828125,0.1875,0.3359375,0.40625,0.0390625,8.3984375,0.0546875,0.109375,7073,128,0.633947155,0.941176471,0.711111111,1,39.821,14.65838814,11.33645097,21.90662403,707.1953125,97.4453125,0.38,2,122,135,0,0,0,0,0
911801,129,0.426356589,0.085271318,0.162790698,0.046511628,0.046511628,0.054263566,0.906976744,1.534883721,0.054263566,0.170542636,0.015503876,0.03875969,1.240310078,0.263565891,0.131782946,0.186046512,0.023255814,0.046511628,0.294573643,0.015503876,0.325581395,0.170542636,1.007751938,0.224806202,0.372093023,0.364341085,0.062015504,8.937984496,0.031007752,0.11627907,7128,129,0.257265318,0.962686567,0.763313609,1,37.563,13.11578619,12.67431941,-18.40785314,323.4031008,99.24031008,0,0,0,0,0,0,0,0,0
911801,130,0.217391304,0.065217391,0.358695652,0.054347826,0.010869565,0.054347826,0.836956522,1.260869565,0.032608696,0.326086957,0.043478261,0.076086957,1.510869565,0.195652174,0.032608696,0.130434783,0.043478261,0.032608696,0.217391304,0,0.22826087,0.152173913,0.782608696,0.195652174,0.163043478,0.282608696,0.065217391,9.543478261,0.097826087,0.108695652,7183,92,0.739458787,0.929292929,0.707692308,1,33.8,13.33641661,8.978100048,-89.51998115,505.6847826,98.98913043,0.475,1,127,0,0,0,0,0,0
911801,131,0.404580153,0.106870229,0.305343511,0.015267176,0.030534351,0.061068702,1.122137405,1.374045802,0.045801527,0.160305344,0.022900763,0.022900763,1.908396947,0.175572519,0.106870229,0.167938931,0.030534351,0.045801527,0.13740458,0.007633588,0.20610687,0.145038168,0.480916031,0.13740458,0.282442748,0.282442748,0.083969466,8.34351145,0.038167939,0.183206107,7239,131,0.384189264,0.949275362,0.775147929,1,39.341,13.59643155,12.55296469,55.92906142,371.3969466,102.3206107,0.469387755,2,133,151,0,0,0,0,0
911801,132,0.238709677,0.090322581,0.174193548,0.032258065,0.032258065,0.04516129,0.632258065,1.206451613,0.019354839,0.167741935,0.019354839,0.032258065,0.780645161,0.193548387,0.606451613,0.116129032,0.038709677,0.038709677,0.419354839,0,0.187096774,0.148387097,1.090322581,0.129032258,0.335483871,0.277419355,0.096774194,6.677419355,0.04516129,0.148387097,7294,155,0.824209527,0.917159763,0.741626794,1,46.379,18.99033328,10.75394012,-81.69411898,807.9806452,103.7483871,0,0,0,0,0,0,0,0,0
911801,133,0.330508475,0.186440678,0.313559322,0.042372881,0.050847458,0.050847458,0.796610169,1.076271186,0.050847458,0.211864407,0.025423729,0.050847458,1.796610169,0.177966102,0.042372881,0.161016949,0.008474576,0.050847458,0.203389831,0.033898305,0.194915254,0.118644068,0.508474576,0.177966102,0.220338983,0.271186441,0.076271186,7.016949153,0.093220339,0.076271186,7349,118,0.529982582,0.944,0.648351648,1,36.571,13.43829526,11.39578898,-27.29589159,358.3644068,102.059322,0.24,1,131,0,0,0,0,0,0
911801,134,0.064935065,0.064935065,0.350649351,0.025974026,0.038961039,0.038961039,0.415584416,0.792207792,0.051948052,0.376623377,0.025974026,0.012987013,0.532467532,0.25974026,0.025974026,0.116883117,0.077922078,0.012987013,0.181818182,0,0.285714286,0.142857143,0.480519481,0.12987013,0.12987013,0.298701299,0.051948052,5.25974026,0.038961039,0.051948052,7404,77,0.792380605,0.905882353,0.658119658,1,31.468,12.94939109,7.899478583,9.343327965,489.5194805,103.7792208,0.5,1,126,0,0,0,0,0,0
911801,135,0.103092784,0.113402062,0.257731959,0.072164948,0.010309278,0.051546392,0.505154639,0.979381443,0.030927835,0.134020619,0.041237113,0.041237113,1.175257732,0.154639175,0.041237113,0.113402062,0.030927835,0.051546392,0.144329897,0,0.298969072,0.175257732,0.432989691,0.154639175,0.175257732,0.494845361,0.030927835,6.051546392,0.051546392,0.092783505,7460,97,0.519870838,0.932692308,0.734848485,1,32.973,12.18892813,10.41232943,22.76080252,696.5257732,103.9381443,0.547619048,2,122,128,0,0,0,0,0
911801,136,0.15,0.1,0.225,0.125,0.0375,0.1125,0.6625,1.2875,0.025,0.2125,0.025,0.0125,1.325,0.2375,0.05,0.125,0.0375,0.025,0.2375,0,0.1875,0.1,0.3875,0.1625,0.325,0.3125,0.0875,7.3,0.0625,0.2125,7515,80,0.859388826,0.898876404,0.519480519,1,34.859,14.66834412,7.500256494,-55.65087629,412.325,105.1875,0.545454545,3,139,145,165,0,0,0,0
911801,137,0.3359375,0.109375,0.2109375,0.0390625,0.0390625,0.046875,0.609375,2.1484375,0.046875,0.4375,0.0390625,0.046875,1.5703125,0.1640625,0.03125,0.3671875,0.0390625,0.0234375,0.140625,0,0.6796875,0.109375,0.3515625,0.2265625,0.203125,0.1953125,0.0234375,4.640625,0.09375,0.046875,7570,128,0.626510965,0.962406015,0.75739645,1,37.654,14.51684943,11.31461545,42.84456337,578.1171875,106.0625,0,0,0,0,0,0,0,0,0
911801,138,0.390909091,0.1,0.218181818,0.036363636,0,0.036363636,0.981818182,1.354545455,0.036363636,0.172727273,0.054545455,0.072727273,2.181818182,0.236363636,0.018181818,0.172727273,0.036363636,0.054545455,0.381818182,0.009090909,0.190909091,0.090909091,0.5,0.218181818,0.381818182,0.172727273,0.063636364,8.936363636,0.036363636,0.127272727,7625,110,0.671629163,0.948275862,0.714285714,1,36,13.86977925,10.27594588,-76.7018561,282.1818182,109.2727273,0.5625,3,123,140,170,0,0,0,0
911801,139,0.237288136,0.084745763,0.237288136,0.033898305,0.016949153,0.06779661,0.423728814,0.847457627,0.016949153,0.13559322,0.06779661,0.016949153,0.813559322,0.13559322,0.06779661,0.101694915,0.016949153,0.033898305,0.254237288,0,0.237288136,0.118644068,0.474576271,0.203389831,0.254237288,0.220338983,0.06779661,4.355932203,0.016949153,0.084745763,7681,59,0.68586442,0.842857143,0.595959596,1,28.193,10.52815389,7.66164652,41.42997417,405.1525424,106.9322034,0.852941176,3,136,145,152,0,0,0,0
911801,140,0.460176991,0.123893805,0.14159292,0.008849558,0.026548673,0.07079646,0.787610619,1.318584071,0.017699115,0.247787611,0.026548673,0.053097345,1.044247788,0.123893805,0.026548673,0.097345133,0.03539823,0.008849558,0.17699115,0.026548673,0.238938053,0.123893805,0.398230088,0.168141593,0.230088496,0.309734513,0.044247788,7.079646018,0.053097345,0.07079646,7736,113,0.647926912,0.926229508,0.620879121,1,37.497,13.88255478,10.57437684,39.42786913,270.6637168,107.0442478,0.340425532,2,123,138,0,0,0,0,0
911801,141,0.453488372,0.11627907,0.186046512,0.023255814,0.023255814,0.034883721,0.453488372,0.848837209,0.011627907,0.139534884,0.034883721,0.081395349,1.569767442,0.069767442,0.325581395,0.151162791,0.023255814,0.046511628,0.244186047,0.023255814,0.186046512,0.093023256,0.430232558,0.081395349,0.209302326,0.395348837,0.11627907,5.093023256,0.069767442,0.093023256,7791,86,0.593779692,0.924731183,0.716666667,1,31.658,11.79572985,9.491170552,20.73997289,305.8023256,107.627907,0.538461538,2,150,160,0,0,0,0,0
911801,142,0.155339806,0.126213592,0.213592233,0.029126214,0.038834951,0.048543689,0.54368932,0.834951456,0.048543689,0.13592233,0.019417476,0.019417476,1.601941748,0.155339806,0.058252427,0.077669903,0.048543689,0.029126214,0.262135922,0.009708738,0.349514563,0.126213592,0.310679612,0.184466019,0.291262136,0.291262136,0.048543689,6.213592233,0.077669903,0.087378641,7847,103,0.76418967,0.919642857,0.613095238,1,36.637,14.54185211,9.379372286,-64.31995979,387.0970874,106.2524272,0.733333333,3,124,151,152,0,0,0,0
911801,143,0.362068966,0.068965517,0.129310345,0.043103448,0.00862069,0.043103448,0.224137931,1.051724138,0.00862069,0.112068966,0,0.025862069,0.663793103,0.155172414,0.060344828,0.077586207,0.025862069,0.017241379,0.068965517,0,0.267241379,0.068965517,0.318965517,0.129310345,0.086206897,0.318965517,0.094827586,4.551724138,0.068965517,0.077586207,7902,116,0.493472796,0.935483871,0.743589744,1,36.736,13.14217115,11.43055096,53.01619652,209.5948276,108.7758621,0,0,0,0,0,0,0,0,0
911801,144,0.15862069,0.089655172,0.131034483,0.013793103,0.020689655,0.048275862,0.551724138,0.903448276,0.020689655,0.227586207,0.013793103,0.020689655,0.44137931,0.172413793,0.15862069,0.137931034,0.013793103,0.048275862,0.296551724,0.006896552,0.386206897,0.089655172,0.331034483,0.193103448,0.213793103,0.386206897,0.075862069,4.634482759,0.027586207,0.068965517,7957,145,0.447301478,0.953947368,0.644444444,1,41.715,14.53315785,12.99821287,41.47793233,465.7655172,110.3517241,0.363636364,1,161,0,0,0,0,0,0
911801,145,0.186440678,0.084745763,0.288135593,0.050847458,0,0.050847458,0.762711864,1.06779661,0.033898305,0.423728814,0.06779661,0,1.186440678,0.254237288,0.016949153,0.152542373,0,0.016949153,0.305084746,0,0.186440678,0.152542373,0.491525424,0.254237288,0.406779661,0.423728814,0.016949153,6.711864407,0.084745763,0.06779661,8012,59,0.764337078,0.936507937,0.655555556,1,26.597,11.088691,7.150175333,27.98515927,407.8813559,113.0338983,1,5,136,139,152,165,166,0,0
911801,146,0.361702128,0.074468085,0.127659574,0.021276596,0,0.074468085,0.712765957,1,0.031914894,0.095744681,0.021276596,0.042553191,1.287234043,0.191489362,0.031914894,0.14893617,0.042553191,0.042553191,0.117021277,0,0.255319149,0.20212766,0.361702128,0.20212766,0.170212766,0.276595745,0.042553191,5.968085106,0.010638298,0.095744681,8068,94,0.717671405,0.94,0.657342657,1,33.18,13.25282792,9.229029528,27.68974258,74.82978723,112.4574468,0,0,0,0,0,0,0,0,0
911801,147,0.6,0.140740741,0.103703704,0.022222222,0.044444444,0.02962963,0.725925926,1.014814815,0.044444444,0.103703704,0.037037037,0.037037037,2.874074074,0.125925926,0.762962963,0.111111111,0.02962963,0.022222222,0.711111111,0.007407407,0.303703704,0.140740741,0.540740741,0.192592593,0.325925926,0.392592593,0.066666667,7.066666667,0.059259259,0.081481481,8123,135,0.758100735,0.931034483,0.767045455,1,43.046,16.53883875,10.78559641,7.101313846,225.162963,112.8962963,0.551020408,2,149,168,0,0,0,0,0
911801,148,0.326732673,0.168316832,0.287128713,0.03960396,0.01980198,0.01980198,0.762376238,1.237623762,0.01980198,0.366336634,0.02970297,0.059405941,1.693069307,0.148514851,0.03960396,0.158415842,0.02970297,0.059405941,0.148514851,0,0.396039604,0.158415842,0.564356436,0.138613861,0.257425743,0.257425743,0.059405941,7.425742574,0.02970297,0.158415842,8178,101,0.475847837,0.952830189,0.701388889,1,33.089,12.18802272,10.71970263,39.86956195,177.1980198,113.6732673,0,0,0,0,0,0,0,0,0
911801,149,0.75,0.119047619,0.119047619,0.023809524,0.011904762,0.05952381,0.595238095,0.845238095,0.107142857,0.19047619,0.047619048,0.023809524,2.976190476,0.154761905,0.05952381,0.071428571,0.05952381,0.035714286,0.238095238,0,0.226190476,0.047619048,0.285714286,0.142857143,0.166666667,0.202380952,0.107142857,4.5,0.035714286,0.071428571,8233,84,0.626967736,0.943820225,0.777777778,1,31.352,11.91601947,9.283118033,-73.56105854,236.5357143,112.9880952,0.378378378,1,147,0,0,0,0,0,0
911801,150,0.401869159,0.065420561,0.214953271,0.009345794,0.037383178,0.065420561,0.757009346,1.355140187,0.074766355,0.177570093,0.046728972,0.037383178,2.158878505,0.224299065,0.570093458,0.102803738,0.028037383,0.056074766,0.420560748,0,0.364485981,0.158878505,0.476635514,0.14953271,0.224299065,0.841121495,0.074766355,9.037383178,0.065420561,0.121495327,8289,107,0.609306369,0.862903226,0.587912088,1,39.523,13.83719859,10.97199762,-43.29017869,297.7102804,111.9439252,0.673469388,3,141,160,164,0,0,0,0
911801,151,0.274193548,0.064516129,0.137096774,0.064516129,0.040322581,0.024193548,0.774193548,1.072580645,0.032258065,0.14516129,0.032258065,0.040322581,1.153225806,0.161290323,0.040322581,0.088709677,0.016129032,0.056451613,0.193548387,0.016129032,0.282258065,0.096774194,0.411290323,0.185483871,0.193548387,0.225806452,0.040322581,4.975806452,0.056451613,0.024193548,8344,124,0.483876421,0.911764706,0.632653061,1,39.821,13.77270726,12.05299659,60.04627603,378.8064516,112.1290323,0.568627451,2,131,142,0,0,0,0,0
911801,152,0.109090909,0.118181818,0.218181818,0.045454545,0,0.036363636,0.4,0.763636364,0.027272727,0.163636364,0.018181818,0.063636364,0.845454545,0.081818182,0.018181818,0.109090909,0.018181818,0.063636364,0.163636364,0.009090909,0.145454545,0.154545455,0.272727273,0.081818182,0.3,0.290909091,0.081818182,5.245454545,0.036363636,0.063636364,8399,110,0.458783429,0.973451327,0.705128205,1,35.14,12.71349795,11.29655473,3.531985867,397.5545455,114.5636364,0.760869565,5,139,142,145,166,171,0,0
911801,153,0.261363636,0.193181818,0.215909091,0.045454545,0.022727273,0.079545455,0.681818182,1.761363636,0.011363636,0.488636364,0.045454545,0.034090909,1.590909091,0.284090909,0.045454545,0.159090909,0.079545455,0.011363636,0.102272727,0.045454545,1.125,0.261363636,0.488636364,0.340909091,0.238636364,0.204545455,0.022727273,5.590909091,0.056818182,0.079545455,8454,88,0.499106478,0.946236559,0.733333333,1,31.104,11.46175323,9.932075269,-87.98347951,509.4204545,114.2613636,0.282051282,1,127,0,0,0,0,0,0
911801,154,0.17721519,0.101265823,0.35443038,0.088607595,0,0.063291139,0.582278481,0.670886076,0.050632911,0.101265823,0.037974684,0.012658228,0.443037975,0.240506329,0.025316456,0.075949367,0.025316456,0.063291139,0.164556962,0.025316456,0.215189873,0.126582278,0.924050633,0.139240506,0.126582278,0.291139241,0.101265823,5.911392405,0.037974684,0.063291139,8510,79,0.835931433,0.951807229,0.731481481,1,32.179,13.86474334,7.609441023,63.75776032,663.9873418,113.9620253,0.763157895,3,155,163,174,0,0,0,0
911801,155,0.209302326,0.069767442,0.220930233,0.069767442,0.023255814,0.104651163,0.802325581,0.825581395,0.011627907,0.081395349,0.023255814,0.058139535,0.604651163,0.209302326,0.058139535,0.197674419,0.058139535,0.081395349,0.23255814,0,0.174418605,0.058139535,0.779069767,0.151162791,0.174418605,0.220930233,0.058139535,7.441860465,0.034883721,0.058139535,8565,86,0.772347969,0.934782609,0.682539683,1,33.8,13.49711801,8.573364838,-81.39412687,670.9883721,115.4186047,0.682926829,2,154,174,0,0,0,0,0
911801,156,0.505050505,0.101010101,0.282828283,0.03030303,0.02020202,0.03030303,0.595959596,1.424242424,0.02020202,0.252525253,0.04040404,0.050505051,2.262626263,0.252525253,0.070707071,0.191919192,0.01010101,0.01010101,0.222222222,0.02020202,0.262626263,0.101010101,0.585858586,0.161616162,0.131313131,0.272727273,0.02020202,6.737373737,0.121212121,0.191919192,8620,99,0.134906931,0.951923077,0.6875,1,34.123,11.41801851,11.31363812,76.80562149,194.0707071,114.3232323,0.227272727,2,176,179,0,0,0,0,0
911801,157,0.311926606,0.082568807,0.394495413,0.04587156,0,0.018348624,0.587155963,0.944954128,0.027522936,0.110091743,0.009174312,0.036697248,1.697247706,0.100917431,0.091743119,0.137614679,0.04587156,0.018348624,0.201834862,0,0.220183486,0.055045872,0.770642202,0.183486239,0.201834862,0.229357798,0.055045872,5.47706422,0.018348624,0.073394495,8675,109,0.65828992,0.947826087,0.707792208,1,35.421,13.68842221,10.3041582,21.17916107,318.5229358,115.3394495,0.217391304,1,160,0,0,0,0,0,0
911801,159,0.198979592,0.086734694,0.173469388,0.040816327,0.015306122,0.020408163,6.362244898,0.959183673,0.086734694,0.204081633,0.056122449,0.040816327,1.163265306,0.295918367,0.091836735,0.091836735,0.045918367,0.117346939,0.117346939,0.015306122,0.183673469,0.12755102,0.505102041,0.12755102,0.678571429,0.464285714,0.045918367,3.93877551,0.06122449,0.056122449,8786,196,0.22841867,0.946859903,0.678200692,1,47.81,16.12911296,15.70270757,41.04932097,117.1632653,117.9795918,0,0,0,0,0,0,0,0,0
911801,160,0.69047619,0.119047619,0.119047619,0.035714286,0.035714286,0.05952381,0.404761905,0.916666667,0.011904762,0.178571429,0,0.035714286,3.845238095,0.083333333,0.083333333,0.083333333,0.05952381,0,0.011904762,0.023809524,0.107142857,0.023809524,0.404761905,0.214285714,0.178571429,0.214285714,0,3.452380952,0.05952381,0.011904762,8841,84,0.76033918,0.943820225,0.717948718,1,31.559,12.93478113,8.401479699,65.82976517,306.9404762,118.2619048,0.794871795,4,141,150,157,164,0,0,0
911801,161,0.221052632,0.105263158,0.157894737,0.031578947,0.021052632,0.063157895,1.031578947,0.989473684,0.073684211,0.105263158,0.052631579,0.084210526,1.305263158,0.231578947,0.021052632,0.105263158,0.042105263,0.031578947,0.094736842,0.010526316,0.263157895,0.063157895,0.305263158,0.189473684,0.168421053,0.2,0.021052632,5.652631579,0.042105263,0.084210526,8896,95,0.796052486,0.913461538,0.616883117,1,34.677,14.34448558,8.681678486,29.42126241,471.4105263,118.2631579,0.444444444,1,144,0,0,0,0,0,0
911801,162,0.437086093,0.17218543,0.264900662,0.01986755,0.033112583,0.092715232,0.741721854,1.251655629,0.046357616,0.271523179,0.039735099,0.039735099,1.264900662,0.251655629,0.165562914,0.152317881,0.066225166,0.059602649,0.364238411,0,0.344370861,0.119205298,0.556291391,0.278145695,0.476821192,0.410596026,0.119205298,8.19205298,0.112582781,0.152317881,8952,151,0.606723834,0.955696203,0.671111111,1,42.269,15.65246091,12.44233985,-42.29352818,642.8211921,115.9139073,0.290909091,1,163,0,0,0,0,0,0
911801,163,0.491525424,0.101694915,0.194915254,0.042372881,0.016949153,0.06779661,0.63559322,1.305084746,0.025423729,0.203389831,0.033898305,0.059322034,0.771186441,0.186440678,0.06779661,0.245762712,0.084745763,0.016949153,0.338983051,0.008474576,0.288135593,0.186440678,0.745762712,0.186440678,0.406779661,0.440677966,0.084745763,10,0.101694915,0.050847458,9007,118,0.727663478,0.929133858,0.702380952,1,37.654,14.97696738,10.27321562,65.8744052,653.7372881,120.3305085,0.770833333,3,154,162,174,0,0,0,0
911801,164,0.385964912,0.087719298,0.175438596,0.01754386,0.01754386,0.01754386,0.543859649,1.192982456,0,0.245614035,0.01754386,0.035087719,2.228070175,0.175438596,0.140350877,0.228070175,0,0.070175439,0.228070175,0,0.298245614,0.228070175,0.333333333,0.140350877,0.315789474,0.403508772,0.052631579,8.894736842,0.052631579,0.175438596,9062,57,0.36374123,0.966101695,0.703703704,1,25.373,9.040569803,8.421291101,29.54497073,298.7368421,120.6315789,0.733333333,2,150,160,0,0,0,0,0
911801,165,0.140625,0.109375,0.15625,0.015625,0.015625,0.0625,0.53125,0.921875,0.0625,0.15625,0,0.03125,1.828125,0.0625,0.03125,0.171875,0.046875,0.015625,0.1875,0.015625,0.234375,0.265625,0.484375,0.1875,0.234375,0.171875,0.0625,7.328125,0.09375,0.09375,9117,64,0.386000138,0.941176471,0.711111111,1,26.142,9.518982184,8.781248906,-27.48361831,411.578125,119.078125,0.647058824,3,136,145,166,0,0,0,0
911801,166,0.343283582,0.119402985,0.23880597,0.014925373,0.044776119,0.044776119,0.850746269,1.268656716,0,0.208955224,0.029850746,0.029850746,0.776119403,0.253731343,0.029850746,0.119402985,0.059701493,0.059701493,0.223880597,0.029850746,0.23880597,0.194029851,0.492537313,0.223880597,0.23880597,0.388059701,0.119402985,7.820895522,0.074626866,0.194029851,9173,67,0.351368871,0.917808219,0.67,1,27.73,9.755357893,9.133328029,42.31938352,404.0746269,122.2985075,0.657142857,3,145,152,165,0,0,0,0
911801,167,0.298076923,0.028846154,0.269230769,0.028846154,0.038461538,0.028846154,0.480769231,0.971153846,0.048076923,0.134615385,0.028846154,0.038461538,0.807692308,0.182692308,0.105769231,0.105769231,0.019230769,0.019230769,0.240384615,0,0.144230769,0.134615385,0.336538462,0.134615385,0.259615385,0.173076923,0.038461538,4.375,0.057692308,0.048076923,9228,104,0.501323924,0.945454545,0.666666667,1,34.313,12.47191478,10.79144506,15.76000438,97.94230769,121.5961538,0.022222222,1,181,0,0,0,0,0,0
911801,168,0.545454545,0.196969697,0.166666667,0.045454545,0,0.075757576,0.909090909,1.151515152,0.075757576,0.151515152,0.03030303,0.045454545,1.348484848,0.151515152,1.227272727,0.121212121,0.015151515,0.090909091,0.924242424,0,0.212121212,0.136363636,1.666666667,0.181818182,0.590909091,0.484848485,0.075757576,5.96969697,0.090909091,0.045454545,9283,66,0.798195548,0.929577465,0.6875,1,28.474,12.0940161,7.2854163,18.40355748,220.6212121,121.3939394,0.916666667,3,147,178,180,0,0,0,0
911801,169,0.225225225,0.081081081,0.288288288,0.027027027,0.027027027,0.063063063,0.63963964,1.153153153,0.036036036,0.243243243,0.036036036,0.108108108,1.09009009,0.288288288,0.108108108,0.099099099,0.018018018,0.045045045,0.387387387,0,0.144144144,0.126126126,0.387387387,0.189189189,0.252252252,0.405405405,0.036036036,7.990990991,0.045045045,0.063063063,9338,111,0.7954975,0.925,0.616666667,1,37.588,15.45231967,9.36343925,-28.38604767,798.3243243,122.0990991,0.020833333,1,190,0,0,0,0,0,0
911801,170,0.333333333,0.090909091,0.333333333,0.02020202,0.070707071,0.03030303,0.717171717,0.939393939,0.01010101,0.141414141,0.02020202,0.03030303,1,0.191919192,0.090909091,0.191919192,0.02020202,0.02020202,0.252525253,0,0.303030303,0.151515152,0.525252525,0.111111111,0.383838384,0.333333333,0.03030303,7.636363636,0.03030303,0.070707071,9394,99,0.710960256,0.933962264,0.642857143,1,34.768,13.58027941,9.550089645,17.56809945,279.5656566,122.5353535,0.568181818,2,138,182,0,0,0,0,0
911801,171,0.282051282,0.102564103,0.188034188,0.042735043,0.017094017,0.025641026,0.846153846,1.05982906,0.017094017,0.196581197,0.042735043,0.05982906,1.307692308,0.136752137,0.153846154,0.196581197,0.051282051,0,0.376068376,0,0.247863248,0.085470085,0.435897436,0.162393162,0.282051282,0.239316239,0.034188034,6.333333333,0.05982906,0.076923077,9449,117,0.6732517,0.928571429,0.642857143,1,38.051,14.3929825,10.64236386,55.27660355,386.2735043,125.0769231,0.020408163,1,152,0,0,0,0,0,0
911801,172,0.283783784,0.162162162,0.202702703,0.040540541,0,0.013513514,0.891891892,1.72972973,0.054054054,0.148648649,0.027027027,0.040540541,1.405405405,0.22972973,0.027027027,0.256756757,0.027027027,0.067567568,0.364864865,0,0.324324324,0.121621622,0.662162162,0.243243243,0.621621622,0.675675676,0.094594595,11.2972973,0.054054054,0.081081081,9504,74,0.506514639,0.891566265,0.611570248,1,31.195,10.82436277,9.333105045,-44.9331699,528.5405405,121.1621622,0.512820513,1,177,0,0,0,0,0,0
911801,173,0.165714286,0.102857143,0.182857143,0.017142857,0,0.022857143,0.422857143,0.737142857,0.022857143,0.165714286,0.017142857,0.022857143,1.754285714,0.154285714,0.04,0.114285714,0.005714286,0.022857143,0.171428571,0.005714286,0.2,0.12,0.36,0.137142857,0.194285714,0.302857143,0.04,4.394285714,0.08,0.08,9559,175,0.574543904,0.940860215,0.68359375,1,47.504,16.93718154,13.86263872,-43.52912775,617.5028571,122.6342857,0,0,0,0,0,0,0,0,0
911801,174,0.243421053,0.157894737,0.223684211,0.065789474,0.032894737,0.039473684,0.447368421,0.651315789,0.059210526,0.197368421,0.046052632,0.026315789,0.914473684,0.177631579,0.026315789,0.118421053,0.026315789,0.013157895,0.171052632,0.013157895,0.296052632,0.197368421,0.618421053,0.157894737,0.177631579,0.309210526,0.026315789,5.473684211,0.052631579,0.019736842,9615,152,0.779996298,0.915662651,0.666666667,1,46.834,17.92111068,11.21474662,11.07299681,664.4802632,124.875,0.568965517,3,154,155,163,0,0,0,0
911801,175,0.24742268,0.18556701,0.329896907,0.072164948,0.020618557,0.020618557,0.484536082,0.989690722,0.020618557,0.237113402,0.041237113,0.041237113,0.701030928,0.154639175,0.092783505,0.144329897,0.041237113,0.041237113,0.309278351,0.020618557,0.360824742,0.113402062,0.865979381,0.175257732,0.113402062,0.24742268,0.092783505,6.494845361,0.113402062,0.06185567,9670,97,0.486973386,0.941747573,0.734848485,1,33.155,12.01436755,10.49355056,5.998275643,62.94845361,125.8865979,0,0,0,0,0,0,0,0,0
911801,176,0.283333333,0.033333333,0.116666667,0,0,0.066666667,0.583333333,0.966666667,0,0.183333333,0,0.016666667,1.833333333,0.183333333,0.133333333,0.05,0,0.033333333,0.383333333,0,0.25,0.1,0.183333333,0.166666667,0.1,0.216666667,0.066666667,4.3,0,0.033333333,9725,60,0.744431301,0.923076923,0.6,1,27.639,10.94473824,7.307791458,42.69590876,186.0666667,124.2666667,0.636363636,2,156,179,0,0,0,0,0
911801,177,0.614457831,0.204819277,0.21686747,0.024096386,0.012048193,0.024096386,0.795180723,1.506024096,0.048192771,0.192771084,0.024096386,0.036144578,1.168674699,0.156626506,0.072289157,0.180722892,0.048192771,0.024096386,0.253012048,0.012048193,0.43373494,0.228915663,0.506024096,0.13253012,0.409638554,0.253012048,0.036144578,8.722891566,0.024096386,0.048192771,9781,83,0.5207386,0.892473118,0.628787879,1,33.618,11.66615702,9.959586965,-22.63258096,522.5060241,126,0.682926829,2,172,187,0,0,0,0,0
911801,178,0.38372093,0.058139535,0.151162791,0.023255814,0.023255814,0.046511628,0.581395349,0.709302326,0.058139535,0.186046512,0.034883721,0.023255814,1.23255814,0.174418605,0.197674419,0.139534884,0.046511628,0.034883721,0.302325581,0.046511628,0.279069767,0.162790698,0.465116279,0.186046512,0.279069767,0.488372093,0.093023256,5.779069767,0.058139535,0.058139535,9836,86,0.827843105,0.868686869,0.661538462,1,35.115,14.52856278,8.14993832,17.84882317,220.3837209,127.9651163,0.651162791,2,168,180,0,0,0,0,0
911801,179,0.257731959,0.12371134,0.216494845,0,0,0.051546392,0.515463918,0.721649485,0.020618557,0.298969072,0,0.051546392,1.917525773,0.268041237,0.06185567,0.164948454,0.041237113,0.030927835,0.144329897,0,0.309278351,0.164948454,0.24742268,0.082474227,0.206185567,0.226804124,0.020618557,5.092783505,0.020618557,0.051546392,9891,97,0.816400897,0.866071429,0.573964497,1,36.455,15.24215508,8.802124507,49.33610206,191.4845361,127.6597938,0.520833333,2,156,176,0,0,0,0,0
911801,180,0.3,0.084615385,0.384615385,0.038461538,0.015384615,0.053846154,0.676923077,1.092307692,0.023076923,0.130769231,0.015384615,0.046153846,0.861538462,0.146153846,0.138461538,0.192307692,0.023076923,0.046153846,0.238461538,0,0.215384615,0.130769231,1.069230769,0.130769231,0.138461538,0.215384615,0.053846154,6.976923077,0.053846154,0.115384615,9946,130,0.667212102,0.935251799,0.722222222,1,39.341,15.0301729,11.19549153,-87.25301171,209.3461538,130.1307692,0.285714286,2,168,178,0,0,0,0,0
911801,181,0.233333333,0.133333333,0.222222222,0.055555556,0.011111111,0.055555556,0.777777778,1.333333333,0.011111111,0.2,0.011111111,0.066666667,1.344444444,0.255555556,0.055555556,0.144444444,0.044444444,0.011111111,0.211111111,0.033333333,0.144444444,0.155555556,0.511111111,0.166666667,0.188888889,0.222222222,0.055555556,7.155555556,0.111111111,0.211111111,10002,90,0.494933203,0.947368421,0.681818182,1,31.22,11.56481551,10.04902699,50.8599075,86.97777778,130.3888889,0.024390244,1,167,0,0,0,0,0,0
911801,182,0.203703704,0.148148148,0.143518519,0.032407407,0.041666667,0.050925926,0.550925926,0.662037037,0.018518519,0.217592593,0.023148148,0.055555556,0.685185185,0.134259259,0.050925926,0.12037037,0.037037037,0.027777778,0.208333333,0.013888889,0.328703704,0.231481481,0.305555556,0.189814815,0.236111111,0.361111111,0.069444444,4.625,0.037037037,0.046296296,10057,216,0.67947996,0.95154185,0.710526316,1,51.895,19.53382393,14.33185072,-31.53835589,276.4166667,133.875,0.5,2,170,198,0,0,0,0,0
911801,183,0.322580645,0.201612903,0.225806452,0.016129032,0.048387097,0.048387097,1.024193548,1.306451613,0.040322581,0.185483871,0.056451613,0.088709677,1.419354839,0.225806452,0.080645161,0.217741935,0.040322581,0.080645161,0.266129032,0.016129032,0.266129032,0.137096774,0.459677419,0.169354839,0.290322581,0.201612903,0.080645161,6.943548387,0.032258065,0.10483871,10112,124,0.494046465,0.918518519,0.635897436,1,39.639,13.73487581,11.94158863,4.338724019,340.3951613,132.4677419,0,0,0,0,0,0,0,0,0
911801,184,0.307142857,0.114285714,0.164285714,0.035714286,0.014285714,0.035714286,0.635714286,1.157142857,0.05,0.414285714,0.057142857,0.05,0.757142857,0.257142857,0.05,0.214285714,0.05,0.021428571,0.378571429,0.007142857,0.371428571,0.207142857,0.65,0.107142857,0.521428571,0.628571429,0.064285714,10.85,0.057142857,0.085714286,10167,140,0.745668803,0.945945946,0.717948718,1,40.747,16.48232763,10.98245129,27.9538365,550.2928571,131.4214286,0.269230769,1,195,0,0,0,0,0,0
911801,185,0.262711864,0.254237288,0.245762712,0.050847458,0.016949153,0.06779661,0.627118644,1.313559322,0.059322034,0.237288136,0.025423729,0.033898305,0.949152542,0.211864407,0.093220339,0.152542373,0.050847458,0.076271186,0.228813559,0.008474576,0.288135593,0.237288136,0.610169492,0.186440678,0.13559322,0.305084746,0.06779661,8.93220339,0.101694915,0.06779661,10223,118,0.770355647,0.936507937,0.602040816,1,38.994,15.49966178,9.882808196,42.63313573,149.6271186,133.2288136,0,0,0,0,0,0,0,0,0
911801,186,0.256756757,0.067567568,0.337837838,0.054054054,0.040540541,0.027027027,0.783783784,1.162162162,0.040540541,0.081081081,0.040540541,0.040540541,0.472972973,0.121621622,0.094594595,0.135135135,0.040540541,0.027027027,0.283783784,0,0.162162162,0.054054054,0.5,0.108108108,0.216216216,0.297297297,0.054054054,6.432432432,0.054054054,0.162162162,10278,74,0.548466401,0.936708861,0.616666667,1,29.897,10.84878164,9.071453886,-2.091825452,462.7972973,130.8648649,0.459459459,1,188,0,0,0,0,0,0
911801,187,0.221052632,0.115789474,0.421052632,0.063157895,0.010526316,0.063157895,0.6,0.863157895,0.063157895,0.136842105,0.031578947,0.021052632,0.726315789,0.284210526,0.094736842,0.126315789,0.073684211,0.010526316,0.242105263,0.010526316,0.242105263,0.189473684,2.442105263,0.084210526,0.210526316,0.505263158,0.042105263,8.6,0.094736842,0.157894737,10333,95,0.415649462,0.940594059,0.659722222,1,33.66,11.66915473,10.61338667,-42.47080481,515.9684211,135.1894737,0.488372093,2,177,196,0,0,0,0,0
911801,188,0.157303371,0.213483146,0.157303371,0,0.04494382,0.08988764,0.662921348,0.741573034,0,0.314606742,0,0.02247191,0.730337079,0.213483146,0.08988764,0.134831461,0.033707865,0.06741573,0.191011236,0.02247191,0.348314607,0.179775281,0.359550562,0.08988764,0.146067416,0.348314607,0.06741573,6.337078652,0.101123596,0.08988764,10388,89,0.328653882,0.927083333,0.618055556,1,33.271,11.27773352,10.65126033,-15.69281816,460.1685393,138.6067416,0.428571429,1,186,0,0,0,0,0,0
911801,189,0.368644068,0.097457627,0.161016949,0.008474576,0,0.029661017,2.610169492,1.046610169,0.025423729,0.144067797,0.033898305,0.021186441,1.237288136,0.190677966,0.279661017,0.110169492,0.021186441,0.050847458,0.283898305,0,0.258474576,0.118644068,0.745762712,0.161016949,0.444915254,0.207627119,0.055084746,5.512711864,0.050847458,0.097457627,10444,236,0.635560495,0.944,0.621052632,1,55.303,20.12420606,15.53691485,50.94697184,493.5338983,136.6949153,0,0,0,0,0,0,0,0,0
911801,190,0.42,0.11,0.2,0.04,0.04,0.04,0.93,1.27,0.07,0.13,0.03,0.04,1.62,0.2,0.05,0.17,0.02,0.05,0.29,0,0.34,0.11,0.29,0.21,0.34,0.3,0.1,7.72,0.05,0.1,10499,100,0.512499277,0.934579439,0.699300699,1,33.734,12.3025412,10.56404027,-81.1887221,802.99,136.61,0.255813953,2,169,203,0,0,0,0,0
911801,191,0.813186813,0.065934066,0.120879121,0.010989011,0.043956044,0.076923077,1.901098901,0.846153846,0.010989011,0.065934066,0.043956044,0.087912088,1.824175824,0.252747253,0.10989011,0.252747253,0.021978022,0.043956044,0.098901099,0,0.120879121,0.076923077,0.32967033,0.120879121,0.417582418,0.164835165,0.054945055,5.021978022,0.076923077,0.032967033,10554,91,0.142639486,0.93814433,0.689393939,1,31.956,10.90143591,10.78996557,-17.06090473,34.14285714,137.3956044,0,0,0,0,0,0,0,0,0
911801,192,0.285714286,0.092436975,0.319327731,0.067226891,0.025210084,0.025210084,0.798319328,0.882352941,0.016806723,0.151260504,0.042016807,0.025210084,0.949579832,0.142857143,0.025210084,0.218487395,0.025210084,0.025210084,0.18487395,0,0.235294118,0.075630252,1.554621849,0.235294118,0.218487395,0.260504202,0.075630252,6.831932773,0.058823529,0.016806723,10609,119,0.680625223,0.901515152,0.61025641,1,39.92,14.77607728,10.8254236,28.52013085,106.7478992,137.6470588,0.519230769,2,194,201,0,0,0,0,0
911801,193,0.403726708,0.062111801,0.198757764,0.01242236,0.02484472,0.01242236,0.552795031,0.906832298,0.037267081,0.211180124,0.037267081,0.043478261,2.136645963,0.111801242,0.01863354,0.086956522,0.00621118,0.031055901,0.118012422,0.031055901,0.291925466,0.074534161,0.341614907,0.062111801,0.155279503,0.291925466,0.055900621,5.049689441,0.043478261,0.068322981,10665,161,0.813402374,0.889502762,0.651821862,1,47.694,19.31659303,11.23649019,-11.65813516,772.8198758,137.0559006,0.327868852,1,197,0,0,0,0,0,0
911801,194,0.243589744,0.08974359,0.230769231,0.102564103,0.025641026,0.038461538,0.525641026,1,0.128205128,0.128205128,0.076923077,0,1.346153846,0.192307692,0.08974359,0.153846154,0.038461538,0.025641026,0.179487179,0,0.192307692,0.051282051,0.935897436,0.205128205,0.166666667,0.256410256,0.012820513,5.666666667,0.038461538,0.153846154,10720,78,0.555471006,0.896551724,0.65,1,31.286,11.1520862,9.273360093,58.77950867,112.6794872,143.9230769,0.605263158,2,192,201,0,0,0,0,0
911801,195,0.342592593,0.092592593,0.212962963,0.083333333,0.046296296,0.064814815,0.75,1.537037037,0.009259259,0.231481481,0.046296296,0.111111111,1.388888889,0.296296296,0.064814815,0.212962963,0.074074074,0.027777778,0.25,0,0.166666667,0.185185185,0.472222222,0.12962963,0.472222222,0.435185185,0.074074074,10.98148148,0.138888889,0.12037037,10775,108,0.644641541,0.947368421,0.692307692,1,35.049,13.49138026,10.31395756,33.79365527,550.0555556,142.1666667,0.311111111,1,184,0,0,0,0,0,0
911801,196,0.235294118,0.033613445,0.302521008,0.100840336,0,0.042016807,0.739495798,0.798319328,0.042016807,0.176470588,0.050420168,0,0.630252101,0.134453782,0.016806723,0.201680672,0.075630252,0.025210084,0.117647059,0.008403361,0.268907563,0.193277311,1.571428571,0.176470588,0.142857143,0.277310924,0.117647059,8.546218487,0.033613445,0.117647059,10830,119,0.61546507,0.952,0.708333333,1,36.918,13.9503423,10.99515986,73.86354555,511.1092437,146.7983193,0.212765957,1,187,0,0,0,0,0,0
911801,197,0.642857143,0.114285714,0.057142857,0.028571429,0.014285714,0.014285714,0.542857143,0.671428571,0.042857143,0.2,0.057142857,0.042857143,2.157142857,0.057142857,0.028571429,0.157142857,0.042857143,0.014285714,0.057142857,0.014285714,0.385714286,0.114285714,0.328571429,0.142857143,0.128571429,0.185714286,0.057142857,4.8,0.042857143,0.028571429,10886,70,0.59973499,0.933333333,0.707070707,1,28.011,10.67167627,8.539461362,16.60814888,770.6571429,144.8714286,0.542857143,1,193,0,0,0,0,0,0
911801,198,0.261904762,0.055555556,0.214285714,0.031746032,0.015873016,0.055555556,0.555555556,1.095238095,0,0.23015873,0.03968254,0.071428571,0.833333333,0.214285714,0.047619048,0.103174603,0.007936508,0.023809524,0.206349206,0.015873016,0.277777778,0.087301587,0.341269841,0.095238095,0.26984127,0.380952381,0.055555556,4.76984127,0.071428571,0.134920635,10941,126,0.771916332,0.947368421,0.673796791,1,40.003,16.06249308,10.21131453,0.057843715,274.7222222,145.7936508,0.6,2,182,204,0,0,0,0,0
911801,199,0.260869565,0.195652174,0.217391304,0.007246377,0.028985507,0.043478261,0.557971014,1.050724638,0.057971014,0.304347826,0.036231884,0.028985507,0.971014493,0.311594203,0.043478261,0.152173913,0.050724638,0.028985507,0.333333333,0,0.333333333,0.210144928,1.528985507,0.231884058,0.355072464,0.492753623,0.101449275,9.297101449,0.072463768,0.057971014,10996,138,0.483863437,0.958333333,0.821428571,1,41.301,14.38020668,12.58474463,-75.84069942,308.7826087,147.6014493,0.37254902,1,202,0,0,0,0,0,0
911801,200,0.396825397,0.095238095,0.26984127,0.063492063,0.047619048,0.031746032,0.666666667,1.349206349,0.047619048,0.19047619,0.031746032,0.015873016,1.841269841,0.285714286,0.19047619,0.047619048,0.079365079,0.047619048,0.285714286,0,0.317460317,0.238095238,0.380952381,0.158730159,0.301587302,0.26984127,0.095238095,9.555555556,0.079365079,0.26984127,11051,63,0.834746449,0.926470588,0.636363636,1,28.284,12.24672928,6.743471809,39.20546667,663.2222222,148.1111111,0.628571429,2,208,213,0,0,0,0,0
911801,201,0.201612903,0.169354839,0.177419355,0.048387097,0.016129032,0.056451613,0.758064516,0.830645161,0.040322581,0.177419355,0.040322581,0.016129032,0.951612903,0.177419355,0.064516129,0.137096774,0.064516129,0,0.120967742,0.016129032,0.217741935,0.14516129,0.879032258,0.14516129,0.282258065,0.314516129,0.072580645,7.64516129,0.072580645,0.10483871,11107,124,0.561917484,0.953846154,0.738095238,1,37.381,13.93263349,11.52498095,4.52934779,101.7177419,148.5887097,0.395833333,2,192,194,0,0,0,0,0
911801,202,0.329545455,0.147727273,0.284090909,0.045454545,0.034090909,0.022727273,0.789772727,0.897727273,0.039772727,0.244318182,0.056818182,0.0625,1.142045455,0.221590909,0.034090909,0.210227273,0.017045455,0.011363636,0.25,0.005681818,0.272727273,0.107954545,0.397727273,0.215909091,0.193181818,0.295454545,0.056818182,7.721590909,0.045454545,0.096590909,11162,176,0.709150981,0.875621891,0.661654135,1,52.094,18.52156468,13.05875243,17.16681548,321.3409091,149.1193182,0.323076923,1,199,0,0,0,0,0,0
911801,203,0.278846154,0.115384615,0.240384615,0.028846154,0.019230769,0.009615385,0.557692308,0.932692308,0.057692308,0.192307692,0.038461538,0.038461538,1.461538462,0.153846154,0.076923077,0.201923077,0.009615385,0.009615385,0.211538462,0.019230769,0.288461538,0.144230769,0.423076923,0.173076923,0.192307692,0.336538462,0.057692308,6.365384615,0.067307692,0.076923077,11217,104,0.666687993,0.928571429,0.619047619,1,35.719,13.4994072,10.06160655,23.81715623,805.5,148.5865385,0.217391304,1,190,0,0,0,0,0,0
911801,204,0.365853659,0.12195122,0.182926829,0.012195122,0.012195122,0.109756098,0.902439024,1.195121951,0.048780488,0.243902439,0.073170732,0.06097561,0.829268293,0.195121951,0.024390244,0.182926829,0.048780488,0.048780488,0.073170732,0,0.256097561,0.073170732,0.292682927,0.280487805,0.243902439,0.219512195,0.073170732,6.268292683,0.024390244,0.097560976,11272,82,0.656452278,0.911111111,0.630769231,1,31.766,11.93923579,9.006572104,17.38000308,284.2560976,150.9878049,0.41025641,1,198,0,0,0,0,0,0
911801,205,0.4625,0.1,0.125,0.01875,0.0125,0.05,0.68125,0.9625,0.05625,0.2375,0.00625,0.0375,2.55625,0.18125,0.0625,0.14375,0.05,0.025,0.1875,0,0.275,0.10625,0.38125,0.15,0.2125,0.23125,0.05625,5.6625,0.03125,0.06875,11328,160,0.588962609,0.903954802,0.588235294,1,49.348,16.69124192,13.48919882,-51.151082,401.05625,148.1,0.639344262,2,207,210,0,0,0,0,0
911801,206,0.173913043,0.105590062,0.354037267,0.062111801,0.049689441,0.068322981,0.534161491,0.881987578,0.031055901,0.173913043,0.01863354,0.074534161,0.583850932,0.093167702,0.055900621,0.130434783,0.068322981,0.031055901,0.236024845,0.00621118,0.229813665,0.173913043,0.739130435,0.316770186,0.111801242,0.51552795,0.031055901,6.602484472,0.02484472,0.086956522,11383,161,0.499364085,0.947058824,0.766666667,1,43.17,15.49651675,13.42606183,13.55721573,73.97515528,151.6708075,0,0,0,0,0,0,0,0,0
911801,207,0.472527473,0.120879121,0.10989011,0.065934066,0.043956044,0.065934066,1.538461538,1.681318681,0.021978022,0.230769231,0.021978022,0.087912088,1.923076923,0.241758242,0.076923077,0.263736264,0.054945055,0.054945055,0.230769231,0,0.483516484,0.208791209,1.340659341,0.21978022,0.43956044,0.362637363,0.10989011,11.32967033,0.087912088,0.142857143,11438,91,0.842259655,0.875,0.590909091,1,37.464,15.27885638,8.2364044,58.59762711,409.978022,151.5604396,0.52173913,2,205,210,0,0,0,0,0
911801,208,0.296296296,0.12345679,0.259259259,0.037037037,0.024691358,0.037037037,0.740740741,1.12345679,0.024691358,0.296296296,0.024691358,0.061728395,0.962962963,0.098765432,0.135802469,0.086419753,0.049382716,0.012345679,0.345679012,0.024691358,0.296296296,0.160493827,0.382716049,0.234567901,0.185185185,0.222222222,0.049382716,6.864197531,0.12345679,0.086419753,11493,81,0.790167455,0.9,0.525974026,1,33.478,13.309758,8.157431053,59.53994005,668.2716049,152.5308642,0.651162791,2,200,213,0,0,0,0,0
911801,209,0.316666667,0.1,0.133333333,0.033333333,0.05,0.05,1.35,1.133333333,0.05,0.066666667,0.033333333,0.083333333,1.3,0.3,0.05,0.133333333,0.033333333,0.016666667,0.233333333,0,0.266666667,0.166666667,0.85,0.15,0.316666667,0.433333333,0.133333333,7.366666667,0,0.133333333,11549,60,0.668235633,0.909090909,0.606060606,1,26.812,10.3250372,7.681308207,-69.16146277,366.05,153.8833333,0.705882353,2,211,222,0,0,0,0,0
911801,210,0.255319149,0.127659574,0.340425532,0.021276596,0,0,0.829787234,1.106382979,0.021276596,0.106382979,0,0,2.553191489,0.170212766,0.063829787,0.085106383,0.021276596,0,0.340425532,0,0.191489362,0.106382979,0.361702128,0.106382979,0.382978723,0.191489362,0,6.382978723,0,0.127659574,11604,47,0.785208426,0.854545455,0.5875,1,25.1,10.12434106,6.269311529,-30.41019264,397.5531915,155.3829787,1,3,205,207,215,0,0,0,0
911801,211,0.491666667,0.1,0.225,0.016666667,0.025,0.016666667,0.925,1.05,0.016666667,0.15,0.041666667,0.016666667,0.941666667,0.25,0.05,0.166666667,0.008333333,0.025,0.2,0.008333333,0.283333333,0.075,0.758333333,0.1,0.233333333,0.2,0.041666667,6.9,0.066666667,0.083333333,11659,120,0.783559217,0.845070423,0.625,1,44.32,16.57505746,10.29836682,-87.89776433,359.125,154.0416667,0.545454545,2,209,222,0,0,0,0,0
911801,212,0.75,0.145833333,0.197916667,0.03125,0,0.052083333,0.760416667,1.447916667,0.052083333,0.125,0.010416667,0.072916667,1.90625,0.208333333,0.03125,0.239583333,0.020833333,0.041666667,0.28125,0,0.34375,0.177083333,0.614583333,0.15625,0.09375,0.260416667,0.041666667,7.645833333,0.041666667,0.104166667,11715,96,0.658459829,0.95049505,0.671328671,1,33.362,12.83407268,9.659126831,24.91441517,31.36458333,157.7916667,0,0,0,0,0,0,0,0,0
911801,213,0.154761905,0.119047619,0.345238095,0.023809524,0.011904762,0.130952381,0.261904762,0.94047619,0,0.154761905,0.023809524,0.047619048,0.69047619,0.154761905,0.05952381,0.178571429,0.023809524,0.047619048,0.25,0.023809524,0.226190476,0.095238095,0.642857143,0.273809524,0.285714286,0.321428571,0.047619048,5.44047619,0.035714286,0.095238095,11770,84,0.075995511,0.965517241,0.763636364,1,29.88,10.49259546,10.46225255,34.00443504,660.0238095,157.7738095,0.815789474,3,200,208,227,0,0,0,0
911801,214,0.422222222,0.1,0.211111111,0.066666667,0.033333333,0.055555556,0.9,1.188888889,0.033333333,0.144444444,0.044444444,0.1,2.477777778,0.177777778,0.2,0.177777778,0.011111111,0.033333333,0.255555556,0.011111111,0.2,0.077777778,0.611111111,0.166666667,0.233333333,0.211111111,0.044444444,6.166666667,0.066666667,0.144444444,11825,90,0.400546286,0.9375,0.681818182,1,31.774,11.30631913,10.35971481,-26.80455061,202.5666667,160.6777778,0,0,0,0,0,0,0,0,0
911801,215,0.294117647,0.095588235,0.242647059,0.036764706,0.014705882,0.058823529,0.602941176,0.705882353,0.029411765,0.286764706,0.022058824,0.036764706,0.625,0.117647059,0.044117647,0.139705882,0.058823529,0.058823529,0.176470588,0.014705882,0.301470588,0.139705882,2.316176471,0.176470588,0.183823529,0.286764706,0.073529412,6.632352941,0.036764706,0.066176471,11880,136,0.739792462,0.925170068,0.708333333,1,41.119,16.20305893,10.90198727,-9.108883551,392.4485294,161.5588235,0.326923077,1,210,0,0,0,0,0,0
911801,216,0.260869565,0.108695652,0.25,0.010869565,0.02173913,0.076086957,0.782608696,0.902173913,0.054347826,0.130434783,0.02173913,0.086956522,1.163043478,0.195652174,0.02173913,0.163043478,0.032608696,0.032608696,0.152173913,0,0.423913043,0.141304348,0.260869565,0.163043478,0.163043478,0.326086957,0.054347826,6.869565217,0.02173913,0.108695652,11936,92,0.319286754,0.958333333,0.696969697,1,31.675,11.1979512,10.61182971,18.16381451,296.7717391,161.0108696,0.365853659,1,228,0,0,0,0,0,0
911801,217,0.198019802,0.148514851,0.247524752,0.03960396,0.02970297,0.03960396,0.792079208,1.158415842,0.059405941,0.217821782,0.04950495,0.02970297,1.297029703,0.267326733,0.01980198,0.207920792,0.03960396,0.02970297,0.267326733,0.01980198,0.287128713,0.128712871,0.495049505,0.207920792,0.178217822,0.277227723,0.099009901,8.415841584,0.02970297,0.217821782,11991,101,0.459886136,0.943925234,0.701388889,1,34.032,12.145259,10.78472151,-53.00830946,337.2970297,160.8118812,0,0,0,0,0,0,0,0,0
911801,218,0.25,0.0625,0.114583333,0.010416667,0.020833333,0.041666667,0.302083333,0.416666667,0.041666667,0.239583333,0.010416667,0.010416667,1.177083333,0.052083333,0.020833333,0.09375,0.010416667,0.020833333,0.166666667,0.020833333,0.145833333,0.041666667,0.197916667,0.083333333,0.239583333,0.1875,0.072916667,3.5625,0.020833333,0.0625,12046,96,0.615795764,0.932038835,0.671328671,1,33.089,12.56488871,9.89994891,-7.641986251,441.96875,160.78125,0,0,0,0,0,0,0,0,0
911801,219,0.253333333,0.16,0.286666667,0.08,0.026666667,0.04,0.96,1.426666667,0.02,0.193333333,0.026666667,0.053333333,0.653333333,0.293333333,0.06,0.206666667,0.046666667,0.053333333,0.22,0,0.306666667,0.086666667,0.593333333,0.246666667,0.4,0.273333333,0.106666667,8.48,0.08,0.18,12101,150,0.545937754,0.898203593,0.630252101,1,45.081,15.48312794,12.97216311,-10.78221282,459.7,161.58,0,0,0,0,0,0,0,0,0
911801,220,0.349726776,0.147540984,0.202185792,0.103825137,0.021857923,0.049180328,0.792349727,1.508196721,0.038251366,0.218579235,0.021857923,0.043715847,0.885245902,0.256830601,0.038251366,0.202185792,0.043715847,0.043715847,0.240437158,0.005464481,0.333333333,0.120218579,0.770491803,0.202185792,0.409836066,0.448087432,0.103825137,8.683060109,0.038251366,0.103825137,12157,183,0.795077584,0.92893401,0.642105263,1,49.745,19.9830518,12.11987552,31.80113145,587.9016393,160.8852459,0.174603175,1,232,0,0,0,0,0,0
911801,221,0.170454545,0.136363636,0.181818182,0.022727273,0.011363636,0.034090909,0.477272727,1.125,0.034090909,0.113636364,0,0.056818182,0.681818182,0.261363636,0.056818182,0.113636364,0.022727273,0.011363636,0.170454545,0,0.170454545,0.113636364,0.693181818,0.181818182,0.159090909,0.238636364,0.022727273,6.75,0.090909091,0.113636364,12212,88,0.449621782,0.956521739,0.727272727,1,30.459,11.27070343,10.0672069,43.68113606,703.0227273,161.2727273,0,0,0,0,0,0,0,0,0
911801,222,0.195488722,0.120300752,0.233082707,0.045112782,0,0.022556391,0.744360902,1.315789474,0.022556391,0.105263158,0.022556391,0.030075188,0.864661654,0.187969925,0.022556391,0.195488722,0.007518797,0.030075188,0.195488722,0.007518797,0.233082707,0.15037594,0.684210526,0.255639098,0.383458647,0.293233083,0.045112782,7.54887218,0.082706767,0.060150376,12267,133,0.684727075,0.93006993,0.692708333,1,40.656,15.48596054,11.28616158,3.39665587,366.6766917,164.4586466,0.37254902,2,209,211,0,0,0,0,0
911801,223,0.344086022,0.075268817,0.161290323,0.043010753,0.043010753,0.096774194,0.666666667,0.892473118,0.043010753,0.107526882,0.043010753,0.010752688,0.903225806,0.204301075,0.086021505,0.161290323,0.064516129,0.043010753,0.204301075,0,0.204301075,0.086021505,0.397849462,0.182795699,0.150537634,0.150537634,0.075268817,5.806451613,0.043010753,0.043010753,12322,93,0.538763968,0.948979592,0.704545455,1,32.419,11.99973596,10.10925864,37.9763428,607.483871,164.7741935,0.380952381,2,231,234,0,0,0,0,0
911801,224,0.40625,0.083333333,0.21875,0.0625,0.020833333,0.03125,0.71875,1.395833333,0.041666667,0.270833333,0,0.041666667,1.489583333,0.177083333,0.041666667,0.177083333,0.041666667,0.03125,0.208333333,0.03125,0.229166667,0.114583333,0.270833333,0.135416667,0.239583333,0.395833333,0.052083333,7.197916667,0.09375,0.166666667,12378,96,0.400870401,0.96,0.727272727,1,31.774,11.61528584,10.64116725,-20.41859041,768.65625,167.8645833,0,0,0,0,0,0,0,0,0
911801,225,0.37414966,0.12244898,0.149659864,0.013605442,0.027210884,0.054421769,0.578231293,0.925170068,0.040816327,0.224489796,0.034013605,0.047619048,1.047619048,0.170068027,0.013605442,0.095238095,0.027210884,0.068027211,0.224489796,0,0.204081633,0.088435374,0.482993197,0.149659864,0.238095238,0.272108844,0.054421769,5.918367347,0.088435374,0.088435374,12433,147,0.87870374,0.913043478,0.668181818,1,46.652,20.05185507,9.572104089,12.24185922,262.2244898,167.122449,0,0,0,0,0,0,0,0,0
911801,226,0.210884354,0.115646259,0.156462585,0.034013605,0.006802721,0.06122449,0.56462585,1.027210884,0.034013605,0.19047619,0.047619048,0.074829932,0.775510204,0.272108844,0.074829932,0.102040816,0.027210884,0.074829932,0.272108844,0.006802721,0.367346939,0.149659864,0.37414966,0.176870748,0.197278912,0.278911565,0.054421769,7,0.081632653,0.020408163,12488,147,0.735739035,0.896341463,0.720588235,1,45.61,17.0324141,11.53546035,-3.153090902,424.5170068,166.9047619,0.327272727,1,233,0,0,0,0,0,0
911801,227,0.25,0.102040816,0.219387755,0.025510204,0.005102041,0.030612245,0.612244898,0.882653061,0.005102041,0.168367347,0.020408163,0.056122449,1.387755102,0.18877551,0.209183673,0.112244898,0.030612245,0.040816327,0.224489796,0,0.173469388,0.091836735,0.642857143,0.107142857,0.331632653,0.362244898,0.091836735,5.010204082,0.081632653,0.056122449,12543,196,0.786704785,0.920187793,0.604938272,1,52.458,20.30284391,12.53354235,46.28177283,657.6479592,170.4489796,0.738461538,4,213,229,230,241,0,0,0
911801,228,0.301886792,0.08490566,0.264150943,0.028301887,0.009433962,0.056603774,0.688679245,1.113207547,0.018867925,0.179245283,0.009433962,0.056603774,1.113207547,0.103773585,0.094339623,0.113207547,0.037735849,0.009433962,0.216981132,0,0.179245283,0.113207547,0.377358491,0.122641509,0.283018868,0.216981132,0.056603774,6.132075472,0.028301887,0.094339623,12599,106,0.758515263,0.929824561,0.688311688,1,36.43,14.66032087,9.553475416,28.61906654,297.6792453,170.3396226,0.333333333,1,216,0,0,0,0,0,0
911801,229,0.405172414,0.146551724,0.24137931,0.017241379,0.034482759,0.034482759,0.706896552,1.077586207,0.034482759,0.224137931,0.025862069,0,0.956896552,0.060344828,0.00862069,0.189655172,0.051724138,0.060344828,0.215517241,0.00862069,0.189655172,0.077586207,0.379310345,0.189655172,0.224137931,0.310344828,0.051724138,6.353448276,0.051724138,0.051724138,12654,116,0.569106994,0.958677686,0.69047619,1,36.182,13.51077899,11.10942014,5.0467785,642.6982759,171.6982759,0.5,3,227,235,247,0,0,0,0
911801,230,0.343283582,0.126865672,0.21641791,0.007462687,0.014925373,0.089552239,0.798507463,1.208955224,0.029850746,0.119402985,0.037313433,0.059701493,1.597014925,0.156716418,0.029850746,0.089552239,0.052238806,0.037313433,0.223880597,0.007462687,0.335820896,0.126865672,0.589552239,0.111940299,0.231343284,0.26119403,0.082089552,6.940298507,0.037313433,0.082089552,12709,134,0.858812949,0.875816993,0.606334842,1,45.238,18.92418349,9.694656552,-23.12977712,672.2761194,171.5373134,0.660714286,4,227,241,245,248,0,0,0
911801,231,0.347826087,0.108695652,0.152173913,0.02173913,0,0.076086957,0.695652174,1.108695652,0.032608696,0.195652174,0.02173913,0.032608696,0.847826087,0.217391304,1.076086957,0.27173913,0.054347826,0.086956522,0.47826087,0.010869565,0.25,0.184782609,0.554347826,0.065217391,0.260869565,0.336956522,0.076086957,7.565217391,0.02173913,0.119565217,12764,92,0.509267787,0.893203883,0.643356643,1,34.189,11.99045708,10.31908462,13.85153668,610.9456522,173.0326087,0.581395349,2,223,234,0,0,0,0,0
911801,232,0.145454545,0.118181818,0.290909091,0.027272727,0.036363636,0.036363636,0.763636364,1.236363636,0.009090909,0.127272727,0.027272727,0.054545455,0.554545455,0.181818182,0.072727273,0.181818182,0.036363636,0.045454545,0.218181818,0.009090909,0.272727273,0.072727273,0.681818182,0.145454545,0.154545455,0.327272727,0.027272727,6.263636364,0.027272727,0.109090909,12820,110,0.47633228,0.990990991,0.705128205,1,35.223,12.71152983,11.17680775,-85.21651963,582.9272727,174.6181818,0.6,3,220,234,246,0,0,0,0
911801,233,0.223880597,0.164179104,0.134328358,0.014925373,0.044776119,0.059701493,0.656716418,0.820895522,0,0.268656716,0.074626866,0,0.671641791,0.208955224,0.343283582,0.164179104,0.014925373,0.104477612,0.417910448,0.014925373,0.179104478,0.179104478,0.268656716,0.223880597,0.388059701,0.328358209,0.029850746,7.910447761,0.044776119,0.134328358,12875,67,0.868576499,0.87012987,0.598214286,1,32.204,13.89842414,6.887435071,-0.75541366,420.8358209,174.7313433,1,3,226,238,243,0,0,0,0
911801,234,0.224489796,0.12244898,0.204081633,0.020408163,0,0.06122449,0.673469388,1.214285714,0.010204082,0.265306122,0.010204082,0,0.948979592,0.163265306,0.336734694,0.153061224,0.040816327,0.081632653,0.326530612,0.010204082,0.224489796,0.112244898,0.581632653,0.081632653,0.265306122,0.183673469,0.020408163,7,0.071428571,0.081632653,12930,98,0.848895881,0.875,0.680555556,1,38.688,16.08408139,8.501403736,-1.588083137,598.6020408,174.8367347,0.775510204,5,223,231,232,244,246,0,0
911801,235,0.207317073,0.073170732,0.12195122,0.06097561,0.097560976,0.036585366,0.536585366,0.707317073,0.109756098,0.195121951,0.024390244,0.097560976,2.231707317,0.134146341,0.024390244,0.097560976,0.06097561,0.024390244,0.146341463,0.012195122,0.317073171,0.146341463,0.292682927,0.243902439,0.170731707,0.207317073,0.024390244,4.487804878,0.073170732,0.036585366,12985,82,0.657893624,0.931818182,0.621212121,1,31.03,11.97488569,9.018416554,30.65725345,630.304878,176.0609756,0.56097561,2,229,247,0,0,0,0,0
911801,236,0.365671642,0.097014925,0.156716418,0.014925373,0.029850746,0.067164179,0.455223881,0.708955224,0.037313433,0.201492537,0,0.014925373,1.164179104,0.089552239,0.194029851,0.111940299,0.014925373,0.029850746,0.388059701,0,0.223880597,0.111940299,0.350746269,0.201492537,0.126865672,0.28358209,0.044776119,4.074626866,0.059701493,0.029850746,13041,134,0.669468776,0.95035461,0.697916667,1,39.548,15.268689,11.34219595,1.058586026,508.5597015,177.8955224,0.211538462,1,240,0,0,0,0,0,0
911801,237,0.154639175,0.113402062,0.195876289,0.020618557,0,0.051546392,0.484536082,0.979381443,0.020618557,0.195876289,0,0.020618557,0.886597938,0.164948454,0.134020619,0.134020619,0.072164948,0.051546392,0.257731959,0.010309278,0.762886598,0.18556701,0.484536082,0.092783505,0.24742268,0.360824742,0.051546392,6.309278351,0.030927835,0.144329897,13096,97,0.498900154,0.932692308,0.678321678,1,33.552,12.07170346,10.46205612,-14.34832029,361.2061856,177.0103093,0.186046512,2,239,252,0,0,0,0,0
911801,238,0.291666667,0.114583333,0.208333333,0.072916667,0.010416667,0.083333333,0.958333333,1.145833333,0.0625,0.1875,0.052083333,0.020833333,0.989583333,0.208333333,0.145833333,0.166666667,0.03125,0.020833333,0.21875,0,0.197916667,0.072916667,0.364583333,0.1875,0.260416667,0.25,0.072916667,8.864583333,0.072916667,0.0625,13151,96,0.613037836,0.941176471,0.738461538,1,32.973,12.54431914,9.910683864,-11.79508932,410.6666667,177.90625,0.341463415,2,233,243,0,0,0,0,0
911801,239,0.189473684,0.073684211,0.189473684,0.042105263,0.010526316,0.052631579,1.094736842,1.105263158,0.021052632,0.273684211,0.042105263,0.168421053,0.842105263,0.157894737,0.084210526,0.231578947,0.042105263,0.063157895,0.284210526,0,0.2,0.147368421,1.273684211,0.168421053,0.505263158,0.368421053,0.126315789,9.494736842,0.094736842,0.073684211,13206,95,0.581988088,0.931372549,0.71969697,1,33.428,12.37303713,10.06172052,68.06518148,374.0947368,177.6315789,0.707317073,3,237,242,252,0,0,0,0
911801,240,0.371134021,0.12371134,0.175257732,0.030927835,0.010309278,0.041237113,0.721649485,0.865979381,0.051546392,0.164948454,0.020618557,0.010309278,1.175257732,0.113402062,0.072164948,0.18556701,0.06185567,0.020618557,0.546391753,0.030927835,0.309278351,0.175257732,0.639175258,0.18556701,0.371134021,0.381443299,0.103092784,8.577319588,0.072164948,0.134020619,13262,97,0.565824999,0.96039604,0.673611111,1,32.626,12.32203757,10.15983247,50.08967764,521.7731959,179.6804124,0.488372093,2,236,259,0,0,0,0,0
911801,241,0.273972603,0.04109589,0.205479452,0.04109589,0,0.04109589,0.917808219,0.643835616,0.02739726,0.191780822,0.068493151,0.02739726,0.739726027,0.315068493,0.04109589,0.191780822,0.054794521,0.02739726,0.191780822,0,0.287671233,0.191780822,0.95890411,0.123287671,0.246575342,0.260273973,0.02739726,5.328767123,0.04109589,0.04109589,13317,73,0.401162184,0.935897436,0.663636364,1,29.417,10.27583167,9.412734178,-0.718831135,665.5890411,178.4657534,0.861111111,3,227,230,248,0,0,0,0
911801,242,0.081395349,0.069767442,0.244186047,0.046511628,0.011627907,0.023255814,0.569767442,0.802325581,0.034883721,0.174418605,0.023255814,0.034883721,0.860465116,0.151162791,0.034883721,0.069767442,0.023255814,0.023255814,0.174418605,0,0.139534884,0.058139535,0.255813953,0.220930233,0.23255814,0.151162791,0.034883721,5.802325581,0.046511628,0.081395349,13372,86,0.581457285,0.966292135,0.868686869,1,30.682,11.7244779,9.538764764,-12.91456173,383.6627907,179.255814,0.638888889,2,239,252,0,0,0,0,0
911801,243,0.186666667,0.12,0.106666667,0.013333333,0.013333333,0.026666667,0.786666667,1.266666667,0.013333333,0.266666667,0.013333333,0.026666667,1.066666667,0.333333333,0.133333333,0.146666667,0.053333333,0.026666667,0.24,0,0.266666667,0.08,0.426666667,0.12,0.226666667,0.226666667,0.066666667,7.706666667,0.04,0.053333333,13427,75,0.794287264,0.925925926,0.641025641,1,30.641,12.74933102,7.745758896,14.00043877,424.3733333,180.28,0.5,2,233,238,0,0,0,0,0
911801,244,0.3125,0.020833333,0.229166667,0.020833333,0.0625,0.020833333,0.416666667,0.770833333,0.041666667,0.229166667,0,0.041666667,0.666666667,0.145833333,0.5625,0.083333333,0.0625,0.0625,0.208333333,0,0.270833333,0.208333333,0.270833333,0.229166667,0.270833333,0.208333333,0.041666667,4.916666667,0.041666667,0.0625,13483,48,0.717232882,0.923076923,0.666666667,1,23.967,9.610669712,6.697037066,51.55097311,597.9166667,181.1458333,0.827586207,2,234,246,0,0,0,0,0
911801,245,0.139240506,0.088607595,0.189873418,0.012658228,0.037974684,0.025316456,0.240506329,0.632911392,0.025316456,0.303797468,0,0.025316456,0.518987342,0.164556962,0.139240506,0.126582278,0.063291139,0.063291139,0.443037975,0.012658228,0.291139241,0.050632911,0.417721519,0.063291139,0.202531646,0.392405063,0.101265823,5.683544304,0.012658228,0.088607595,13538,79,0.699988584,0.929411765,0.731481481,1,31.079,12.26061614,8.75596846,-15.37311791,686.6455696,179.1772152,0.657894737,4,230,248,249,255,0,0,0
911801,246,0.153846154,0.141025641,0.179487179,0.051282051,0.038461538,0.051282051,0.615384615,1.294871795,0.025641026,0.205128205,0.038461538,0.064102564,0.756410256,0.243589744,0.551282051,0.179487179,0.051282051,0.025641026,0.435897436,0,0.358974359,0.243589744,0.487179487,0.217948718,0.256410256,0.346153846,0.076923077,7.666666667,0.064102564,0.141025641,13593,78,0.612434683,0.939759036,0.644628099,1,30.815,11.43279528,9.037866983,-58.09559258,590.3846154,182.025641,0.736842105,3,232,234,244,0,0,0,0
911801,247,0.41025641,0.076923077,0.179487179,0.038461538,0.076923077,0.012820513,1,1.384615385,0.012820513,0.115384615,0.051282051,0.038461538,2.576923077,0.179487179,0.038461538,0.153846154,0.025641026,0,0.256410256,0.025641026,0.217948718,0.08974359,0.448717949,0.102564103,0.269230769,0.230769231,0.025641026,5.717948718,0.051282051,0.115384615,13649,78,0.728769583,0.917647059,0.590909091,1,31.493,12.38589794,8.481355143,33.44623556,634.8717949,181.8333333,0.536585366,2,229,235,0,0,0,0,0
911801,248,0.284090909,0.056818182,0.261363636,0.034090909,0.011363636,0,1.079545455,0.431818182,0.034090909,0.215909091,0.045454545,0.011363636,0.988636364,0.25,0.090909091,0.147727273,0.022727273,0.034090909,0.170454545,0.034090909,0.261363636,0.125,0.454545455,0.170454545,0.170454545,0.295454545,0.045454545,4.943181818,0.056818182,0.068181818,13704,88,0.368023818,0.936170213,0.615384615,1,33.726,11.40693545,10.60635523,-16.26187057,674.0568182,180.9886364,0.833333333,4,230,241,245,249,0,0,0
911801,249,0.055555556,0.166666667,0.351851852,0.037037037,0.074074074,0.037037037,0.444444444,0.87037037,0.018518519,0.314814815,0.074074074,0.037037037,0.444444444,0.351851852,0.074074074,0.111111111,0.074074074,0.055555556,0.314814815,0,0.240740741,0.259259259,0.685185185,0.277777778,0.351851852,0.555555556,0.074074074,8.981481481,0.055555556,0.092592593,13759,54,0.870134487,0.885245902,0.593406593,1,28.838,12.488419,6.154471977,10.21492232,684.8888889,185.2407407,0.970588235,3,245,248,255,0,0,0,0
911801,250,0.457142857,0.180952381,0.361904762,0.076190476,0.038095238,0.019047619,0.638095238,1.057142857,0.038095238,0.2,0.076190476,0.028571429,0.971428571,0.20952381,0.285714286,0.152380952,0.019047619,0.076190476,0.40952381,0.019047619,0.304761905,0.142857143,0.428571429,0.152380952,0.228571429,0.361904762,0.076190476,8.40952381,0.085714286,0.076190476,13814,105,0.68713693,0.945945946,0.673076923,1,34.776,13.70559305,9.9574962,37.62487828,702.2380952,183.8571429,0.086956522,1,255,0,0,0,0,0,0
911801,251,0.223076923,0.076923077,0.161538462,0.015384615,0.023076923,0.015384615,0.507692308,1.138461538,0.038461538,0.153846154,0.015384615,0.007692308,0.576923077,0.192307692,0.030769231,0.215384615,0.030769231,0.030769231,0.192307692,0,0.138461538,0.123076923,0.269230769,0.146153846,0.246153846,0.284615385,0.061538462,6.692307692,0.046153846,0.053846154,13870,130,0.772303414,0.942028986,0.666666667,1,40.284,16.30622782,10.35859377,34.91477485,755.6538462,184.3384615,0,0,0,0,0,0,0,0,0
911801,252,0.191588785,0.112149533,0.214953271,0.03271028,0.046728972,0.065420561,0.621495327,1.168224299,0.023364486,0.224299065,0.023364486,0.042056075,0.85046729,0.172897196,0.079439252,0.140186916,0.046728972,0.060747664,0.331775701,0.023364486,0.308411215,0.144859813,0.476635514,0.219626168,0.224299065,0.504672897,0.051401869,7.004672897,0.056074766,0.098130841,13925,214,0.832966639,0.866396761,0.594444444,1,60.215,23.37131034,12.93188853,-9.510741947,376.6682243,187.8878505,0.608108108,4,237,239,242,271,0,0,0
911801,253,0.058823529,0.070588235,0.047058824,0,0.011764706,0.047058824,0.611764706,0.411764706,0,0.258823529,0.011764706,0.023529412,1.529411765,0.223529412,0.047058824,0.117647059,0,0.035294118,0.247058824,0.023529412,0.376470588,0.223529412,0.423529412,0.152941176,0.211764706,0.329411765,0.070588235,3.835294118,0.035294118,0.035294118,13980,85,0.777215646,0.95505618,0.726495726,1,32.576,13.42460896,8.447224798,-16.15255176,252.8705882,187.7764706,0.538461538,1,261,0,0,0,0,0,0
911801,254,0.203007519,0.157894737,0.180451128,0.045112782,0.022556391,0.037593985,1.120300752,1.458646617,0.015037594,0.210526316,0.060150376,0.007518797,1.323308271,0.142857143,0.037593985,0.135338346,0.045112782,0.022556391,0.218045113,0,0.278195489,0.07518797,0.518796992,0.203007519,0.390977444,0.263157895,0.120300752,7.090225564,0.090225564,0.067669173,14035,133,0.75701323,0.95,0.633333333,1,40.4,16.23687547,10.6091671,41.79183379,309.9473684,188.1428571,0,0,0,0,0,0,0,0,0
911801,255,0.234375,0.140625,0.3125,0.046875,0,0.09375,0.5625,1.015625,0.0625,0.078125,0.015625,0.015625,0.53125,0.171875,0.125,0.0625,0.03125,0.046875,0.390625,0.0625,0.265625,0.171875,0.59375,0.28125,0.21875,0.34375,0.0625,8.265625,0,0.046875,14091,64,0.855814206,0.901408451,0.592592593,1,28.863,12.7684732,6.604918348,26.75810849,688.515625,189.515625,0.944444444,4,245,249,250,273,0,0,0
911801,256,0.38317757,0.056074766,0.214953271,0.037383178,0.009345794,0.028037383,0.691588785,1.271028037,0.056074766,0.14953271,0.028037383,0.046728972,1.14953271,0.130841121,0.046728972,0.186915888,0.018691589,0.009345794,0.23364486,0.009345794,0.336448598,0.252336449,0.336448598,0.121495327,0.205607477,0.23364486,0.046728972,6.747663551,0.065420561,0.074766355,14146,107,0.646945463,0.938596491,0.685897436,1,35.14,13.47968507,10.27874882,-55.16822382,723.3271028,189.1588785,0.2,1,264,0,0,0,0,0,0
911801,257,0.213483146,0.146067416,0.280898876,0.04494382,0.033707865,0.033707865,0.808988764,1.325842697,0.033707865,0.280898876,0.056179775,0.08988764,0.617977528,0.06741573,0.101123596,0.112359551,0.04494382,0.04494382,0.224719101,0.011235955,0.235955056,0.08988764,0.460674157,0.179775281,0.258426966,0.269662921,0.078651685,6.561797753,0.033707865,0.101123596,14201,89,0.389789404,0.956989247,0.73553719,1,30.922,11.18917184,10.30415337,37.59229571,353.4157303,189.247191,0,0,0,0,0,0,0,0,0
911801,258,0.257425743,0.099009901,0.287128713,0.01980198,0.03960396,0.059405941,0.504950495,0.821782178,0.00990099,0.138613861,0.00990099,0.059405941,0.99009901,0.178217822,0.03960396,0.089108911,0.01980198,0.04950495,0.277227723,0,0.227722772,0.079207921,0.366336634,0.108910891,0.237623762,0.178217822,0.099009901,6.772277228,0.00990099,0.079207921,14256,101,0.609881099,0.935185185,0.706293706,1,34.867,12.86731608,10.19725703,76.90411998,782.3861386,188.1485149,0,0,0,0,0,0,0,0,0
911801,259,0.408163265,0.081632653,0.285714286,0.06122449,0.040816327,0.071428571,0.602040816,1.071428571,0.040816327,0.183673469,0.010204082,0.020408163,0.857142857,0.183673469,0.285714286,0.193877551,0.06122449,0.010204082,0.387755102,0.020408163,0.244897959,0.173469388,0.448979592,0.183673469,0.204081633,0.397959184,0.06122449,6.612244898,0.030612245,0.091836735,14312,98,0.898380159,0.837606838,0.556818182,1,39.821,17.67882551,7.764871238,-19.82126744,525.6428571,190.3673469,0.62745098,2,240,268,0,0,0,0,0
911801,260,0.454545455,0.115702479,0.198347107,0.041322314,0.024793388,0.008264463,0.909090909,1.099173554,0.041322314,0.132231405,0.008264463,0.049586777,1.148760331,0.148760331,0.033057851,0.115702479,0.041322314,0.016528926,0.157024793,0.008264463,0.239669421,0.132231405,0.462809917,0.181818182,0.198347107,0.181818182,0.033057851,4.628099174,0.041322314,0.082644628,14367,121,0.60993981,0.952755906,0.672222222,1,37.96,14.16278459,11.22326671,-8.206323988,645.5867769,191.4545455,0.183673469,1,275,0,0,0,0,0,0
911801,261,0.121212121,0.060606061,0.151515152,0.03030303,0.007575758,0.037878788,0.613636364,0.803030303,0.03030303,0.257575758,0.03030303,0.015151515,1.121212121,0.121212121,0.022727273,0.098484848,0.015151515,0.037878788,0.128787879,0.007575758,0.318181818,0.128787879,0.393939394,0.151515152,0.189393939,0.242424242,0.068181818,4.507575758,0.075757576,0.098484848,14422,132,0.744749269,0.923076923,0.628571429,1,41.781,16.26250057,10.85268841,-27.1466452,251.0227273,195.5530303,0.403846154,1,253,0,0,0,0,0,0
911801,262,0.298507463,0.104477612,0.164179104,0.014925373,0.014925373,0.044776119,0.611940299,1.014925373,0,0.134328358,0.029850746,0.044776119,0.895522388,0.089552239,0.074626866,0.164179104,0.029850746,0.059701493,0.179104478,0,0.208955224,0.074626866,0.28358209,0.089552239,0.134328358,0.343283582,0.104477612,5.417910448,0.044776119,0.149253731,14477,67,0.811642239,0.881578947,0.553719008,1,30.451,12.49523388,7.299151332,-47.29772748,738.7164179,192.4029851,0.552631579,1,264,0,0,0,0,0,0
911801,263,0.43697479,0.12605042,0.218487395,0.050420168,0.025210084,0.117647059,0.865546218,1.31092437,0.050420168,0.25210084,0.050420168,0.092436975,1.25210084,0.277310924,0.042016807,0.176470588,0.050420168,0.025210084,0.12605042,0.008403361,0.319327731,0.142857143,0.554621849,0.12605042,0.378151261,0.260504202,0.050420168,8.991596639,0.016806723,0.176470588,14533,119,0.765885055,0.937007874,0.721212121,1,37.836,15.49586841,9.963494931,67.35570228,181.9495798,193.2941176,0.291666667,1,267,0,0,0,0,0,0
911801,264,0.192307692,0.269230769,0.256410256,0.064102564,0.025641026,0.025641026,0.538461538,0.897435897,0.025641026,0.128205128,0.038461538,0.064102564,0.397435897,0.153846154,0.051282051,0.102564103,0.012820513,0.025641026,0.153846154,0,0.256410256,0.08974359,0.435897436,0.217948718,0.205128205,0.205128205,0.102564103,6.923076923,0.064102564,0.064102564,14588,78,0.732182681,0.886363636,0.590909091,1,33.155,12.67265064,8.63144759,-45.60560301,733.8076923,196.3205128,0.658536585,2,256,262,0,0,0,0,0
911801,265,0.37755102,0.112244898,0.102040816,0.040816327,0,0.081632653,0.683673469,1.051020408,0.030612245,0.244897959,0.081632653,0.091836735,1.12244898,0.193877551,0.081632653,0.153061224,0.081632653,0.030612245,0.295918367,0.010204082,0.244897959,0.091836735,0.275510204,0.12244898,0.132653061,0.418367347,0.051020408,5.693877551,0.051020408,0.051020408,14643,98,0.230669928,0.951456311,0.680555556,1,33.089,11.40733199,11.09969971,-27.59095372,620.8877551,195.6734694,0.166666667,1,272,0,0,0,0,0,0
911801,266,0.418367347,0.153061224,0.153061224,0.102040816,0.010204082,0.071428571,0.683673469,1.540816327,0.040816327,0.234693878,0.020408163,0.030612245,1.37755102,0.234693878,0.06122449,0.153061224,0.051020408,0.020408163,0.255102041,0.010204082,0.265306122,0.132653061,0.591836735,0.193877551,0.316326531,0.204081633,0.12244898,6.785714286,0.071428571,0.040816327,14698,98,0.452894075,0.97029703,0.742424242,1,33.155,11.93702105,10.64262219,-67.64548985,28.39795918,196.8469388,0.404761905,1,270,0,0,0,0,0,0
911801,267,0.22826087,0.119565217,0.195652174,0.054347826,0.010869565,0.02173913,1.032608696,1.608695652,0.043478261,0.097826087,0.065217391,0.065217391,1.858695652,0.293478261,0.086956522,0.195652174,0.02173913,0.043478261,0.369565217,0,0.260869565,0.239130435,0.565217391,0.217391304,0.239130435,0.260869565,0.054347826,9.706521739,0.043478261,0.152173913,14754,92,0.810444235,0.958333333,0.73015873,1,33.618,14.27201568,8.360772164,73.28429715,172.3913043,196.6086957,0.595238095,2,263,282,0,0,0,0,0
911801,268,0.153061224,0.132653061,0.265306122,0.051020408,0.010204082,0.051020408,0.693877551,1.020408163,0,0.255102041,0,0.010204082,0.93877551,0.153061224,0.244897959,0.091836735,0.071428571,0.030612245,0.571428571,0.010204082,0.306122449,0.183673469,1.663265306,0.173469388,0.265306122,0.448979592,0.071428571,7.204081633,0.102040816,0.071428571,14809,98,0.648258597,0.924528302,0.685314685,1,34.371,12.96922593,9.875031198,7.306346516,522.7755102,197.244898,0.857142857,2,259,285,0,0,0,0,0
911801,269,0.130434783,0.086956522,0.293478261,0.010869565,0.010869565,0.032608696,0.510869565,0.684782609,0.02173913,0.206521739,0.032608696,0.010869565,0.630434783,0.163043478,0.097826087,0.141304348,0.054347826,0.054347826,0.380434783,0,0.293478261,0.097826087,0.663043478,0.141304348,0.173913043,0.119565217,0.02173913,5.663043478,0.010869565,0.043478261,14864,92,0.772326831,0.93877551,0.707692308,1,32.973,13.68991073,8.69617855,24.70818009,444.7826087,197.6956522,0.428571429,1,280,0,0,0,0,0,0
911801,270,0.225806452,0.322580645,0.161290323,0.053763441,0.010752688,0.032258065,0.698924731,1.47311828,0.043010753,0.139784946,0.010752688,0.064516129,0.709677419,0.258064516,0.129032258,0.247311828,0.053763441,0.010752688,0.333333333,0,0.408602151,0.225806452,1.215053763,0.215053763,0.290322581,0.397849462,0.096774194,9.053763441,0.032258065,0.11827957,14919,93,0.73756363,0.869158879,0.596153846,1,35.603,13.86246536,9.361012893,-52.48536729,37.44086022,197.1827957,0.413043478,1,266,0,0,0,0,0,0
911801,271,0.22,0.07,0.32,0.01,0.02,0.03,0.54,0.92,0.04,0.17,0.03,0.04,0.92,0.17,0.14,0.17,0.03,0.02,0.31,0.04,0.22,0.1,0.7,0.14,0.18,0.38,0.09,6.58,0.07,0.09,14975,100,0.36085761,0.943396226,0.694444444,1,33.271,11.77386111,10.98054922,20.09297972,380.45,200.12,0.302325581,1,252,0,0,0,0,0,0
911801,272,0.439393939,0.113636364,0.204545455,0.03030303,0.022727273,0.037878788,0.666666667,1.234848485,0.03030303,0.098484848,0.037878788,0.060606061,1.106060606,0.234848485,0.151515152,0.068181818,0.045454545,0.045454545,0.287878788,0.022727273,0.189393939,0.090909091,0.363636364,0.21969697,0.272727273,0.462121212,0.060606061,6.136363636,0.068181818,0.090909091,15030,132,0.742273366,0.923076923,0.6875,1,40.772,15.99803042,10.7202353,21.27375421,606.3333333,199.6439394,0.115384615,1,265,0,0,0,0,0,0
911801,273,0.270833333,0.0625,0.131944444,0.034722222,0.027777778,0.027777778,0.493055556,0.944444444,0.006944444,0.166666667,0.034722222,0.027777778,1.395833333,0.118055556,0.055555556,0.083333333,0.006944444,0.034722222,0.076388889,0.013888889,0.229166667,0.097222222,0.263888889,0.118055556,0.076388889,0.263888889,0.013888889,4.888888889,0.076388889,0.083333333,15085,144,0.749289318,0.929032258,0.642857143,1,42.914,16.78254501,11.11411949,49.00428078,688.0763889,199.6041667,0.264150943,1,255,0,0,0,0,0,0
911801,274,0.223684211,0.065789474,0.197368421,0.052631579,0.039473684,0.013157895,0.526315789,1.355263158,0.039473684,0.184210526,0.052631579,0.039473684,1.197368421,0.118421053,0.039473684,0.210526316,0.065789474,0.013157895,0.223684211,0,0.263157895,0.118421053,0.381578947,0.25,0.223684211,0.302631579,0.105263158,7.171052632,0.052631579,0.078947368,15140,76,0.639849151,0.926829268,0.628099174,1,29.996,11.40321546,8.763377127,35.50298996,804.3026316,197.7631579,0.473684211,1,277,0,0,0,0,0,0
911801,275,0.270833333,0.072916667,0.25,0.041666667,0,0.010416667,0.520833333,0.947916667,0.041666667,0.09375,0.010416667,0.010416667,1.010416667,0.09375,0.03125,0.09375,0.03125,0,0.229166667,0.03125,0.197916667,0.15625,0.333333333,0.197916667,0.260416667,0.229166667,0.072916667,4.1875,0.010416667,0.041666667,15196,96,0.619373449,0.96,0.671328671,1,32.816,12.60874385,9.899080798,-17.89473287,653.1666667,201.875,0.204545455,1,260,0,0,0,0,0,0
911801,276,0.254716981,0.122641509,0.254716981,0,0.028301887,0.037735849,0.433962264,0.933962264,0.028301887,0.20754717,0.028301887,0.009433962,1.169811321,0.08490566,0.066037736,0.066037736,0.037735849,0.009433962,0.188679245,0.009433962,0.226415094,0.132075472,0.462264151,0.150943396,0.301886792,0.330188679,0.028301887,7.367924528,0.037735849,0.122641509,15251,106,0.775067668,0.929824561,0.706666667,1,36.372,14.78833219,9.34442531,9.223071448,281.0566038,202.7830189,0,0,0,0,0,0,0,0,0
911801,277,0.261904762,0.095238095,0.178571429,0.023809524,0,0.095238095,0.726190476,1.130952381,0.011904762,0.154761905,0.035714286,0.023809524,1.035714286,0.154761905,0.071428571,0.130952381,0.035714286,0.035714286,0.142857143,0,0.19047619,0.119047619,0.30952381,0.119047619,0.25,0.345238095,0.047619048,5.916666667,0.035714286,0.071428571,15306,84,0.815757082,0.884210526,0.587412587,1,33.461,14.13958455,8.178260209,31.51134034,809.6190476,202.5238095,0.613636364,2,274,293,0,0,0,0,0
911801,278,0.337209302,0.162790698,0.23255814,0.034883721,0.046511628,0.058139535,0.395348837,0.802325581,0,0.104651163,0.069767442,0.058139535,1.081395349,0.139534884,0.069767442,0.058139535,0.011627907,0.034883721,0.174418605,0,0.186046512,0.058139535,0.290697674,0.081395349,0.244186047,0.151162791,0.046511628,4.651162791,0.023255814,0.104651163,15361,86,0.65030032,0.924731183,0.716666667,1,31.468,12.14876255,9.229138281,-80.61453693,222.0697674,203.3372093,0.435897436,1,283,0,0,0,0,0,0
911801,279,0.38317757,0.23364486,0.158878505,0.056074766,0.028037383,0.028037383,1.392523364,1.822429907,0.037383178,0.214953271,0.018691589,0.037383178,1.214953271,0.214953271,0.065420561,0.205607477,0.037383178,0.018691589,0.168224299,0.018691589,0.336448598,0.186915888,0.700934579,0.224299065,0.355140187,0.429906542,0.056074766,9.242990654,0.121495327,0.252336449,15417,107,0.456394209,0.938596491,0.636904762,1,35.628,12.51975622,11.13979969,-80.65301031,412.4859813,205.3271028,0.282608696,1,289,0,0,0,0,0,0
911801,280,0.19047619,0.085714286,0.161904762,0.047619048,0.028571429,0.047619048,0.723809524,1.19047619,0.028571429,0.219047619,0.00952381,0.028571429,0.752380952,0.219047619,0.114285714,0.161904762,0,0.057142857,0.2,0.00952381,0.304761905,0.161904762,0.380952381,0.247619048,0.20952381,0.257142857,0.028571429,6.942857143,0.066666667,0.123809524,15472,105,0.772966759,0.905172414,0.583333333,1,37.58,14.90358838,9.455529822,25.88429543,447.9714286,204.9809524,0.645833333,2,269,288,0,0,0,0,0
911801,281,0.532608696,0.130434783,0.130434783,0.02173913,0.010869565,0.010869565,0.858695652,1.532608696,0.032608696,0.25,0,0.054347826,1.380434783,0.184782609,0.152173913,0.086956522,0.054347826,0.054347826,0.260869565,0.02173913,0.391304348,0.119565217,1.043478261,0.173913043,0.239130435,0.369565217,0.02173913,6.630434783,0.02173913,0.076086957,15527,92,0.626021535,0.93877551,0.696969697,1,32.237,12.35729458,9.636289601,25.04044129,724.4456522,206.6086957,0,0,0,0,0,0,0,0,0
911801,282,0.292134831,0.235955056,0.280898876,0.04494382,0.011235955,0.06741573,0.674157303,1.561797753,0.056179775,0.168539326,0.078651685,0.078651685,1.157303371,0.179775281,0.04494382,0.157303371,0.056179775,0.04494382,0.146067416,0.011235955,0.213483146,0.04494382,0.674157303,0.078651685,0.258426966,0.269662921,0.06741573,7.157303371,0.02247191,0.112359551,15583,89,0.603019152,0.927083333,0.741666667,1,32.237,12.0517918,9.614036208,6.165529906,172.1797753,207.4606742,0.317073171,1,267,0,0,0,0,0,0
911801,283,0.3,0.155555556,0.222222222,0.077777778,0.066666667,0.066666667,0.611111111,1.233333333,0.022222222,0.155555556,0.022222222,0.033333333,0.877777778,0.211111111,0.166666667,0.144444444,0.022222222,0.033333333,0.222222222,0,0.211111111,0.077777778,1.5,0.188888889,0.311111111,0.277777778,0.088888889,8.222222222,0.066666667,0.1,15638,90,0.482561764,0.9375,0.681818182,1,32.601,11.64304494,10.19769997,-35.89136618,214.3333333,207.2888889,0.414634146,1,278,0,0,0,0,0,0
911801,284,0.191011236,0.101123596,0.202247191,0.06741573,0.04494382,0.056179775,0.606741573,1.191011236,0.033707865,0.224719101,0.04494382,0.02247191,0.730337079,0.224719101,0.056179775,0.224719101,0.033707865,0.04494382,0.247191011,0,0.337078652,0.101123596,0.404494382,0.303370787,0.168539326,0.191011236,0.08988764,7.741573034,0.056179775,0.112359551,15693,89,0.389789404,0.956989247,0.73553719,1,30.922,11.18917184,10.30415337,-37.59229571,360.4157303,208.752809,0,0,0,0,0,0,0,0,0
911801,285,0.234972678,0.12568306,0.404371585,0.081967213,0.016393443,0.043715847,0.540983607,1.021857923,0.010928962,0.218579235,0.043715847,0.054644809,0.994535519,0.147540984,0.021857923,0.169398907,0.032786885,0.016393443,0.224043716,0.010928962,0.218579235,0.18579235,1.726775956,0.218579235,0.207650273,0.338797814,0.071038251,7.426229508,0.071038251,0.06557377,15748,183,0.732247019,0.905940594,0.598039216,1,52.003,19.21831697,13.08842597,-39.89046557,518.4644809,207.3934426,0.692307692,3,268,291,306,0,0,0,0
911801,286,0.408602151,0.086021505,0.35483871,0.021505376,0.010752688,0.043010753,0.720430108,1.311827957,0.053763441,0.11827957,0.064516129,0.032258065,1.096774194,0.215053763,0,0.053763441,0.021505376,0.010752688,0.139784946,0,0.193548387,0.086021505,0.494623656,0.161290323,0.311827957,0.225806452,0.086021505,6.440860215,0.053763441,0.11827957,15804,93,0.657813207,0.948979592,0.704545455,1,32.237,12.63964965,9.519945354,51.63509669,743.0430108,208.3870968,0,0,0,0,0,0,0,0,0
911801,287,0.426966292,0.112359551,0.146067416,0.06741573,0.04494382,0.011235955,0.730337079,1.269662921,0.033707865,0.202247191,0.033707865,0.011235955,1.651685393,0.123595506,0.08988764,0.157303371,0.033707865,0.02247191,0.247191011,0,0.213483146,0.123595506,0.359550562,0.168539326,0.258426966,0.258426966,0.056179775,6.157303371,0.056179775,0.06741573,15859,89,0.170882707,0.927083333,0.73553719,1,31.931,10.81631864,10.6572255,53.91750747,638.2134831,210.3707865,0.315789474,1,292,0,0,0,0,0,0
911801,288,0.183908046,0.091954023,0.206896552,0.022988506,0.034482759,0.057471264,0.425287356,0.804597701,0,0.137931034,0,0.011494253,0.609195402,0.172413793,0.24137931,0.16091954,0.022988506,0.045977011,0.218390805,0,0.252873563,0.137931034,0.67816092,0.126436782,0.16091954,0.195402299,0.08045977,5.954022989,0.034482759,0.068965517,15914,87,0.629743444,0.966666667,0.669230769,1,31.493,12.08488266,9.387575386,0.405702954,439.2183908,211.6436782,0.463414634,2,280,289,0,0,0,0,0
911801,289,0.170588235,0.170588235,0.223529412,0.035294118,0.005882353,0.005882353,0.529411765,1.047058824,0.023529412,0.223529412,0.023529412,0.129411765,0.511764706,0.235294118,0.047058824,0.111764706,0.047058824,0.052941176,0.217647059,0.005882353,0.364705882,0.252941176,1.041176471,0.152941176,0.329411765,0.447058824,0.070588235,7.617647059,0.052941176,0.205882353,15969,170,0.483259503,0.944444444,0.708333333,1,45.155,15.93863386,13.95390985,-81.11654265,423.9117647,211.0117647,0.310344828,2,279,288,0,0,0,0,0
911801,290,0.135135135,0.175675676,0.162162162,0.013513514,0.054054054,0.013513514,0.337837838,0.77027027,0,0.175675676,0.040540541,0.013513514,0.972972973,0.216216216,0.013513514,0.108108108,0.013513514,0.040540541,0.243243243,0,0.175675676,0.067567568,0.351351351,0.189189189,0.202702703,0.148648649,0.040540541,4.148648649,0.054054054,0.054054054,16025,74,0.654736873,0.925,0.685185185,1,29.88,11.47796536,8.675699117,63.97921903,42.32432432,213.0405405,0.432432432,1,294,0,0,0,0,0,0
911801,291,0.196721311,0.196721311,0.262295082,0.06557377,0.057377049,0.040983607,0.680327869,0.885245902,0.057377049,0.163934426,0.016393443,0.040983607,0.967213115,0.278688525,0.073770492,0.147540984,0.024590164,0.016393443,0.278688525,0.008196721,0.245901639,0.196721311,0.418032787,0.180327869,0.155737705,0.483606557,0.12295082,8.516393443,0.081967213,0.090163934,16080,122,0.286245761,0.917293233,0.580952381,1,40.772,13.15981546,12.60915919,36.19843918,511.057377,214.795082,0.423076923,1,285,0,0,0,0,0,0
911801,292,0.371134021,0.144329897,0.340206186,0.082474227,0.041237113,0.092783505,0.721649485,1.12371134,0.020618557,0.288659794,0.030927835,0.092783505,0.917525773,0.288659794,0.041237113,0.154639175,0.092783505,0.041237113,0.216494845,0.010309278,0.350515464,0.12371134,0.432989691,0.226804124,0.237113402,0.237113402,0.072164948,7.597938144,0.082474227,0.154639175,16135,97,0.440691654,0.96039604,0.801652893,1,33.039,11.88432015,10.66806155,30.20289851,628.3505155,213.9793814,0.675,3,287,303,314,0,0,0,0
911801,293,0.351351351,0.040540541,0.162162162,0.027027027,0.040540541,0.027027027,0.72972973,0.864864865,0.054054054,0.148648649,0,0.013513514,1.5,0.202702703,0,0.121621622,0.027027027,0.040540541,0.121621622,0.013513514,0.216216216,0.054054054,0.283783784,0.216216216,0.27027027,0.243243243,0.040540541,4.540540541,0.013513514,0.054054054,16190,74,0.714951015,0.936708861,0.672727273,1,29.789,11.76584984,8.226382724,43.08226133,803.6216216,213.9189189,0.567567568,2,277,301,0,0,0,0,0
911801,294,0.371794872,0.064102564,0.230769231,0.051282051,0.012820513,0.051282051,0.58974359,1.038461538,0.038461538,0.166666667,0.012820513,0.025641026,0.935897436,0.153846154,0.064102564,0.128205128,0.025641026,0.038461538,0.179487179,0,0.205128205,0.102564103,0.5,0.141025641,0.115384615,0.217948718,0.064102564,6.769230769,0.051282051,0.076923077,16246,78,0.546148333,0.962962963,0.787878788,1,30.889,11.08330118,9.284353783,-72.73864325,34.47435897,214.3076923,0.416666667,1,290,0,0,0,0,0,0
911801,295,0.344444444,0.144444444,0.3,0.133333333,0.033333333,0.022222222,0.611111111,1,0.033333333,0.177777778,0,0.022222222,0.866666667,0.222222222,0.111111111,0.111111111,0.044444444,0.022222222,0.333333333,0,0.244444444,0.044444444,0.455555556,0.211111111,0.188888889,0.244444444,0.033333333,7.177777778,0.066666667,0.077777778,16301,90,0.599108208,0.947368421,0.681818182,1,31.774,12.07868503,9.671017409,37.47916056,264.2333333,215.6777778,0,0,0,0,0,0,0,0,0
911801,296,0.191666667,0.091666667,0.158333333,0.033333333,0.033333333,0.008333333,0.575,0.933333333,0.033333333,0.141666667,0,0.05,1.116666667,0.225,0.091666667,0.083333333,0.008333333,0.041666667,0.541666667,0.033333333,0.175,0.133333333,0.358333333,0.2,0.2,0.258333333,0.108333333,5.75,0.125,0.075,16356,120,0.507377483,0.96,0.714285714,1,37.191,13.51242259,11.64397757,-15.10057936,709.2666667,214.2916667,0,0,0,0,0,0,0,0,0
911801,297,0.17,0.15,0.21,0.06,0.01,0.04,0.55,1.26,0.01,0.2,0.04,0.01,0.83,0.15,0.16,0.1,0.01,0.02,0.31,0.01,0.19,0.02,0.36,0.15,0.25,0.23,0.06,6.85,0.09,0.11,16411,100,0.372841173,0.943396226,0.694444444,1,33.552,11.8236582,10.97111542,42.01327479,120.7,216.42,0.441860465,2,310,311,0,0,0,0,0
911801,298,0.256410256,0.153846154,0.188034188,0.025641026,0.008547009,0.042735043,0.581196581,1.324786325,0.042735043,0.179487179,0.017094017,0.017094017,0.897435897,0.162393162,0.094017094,0.11965812,0.085470085,0.042735043,0.205128205,0.017094017,0.324786325,0.085470085,0.435897436,0.239316239,0.196581197,0.239316239,0.025641026,5.290598291,0.051282051,0.085470085,16467,117,0.501157132,0.959016393,0.75,1,35.975,13.18875695,11.41297394,25.00163156,395.0854701,217.1367521,0,0,0,0,0,0,0,0,0
911801,299,0.152941176,0.058823529,0.211764706,0.011764706,0,0.047058824,1.341176471,0.823529412,0.094117647,0.082352941,0.023529412,0.058823529,1.047058824,0.129411765,0.047058824,0.141176471,0,0.035294118,0.105882353,0,0.094117647,0.094117647,0.223529412,0.211764706,0.247058824,0.211764706,0.035294118,4.741176471,0.058823529,0.094117647,16522,85,0.539094059,0.944444444,0.772727273,1,30.062,11.40325172,9.604338218,-23.81572675,540.8117647,216.6352941,0.421052632,1,306,0,0,0,0,0,0
911801,300,0.173076923,0.153846154,0.192307692,0.028846154,0.019230769,0.048076923,0.730769231,1.75,0.038461538,0.182692308,0.028846154,0.038461538,1.057692308,0.221153846,0.740384615,0.288461538,0.067307692,0.019230769,0.403846154,0.019230769,0.221153846,0.125,0.653846154,0.259615385,0.240384615,0.307692308,0.028846154,8.153846154,0.038461538,0.048076923,16577,104,0.714426894,0.936936937,0.675324675,1,35.33,13.89595657,9.723141051,18.76793682,574.6923077,216.8076923,0,0,0,0,0,0,0,0,0
911801,301,0.285714286,0.095238095,0.158730159,0.031746032,0.007936508,0.03968254,0.531746032,0.849206349,0.007936508,0.142857143,0.015873016,0.023809524,2.095238095,0.095238095,0.03968254,0.071428571,0.047619048,0.015873016,0.103174603,0.007936508,0.293650794,0.063492063,0.206349206,0.103174603,0.150793651,0.182539683,0.031746032,4.317460317,0.063492063,0.047619048,16632,126,0.770239008,0.881118881,0.646153846,1,42.054,16.33332576,10.41666569,40.80838336,811.0873016,217.2301587,0.377358491,1,293,0,0,0,0,0,0
911801,302,0.440677966,0.146892655,0.214689266,0.016949153,0.033898305,0.062146893,0.915254237,1.711864407,0.033898305,0.118644068,0.028248588,0.033898305,1.350282486,0.220338983,0.04519774,0.163841808,0.02259887,0.04519774,0.242937853,0.016949153,0.242937853,0.107344633,0.581920904,0.192090395,0.259887006,0.237288136,0.056497175,6.93220339,0.056497175,0.056497175,16688,177,0.851835259,0.903061224,0.632142857,1,51.25,21.19946812,11.10448887,-17.17914216,595.5141243,219.8022599,0.2,1,319,0,0,0,0,0,0
911801,303,0.439655172,0.086206897,0.25,0.043103448,0.043103448,0.077586207,0.982758621,1.422413793,0.017241379,0.189655172,0.043103448,0.060344828,1.49137931,0.172413793,0.025862069,0.146551724,0,0.025862069,0.25,0.017241379,0.301724138,0.120689655,0.439655172,0.181034483,0.336206897,0.362068966,0.146551724,8.948275862,0.103448276,0.163793103,16743,116,0.562832873,0.966666667,0.69047619,1,36.546,13.53829853,11.19036119,-32.18085111,615.25,218.2844828,0.395833333,2,292,314,0,0,0,0,0
911801,304,0.347826087,0.195652174,0.173913043,0.010869565,0.043478261,0.02173913,0.5,0.869565217,0.02173913,0.25,0.054347826,0.097826087,0.836956522,0.173913043,0.043478261,0.086956522,0.065217391,0.065217391,0.108695652,0.010869565,0.184782609,0.119565217,0.380434783,0.076086957,0.217391304,0.217391304,0.130434783,5.163043478,0,0.065217391,16798,92,0.610843701,0.948453608,0.707692308,1,31.865,12.24197016,9.692594646,11.31470019,756.1195652,219.5326087,0,0,0,0,0,0,0,0,0
911801,305,0.261363636,0.056818182,0.181818182,0.056818182,0.045454545,0.022727273,0.477272727,0.613636364,0,0.159090909,0.022727273,0.022727273,0.704545455,0.136363636,0.022727273,0.079545455,0.045454545,0.011363636,0.227272727,0,0.193181818,0.056818182,0.306818182,0.102272727,0.170454545,0.204545455,0.022727273,4.443181818,0.045454545,0.079545455,16853,88,0.278146529,0.956521739,0.733333333,1,31.84,10.89898522,10.46889661,90,101.7727273,219.5,0.421052632,1,310,0,0,0,0,0,0
911801,306,0.248,0.12,0.216,0.008,0.024,0.04,0.848,0.928,0.064,0.112,0.024,0.072,1.944,0.24,0.056,0.24,0.016,0.008,0.208,0.008,0.288,0.176,0.448,0.24,0.176,0.392,0.064,8.272,0.016,0.144,16909,125,0.55414864,0.932835821,0.686813187,1,38.688,14.02164709,11.6718677,-80.33291748,531.52,219.768,0.346938776,2,285,299,0,0,0,0,0
911801,307,0.263157895,0.096491228,0.307017544,0.00877193,0.026315789,0.026315789,0.649122807,1.052631579,0.01754386,0.149122807,0.043859649,0.026315789,0.938596491,0.201754386,0.01754386,0.087719298,0.026315789,0.026315789,0.289473684,0.026315789,0.280701754,0.070175439,0.894736842,0.184210526,0.245614035,0.350877193,0.096491228,7.570175439,0.087719298,0.096491228,16964,114,0.604761606,0.94214876,0.678571429,1,37.555,13.75754994,10.95660294,-13.25222026,734.8157895,221.8596491,0.369565217,1,318,0,0,0,0,0,0
911801,308,0.3,0.125,0.283333333,0.05,0.033333333,0.05,1.008333333,1.975,0.066666667,0.175,0.008333333,0.091666667,1.191666667,0.208333333,0.033333333,0.308333333,0.008333333,0.041666667,0.3,0.008333333,0.208333333,0.258333333,2.466666667,0.241666667,0.358333333,0.375,0.1,10.63333333,0.066666667,0.1,17019,120,0.322218812,0.9375,0.710059172,1,37.861,12.84571172,12.1605885,42.75889551,347.8833333,221.925,0,0,0,0,0,0,0,0,0
911801,309,0.224299065,0.168224299,0.121495327,0.046728972,0.028037383,0.065420561,0.747663551,1.560747664,0.046728972,0.158878505,0.037383178,0.056074766,0.672897196,0.205607477,0.08411215,0.168224299,0.037383178,0.009345794,0.046728972,0.009345794,0.205607477,0.102803738,0.420560748,0.196261682,0.308411215,0.271028037,0.056074766,6.943925234,0.009345794,0.08411215,17074,107,0.687076321,0.938596491,0.648484848,1,36.455,13.88210782,10.08653481,15.27463084,292.8224299,223.7570093,0.413043478,1,320,0,0,0,0,0,0
911801,310,0.087719298,0.122807018,0.377192982,0.052631579,0.043859649,0.061403509,0.429824561,1.035087719,0.035087719,0.192982456,0.043859649,0.00877193,0.640350877,0.140350877,0.035087719,0.131578947,0,0.043859649,0.236842105,0,0.324561404,0.114035088,0.473684211,0.149122807,0.192982456,0.289473684,0.078947368,6.657894737,0.070175439,0.052631579,17130,114,0.883706219,0.876923077,0.609625668,1,40.929,18.06203993,8.453793383,72.13304175,109.2719298,223.2280702,0.941176471,4,297,305,311,326,0,0,0
911801,311,0.247524752,0.079207921,0.198019802,0.02970297,0.02970297,0.079207921,0.900990099,1.376237624,0.01980198,0.118811881,0.059405941,0.00990099,0.881188119,0.207920792,0.00990099,0.059405941,0.04950495,0.03960396,0.178217822,0.00990099,0.316831683,0.118811881,0.544554455,0.217821782,0.237623762,0.168316832,0.079207921,7.287128713,0.079207921,0.108910891,17185,101,0.562369612,0.90990991,0.706293706,1,35.76,12.7606987,10.55164282,-6.074557651,117.960396,225.8019802,0.642857143,2,297,310,0,0,0,0,0
911801,312,0.213235294,0.117647059,0.279411765,0.036764706,0.044117647,0.058823529,0.558823529,1.294117647,0.014705882,0.125,0.029411765,0.022058824,1.036764706,0.213235294,0.022058824,0.080882353,0.044117647,0.022058824,0.191176471,0.022058824,0.227941176,0.102941176,0.580882353,0.147058824,0.205882353,0.360294118,0.080882353,7.919117647,0.044117647,0.117647059,17240,136,0.719131763,0.931506849,0.666666667,1,41.872,16.05975898,11.1595047,9.139801104,139.3897059,226.7132353,0,0,0,0,0,0,0,0,0
911801,313,0.303921569,0.12745098,0.196078431,0,0.039215686,0.058823529,0.735294118,1.225490196,0.019607843,0.107843137,0.019607843,0.029411765,0.950980392,0.235294118,0.058823529,0.147058824,0.019607843,0.039215686,0.254901961,0,0.245098039,0.12745098,0.431372549,0.147058824,0.215686275,0.382352941,0.019607843,7.019607843,0.098039216,0.098039216,17295,102,0.689554086,0.944444444,0.728571429,1,34.288,13.51593132,9.788699577,-6.095839611,76.03921569,227.8823529,0,0,0,0,0,0,0,0,0
911801,314,0.202247191,0.123595506,0.314606742,0.028089888,0.011235955,0.073033708,0.528089888,1.02247191,0.039325843,0.387640449,0.02247191,0.061797753,0.685393258,0.112359551,0.061797753,0.117977528,0.028089888,0.033707865,0.370786517,0,0.331460674,0.101123596,0.303370787,0.179775281,0.230337079,0.561797753,0.095505618,6.376404494,0.078651685,0.101123596,17351,178,0.743598692,0.894472362,0.654411765,1,50.961,18.95365684,12.6729114,37.15043102,623.6629213,226.4382022,0.765625,3,292,303,325,0,0,0,0
911801,315,0.213483146,0.101123596,0.112359551,0.04494382,0.02247191,0.02247191,0.606741573,0.97752809,0.02247191,0.247191011,0.02247191,0.078651685,0.617977528,0.123595506,0.179775281,0.101123596,0,0.04494382,0.359550562,0,0.179775281,0.04494382,0.224719101,0.04494382,0.202247191,0.325842697,0.078651685,5.168539326,0.056179775,0.056179775,17406,89,0.843170156,0.881188119,0.577922078,1,35.694,15.06912903,8.101869103,-24.78356497,311.5617978,228.2247191,0.511111111,2,320,321,0,0,0,0,0
911801,316,0.52293578,0.073394495,0.165137615,0.018348624,0.018348624,0.04587156,0.834862385,1.220183486,0.055045872,0.311926606,0.018348624,0.036697248,2.47706422,0.19266055,0.027522936,0.091743119,0.064220183,0.018348624,0.174311927,0.018348624,0.330275229,0.100917431,0.440366972,0.128440367,0.23853211,0.211009174,0.064220183,5.568807339,0.027522936,0.064220183,17461,109,0.353010285,0.956140351,0.756944444,1,34.561,12.24632648,11.45790114,71.42715527,379.8715596,228.8256881,0.325581395,1,323,0,0,0,0,0,0
911801,317,0.228571429,0.114285714,0.25,0.1,0.021428571,0.007142857,0.657142857,1.107142857,0.028571429,0.171428571,0.035714286,0.028571429,1.078571429,0.15,0.042857143,0.078571429,0.05,0.021428571,0.278571429,0,0.214285714,0.092857143,0.314285714,0.15,0.164285714,0.285714286,0.042857143,5.542857143,0.057142857,0.057142857,17517,140,0.754451705,0.927152318,0.68627451,1,42.062,16.68559199,10.95168112,1.833236968,437.2071429,228.7357143,0,0,0,0,0,0,0,0,0
911801,318,0.597402597,0.12987013,0.285714286,0.038961039,0.025974026,0.012987013,0.766233766,1.090909091,0.064935065,0.272727273,0.051948052,0.025974026,1.051948052,0.233766234,0.012987013,0.194805195,0.038961039,0.025974026,0.207792208,0,0.233766234,0.103896104,0.38961039,0.246753247,0.207792208,0.168831169,0.077922078,6.558441558,0.077922078,0.116883117,17572,77,0.719360662,0.974683544,0.802083333,1,29.301,12.05730844,8.375449757,1.809833612,734.5714286,230.0779221,0.5,1,307,0,0,0,0,0,0
911801,319,0.331460674,0.140449438,0.230337079,0.028089888,0.02247191,0.061797753,0.769662921,1.595505618,0.06741573,0.151685393,0.033707865,0.039325843,1.438202247,0.140449438,0.084269663,0.140449438,0.028089888,0.028089888,0.202247191,0.005617978,0.168539326,0.101123596,0.584269663,0.219101124,0.230337079,0.258426966,0.04494382,6.702247191,0.056179775,0.123595506,17627,178,0.7073807,0.894472362,0.581699346,1,49.588,18.42483893,13.02327969,-44.65183879,590.5224719,231.6685393,0.184615385,1,302,0,0,0,0,0,0
911801,320,0.20952381,0.19047619,0.19047619,0.047619048,0.00952381,0.019047619,0.685714286,1.19047619,0.057142857,0.2,0.028571429,0.152380952,0.8,0.180952381,0.019047619,0.085714286,0.028571429,0.00952381,0.152380952,0.019047619,0.123809524,0.095238095,0.476190476,0.19047619,0.257142857,0.314285714,0.019047619,5.961904762,0.038095238,0.19047619,17682,105,0.783336319,0.9375,0.681818182,1,36.248,14.95575312,9.296467876,21.32846442,296.9809524,231.4190476,0.913043478,4,309,315,321,334,0,0,0
911801,321,0.191176471,0.102941176,0.470588235,0.014705882,0.014705882,0.073529412,0.588235294,1.044117647,0.058823529,0.088235294,0.044117647,0.014705882,0.5,0.294117647,0.147058824,0.176470588,0.044117647,0.058823529,0.235294118,0.044117647,0.205882353,0.088235294,2.205882353,0.117647059,0.147058824,0.352941176,0.088235294,8.632352941,0.073529412,0.058823529,17738,68,0.762851304,0.931506849,0.708333333,1,28.011,11.73546131,7.587843711,-12.02318903,310.4558824,234.6323529,0.628571429,3,315,320,334,0,0,0,0
911801,322,0.270676692,0.15037594,0.15037594,0.007518797,0.015037594,0.052631579,0.654135338,0.939849624,0.097744361,0.135338346,0.030075188,0.015037594,0.939849624,0.172932331,0.060150376,0.07518797,0.052631579,0.022556391,0.097744361,0.030075188,0.293233083,0.07518797,0.368421053,0.105263158,0.15037594,0.263157895,0.045112782,5.082706767,0.045112782,0.135338346,17793,133,0.721368008,0.923611111,0.639423077,1,41.326,15.92466691,11.02865905,23.33403937,198.1278195,232.8796992,0.075471698,1,333,0,0,0,0,0,0
911801,323,0.404040404,0.090909091,0.181818182,0.050505051,0.03030303,0,0.828282828,1.070707071,0.03030303,0.242424242,0.03030303,0.04040404,1.141414141,0.121212121,0.02020202,0.141414141,0.050505051,0.070707071,0.151515152,0,0.272727273,0.080808081,0.383838384,0.151515152,0.222222222,0.252525253,0.060606061,6.01010101,0.03030303,0.03030303,17848,99,0.62687867,0.933962264,0.634615385,1,34.768,12.97448286,10.10863878,-62.00856166,370.9090909,233.7373737,0.340909091,1,316,0,0,0,0,0,0
911801,324,0.325581395,0.093023256,0.255813953,0.058139535,0.034883721,0.093023256,0.860465116,1.302325581,0.058139535,0.302325581,0.034883721,0.058139535,1.174418605,0.197674419,0.058139535,0.174418605,0.011627907,0.023255814,0.325581395,0,0.209302326,0.058139535,0.406976744,0.360465116,0.279069767,0.337209302,0.046511628,10.80232558,0.058139535,0.11627907,17903,86,0.676465976,0.87755102,0.551282051,1,34.586,12.71365894,9.363277788,56.24612451,656.2209302,234.0348837,0.372093023,1,335,0,0,0,0,0,0
911801,325,0.234375,0.0859375,0.1796875,0.0546875,0.0078125,0.0625,0.53125,0.7109375,0.015625,0.1171875,0.046875,0.015625,0.7734375,0.1484375,0.0703125,0.1875,0.046875,0,0.296875,0.0078125,0.1796875,0.1015625,0.3828125,0.140625,0.2890625,0.4375,0.0234375,6.0703125,0.0390625,0.046875,17959,128,0.86681426,0.914285714,0.646464646,1,42.153,18.29425586,9.122086114,11.24253887,626.2890625,235.9375,0.442307692,1,314,0,0,0,0,0,0
911801,326,0.224489796,0.081632653,0.193877551,0.06122449,0.030612245,0.010204082,0.5,0.87755102,0.030612245,0.173469388,0.010204082,0.051020408,0.785714286,0.142857143,0.132653061,0.091836735,0.020408163,0.051020408,0.204081633,0,0.234693878,0.081632653,0.367346939,0.183673469,0.142857143,0.428571429,0.112244898,5.693877551,0.051020408,0.081632653,18014,98,0.640858597,0.951456311,0.680555556,1,32.907,12.84341193,9.859360077,50.8908114,100.5408163,234.7755102,0.295454545,2,310,336,0,0,0,0,0
911801,327,0.510204082,0.183673469,0.244897959,0.030612245,0.010204082,0.040816327,0.693877551,1.163265306,0.051020408,0.183673469,0.020408163,0.051020408,1.12244898,0.173469388,0.030612245,0.224489796,0.081632653,0.020408163,0.204081633,0,0.153061224,0.06122449,0.43877551,0.214285714,0.255102041,0.265306122,0.081632653,6.775510204,0.030612245,0.193877551,18069,98,0.365864986,0.907407407,0.680555556,1,34.015,11.87991188,11.0562531,-21.3152829,224.8979592,236.4183673,0.363636364,2,330,338,0,0,0,0,0
911801,328,0.159292035,0.168141593,0.10619469,0.026548673,0.017699115,0.07079646,0.628318584,1.486725664,0.044247788,0.212389381,0.03539823,0.03539823,1.539823009,0.17699115,0.026548673,0.115044248,0.044247788,0,0.442477876,0.017699115,0.380530973,0.150442478,0.477876106,0.159292035,0.238938053,0.353982301,0.026548673,8.008849558,0.115044248,0.132743363,18124,113,0.826522608,0.904,0.604278075,1,39.548,16.22548015,9.13337997,13.77777529,29.03539823,235.699115,0.36,2,341,347,0,0,0,0,0
911801,329,0.233009709,0.106796117,0.233009709,0.029126214,0,0.067961165,0.786407767,1.45631068,0.048543689,0.165048544,0.019417476,0.038834951,1.436893204,0.242718447,0.048543689,0.223300971,0.019417476,0,0.223300971,0,0.174757282,0.067961165,0.495145631,0.145631068,0.32038835,0.27184466,0.077669903,9.504854369,0.058252427,0.097087379,18180,103,0.733395805,0.944954128,0.735714286,1,34.751,14.04007112,9.544466708,80.94540723,154.9514563,239.184466,0,0,0,0,0,0,0,0,0
911801,330,0.215827338,0.136690647,0.151079137,0.021582734,0.028776978,0.050359712,0.597122302,1.086330935,0.007194245,0.223021583,0.050359712,0.050359712,0.892086331,0.165467626,0.021582734,0.151079137,0.035971223,0.035971223,0.230215827,0,0.208633094,0.043165468,0.431654676,0.179856115,0.237410072,0.28057554,0.035971223,6.366906475,0.071942446,0.129496403,18235,139,0.268690336,0.972027972,0.822485207,1,39.498,13.66043639,13.15809584,85.6834177,214.1654676,238.294964,0.3125,1,327,0,0,0,0,0,0
911801,331,0.241134752,0.085106383,0.226950355,0.042553191,0.035460993,0.078014184,0.645390071,0.971631206,0.035460993,0.14893617,0.028368794,0.014184397,0.886524823,0.170212766,0.035460993,0.170212766,0.078014184,0.028368794,0.134751773,0.007092199,0.226950355,0.113475177,0.432624113,0.177304965,0.24822695,0.340425532,0.078014184,6.134751773,0.063829787,0.09929078,18290,141,0.785015627,0.933774834,0.677884615,1,42.641,17.14121986,10.61857364,-27.43551835,256.7446809,237.6808511,0,0,0,0,0,0,0,0,0
911801,332,0.303030303,0.128787879,0.287878788,0.053030303,0.037878788,0.037878788,0.946969697,1.371212121,0.03030303,0.189393939,0.045454545,0.060606061,0.962121212,0.25,0.053030303,0.128787879,0.037878788,0.037878788,0.166666667,0.007575758,0.295454545,0.174242424,0.568181818,0.159090909,0.25,0.287878788,0.068181818,6.28030303,0.053030303,0.106060606,18345,132,0.685112014,0.942857143,0.628571429,1,39.755,15.37740019,11.20147851,30.905646,507.6893939,239.4015152,0,0,0,0,0,0,0,0,0
911801,333,0.294642857,0.098214286,0.196428571,0.017857143,0.017857143,0.053571429,0.758928571,1.116071429,0.017857143,0.178571429,0.035714286,0.017857143,1.232142857,0.178571429,0.0625,0.089285714,0.0625,0.053571429,0.133928571,0.008928571,0.232142857,0.107142857,0.901785714,0.125,0.25,0.241071429,0.035714286,6.232142857,0.044642857,0.080357143,18401,112,0.33001065,0.941176471,0.662721893,1,35.81,12.42897148,11.73266581,-60.2364065,183.5803571,238.25,0.085106383,1,322,0,0,0,0,0,0
911801,334,0.205128205,0.11965812,0.145299145,0.017094017,0.025641026,0.034188034,0.871794872,1.222222222,0.034188034,0.162393162,0.008547009,0.034188034,1.752136752,0.162393162,0.051282051,0.170940171,0.034188034,0.068376068,0.205128205,0.017094017,0.290598291,0.102564103,0.598290598,0.145299145,0.111111111,0.299145299,0.068376068,7.11965812,0.017094017,0.085470085,18456,117,0.740957846,0.951219512,0.78,1,37.654,15.00105521,10.07398172,5.587037293,297.8461538,240.3589744,0.361702128,2,320,321,0,0,0,0,0
911801,335,0.294117647,0.088235294,0.245098039,0.039215686,0.019607843,0.009803922,0.754901961,0.833333333,0.039215686,0.166666667,0.029411765,0.019607843,1.392156863,0.156862745,0.009803922,0.12745098,0.019607843,0.049019608,0.117647059,0,0.205882353,0.12745098,0.539215686,0.156862745,0.176470588,0.235294118,0.009803922,6.745098039,0.029411765,0.058823529,18511,102,0.690650364,0.918918919,0.603550296,1,36.265,13.7057319,9.911832135,35.50933253,647.3921569,240.4019608,0.347826087,1,324,0,0,0,0,0,0
911801,336,0.08490566,0.122641509,0.20754717,0.028301887,0.037735849,0.047169811,0.320754717,0.896226415,0.018867925,0.198113208,0.047169811,0.037735849,0.556603774,0.150943396,0.075471698,0.103773585,0.066037736,0.028301887,0.132075472,0,0.29245283,0.122641509,0.377358491,0.094339623,0.132075472,0.349056604,0.056603774,6.867924528,0.056603774,0.08490566,18566,106,0.630398042,0.954954955,0.757142857,1,34.379,13.24729381,10.28350403,-2.152290928,86.38679245,239.5283019,0.093023256,2,326,344,0,0,0,0,0
911801,337,0.223140496,0.115702479,0.223140496,0.033057851,0.016528926,0.024793388,0.611570248,1.685950413,0.024793388,0.20661157,0.024793388,0.074380165,0.834710744,0.148760331,0.016528926,0.148760331,0.033057851,0.033057851,0.223140496,0,0.314049587,0.099173554,1.033057851,0.181818182,0.198347107,0.247933884,0.049586777,4.809917355,0.074380165,0.074380165,18622,121,0.817225577,0.923664122,0.630208333,1,40.582,16.67549596,9.61038732,-25.78214572,133.1239669,239.4628099,0,0,0,0,0,0,0,0,0
911801,338,0.212598425,0.118110236,0.188976378,0.031496063,0.023622047,0.039370079,0.700787402,1.204724409,0.023622047,0.267716535,0.039370079,0.007874016,0.763779528,0.157480315,0.275590551,0.188976378,0.015748031,0.023622047,0.377952756,0.007874016,0.173228346,0.133858268,1.086614173,0.181102362,0.307086614,0.275590551,0.039370079,7.173228346,0.05511811,0.11023622,18677,127,0.600810751,0.940740741,0.705555556,1,38.878,14.35115034,11.47218464,-0.4159111,239.8503937,240.3307087,0.020833333,1,327,0,0,0,0,0,0
911801,339,0.346774194,0.10483871,0.233870968,0.056451613,0.024193548,0.072580645,0.983870968,1.233870968,0.016129032,0.290322581,0.008064516,0.056451613,1.516129032,0.258064516,0.137096774,0.169354839,0.032258065,0.032258065,0.225806452,0,0.233870968,0.112903226,0.322580645,0.185483871,0.153225806,0.39516129,0.080645161,6.89516129,0.040322581,0.112903226,18732,124,0.577634633,0.918518519,0.632653061,1,39.366,14.22208659,11.6094243,47.38666286,406.2983871,238.9354839,0,0,0,0,0,0,0,0,0
911801,340,0.220930233,0.058139535,0.162790698,0.069767442,0.011627907,0.046511628,0.918604651,1.569767442,0,0.162790698,0.023255814,0.023255814,0.813953488,0.244186047,0.023255814,0.139534884,0.046511628,0.034883721,0.186046512,0,0.313953488,0.186046512,0.465116279,0.313953488,0.244186047,0.162790698,0.069767442,8.058139535,0.046511628,0.127906977,18787,86,0.411245784,0.914893617,0.597222222,1,32.899,11.25020644,10.25483874,34.7165555,444.9534884,240.5348837,0.414634146,1,348,0,0,0,0,0,0
911801,341,0.115384615,0.038461538,0.134615385,0.038461538,0.019230769,0.019230769,0.423076923,1.403846154,0.019230769,0.211538462,0.019230769,0,0.846153846,0.076923077,0,0.057692308,0.019230769,0.019230769,0.153846154,0,0.288461538,0.096153846,0.423076923,0.346153846,0.153846154,0.211538462,0.057692308,6.865384615,0.057692308,0.038461538,18843,52,0.674474978,0.928571429,0.65,1,24.364,9.726410363,7.180986471,6.548087817,22.11538462,242.3076923,1,3,328,346,347,0,0,0,0
911801,342,0.316326531,0.102040816,0.163265306,0.030612245,0.010204082,0.010204082,2.683673469,0.744897959,0.030612245,0.071428571,0.030612245,0.030612245,1.683673469,0.163265306,0.06122449,0.112244898,0.020408163,0.010204082,0.142857143,0.010204082,0.244897959,0.112244898,0.551020408,0.173469388,0.387755102,0.336734694,0.040816327,4.704081633,0.010204082,0.091836735,18898,98,0.879309706,0.890909091,0.538461538,1,37.952,16.92119129,8.058724088,35.87135565,111.2857143,243.3163265,0.5,1,350,0,0,0,0,0,0
911801,343,0.357142857,0.071428571,0.185714286,0.028571429,0.007142857,0.05,0.878571429,1.564285714,0.014285714,0.128571429,0.021428571,0.028571429,1.55,0.235714286,0.092857143,0.142857143,0.035714286,0.042857143,0.214285714,0.028571429,0.235714286,0.071428571,0.535714286,0.214285714,0.235714286,0.307142857,0.092857143,5.635714286,0.035714286,0.05,18953,140,0.864133075,0.933333333,0.736842105,1,44.022,19.06067728,9.592540861,7.835533708,526.8142857,244.4,0,0,0,0,0,0,0,0,0
911801,344,0.4,0.05,0.21,0.04,0.01,0.07,0.93,1.25,0.05,0.2,0.01,0.05,0.91,0.18,0.08,0.21,0.01,0.05,0.24,0.01,0.18,0.12,0.39,0.28,0.25,0.3,0.04,7.2,0.14,0.09,19008,100,0.63059368,0.925925926,0.649350649,1,34.677,12.96420625,10.06169086,4.073877462,73.2,246.43,0.022727273,1,336,0,0,0,0,0,0
911801,345,0.106382979,0.120567376,0.319148936,0.014184397,0.007092199,0.042553191,0.404255319,1.333333333,0.042553191,0.170212766,0.063829787,0.028368794,0.560283688,0.19858156,0.04964539,0.170212766,0.035460993,0.04964539,0.24822695,0.014184397,0.241134752,0.177304965,2.34751773,0.234042553,0.368794326,0.460992908,0.056737589,8.127659574,0.035460993,0.09929078,19064,141,0.78388637,0.952702703,0.671428571,1,41.789,17.14533945,10.64561512,50.24863902,815.8510638,245.3049645,0,0,0,0,0,0,0,0,0
911801,346,0.581081081,0.067567568,0.162162162,0.054054054,0.013513514,0.013513514,0.391891892,1.364864865,0.054054054,0.202702703,0,0.040540541,2.905405405,0.162162162,0.054054054,0.148648649,0.040540541,0.054054054,0.121621622,0,0.202702703,0.094594595,0.405405405,0.054054054,0.175675676,0.216216216,0.013513514,5.905405405,0.054054054,0.040540541,19119,74,0.828281145,0.840909091,0.528571429,1,33.536,13.56506632,7.600679216,-71.83226636,16.05405405,247.2567568,0.902439024,3,341,347,352,0,0,0,0
911801,347,0.434210526,0.197368421,0.144736842,0.026315789,0.013157895,0.013157895,0.592105263,1.552631579,0.039473684,0.171052632,0.039473684,0.078947368,1.381578947,0.197368421,0.013157895,0.197368421,0.039473684,0.039473684,0.144736842,0,0.328947368,0.118421053,0.394736842,0.184210526,0.289473684,0.157894737,0.026315789,5.960526316,0.092105263,0.105263158,19174,76,0.881337088,0.915662651,0.575757576,1,31.948,14.65357116,6.923636964,38.47441172,25.47368421,247.3026316,0.571428571,3,328,341,346,0,0,0,0
911801,348,0.367924528,0.160377358,0.254716981,0.066037736,0.018867925,0.028301887,0.688679245,1.066037736,0.028301887,0.169811321,0.037735849,0.056603774,1.283018868,0.198113208,0.188679245,0.169811321,0.028301887,0.056603774,0.301886792,0.009433962,0.311320755,0.122641509,0.452830189,0.20754717,0.20754717,0.245283019,0.056603774,7.056603774,0.08490566,0.056603774,19229,106,0.567756392,0.938053097,0.741258741,1,35.024,13.00007924,10.70162133,-8.147355462,439.5943396,248.3867925,0.772727273,3,340,358,360,0,0,0,0
911801,349,0.453703704,0.138888889,0.185185185,0.037037037,0.055555556,0.046296296,1.009259259,2.194444444,0.074074074,0.268518519,0.074074074,0.046296296,1.37962963,0.296296296,0.046296296,0.268518519,0,0.046296296,0.287037037,0.009259259,0.333333333,0.222222222,1.342592593,0.277777778,0.592592593,0.435185185,0.166666667,12.12037037,0.092592593,0.12037037,19285,108,0.528720613,0.955752212,0.701298701,1,35.14,12.80934055,10.87251599,77.72767936,50.97222222,248.5648148,0.068181818,1,363,0,0,0,0,0,0
911801,350,0.147058824,0.080882353,0.147058824,0.036764706,0.014705882,0.029411765,1.720588235,0.507352941,0.014705882,0.139705882,0.029411765,0.029411765,1.125,0.191176471,0.161764706,0.073529412,0.022058824,0.051470588,0.227941176,0,0.25,0.161764706,0.360294118,0.154411765,0.389705882,0.433823529,0.029411765,4.764705882,0.066176471,0.066176471,19340,136,0.75233505,0.931506849,0.571428571,1,42.65,16.62774635,10.9540379,31.77243134,115.4852941,249.7794118,0.464285714,1,342,0,0,0,0,0,0
911801,351,0.151260504,0.193277311,0.176470588,0.050420168,0.033613445,0.008403361,0.773109244,1.386554622,0.016806723,0.201680672,0.033613445,0.084033613,0.81512605,0.12605042,0.075630252,0.12605042,0.033613445,0.050420168,0.218487395,0.008403361,0.235294118,0.243697479,0.462184874,0.151260504,0.235294118,0.235294118,0.058823529,8.109243697,0.100840336,0.134453782,19395,119,0.708270763,0.937007874,0.653846154,1,37.952,14.77423262,10.42973478,54.19485269,327.6806723,248.0420168,0.270833333,1,357,0,0,0,0,0,0
911801,352,0.490566038,0.132075472,0.132075472,0.037735849,0,0.037735849,0.509433962,0.830188679,0,0.075471698,0.018867925,0.056603774,1.547169811,0.094339623,0,0.132075472,0,0.037735849,0.264150943,0.018867925,0.188679245,0.056603774,0.283018868,0.245283019,0.301886792,0.226415094,0.113207547,3.622641509,0.018867925,0.037735849,19451,53,0.558305238,0.946428571,0.6625,1,24.455,9.268824415,7.689746883,-75.70352385,11.41509434,251.7169811,0.5625,1,346,0,0,0,0,0,0
911801,353,0.347368421,0.126315789,0.221052632,0,0.010526316,0.052631579,0.568421053,1.378947368,0.021052632,0.189473684,0.031578947,0.021052632,1.105263158,0.168421053,0.115789474,0.073684211,0.042105263,0.042105263,0.178947368,0,0.221052632,0.126315789,0.347368421,0.157894737,0.157894737,0.326315789,0.052631579,5.6,0.084210526,0.063157895,19506,95,0.722983493,0.931372549,0.664335664,1,33.643,13.39745714,9.25583831,24.10698623,386.7263158,253.4736842,0,0,0,0,0,0,0,0,0
911801,354,0.426356589,0.062015504,0.139534884,0.03875969,0.015503876,0.031007752,1.759689922,0.80620155,0.023255814,0.131782946,0.046511628,0.031007752,1.96124031,0.294573643,0.015503876,0.108527132,0.031007752,0,0.093023256,0.015503876,0.147286822,0.093023256,0.558139535,0.271317829,0.449612403,0.23255814,0.093023256,6.294573643,0.108527132,0.015503876,19561,129,0.479382419,0.941605839,0.708791209,1,38.994,13.83204709,12.13908914,63.2352305,219.6976744,255.2170543,0.176470588,1,367,0,0,0,0,0,0
911801,355,0.139240506,0.088607595,0.341772152,0.037974684,0.012658228,0.012658228,1.126582278,0.82278481,0.050632911,0.139240506,0.037974684,0.050632911,1.240506329,0.126582278,0.075949367,0.126582278,0.025316456,0.037974684,0.329113924,0.025316456,0.265822785,0.151898734,0.265822785,0.189873418,0.164556962,0.493670886,0.126582278,5.455696203,0.025316456,0.113924051,19616,79,0.758692572,0.94047619,0.652892562,1,32.047,12.76950395,8.318678436,40.89511093,310.7721519,254.4810127,0.536585366,1,357,0,0,0,0,0,0
911801,356,0.323529412,0.078431373,0.264705882,0.019607843,0.009803922,0,0.676470588,0.764705882,0.029411765,0.215686275,0.019607843,0.058823529,2.31372549,0.156862745,0.039215686,0.068627451,0.058823529,0.029411765,0.215686275,0.019607843,0.323529412,0.088235294,0.352941176,0.176470588,0.254901961,0.235294118,0.049019608,5.578431373,0.058823529,0.088235294,19672,102,0.662454288,0.953271028,0.653846154,1,33.668,13.26227552,9.934801627,33.35865984,281,257.5,0,0,0,0,0,0,0,0,0
911801,357,0.3125,0.071428571,0.241071429,0.0625,0.026785714,0.035714286,0.883928571,1.25,0.026785714,0.1875,0.0625,0.044642857,1.196428571,0.1875,0.107142857,0.223214286,0.026785714,0.053571429,0.321428571,0,0.330357143,0.169642857,0.455357143,0.178571429,0.410714286,0.321428571,0.071428571,8.803571429,0.053571429,0.151785714,19727,112,0.749734638,0.881889764,0.533333333,1,39.937,15.30435349,10.12748142,57.14626922,318.0357143,257.25,0.647058824,2,351,355,0,0,0,0,0
911801,358,0.352272727,0.079545455,0.238636364,0.079545455,0.022727273,0.034090909,0.875,0.897727273,0.022727273,0.181818182,0,0.011363636,2.920454545,0.147727273,0.056818182,0.079545455,0.022727273,0.034090909,0.170454545,0,0.25,0.147727273,2.965909091,0.238636364,0.318181818,0.375,0.045454545,5.909090909,0.181818182,0.045454545,19782,88,0.492118099,0.926315789,0.727272727,1,32.601,11.54189927,10.04755164,52.63222573,442.4090909,257.4886364,0.634146341,2,348,360,0,0,0,0,0
911801,359,0.46875,0.15625,0.166666667,0.0625,0,0.0625,0.875,1.4375,0.010416667,0.125,0.041666667,0.041666667,1.3125,0.177083333,0.020833333,0.135416667,0.010416667,0,0.1875,0,0.239583333,0.114583333,0.65625,0.104166667,0.1875,0.395833333,0.03125,7.697916667,0.15625,0.09375,19837,96,0.68940405,0.941176471,0.738461538,1,33.345,13.09166397,9.483300439,19.85705315,516.1458333,259.5104167,0,0,0,0,0,0,0,0,0
911801,360,0.341463415,0.048780488,0.268292683,0.012195122,0.024390244,0.073170732,0.390243902,0.841463415,0.012195122,0.146341463,0.024390244,0.024390244,3.62195122,0.182926829,0.073170732,0.170731707,0.036585366,0.024390244,0.182926829,0,0.268292683,0.024390244,0.548780488,0.12195122,0.109756098,0.268292683,0.085365854,5.829268293,0.06097561,0.024390244,19893,82,0.673299592,0.942528736,0.759259259,1,31.104,12.07970653,8.931369858,-81.37468863,434.1707317,259.695122,0.461538462,2,348,358,0,0,0,0,0
911801,361,0.18852459,0.090163934,0.245901639,0.057377049,0.040983607,0.057377049,3.975409836,0.663934426,0.081967213,0.106557377,0.008196721,0.016393443,0.860655738,0.213114754,0.090163934,0.090163934,0.081967213,0.073770492,0.155737705,0,0.213114754,0.155737705,0.713114754,0.180327869,1.819672131,0.213114754,0.032786885,3.983606557,0.049180328,0.073770492,19948,122,0.255722014,0.968253968,0.721893491,1,36.455,12.74422909,12.32048802,-34.02553004,475.6147541,259.2459016,0,0,0,0,0,0,0,0,0
911801,362,0.307017544,0.096491228,0.149122807,0.026315789,0,0.070175439,0.815789474,1.096491228,0.052631579,0.131578947,0.026315789,0.087719298,1.48245614,0.201754386,0.052631579,0.140350877,0.026315789,0.01754386,0.263157895,0.00877193,0.184210526,0.043859649,0.438596491,0.166666667,0.236842105,0.307017544,0.026315789,5.315789474,0.026315789,0.078947368,20003,114,0.647897632,0.94214876,0.674556213,1,36.364,13.92883852,10.60997819,46.77109415,354.9561404,260.6842105,0,0,0,0,0,0,0,0,0
911801,363,0.362903226,0.153225806,0.233870968,0.016129032,0.016129032,0.032258065,0.806451613,1.346774194,0.032258065,0.217741935,0,0.024193548,1.887096774,0.14516129,0.112903226,0.137096774,0.048387097,0.008064516,0.233870968,0,0.314516129,0.10483871,0.532258065,0.137096774,0.25,0.346774194,0.056451613,7.056451613,0.016129032,0.10483871,20058,124,0.756543388,0.932330827,0.645833333,1,39.176,15.72915712,10.28598007,-16.86149901,56.31451613,262.7016129,0.06,1,349,0,0,0,0,0,0
911801,364,0.24,0.06,0.12,0.02,0.01,0.02,0.82,0.96,0.01,0.17,0.01,0.01,0.76,0.19,0.02,0.17,0.02,0.03,0.09,0,0.19,0.04,0.66,0.16,0.16,0.16,0.02,6.05,0.06,0.13,20114,100,0.462570011,0.934579439,0.699300699,1,33.643,12.07305223,10.70375993,84.70849958,177.19,264.1,0,0,0,0,0,0,0,0,0
911801,367,0.41025641,0.08974359,0.115384615,0.012820513,0.012820513,0,1.076923077,1.217948718,0.051282051,0.243589744,0.012820513,0.064102564,2.58974359,0.179487179,0.051282051,0.243589744,0.038461538,0.051282051,0.179487179,0.012820513,0.358974359,0.217948718,0.641025641,0.166666667,0.346153846,0.192307692,0.025641026,8.5,0.038461538,0.115384615,20279,78,0.719815779,0.866666667,0.722222222,1,31.931,12.44702801,8.640292969,-86.53399643,220.7435897,268.7307692,0.743589744,3,354,368,378,0,0,0,0
911801,368,0.147058824,0.073529412,0.073529412,0.029411765,0,0.044117647,0.397058824,0.544117647,0.029411765,0.191176471,0.014705882,0.014705882,2.220588235,0.191176471,0.117647059,0.117647059,0.014705882,0.014705882,0.161764706,0.014705882,0.102941176,0.132352941,0.617647059,0.161764706,0.161764706,0.220588235,0.044117647,4.397058824,0.044117647,0.029411765,20335,68,0.587250227,0.971428571,0.85,1,27.407,10.48827346,8.489265622,72.29677241,213.6470588,269.4705882,0.65625,2,367,378,0,0,0,0,0
911801,369,0.336842105,0.094736842,0.231578947,0,0.031578947,0.031578947,0.484210526,1.168421053,0.031578947,0.210526316,0.021052632,0.031578947,0.915789474,0.157894737,0.326315789,0.136842105,0.031578947,0.052631579,0.410526316,0.021052632,0.189473684,0.147368421,0.336842105,0.178947368,0.2,0.221052632,0.021052632,7.452631579,0.042105263,0.115789474,20390,95,0.707030552,0.95,0.730769231,1,33.428,13.22559005,9.352912477,13.92314958,88.18947368,272.3473684,0.317073171,1,365,0,0,0,0,0,0
911801,370,0.28,0.14,0.27,0.04,0.03,0.03,0.79,1.33,0.05,0.16,0.03,0.02,0.68,0.16,0.06,0.23,0.03,0.03,0.15,0.02,0.25,0.18,0.56,0.21,0.21,0.3,0.06,7.42,0.01,0.08,20445,100,0.801601175,0.934579439,0.649350649,1,34.867,14.74709277,8.816684262,-60.90311393,592.86,271.58,0,0,0,0,0,0,0,0,0
911801,371,0.21,0.07,0.21,0.04,0.01,0.04,0.7,0.96,0.03,0.2,0.03,0.03,0.94,0.22,0.44,0.17,0,0.05,0.61,0,0.18,0.08,0.84,0.19,0.28,0.42,0.03,5.09,0.06,0.09,20500,100,0.687792701,0.943396226,0.699300699,1,33.734,13.32364509,9.671729326,33.44234503,133.68,273.77,0,0,0,0,0,0,0,0,0
911801,372,0.294642857,0.080357143,0.116071429,0.008928571,0.026785714,0.053571429,0.946428571,1.383928571,0.035714286,0.151785714,0.035714286,0.0625,2.410714286,0.178571429,0.098214286,0.142857143,0.026785714,0.008928571,0.223214286,0,0.3125,0.125,1.375,0.125,0.276785714,0.3125,0.071428571,5.660714286,0,0.0625,20556,112,0.629530926,0.941176471,0.717948718,1,37.191,13.70743579,10.65034077,-30.81887931,556.8392857,270.7410714,0.659574468,3,366,380,381,0,0,0,0
911801,373,0.179310345,0.144827586,0.282758621,0.089655172,0.020689655,0.027586207,0.648275862,0.924137931,0.04137931,0.317241379,0.04137931,0.027586207,0.717241379,0.165517241,0.096551724,0.137931034,0.013793103,0.027586207,0.227586207,0,0.572413793,0.131034483,0.337931034,0.179310345,0.262068966,0.682758621,0.034482759,6.744827586,0.089655172,0.117241379,20611,145,0.755084757,0.895061728,0.671296296,1,45.817,17.57345225,11.52163309,10.64066447,333.4965517,275.8413793,0.389830508,1,390,0,0,0,0,0,0
911801,374,0.197368421,0.118421053,0.223684211,0,0.039473684,0.039473684,0.552631579,0.552631579,0.052631579,0.131578947,0.026315789,0,0.618421053,0.184210526,0.065789474,0.131578947,0.052631579,0.065789474,0.197368421,0.013157895,0.131578947,0.078947368,0.421052632,0.118421053,0.236842105,0.263157895,0.039473684,5.223684211,0.039473684,0.026315789,20666,76,0.822254136,0.915662651,0.633333333,1,31.377,13.36255469,7.604903722,31.95442037,499.2763158,274.5,0.6,2,375,379,0,0,0,0,0
911801,375,0.049382716,0.037037037,0.172839506,0.037037037,0.012345679,0.037037037,0.543209877,0.62962963,0.049382716,0.234567901,0,0.086419753,0.320987654,0.135802469,0.061728395,0.111111111,0.012345679,0.012345679,0.24691358,0.012345679,0.234567901,0.135802469,0.333333333,0.111111111,0.222222222,0.320987654,0.049382716,5.061728395,0.049382716,0.086419753,20721,81,0.495196594,0.952941176,0.81,1,29.301,10.98568777,9.544156217,-52.90914272,510.2962963,276.5802469,0.611111111,3,374,379,393,0,0,0,0
911801,376,0.189781022,0.072992701,0.248175182,0.03649635,0.02189781,0.02919708,0.379562044,1.051094891,0.058394161,0.182481752,0.072992701,0.04379562,0.693430657,0.160583942,0.233576642,0.175182482,0.058394161,0.02189781,0.467153285,0.01459854,0.233576642,0.182481752,1.153284672,0.182481752,0.437956204,0.496350365,0.094890511,7.372262774,0.051094891,0.065693431,20777,137,0.738032555,0.951388889,0.778409091,1,40.54,16.196695,10.92896462,-5.902870096,769.3211679,277.4963504,0.22,1,382,0,0,0,0,0,0
911801,377,0.460869565,0.086956522,0.243478261,0.034782609,0.017391304,0.043478261,0.626086957,1.182608696,0.060869565,0.165217391,0.034782609,0.008695652,1.391304348,0.156521739,0.017391304,0.086956522,0.026086957,0.043478261,0.27826087,0.017391304,0.173913043,0.069565217,0.27826087,0.243478261,0.182608696,0.27826087,0.07826087,6.156521739,0.017391304,0.060869565,20832,115,0.80342841,0.927419355,0.71875,1,38.415,15.85479421,9.439966171,10.00556856,805.4173913,277.573913,0.291666667,1,394,0,0,0,0,0,0
911801,378,0.217948718,0.115384615,0.192307692,0.051282051,0.019230769,0.032051282,0.570512821,1.262820513,0.032051282,0.262820513,0.025641026,0.025641026,1.538461538,0.173076923,0.057692308,0.134615385,0.064102564,0.006410256,0.198717949,0.006410256,0.33974359,0.102564103,0.474358974,0.198717949,0.173076923,0.358974359,0.076923077,6.307692308,0.070512821,0.070512821,20887,156,0.535654575,0.939759036,0.655462185,1,45.081,15.87361782,13.4042733,11.52027463,217.8141026,279.5192308,0.881355932,4,367,368,387,389,0,0,0
911801,379,0.313953488,0.127906977,0.290697674,0.081395349,0.023255814,0.046511628,0.627906977,0.5,0.046511628,0.139534884,0.011627907,0.058139535,0.953488372,0.197674419,0.069767442,0.081395349,0,0.023255814,0.11627907,0,0.26744186,0.104651163,0.174418605,0.174418605,0.197674419,0.220930233,0.11627907,5.034883721,0.069767442,0.058139535,20942,86,0.681122263,0.868686869,0.511904762,1,36.819,13.03198993,9.541628097,4.664564689,501.6744186,280.9883721,0.911111111,5,374,375,392,393,404,0,0
911801,380,0.360465116,0.081395349,0.162790698,0.058139535,0.011627907,0.046511628,0.639534884,1.174418605,0.046511628,0.220930233,0.011627907,0,1.476744186,0.162790698,0.069767442,0.139534884,0.023255814,0.034883721,0.23255814,0.011627907,0.325581395,0.151162791,0.418604651,0.11627907,0.209302326,0.279069767,0.058139535,7.906976744,0.11627907,0.104651163,20998,86,0.60612856,0.914893617,0.601398601,1,32.709,11.9380438,9.495122362,-79.97730016,564.0232558,279.3837209,0.575,2,372,381,0,0,0,0,0
911801,381,0.176470588,0.049019608,0.176470588,0.039215686,0,0.019607843,0.539215686,0.81372549,0.058823529,0.235294118,0.009803922,0.019607843,1.225490196,0.088235294,0.176470588,0.078431373,0.068627451,0.058823529,0.392156863,0.019607843,0.382352941,0.107843137,0.18627451,0.156862745,0.235294118,0.303921569,0.068627451,4.568627451,0.029411765,0.039215686,21053,102,0.736842222,0.918918919,0.653846154,1,36.455,14.20018803,9.600246501,-57.48841461,555.6666667,281.745098,0.520833333,2,372,380,0,0,0,0,0
911801,382,0.230769231,0.065934066,0.175824176,0.054945055,0.021978022,0.076923077,0.67032967,0.978021978,0.010989011,0.197802198,0.010989011,0.087912088,1.043956044,0.153846154,0.296703297,0.076923077,0.021978022,0.032967033,0.164835165,0,0.230769231,0.043956044,0.241758242,0.175824176,0.153846154,0.384615385,0.065934066,6.43956044,0.076923077,0.098901099,21108,91,0.667956843,0.968085106,0.758333333,1,31.658,12.56444291,9.35045855,17.62760402,756.6153846,281.4395604,0.275,1,376,0,0,0,0,0,0
911801,383,0.197916667,0.114583333,0.239583333,0.0625,0.010416667,0.020833333,0.84375,1.052083333,0.041666667,0.208333333,0.0625,0.052083333,1.53125,0.177083333,0.03125,0.21875,0.041666667,0.0625,0.25,0,0.166666667,0.104166667,0.385416667,0.177083333,0.197916667,0.270833333,0.083333333,6.59375,0.0625,0.072916667,21163,96,0.612261088,0.96,0.727272727,1,32.328,12.50554222,9.887577641,49.99337448,741.0208333,280.6041667,0,0,0,0,0,0,0,0,0
911801,384,0.193877551,0.112244898,0.163265306,0.06122449,0.051020408,0.091836735,1.020408163,1.163265306,0,0.142857143,0.030612245,0.071428571,1.142857143,0.12244898,0.306122449,0.051020408,0.020408163,0.040816327,0.520408163,0.010204082,0.204081633,0.112244898,0.448979592,0.112244898,0.153061224,0.367346939,0.030612245,5.928571429,0.030612245,0.112244898,21219,98,0.407556515,0.951456311,0.742424242,1,32.791,11.78916621,10.76563064,15.96302707,166.2959184,282.5306122,0.166666667,1,400,0,0,0,0,0,0
911801,385,0.241610738,0.134228188,0.167785235,0.006711409,0.026845638,0.053691275,1.610738255,1.476510067,0.046979866,0.32885906,0.013422819,0.093959732,4.167785235,0.174496644,0.067114094,0.208053691,0.020134228,0.067114094,0.214765101,0.013422819,0.369127517,0.181208054,1.033557047,0.295302013,0.409395973,0.369127517,0.073825503,8.033557047,0.060402685,0.087248322,21274,149,0.742537095,0.876470588,0.620833333,1,46.528,17.452862,11.69001326,41.53392056,192.8724832,282.2483221,0.428571429,2,389,395,0,0,0,0,0
911801,386,0.153846154,0.134615385,0.278846154,0.019230769,0.019230769,0.019230769,0.375,0.990384615,0.038461538,0.134615385,0.038461538,0.019230769,0.509615385,0.153846154,0.076923077,0.086538462,0.028846154,0.019230769,0.221153846,0,0.125,0.182692308,0.625,0.057692308,0.144230769,0.259615385,0.096153846,5.836538462,0.067307692,0.096153846,21329,104,0.761556993,0.928571429,0.63030303,1,35.901,14.4203976,9.345830055,-18.32060694,58.84615385,285.9326923,0.288888889,1,415,0,0,0,0,0,0
911801,387,0.420560748,0.074766355,0.317757009,0.028037383,0.018691589,0.056074766,0.953271028,1.76635514,0.028037383,0.205607477,0.018691589,0.028037383,1.775700935,0.196261682,0.037383178,0.158878505,0.046728972,0.074766355,0.214953271,0.028037383,0.271028037,0.121495327,0.420560748,0.224299065,0.373831776,0.299065421,0.08411215,9.252336449,0.065420561,0.065420561,21385,107,0.724621201,0.938596491,0.633136095,1,35.537,14.2246416,9.802874524,46.71558141,227.4018692,284.0841121,0.395833333,1,378,0,0,0,0,0,0
911801,388,0.371428571,0.071428571,0.185714286,0,0.014285714,0.042857143,0.428571429,0.528571429,0.057142857,0.057142857,0.028571429,0.028571429,1.585714286,0.128571429,0.085714286,0.1,0.028571429,0.028571429,0.228571429,0,0.171428571,0.057142857,0.271428571,0.128571429,0.1,0.228571429,0.028571429,3.957142857,0.028571429,0.071428571,21440,70,0.488347235,0.897435897,0.7,1,29.235,10.35544974,9.036677017,63.78318091,685.8428571,283.5142857,0.702702703,2,398,401,0,0,0,0,0
911801,389,0.142857143,0.095238095,0.304761905,0.057142857,0.019047619,0.066666667,0.971428571,1.266666667,0.019047619,0.085714286,0.019047619,0,0.971428571,0.2,0.047619048,0.161904762,0.028571429,0.019047619,0.276190476,0,0.2,0.219047619,0.59047619,0.247619048,0.247619048,0.476190476,0.019047619,7.552380952,0.057142857,0.133333333,21495,105,0.334929391,0.945945946,0.729166667,1,34.197,12.04004649,11.34465228,-29.03579102,206.2857143,286.3904762,0.5,3,378,385,395,0,0,0,0
911801,390,0.161016949,0.050847458,0.322033898,0.025423729,0.016949153,0.042372881,0.5,0.737288136,0.008474576,0.152542373,0.025423729,0,0.889830508,0.118644068,0.033898305,0.118644068,0.076271186,0.059322034,0.228813559,0,0.271186441,0.127118644,0.271186441,0.118644068,0.245762712,0.36440678,0.093220339,5.855932203,0.059322034,0.016949153,21550,118,0.681855888,0.951612903,0.715151515,1,37.373,14.51747344,10.61933632,-10.30912519,332.2372881,284.9915254,0.479166667,1,373,0,0,0,0,0,0
911801,391,0.290322581,0.043010753,0.129032258,0.021505376,0.032258065,0.032258065,0.677419355,1.043010753,0.086021505,0.172043011,0.021505376,0.053763441,4.440860215,0.172043011,0.086021505,0.215053763,0.064516129,0.032258065,0.268817204,0,0.279569892,0.172043011,1,0.23655914,0.23655914,0.35483871,0.064516129,7.021505376,0.032258065,0.075268817,21606,93,0.631389193,0.948979592,0.715384615,1,32.601,12.47581129,9.674568839,-9.880344087,106.3225806,286.9677419,0,0,0,0,0,0,0,0,0
911801,392,0.38317757,0.14953271,0.23364486,0.037383178,0.009345794,0.037383178,0.635514019,0.710280374,0.018691589,0.102803738,0.018691589,0.018691589,0.906542056,0.140186916,0.065420561,0.121495327,0.037383178,0,0.252336449,0,0.205607477,0.158878505,0.242990654,0.140186916,0.196261682,0.23364486,0.065420561,6.448598131,0.074766355,0.046728972,21661,107,0.71327824,0.946902655,0.685897436,1,34.958,14.03483865,9.836751502,44.95046249,490.0373832,288.5233645,0.413043478,2,379,404,0,0,0,0,0
911801,393,0.272727273,0.080808081,0.202020202,0.03030303,0.01010101,0.03030303,0.696969697,0.909090909,0.04040404,0.222222222,0.070707071,0.02020202,1.050505051,0.141414141,0.04040404,0.121212121,0.060606061,0.03030303,0.202020202,0.01010101,0.131313131,0.090909091,0.282828283,0.222222222,0.141414141,0.424242424,0.060606061,6.070707071,0.01010101,0.060606061,21716,99,0.69880109,0.925233645,0.692307692,1,35.57,13.78679581,9.861916175,74.46091763,509.9494949,287.3535354,1,5,375,379,396,404,406,0,0
911801,394,0.41025641,0.068376068,0.145299145,0.034188034,0.017094017,0.025641026,0.581196581,1.025641026,0.008547009,0.196581197,0.008547009,0.042735043,1.914529915,0.170940171,0.034188034,0.128205128,0,0.008547009,0.136752137,0.008547009,0.247863248,0.051282051,0.316239316,0.153846154,0.179487179,0.282051282,0.068376068,5.521367521,0.076923077,0.076923077,21771,117,0.596262653,0.936,0.692307692,1,37.861,13.77124099,11.05540653,51.00423029,802.4871795,288.2478632,0.306122449,1,377,0,0,0,0,0,0
911801,395,0.291666667,0.069444444,0.138888889,0.027777778,0,0.013888889,0.708333333,1.152777778,0.027777778,0.138888889,0.013888889,0.013888889,4.097222222,0.263888889,0.027777778,0.180555556,0,0.027777778,0.194444444,0,0.319444444,0.097222222,0.194444444,0.083333333,0.166666667,0.25,0.069444444,5.430555556,0.055555556,0.083333333,21827,72,0.842246397,0.947368421,0.692307692,1,30.244,13.20322363,7.117762294,22.05506714,194.3333333,290.2777778,0.621621622,2,385,389,0,0,0,0,0
911801,396,0.618421053,0.177631579,0.164473684,0.013157895,0.013157895,0.032894737,1.322368421,1.072368421,0.039473684,0.144736842,0.052631579,0.026315789,4.039473684,0.335526316,0.072368421,0.197368421,0.026315789,0.046052632,0.151315789,0.006578947,0.256578947,0.151315789,1.098684211,0.151315789,0.315789474,0.25,0.065789474,5.881578947,0.059210526,0.118421053,21882,152,0.681551688,0.926829268,0.723809524,1,43.352,16.51439983,12.08474195,34.12953908,519.6315789,289.4473684,0.351851852,2,393,406,0,0,0,0,0
911801,397,0.576271186,0.059322034,0.152542373,0.033898305,0.025423729,0.042372881,2.516949153,0.813559322,0.050847458,0.177966102,0.025423729,0.025423729,2.805084746,0.347457627,0.076271186,0.13559322,0.06779661,0.050847458,0.13559322,0,0.237288136,0.127118644,0.644067797,0.101694915,0.457627119,0.305084746,0.076271186,5.957627119,0.084745763,0.06779661,21937,118,0.655058631,0.959349593,0.702380952,1,37.373,14.29277725,10.79930876,-65.40296864,271.3983051,288.3474576,0.489361702,1,403,0,0,0,0,0,0
911801,398,0.342105263,0.096491228,0.192982456,0.043859649,0.026315789,0.035087719,0.631578947,0.649122807,0.00877193,0.245614035,0.00877193,0.061403509,1.122807018,0.105263158,0.026315789,0.236842105,0.035087719,0.00877193,0.210526316,0.052631579,0.421052632,0.114035088,0.385964912,0.114035088,0.210526316,0.263157895,0.061403509,4.885964912,0.087719298,0.078947368,21992,114,0.809202999,0.832116788,0.633333333,1,44.386,16.31646772,9.586400462,-81.64316904,679.1140351,289.1842105,0.538461538,2,388,401,0,0,0,0,0
911801,399,0.261363636,0.147727273,0.215909091,0.045454545,0,0.011363636,0.579545455,1.420454545,0.011363636,0.102272727,0.045454545,0.102272727,1.227272727,0.159090909,0.818181818,0.125,0.068181818,0.034090909,0.579545455,0.011363636,0.318181818,0.079545455,0.329545455,0.125,0.136363636,0.386363636,0.056818182,6.204545455,0.079545455,0.079545455,22048,88,0.449621782,0.956521739,0.727272727,1,30.459,11.27070343,10.0672069,46.31886394,786.7272727,290.9772727,0,0,0,0,0,0,0,0,0
911801,400,0.182608696,0.113043478,0.217391304,0.034782609,0.043478261,0.034782609,0.391304348,0.72173913,0.017391304,0.165217391,0.008695652,0.026086957,0.408695652,0.147826087,1.47826087,0.12173913,0.052173913,0.069565217,0.92173913,0,0.226086957,0.130434783,1.269565217,0.156521739,0.191304348,0.565217391,0.052173913,5.452173913,0.008695652,0.034782609,22103,115,0.743475428,0.942622951,0.638888889,1,38.142,14.99678538,10.02929897,32.11746596,155.6956522,291.9043478,0.354166667,2,384,422,0,0,0,0,0
911801,401,0.402061856,0.092783505,0.18556701,0.020618557,0.010309278,0.030927835,0.87628866,1.154639175,0.041237113,0.18556701,0.030927835,0.041237113,1.474226804,0.206185567,0.030927835,0.154639175,0.041237113,0.030927835,0.206185567,0,0.18556701,0.134020619,0.577319588,0.134020619,0.298969072,0.319587629,0.082474227,7.649484536,0.103092784,0.082474227,22158,97,0.750892565,0.923809524,0.673611111,1,34.652,13.83529109,9.137163481,44.94222404,688.7938144,291.742268,0.534883721,2,388,398,0,0,0,0,0
911801,402,0.209183673,0.107142857,0.204081633,0.056122449,0.030612245,0.040816327,0.637755102,0.913265306,0.025510204,0.163265306,0.045918367,0.045918367,0.68877551,0.193877551,0.056122449,0.091836735,0.056122449,0.015306122,0.198979592,0.015306122,0.18877551,0.147959184,1.336734694,0.163265306,0.147959184,0.244897959,0.066326531,5.87244898,0.06122449,0.112244898,22213,196,0.5969746,0.960784314,0.720588235,1,48.058,17.80885929,14.28733789,-31.40257914,401.5204082,292.4336735,0.129032258,1,418,0,0,0,0,0,0
911801,403,0.636363636,0.081818182,0.136363636,0.072727273,0.027272727,0.054545455,0.881818182,0.854545455,0.045454545,0.154545455,0.009090909,0.009090909,2.981818182,0.127272727,0.145454545,0.054545455,0.027272727,0.063636364,0.127272727,0.018181818,0.254545455,0.127272727,0.445454545,0.072727273,0.345454545,0.209090909,0.072727273,4.381818182,0.018181818,0.072727273,22269,110,0.693005537,0.820895522,0.528846154,1,42.36,15.17806115,10.94235395,-11.97609935,265.9,295.5818182,0.462962963,1,397,0,0,0,0,0,0
911801,404,0.210526316,0.144736842,0.342105263,0.032894737,0.019736842,0.059210526,0.598684211,0.967105263,0.013157895,0.223684211,0.013157895,0.026315789,0.697368421,0.302631579,0.105263158,0.164473684,0.039473684,0.046052632,0.230263158,0.032894737,0.322368421,0.164473684,2.473684211,0.164473684,0.177631579,0.315789474,0.039473684,6.506578947,0.065789474,0.059210526,22324,152,0.924279126,0.817204301,0.444444444,1,54.534,23.40621204,8.934556073,45.82369641,495.5855263,297.0921053,0.691176471,5,379,392,393,406,420,0,0
911801,405,0.248407643,0.082802548,0.222929936,0.025477707,0.006369427,0.063694268,0.757961783,1.012738854,0.031847134,0.197452229,0.050955414,0.031847134,0.949044586,0.140127389,0.108280255,0.127388535,0.031847134,0.025477707,0.152866242,0.012738854,0.299363057,0.095541401,0.891719745,0.159235669,0.184713376,0.25477707,0.031847134,5.687898089,0.044585987,0.101910828,22379,157,0.490038938,0.88700565,0.615686275,1,46.379,15.73616269,13.71722158,-40.53381347,346.6369427,295.6878981,0.333333333,1,416,0,0,0,0,0,0
911801,406,0.192307692,0.173076923,0.346153846,0.057692308,0.019230769,0.038461538,0.653846154,0.576923077,0.057692308,0.211538462,0.076923077,0.038461538,0.711538462,0.269230769,0.038461538,0.019230769,0.019230769,0.038461538,0.307692308,0,0.269230769,0.230769231,3.153846154,0.211538462,0.230769231,0.403846154,0.057692308,5.903846154,0.096153846,0.115384615,22434,52,0.604867822,0.896551724,0.577777778,1,25.861,9.591500141,7.637959856,-67.2008534,505.9230769,295.2692308,1,4,393,396,404,420,0,0,0
911801,407,0.125,0.140625,0.25,0.03125,0.015625,0.0625,0.5,1.203125,0,0.265625,0.015625,0.015625,0.6875,0.15625,0.09375,0.171875,0.0625,0.046875,0.265625,0,0.359375,0.078125,0.296875,0.234375,0.125,0.296875,0.03125,6.140625,0.0625,0.09375,22490,64,0.607060936,0.941176471,0.711111111,1,26.605,10.26335977,8.155833065,43.2923931,607.125,294.6875,0.575757576,1,413,0,0,0,0,0,0
911801,408,0.336898396,0.053475936,0.299465241,0.053475936,0.010695187,0.037433155,6.86631016,0.834224599,0.106951872,0.235294118,0.010695187,0.026737968,1.005347594,0.342245989,0.251336898,0.080213904,0.021390374,0.122994652,0.165775401,0.005347594,0.374331551,0.315508021,1.165775401,0.112299465,3.021390374,0.497326203,0.090909091,4.411764706,0.064171123,0.058823529,22545,187,0.70683824,0.949238579,0.692592593,1,48.265,18.50854498,13.09248609,53.53106034,311.4652406,295.6684492,0,0,0,0,0,0,0,0,0
911801,409,0.300884956,0.17699115,0.14159292,0.017699115,0.053097345,0.008849558,0.920353982,1.203539823,0.053097345,0.150442478,0.044247788,0.026548673,1.725663717,0.159292035,0.07079646,0.132743363,0.03539823,0.026548673,0.132743363,0,0.185840708,0.088495575,0.477876106,0.185840708,0.238938053,0.17699115,0.03539823,5.292035398,0.053097345,0.053097345,22600,113,0.824166652,0.933884298,0.588541667,1,38.622,16.19296425,9.170842514,27.6392175,742.4336283,297.4070796,0,0,0,0,0,0,0,0,0
911801,410,0.163461538,0.538461538,0.384615385,0.019230769,0.038461538,0.067307692,0.375,0.740384615,0.009615385,0.086538462,0.019230769,0.019230769,0.509615385,0.144230769,0.163461538,0.096153846,0.019230769,0.009615385,0.211538462,0,0.192307692,0.096153846,0.336538462,0.125,0.25,0.201923077,0.048076923,4.711538462,0.028846154,0.019230769,22655,104,0.495758284,0.95412844,0.722222222,1,33.916,12.42179596,10.78783973,52.3021628,427.9807692,297.3653846,0,0,0,0,0,0,0,0,0
911801,411,0.161616162,0.101010101,0.282828283,0.050505051,0.02020202,0.070707071,0.474747475,0.97979798,0.050505051,0.262626263,0.02020202,0.04040404,0.525252525,0.101010101,0,0.141414141,0.02020202,0.04040404,0.313131313,0.01010101,0.222222222,0.101010101,1.090909091,0.222222222,0.171717172,0.383838384,0.090909091,7.787878788,0.080808081,0.03030303,22711,99,0.640508869,0.970588235,0.707142857,1,33.544,12.9077221,9.912495165,-4.376826565,705.5757576,296.2424242,0.333333333,1,421,0,0,0,0,0,0
911801,412,0.102941176,0.088235294,0.279411765,0.014705882,0.073529412,0.029411765,0.647058824,0.867647059,0.014705882,0.161764706,0.058823529,0.014705882,0.514705882,0.147058824,0,0.088235294,0.014705882,0.088235294,0.147058824,0,0.264705882,0.102941176,0.602941176,0.132352941,0.264705882,0.647058824,0.102941176,6.838235294,0.014705882,0.088235294,22766,68,0.709803366,0.957746479,0.68,1,28.102,11.24718076,7.922512706,50.53569858,379.3088235,297.8529412,0.685714286,1,418,0,0,0,0,0,0
911801,413,0.185185185,0.148148148,0.271604938,0.037037037,0.024691358,0.061728395,0.50617284,0.802469136,0.061728395,0.185185185,0.024691358,0.037037037,0.87654321,0.172839506,0.012345679,0.135802469,0.061728395,0.012345679,0.209876543,0.024691358,0.358024691,0.111111111,0.37037037,0.148148148,0.135802469,0.259259259,0.061728395,6,0.037037037,0.111111111,22821,81,0.767989433,0.84375,0.5625,1,33.461,13.29153664,8.512730968,51.46032135,612.3703704,298.8024691,0.744186047,2,407,419,0,0,0,0,0
911801,414,0.204724409,0.070866142,0.181102362,0.023622047,0.007874016,0.062992126,0.700787402,1.015748031,0.031496063,0.062992126,0.015748031,0.039370079,1.267716535,0.212598425,0,0.149606299,0.015748031,0.007874016,0.181102362,0.007874016,0.212598425,0.094488189,0.417322835,0.165354331,0.220472441,0.338582677,0.070866142,6.007874016,0.047244094,0.086614173,22876,127,0.759523421,0.927007299,0.679144385,1,41.525,16.01648241,10.41840077,0.466290334,99.83464567,299.3543307,0,0,0,0,0,0,0,0,0
911801,415,0.346153846,0.092307692,0.215384615,0.046153846,0.023076923,0.030769231,0.515384615,1.261538462,0.015384615,0.230769231,0.030769231,0.038461538,0.646153846,0.161538462,0.023076923,0.169230769,0.038461538,0.023076923,0.184615385,0.007692308,0.276923077,0.161538462,0.415384615,0.1,0.192307692,0.346153846,0.038461538,6.961538462,0.084615385,0.061538462,22932,130,0.746254918,0.942028986,0.666666667,1,39.829,15.95184029,10.61850634,-62.31171004,55.96923077,296.6846154,0.25,1,386,0,0,0,0,0,0
911801,416,0.244680851,0.117021277,0.20212766,0.021276596,0.021276596,0.053191489,0.414893617,0.691489362,0.095744681,0.212765957,0.031914894,0.053191489,1.191489362,0.127659574,0.180851064,0.14893617,0.053191489,0,0.14893617,0.010638298,0.319148936,0.085106383,1.404255319,0.074468085,0.265957447,0.265957447,0.021276596,4.478723404,0.042553191,0.085106383,22987,94,0.422553433,0.895238095,0.652777778,1,34.007,11.71298042,10.61591942,26.53540376,356.4787234,299.9893617,0.452380952,1,405,0,0,0,0,0,0
911801,417,0.336448598,0.186915888,0.140186916,0.037383178,0.009345794,0.130841121,0.672897196,1.327102804,0.028037383,0.168224299,0.046728972,0.046728972,1.177570093,0.158878505,0.037383178,0.130841121,0.037383178,0.028037383,0.112149533,0,0.140186916,0.158878505,0.476635514,0.112149533,0.205607477,0.261682243,0.056074766,7.728971963,0.065420561,0.158878505,23042,107,0.756998953,0.938596491,0.636904762,1,36.083,14.58537215,9.530316832,34.99542775,811.7196262,298.5327103,0.29787234,1,425,0,0,0,0,0,0
911801,418,0.177142857,0.12,0.217142857,0.091428571,0.017142857,0.045714286,1.925714286,1.285714286,0.051428571,0.308571429,0.045714286,0.074285714,0.697142857,0.382857143,0.091428571,0.217142857,0.04,0.045714286,0.354285714,0.028571429,0.354285714,0.217142857,2.72,0.234285714,0.977142857,0.674285714,0.085714286,10.56571429,0.08,0.108571429,23097,175,0.849829998,0.799086758,0.541795666,1,58.255,22.51077465,11.86445907,58.4130779,386.1257143,299.0457143,0.472222222,2,402,412,0,0,0,0,0
911801,419,0.301075269,0.129032258,0.150537634,0.010752688,0.053763441,0.032258065,0.795698925,1.279569892,0.010752688,0.161290323,0.021505376,0.032258065,0.913978495,0.215053763,0.043010753,0.11827957,0.043010753,0.010752688,0.279569892,0,0.193548387,0.086021505,0.451612903,0.182795699,0.172043011,0.172043011,0.075268817,6.591397849,0.075268817,0.086021505,23153,93,0.696762219,0.958762887,0.715384615,1,32.601,12.93463854,9.278044358,24.04635665,622.6774194,300.344086,0.268292683,1,413,0,0,0,0,0,0
911801,420,0.204778157,0.119453925,0.245733788,0.040955631,0.017064846,0.037542662,0.491467577,0.675767918,0.023890785,0.293515358,0.013651877,0.017064846,0.689419795,0.153583618,0.085324232,0.150170648,0.04778157,0.013651877,0.266211604,0.006825939,0.368600683,0.139931741,0.730375427,0.160409556,0.177474403,0.324232082,0.04778157,4.720136519,0.044368601,0.054607509,23208,293,0.42695804,0.92721519,0.775132275,1,64.557,20.71763794,18.73436823,23.20396485,502.5017065,307.7610922,0.385542169,2,404,406,0,0,0,0,0
911801,421,0.221428571,0.042857143,0.185714286,0.05,0.021428571,0.035714286,0.421428571,0.828571429,0.035714286,0.157142857,0.021428571,0,0.478571429,0.228571429,0.05,0.057142857,0.014285714,0.028571429,0.192857143,0,0.235714286,0.207142857,0.721428571,0.178571429,0.242857143,0.392857143,0.028571429,6.021428571,0.057142857,0.05,23263,140,0.556529516,0.945945946,0.717948718,1,40.375,14.73322025,12.24076954,38.21607704,715.1571429,302.1785714,0.31372549,1,411,0,0,0,0,0,0
911801,422,0.299435028,0.146892655,0.169491525,0.039548023,0.011299435,0.028248588,0.553672316,0.892655367,0.011299435,0.129943503,0.033898305,0.028248588,1.18079096,0.186440678,0.073446328,0.118644068,0.039548023,0.011299435,0.169491525,0,0.231638418,0.101694915,0.502824859,0.107344633,0.175141243,0.203389831,0.056497175,4.711864407,0.04519774,0.050847458,23319,177,0.838659841,0.912371134,0.632142857,1,49.952,20.71142472,11.28059248,19.48244533,144.6271186,303.5084746,0.153846154,1,400,0,0,0,0,0,0
911801,423,0.293103448,0.034482759,0.137931034,0.051724138,0,0.017241379,0.5,0.5,0.017241379,0.137931034,0.017241379,0.068965517,0.931034483,0.086206897,0.017241379,0.086206897,0.086206897,0.034482759,0.275862069,0,0.310344828,0.137931034,0.327586207,0.103448276,0.086206897,0.293103448,0.034482759,5.379310345,0.086206897,0.017241379,23374,58,0.416588859,0.920634921,0.716049383,1,26.117,9.275393535,8.432213904,-13.85801848,587.9655172,304.2931034,0.677419355,2,424,428,0,0,0,0,0
911801,424,0.310679612,0.077669903,0.194174757,0.019417476,0.019417476,0.048543689,0.737864078,1.077669903,0.019417476,0.194174757,0.038834951,0.048543689,1.747572816,0.165048544,0.029126214,0.13592233,0.058252427,0.009708738,0.184466019,0.029126214,0.27184466,0.067961165,0.572815534,0.116504854,0.291262136,0.242718447,0.077669903,6.427184466,0.067961165,0.067961165,23429,103,0.609505664,0.944954128,0.72027972,1,35.487,13.12831195,10.40788564,-69.84061115,579.6407767,307.631068,0.522727273,2,423,428,0,0,0,0,0
911801,425,0.296296296,0.111111111,0.172839506,0.012345679,0.024691358,0.061728395,1.049382716,1.691358025,0.012345679,0.185185185,0.049382716,0.024691358,1.37037037,0.271604938,0.086419753,0.320987654,0.037037037,0.074074074,0.419753086,0.012345679,0.283950617,0.209876543,1.111111111,0.283950617,0.419753086,0.419753086,0.086419753,9.098765432,0.024691358,0.061728395,23484,81,0.388244097,0.931034483,0.736363636,1,29.607,10.68261043,9.844629884,15.95275244,810.9135802,308.2839506,0.552631579,2,417,442,0,0,0,0,0
911801,426,0.336842105,0.178947368,0.273684211,0.042105263,0.031578947,0.052631579,0.578947368,0.905263158,0.063157895,0.126315789,0.010526316,0.021052632,0.778947368,0.126315789,0.094736842,0.210526316,0.126315789,0.042105263,0.168421053,0,0.136842105,0.094736842,0.263157895,0.084210526,0.147368421,0.231578947,0.063157895,6.726315789,0.031578947,0.094736842,23540,95,0.666073914,0.931372549,0.730769231,1,33.461,12.89888713,9.621096003,-1.357330108,272.1157895,309.1473684,0.25,1,427,0,0,0,0,0,0
911801,427,0.223300971,0.106796117,0.378640777,0.077669903,0.029126214,0.097087379,0.611650485,1.048543689,0.009708738,0.097087379,0,0.038834951,0.601941748,0.242718447,0.048543689,0.13592233,0.029126214,0.019417476,0.262135922,0.009708738,0.174757282,0.087378641,0.281553398,0.252427184,0.203883495,0.203883495,0.058252427,6.650485437,0.106796117,0.029126214,23595,103,0.583913769,0.936363636,0.66025641,1,35.421,12.91453627,10.48422314,-53.27452037,283.7378641,310.1650485,0.244444444,1,426,0,0,0,0,0,0
911801,428,0.193277311,0.075630252,0.18487395,0.033613445,0,0.016806723,0.554621849,0.663865546,0.033613445,0.193277311,0.008403361,0.016806723,1.18487395,0.151260504,0.084033613,0.12605042,0.058823529,0.016806723,0.176470588,0,0.344537815,0.117647059,0.756302521,0.12605042,0.226890756,0.25210084,0.025210084,4.865546218,0.075630252,0.008403361,23650,119,0.886268386,0.888059701,0.53125,1,43.741,18.54460462,8.589342534,40.14004403,586.9747899,313.6302521,0.722222222,4,423,424,452,453,0,0,0
911801,429,0.201834862,0.110091743,0.201834862,0.009174312,0.055045872,0.036697248,0.486238532,1.211009174,0.04587156,0.256880734,0.04587156,0.018348624,0.972477064,0.183486239,0.055045872,0.110091743,0.018348624,0.04587156,0.19266055,0.009174312,0.220183486,0.137614679,0.293577982,0.183486239,0.220183486,0.19266055,0.04587156,5.908256881,0.073394495,0.064220183,23705,109,0.677603304,0.956140351,0.644970414,1,35.256,13.8366994,10.1758907,45.42923852,664.733945,310.9174312,0,0,0,0,0,0,0,0,0
911801,430,0.47311828,0.086021505,0.107526882,0.021505376,0.010752688,0.021505376,0.655913978,1.247311828,0.064516129,0.11827957,0.053763441,0.021505376,1.795698925,0.139784946,0.333333333,0.204301075,0.053763441,0.032258065,0.430107527,0.021505376,0.23655914,0.086021505,0.483870968,0.247311828,0.322580645,0.268817204,0.107526882,6.76344086,0.032258065,0.043010753,23761,93,0.539886347,0.96875,0.704545455,1,31.865,11.95164664,10.06015423,36.41775286,117.483871,312.2580645,0.285714286,1,445,0,0,0,0,0,0
911801,431,0.224489796,0.06122449,0.265306122,0,0,0.030612245,0.724489796,1.071428571,0.06122449,0.204081633,0.030612245,0.040816327,1.102040816,0.265306122,0.010204082,0.142857143,0.030612245,0.040816327,0.255102041,0,0.12244898,0.142857143,0.43877551,0.285714286,0.285714286,0.295918367,0.040816327,8.112244898,0.051020408,0.030612245,23816,98,0.771255608,0.907407407,0.593939394,1,35.992,14.36475261,9.143532191,-17.83329611,406.3163265,312.7040816,0.434782609,1,437,0,0,0,0,0,0
911801,432,0.23853211,0.174311927,0.311926606,0,0,0.027522936,0.798165138,1.174311927,0.009174312,0.174311927,0.018348624,0.018348624,1.036697248,0.23853211,0.027522936,0.211009174,0.036697248,0.036697248,0.220183486,0.027522936,0.183486239,0.073394495,0.403669725,0.128440367,0.211009174,0.229357798,0.018348624,6.458715596,0.064220183,0.064220183,23871,109,0.654859326,0.923728814,0.598901099,1,37.216,13.94153529,10.53632637,-35.25821067,726.3853211,314.412844,0,0,0,0,0,0,0,0,0
911801,433,0.202247191,0.08988764,0.202247191,0.033707865,0.02247191,0.04494382,0.876404494,1.696629213,0.02247191,0.168539326,0.02247191,0.02247191,1.449438202,0.235955056,0.056179775,0.224719101,0.033707865,0.02247191,0.213483146,0.011235955,0.224719101,0.112359551,0.426966292,0.247191011,0.213483146,0.359550562,0.134831461,7.719101124,0.056179775,0.033707865,23926,89,0.771746329,0.898989899,0.684615385,1,33.428,13.54866997,8.6160125,-17.62609286,350.5617978,314.0898876,0.525,2,435,440,0,0,0,0,0
911801,434,0.241758242,0.098901099,0.263736264,0.065934066,0,0,0.549450549,1.010989011,0.043956044,0.175824176,0.021978022,0,0.923076923,0.186813187,0.483516484,0.065934066,0.021978022,0.043956044,0.406593407,0,0.153846154,0.076923077,0.593406593,0.098901099,0.307692308,0.395604396,0.076923077,5.373626374,0.076923077,0.087912088,23982,91,0.605364771,0.93814433,0.689393939,1,31.865,12.16633813,9.683774611,27.44396832,423.3516484,314.9120879,0,0,0,0,0,0,0,0,0
911801,435,0.198675497,0.079470199,0.185430464,0.039735099,0.01986755,0.046357616,0.854304636,1.516556291,0.066225166,0.284768212,0.039735099,0.026490066,0.907284768,0.225165563,0.033112583,0.139072848,0.01986755,0.039735099,0.165562914,0.006622517,0.430463576,0.158940397,0.417218543,0.264900662,0.251655629,0.390728477,0.052980132,6.17218543,0.119205298,0.099337748,24037,151,0.579528168,0.94375,0.671111111,1,43.005,15.50209485,12.63346643,-34.60892589,338.4768212,315.7350993,0.37037037,2,433,440,0,0,0,0,0
911801,436,0.539215686,0.147058824,0.205882353,0.029411765,0.029411765,0.039215686,2.009803922,1.098039216,0.039215686,0.264705882,0.039215686,0.049019608,1.088235294,0.274509804,0.431372549,0.166666667,0.019607843,0.156862745,0.450980392,0.009803922,0.382352941,0.225490196,0.882352941,0.156862745,0.715686275,0.421568627,0.078431373,5.598039216,0.039215686,0.107843137,24092,102,0.73021369,0.944444444,0.653846154,1,34.685,13.95192567,9.532218305,-58.58511618,34.40196078,315.3333333,0,0,0,0,0,0,0,0,0
911801,437,0.2125,0.075,0.2375,0.0375,0,0.0875,0.6625,0.85,0.0375,0.2375,0.025,0.0125,0.875,0.125,0.0625,0.25,0.025,0.0125,0.1625,0.0125,0.375,0.1375,0.6625,0.2125,0.2125,0.4625,0.1,7.8625,0.1375,0.1125,24147,80,0.686974121,0.930232558,0.615384615,1,31.675,12.1133094,8.802522476,10.47509359,400.675,318.85,0.435897436,1,431,0,0,0,0,0,0
911801,438,0.291666667,0.145833333,0.291666667,0.052083333,0.052083333,0.072916667,0.572916667,1.4375,0.052083333,0.229166667,0.041666667,0.072916667,0.5,0.21875,0.03125,0.135416667,0.072916667,0.010416667,0.1875,0,0.333333333,0.083333333,0.489583333,0.197916667,0.21875,0.21875,0.083333333,8.135416667,0.0625,0.072916667,24203,96,0.839954126,0.79338843,0.64,1,40.4,16.10029794,8.736946015,-6.481918766,611.4166667,316.8229167,0.450980392,1,444,0,0,0,0,0,0
911801,439,0.191489362,0.085106383,0.20212766,0.053191489,0.042553191,0.042553191,0.670212766,1.308510638,0.063829787,0.29787234,0.042553191,0.021276596,1.14893617,0.180851064,0.042553191,0.14893617,0.074468085,0.021276596,0.212765957,0,0.35106383,0.170212766,0.372340426,0.14893617,0.180851064,0.361702128,0.106382979,6.340425532,0.063829787,0.053191489,24258,94,0.480132016,0.94,0.712121212,1,32.237,11.78908979,10.34134527,64.52713783,310.8297872,318.7446809,0.166666667,1,446,0,0,0,0,0,0
911801,440,0.129032258,0.080645161,0.258064516,0.016129032,0.016129032,0.016129032,0.596774194,0.951612903,0.032258065,0.241935484,0,0,1.048387097,0.096774194,0.048387097,0.177419355,0.016129032,0.016129032,0.161290323,0.016129032,0.258064516,0.112903226,0.467741935,0.080645161,0.177419355,0.532258065,0.096774194,6.870967742,0.112903226,0.080645161,24313,62,0.63591625,0.953846154,0.775,1,25.654,10.20733835,7.87759577,23.42070812,348.2903226,321.4193548,0.6875,2,433,435,0,0,0,0,0
911801,441,0.336283186,0.10619469,0.203539823,0.017699115,0.03539823,0.026548673,0.539823009,1.283185841,0.008849558,0.14159292,0.017699115,0.03539823,1.415929204,0.203539823,0.097345133,0.150442478,0.008849558,0.026548673,0.309734513,0,0.185840708,0.07079646,0.442477876,0.14159292,0.185840708,0.274336283,0.061946903,5.805309735,0.03539823,0.07079646,24368,113,0.427016264,0.941666667,0.724358974,1,35.33,12.72191741,11.50371677,85.67278801,644.3716814,319.8495575,0,0,0,0,0,0,0,0,0
911801,442,0.298701299,0.149350649,0.246753247,0.012987013,0.025974026,0.064935065,0.746753247,1.24025974,0.006493506,0.175324675,0.038961039,0.038961039,1.149350649,0.11038961,0.064935065,0.123376623,0.032467532,0.032467532,0.116883117,0,0.279220779,0.084415584,0.519480519,0.201298701,0.136363636,0.220779221,0.051948052,5.590909091,0.025974026,0.071428571,24424,154,0.543527169,0.944785276,0.6875,1,44.047,15.55523974,13.05693719,29.01117997,811.7012987,321.025974,0.428571429,2,425,464,0,0,0,0,0
911801,443,0.257142857,0.142857143,0.152380952,0.038095238,0.019047619,0.019047619,0.523809524,1.00952381,0.019047619,0.123809524,0.028571429,0.066666667,2.352380952,0.123809524,0.085714286,0.142857143,0.057142857,0.019047619,0.123809524,0,0.152380952,0.114285714,0.276190476,0.247619048,0.238095238,0.247619048,0.038095238,5.438095238,0.085714286,0.038095238,24479,105,0.789423323,0.972222222,0.777777778,1,35.388,14.9015096,9.147279456,10.22893433,72.8952381,320.3904762,0.372093023,1,458,0,0,0,0,0,0
911801,444,0.328358209,0.268656716,0.149253731,0.029850746,0,0.029850746,0.746268657,1.611940299,0.029850746,0.268656716,0,0.044776119,0.686567164,0.119402985,0.089552239,0.194029851,0.044776119,0.059701493,0.208955224,0.014925373,0.149253731,0.059701493,0.447761194,0.089552239,0.328358209,0.23880597,0.074626866,8.955223881,0.059701493,0.119402985,24534,67,0.647822563,0.917808219,0.676767677,1,27.184,10.7386691,8.180624286,9.160095977,610.761194,323.1343284,0.638888889,1,438,0,0,0,0,0,0
911801,445,0.193548387,0.129032258,0.204301075,0.021505376,0.010752688,0,0.376344086,0.860215054,0.032258065,0.225806452,0.053763441,0.032258065,0.795698925,0.096774194,0.268817204,0.107526882,0.053763441,0.010752688,0.397849462,0.010752688,0.182795699,0.096774194,0.430107527,0.215053763,0.204301075,0.430107527,0.064516129,5.634408602,0.032258065,0.064516129,24589,93,0.664238331,0.958762887,0.794871795,1,32.485,12.66392473,9.466547928,4.166946253,114.7741935,321.9139785,0.307692308,1,430,0,0,0,0,0,0
911801,446,0.315315315,0.063063063,0.144144144,0.036036036,0.009009009,0.036036036,0.585585586,0.891891892,0.009009009,0.117117117,0,0.027027027,1.144144144,0.144144144,0.009009009,0.072072072,0.027027027,0.009009009,0.171171171,0,0.153153153,0.108108108,0.18018018,0.27027027,0.144144144,0.144144144,0.063063063,5.333333333,0.054054054,0.054054054,24645,111,0.643397159,0.932773109,0.656804734,1,36.364,13.78485061,10.55275194,-52.05643299,299.4684685,322.8918919,0.170212766,1,439,0,0,0,0,0,0
911801,447,0.290322581,0.053763441,0.344086022,0.021505376,0.010752688,0.053763441,0.548387097,1.11827957,0.032258065,0.129032258,0.010752688,0.010752688,0.752688172,0.258064516,0.021505376,0.150537634,0.032258065,0.053763441,0.204301075,0.010752688,0.182795699,0.086021505,0.634408602,0.225806452,0.215053763,0.150537634,0.021505376,6.408602151,0.129032258,0.021505376,24700,93,0.757743039,0.939393939,0.65034965,1,33.18,13.60028567,8.874907928,56.93412462,755.9569892,320.9354839,0.340909091,1,462,0,0,0,0,0,0
911801,448,0.25,0.048076923,0.240384615,0.028846154,0.019230769,0.038461538,0.596153846,1.326923077,0.019230769,0.115384615,0.038461538,0.067307692,1.25,0.096153846,0.057692308,0.163461538,0.009615385,0.038461538,0.211538462,0.019230769,0.192307692,0.153846154,0.769230769,0.153846154,0.25,0.336538462,0.067307692,7.365384615,0.028846154,0.105769231,24755,104,0.406260069,0.945454545,0.666666667,1,34.404,12.11796213,11.0728787,46.78467689,207.3076923,323.0192308,0,0,0,0,0,0,0,0,0
911801,449,0.168831169,0.103896104,0.246753247,0.064935065,0.051948052,0.038961039,0.831168831,1.246753247,0.051948052,0.181818182,0.025974026,0,0.909090909,0.194805195,0.038961039,0.194805195,0.090909091,0.077922078,0.233766234,0,0.12987013,0.181818182,0.480519481,0.181818182,0.25974026,0.298701299,0.012987013,7.636363636,0.064935065,0.012987013,24810,77,0.504265871,0.950617284,0.7,1,29.789,10.8871116,9.401548388,51.1308612,361.6233766,324.038961,0.432432432,1,451,0,0,0,0,0,0
911801,450,0.142857143,0.116883117,0.233766234,0.012987013,0.012987013,0.025974026,0.480519481,0.896103896,0.012987013,0.25974026,0.025974026,0.038961039,1.428571429,0.12987013,0.103896104,0.168831169,0.025974026,0.012987013,0.350649351,0,0.441558442,0.116883117,0.38961039,0.12987013,0.155844156,0.298701299,0,4.012987013,0.025974026,0.038961039,24866,77,0.685746657,0.927710843,0.641666667,1,30.368,11.87461702,8.642824977,75.16082039,708,324.2207792,0.487179487,1,454,0,0,0,0,0,0
911801,451,0.071428571,0.071428571,0.3,0,0,0.028571429,0.314285714,0.714285714,0.042857143,0.114285714,0,0.057142857,0.471428571,0.1,0.028571429,0.271428571,0.014285714,0,0.142857143,0.014285714,0.185714286,0.157142857,0.728571429,0.071428571,0.142857143,0.2,0.085714286,3.8,0.057142857,0.157142857,24921,70,0.473076358,0.921052632,0.7,1,27.738,10.25105613,9.031400129,51.38908666,369.3142857,325.8714286,0.472222222,1,449,0,0,0,0,0,0
911801,452,0.24,0.08,0.173333333,0.04,0,0.053333333,0.706666667,1.52,0.04,0.28,0.013333333,0.04,0.986666667,0.106666667,0.16,0.093333333,0.013333333,0.013333333,0.28,0.013333333,0.186666667,0.093333333,0.453333333,0.16,0.213333333,0.173333333,0.04,6.066666667,0,0.053333333,24976,75,0.489187115,0.925925926,0.75,1,28.565,10.6683069,9.304671769,53.6895061,589.0933333,325.56,0.416666667,2,428,453,0,0,0,0,0
911801,453,0.237623762,0.079207921,0.306930693,0.02970297,0.02970297,0.03960396,0.623762376,1.079207921,0.04950495,0.158415842,0.03960396,0.04950495,1.00990099,0.188118812,0.03960396,0.158415842,0.04950495,0.01980198,0.267326733,0,0.277227723,0.128712871,0.584158416,0.207920792,0.198019802,0.306930693,0.02970297,6.653465347,0.079207921,0.069306931,25031,101,0.527986081,0.935185185,0.706293706,1,34.47,12.47470153,10.59417799,84.45513147,580.2079208,325.9207921,0.488372093,2,428,452,0,0,0,0,0
911801,454,0.419047619,0.161904762,0.219047619,0.047619048,0.028571429,0.038095238,0.60952381,1.019047619,0.00952381,0.266666667,0.028571429,0.028571429,2.533333333,0.171428571,0.238095238,0.20952381,0.066666667,0.057142857,0.380952381,0,0.361904762,0.142857143,1.2,0.123809524,0.285714286,0.342857143,0.123809524,6.647619048,0.057142857,0.104761905,25087,105,0.719599957,0.875,0.625,1,39.151,14.63933598,10.16539195,-89.87861771,715.5904762,326.9428571,0.791666667,2,450,455,0,0,0,0,0
911801,455,0.615384615,0.076923077,0.138461538,0.046153846,0.030769231,0.061538462,0.876923077,0.969230769,0.015384615,0.184615385,0.015384615,0.076923077,2.153846154,0.323076923,0.215384615,0.061538462,0.061538462,0.046153846,0.384615385,0.046153846,0.2,0.123076923,2.846153846,0.169230769,0.092307692,0.461538462,0.061538462,6.676923077,0.030769231,0.015384615,25142,65,0.539746963,0.915492958,0.722222222,1,26.787,10.07578991,8.482075089,77.08822585,722.9538462,326.2769231,0.529411765,1,454,0,0,0,0,0,0
911801,456,0.237113402,0.103092784,0.175257732,0.010309278,0.051546392,0.072164948,0.608247423,1.164948454,0.020618557,0.18556701,0.051546392,0.030927835,1.051546392,0.195876289,0.082474227,0.12371134,0.010309278,0,0.092783505,0,0.24742268,0.06185567,0.474226804,0.175257732,0.175257732,0.24742268,0.030927835,7.092783505,0.030927835,0.082474227,25197,97,0.657468879,0.941747573,0.673611111,1,32.998,12.92689847,9.740181444,51.07611168,15.55670103,326.4639175,0,0,0,0,0,0,0,0,0
911801,457,0.24,0.133333333,0.306666667,0.026666667,0.066666667,0.04,3.386666667,1.226666667,0.04,0.133333333,0.053333333,0.026666667,0.72,0.293333333,0.293333333,0.186666667,0.026666667,0.026666667,0.36,0.026666667,0.266666667,0.133333333,0.866666667,0.213333333,0.466666667,0.333333333,0.053333333,8.4,0.08,0.133333333,25253,75,0.565786833,0.925925926,0.757575758,1,28.565,10.85954637,8.954255803,-15.82467995,43.18666667,326.8266667,0.444444444,1,465,0,0,0,0,0,0
911801,458,0.261363636,0.102272727,0.329545455,0.011363636,0.034090909,0.045454545,0.306818182,0.681818182,0.011363636,0.215909091,0.011363636,0.056818182,1.636363636,0.204545455,0.022727273,0.068181818,0.022727273,0.011363636,0.261363636,0.011363636,0.295454545,0.113636364,0.261363636,0.136363636,0.204545455,0.340909091,0.068181818,5.670454545,0.034090909,0.079545455,25308,88,0.675055736,0.967032967,0.814814815,1,31.261,12.50454791,9.22543947,2.823887503,71.44318182,328.4431818,0.421052632,1,443,0,0,0,0,0,0
911801,459,0.14953271,0.121495327,0.186915888,0.018691589,0,0.018691589,0.785046729,1.093457944,0.056074766,0.242990654,0.028037383,0.046728972,0.738317757,0.196261682,0.14953271,0.130841121,0.037383178,0.018691589,0.186915888,0.018691589,0.186915888,0.093457944,0.448598131,0.214953271,0.130841121,0.38317757,0.056074766,8.289719626,0.102803738,0.102803738,25363,107,0.538810086,0.946902655,0.685897436,1,34.495,12.79804193,10.78141941,-34.49611483,557.7009346,326.7009346,0,0,0,0,0,0,0,0,0
911801,460,0.282608696,0.108695652,0.195652174,0.043478261,0.010869565,0.086956522,0.652173913,0.945652174,0.02173913,0.239130435,0.032608696,0.02173913,0.847826087,0.141304348,0.043478261,0.076086957,0.054347826,0.010869565,0.173913043,0.010869565,0.184782609,0.152173913,0.434782609,0.184782609,0.206521739,0.217391304,0.043478261,6.260869565,0.032608696,0.086956522,25418,92,0.311255466,0.958333333,0.760330579,1,31.013,11.15921325,10.60489359,-45,682.8804348,328.8804348,0.225,1,467,0,0,0,0,0,0
911801,461,0.438271605,0.117283951,0.117283951,0.030864198,0.012345679,0.037037037,0.586419753,1.055555556,0.030864198,0.172839506,0.055555556,0.030864198,1.864197531,0.197530864,0.117283951,0.104938272,0.049382716,0.018518519,0.172839506,0.012345679,0.209876543,0.098765432,0.49382716,0.228395062,0.240740741,0.179012346,0.080246914,5.537037037,0.049382716,0.080246914,25474,162,0.662144463,0.885245902,0.635294118,1,49.1,17.27296113,12.94394622,30.92583709,154.1234568,330.3950617,0,0,0,0,0,0,0,0,0
911801,462,0.441860465,0.151162791,0.209302326,0.023255814,0.023255814,0.023255814,0.651162791,1.11627907,0.058139535,0.11627907,0.034883721,0.069767442,1.151162791,0.209302326,0.069767442,0.11627907,0.011627907,0.034883721,0.104651163,0,0.372093023,0.174418605,0.430232558,0.139534884,0.151162791,0.244186047,0.081395349,6.906976744,0.058139535,0.104651163,25529,86,0.495440976,0.945054945,0.716666667,1,30.732,11.32444621,9.836885145,-81.36468165,759.5930233,329.8604651,0.358974359,1,447,0,0,0,0,0,0
911801,463,0.18,0.07,0.39,0,0.11,0.02,0.69,1.05,0.03,0.27,0.06,0.07,1.11,0.13,0.01,0.23,0.04,0.02,0.21,0,0.39,0.2,0.9,0.2,0.24,0.27,0.06,6.43,0.08,0.15,25584,100,0.691614219,0.943396226,0.649350649,1,34.404,13.46326397,9.724072702,73.53356682,668.91,332.3,0.413043478,1,467,0,0,0,0,0,0
911801,464,0.3046875,0.078125,0.1484375,0.046875,0.015625,0.0390625,0.765625,1.09375,0.0390625,0.203125,0.03125,0.0390625,1.828125,0.234375,0.1015625,0.1171875,0.0234375,0.046875,0.1328125,0.0078125,0.1328125,0.078125,0.3203125,0.1328125,0.3515625,0.2578125,0.0625,4.90625,0.046875,0.0390625,25639,128,0.621203206,0.927536232,0.656410256,1,39.73,14.55245769,11.40402655,56.06745033,806.640625,333.4609375,0.28,1,442,0,0,0,0,0,0
911801,465,0.340659341,0.142857143,0.241758242,0.054945055,0.021978022,0.087912088,6.120879121,1.582417582,0.076923077,0.076923077,0.10989011,0.043956044,1.516483516,0.241758242,0.164835165,0.131868132,0.032967033,0.065934066,0.230769231,0.021978022,0.186813187,0.153846154,0.978021978,0.175824176,1.065934066,0.340659341,0.10989011,7.758241758,0.098901099,0.098901099,25695,91,0.737124886,0.928571429,0.65,1,33.825,13.37616446,9.03903063,-73.53270067,37.38461538,332.9340659,0.372093023,1,457,0,0,0,0,0,0
911801,466,0.198630137,0.075342466,0.219178082,0.034246575,0.020547945,0.034246575,0.376712329,0.869863014,0.020547945,0.109589041,0.01369863,0.020547945,1.047945205,0.082191781,0.02739726,0.116438356,0.082191781,0.04109589,0.157534247,0.006849315,0.171232877,0.068493151,0.315068493,0.157534247,0.095890411,0.287671233,0.04109589,4.815068493,0.020547945,0.02739726,25750,146,0.690214033,0.901234568,0.608333333,1,45.817,16.53868873,11.96748234,40.73282206,629.6438356,340.1164384,0.293103448,2,477,482,0,0,0,0,0
911801,467,0.208695652,0.104347826,0.226086957,0.026086957,0.008695652,0.052173913,0.469565217,0.982608696,0.026086957,0.191304348,0.026086957,0.008695652,0.6,0.147826087,0.034782609,0.130434783,0.017391304,0.026086957,0.182608696,0,0.2,0.095652174,0.886956522,0.2,0.191304348,0.252173913,0.069565217,6.147826087,0.043478261,0.086956522,25805,115,0.405764529,0.927419355,0.631868132,1,37.307,12.82924427,11.72564255,55.53969185,675.7913043,339.1304348,0.520833333,2,460,463,0,0,0,0,0
911801,468,0.155555556,0.077777778,0.166666667,0.044444444,0.011111111,0.044444444,0.722222222,1.4,0.033333333,0.233333333,0.011111111,0.077777778,0.666666667,0.1,0.077777778,0.155555556,0.044444444,0.044444444,0.222222222,0.011111111,0.166666667,0.111111111,0.488888889,0.177777778,0.266666667,0.188888889,0.055555556,5.933333333,0.066666667,0.088888889,25860,90,0.391505438,0.957446809,0.743801653,1,30.922,11.2255975,10.32952309,35.63150968,471.9222222,340.2222222,0,0,0,0,0,0,0,0,0
911801,469,0.123809524,0.180952381,0.2,0.028571429,0.019047619,0.019047619,0.666666667,1.066666667,0.076190476,0.142857143,0.00952381,0.019047619,1,0.180952381,0.038095238,0.095238095,0.019047619,0.00952381,0.133333333,0.00952381,0.152380952,0.076190476,0.428571429,0.142857143,0.285714286,0.2,0.019047619,6.276190476,0.085714286,0.085714286,25916,105,0.282909238,0.963302752,0.673076923,1,34.495,11.94966779,11.46148425,30.59141571,576.8285714,342.952381,0.377777778,2,472,481,0,0,0,0,0
911801,470,0.391891892,0.175675676,0.243243243,0.013513514,0.013513514,0.027027027,0.783783784,0.972972973,0.027027027,0.297297297,0.054054054,0.027027027,2.27027027,0.189189189,0.148648649,0.175675676,0.067567568,0.013513514,0.243243243,0.013513514,0.324324324,0.121621622,0.5,0.297297297,0.243243243,0.162162162,0.081081081,6.297297297,0.135135135,0.040540541,25971,74,0.674697169,0.925,0.616666667,1,29.897,11.47726371,8.471307075,-33.77682829,593.8108108,341.2972973,0.526315789,2,472,481,0,0,0,0,0
911801,471,0.449541284,0.119266055,0.229357798,0.027522936,0.018348624,0.110091743,0.623853211,1.064220183,0.018348624,0.23853211,0.027522936,0.027522936,1.266055046,0.275229358,0.119266055,0.165137615,0.064220183,0.04587156,0.229357798,0,0.201834862,0.082568807,0.422018349,0.110091743,0.220183486,0.201834862,0.055045872,8.137614679,0.018348624,0.073394495,26026,109,0.650857824,0.96460177,0.698717949,1,34.677,13.59273353,10.3195984,-38.80616916,18.12844037,343.6146789,0.152173913,1,489,0,0,0,0,0,0
911801,472,0.153846154,0.061538462,0.169230769,0.046153846,0.030769231,0.046153846,0.784615385,1,0.061538462,0.215384615,0.015384615,0.092307692,3.107692308,0.123076923,0.092307692,0.076923077,0.046153846,0.030769231,0.153846154,0.015384615,0.338461538,0.123076923,0.461538462,0.153846154,0.261538462,0.261538462,0.153846154,5.553846154,0.061538462,0.092307692,26081,65,0.870055187,0.878378378,0.580357143,1,32.105,13.98355399,6.893253482,-23.26606986,588.8307692,345.2923077,1,3,469,470,481,0,0,0,0
911801,473,0.300970874,0.145631068,0.184466019,0.048543689,0.058252427,0.087378641,0.796116505,1.106796117,0.029126214,0.242718447,0.029126214,0.048543689,0.951456311,0.203883495,0.029126214,0.194174757,0.048543689,0.029126214,0.252427184,0.009708738,0.174757282,0.13592233,0.378640777,0.13592233,0.203883495,0.262135922,0.038834951,6.54368932,0.048543689,0.087378641,26137,103,0.478369163,0.962616822,0.72027972,1,33.18,12.29149731,10.79388699,0,715,345.7475728,0,0,0,0,0,0,0,0,0
911801,474,0.401869159,0.158878505,0.261682243,0.046728972,0.037383178,0.046728972,1,1.411214953,0.018691589,0.112149533,0.028037383,0.018691589,1.23364486,0.177570093,0.037383178,0.093457944,0.009345794,0.056074766,0.205607477,0.009345794,0.261682243,0.177570093,0.401869159,0.14953271,0.168224299,0.271028037,0.037383178,7.38317757,0.046728972,0.102803738,26192,107,0.511630144,0.955357143,0.748251748,1,35.024,12.72444923,10.93292049,76.16657262,753.5327103,345.9439252,0.325581395,1,475,0,0,0,0,0,0
911801,475,0.319587629,0.020618557,0.18556701,0.072164948,0.010309278,0.020618557,0.422680412,0.989690722,0.030927835,0.082474227,0,0.072164948,0.628865979,0.092783505,0.010309278,0.134020619,0.010309278,0.072164948,0.144329897,0.020618557,0.18556701,0.041237113,0.381443299,0.226804124,0.092783505,0.237113402,0.051546392,4.030927835,0.051546392,0.06185567,26247,97,0.663217095,0.941747573,0.746153846,1,32.973,12.98922791,9.721489835,-78.69239029,762.9072165,347.2783505,0.333333333,1,474,0,0,0,0,0,0
911801,476,0.313131313,0.090909091,0.181818182,0.03030303,0.02020202,0.02020202,0.707070707,0.878787879,0.02020202,0.212121212,0.04040404,0.03030303,1.242424242,0.171717172,0.272727273,0.121212121,0.060606061,0.02020202,0.282828283,0.01010101,0.262626263,0.080808081,0.353535354,0.141414141,0.242424242,0.252525253,0.070707071,5.565656566,0.090909091,0.141414141,26302,99,0.620324973,0.908256881,0.642857143,1,35.785,12.99546532,10.192927,22.18958452,380.8080808,348.020202,0.409090909,1,484,0,0,0,0,0,0
911801,477,0.268292683,0.158536585,0.170731707,0.036585366,0.085365854,0.048780488,0.731707317,1.048780488,0.012195122,0.341463415,0.012195122,0.097560976,0.841463415,0.158536585,0.048780488,0.207317073,0.06097561,0.048780488,0.463414634,0,0.304878049,0.109756098,0.548780488,0.170731707,0.195121951,0.341463415,0.097560976,7.12195122,0.085365854,0.182926829,26358,82,0.784359176,0.854166667,0.532467532,1,35.686,13.89890704,8.621588307,26.15160069,620.0365854,348.6585366,0.704545455,3,466,482,497,0,0,0,0
911801,478,0.15625,0.109375,0.078125,0.125,0.015625,0.09375,0.5625,0.65625,0.0625,0.140625,0,0.046875,1.90625,0.09375,0.0625,0.09375,0.046875,0.03125,0.203125,0.015625,0.25,0.140625,0.328125,0.03125,0.1875,0.28125,0.046875,4.0625,0.03125,0.078125,26413,64,0.723110543,0.914285714,0.646464646,1,28.284,11.08318879,7.655516746,9.262101548,656.296875,349.9375,0.606060606,2,479,491,0,0,0,0,0
911801,479,0.301587302,0.126984127,0.142857143,0.015873016,0.015873016,0.031746032,0.53968254,0.523809524,0.015873016,0.285714286,0.031746032,0.031746032,0.888888889,0.063492063,0.015873016,0.126984127,0.031746032,0.015873016,0.317460317,0,0.158730159,0.047619048,0.222222222,0.142857143,0.206349206,0.222222222,0.031746032,4.555555556,0.031746032,0.015873016,26468,63,0.590972882,0.926470588,0.7,1,26.415,10.14119932,8.180818517,-62.8368647,665.0634921,349.8888889,0.545454545,2,478,491,0,0,0,0,0
911801,480,0.224489796,0.102040816,0.204081633,0.051020408,0.020408163,0.06122449,0.551020408,0.816326531,0.010204082,0.244897959,0,0.010204082,1.163265306,0.173469388,0.020408163,0.102040816,0.020408163,0.020408163,0.255102041,0,0.183673469,0.132653061,0.295918367,0.204081633,0.214285714,0.336734694,0.071428571,6.408163265,0.051020408,0.020408163,26523,98,0.648421394,0.907407407,0.7,1,35.785,13.13878928,10.00231871,-2.385752575,134.4693878,350.1632653,0.409090909,2,502,505,0,0,0,0,0
911801,481,0.210084034,0.092436975,0.210084034,0.033613445,0.058823529,0.016806723,0.68907563,1.12605042,0.042016807,0.302521008,0,0.042016807,2.352941176,0.18487395,0.050420168,0.218487395,0.050420168,0.016806723,0.378151261,0,0.386554622,0.168067227,0.453781513,0.201680672,0.193277311,0.31092437,0.075630252,7.176470588,0.075630252,0.117647059,26579,119,0.842784376,0.820689655,0.550925926,1,43.832,18.06983511,9.726112813,-11.80674533,586.8823529,351.0336134,0.571428571,3,469,470,472,0,0,0,0
911801,482,0.235294118,0.058823529,0.156862745,0.058823529,0,0.039215686,0.333333333,0.411764706,0.039215686,0.137254902,0,0.156862745,0.882352941,0.137254902,0.019607843,0.137254902,0,0.039215686,0.078431373,0,0.078431373,0.176470588,0.509803922,0.117647059,0.156862745,0.333333333,0.078431373,4.568627451,0.019607843,0.019607843,26634,51,0.886442436,0.894736842,0.53125,1,27.176,12.30965086,5.69738473,25.70707936,625.6666667,351.4509804,1,4,466,477,497,509,0,0,0
911801,483,0.489361702,0.14893617,0.361702128,0.031914894,0,0.042553191,1.010638298,1.680851064,0.042553191,0.244680851,0.021276596,0.021276596,1.617021277,0.170212766,0.095744681,0.20212766,0.021276596,0.031914894,0.20212766,0.042553191,0.223404255,0.180851064,0.712765957,0.212765957,0.361702128,0.255319149,0.127659574,9.106382979,0.053191489,0.117021277,26689,94,0.546638133,0.949494949,0.712121212,1,32.328,12.09526389,10.12819838,27.96967021,235.2021277,351.9148936,0.452380952,3,486,496,513,0,0,0,0
911801,484,0.213333333,0.56,0.44,0.013333333,0.04,0,0.4,1.013333333,0,0.16,0.053333333,0,0.786666667,0.146666667,0.093333333,0.173333333,0.066666667,0.04,0.226666667,0,0.173333333,0.16,0.36,0.186666667,0.173333333,0.253333333,0.146666667,4.786666667,0.066666667,0.026666667,26744,75,0.487521702,0.9375,0.681818182,1,28.681,10.59535514,9.250919742,37.85299474,386.96,353.8,0.486486486,1,476,0,0,0,0,0,0
911801,485,0.256756757,0.054054054,0.175675676,0.027027027,0.094594595,0,0.648648649,0.932432432,0.013513514,0.094594595,0,0.027027027,1.662162162,0.243243243,0.148648649,0.108108108,0.040540541,0.040540541,0.540540541,0,0.189189189,0.081081081,0.527027027,0.148648649,0.324324324,0.148648649,0.040540541,5.581081081,0.094594595,0.054054054,26800,74,0.670797202,0.925,0.616666667,1,30.269,11.52425729,8.546859693,1.409658959,482.1216216,351.3108108,0.432432432,1,503,0,0,0,0,0,0
911801,486,0.163636364,0.109090909,0.345454545,0,0.054545455,0,0.345454545,0.890909091,0.054545455,0.163636364,0.072727273,0.054545455,0.818181818,0.181818182,0.145454545,0.109090909,0,0.036363636,0.127272727,0.018181818,0.309090909,0.036363636,0.509090909,0.218181818,0.236363636,0.345454545,0.072727273,5.636363636,0.036363636,0.2,26855,55,0.719207624,0.859375,0.55,1,28.193,10.86494029,7.548908543,-39.70907502,226.5636364,352.3818182,0.882352941,4,483,496,499,513,0,0,0
911801,487,0.177570093,0.074766355,0.271028037,0.046728972,0.037383178,0.037383178,0.654205607,1.130841121,0.037383178,0.224299065,0.028037383,0.037383178,0.794392523,0.23364486,0.037383178,0.140186916,0.037383178,0.009345794,0.224299065,0.018691589,0.401869159,0.08411215,0.392523364,0.168224299,0.196261682,0.401869159,0.046728972,6.495327103,0.056074766,0.102803738,26910,107,0.469845509,0.930434783,0.633136095,1,35.711,12.57045201,11.09654967,-52.08214486,552.5327103,351.4018692,0.434782609,1,490,0,0,0,0,0,0
911801,488,0.19266055,0.073394495,0.247706422,0.018348624,0.04587156,0.018348624,0.724770642,0.917431193,0.091743119,0.137614679,0.04587156,0.04587156,0.688073394,0.183486239,0.04587156,0.155963303,0.027522936,0.018348624,0.302752294,0,0.247706422,0.155963303,0.80733945,0.211009174,0.266055046,0.385321101,0.064220183,8.055045872,0.073394495,0.137614679,26965,109,0.555952856,0.931623932,0.698717949,1,36.157,13.14444965,10.92584826,-25.3541783,702.5045872,354.440367,0.4,2,511,516,0,0,0,0,0
911801,489,0.206185567,0.103092784,0.18556701,0.030927835,0.010309278,0.030927835,0.463917526,0.93814433,0.051546392,0.154639175,0,0.010309278,1.030927835,0.175257732,0.072164948,0.103092784,0.030927835,0.051546392,0.164948454,0,0.134020619,0.103092784,0.360824742,0.144329897,0.134020619,0.371134021,0.051546392,6.154639175,0.020618557,0.082474227,27021,97,0.503120263,0.950980392,0.734848485,1,32.601,12.02712339,10.39403739,-69.56774267,14.55670103,355.4329897,0.658536585,3,471,493,512,0,0,0,0
911801,490,0.369863014,0.123287671,0.260273973,0.01369863,0,0.04109589,1.02739726,1.205479452,0.04109589,0.232876712,0.02739726,0.04109589,1.589041096,0.246575342,0.109589041,0.150684932,0.04109589,0.02739726,0.219178082,0,0.356164384,0.150684932,0.479452055,0.082191781,0.287671233,0.287671233,0.068493151,7.123287671,0.109589041,0.109589041,27076,73,0.726735441,0.901234568,0.608333333,1,30.732,12.16314552,8.355077045,-38.30334316,546.0273973,356.3013699,0.825,2,487,507,0,0,0,0,0
911801,491,0.206896552,0.034482759,0.155172414,0.034482759,0,0,0.24137931,0.413793103,0,0.344827586,0,0.034482759,0.689655172,0.120689655,0.086206897,0.034482759,0,0.051724138,0.155172414,0,0.206896552,0.017241379,0.155172414,0.206896552,0.172413793,0.155172414,0.051724138,2.672413793,0.034482759,0.086206897,27131,58,0.527380144,0.966666667,0.725,1,24.918,9.441386217,8.021679675,-9.971832367,659.8448276,356.2586207,0.870967742,3,478,479,515,0,0,0,0
911801,492,0.223404255,0.074468085,0.212765957,0.053191489,0.021276596,0.042553191,3.680851064,0.808510638,0.085106383,0.234042553,0.010638298,0.010638298,0.914893617,0.14893617,0.117021277,0.170212766,0.063829787,0.042553191,0.234042553,0.042553191,0.340425532,0.244680851,0.531914894,0.20212766,0.957446809,0.329787234,0.074468085,5.085106383,0.021276596,0.042553191,27187,94,0.666200563,0.969072165,0.723076923,1,32.601,12.79389839,9.541339203,-14.42319747,791.5425532,355.5106383,0.268292683,1,522,0,0,0,0,0,0
911801,493,0.101449275,0.101449275,0.304347826,0.057971014,0.014492754,0.028985507,0.31884058,0.724637681,0.057971014,0.130434783,0.057971014,0,0.492753623,0.115942029,0.420289855,0.101449275,0.028985507,0.043478261,0.608695652,0,0.202898551,0.173913043,2.68115942,0.101449275,0.231884058,0.304347826,0.028985507,4.811594203,0.014492754,0.101449275,27242,69,0.662393417,0.945205479,0.784090909,1,27.432,10.95638676,8.208044704,-77.71660433,5.550724638,356.6521739,0.323529412,1,489,0,0,0,0,0,0
911801,494,0.177777778,0.133333333,0.222222222,0.055555556,0.022222222,0.088888889,0.555555556,1.044444444,0.077777778,0.122222222,0.011111111,0.055555556,0.833333333,0.255555556,0.022222222,0.166666667,0.066666667,0.022222222,0.2,0,0.266666667,0.088888889,0.511111111,0.2,0.322222222,0.188888889,0.022222222,5.822222222,0.122222222,0.055555556,27297,90,0.449002958,0.947368421,0.681818182,1,31.592,11.42956271,10.21266026,22.29488735,355.3333333,355.8333333,0,0,0,0,0,0,0,0,0
911801,495,0.193548387,0.150537634,0.150537634,0.107526882,0.032258065,0.021505376,0.677419355,1.35483871,0.010752688,0.150537634,0.021505376,0.043010753,1.88172043,0.193548387,0.075268817,0.279569892,0.043010753,0.032258065,0.150537634,0.010752688,0.23655914,0.129032258,0.516129032,0.193548387,0.182795699,0.258064516,0.086021505,9.903225806,0.021505376,0.11827957,27352,93,0.66295381,0.93,0.645833333,1,33.643,12.76258982,9.554844328,47.2008289,529.0107527,353.4408602,0.488372093,2,507,508,0,0,0,0,0
911801,496,0.333333333,0.166666667,0.272727273,0.03030303,0.03030303,0.045454545,1.03030303,1.242424242,0.045454545,0.181818182,0.03030303,0.060606061,1.575757576,0.257575758,0.045454545,0.166666667,0.060606061,0.090909091,0.257575758,0.015151515,0.303030303,0.090909091,0.590909091,0.303030303,0.212121212,0.348484848,0.136363636,10.03030303,0.106060606,0.166666667,27408,66,0.481721896,0.929577465,0.6,1,28.673,10.20154589,8.939861028,19.23327741,224.3484848,358.6515152,1,5,483,486,499,513,519,0,0
911801,497,0.132075472,0.066037736,0.103773585,0.037735849,0.028301887,0.037735849,0.367924528,0.745283019,0.018867925,0.188679245,0.018867925,0.009433962,0.688679245,0.179245283,0.037735849,0.018867925,0.009433962,0,0.160377358,0.009433962,0.320754717,0.132075472,0.339622642,0.132075472,0.150943396,0.283018868,0.028301887,4.188679245,0.028301887,0.094339623,27463,106,0.325814202,0.890756303,0.582417582,1,38.051,12.37025601,11.69525838,15.00077576,628.4150943,358.0660377,0.6875,3,477,482,509,0,0,0,0
911801,498,0.2375,0.0625,0.3,0.05,0.0375,0.05,0.55,1.025,0.0125,0.15,0.025,0.0125,1.1,0.1375,0.05,0.2,0.0125,0.025,0.2375,0,0.325,0.1625,0.2875,0.1375,0.2,0.275,0.075,5.8125,0.025,0.125,27518,80,0.793303673,0.952380952,0.555555556,1,32.709,13.26949247,8.078814034,49.09868746,53.9,357.85,0.536585366,1,504,0,0,0,0,0,0
911801,499,0.352941176,0.098039216,0.147058824,0.009803922,0.009803922,0.019607843,0.519607843,0.529411765,0.068627451,0.117647059,0.019607843,0.019607843,1.352941176,0.117647059,0.049019608,0.049019608,0.039215686,0,0.078431373,0,0.205882353,0.098039216,0.196078431,0.107843137,0.078431373,0.196078431,0.039215686,2.480392157,0.029411765,0.009803922,27573,102,0.707385369,0.944444444,0.653846154,1,35.876,13.82918828,9.774858645,52.55253862,216.1666667,356.4411765,0.590909091,3,486,496,519,0,0,0,0
911801,500,0.265957447,0.095744681,0.170212766,0.042553191,0.031914894,0.021276596,0.521276596,0.691489362,0.021276596,0.159574468,0.053191489,0.031914894,2,0.223404255,0.085106383,0.14893617,0.074468085,0.021276596,0.265957447,0.021276596,0.308510638,0.138297872,0.414893617,0.223404255,0.223404255,0.329787234,0.053191489,5.872340426,0.053191489,0.053191489,27629,94,0.362684207,0.912621359,0.657342657,1,33.825,11.51791748,10.73368669,-88.51298024,503.6595745,356.4893617,0.5,1,506,0,0,0,0,0,0
911801,501,0.292682927,0.085365854,0.170731707,0.024390244,0.012195122,0.036585366,0.414634146,0.634146341,0.06097561,0.231707317,0.012195122,0,0.536585366,0.06097561,0.06097561,0.097560976,0,0.036585366,0.207317073,0,0.134146341,0.182926829,0.292682927,0.12195122,0.231707317,0.182926829,0.048780488,4.463414634,0.073170732,0.12195122,27684,82,0.599639915,0.931818182,0.569444444,1,31.692,11.63821055,9.313710019,50.31567443,676.6097561,358.0731707,0.634146341,2,510,515,0,0,0,0,0
911801,502,0.294117647,0.191176471,0.25,0.029411765,0.058823529,0.029411765,0.308823529,0.75,0.014705882,0.235294118,0.044117647,0.073529412,0.470588235,0.132352941,0.014705882,0.029411765,0.029411765,0.029411765,0.264705882,0,0.191176471,0.132352941,0.235294118,0.117647059,0.220588235,0.176470588,0.029411765,4.852941176,0.029411765,0.044117647,27739,68,0.638286559,0.931506849,0.755555556,1,28.813,10.83716402,8.342436398,-56.37622773,132.4117647,358.7941176,0.666666667,2,480,505,0,0,0,0,0
911801,503,0.43,0.095,0.205,0.045,0.03,0.035,1.235,1.035,0.07,0.135,0.03,0.015,1.625,0.46,0.03,0.17,0.015,0.07,0.18,0.01,0.315,0.065,0.615,0.18,0.57,0.215,0.06,5.46,0.045,0.085,27794,200,0.630740025,0.956937799,0.694444444,1,48.819,18.21293911,14.13313538,-23.27331908,476.845,360.54,0.285714286,1,485,0,0,0,0,0,0
911801,504,0.24,0.093333333,0.2,0.013333333,0,0.066666667,0.36,0.88,0.066666667,0.24,0.04,0.026666667,0.64,0.226666667,0.04,0.173333333,0.04,0.053333333,0.293333333,0.013333333,0.16,0.066666667,0.28,0.146666667,0.16,0.253333333,0.026666667,5.2,0.053333333,0.106666667,27850,75,0.857777409,0.903614458,0.568181818,1,31.675,14.04180172,7.217785435,48.94653428,58.64,361.9333333,0.547619048,1,498,0,0,0,0,0,0
911801,505,0.185185185,0.172839506,0.185185185,0.012345679,0,0.074074074,0.37037037,0.888888889,0.024691358,0.111111111,0.049382716,0,0.518518519,0.172839506,0.061728395,0.148148148,0.074074074,0.037037037,0.234567901,0,0.24691358,0.012345679,0.395061728,0.086419753,0.172839506,0.308641975,0.061728395,5.888888889,0.049382716,0.061728395,27905,81,0.626721194,0.9,0.675,1,31.377,11.87075836,9.250212157,-87.80916645,140.1975309,360.5185185,0.743589744,3,480,502,523,0,0,0,0
911801,506,0.285714286,0.090225564,0.180451128,0.045112782,0.015037594,0.045112782,0.578947368,0.77443609,0.015037594,0.218045113,0.015037594,0.007518797,2.789473684,0.157894737,0.067669173,0.135338346,0.022556391,0.037593985,0.172932331,0.007518797,0.37593985,0.195488722,0.308270677,0.187969925,0.203007519,0.368421053,0.052631579,5.383458647,0.067669173,0.045112782,27960,133,0.585568342,0.898648649,0.678571429,1,42.616,15.0243163,12.17905699,-61.08857036,495.1428571,360.0902256,0.377358491,1,500,0,0,0,0,0,0
911801,507,0.193181818,0.113636364,0.227272727,0.056818182,0,0.056818182,0.647727273,1.045454545,0,0.25,0.045454545,0.022727273,0.647727273,0.170454545,0.011363636,0.090909091,0.056818182,0.034090909,0.181818182,0,0.261363636,0.090909091,0.534090909,0.090909091,0.215909091,0.306818182,0.056818182,7.090909091,0.011363636,0.113636364,28015,88,0.58924836,0.946236559,0.666666667,1,31.865,11.90025973,9.614838176,51.28699167,537.7840909,361.1590909,0.780487805,3,490,495,508,0,0,0,0
911801,508,0.125925926,0.074074074,0.140740741,0.022222222,0.014814815,0.051851852,0.466666667,0.948148148,0.037037037,0.22962963,0.037037037,0.044444444,1.881481481,0.125925926,0.051851852,0.140740741,0.044444444,0.02962963,0.162962963,0,0.281481481,0.051851852,0.348148148,0.118518519,0.185185185,0.244444444,0.044444444,5.340740741,0.037037037,0.059259259,28071,135,0.656633469,0.695876289,0.529411765,1,58.735,18.15440945,13.69223431,-72.81488615,528.0740741,364.3555556,0.842105263,3,495,507,517,0,0,0,0
911801,509,0.142857143,0.038961039,0.155844156,0.012987013,0.012987013,0.064935065,0.363636364,0.935064935,0.077922078,0.090909091,0.051948052,0.038961039,0.909090909,0.116883117,0.038961039,0.12987013,0.077922078,0.025974026,0.077922078,0.025974026,0.220779221,0.025974026,0.38961039,0.220779221,0.194805195,0.194805195,0.051948052,5.493506494,0.090909091,0.051948052,28126,77,0.776952396,0.895348837,0.592307692,1,31.774,12.80301408,8.060257218,-70.09681431,621.8571429,363.4935065,0.5,2,482,497,0,0,0,0,0
911801,510,0.253521127,0.126760563,0.267605634,0.042253521,0.028169014,0.042253521,0.478873239,1.084507042,0.042253521,0.169014085,0.042253521,0.042253521,0.718309859,0.126760563,0.084507042,0.070422535,0.056338028,0.042253521,0.323943662,0,0.183098592,0.056338028,0.366197183,0.211267606,0.225352113,0.225352113,0.126760563,5.788732394,0.028169014,0.042253521,28181,71,0.195978982,1,0.87654321,1,28.052,9.773971375,9.584435464,90,685.4788732,362,0.90625,3,501,511,526,0,0,0,0
911801,511,0.22972973,0.175675676,0.081081081,0.054054054,0.027027027,0.013513514,0.527027027,0.864864865,0.040540541,0.148648649,0.054054054,0.013513514,0.702702703,0.175675676,0.148648649,0.202702703,0.040540541,0.040540541,0.202702703,0.013513514,0.256756757,0.108108108,0.608108108,0.351351351,0.202702703,0.405405405,0.067567568,7.486486486,0.040540541,0.013513514,28236,74,0.599338662,0.913580247,0.747474747,1,29.301,11.02003378,8.821488297,69.54783522,693.4594595,361.6486486,0.714285714,3,488,510,526,0,0,0,0
911801,512,0.428571429,0.133333333,0.228571429,0.028571429,0.038095238,0.057142857,0.714285714,0.99047619,0.028571429,0.219047619,0.047619048,0.028571429,0.961904762,0.152380952,0.057142857,0.142857143,0.047619048,0.066666667,0.247619048,0.019047619,0.19047619,0.142857143,2,0.228571429,0.2,0.295238095,0.047619048,7.085714286,0.028571429,0.066666667,28292,105,0.526623018,0.963302752,0.734265734,1,34.561,12.63169356,10.73818923,84.97598148,24.47619048,362.4666667,0.761904762,3,489,521,529,0,0,0,0
911801,513,0.25,0.076086957,0.239130435,0.043478261,0.043478261,0,0.673913043,0.880434783,0.02173913,0.130434783,0.02173913,0.010869565,1.989130435,0.108695652,0.065217391,0.239130435,0.043478261,0.043478261,0.25,0.02173913,0.184782609,0.097826087,0.27173913,0.130434783,0.239130435,0.239130435,0.152173913,5.434782609,0.032608696,0.054347826,28347,92,0.557736966,0.958333333,0.760330579,1,31.468,11.95260698,9.920876033,43.30152797,232.0652174,362.923913,0.475,4,483,486,496,519,0,0,0
911801,514,0.155737705,0.081967213,0.319672131,0.024590164,0.016393443,0.016393443,0.459016393,0.819672131,0.06557377,0.147540984,0.049180328,0.057377049,0.721311475,0.106557377,0.06557377,0.106557377,0.040983607,0.016393443,0.18852459,0.008196721,0.147540984,0.090163934,0.344262295,0.131147541,0.081967213,0.229508197,0.032786885,5.155737705,0.032786885,0.090163934,28402,122,0.715891815,0.945736434,0.677777778,1,38.142,15.07808302,10.52768675,25.82893272,374.8360656,363.2295082,0.04,1,531,0,0,0,0,0,0
911801,515,0.216216216,0.135135135,0.27027027,0.045045045,0.036036036,0.054054054,0.720720721,1.135135135,0.045045045,0.18018018,0.018018018,0.036036036,0.900900901,0.207207207,0.045045045,0.09009009,0.063063063,0.027027027,0.207207207,0,0.234234234,0.117117117,0.45045045,0.207207207,0.315315315,0.234234234,0.081081081,7.387387387,0.018018018,0.081081081,28457,111,0.726600461,0.925,0.672727273,1,37.869,14.53512293,9.986505017,12.68882557,666.5765766,363.6846847,0.520833333,2,491,501,0,0,0,0,0
911801,516,0.153846154,0.120879121,0.461538462,0.032967033,0.021978022,0.076923077,0.32967033,0.967032967,0.010989011,0.120879121,0,0.032967033,0.428571429,0.318681319,0.065934066,0.164835165,0.043956044,0.10989011,0.318681319,0,0.21978022,0.208791209,1.373626374,0.131868132,0.175824176,0.263736264,0.054945055,7.43956044,0.076923077,0.087912088,28513,91,0.691507999,0.928571429,0.7,1,32.146,12.76851864,9.223579522,-13.9735134,709.043956,364.2747253,0.238095238,1,488,0,0,0,0,0,0
911801,517,0.092592593,0.074074074,0.166666667,0.018518519,0.018518519,0.055555556,0.685185185,1.37037037,0,0.12962963,0.055555556,0,3.240740741,0.296296296,0.055555556,0.092592593,0.018518519,0.037037037,0.185185185,0,0.296296296,0.12962963,0.5,0.111111111,0.240740741,0.203703704,0.018518519,7.166666667,0.12962963,0,28568,54,0.6317333,0.947368421,0.675,1,25.191,9.734160721,7.545783248,-14.11546754,522.9259259,366.2962963,0.84375,1,508,0,0,0,0,0,0
911801,518,0.262626263,0.131313131,0.242424242,0.050505051,0.02020202,0.04040404,1.02020202,1.505050505,0.02020202,0.313131313,0.02020202,0.03030303,0.838383838,0.303030303,0.02020202,0.171717172,0.050505051,0.050505051,0.131313131,0.01010101,0.262626263,0.111111111,0.464646465,0.141414141,0.131313131,0.202020202,0.050505051,7.343434343,0.101010101,0.111111111,28623,99,0.662806998,0.942857143,0.642857143,1,34.123,13.11178049,9.817973784,20.90100131,736.4141414,365.6767677,0,0,0,0,0,0,0,0,0
911801,519,0.590277778,0.159722222,0.229166667,0.034722222,0.013888889,0.055555556,0.972222222,1.180555556,0.069444444,0.180555556,0.027777778,0.048611111,1.3125,0.277777778,0.055555556,0.173611111,0.048611111,0.055555556,0.305555556,0,0.361111111,0.131944444,0.569444444,0.25,0.347222222,0.333333333,0.069444444,8.451388889,0.034722222,0.083333333,28678,144,0.858526373,0.905660377,0.688995215,1,44.874,19.2311691,9.861155209,4.453228607,215.2083333,366.7638889,0.428571429,4,496,499,513,536,0,0,0
911801,520,0.195402299,0.137931034,0.344827586,0.011494253,0.011494253,0.091954023,0.770114943,1.045977011,0.011494253,0.195402299,0.011494253,0.057471264,0.896551724,0.183908046,0.091954023,0.252873563,0,0.022988506,0.505747126,0,0.24137931,0.149425287,0.379310345,0.206896552,0.206896552,0.310344828,0.08045977,6.724137931,0.034482759,0.034482759,28734,87,0.518724865,0.956043956,0.659090909,1,31.303,11.58414444,9.90376275,59.184228,430.1264368,366.0344828,0.380952381,1,527,0,0,0,0,0,0
911801,521,0.185873606,0.078066914,0.211895911,0.033457249,0.018587361,0.018587361,3.650557621,0.665427509,0.029739777,0.17472119,0.022304833,0.014869888,1.360594796,0.327137546,0.044609665,0.130111524,0.037174721,0.044609665,0.085501859,0.003717472,0.289962825,0.141263941,0.6133829,0.133828996,0.323420074,0.271375465,0.081784387,4.219330855,0.037174721,0.026022305,28789,269,0.85765616,0.953900709,0.768571429,1,60.86,25.9598667,13.3491761,-77.28136661,36.66914498,366.7063197,0.25,3,512,529,545,0,0,0,0
911801,522,0.35978836,0.142857143,0.17989418,0.031746032,0.026455026,0.063492063,3.423280423,1.026455026,0.074074074,0.259259259,0.042328042,0.031746032,0.989417989,0.322751323,0.169312169,0.169312169,0.052910053,0.08994709,0.238095238,0.015873016,0.486772487,0.301587302,0.814814815,0.338624339,1.518518519,0.417989418,0.074074074,5.925925926,0.121693122,0.08994709,28844,189,0.502382895,0.940298507,0.694852941,1,49.026,16.81240861,14.53676943,30.47685594,797.9417989,366.5132275,0.19047619,1,492,0,0,0,0,0,0
911801,523,0.209876543,0.12345679,0.135802469,0.037037037,0.024691358,0.037037037,0.518518519,1.271604938,0.049382716,0.333333333,0.024691358,0.049382716,1.049382716,0.160493827,0.024691358,0.209876543,0.012345679,0.024691358,0.074074074,0.024691358,0.271604938,0.160493827,0.432098765,0.197530864,0.234567901,0.259259259,0.049382716,5.283950617,0.024691358,0.098765432,28899,81,0.360405864,0.987804878,0.81,1,29.392,10.62095414,9.907179188,-33.08265836,142.8518519,369.4938272,0.694444444,2,505,525,0,0,0,0,0
911801,524,0.333333333,0.058823529,0.18627451,0.039215686,0.039215686,0.078431373,0.784313725,1.715686275,0.088235294,0.196078431,0.019607843,0.029411765,1.058823529,0.166666667,0,0.137254902,0.019607843,0.039215686,0.254901961,0,0.343137255,0.18627451,0.578431373,0.196078431,0.215686275,0.215686275,0.12745098,7.18627451,0.078431373,0.049019608,28955,102,0.77662411,0.944444444,0.607142857,1,35.628,14.5307895,9.153878321,30.7627178,609.5588235,371.1372549,0.326086957,1,533,0,0,0,0,0,0
911801,525,0.284313725,0.078431373,0.323529412,0.039215686,0.039215686,0.088235294,0.598039216,1.098039216,0,0.196078431,0.019607843,0.088235294,1.421568627,0.215686275,0.019607843,0.147058824,0.039215686,0.009803922,0.284313725,0.009803922,0.254901961,0.078431373,1.107843137,0.166666667,0.196078431,0.235294118,0.058823529,8.607843137,0.039215686,0.078431373,29010,102,0.485102651,0.944444444,0.653846154,1,34.768,12.32847496,10.78072386,-56.87506293,152.9313725,372.7647059,0.25,1,523,0,0,0,0,0,0
911801,526,0.368421053,0.078947368,0.263157895,0.061403509,0.043859649,0.052631579,0.587719298,0.921052632,0.026315789,0.131578947,0.043859649,0.00877193,0.850877193,0.166666667,0.070175439,0.149122807,0.061403509,0.026315789,0.359649123,0.00877193,0.219298246,0.035087719,0.51754386,0.122807018,0.236842105,0.342105263,0.052631579,5.701754386,0.035087719,0.096491228,29065,114,0.334561785,0.93442623,0.730769231,1,36.885,12.61019795,11.88352039,6.866252046,687.9473684,371.8245614,0.822222222,3,510,511,539,0,0,0,0
911801,527,0.201550388,0.062015504,0.248062016,0.03875969,0.031007752,0.023255814,0.488372093,0.620155039,0.031007752,0.217054264,0.054263566,0.03875969,0.604651163,0.19379845,0.062015504,0.178294574,0.031007752,0.007751938,0.465116279,0.023255814,0.224806202,0.108527132,0.356589147,0.139534884,0.11627907,0.403100775,0.100775194,4.697674419,0.046511628,0.054263566,29121,129,0.30647543,0.969924812,0.708791209,1,38.506,13.3050547,12.66479643,-17.1151935,422.1782946,372.751938,0.38,1,520,0,0,0,0,0,0
911801,528,0.25,0.145833333,0.229166667,0.104166667,0.010416667,0.03125,0.65625,1.0625,0.020833333,0.083333333,0.03125,0.020833333,1.916666667,0.166666667,0.041666667,0.125,0.041666667,0.072916667,0.135416667,0,0.15625,0.135416667,0.75,0.197916667,0.145833333,0.1875,0.0625,6.625,0.03125,0.0625,29176,96,0.463198199,0.96,0.8,1,33.8,11.98458814,10.62139781,81.0765073,13.91666667,372.8333333,0.357142857,1,529,0,0,0,0,0,0
911801,529,0.360465116,0.209302326,0.069767442,0.023255814,0.034883721,0.023255814,0.61627907,0.73255814,0.046511628,0.104651163,0.046511628,0.011627907,1.709302326,0.174418605,0.069767442,0.058139535,0.023255814,0.058139535,0.220930233,0,0.162790698,0.069767442,0.430232558,0.197674419,0.302325581,0.26744186,0.046511628,5.348837209,0.011627907,0.046511628,29231,86,0.494005062,0.934782609,0.781818182,1,31.352,11.38476108,9.898583285,61.87926906,22.90697674,373.2906977,0.648648649,3,512,521,528,0,0,0,0
911801,530,0.184782609,0.086956522,0.22826087,0.043478261,0.032608696,0.076086957,0.402173913,0.913043478,0.065217391,0.173913043,0.032608696,0.02173913,0.608695652,0.173913043,0.043478261,0.076086957,0.043478261,0.02173913,0.195652174,0,0.27173913,0.119565217,0.293478261,0.239130435,0.282608696,0.304347826,0.119565217,8.217391304,0.152173913,0.141304348,29286,92,0.55173929,0.948453608,0.766666667,1,31.567,11.92796178,9.948118601,-4.730338869,110.4456522,373.7934783,0,0,0,0,0,0,0,0,0
911801,531,0.119565217,0.086956522,0.217391304,0.043478261,0.010869565,0.02173913,0.847826087,1.173913043,0.032608696,0.217391304,0.010869565,0.065217391,1.652173913,0.239130435,0.032608696,0.141304348,0.032608696,0.02173913,0.22826087,0,0.206521739,0.02173913,0.456521739,0.130434783,0.195652174,0.25,0.076086957,6.804347826,0.043478261,0.086956522,29342,92,0.610843701,0.958333333,0.707692308,1,31.865,12.24197016,9.692594646,11.31470019,379.8804348,374.4673913,0.048780488,1,514,0,0,0,0,0,0
911801,532,0.242105263,0.073684211,0.252631579,0.042105263,0.010526316,0.042105263,0.515789474,1.073684211,0.031578947,0.189473684,0.042105263,0.031578947,0.894736842,0.136842105,0.021052632,0.136842105,0.052631579,0.042105263,0.189473684,0.031578947,0.221052632,0.147368421,0.768421053,0.252631579,0.273684211,0.273684211,0.084210526,6.852631579,0.063157895,0.094736842,29397,95,0.499589712,0.95,0.71969697,1,32.601,11.91220076,10.31908869,-70.1442179,485.3894737,375.7789474,0.146341463,1,543,0,0,0,0,0,0
911801,533,0.355555556,0.077777778,0.166666667,0.022222222,0.011111111,0.011111111,0.455555556,1.011111111,0.022222222,0.122222222,0.044444444,0.011111111,1.155555556,0.2,0.055555556,0.133333333,0.022222222,0.066666667,0.166666667,0.022222222,0.266666667,0.088888889,0.288888889,0.255555556,0.2,0.233333333,0.055555556,4.288888889,0.077777778,0.111111111,29452,90,0.636515355,0.9375,0.681818182,1,31.683,12.27982818,9.470989763,28.07070496,616.3555556,377.1777778,0.341463415,1,524,0,0,0,0,0,0
911801,534,0.201680672,0.134453782,0.193277311,0.025210084,0.025210084,0.016806723,0.336134454,0.672268908,0.042016807,0.193277311,0.050420168,0.033613445,0.714285714,0.058823529,0.067226891,0.159663866,0.008403361,0.025210084,0.277310924,0,0.193277311,0.100840336,0.12605042,0.134453782,0.176470588,0.285714286,0.075630252,5.31092437,0.100840336,0.016806723,29507,119,0.689915159,0.952,0.653846154,1,37.034,14.58423031,10.55738191,51.90335958,81.94957983,378.7310924,0.183673469,1,544,0,0,0,0,0,0
911801,535,0.240740741,0.12962963,0.287037037,0.064814815,0,0.037037037,0.601851852,1.083333333,0.018518519,0.388888889,0.027777778,0.055555556,0.712962963,0.148148148,0.037037037,0.083333333,0.027777778,0.037037037,0.148148148,0.009259259,0.296296296,0.12037037,0.453703704,0.212962963,0.222222222,0.277777778,0.046296296,6.990740741,0.037037037,0.092592593,29563,108,0.329092866,0.923076923,0.692307692,1,36.546,12.19823254,11.51876125,-53.79950062,200.0648148,378.8796296,0.244444444,1,536,0,0,0,0,0,0
911801,536,0.496350365,0.102189781,0.262773723,0.03649635,0.03649635,0.102189781,1.678832117,0.905109489,0.072992701,0.233576642,0.02919708,0.02919708,1.364963504,0.240875912,0.116788321,0.167883212,0.094890511,0.058394161,0.335766423,0.02189781,0.379562044,0.153284672,0.540145985,0.153284672,0.430656934,0.408759124,0.072992701,5.613138686,0.080291971,0.080291971,29618,137,0.371474238,0.958041958,0.81547619,1,41.268,13.93804171,12.9406809,78.5389837,211.9416058,380.9124088,0.693877551,4,519,535,537,556,0,0,0
911801,537,0.18487395,0.117647059,0.243697479,0.050420168,0.042016807,0.033613445,2.100840336,0.764705882,0.092436975,0.151260504,0.016806723,0.025210084,1.117647059,0.218487395,0.092436975,0.109243697,0.042016807,0.025210084,0.445378151,0,0.336134454,0.168067227,0.605042017,0.142857143,0.672268908,0.411764706,0.084033613,5.43697479,0.067226891,0.067226891,29673,119,0.812288855,0.820689655,0.61025641,1,47.727,17.31552891,10.09937507,54.14628014,222.6386555,379.8487395,0.803571429,3,536,538,556,0,0,0,0
911801,538,0.234567901,0.061728395,0.148148148,0.024691358,0.012345679,0.012345679,1.728395062,0.567901235,0.098765432,0.222222222,0.037037037,0.012345679,1.086419753,0.222222222,0.037037037,0.098765432,0.024691358,0.024691358,0.172839506,0,0.209876543,0.172839506,0.469135802,0.135802469,0.481481481,0.271604938,0.049382716,4.37037037,0.098765432,0.061728395,29728,81,0.713158579,0.91011236,0.736363636,1,32.485,12.36160846,8.665521397,33.02204128,231.5555556,379.5061728,0.487179487,1,537,0,0,0,0,0,0
911801,539,0.212903226,0.148387097,0.206451613,0.077419355,0.051612903,0.070967742,0.748387097,0.75483871,0.04516129,0.232258065,0.04516129,0.032258065,0.806451613,0.129032258,0.032258065,0.174193548,0.032258065,0.070967742,0.174193548,0.006451613,0.219354839,0.206451613,0.509677419,0.15483871,0.135483871,0.348387097,0.070967742,6.025806452,0.064516129,0.090322581,29784,155,0.825580237,0.880681818,0.627530364,1,49.373,19.4598927,10.98092056,8.397978903,685.5548387,381.6193548,0.612903226,2,526,547,0,0,0,0,0
911801,540,0.408333333,0.116666667,0.225,0.033333333,0.025,0.016666667,1.175,1.308333333,0.016666667,0.183333333,0.041666667,0.066666667,2.075,0.191666667,0.058333333,0.141666667,0.05,0.033333333,0.216666667,0.008333333,0.25,0.15,0.425,0.141666667,0.275,0.258333333,0.075,6.9,0.066666667,0.125,29839,120,0.575058493,0.94488189,0.714285714,1,38.787,13.83072219,11.3150839,76.07741971,250.05,386.3,0,0,0,0,0,0,0,0,0
911801,541,0.291262136,0.077669903,0.252427184,0.048543689,0.029126214,0.038834951,0.485436893,0.805825243,0.029126214,0.097087379,0.009708738,0.038834951,0.737864078,0.116504854,0.029126214,0.087378641,0.029126214,0.067961165,0.242718447,0.019417476,0.310679612,0.155339806,0.339805825,0.155339806,0.27184466,0.242718447,0.048543689,5.262135922,0.038834951,0.058252427,29894,103,0.780104321,0.919642857,0.686666667,1,36.521,14.77917565,9.24658329,70.87720746,98.94174757,386.5242718,0.318181818,1,544,0,0,0,0,0,0
911801,542,0.130841121,0.102803738,0.261682243,0.08411215,0.056074766,0.028037383,0.635514019,1.177570093,0.065420561,0.112149533,0.037383178,0.018691589,0.943925234,0.112149533,0.037383178,0.205607477,0.065420561,0.037383178,0.158878505,0.009345794,0.186915888,0.112149533,0.822429907,0.214953271,0.214953271,0.317757009,0.074766355,7.785046729,0.102803738,0.056074766,29949,107,0.62747829,0.946902655,0.748251748,1,34.751,13.32630541,10.37631525,13.78545487,499.1308411,384.9439252,0.272727273,1,566,0,0,0,0,0,0
911801,543,0.183673469,0.183673469,0.142857143,0.010204082,0.020408163,0.010204082,0.5,0.969387755,0.020408163,0.112244898,0,0.040816327,0.581632653,0.163265306,0.040816327,0.12244898,0.051020408,0.051020408,0.132653061,0,0.204081633,0.112244898,1.806122449,0.183673469,0.204081633,0.12244898,0.040816327,5.479591837,0.040816327,0.12244898,30005,98,0.42050124,0.933333333,0.628205128,1,34.123,11.87393734,10.77312793,-15.82005541,478.1734694,386.1734694,0.139534884,1,532,0,0,0,0,0,0
911801,544,0.305882353,0.058823529,0.105882353,0.047058824,0.023529412,0.047058824,0.305882353,0.717647059,0.023529412,0.2,0.047058824,0.035294118,1.023529412,0.117647059,0.011764706,0.223529412,0.035294118,0.035294118,0.235294118,0.011764706,0.4,0.105882353,0.235294118,0.129411765,0.164705882,0.247058824,0.023529412,5.117647059,0.117647059,0.023529412,30060,85,0.4839081,0.977011494,0.772727273,1,30.434,11.2472831,9.84270912,68.91501882,90.02352941,386.4117647,0.605263158,2,534,541,0,0,0,0,0
911801,546,0.23015873,0.03968254,0.134920635,0.015873016,0.023809524,0.047619048,0.420634921,0.69047619,0.007936508,0.198412698,0.031746032,0.03968254,2.277777778,0.142857143,0.03968254,0.119047619,0.055555556,0.031746032,0.150793651,0.015873016,0.285714286,0.079365079,0.277777778,0.126984127,0.142857143,0.325396825,0.087301587,4.293650794,0.071428571,0.047619048,30170,126,0.494101895,0.926470588,0.692307692,1,40.722,13.9727704,12.14798249,62.92029962,779.4761905,387.452381,0.387755102,1,549,0,0,0,0,0,0
911801,547,0.324675325,0.038961039,0.207792208,0.025974026,0.038961039,0.064935065,0.558441558,0.857142857,0.038961039,0.077922078,0,0.025974026,0.363636364,0.090909091,0.025974026,0.168831169,0.038961039,0.025974026,0.233766234,0.012987013,0.103896104,0.077922078,0.285714286,0.155844156,0.246753247,0.38961039,0.090909091,4.805194805,0.038961039,0.077922078,30226,77,0.610432235,0.974683544,0.777777778,1,28.929,11.25659494,8.915994114,-20.61144608,684.6623377,390.6103896,0.5,1,539,0,0,0,0,0,0
911801,548,0.245762712,0.093220339,0.220338983,0.025423729,0.050847458,0.042372881,0.423728814,0.737288136,0.016949153,0.144067797,0.025423729,0.059322034,0.898305085,0.177966102,0.008474576,0.152542373,0.008474576,0.059322034,0.152542373,0,0.220338983,0.144067797,0.305084746,0.152542373,0.169491525,0.296610169,0.025423729,5.584745763,0.084745763,0.025423729,30281,118,0.725386678,0.914728682,0.715151515,1,38.324,14.95438835,10.2937277,-10.62277582,625.9067797,391.2033898,0.571428571,2,561,565,0,0,0,0,0
911801,549,0.115942029,0.101449275,0.086956522,0.086956522,0.028985507,0.043478261,0.449275362,0.68115942,0.014492754,0.202898551,0.014492754,0.043478261,0.869565217,0.173913043,0.014492754,0.072463768,0.043478261,0.028985507,0.130434783,0.014492754,0.173913043,0.101449275,0.144927536,0.130434783,0.217391304,0.144927536,0.057971014,3.84057971,0.101449275,0.043478261,30336,69,0.630633331,0.896103896,0.69,1,28.474,10.827475,8.402996818,55.63765527,786.7536232,391.7246377,0.542857143,1,546,0,0,0,0,0,0
911801,551,0.237113402,0.216494845,0.288659794,0.020618557,0.010309278,0.051546392,0.804123711,1.257731959,0.020618557,0.18556701,0.051546392,0.041237113,0.773195876,0.175257732,0.051546392,0.237113402,0.020618557,0.010309278,0.206185567,0.010309278,0.195876289,0.12371134,0.463917526,0.175257732,0.288659794,0.257731959,0.030927835,8.886597938,0.092783505,0.103092784,30447,97,0.581905922,0.96039604,0.746153846,1,32.601,12.39392642,10.07943637,0.918007383,534.6804124,393.2886598,0,0,0,0,0,0,0,0,0
911801,552,0.242857143,0.128571429,0.228571429,0.028571429,0.057142857,0.028571429,1.114285714,1.142857143,0.042857143,0.285714286,0.028571429,0.042857143,0.985714286,0.142857143,0.3,0.171428571,0,0.014285714,0.4,0,0.2,0.028571429,0.457142857,0.185714286,0.185714286,0.3,0.071428571,6.314285714,0.042857143,0.042857143,30502,70,0.772218137,0.833333333,0.538461538,1,32.229,12.5001327,7.942053025,-6.406182424,557.7,392.2,0.487179487,3,560,564,567,0,0,0,0
911801,553,0.240384615,0.086538462,0.144230769,0.038461538,0.038461538,0.048076923,0.509615385,0.826923077,0.009615385,0.125,0.086538462,0.019230769,1,0.163461538,0.028846154,0.096153846,0.038461538,0.067307692,0.25,0.019230769,0.211538462,0.086538462,0.384615385,0.105769231,0.153846154,0.384615385,0.028846154,6.673076923,0.057692308,0.105769231,30557,104,0.708039143,0.928571429,0.615384615,1,36.265,13.93815391,9.842750592,48.86173142,350.4038462,392.6346154,0.304347826,1,573,0,0,0,0,0,0
911801,554,0.109375,0.078125,0.109375,0.046875,0.015625,0.046875,0.640625,1.1796875,0.0234375,0.140625,0.0546875,0.046875,0.65625,0.1875,0.03125,0.1796875,0.046875,0.0078125,0.1796875,0.0078125,0.234375,0.1171875,0.375,0.1328125,0.28125,0.21875,0.046875,5.9375,0.0859375,0.078125,30612,128,0.715245706,0.955223881,0.711111111,1,38.233,15.36652486,10.73925054,26.10211718,728.7890625,395.4140625,0,0,0,0,0,0,0,0,0
911801,555,0.272727273,0.103896104,0.181818182,0.058441558,0.019480519,0.045454545,6.168831169,0.915584416,0.077922078,0.233766234,0.032467532,0.012987013,0.779220779,0.279220779,0.077922078,0.194805195,0.045454545,0.032467532,0.181818182,0.006493506,0.292207792,0.168831169,0.909090909,0.194805195,0.818181818,0.558441558,0.097402597,6.207792208,0.064935065,0.084415584,30668,154,0.340970329,0.968553459,0.684444444,1,41.897,14.54984951,13.67793607,82.75504182,197.6363636,395.7207792,0,0,0,0,0,0,0,0,0
911801,556,0.454545455,0.121212121,0.101010101,0.01010101,0.03030303,0.060606061,1.313131313,1.191919192,0.090909091,0.121212121,0.01010101,0.090909091,1.282828283,0.191919192,0.181818182,0.212121212,0.070707071,0.060606061,0.434343434,0,0.444444444,0.090909091,0.555555556,0.151515152,1.868686869,0.454545455,0.080808081,9.181818182,0.03030303,0.151515152,30723,99,0.590347061,0.951923077,0.75,1,32.973,12.58042542,10.15428434,31.45734956,219.2828283,394.7474747,0.119047619,2,536,537,0,0,0,0,0
911801,557,0.3125,0.151785714,0.3125,0.035714286,0.017857143,0.053571429,0.866071429,1.473214286,0.017857143,0.196428571,0.026785714,0.071428571,1.303571429,0.223214286,0.473214286,0.241071429,0.044642857,0.026785714,0.383928571,0,0.25,0.0625,0.75,0.169642857,0.3125,0.303571429,0.080357143,7.107142857,0.080357143,0.151785714,30778,112,0.662678322,0.949152542,0.727272727,1,35.884,13.91739769,10.42279703,16.24663376,168.4732143,395.3571429,0,0,0,0,0,0,0,0,0
911801,558,0.319148936,0.085106383,0.159574468,0.053191489,0.042553191,0.021276596,0.680851064,1.29787234,0.010638298,0.234042553,0.031914894,0.010638298,0.776595745,0.20212766,0.063829787,0.255319149,0.010638298,0.053191489,0.223404255,0.010638298,0.382978723,0.095744681,0.329787234,0.234042553,0.20212766,0.319148936,0.106382979,7.531914894,0.053191489,0.138297872,30833,94,0.497332626,0.930693069,0.652777778,1,33.552,11.96806359,10.3830126,56.37030467,268.7553191,394.9574468,0.418604651,1,563,0,0,0,0,0,0
911801,559,0.316831683,0.089108911,0.287128713,0.059405941,0.01980198,0.059405941,0.792079208,1.415841584,0.01980198,0.148514851,0.03960396,0.00990099,1.495049505,0.188118812,0.03960396,0.148514851,0.079207921,0.069306931,0.267326733,0,0.287128713,0.138613861,0.386138614,0.168316832,0.237623762,0.277227723,0.069306931,8,0.03960396,0.128712871,30889,101,0.43790318,0.943925234,0.701388889,1,33.552,12.10591189,10.88348279,35.56308719,438.4257426,396.7425743,0,0,0,0,0,0,0,0,0
911801,560,0.163934426,0.081967213,0.262295082,0.049180328,0.06557377,0.081967213,0.704918033,1.114754098,0.032786885,0.278688525,0,0,0.93442623,0.213114754,0.081967213,0.131147541,0.032786885,0.06557377,0.163934426,0.016393443,0.295081967,0.06557377,0.590163934,0.213114754,0.213114754,0.245901639,0.06557377,7.868852459,0.049180328,0.032786885,30944,61,0.696172669,0.924242424,0.616161616,1,27.912,10.82346597,7.769888843,-30.06512581,555.5245902,398.0983607,0.882352941,3,552,564,567,0,0,0,0
911801,561,0.13368984,0.106951872,0.139037433,0.026737968,0.032085561,0.016042781,1.721925134,0.711229947,0.021390374,0.245989305,0.037433155,0.016042781,1.016042781,0.20855615,0.14973262,0.14973262,0.042780749,0.042780749,0.326203209,0.021390374,0.299465241,0.139037433,0.438502674,0.165775401,0.502673797,0.352941176,0.080213904,3.930481283,0.042780749,0.048128342,30999,187,0.5126742,0.925742574,0.6875,1,49.282,16.8779446,14.49112021,-15.22709162,613.8823529,396.8074866,0.451612903,2,548,578,0,0,0,0,0
911801,562,0.16,0.08,0.266666667,0.053333333,0.04,0.053333333,0.6,1.16,0.013333333,0.133333333,0.066666667,0.04,0.746666667,0.026666667,0.013333333,0.133333333,0.026666667,0.026666667,0.24,0.013333333,0.28,0.12,0.32,0.133333333,0.12,0.373333333,0.093333333,7.12,0.04,0.106666667,31055,75,0.706870804,0.852272727,0.568181818,1,31.766,12.14222524,8.588714142,-68.62817366,575.1866667,396.9866667,0.461538462,1,564,0,0,0,0,0,0
911801,563,0.355263158,0.144736842,0.276315789,0.052631579,0.026315789,0.052631579,0.644736842,1.118421053,0.092105263,0.184210526,0.013157895,0.052631579,1.171052632,0.210526316,0.026315789,0.184210526,0.065789474,0.039473684,0.210526316,0.013157895,0.263157895,0.118421053,0.460526316,0.118421053,0.078947368,0.236842105,0.039473684,7.710526316,0.026315789,0.078947368,31110,76,0.3566779,0.926829268,0.628099174,1,30.087,10.45089926,9.763516671,71.37658094,260.7763158,399.2368421,0.743589744,2,558,579,0,0,0,0,0
911801,564,0.135802469,0.111111111,0.185185185,0.024691358,0.012345679,0.024691358,0.345679012,0.765432099,0.024691358,0.234567901,0,0.012345679,1.061728395,0.135802469,0.049382716,0.259259259,0.049382716,0.012345679,0.382716049,0.012345679,0.209876543,0.12345679,0.75308642,0.098765432,0.395061728,0.50617284,0.061728395,6.271604938,0.086419753,0.148148148,31165,81,0.500969447,0.931034483,0.613636364,1,31.857,11.0954693,9.602739999,-69.40405947,568.2098765,399.617284,0.578947368,3,552,560,562,0,0,0,0
911801,565,0.255474453,0.197080292,0.277372263,0.109489051,0.02919708,0.072992701,0.532846715,0.97810219,0.00729927,0.291970803,0.02189781,0.02189781,0.598540146,0.233576642,0.065693431,0.175182482,0.03649635,0.058394161,0.357664234,0,0.299270073,0.167883212,0.503649635,0.182481752,0.182481752,0.277372263,0.058394161,8.357664234,0.109489051,0.124087591,31220,137,0.728931246,0.919463087,0.658653846,1,41.988,16.26102665,11.132086,61.19280212,637.270073,396.8905109,0.636363636,3,548,576,582,0,0,0,0
911801,566,0.154411765,0.080882353,0.272058824,0,0.022058824,0.036764706,0.345588235,0.654411765,0.036764706,0.110294118,0.022058824,0.022058824,0.610294118,0.176470588,0.044117647,0.102941176,0.036764706,0.029411765,0.286764706,0.007352941,0.176470588,0.110294118,0.757352941,0.058823529,0.154411765,0.257352941,0.036764706,5.75,0.036764706,0.051470588,31276,136,0.845221625,0.900662252,0.566666667,1,43.584,18.48132161,9.876712996,-51.94964417,507.3235294,396.5073529,0.551724138,2,542,570,0,0,0,0,0
911801,567,0.308641975,0.049382716,0.148148148,0.024691358,0.024691358,0.037037037,0.543209877,0.913580247,0.024691358,0.086419753,0.049382716,0.024691358,1.074074074,0.197530864,0.049382716,0.148148148,0.049382716,0,0.160493827,0.012345679,0.148148148,0.111111111,0.469135802,0.135802469,0.098765432,0.197530864,0.012345679,5.740740741,0.024691358,0.037037037,31331,81,0.591655741,0.941860465,0.623076923,1,31.402,11.54142578,9.304590408,0.494448419,547.8271605,400.9259259,0.425,2,552,560,0,0,0,0,0
911801,568,0.356321839,0.057471264,0.172413793,0.022988506,0.022988506,0.057471264,0.643678161,1.011494253,0.045977011,0.114942529,0.034482759,0.022988506,1.563218391,0.045977011,0.103448276,0.103448276,0.022988506,0.068965517,0.183908046,0.022988506,0.218390805,0.149425287,0.275862069,0.045977011,0.16091954,0.298850575,0.068965517,5.747126437,0.068965517,0.103448276,31386,87,0.272474676,0.945652174,0.719008264,1,30.277,10.8044727,10.39566337,-23.82461365,770.954023,400.1034483,0.125,1,585,0,0,0,0,0,0
911801,569,0.333333333,0.076923077,0.294871795,0.064102564,0.115384615,0,0.794871795,1.346153846,0.038461538,0.230769231,0,0.038461538,1.820512821,0.243589744,0.08974359,0.128205128,0.038461538,0.012820513,0.102564103,0.012820513,0.179487179,0.128205128,0.435897436,0.243589744,0.282051282,0.166666667,0.025641026,7.051282051,0.038461538,0.102564103,31441,78,0.23500239,0.906976744,0.644628099,1,31.187,10.36683296,10.07650765,71.34417941,143.474359,400.6153846,0.710526316,2,572,581,0,0,0,0,0
911801,570,0.220183486,0.119266055,0.137614679,0.082568807,0.009174312,0.04587156,0.532110092,0.981651376,0.04587156,0.19266055,0.036697248,0.027522936,0.697247706,0.165137615,0.055045872,0.082568807,0.064220183,0.009174312,0.247706422,0,0.266055046,0.073394495,0.376146789,0.146788991,0.348623853,0.495412844,0.064220183,6.266055046,0.073394495,0.04587156,31497,109,0.660239039,0.947826087,0.698717949,1,35.603,13.72829255,10.31071006,-55.79414397,500.6055046,401.9816514,0.434782609,1,566,0,0,0,0,0,0
911801,571,0.147368421,0.105263158,0.189473684,0.010526316,0.052631579,0.042105263,0.526315789,0.936842105,0,0.242105263,0,0.052631579,0.915789474,0.136842105,0.105263158,0.136842105,0.042105263,0.063157895,0.252631579,0.010526316,0.210526316,0.105263158,0.242105263,0.126315789,0.231578947,0.252631579,0.094736842,5,0.010526316,0.115789474,31552,95,0.604474469,0.940594059,0.659722222,1,32.717,12.44182453,9.911462418,49.56641807,707.1578947,401.2526316,0,0,0,0,0,0,0,0,0
911801,572,0.164383562,0.095890411,0.315068493,0.01369863,0.04109589,0.01369863,0.452054795,1.04109589,0.02739726,0.232876712,0.02739726,0.068493151,0.98630137,0.246575342,0.191780822,0.191780822,0.02739726,0.04109589,0.328767123,0,0.273972603,0.164383562,0.301369863,0.328767123,0.136986301,0.383561644,0.082191781,7.589041096,0.054794521,0.109589041,31607,73,0.726000558,0.9125,0.608333333,1,30.178,11.93794776,8.209656364,-68.49449875,136.3972603,403.4520548,0.58974359,2,569,581,0,0,0,0,0
911801,573,0.316326531,0.112244898,0.06122449,0.020408163,0.010204082,0.091836735,0.979591837,0.928571429,0.020408163,0.244897959,0.030612245,0.153061224,1.132653061,0.091836735,0.071428571,0.132653061,0.040816327,0.010204082,0.102040816,0,0.469387755,0.12244898,0.43877551,0.173469388,0.163265306,0.244897959,0.06122449,6.142857143,0.091836735,0.12244898,31662,98,0.698738414,0.942307692,0.753846154,1,33.527,13.34157861,9.544261993,-16.16411778,347.6938776,402.377551,0.333333333,1,553,0,0,0,0,0,0
911801,574,0.291866029,0.071770335,0.110047847,0.033492823,0.014354067,0.033492823,1.799043062,0.5215311,0.052631579,0.14354067,0.014354067,0.009569378,1,0.224880383,0.057416268,0.138755981,0.043062201,0.04784689,0.100478469,0.004784689,0.205741627,0.086124402,0.61722488,0.105263158,0.186602871,0.220095694,0.062200957,2.71291866,0.019138756,0.043062201,31718,209,0.761501246,0.945701357,0.696666667,1,51.515,20.47085699,13.2684612,-75.27617085,42.784689,404.2727273,0.742424242,6,545,550,586,587,594,595,0
911801,575,0.273584906,0.094339623,0.20754717,0.018867925,0.056603774,0.009433962,2.990566038,0.962264151,0.037735849,0.141509434,0.028301887,0.018867925,0.867924528,0.122641509,0.132075472,0.226415094,0.018867925,0.028301887,0.103773585,0,0.330188679,0.103773585,0.613207547,0.103773585,1.198113208,0.320754717,0.075471698,5.613207547,0.037735849,0.066037736,31773,106,0.68425167,0.92173913,0.688311688,1,35.512,13.72258917,10.00714254,-5.997708535,370.6981132,402.990566,0,0,0,0,0,0,0,0,0
911801,576,0.197530864,0.111111111,0.407407407,0.037037037,0.012345679,0.049382716,0.333333333,1.234567901,0.037037037,0.259259259,0.012345679,0.037037037,0.604938272,0.234567901,0.037037037,0.160493827,0.024691358,0.074074074,0.358024691,0.024691358,0.234567901,0.135802469,0.271604938,0.148148148,0.098765432,0.358024691,0.111111111,7.024691358,0.037037037,0.197530864,31828,81,0.633184092,0.952941176,0.623076923,1,31.758,11.84506955,9.168098415,83.68198177,628.8148148,405.4567901,0.871794872,3,565,578,582,0,0,0,0
911801,577,0.1875,0.052083333,0.25,0.052083333,0.020833333,0.072916667,0.333333333,0.625,0.03125,0.15625,0.010416667,0.020833333,1.375,0.125,0.020833333,0.083333333,0.041666667,0,0.197916667,0.010416667,0.21875,0.0625,0.364583333,0.0625,0.15625,0.197916667,0.072916667,4.1875,0.03125,0.03125,31883,96,0.547549102,0.96,0.671328671,1,32.808,12.176105,10.18864266,12.82413442,90.21875,406.5104167,0,0,0,0,0,0,0,0,0
911801,578,0.230769231,0.166666667,0.179487179,0.038461538,0.051282051,0.038461538,1.282051282,0.948717949,0.051282051,0.115384615,0.025641026,0.025641026,0.974358974,0.153846154,0.051282051,0.102564103,0,0.038461538,0.269230769,0,0.217948718,0.102564103,0.448717949,0.217948718,0.307692308,0.243589744,0.115384615,5.128205128,0.076923077,0,31939,78,0.872026726,0.896551724,0.557142857,1,33.916,14.82916561,7.258257615,-71.67957797,622.5897436,408.3205128,0.642857143,2,561,576,0,0,0,0,0
911801,579,0.347826087,0.163043478,0.206521739,0.02173913,0.076086957,0.02173913,0.652173913,2.706521739,0.010869565,0.532608696,0.043478261,0,0.663043478,0.293478261,0.02173913,0.141304348,0.010869565,0.02173913,0.065217391,0,1.086956522,0.163043478,0.445652174,0.293478261,0.260869565,0.22826087,0.032608696,5.358695652,0.032608696,0.065217391,31994,92,0.484648631,0.93877551,0.696969697,1,31.683,11.64808302,10.18868218,78.47255303,252.6630435,405.3586957,0.292682927,1,563,0,0,0,0,0,0
911801,580,0.191919192,0.121212121,0.232323232,0.050505051,0.03030303,0.080808081,1.050505051,1.272727273,0.02020202,0.161616162,0.01010101,0.04040404,1.080808081,0.151515152,0.656565657,0.131313131,0.03030303,0.121212121,0.282828283,0,0.272727273,0.090909091,0.868686869,0.212121212,0.232323232,0.323232323,0.080808081,7.303030303,0.04040404,0.070707071,32049,99,0.601962658,0.933962264,0.692307692,1,33.552,12.65944248,10.10887166,71.36693838,313.8484848,405.7474747,0.23255814,1,583,0,0,0,0,0,0
911801,581,0.263157895,0.105263158,0.326315789,0,0,0.063157895,0.663157895,1.315789474,0.021052632,0.136842105,0.010526316,0.021052632,1.231578947,0.221052632,0.031578947,0.168421053,0.042105263,0.042105263,0.231578947,0.010526316,0.263157895,0.031578947,0.326315789,0.136842105,0.2,0.284210526,0.031578947,6.4,0.063157895,0.084210526,32104,95,0.752428265,0.913461538,0.616883117,1,35.132,13.9121544,9.16357722,24.55144812,147.1052632,407.9894737,0.454545455,2,569,572,0,0,0,0,0
911801,582,0.300884956,0.123893805,0.203539823,0.044247788,0.03539823,0.053097345,0.938053097,1.07079646,0.017699115,0.150442478,0.017699115,0.008849558,0.601769912,0.194690265,0.088495575,0.079646018,0.07079646,0.008849558,0.14159292,0,0.159292035,0.132743363,0.345132743,0.150442478,0.256637168,0.203539823,0.07079646,5.787610619,0.03539823,0.017699115,32160,113,0.511845178,0.965811966,0.724358974,1,34.958,13.02077181,11.18585485,27.01958748,641.3362832,407.8672566,0.413043478,3,565,576,601,0,0,0,0
911801,583,0.215517241,0.137931034,0.25862069,0.025862069,0.025862069,0.060344828,0.612068966,1.224137931,0.025862069,0.146551724,0.025862069,0.068965517,0.827586207,0.155172414,0.155172414,0.172413793,0.051724138,0.017241379,0.267241379,0.00862069,0.198275862,0.137931034,0.818965517,0.146551724,0.25862069,0.327586207,0.060344828,7.103448276,0.034482759,0.051724138,32215,116,0.73466452,0.920634921,0.637362637,1,37.307,14.9592974,10.14884471,52.63406484,302.2155172,409.6551724,0.54,3,580,604,608,0,0,0,0
911801,584,0.223404255,0.14893617,0.212765957,0.053191489,0.042553191,0.063829787,0.734042553,1.191489362,0.053191489,0.234042553,0.053191489,0.063829787,1.35106383,0.265957447,0.042553191,0.14893617,0.063829787,0.074468085,0.29787234,0.010638298,0.276595745,0.138297872,0.489361702,0.159574468,0.244680851,0.638297872,0.14893617,7.574468085,0.074468085,0.085106383,32270,94,0.532868327,0.949494949,0.712121212,1,32.146,12.00608341,10.15952583,53.78981805,358.0744681,412.6595745,0,0,0,0,0,0,0,0,0
911801,585,0.194029851,0.134328358,0.417910448,0.014925373,0.014925373,0.074626866,0.865671642,1.298507463,0.014925373,0.208955224,0,0.029850746,0.47761194,0.298507463,0.014925373,0.089552239,0.029850746,0.074626866,0.164179104,0.014925373,0.253731343,0.104477612,0.552238806,0.28358209,0.179104478,0.417910448,0.059701493,8.597014925,0.104477612,0.119402985,32325,67,0.688876472,0.905405405,0.676767677,1,29.02,11.23206827,8.141887638,-19.10562676,766.8208955,410.0447761,0.852941176,3,568,591,605,0,0,0,0
911801,586,0.123076923,0.107692308,0.215384615,0.015384615,0.015384615,0.061538462,1.307692308,0.784615385,0,0.107692308,0.061538462,0,1.492307692,0.169230769,0.292307692,0.076923077,0.107692308,0.030769231,0.184615385,0.030769231,0.092307692,0,0.723076923,0.092307692,0.261538462,0.153846154,0.061538462,3,0.015384615,0,32381,65,0.562539144,0.984848485,0.8125,1,26.208,10.14093655,8.384228731,-10.39429599,34.44615385,410.8461538,0.75,2,574,594,0,0,0,0,0
911801,587,0.212435233,0.113989637,0.150259067,0.031088083,0.025906736,0.025906736,0.875647668,1.176165803,0.031088083,0.487046632,0.062176166,0.020725389,0.70984456,0.191709845,0.124352332,0.21761658,0.051813472,0.056994819,0.165803109,0,0.616580311,0.14507772,0.419689119,0.196891192,0.352331606,0.632124352,0.041450777,6.25388601,0.062176166,0.067357513,32436,193,0.525436221,0.889400922,0.630718954,1,52.086,17.67231997,15.03619284,-79.41048299,57.51295337,413.6476684,0.71641791,4,574,595,603,616,0,0,0
911801,588,0.4,0.1,0.233333333,0.022222222,0.055555556,0.044444444,0.533333333,2,0.022222222,0.322222222,0.033333333,0.055555556,1.744444444,0.266666667,0.033333333,0.1,0.011111111,0.066666667,0.2,0,0.355555556,0.333333333,0.488888889,0.133333333,0.233333333,0.277777778,0.022222222,5.877777778,0.066666667,0.1,32491,90,0.561457636,0.957446809,0.692307692,1,31.584,11.847175,9.803602261,0,202,414.2555556,0,0,0,0,0,0,0,0,0
911801,589,0.335664336,0.111888112,0.237762238,0.041958042,0.034965035,0.034965035,1.097902098,1.629370629,0.062937063,0.20979021,0.041958042,0.041958042,1.244755245,0.258741259,0.398601399,0.146853147,0.048951049,0.055944056,0.545454545,0,0.321678322,0.188811189,0.615384615,0.286713287,0.461538462,0.65034965,0.111888112,8.874125874,0.083916084,0.104895105,32546,143,0.733017578,0.928571429,0.600840336,1,43.402,16.60137653,11.29241728,-29.72205555,437.1678322,413.7972028,0,0,0,0,0,0,0,0,0
911801,590,0.185483871,0.10483871,0.314516129,0.064516129,0.032258065,0.048387097,0.60483871,1.193548387,0.056451613,0.266129032,0.032258065,0.048387097,0.862903226,0.201612903,0.10483871,0.177419355,0.032258065,0.040322581,0.177419355,0.008064516,0.161290323,0.088709677,0.75,0.193548387,0.35483871,0.379032258,0.072580645,8.25,0.120967742,0.120967742,32602,124,0.398676241,0.953846154,0.733727811,1,37.29,13.23674094,12.13930575,52.39406557,681.8225806,416.6209677,0,0,0,0,0,0,0,0,0
911801,591,0.157407407,0.074074074,0.12962963,0.037037037,0,0.027777778,0.444444444,0.87037037,0,0.407407407,0.009259259,0.037037037,0.555555556,0.12962963,0.027777778,0.083333333,0.074074074,0.046296296,0.083333333,0.009259259,0.472222222,0.111111111,0.287037037,0.277777778,0.138888889,0.37037037,0.074074074,3.842592593,0.074074074,0.055555556,32657,108,0.779275571,0.9,0.654545455,1,38.663,15.19261507,9.520929369,7.263800001,768.6018519,417.3333333,1,4,585,592,605,612,0,0,0
911801,592,0.274193548,0.088709677,0.14516129,0.024193548,0.016129032,0.032258065,0.620967742,0.951612903,0.048387097,0.25,0.040322581,0.080645161,0.548387097,0.185483871,0.370967742,0.10483871,0.024193548,0.056451613,0.225806452,0.008064516,0.475806452,0.153225806,0.362903226,0.153225806,0.233870968,0.548387097,0.072580645,6.709677419,0.048387097,0.064516129,32712,124,0.447049184,0.96875,0.794871795,1,36.984,13.35238571,11.94383424,-12.98468987,781.6693548,416.6209677,0.217391304,1,591,0,0,0,0,0,0
911801,593,0.171717172,0.191919192,0.282828283,0.03030303,0.01010101,0.070707071,0.606060606,0.828282828,0.02020202,0.181818182,0.01010101,0.04040404,0.737373737,0.191919192,0.131313131,0.101010101,0.01010101,0.01010101,0.222222222,0,0.252525253,0.111111111,0.393939394,0.171717172,0.212121212,0.353535354,0.111111111,5.737373737,0.080808081,0.050505051,32768,99,0.628825844,0.951923077,0.75,1,33.064,12.8109026,9.961068343,-33.61323548,11.42424242,415.9494949,0,0,0,0,0,0,0,0,0
911801,594,0.322222222,0.077777778,0.255555556,0.033333333,0.022222222,0.088888889,2.266666667,1.188888889,0.077777778,0.144444444,0.022222222,0.011111111,1.577777778,0.477777778,0.155555556,0.155555556,0.022222222,0.022222222,0.266666667,0.022222222,0.288888889,0.133333333,0.811111111,0.144444444,0.377777778,0.2,0.066666667,6.011111111,0.066666667,0.066666667,32823,90,0.759479743,0.909090909,0.692307692,1,33.428,13.57221951,8.82914888,13.5550096,36.84444444,417.8444444,0.609756098,3,574,586,595,0,0,0,0
911801,595,0.125,0.044642857,0.1875,0.089285714,0.035714286,0.026785714,1.151785714,0.473214286,0.044642857,0.267857143,0.026785714,0.008928571,1.017857143,0.205357143,0.035714286,0.0625,0.017857143,0.089285714,0.098214286,0,0.294642857,0.089285714,0.428571429,0.098214286,0.3125,0.339285714,0.071428571,2.767857143,0.071428571,0.053571429,32878,112,0.80255788,0.881889764,0.583333333,1,40.946,16.18701803,9.656758317,-68.24828471,49.05357143,419.0625,0.722222222,4,574,587,594,616,0,0,0
911801,596,0.228571429,0.219047619,0.104761905,0.076190476,0.038095238,0.028571429,0.80952381,1.266666667,0.028571429,0.219047619,0,0.028571429,0.876190476,0.238095238,0.00952381,0.161904762,0.038095238,0.00952381,0.152380952,0,0.219047619,0.2,0.723809524,0.133333333,0.323809524,0.40952381,0.047619048,7.266666667,0.038095238,0.104761905,32933,105,0.415496428,0.963302752,0.729166667,1,34.189,12.23195515,11.12612292,-35.77641773,131.4,416.1809524,0.348837209,1,607,0,0,0,0,0,0
911801,597,0.342592593,0.101851852,0.12962963,0.083333333,0,0.009259259,0.805555556,0.814814815,0.055555556,0.12037037,0.027777778,0.055555556,3,0.25,0.518518519,0.101851852,0.055555556,0.055555556,0.277777778,0,0.203703704,0.064814815,0.462962963,0.166666667,0.407407407,0.453703704,0.074074074,4.685185185,0.064814815,0.046296296,32989,108,0.413830695,0.915254237,0.593406593,1,37.307,12.57041945,11.4435299,-5.967962987,472.8518519,417.3055556,0,0,0,0,0,0,0,0,0
911801,599,0.164948454,0.113402062,0.134020619,0.051546392,0.020618557,0.041237113,0.701030928,1.175257732,0.051546392,0.195876289,0.092783505,0.010309278,1.072164948,0.12371134,0.041237113,0.134020619,0.010309278,0.010309278,0.134020619,0,0.103092784,0.154639175,0.402061856,0.06185567,0.175257732,0.206185567,0.010309278,5.587628866,0.051546392,0.103092784,33099,97,0.356247794,0.950980392,0.673611111,1,32.816,11.61194209,10.8501002,33.66685526,339.7216495,420.4123711,0.227272727,2,614,620,0,0,0,0,0
911801,601,0.207142857,0.135714286,0.235714286,0.035714286,0,0.05,0.642857143,0.942857143,0.078571429,0.321428571,0.042857143,0.028571429,0.75,0.242857143,0.028571429,0.128571429,0.021428571,0.021428571,0.114285714,0.007142857,0.342857143,0.107142857,0.442857143,0.228571429,0.214285714,0.4,0.071428571,6.264285714,0.007142857,0.1,33210,140,0.631006439,0.952380952,0.666666667,1,41.227,15.37435132,11.92707726,47.5079031,651.4642857,418.4642857,0.018867925,1,582,0,0,0,0,0,0
911801,602,0.296296296,0.061728395,0.111111111,0.061728395,0,0.086419753,0.444444444,0.543209877,0.049382716,0.111111111,0.024691358,0,1.086419753,0.074074074,0,0.086419753,0.049382716,0.012345679,0.12345679,0,0.160493827,0.074074074,0.234567901,0.197530864,0.222222222,0.135802469,0.061728395,3.271604938,0.086419753,0.037037037,33265,81,0.239739198,0.987804878,0.81,1,29.301,10.4221829,10.1182442,-61.60294468,749.0617284,418.5555556,0.472222222,1,605,0,0,0,0,0,0
911801,603,0.230769231,0.076923077,0.362637363,0.010989011,0.010989011,0.010989011,0.813186813,1.241758242,0.021978022,0.208791209,0.043956044,0.032967033,0.89010989,0.197802198,0.131868132,0.164835165,0.065934066,0.043956044,0.175824176,0.010989011,0.186813187,0.120879121,0.505494505,0.21978022,0.263736264,0.285714286,0.098901099,7.483516484,0.043956044,0.054945055,33320,91,0.570542881,0.947916667,0.689393939,1,31.857,12.04342166,9.89087457,26.3179189,66.71428571,419.9340659,0.619047619,2,587,616,0,0,0,0,0
911801,604,0.181818182,0.068181818,0.238636364,0.034090909,0.022727273,0.045454545,0.681818182,1.227272727,0.045454545,0.147727273,0.056818182,0.034090909,1.761363636,0.215909091,0.034090909,0.193181818,0.056818182,0.011363636,0.306818182,0.011363636,0.227272727,0.079545455,0.965909091,0.159090909,0.079545455,0.227272727,0.068181818,6.545454545,0.056818182,0.056818182,33375,88,0.509806631,0.888888889,0.615384615,1,34.007,11.76512056,10.12140404,-64.05033616,295.4886364,418.3522727,0.761904762,2,583,608,0,0,0,0,0
911801,605,0.228070175,0.134502924,0.286549708,0.035087719,0.035087719,0.064327485,0.526315789,1.140350877,0.035087719,0.204678363,0.005847953,0.01754386,0.713450292,0.204678363,0.251461988,0.169590643,0.040935673,0.052631579,0.356725146,0,0.286549708,0.140350877,0.847953216,0.187134503,0.304093567,0.397660819,0.111111111,9.239766082,0.070175439,0.099415205,33431,171,0.881809386,0.842364532,0.678571429,1,54.972,22.32413818,10.5281972,85.66827657,757.8128655,416.877193,0.686567164,3,585,591,602,0,0,0,0
911801,606,0.367521368,0.179487179,0.170940171,0.017094017,0.042735043,0.017094017,0.786324786,1.188034188,0.05982906,0.128205128,0,0.042735043,1.735042735,0.239316239,0.076923077,0.188034188,0.051282051,0.017094017,0.188034188,0.008547009,0.239316239,0.102564103,0.435897436,0.205128205,0.230769231,0.264957265,0.042735043,9,0.051282051,0.051282051,33486,117,0.763543686,0.936,0.642857143,1,37.778,15.39042594,9.938462611,55.4288907,493.7863248,419.3675214,0,0,0,0,0,0,0,0,0
911801,607,0.343434343,0.141414141,0.151515152,0.01010101,0.02020202,0.050505051,0.626262626,0.878787879,0.090909091,0.252525253,0.02020202,0.01010101,0.838383838,0.141414141,0.02020202,0.03030303,0.060606061,0.03030303,0.373737374,0.02020202,0.404040404,0.151515152,0.343434343,0.232323232,0.202020202,0.545454545,0.050505051,7,0.080808081,0.060606061,33541,99,0.574380491,0.951923077,0.692307692,1,33.18,12.54062246,10.26560871,-8.418690906,129.979798,425.7474747,0.590909091,2,596,610,0,0,0,0,0
911801,608,0.192857143,0.142857143,0.221428571,0.028571429,0.021428571,0.035714286,1.064285714,1.657142857,0.042857143,0.242857143,0.042857143,0.035714286,3.842857143,0.228571429,0.135714286,0.292857143,0.057142857,0.064285714,0.335714286,0.021428571,0.392857143,0.214285714,0.657142857,0.221428571,0.578571429,0.478571429,0.085714286,9.228571429,0.057142857,0.064285714,33596,140,0.776391467,0.858895706,0.598290598,1,48.124,18.05306472,11.37796161,9.926341374,303.4928571,424.1142857,0.74137931,3,583,604,617,0,0,0,0
911801,609,0.310344828,0.088669951,0.197044335,0.054187192,0.019704433,0.044334975,0.684729064,0.980295567,0.019704433,0.192118227,0.009852217,0.034482759,0.990147783,0.162561576,0.108374384,0.201970443,0.02955665,0.019704433,0.21182266,0.004926108,0.310344828,0.142857143,0.344827586,0.187192118,0.18226601,0.231527094,0.054187192,5.359605911,0.02955665,0.078817734,33652,203,0.791995608,0.875,0.615151515,1,57.056,21.70038068,13.24866368,-4.634697507,90.5862069,424.7241379,0.301369863,1,613,0,0,0,0,0,0
911801,610,0.197916667,0.114583333,0.208333333,0.020833333,0.052083333,0.052083333,0.59375,1.166666667,0.020833333,0.166666667,0.020833333,0.041666667,0.979166667,0.104166667,0.03125,0.166666667,0.052083333,0.052083333,0.114583333,0.020833333,0.260416667,0.114583333,0.520833333,0.229166667,0.15625,0.177083333,0.072916667,5.9375,0.03125,0.114583333,33707,96,0.547291208,0.95049505,0.727272727,1,32.328,12.17211682,10.18735886,-62.75437757,119.375,428.40625,0.261904762,1,607,0,0,0,0,0,0
911801,611,0.293478261,0.097826087,0.217391304,0.02173913,0.02173913,0.02173913,0.684782609,0.760869565,0.010869565,0.173913043,0.02173913,0.032608696,0.934782609,0.217391304,0.173913043,0.130434783,0.02173913,0.065217391,0.326086957,0,0.184782609,0.076086957,0.315217391,0.141304348,0.195652174,0.184782609,0.032608696,5.673913043,0.043478261,0.108695652,33762,92,0.567324751,0.93877551,0.696969697,1,33.155,12.08882458,9.955076414,-48.65390464,507.7282609,427.5652174,0.425,1,622,0,0,0,0,0,0
911801,612,0.21686747,0.084337349,0.096385542,0.024096386,0.024096386,0.036144578,0.469879518,0.927710843,0.024096386,0.120481928,0.024096386,0.108433735,0.722891566,0.060240964,0.036144578,0.096385542,0,0.024096386,0.108433735,0.012048193,0.180722892,0.21686747,0.361445783,0.13253012,0.253012048,0.168674699,0.024096386,4.56626506,0.012048193,0.084337349,33817,83,0.536718319,0.943181818,0.628787879,1,30.939,11.34353334,9.571236558,5.797891189,771.2771084,427.1445783,0.7,2,591,623,0,0,0,0,0
911801,613,0.240963855,0.120481928,0.168674699,0.012048193,0.012048193,0.024096386,0.698795181,1.108433735,0.024096386,0.204819277,0.012048193,0,0.698795181,0.156626506,0.036144578,0.120481928,0.024096386,0.024096386,0.240963855,0.012048193,0.13253012,0.13253012,0.493975904,0.192771084,0.204819277,0.240963855,0.036144578,5.313253012,0.024096386,0.012048193,33873,83,0.738480417,0.93258427,0.628787879,1,31.766,12.68953641,8.55623621,55.83035567,101.3373494,429.060241,0.525,1,609,0,0,0,0,0,0
911801,614,0.126213592,0.106796117,0.223300971,0.038834951,0.048543689,0.048543689,0.514563107,0.796116505,0.019417476,0.194174757,0.009708738,0,1.533980583,0.194174757,0.417475728,0.203883495,0.077669903,0.029126214,0.349514563,0.009708738,0.213592233,0.106796117,0.310679612,0.165048544,0.165048544,0.310679612,0.058252427,5.427184466,0.048543689,0.116504854,33928,103,0.746741459,0.936363636,0.624242424,1,35.719,14.23054174,9.464938541,14.44569367,348.1067961,429.8737864,0.239130435,2,599,620,0,0,0,0,0
911801,615,0.108108108,0.121621622,0.256756757,0.081081081,0,0.013513514,0.459459459,1.027027027,0.013513514,0.351351351,0.067567568,0.040540541,0.594594595,0.297297297,0.040540541,0.216216216,0.013513514,0.027027027,0.27027027,0.013513514,0.310810811,0.135135135,0.351351351,0.216216216,0.202702703,0.324324324,0.081081081,7.851351351,0.081081081,0.121621622,33983,74,0.816870974,0.891566265,0.560606061,1,31.584,13.25028045,7.643032504,31.32827896,276.8513514,429.4864865,0.525,1,619,0,0,0,0,0,0
911801,616,0.2,0.136,0.296,0.032,0.032,0.048,0.584,0.992,0.016,0.208,0.024,0.048,0.84,0.136,0.04,0.144,0,0.04,0.168,0.008,0.392,0.08,0.44,0.224,0.168,0.312,0.048,6.352,0.048,0.096,34038,125,0.550612532,0.946969697,0.641025641,1,40.491,13.97176091,11.66308037,79.04093883,60.456,430.128,0.333333333,3,587,595,603,0,0,0,0
911801,617,0.17699115,0.132743363,0.265486726,0.017699115,0,0.03539823,1,1.681415929,0.044247788,0.203539823,0.044247788,0.026548673,2.601769912,0.274336283,0.132743363,0.247787611,0,0.017699115,0.371681416,0.017699115,0.318584071,0.150442478,0.716814159,0.238938053,0.415929204,0.637168142,0.10619469,9.327433628,0.053097345,0.14159292,34094,113,0.785153811,0.896825397,0.588541667,1,41.409,16.01919846,9.920702573,-20.18019353,300.9823009,432.380531,0.846153846,2,608,627,0,0,0,0,0
911801,618,0.310679612,0.087378641,0.116504854,0.029126214,0.038834951,0.048543689,0.533980583,0.912621359,0.029126214,0.213592233,0.019417476,0.058252427,1.359223301,0.13592233,0.029126214,0.116504854,0.058252427,0.019417476,0.145631068,0,0.194174757,0.116504854,0.242718447,0.097087379,0.155339806,0.242718447,0.038834951,5.86407767,0.038834951,0.048543689,34149,103,0.748797331,0.936363636,0.735714286,1,35.115,14.19481619,9.408310429,-11.87919979,702.6407767,431.6893204,0,0,0,0,0,0,0,0,0
911801,620,0.318584071,0.123893805,0.256637168,0.026548673,0.03539823,0.03539823,0.920353982,1.424778761,0.026548673,0.088495575,0.017699115,0.03539823,1.504424779,0.185840708,0.026548673,0.115044248,0.008849558,0.044247788,0.159292035,0,0.212389381,0.044247788,0.504424779,0.150442478,0.17699115,0.203539823,0.061946903,6.539823009,0.026548673,0.10619469,34259,113,0.602827415,0.957627119,0.733766234,1,35.603,13.5010184,10.77207931,12.36675308,334.8230088,432.2566372,0.333333333,2,599,614,0,0,0,0,0
911801,621,0.247311828,0.010752688,0.075268817,0.064516129,0.032258065,0.010752688,0.451612903,0.516129032,0.021505376,0.129032258,0.010752688,0.043010753,2.11827957,0.129032258,0.053763441,0.107526882,0,0.021505376,0.161290323,0,0.225806452,0.053763441,0.88172043,0.096774194,0.150537634,0.258064516,0.032258065,4.333333333,0.010752688,0.021505376,34315,93,0.588020859,0.948979592,0.704545455,1,31.683,12.18718165,9.85755025,32.22884119,538.3333333,434.0215054,0,0,0,0,0,0,0,0,0
911801,622,0.133333333,0.166666667,0.333333333,0.033333333,0.016666667,0.083333333,0.633333333,1.55,0.05,0.233333333,0.033333333,0.05,1.016666667,0.25,0,0.15,0.033333333,0.033333333,0.2,0.016666667,0.183333333,0.1,0.366666667,0.216666667,0.2,0.416666667,0.2,9.366666667,0,0.1,34370,60,0.774285846,0.895522388,0.681818182,1,27.159,11.36075385,7.189494254,-13.29724323,505.35,434.7166667,0.941176471,2,611,630,0,0,0,0,0
911801,623,0.387755102,0.153061224,0.214285714,0.030612245,0.020408163,0.06122449,0.581632653,1.102040816,0.030612245,0.153061224,0.020408163,0.020408163,1.530612245,0.12244898,0.030612245,0.193877551,0.071428571,0.040816327,0.173469388,0,0.275510204,0.071428571,0.397959184,0.204081633,0.183673469,0.530612245,0.051020408,6.908163265,0.051020408,0.071428571,34425,98,0.708857542,0.942307692,0.680555556,1,33.825,13.45557229,9.490910456,38.78561317,775.4387755,434.6530612,0.386363636,1,612,0,0,0,0,0,0
911801,624,0.263736264,0.065934066,0.186813187,0.054945055,0.032967033,0.032967033,0.67032967,1.010989011,0.021978022,0.186813187,0.032967033,0.032967033,0.67032967,0.131868132,0.032967033,0.175824176,0,0.043956044,0.120879121,0.010989011,0.252747253,0.098901099,0.32967033,0.21978022,0.296703297,0.208791209,0.054945055,5.417582418,0.043956044,0.032967033,34480,91,0.495993089,0.947916667,0.689393939,1,31.774,11.64239984,10.10940393,-11.2527282,143.3296703,435.8901099,0,0,0,0,0,0,0,0,0
911801,625,0.416666667,0.12962963,0.148148148,0.009259259,0.037037037,0.027777778,0.87037037,1.064814815,0.027777778,0.194444444,0.046296296,0.064814815,0.777777778,0.203703704,0.092592593,0.111111111,0.046296296,0.009259259,0.111111111,0.009259259,0.203703704,0.12037037,0.361111111,0.240740741,0.203703704,0.314814815,0.046296296,4.592592593,0,0.055555556,34536,108,0.563214666,0.947368421,0.692307692,1,34.867,12.98336269,10.72829047,32.20326944,184.8425926,436.4259259,0,0,0,0,0,0,0,0,0
911801,626,0.252252252,0.081081081,0.279279279,0.009009009,0.018018018,0.036036036,0.693693694,0.837837838,0.081081081,0.171171171,0.036036036,0.072072072,0.522522523,0.18018018,0.153153153,0.153153153,0.027027027,0.027027027,0.135135135,0,0.252252252,0.081081081,0.612612613,0.135135135,0.459459459,0.432432432,0.054054054,4.657657658,0.081081081,0.045045045,34591,111,0.420635407,0.965217391,0.770833333,1,34.379,12.53460153,11.37176365,46.0038853,258.2522523,439.4774775,0,0,0,0,0,0,0,0,0
911801,627,0.146341463,0.158536585,0.158536585,0.012195122,0.012195122,0.036585366,0.902439024,1.097560976,0.06097561,0.12195122,0.036585366,0.06097561,1.304878049,0.170731707,0.292682927,0.146341463,0.06097561,0.036585366,0.292682927,0,0.353658537,0.170731707,0.487804878,0.170731707,0.304878049,0.243902439,0.06097561,5.926829268,0.036585366,0.06097561,34646,82,0.463585625,0.964705882,0.683333333,1,29.806,10.95266588,9.704632878,-2.9773764,296.1707317,439.4390244,0.41025641,1,617,0,0,0,0,0,0
911801,628,0.155172414,0.094827586,0.224137931,0.025862069,0.034482759,0.077586207,0.362068966,0.663793103,0.025862069,0.206896552,0.025862069,0.051724138,0.422413793,0.25,0.00862069,0.146551724,0.043103448,0.034482759,0.224137931,0,0.387931034,0.206896552,0.379310345,0.181034483,0.224137931,0.448275862,0.068965517,5.974137931,0.043103448,0.077586207,34702,116,0.640908642,0.859259259,0.644444444,1,42.178,14.53650061,11.15846739,6.971006042,218.8706897,440.8793103,0.452830189,1,640,0,0,0,0,0,0
911801,629,0.246575342,0.150684932,0.205479452,0.054794521,0.02739726,0.136986301,0.698630137,1.02739726,0.01369863,0.219178082,0.01369863,0.01369863,1.02739726,0.260273973,0.068493151,0.164383562,0.04109589,0.02739726,0.150684932,0,0.328767123,0.246575342,0.452054795,0.191780822,0.178082192,0.232876712,0.04109589,7.438356164,0.054794521,0.123287671,34757,73,0.608562065,0.924050633,0.737373737,1,28.474,10.98560878,8.717149533,-86.7754987,445.6164384,442.1232877,0.416666667,1,632,0,0,0,0,0,0
911801,630,0.167938931,0.076335878,0.20610687,0.045801527,0.007633588,0.045801527,0.435114504,0.916030534,0.038167939,0.160305344,0.007633588,0.030534351,0.664122137,0.198473282,0.030534351,0.129770992,0.015267176,0.045801527,0.13740458,0.015267176,0.175572519,0.083969466,0.687022901,0.106870229,0.129770992,0.404580153,0.045801527,5.801526718,0.030534351,0.053435115,34812,131,0.798363108,0.922535211,0.642156863,1,42.36,16.83386981,10.13695817,22.07482326,503.0687023,443.1145038,0.58490566,3,622,635,647,0,0,0,0
911801,631,0.284482759,0.112068966,0.224137931,0.025862069,0.017241379,0.025862069,0.767241379,0.965517241,0.034482759,0.137931034,0,0.068965517,0.896551724,0.181034483,0.060344828,0.077586207,0.017241379,0.060344828,0.25862069,0.00862069,0.172413793,0.129310345,0.387931034,0.206896552,0.206896552,0.232758621,0.017241379,5.431034483,0.086206897,0.034482759,34867,116,0.770988042,0.913385827,0.637362637,1,39.085,15.45833904,9.844637348,41.26752592,592.5431034,443.0086207,0.509803922,1,636,0,0,0,0,0,0
911801,632,0.08974359,0.038461538,0.192307692,0.051282051,0.012820513,0.025641026,0.333333333,0.961538462,0.038461538,0.243589744,0.076923077,0.076923077,0.41025641,0.179487179,0.08974359,0.115384615,0.08974359,0.038461538,0.256410256,0,0.205128205,0.08974359,0.320512821,0.128205128,0.205128205,0.294871795,0.038461538,6.538461538,0.076923077,0.08974359,34923,78,0.504214757,0.962962963,0.78,1,29.764,10.90618873,9.418347916,-62.7552267,437.8333333,443.3846154,0.416666667,1,629,0,0,0,0,0,0
911801,633,0.219047619,0.095238095,0.152380952,0.038095238,0.00952381,0.00952381,0.447619048,0.733333333,0.028571429,0.238095238,0.038095238,0.028571429,1.266666667,0.123809524,0.00952381,0.095238095,0.095238095,0.066666667,0.20952381,0,0.285714286,0.066666667,0.219047619,0.171428571,0.238095238,0.19047619,0.047619048,5.628571429,0.085714286,0.057142857,34978,105,0.626058271,0.92920354,0.673076923,1,35.148,13.26755728,10.34572642,-36.43047114,408.047619,445.3333333,0,0,0,0,0,0,0,0,0
911801,634,0.22826087,0.086956522,0.163043478,0.032608696,0.02173913,0.108695652,0.630434783,0.782608696,0.054347826,0.141304348,0.032608696,0.054347826,1.804347826,0.097826087,0.108695652,0.152173913,0.02173913,0.032608696,0.217391304,0,0.206521739,0.119565217,1.445652174,0.076086957,0.195652174,0.336956522,0.097826087,4.858695652,0.054347826,0.010869565,35033,92,0.784285598,0.901960784,0.58974359,1,35.694,14.18899796,8.802853649,33.46616478,611.6304348,444.1304348,0.911111111,3,636,637,644,0,0,0,0
911801,635,0.193181818,0.056818182,0.193181818,0.090909091,0,0.034090909,0.488636364,0.863636364,0.056818182,0.170454545,0.011363636,0.022727273,0.670454545,0.147727273,0.011363636,0.113636364,0.034090909,0.011363636,0.284090909,0.011363636,0.295454545,0.125,0.181818182,0.113636364,0.136363636,0.306818182,0.068181818,5.704545455,0.056818182,0.034090909,35088,88,0.652734963,0.946236559,0.611111111,1,32.163,12.35984039,9.363646288,47.8748418,488.4772727,445.4545455,0.441860465,2,630,647,0,0,0,0,0
911801,636,0.248826291,0.046948357,0.089201878,0.023474178,0.014084507,0.046948357,0.558685446,0.629107981,0.014084507,0.089201878,0.023474178,0.037558685,2.539906103,0.136150235,0.056338028,0.103286385,0.023474178,0.014084507,0.14084507,0.004694836,0.244131455,0.056338028,0.215962441,0.183098592,0.131455399,0.258215962,0.046948357,3.366197183,0.009389671,0.046948357,35144,213,0.907695635,0.855421687,0.484090909,1,62.688,26.87201792,11.27628237,55.60568391,600.8685446,446.2910798,0.604938272,2,631,634,0,0,0,0,0
911801,637,0.129032258,0.139784946,0.225806452,0.010752688,0.021505376,0.010752688,0.677419355,1.032258065,0.021505376,0.23655914,0.010752688,0.021505376,1.096774194,0.107526882,0.11827957,0.096774194,0.064516129,0.043010753,0.204301075,0.010752688,0.419354839,0.161290323,0.311827957,0.172043011,0.172043011,0.376344086,0.053763441,6.172043011,0.053763441,0.053763441,35199,93,0.828750953,0.82300885,0.62,1,38.44,15.24624301,8.532065905,81.41324758,622.3870968,446.6666667,0.7,3,634,638,644,0,0,0,0
911801,638,0.227722772,0.089108911,0.128712871,0.01980198,0.01980198,0.03960396,0.524752475,1.168316832,0,0.128712871,0.04950495,0.069306931,0.653465347,0.128712871,0.02970297,0.108910891,0.04950495,0.02970297,0.207920792,0.00990099,0.227722772,0.128712871,0.386138614,0.227722772,0.128712871,0.287128713,0.069306931,6.356435644,0.02970297,0.03960396,35254,101,0.690395632,0.926605505,0.647435897,1,35.057,13.52868054,9.78708054,41.62365717,632.980198,447.7821782,0.239130435,1,637,0,0,0,0,0,0
911801,639,0.265486726,0.10619469,0.247787611,0.026548673,0.008849558,0.017699115,0.831858407,1.415929204,0.03539823,0.168141593,0.026548673,0.053097345,0.663716814,0.150442478,0.017699115,0.150442478,0.03539823,0.053097345,0.327433628,0.008849558,0.221238938,0.097345133,0.415929204,0.168141593,0.300884956,0.513274336,0.061946903,7.389380531,0.07079646,0.044247788,35309,113,0.667581342,0.941666667,0.672619048,1,36.827,14.01101332,10.43171601,62.98195171,727.619469,447.1150442,0.152173913,1,666,0,0,0,0,0,0
911801,640,0.111111111,0.092592593,0.166666667,0.055555556,0.018518519,0.092592593,0.592592593,0.981481481,0.018518519,0.12962963,0.037037037,0.018518519,0.462962963,0.074074074,0.018518519,0.12962963,0.055555556,0.018518519,0.296296296,0,0.296296296,0.12962963,0.333333333,0.185185185,0.240740741,0.444444444,0,6.5,0.055555556,0.018518519,35365,54,0.851680495,0.931034483,0.75,1,27.333,11.69080099,6.126697349,6.421248865,219.6296296,447.7407407,1,3,628,652,655,0,0,0,0
911801,641,0.289719626,0.102803738,0.177570093,0.018691589,0,0.018691589,0.785046729,1.009345794,0.028037383,0.14953271,0.037383178,0.046728972,1.224299065,0.177570093,0.08411215,0.224299065,0.046728972,0.037383178,0.242990654,0,0.205607477,0.112149533,0.504672897,0.08411215,0.186915888,0.158878505,0.074766355,5.887850467,0.08411215,0.14953271,35420,107,0.47757393,0.938596491,0.748251748,1,35.785,12.61166565,11.08050309,-10.79782625,307.0841121,449.2616822,0,0,0,0,0,0,0,0,0
911801,642,0.18556701,0.12371134,0.288659794,0.051546392,0.041237113,0.06185567,1.340206186,1.030927835,0.06185567,0.268041237,0.041237113,0.020618557,0.701030928,0.18556701,0.041237113,0.144329897,0.030927835,0.051546392,0.154639175,0,0.237113402,0.051546392,0.288659794,0.216494845,0.278350515,0.195876289,0.092783505,6.453608247,0.06185567,0.041237113,35475,97,0.498431507,0.932692308,0.621794872,1,33.759,12.06349533,10.45819493,-29.31753802,237.9381443,448.7628866,0,0,0,0,0,0,0,0,0
911801,643,0.23255814,0.186046512,0.290697674,0.058139535,0.046511628,0.081395349,1.325581395,1.162790698,0.081395349,0.209302326,0.023255814,0.023255814,0.686046512,0.197674419,0.023255814,0.290697674,0.058139535,0.058139535,0.209302326,0,0.325581395,0.069767442,1.244186047,0.11627907,0.255813953,0.197674419,0.104651163,7.860465116,0.046511628,0.081395349,35530,86,0.606786418,0.924731183,0.661538462,1,33.453,11.98462553,9.526158431,-17.54391751,334.1860465,449.0813953,0.547619048,1,654,0,0,0,0,0,0
911801,644,0.180327869,0.06557377,0.163934426,0.016393443,0.049180328,0.06557377,0.393442623,0.491803279,0.016393443,0.163934426,0.06557377,0.032786885,4.245901639,0.147540984,0.196721311,0.081967213,0.016393443,0.049180328,0.196721311,0.032786885,0.278688525,0.114754098,0.704918033,0.262295082,0.360655738,0.196721311,0.098360656,4.508196721,0.016393443,0.098360656,35586,61,0.742366463,0.938461538,0.693181818,1,27.614,11.02994064,7.38999466,24.67424358,615.1147541,449.852459,0.909090909,2,634,637,0,0,0,0,0
911801,645,0.504132231,0.041322314,0.20661157,0.016528926,0.033057851,0.024793388,0.694214876,1.008264463,0,0.157024793,0,0.016528926,0.983471074,0.123966942,0.033057851,0.173553719,0.082644628,0.016528926,0.173553719,0,0.20661157,0.049586777,0.355371901,0.181818182,0.223140496,0.297520661,0.074380165,5.595041322,0.049586777,0.066115702,35641,121,0.430737776,0.930769231,0.720238095,1,38.233,13.22386404,11.93423485,-5.237866933,755.9256198,449.2561983,0,0,0,0,0,0,0,0,0
911801,646,0.197802198,0.10989011,0.274725275,0.021978022,0.032967033,0.043956044,0.450549451,0.582417582,0.010989011,0.197802198,0.087912088,0.065934066,1.153846154,0.197802198,0.120879121,0.087912088,0.043956044,0.021978022,0.10989011,0.010989011,0.164835165,0.076923077,0.307692308,0.21978022,0.120879121,0.153846154,0.065934066,4.967032967,0,0.076923077,35696,91,0.613820252,0.947916667,0.758333333,1,31.567,12.19339647,9.626025836,17.74954182,78.56043956,449.6373626,0,0,0,0,0,0,0,0,0
911801,647,0.121495327,0.14953271,0.214953271,0.037383178,0.037383178,0.065420561,0.504672897,1.074766355,0,0.14953271,0.009345794,0.009345794,0.61682243,0.168224299,0.046728972,0.158878505,0.065420561,0.009345794,0.214953271,0.009345794,0.23364486,0.121495327,0.663551402,0.140186916,0.224299065,0.280373832,0.046728972,6.635514019,0.046728972,0.046728972,35751,107,0.68859035,0.946902655,0.694805195,1,35.14,13.8271469,10.02676327,16.99250753,494.3364486,452.317757,0.782608696,3,630,635,659,0,0,0,0
911801,648,0.069565217,0.104347826,0.208695652,0.034782609,0.017391304,0.034782609,0.4,0.773913043,0.034782609,0.417391304,0.008695652,0.026086957,1.139130435,0.156521739,0.060869565,0.104347826,0.026086957,0.008695652,0.295652174,0.008695652,0.330434783,0.104347826,0.32173913,0.173913043,0.113043478,0.304347826,0.069565217,3.991304348,0.07826087,0.043478261,35807,115,0.4948934,0.93495935,0.68452381,1,36.455,13.15331012,11.42961742,-21.50615473,651.7913043,451.0782609,0.446808511,3,656,660,664,0,0,0,0
911801,649,0.263636364,0.063636364,0.172727273,0.009090909,0.009090909,0.045454545,1.290909091,1.381818182,0.009090909,0.190909091,0.054545455,0.063636364,0.645454545,0.127272727,0.454545455,0.172727273,0.027272727,0.045454545,0.490909091,0.009090909,0.372727273,0.227272727,1.272727273,0.118181818,0.427272727,0.281818182,0.1,8.445454545,0.1,0.127272727,35862,110,0.623940579,0.964912281,0.705128205,1,34.867,13.46714231,10.52419177,37.10416849,361.1636364,452.8636364,0.195652174,1,668,0,0,0,0,0,0
911801,650,0.125,0.069444444,0.111111111,0.055555556,0,0.111111111,0.638888889,1.125,0.055555556,0.152777778,0.013888889,0.041666667,0.652777778,0.222222222,0.041666667,0.125,0.041666667,0.055555556,0.222222222,0,0.166666667,0.097222222,0.458333333,0.25,0.180555556,0.138888889,0.069444444,5.847222222,0.097222222,0.111111111,35917,72,0.566386747,0.911392405,0.727272727,1,29.326,10.73791758,8.849542924,5.191764134,524.25,452.9444444,0.527777778,2,661,662,0,0,0,0,0
911801,651,0.140350877,0.052631579,0.096491228,0.070175439,0.043859649,0.052631579,0.51754386,1.315789474,0.01754386,0.131578947,0.061403509,0.043859649,0.833333333,0.219298246,0.210526316,0.078947368,0.01754386,0.087719298,0.377192982,0,0.289473684,0.105263158,0.315789474,0.175438596,0.201754386,0.342105263,0.052631579,6.228070175,0.01754386,0.035087719,35972,114,0.633199117,0.95,0.730769231,1,35.975,13.77743497,10.66358228,-40.19112737,197.9122807,452.6315789,0,0,0,0,0,0,0,0,0
911801,652,0.096153846,0.076923077,0.211538462,0,0.019230769,0.057692308,0.288461538,0.980769231,0,0.365384615,0.019230769,0.019230769,0.192307692,0.25,0.057692308,0.096153846,0.057692308,0.057692308,0.230769231,0,0.326923077,0.115384615,0.769230769,0.153846154,0.365384615,0.538461538,0.173076923,6.134615385,0.057692308,0.019230769,36028,52,0.483551303,0.896551724,0.722222222,1,24.802,9.027588843,7.901993148,-55.66117947,221.3846154,454.0576923,0.75862069,3,640,655,670,0,0,0,0
911801,653,0.142857143,0.107142857,0.160714286,0.053571429,0.044642857,0.017857143,0.544642857,0.803571429,0.008928571,0.133928571,0.017857143,0.053571429,0.625,0.133928571,0.241071429,0.035714286,0.053571429,0.044642857,0.375,0.008928571,0.178571429,0.098214286,0.223214286,0.125,0.142857143,0.205357143,0.026785714,4.5625,0.035714286,0.071428571,36083,112,0.464286286,0.925619835,0.662721893,1,37.216,12.85654437,11.38685086,-72.72772741,675.7946429,455.8571429,0.255319149,1,660,0,0,0,0,0,0
911801,654,0.297297297,0.101351351,0.25,0.027027027,0.02027027,0.047297297,1.087837838,1.351351351,0.013513514,0.216216216,0.02027027,0.027027027,0.918918919,0.236486486,0.081081081,0.175675676,0.081081081,0.047297297,0.243243243,0,0.27027027,0.121621622,0.952702703,0.195945946,0.385135135,0.25,0.047297297,6.216216216,0.087837838,0.114864865,36138,148,0.584253609,0.880952381,0.548148148,1,46.305,15.76996511,12.79844862,-20.10102599,327.6959459,456.0540541,0.459016393,2,643,672,0,0,0,0,0
911801,655,0.178217822,0.138613861,0.207920792,0.069306931,0.01980198,0.069306931,1.277227723,1.405940594,0.02970297,0.455445545,0.04950495,0,0.97029703,0.287128713,0.02970297,0.237623762,0.108910891,0.04950495,0.178217822,0,0.386138614,0.148514851,0.940594059,0.198019802,0.643564356,0.584158416,0.089108911,12.28712871,0.099009901,0.138613861,36193,101,0.532683985,0.952830189,0.706293706,1,35.016,12.75142649,10.79171367,25.36680846,213.5841584,456.9108911,0.720930233,3,640,652,670,0,0,0,0
911801,656,0.152542373,0.101694915,0.084745763,0.016949153,0.06779661,0.033898305,0.508474576,0.593220339,0.016949153,0.152542373,0.06779661,0.016949153,1.288135593,0.084745763,0.06779661,0.084745763,0.016949153,0.033898305,0.203389831,0.016949153,0.13559322,0.033898305,0.271186441,0.06779661,0.152542373,0.220338983,0.033898305,4.593220339,0.06779661,0.101694915,36249,59,0.610962434,0.936507937,0.595959596,1,26.44,10.05645504,7.961289064,80.44057626,644.5423729,456.1186441,0.735294118,2,648,664,0,0,0,0,0
911801,658,0.187878788,0.16969697,0.351515152,0.036363636,0.036363636,0.03030303,0.509090909,1.157575758,0.006060606,0.163636364,0.024242424,0.036363636,1.066666667,0.193939394,0.084848485,0.193939394,0.042424242,0.006060606,0.16969697,0,0.206060606,0.054545455,0.56969697,0.157575758,0.242424242,0.412121212,0.072727273,5.618181818,0.066666667,0.048484848,36359,165,0.663573663,0.970588235,0.733333333,1,43.377,16.82814216,12.58931743,48.00617084,540.4242424,457.0060606,0,0,0,0,0,0,0,0,0
911801,659,0.11,0.14,0.22,0.03,0.05,0.02,0.4,1.07,0.1,0.24,0.02,0.04,0.84,0.16,0.03,0.19,0.05,0.04,0.21,0.02,0.25,0.14,0.44,0.17,0.18,0.31,0.04,6.61,0.06,0.03,36414,100,0.560692075,0.970873786,0.757575758,1,33.155,12.54014035,10.38354211,38.075425,504.5,457.64,0.69047619,2,647,661,0,0,0,0,0
911801,660,0.174825175,0.118881119,0.111888112,0.06993007,0.041958042,0.06993007,0.538461538,0.692307692,0.020979021,0.174825175,0.020979021,0.013986014,0.748251748,0.132867133,0.090909091,0.132867133,0.013986014,0.027972028,0.202797203,0.013986014,0.195804196,0.111888112,0.370629371,0.167832168,0.181818182,0.174825175,0.041958042,5.524475524,0.076923077,0.048951049,36470,143,0.714294947,0.966216216,0.8125,1,41.665,16.25978693,11.37932715,80.62467078,664.2307692,458.993007,0.269230769,2,648,653,0,0,0,0,0
911801,661,0.166666667,0.128787879,0.371212121,0.083333333,0.022727273,0.053030303,0.825757576,1.265151515,0.060606061,0.21969697,0.037878788,0.037878788,0.946969697,0.212121212,0.068181818,0.181818182,0.03030303,0.053030303,0.287878788,0.007575758,0.325757576,0.106060606,0.886363636,0.189393939,0.333333333,0.318181818,0.015151515,8.946969697,0.060606061,0.121212121,36525,132,0.787518729,0.891891892,0.634615385,1,41.872,16.93265997,10.4354412,67.44842672,513.7727273,458.9469697,0.754716981,3,650,659,662,0,0,0,0
911801,662,0.172413793,0.120689655,0.275862069,0.068965517,0.017241379,0.103448276,0.724137931,1.155172414,0.034482759,0.103448276,0.017241379,0.051724138,0.620689655,0.137931034,0,0.137931034,0.017241379,0.034482759,0.051724138,0,0.172413793,0.051724138,0.224137931,0.224137931,0.189655172,0.155172414,0.051724138,5.75862069,0.034482759,0.068965517,36580,58,0.790775342,0.950819672,0.725,1,25.1,11.08672308,6.786255186,30.58031277,522.2413793,460.4310345,0.71875,2,650,661,0,0,0,0,0
911801,663,0.40776699,0.126213592,0.155339806,0.038834951,0.019417476,0,0.747572816,0.941747573,0.038834951,0.077669903,0.029126214,0.019417476,2.737864078,0.106796117,0.029126214,0.13592233,0.019417476,0.019417476,0.126213592,0,0.300970874,0.106796117,0.417475728,0.165048544,0.213592233,0.213592233,0.019417476,5.572815534,0.029126214,0.058252427,36636,103,0.558799057,0.953703704,0.72027972,1,33.825,12.65417649,10.49414766,86.23556832,173.5048544,459.1747573,0,0,0,0,0,0,0,0,0
911801,664,0.177570093,0.214953271,0.186915888,0.018691589,0.028037383,0.056074766,0.401869159,0.738317757,0.037383178,0.299065421,0.028037383,0.065420561,0.859813084,0.177570093,0.028037383,0.121495327,0.028037383,0.009345794,0.280373832,0,0.327102804,0.158878505,0.327102804,0.112149533,0.23364486,0.38317757,0.056074766,5.140186916,0.028037383,0.056074766,36691,107,0.355116753,0.946902655,0.685897436,1,34.586,12.25849964,11.45951463,-11.97824138,649.4579439,463.4953271,0.434782609,2,648,656,0,0,0,0,0
911801,665,0.129032258,0.161290323,0.440860215,0.086021505,0.010752688,0.075268817,0.451612903,0.913978495,0.032258065,0.225806452,0.043010753,0.021505376,0.76344086,0.193548387,0.075268817,0.064516129,0.021505376,0.010752688,0.247311828,0.010752688,0.268817204,0.215053763,0.849462366,0.150537634,0.075268817,0.569892473,0.075268817,7.032258065,0.053763441,0.139784946,36746,93,0.595484163,0.948979592,0.645833333,1,32.717,12.26393305,9.852439673,29.9690579,714.7956989,461.6236559,0.333333333,1,678,0,0,0,0,0,0
911801,666,0.219298246,0.131578947,0.254385965,0.035087719,0,0.01754386,0.684210526,1.043859649,0.035087719,0.114035088,0.052631579,0.00877193,0.675438596,0.166666667,0.649122807,0.122807018,0.061403509,0.035087719,0.51754386,0,0.342105263,0.122807018,0.403508772,0.210526316,0.192982456,0.315789474,0.078947368,8.429824561,0.035087719,0.149122807,36801,114,0.441244134,0.93442623,0.674556213,1,36.091,12.88294996,11.56099315,-33.94849908,729.6052632,461.2368421,0.319148936,2,639,678,0,0,0,0,0
911801,667,0.20754717,0.099056604,0.089622642,0.023584906,0.023584906,0.023584906,0.490566038,0.556603774,0.04245283,0.188679245,0.037735849,0.04245283,1.551886792,0.146226415,0.018867925,0.108490566,0.023584906,0.009433962,0.155660377,0.014150943,0.297169811,0.117924528,0.235849057,0.169811321,0.113207547,0.311320755,0.080188679,3.745283019,0.028301887,0.056603774,36857,212,0.685782075,0.925764192,0.697368421,1,52.35,19.52080824,14.20737975,19.33601875,802.9339623,463.1509434,0,0,0,0,0,0,0,0,0
911801,668,0.203883495,0.077669903,0.13592233,0.019417476,0.019417476,0.097087379,0.563106796,1.194174757,0.019417476,0.194174757,0.038834951,0.019417476,1.097087379,0.184466019,0.300970874,0.165048544,0.038834951,0.067961165,0.466019417,0.009708738,0.310679612,0.116504854,0.339805825,0.145631068,0.32038835,0.194174757,0.077669903,6.233009709,0.077669903,0.048543689,36912,103,0.689239936,0.936363636,0.668831169,1,35.049,13.62370211,9.870824043,79.07017749,353.4174757,464.038835,0.204545455,1,649,0,0,0,0,0,0
911801,669,0.24,0.128,0.16,0.024,0.024,0.04,0.872,0.936,0.016,0.224,0.024,0.08,1.336,0.2,0.04,0.192,0.048,0.04,0.192,0.008,0.344,0.12,0.368,0.144,0.2,0.392,0.032,6.744,0.056,0.08,36967,125,0.762576984,0.892857143,0.595238095,1,42.335,16.45410814,10.64412101,29.68339324,749.536,467.928,0.471698113,1,688,0,0,0,0,0,0
911801,670,0.25,0.103448276,0.181034483,0.034482759,0.043103448,0.060344828,1.232758621,1.353448276,0.051724138,0.284482759,0.043103448,0.034482759,0.870689655,0.24137931,0.043103448,0.24137931,0.034482759,0.025862069,0.301724138,0.017241379,0.181034483,0.086206897,0.689655172,0.137931034,0.517241379,0.396551724,0.086206897,11.44827586,0.103448276,0.068965517,37022,116,0.629193894,0.913385827,0.69047619,1,38.853,14.04421388,10.91584249,21.40465243,213.5258621,466.2844828,0.739130435,4,652,655,686,703,0,0,0
911801,671,0.225352113,0.077464789,0.225352113,0.014084507,0.021126761,0.056338028,0.514084507,0.971830986,0.021126761,0.204225352,0.021126761,0.035211268,0.908450704,0.14084507,0.014084507,0.098591549,0.021126761,0.028169014,0.14084507,0.007042254,0.232394366,0.077464789,0.443661972,0.161971831,0.105633803,0.190140845,0.105633803,5,0.11971831,0.098591549,37078,142,0.527311905,0.946666667,0.728205128,1,40.838,14.72559825,12.51192547,-69.41285389,294.3873239,466.415493,0.254901961,1,693,0,0,0,0,0,0
911801,672,0.115789474,0.063157895,0.136842105,0.031578947,0.031578947,0.052631579,0.557894737,0.915789474,0.052631579,0.189473684,0.010526316,0.042105263,0.684210526,0.094736842,0.094736842,0.084210526,0.031578947,0.010526316,0.210526316,0,0.378947368,0.136842105,0.326315789,0.178947368,0.136842105,0.221052632,0.031578947,5.684210526,0.042105263,0.063157895,37133,95,0.547876482,0.95959596,0.71969697,1,31.865,12.09174961,10.11546485,-55.8534282,336.8842105,467.3684211,0.119047619,1,654,0,0,0,0,0,0
911801,673,0.327586207,0.103448276,0.284482759,0.034482759,0.00862069,0.034482759,1.017241379,1.051724138,0.025862069,0.25,0.00862069,0.025862069,1.224137931,0.517241379,0.077586207,0.120689655,0.025862069,0.068965517,0.215517241,0,0.198275862,0.146551724,1.543103448,0.163793103,0.474137931,0.24137931,0.112068966,4.594827586,0.034482759,0.060344828,37188,116,0.470527155,0.935483871,0.69047619,1,37.092,13.10097921,11.56011428,-81.67931375,485.4827586,466.9741379,0.553191489,3,657,675,682,0,0,0,0
911801,674,0.108333333,0.116666667,0.291666667,0.025,0.016666667,0.033333333,0.433333333,0.858333333,0.016666667,0.225,0.05,0.025,0.808333333,0.15,0.325,0.1,0.025,0.033333333,0.525,0.016666667,0.308333333,0.116666667,0.65,0.216666667,0.216666667,0.558333333,0.058333333,5.15,0.025,0.083333333,37243,120,0.803646138,0.869565217,0.615384615,1,41.872,16.45402878,9.791915217,31.65641502,407.35,468.925,0.442307692,2,685,702,0,0,0,0,0
911801,675,0.289156627,0.108433735,0.265060241,0.060240964,0.024096386,0.096385542,1.325301205,1.518072289,0.036144578,0.21686747,0.048192771,0.024096386,1.21686747,0.301204819,0.072289157,0.204819277,0.012048193,0.072289157,0.192771084,0.036144578,0.337349398,0.240963855,1.385542169,0.144578313,0.578313253,0.445783133,0.012048193,10.37349398,0.108433735,0.048192771,37299,83,0.55263171,0.943181818,0.754545455,1,31.443,11.46159255,9.55238439,14.68483921,475.2409639,467.9518072,0.810810811,3,657,673,682,0,0,0,0
911801,676,0.47706422,0.165137615,0.146788991,0.04587156,0.018348624,0.119266055,0.71559633,1.266055046,0.04587156,0.266055046,0.027522936,0.04587156,1.348623853,0.19266055,0.064220183,0.183486239,0.064220183,0.027522936,0.211009174,0.036697248,0.330275229,0.19266055,0.513761468,0.211009174,0.348623853,0.412844037,0.073394495,9.752293578,0.064220183,0.055045872,37354,109,0.639263013,0.915966387,0.698717949,1,37.447,13.85229075,10.65224766,-33.7036919,155.146789,470.587156,0.608695652,2,681,692,0,0,0,0,0
911801,677,0.202797203,0.167832168,0.237762238,0.020979021,0.027972028,0.062937063,0.839160839,1.118881119,0.048951049,0.181818182,0.048951049,0.055944056,0.797202797,0.237762238,0.27972028,0.174825175,0.027972028,0.055944056,0.447552448,0.006993007,0.272727273,0.111888112,0.692307692,0.167832168,0.20979021,0.314685315,0.06993007,7.174825175,0.041958042,0.06993007,37409,143,0.679559411,0.934640523,0.680952381,1,41.508,15.95641864,11.70595549,-39.16347812,570.8041958,468.7342657,0.056603774,1,695,0,0,0,0,0,0
911801,678,0.185714286,0.1,0.278571429,0.021428571,0.028571429,0.064285714,0.678571429,0.878571429,0.021428571,0.264285714,0.007142857,0.028571429,0.664285714,0.128571429,0.485714286,0.15,0.035714286,0.042857143,0.285714286,0.021428571,0.378571429,0.128571429,0.457142857,0.2,0.314285714,0.3,0.071428571,5.892857143,0.085714286,0.107142857,37464,140,0.737373425,0.921052632,0.633484163,1,42.84,16.51405956,11.15500499,-65.39972911,721.4142857,471.7571429,0.4,2,665,666,0,0,0,0,0
911801,679,0.32967033,0.131868132,0.153846154,0.054945055,0.010989011,0.087912088,0.538461538,0.901098901,0.043956044,0.098901099,0.010989011,0.043956044,0.681318681,0.241758242,0.021978022,0.263736264,0.010989011,0.010989011,0.131868132,0.010989011,0.197802198,0.087912088,0.274725275,0.131868132,0.263736264,0.252747253,0.054945055,5.241758242,0.043956044,0.032967033,37520,91,0.50842242,0.947916667,0.752066116,1,31.658,11.70350495,10.07797939,-51.01920824,63.6043956,471.3186813,0.1,1,697,0,0,0,0,0,0
911801,681,0.325581395,0.127906977,0.139534884,0.011627907,0.011627907,0.011627907,0.534883721,0.593023256,0,0.209302326,0.046511628,0.011627907,1.790697674,0.220930233,0.046511628,0.069767442,0.034883721,0.011627907,0.139534884,0.023255814,0.313953488,0.104651163,0.186046512,0.127906977,0.220930233,0.209302326,0.093023256,4.837209302,0.023255814,0.034883721,37630,86,0.246688548,0.945054945,0.781818182,1,30.707,10.70793685,10.37700608,67.10431873,166.2790698,472.4767442,0.648648649,4,676,684,700,710,0,0,0
911801,682,0.183098592,0.126760563,0.154929577,0.028169014,0.028169014,0.056338028,0.591549296,0.676056338,0.028169014,0.183098592,0.070422535,0.028169014,0.690140845,0.112676056,0.014084507,0.098591549,0,0.028169014,0.056338028,0,0.225352113,0.126760563,0.464788732,0.14084507,0.211267606,0.408450704,0.056338028,7.704225352,0.056338028,0.169014085,37685,71,0.76399526,0.959459459,0.682692308,1,29.227,11.99939696,7.742273168,-10.23724795,479.1971831,475.1267606,0.611111111,2,673,675,0,0,0,0,0
911801,683,0.165898618,0.064516129,0.175115207,0.041474654,0.01843318,0.069124424,0.359447005,0.852534562,0.023041475,0.262672811,0.013824885,0.050691244,1.064516129,0.156682028,0.152073733,0.133640553,0.050691244,0.046082949,0.294930876,0.004608295,0.387096774,0.161290323,0.912442396,0.170506912,0.35483871,0.35483871,0.059907834,6.235023041,0.059907834,0.046082949,37741,217,0.391196195,0.943478261,0.709150327,1,52.491,17.52516089,16.12853361,44.89976345,111.3271889,473.9539171,0,0,0,0,0,0,0,0,0
911801,684,0.337209302,0.151162791,0.174418605,0,0.023255814,0.023255814,0.813953488,0.604651163,0.011627907,0.279069767,0.023255814,0.034883721,3.093023256,0.174418605,0.023255814,0.104651163,0.011627907,0.011627907,0.26744186,0,0.209302326,0.093023256,0.23255814,0.220930233,0.302325581,0.279069767,0.069767442,4.569767442,0.011627907,0.058139535,37796,86,0.753984444,0.895833333,0.597222222,1,34.197,13.39014199,8.79588081,-43.52549936,180.0581395,475.6860465,0.511627907,2,681,700,0,0,0,0,0
911801,685,0.112903226,0.129032258,0.435483871,0.048387097,0.064516129,0.048387097,0.564516129,0.64516129,0.048387097,0.387096774,0.032258065,0.048387097,0.709677419,0.161290323,0.129032258,0.161290323,0.064516129,0.129032258,0.467741935,0.016129032,0.564516129,0.225806452,0.935483871,0.258064516,0.290322581,0.387096774,0.048387097,6.290322581,0.048387097,0.080645161,37851,62,0.218808585,0.953846154,0.765432099,1,25.472,9.117320403,8.896387688,72.07442649,409.983871,476.483871,0.75,2,674,702,0,0,0,0,0
911801,686,0.236111111,0.131944444,0.201388889,0.055555556,0.006944444,0.027777778,0.486111111,0.826388889,0.069444444,0.236111111,0.027777778,0.027777778,1.256944444,0.138888889,0.034722222,0.097222222,0.048611111,0.041666667,0.243055556,0.020833333,0.375,0.166666667,0.291666667,0.25,0.215277778,0.381944444,0.076388889,5.111111111,0.090277778,0.055555556,37906,144,0.149543302,0.847058824,0.5625,1,47.57,14.55018545,14.38657119,-70.93843184,219.6805556,476.5902778,0.813559322,3,670,703,706,0,0,0,0
911801,687,0.252173913,0.095652174,0.243478261,0.034782609,0,0.026086957,0.686956522,1.017391304,0.069565217,0.252173913,0.017391304,0.043478261,0.947826087,0.226086957,0.182608696,0.191304348,0.095652174,0.017391304,0.269565217,0.008695652,0.295652174,0.12173913,0.408695652,0.173913043,0.182608696,0.313043478,0.034782609,7.643478261,0.086956522,0.086956522,37962,115,0.717895331,0.942622951,0.680473373,1,37.191,14.66893029,10.21179132,37.12535413,542.2695652,477.9217391,0,0,0,0,0,0,0,0,0
911801,688,0.213043478,0.069565217,0.152173913,0.013043478,0,0.043478261,0.652173913,0.630434783,0.013043478,0.213043478,0.02173913,0.013043478,1.57826087,0.126086957,0.052173913,0.104347826,0.026086957,0.02173913,0.156521739,0.004347826,0.295652174,0.091304348,0.226086957,0.12173913,0.169565217,0.243478261,0.047826087,4.056521739,0.069565217,0.043478261,38017,230,0.683606558,0.901960784,0.608465608,1,57.974,20.73407027,15.13277613,-15.13114926,755.7043478,477.4956522,0.369863014,1,669,0,0,0,0,0,0
911801,689,0.208333333,0.114583333,0.239583333,0.03125,0.020833333,0,0.9375,0.854166667,0.0625,0.5625,0.041666667,0.03125,0.854166667,0.229166667,0.0625,0.114583333,0.03125,0.020833333,0.15625,0,0.59375,0.114583333,0.375,0.135416667,0.1875,0.302083333,0.03125,4.666666667,0.083333333,0.09375,38072,96,0.712622168,0.880733945,0.623376623,1,37.952,13.90468628,9.754805337,14.16979646,813.6145833,474.3020833,0.541666667,2,705,711,0,0,0,0,0
911801,690,0.333333333,0.277777778,0.144444444,0.055555556,0.044444444,0.033333333,0.833333333,1.422222222,0.011111111,0.177777778,0.033333333,0.044444444,0.988888889,0.255555556,0.044444444,0.166666667,0.033333333,0.033333333,0.255555556,0,0.333333333,0.155555556,1.811111111,0.133333333,0.555555556,0.244444444,0.077777778,7.433333333,0.055555556,0.122222222,38127,90,0.71763591,0.849056604,0.584415584,1,36.546,13.45098951,9.367517681,83.79343187,611.5555556,477.5666667,0.52173913,3,701,704,720,0,0,0,0
911801,691,0.330357143,0.080357143,0.214285714,0.098214286,0,0.035714286,0.589285714,1.205357143,0.080357143,0.196428571,0.017857143,0.035714286,0.857142857,0.205357143,0.142857143,0.151785714,0.017857143,0.035714286,0.241071429,0.035714286,0.4375,0.098214286,0.455357143,0.214285714,0.1875,0.303571429,0.053571429,8.098214286,0.053571429,0.116071429,38183,112,0.551281693,0.949152542,0.717948718,1,36.157,13.18851293,11.00342931,44.63569923,674.4375,476.2857143,0.311111111,1,712,0,0,0,0,0,0
911801,692,0.186813187,0.054945055,0.153846154,0.021978022,0,0.076923077,0.505494505,0.989010989,0,0.120879121,0.032967033,0.043956044,0.604395604,0.197802198,0.010989011,0.120879121,0.032967033,0.043956044,0.164835165,0.010989011,0.318681319,0.10989011,0.32967033,0.142857143,0.230769231,0.351648352,0.032967033,5.032967033,0.098901099,0.065934066,38238,91,0.604560193,0.947916667,0.758333333,1,31.749,12.17709015,9.699776356,-19.46548309,151.3846154,478.6043956,0.425,1,676,0,0,0,0,0,0
911801,693,0.331395349,0.139534884,0.273255814,0.075581395,0.023255814,0.023255814,0.697674419,0.680232558,0.023255814,0.226744186,0.034883721,0.005813953,0.790697674,0.209302326,0.656976744,0.145348837,0.040697674,0.052325581,0.255813953,0,0.313953488,0.11627907,0.470930233,0.226744186,0.261627907,0.51744186,0.069767442,5.645348837,0.01744186,0.063953488,38293,172,0.51486624,0.950276243,0.671875,1,46.007,16.28718152,13.96252067,51.86763951,285.9534884,477.6046512,0.266666667,2,671,707,0,0,0,0,0
911801,694,0.315384615,0.123076923,0.084615385,0.030769231,0.015384615,0.076923077,0.592307692,0.969230769,0.053846154,0.138461538,0,0.038461538,1.153846154,0.123076923,0.023076923,0.153846154,0.023076923,0.023076923,0.169230769,0.007692308,0.146153846,0.123076923,0.561538462,0.184615385,0.184615385,0.092307692,0.107692308,5.376923077,0.053846154,0.115384615,38348,130,0.700196265,0.921985816,0.677083333,1,40.011,15.37487786,10.97690038,-80.47177112,315.0153846,477.6384615,0,0,0,0,0,0,0,0,0
911801,695,0.266666667,0.158333333,0.35,0.075,0.016666667,0.025,0.758333333,1.341666667,0.041666667,0.233333333,0.041666667,0.041666667,0.708333333,0.3,0.041666667,0.183333333,0.041666667,0.05,0.5,0.008333333,0.25,0.2,0.933333333,0.2,0.375,0.358333333,0.091666667,8.45,0.041666667,0.15,38404,120,0.734223255,0.952380952,0.659340659,1,37.497,15.17230264,10.30059919,-50.54656044,560.8916667,477.6666667,0.04,1,677,0,0,0,0,0,0
911801,696,0.292682927,0.113821138,0.146341463,0.048780488,0.024390244,0.12195122,0.585365854,1.081300813,0.032520325,0.18699187,0.016260163,0.008130081,1.056910569,0.18699187,0.008130081,0.146341463,0.024390244,0.040650407,0.195121951,0.056910569,0.243902439,0.081300813,0.25203252,0.170731707,0.170731707,0.276422764,0.040650407,5.56097561,0.040650407,0.097560976,38459,123,0.6522743,0.92481203,0.683333333,1,39.73,14.64638454,11.10171059,6.423261918,656.1788618,478,0.32,1,713,0,0,0,0,0,0
911801,697,0.357142857,0.169642857,0.330357143,0.026785714,0.008928571,0.053571429,1.258928571,1.955357143,0.071428571,0.232142857,0.044642857,0.017857143,1.080357143,0.223214286,0.267857143,0.151785714,0.125,0.026785714,0.294642857,0.017857143,0.25,0.169642857,1.883928571,0.223214286,0.705357143,0.303571429,0.098214286,9.741071429,0.0625,0.125,38514,112,0.363796389,0.949152542,0.662721893,1,35.537,12.48308623,11.62772638,19.8728405,74.95535714,479.1696429,0.085106383,1,679,0,0,0,0,0,0
911801,698,0.208,0.104,0.184,0.032,0,0.008,0.624,0.936,0.032,0.12,0.016,0.024,0.96,0.12,0.04,0.096,0.024,0.016,0.152,0.016,0.248,0.128,0.424,0.104,0.208,0.264,0.056,4.528,0.024,0.056,38570,125,0.682753805,0.925925926,0.641025641,1,39.457,15.08935247,11.02501286,36.84225859,384.232,481.376,0.196078431,1,702,0,0,0,0,0,0
911801,699,0.127819549,0.127819549,0.248120301,0.030075188,0.022556391,0.045112782,0.45112782,0.939849624,0.022556391,0.165413534,0.015037594,0.030075188,0.864661654,0.15037594,0.07518797,0.120300752,0.060150376,0.030075188,0.240601504,0,0.233082707,0.105263158,0.360902256,0.210526316,0.135338346,0.270676692,0.045112782,4.330827068,0.045112782,0.090225564,38625,133,0.762847917,0.943262411,0.651960784,1,40.954,16.34030947,10.56528394,-10.82879686,14.03759398,479.9323308,0,0,0,0,0,0,0,0,0
911801,700,0.255555556,0.1,0.155555556,0,0.022222222,0.044444444,0.333333333,0.633333333,0,0.222222222,0.033333333,0.011111111,1.577777778,0.211111111,0.055555556,0.166666667,0.044444444,0.022222222,0.077777778,0,0.277777778,0.022222222,0.244444444,0.233333333,0.111111111,0.222222222,0,3.788888889,0.033333333,0.033333333,38680,90,0.661669004,0.918367347,0.625,1,33.271,12.60290703,9.449610017,-44.04200782,174.9666667,481.1555556,0.80952381,3,681,684,710,0,0,0,0
911801,701,0.298507463,0.074626866,0.194029851,0.014925373,0.014925373,0.014925373,0.462686567,0.731343284,0.059701493,0.134328358,0.014925373,0.029850746,0.791044776,0.164179104,0,0.208955224,0.074626866,0.014925373,0.28358209,0.029850746,0.179104478,0.104477612,0.432835821,0.253731343,0.268656716,0.402985075,0.014925373,5.910447761,0.029850746,0.029850746,38735,67,0.700861114,0.971014493,0.609090909,1,27.846,11.12211435,7.933379293,47.80747433,600.4925373,479.7761194,0.583333333,2,690,704,0,0,0,0,0
911801,702,0.15942029,0.152173913,0.188405797,0.007246377,0.014492754,0.057971014,0.594202899,1.275362319,0.028985507,0.152173913,0.050724638,0.036231884,1.137681159,0.18115942,0.275362319,0.123188406,0.02173913,0.028985507,0.275362319,0.007246377,0.188405797,0.101449275,0.615942029,0.15942029,0.260869565,0.210144928,0.086956522,7.891304348,0.137681159,0.202898551,38791,138,0.673926835,0.926174497,0.663461538,1,41.781,15.67689726,11.58206179,29.56016824,398.5652174,479.8478261,0.528301887,3,674,685,698,0,0,0,0
911801,703,0.306930693,0.079207921,0.207920792,0.01980198,0,0.04950495,0.435643564,1.00990099,0.01980198,0.128712871,0.02970297,0,1,0.188118812,0.04950495,0.069306931,0.02970297,0.02970297,0.178217822,0,0.237623762,0.148514851,0.396039604,0.148514851,0.128712871,0.326732673,0.059405941,6.376237624,0.02970297,0.02970297,38846,101,0.59010343,0.952830189,0.647435897,1,35.223,12.92433649,10.43417426,59.46022375,210.0594059,480.7821782,0.431818182,2,670,686,0,0,0,0,0
911801,704,0.661764706,0.279411765,0.161764706,0.014705882,0.014705882,0,1.367647059,1.323529412,0.029411765,0.132352941,0.058823529,0.029411765,1.279411765,0.205882353,0.073529412,0.176470588,0.029411765,0.088235294,0.279411765,0.029411765,0.205882353,0.161764706,1.352941176,0.367647059,0.382352941,0.367647059,0.044117647,9.367647059,0.132352941,0.205882353,38901,68,0.83217243,0.790697674,0.53968254,1,34.305,13.51869764,7.496346965,70.14334531,605.3382353,483.5147059,1,3,690,701,720,0,0,0,0
911801,705,0.174418605,0.081395349,0.23255814,0.011627907,0.023255814,0.034883721,0.523255814,0.453488372,0.034883721,0.162790698,0.023255814,0.046511628,1.139534884,0.197674419,0.069767442,0.093023256,0.034883721,0.011627907,0.11627907,0.023255814,0.162790698,0.104651163,0.255813953,0.220930233,0.162790698,0.255813953,0.023255814,3.523255814,0.046511628,0.058139535,38956,86,0.658390261,0.767857143,0.477777778,1,42.889,13.93792472,10.49075164,3.425946368,816.4651163,481,0.823529412,2,689,711,0,0,0,0,0
911801,707,0.369230769,0.1,0.246153846,0.023076923,0.030769231,0.038461538,0.792307692,1.138461538,0.023076923,0.115384615,0.030769231,0.038461538,1.392307692,0.138461538,0.053846154,0.1,0.030769231,0.015384615,0.146153846,0,0.238461538,0.161538462,0.392307692,0.169230769,0.192307692,0.346153846,0.069230769,6.3,0.030769231,0.069230769,39067,130,0.620431969,0.955882353,0.663265306,1,38.994,14.65405418,11.49259249,40.524416,300.4692308,483.5692308,0.039215686,1,693,0,0,0,0,0,0
911801,708,0.238095238,0.095238095,0.19047619,0.031746032,0.03968254,0.047619048,0.777777778,1.03968254,0.007936508,0.206349206,0.071428571,0.007936508,0.944444444,0.214285714,0.071428571,0.142857143,0.063492063,0.023809524,0.222222222,0.007936508,0.134920635,0.047619048,0.428571429,0.150793651,0.198412698,0.19047619,0.111111111,5.634920635,0.087301587,0.03968254,39122,126,0.632682641,0.954545455,0.75,1,37.381,14.46411197,11.20117001,67.13553649,348.4444444,484.6269841,0,0,0,0,0,0,0,0,0
911801,710,0.258426966,0.123595506,0.134831461,0.06741573,0.033707865,0.011235955,0.539325843,0.93258427,0.033707865,0.101123596,0.04494382,0.078651685,1.247191011,0.191011236,0.06741573,0.146067416,0.056179775,0.078651685,0.101123596,0,0.179775281,0.08988764,0.325842697,0.101123596,0.235955056,0.157303371,0.101123596,6.460674157,0.04494382,0.04494382,39233,89,0.370729867,0.936842105,0.674242424,1,31.592,11.18120096,10.38443688,-12.49623953,165.2696629,483.0337079,0.853658537,3,681,700,718,0,0,0,0
911801,711,0.2,0.070588235,0.105882353,0.035294118,0.023529412,0.047058824,0.564705882,0.494117647,0.023529412,0.2,0.023529412,0.023529412,0.811764706,0.152941176,0.247058824,0.035294118,0.047058824,0.047058824,0.235294118,0,0.235294118,0.082352941,0.188235294,0.2,0.258823529,0.305882353,0.011764706,3.141176471,0.035294118,0.047058824,39288,85,0.772587009,0.934065934,0.653846154,1,31.774,13.23851511,8.405251096,19.86411628,807.9529412,485.6,0.428571429,2,689,705,0,0,0,0,0
911801,712,0.24,0.16,0.208,0.032,0.016,0.016,0.576,1.192,0.008,0.168,0.048,0.008,1.088,0.144,0.032,0.072,0.08,0.016,0.344,0,0.312,0.104,0.456,0.288,0.224,0.288,0.072,5.864,0.008,0.12,39343,125,0.783865225,0.925925926,0.710227273,1,39.432,16.24295178,10.08575233,9.371637206,679.88,484.968,0.4,2,691,721,0,0,0,0,0
911801,713,0.361445783,0.108433735,0.192771084,0.036144578,0.012048193,0.036144578,0.481927711,1.012048193,0.024096386,0.120481928,0.012048193,0.024096386,0.819277108,0.13253012,0.024096386,0.108433735,0.036144578,0.036144578,0.180722892,0,0.253012048,0.084337349,0.325301205,0.180722892,0.156626506,0.21686747,0.036144578,5.939759036,0.060240964,0.048192771,39398,83,0.799091158,0.93258427,0.638461538,1,32.229,13.51887228,8.127679607,28.62115073,658.4216867,486.5301205,0.902439024,3,696,721,724,0,0,0,0
911801,714,0.11827957,0.064516129,0.247311828,0,0.010752688,0.032258065,0.483870968,1.193548387,0.032258065,0.161290323,0.064516129,0.010752688,0.623655914,0.301075269,0.129032258,0.182795699,0.086021505,0.064516129,0.548387097,0.021505376,0.279569892,0.129032258,0.537634409,0.225806452,0.258064516,0.258064516,0.172043011,6.52688172,0.075268817,0.064516129,39454,93,0.570332402,0.939393939,0.704545455,1,32.237,12.13790814,9.970247615,-32.97900704,31.38709677,488.1612903,0,0,0,0,0,0,0,0,0
911801,715,0.373493976,0.060240964,0.240963855,0.060240964,0.024096386,0.048192771,1.084337349,1.036144578,0.036144578,0.168674699,0.024096386,0.048192771,0.710843373,0.096385542,0.060240964,0.156626506,0.012048193,0.024096386,0.253012048,0.012048193,0.144578313,0.096385542,0.481927711,0.192771084,0.144578313,0.277108434,0.048192771,6.855421687,0.060240964,0.156626506,39509,83,0.802535566,0.882978723,0.592857143,1,34.007,13.76173919,8.210312492,67.80549185,232.2891566,488.0963855,0.452380952,1,706,0,0,0,0,0,0
911801,716,0.255319149,0.053191489,0.159574468,0.063829787,0.021276596,0.021276596,0.531914894,0.765957447,0.021276596,0.14893617,0.021276596,0.031914894,0.882978723,0.117021277,0.021276596,0.085106383,0.031914894,0.010638298,0.159574468,0.010638298,0.223404255,0.074468085,0.563829787,0.074468085,0.212765957,0.329787234,0.010638298,4.819148936,0.021276596,0.042553191,39564,94,0.62756391,0.949494949,0.723076923,1,32.51,12.47898223,9.715699433,3.278820958,263.7446809,489.8510638,0.268292683,1,723,0,0,0,0,0,0
911801,717,0.25,0.08,0.19,0.01,0.03,0.05,0.81,0.92,0.05,0.21,0.01,0.04,1.27,0.19,0.05,0.14,0.1,0.03,0.23,0,0.14,0.08,0.4,0.12,0.17,0.3,0.06,8,0.04,0.1,39619,100,0.735911812,0.961538462,0.793650794,1,33.618,13.77519763,9.326874982,6.661123462,476.5,490,0,0,0,0,0,0,0,0,0
911801,718,0.166666667,0.077777778,0.333333333,0.011111111,0.033333333,0.022222222,0.388888889,1.111111111,0.011111111,0.155555556,0,0.022222222,0.888888889,0.177777778,0.055555556,0.088888889,0.055555556,0.033333333,0.122222222,0.011111111,0.233333333,0.166666667,0.333333333,0.122222222,0.1,0.4,0.022222222,6.522222222,0.122222222,0.033333333,39675,90,0.57635696,0.947368421,0.625,1,32.254,11.95136481,9.766632034,37.17474228,159.5,491.5,0.333333333,1,710,0,0,0,0,0,0
911801,719,0.236363636,0.109090909,0.227272727,0.027272727,0.027272727,0.072727273,0.709090909,1.327272727,0.009090909,0.272727273,0.009090909,0.045454545,1.090909091,0.181818182,0.081818182,0.181818182,0.027272727,0.036363636,0.181818182,0,0.327272727,0.136363636,0.509090909,0.245454545,0.245454545,0.236363636,0.081818182,7.572727273,0.027272727,0.090909091,39730,110,0.647575479,0.956521739,0.714285714,1,35.603,13.67163379,10.41780288,-14.54969293,333.0363636,489.9909091,0,0,0,0,0,0,0,0,0
911801,720,0.330188679,0.141509434,0.150943396,0.018867925,0.028301887,0.037735849,1.169811321,0.867924528,0.018867925,0.141509434,0.018867925,0.047169811,1.29245283,0.122641509,0.08490566,0.160377358,0.037735849,0.018867925,0.301886792,0,0.245283019,0.066037736,0.5,0.169811321,0.198113208,0.169811321,0.047169811,5.905660377,0.075471698,0.08490566,39785,106,0.77649494,0.954954955,0.627218935,1,35.802,14.82066047,9.338846241,41.51191724,609.8301887,490.6415094,0.404255319,2,690,704,0,0,0,0,0
911801,721,0.25,0.118421053,0.171052632,0.039473684,0,0.013157895,0.723684211,0.763157895,0.026315789,0.118421053,0.039473684,0.039473684,0.697368421,0.092105263,0.013157895,0.157894737,0.026315789,0.052631579,0.144736842,0,0.25,0.065789474,0.407894737,0.184210526,0.131578947,0.263157895,0.052631579,4.5,0.052631579,0.065789474,39840,76,0.766145252,0.808510638,0.493506494,1,36.282,13.11639706,8.429481461,10.33826668,665.3552632,491.2105263,0.911111111,4,712,713,724,725,0,0,0
911801,722,0.163461538,0.125,0.346153846,0.028846154,0.019230769,0.028846154,0.923076923,1.086538462,0.048076923,0.153846154,0.019230769,0.038461538,0.913461538,0.057692308,0.019230769,0.134615385,0.028846154,0.057692308,0.153846154,0.028846154,0.298076923,0.086538462,0.461538462,0.182692308,0.173076923,0.230769231,0.057692308,8.057692308,0.038461538,0.115384615,39896,104,0.657246158,0.945454545,0.675324675,1,35.231,13.38388465,10.08711242,18.98057884,552.7692308,492.4711538,0,0,0,0,0,0,0,0,0
911801,723,0.208588957,0.134969325,0.141104294,0.024539877,0.012269939,0.030674847,0.460122699,0.539877301,0.049079755,0.147239264,0.012269939,0.006134969,1.288343558,0.153374233,0.073619632,0.085889571,0.061349693,0.024539877,0.165644172,0.024539877,0.26993865,0.110429448,0.374233129,0.202453988,0.122699387,0.331288344,0.061349693,2.705521472,0.024539877,0.036809816,39951,163,0.719253509,0.936781609,0.639215686,1,45.362,17.53415573,12.18181467,60.65819101,274.595092,494.5889571,0.237288136,1,716,0,0,0,0,0,0
911801,724,0.355263158,0.092105263,0.223684211,0.013157895,0.052631579,0.039473684,0.671052632,1.065789474,0.013157895,0.223684211,0.026315789,0,0.763157895,0.25,0.131578947,0.131578947,0.039473684,0.013157895,0.460526316,0,0.289473684,0.131578947,0.25,0.144736842,0.210526316,0.434210526,0.052631579,6.578947368,0.039473684,0.052631579,40006,76,0.660525181,0.962025316,0.64957265,1,30.261,11.52352904,8.651910457,-6.614142368,657.1710526,496.0394737,1,5,713,721,725,729,733,0,0
911801,725,0.224137931,0.155172414,0.137931034,0,0,0.017241379,0.672413793,0.931034483,0,0.103448276,0,0.034482759,0.603448276,0.120689655,0.017241379,0.120689655,0.051724138,0.017241379,0.172413793,0,0.155172414,0.137931034,0.448275862,0.189655172,0.172413793,0.310344828,0.051724138,5.913793103,0.051724138,0.137931034,40061,58,0.804366763,0.935483871,0.753246753,1,26.506,11.41792247,6.783765392,10.86170886,669.862069,496.0517241,1,3,721,724,730,0,0,0,0
911801,726,0.54,0.11,0.17,0.03,0.02,0.05,0.46,0.94,0.03,0.12,0,0,0.81,0.25,0.03,0.15,0.05,0.02,0.16,0,0.28,0.09,0.45,0.15,0.13,0.42,0.14,6.86,0.01,0.08,40117,100,0.470370838,0.952380952,0.699300699,1,33.552,12.13992163,10.7131027,20.4067682,205.2,496.68,0,0,0,0,0,0,0,0,0
911801,727,0.244680851,0.106382979,0.159574468,0.010638298,0,0.010638298,0.670212766,0.531914894,0.021276596,0.14893617,0.053191489,0,1.138297872,0.170212766,0.042553191,0.14893617,0.031914894,0.010638298,0.255319149,0.010638298,0.191489362,0.042553191,0.319148936,0.223404255,0.20212766,0.265957447,0.042553191,5.893617021,0.042553191,0.031914894,40172,94,0.417240599,0.949494949,0.712121212,1,31.683,11.54965918,10.49628478,9.115047428,320.606383,498.2340426,0,0,0,0,0,0,0,0,0
911801,728,0.076923077,0.221153846,0.144230769,0.048076923,0.019230769,0.048076923,0.528846154,0.75,0.028846154,0.25,0,0.048076923,0.519230769,0.086538462,0.067307692,0.115384615,0.028846154,0.057692308,0.230769231,0.009615385,0.288461538,0.144230769,0.182692308,0.211538462,0.201923077,0.278846154,0.057692308,5.173076923,0.057692308,0.048076923,40227,104,0.642659038,0.945454545,0.722222222,1,34.015,13.22540299,10.13267304,47.63476416,809.4711538,500.4038462,0,0,0,0,0,0,0,0,0
911801,729,0.256410256,0.102564103,0.282051282,0.032051282,0.032051282,0.025641026,0.429487179,0.692307692,0.032051282,0.205128205,0.038461538,0.019230769,1.301282051,0.166666667,0.102564103,0.16025641,0.019230769,0.025641026,0.282051282,0,0.25,0.096153846,0.288461538,0.153846154,0.115384615,0.269230769,0.096153846,4.538461538,0.051282051,0.051282051,40282,156,0.780126192,0.939759036,0.655462185,1,45.238,18.04658734,11.2903455,32.87498332,647.4871795,503.75,0.672413793,4,724,733,743,744,0,0,0
911801,730,0.2875,0.1,0.1375,0.075,0.025,0.05,0.4125,0.775,0.025,0.1625,0.025,0.025,0.5625,0.1375,0.0375,0.1125,0.025,0.0125,0.1,0.0125,0.2,0.1125,0.325,0.125,0.1,0.275,0.0375,6.475,0.075,0.0375,40338,80,0.695793461,0.91954023,0.666666667,1,31.104,12.21619371,8.774182463,19.34074106,670.4625,502.5375,0.615384615,2,725,733,0,0,0,0,0
911801,731,0.138613861,0.079207921,0.237623762,0.02970297,0.02970297,0.079207921,0.455445545,1.069306931,0.02970297,0.148514851,0.00990099,0.01980198,0.455445545,0.138613861,0.059405941,0.128712871,0.00990099,0.02970297,0.148514851,0.00990099,0.178217822,0.069306931,0.851485149,0.138613861,0.217821782,0.326732673,0.03960396,5.534653465,0.00990099,0.069306931,40393,101,0.657066774,0.961904762,0.706293706,1,33.552,13.15254252,9.914812405,24.28365592,714.960396,502.3168317,0,0,0,0,0,0,0,0,0
911801,732,0.21875,0.083333333,0.208333333,0.020833333,0.03125,0.0625,0.822916667,1.0625,0.03125,0.21875,0.010416667,0.052083333,1.541666667,0.104166667,0.03125,0.041666667,0.03125,0,0.166666667,0.010416667,0.239583333,0.072916667,0.427083333,0.135416667,0.125,0.21875,0.0625,5.25,0.041666667,0.052083333,40448,96,0.686606455,0.932038835,0.671328671,1,33.37,13.12099651,9.539348661,27.71644994,448.0625,504.0833333,0,0,0,0,0,0,0,0,0
911801,733,0.2125,0.1,0.325,0.05,0.0375,0.0125,0.4375,0.775,0.0375,0.0875,0.0125,0,0.925,0.2,0.0375,0.15,0.025,0.05,0.2875,0.0125,0.2125,0.1625,0.3375,0.1125,0.1125,0.3,0.175,7.175,0.125,0.0625,40504,80,0.379092478,0.930232558,0.661157025,1,30.451,10.65276248,9.857627415,71.33405315,658.925,505.7125,0.631578947,3,724,729,730,0,0,0,0
911801,734,0.314814815,0.25,0.222222222,0.074074074,0.018518519,0.064814815,1.074074074,1.481481481,0.018518519,0.175925926,0.101851852,0.046296296,1.064814815,0.212962963,0.092592593,0.240740741,0.018518519,0.027777778,0.175925926,0,0.277777778,0.12037037,0.685185185,0.148148148,0.296296296,0.259259259,0.064814815,10.97222222,0.064814815,0.083333333,40559,108,0.762939178,0.923076923,0.654545455,1,36.827,14.85339664,9.602279348,77.04879863,140.9722222,505.5555556,0,0,0,0,0,0,0,0,0
911801,735,0.186666667,0.146666667,0.2,0,0.026666667,0.04,0.906666667,0.906666667,0.066666667,0.173333333,0.013333333,0.053333333,2.853333333,0.026666667,0.373333333,0.106666667,0,0.053333333,0.306666667,0.013333333,0.306666667,0.133333333,0.32,0.2,0.213333333,0.146666667,0.066666667,5.693333333,0.04,0.04,40614,75,0.761542617,0.882352941,0.576923077,1,31.956,12.37839733,8.02262298,-61.23306422,386.12,506.92,0.666666667,1,738,0,0,0,0,0,0
911801,736,0.289719626,0.130841121,0.214953271,0.018691589,0.018691589,0.018691589,0.607476636,1.056074766,0.037383178,0.112149533,0.037383178,0.018691589,0.822429907,0.252336449,0.009345794,0.14953271,0.065420561,0.046728972,0.242990654,0.018691589,0.271028037,0.065420561,0.485981308,0.130841121,0.196261682,0.271028037,0.056074766,6.102803738,0.028037383,0.065420561,40669,107,0.404925267,0.955357143,0.810606061,1,34.172,12.27062162,11.21964023,64.77363712,520.8598131,508.2897196,0,0,0,0,0,0,0,0,0
911801,737,0.17037037,0.088888889,0.140740741,0.014814815,0.007407407,0.02962963,0.22962963,0.496296296,0.037037037,0.214814815,0.022222222,0.044444444,0.874074074,0.118518519,0.051851852,0.096296296,0,0.051851852,0.207407407,0.007407407,0.288888889,0.185185185,1.111111111,0.125925926,0.155555556,0.274074074,0.044444444,3.081481481,0.02962963,0.022222222,40725,135,0.701214419,0.957446809,0.703125,1,40.284,15.62646499,11.14089518,60.65359513,70.44444444,510.4962963,0,0,0,0,0,0,0,0,0
911801,738,0.187192118,0.068965517,0.15270936,0.02955665,0.024630542,0.054187192,1.236453202,0.926108374,0.068965517,0.201970443,0.034482759,0.019704433,4.266009852,0.167487685,0.098522167,0.192118227,0.039408867,0.034482759,0.226600985,0,0.320197044,0.157635468,0.36453202,0.133004926,0.330049261,0.369458128,0.049261084,5.837438424,0.073891626,0.054187192,40780,203,0.650397779,0.852941176,0.593567251,1,58.578,19.49299182,14.80675557,-79.47404051,377.3596059,507.0098522,0.432432432,2,735,754,0,0,0,0,0
911801,739,0.208333333,0.239583333,0.177083333,0.041666667,0.041666667,0.020833333,0.614583333,0.520833333,0.041666667,0.177083333,0.052083333,0,0.677083333,0.125,0.010416667,0.114583333,0.020833333,0.052083333,0.260416667,0,0.270833333,0.083333333,0.5,0.15625,0.15625,0.3125,0.052083333,4.760416667,0.083333333,0.09375,40835,96,0.504042535,0.96,0.727272727,1,32.692,11.99240142,10.35758323,31.3327333,620.0625,510.2291667,0.292682927,1,747,0,0,0,0,0,0
911801,740,0.17,0.16,0.19,0.02,0.02,0.06,0.68,1.18,0.03,0.26,0.03,0.04,0.68,0.17,0.03,0.1,0.03,0.07,0.29,0.01,0.26,0.09,0.5,0.19,0.1,0.42,0.05,6.72,0.03,0.05,40890,100,0.746360446,0.952380952,0.649350649,1,34.867,14.03404646,9.340246611,27.19177394,556.84,510.33,0,0,0,0,0,0,0,0,0
911801,741,0.174377224,0.113879004,0.185053381,0.028469751,0.017793594,0.017793594,0.676156584,0.939501779,0.035587189,0.227758007,0.049822064,0.03202847,2.544483986,0.170818505,0.096085409,0.153024911,0.049822064,0.039145907,0.245551601,0,0.455516014,0.128113879,0.402135231,0.238434164,0.227758007,0.334519573,0.067615658,6.526690391,0.028469751,0.088967972,40946,281,0.841400236,0.915309446,0.591578947,1,65.98,26.7882228,14.47668978,64.51487888,340.8220641,517.1494662,0,0,0,0,0,0,0,0,0
911801,742,0.323809524,0.142857143,0.19047619,0.038095238,0.019047619,0.047619048,1.114285714,1.361904762,0.028571429,0.171428571,0.066666667,0.038095238,1.047619048,0.238095238,0.038095238,0.219047619,0.019047619,0.028571429,0.2,0.00952381,0.304761905,0.047619048,0.495238095,0.152380952,0.20952381,0.514285714,0.076190476,7.4,0.085714286,0.076190476,41001,105,0.75009627,0.921052632,0.7,1,37.282,14.58193599,9.643452067,-6.432138457,407.2,514.0761905,0.456521739,1,752,0,0,0,0,0,0
911801,743,0.1,0.142857143,0.114285714,0.1,0.014285714,0.085714286,0.428571429,0.742857143,0.014285714,0.185714286,0.014285714,0,1.1,0.114285714,0.114285714,0.128571429,0.028571429,0.042857143,0.342857143,0,0.085714286,0.028571429,0.285714286,0.114285714,0.142857143,0.185714286,0.071428571,3.628571429,0.028571429,0.028571429,41056,70,0.647501374,0.985915493,0.795454545,1,27.432,10.92370877,8.324568281,-87.43494945,637.7857143,513.7857143,0.882352941,3,729,744,747,0,0,0,0
911801,744,0.125,0.097222222,0.194444444,0.041666667,0.013888889,0.083333333,0.375,0.694444444,0.027777778,0.375,0.027777778,0.013888889,0.777777778,0.055555556,0.208333333,0.027777778,0.041666667,0.013888889,0.305555556,0.013888889,0.388888889,0.222222222,0.236111111,0.138888889,0.236111111,0.333333333,0.111111111,3.25,0.097222222,0.069444444,41111,72,0.707783854,0.888888889,0.654545455,1,30.798,11.8410703,8.364876148,49.10902321,645.0972222,514.9166667,0.621621622,2,729,743,0,0,0,0,0
911801,745,0.1875,0.1375,0.125,0.0125,0.025,0.025,0.5625,0.5375,0.0375,0.275,0.025,0.0875,2.3625,0.125,0.0375,0.1375,0,0.0375,0.3375,0.0125,0.2625,0.125,0.25,0.0875,0.275,0.35,0.05,4.5125,0.1125,0.0125,41167,80,0.660635214,0.91954023,0.666666667,1,30.732,11.89592213,8.930352921,-18.75106567,208.6125,515,0.461538462,2,751,753,0,0,0,0,0
911801,746,0.161971831,0.126760563,0.176056338,0.063380282,0.028169014,0.056338028,0.521126761,0.838028169,0.028169014,0.218309859,0.014084507,0.028169014,0.669014085,0.133802817,0.063380282,0.246478873,0.049295775,0.028169014,0.190140845,0,0.415492958,0.126760563,0.309859155,0.232394366,0.225352113,0.605633803,0.056338028,6.605633803,0.049295775,0.042253521,41222,142,0.754255937,0.928104575,0.591666667,1,43.212,16.9466101,11.1268141,38.66635773,753.0211268,517.1197183,0,0,0,0,0,0,0,0,0
911801,747,0.154639175,0.134020619,0.144329897,0.010309278,0.051546392,0.06185567,0.432989691,0.865979381,0.06185567,0.154639175,0.030927835,0.020618557,0.628865979,0.164948454,0.030927835,0.113402062,0.010309278,0.020618557,0.134020619,0,0.278350515,0.082474227,0.659793814,0.134020619,0.134020619,0.309278351,0.082474227,4.164948454,0.051546392,0.041237113,41277,97,0.736023822,0.950980392,0.76984127,1,33.891,13.61016162,9.213475624,3.61465409,627.9278351,517.1030928,0.585365854,2,739,743,0,0,0,0,0
911801,748,0.141304348,0.108695652,0.108695652,0,0.02173913,0.010869565,0.336956522,0.630434783,0.032608696,0.163043478,0,0.02173913,0.456521739,0.130434783,0.043478261,0.141304348,0.054347826,0.010869565,0.206521739,0,0.206521739,0.043478261,0.380434783,0.108695652,0.184782609,0.152173913,0.043478261,5.489130435,0.010869565,0.032608696,41332,92,0.660620951,0.93877551,0.707692308,1,32.237,12.59639672,9.456362251,12.25964658,297.0543478,519.923913,0,0,0,0,0,0,0,0,0
911801,749,0.177777778,0.044444444,0.233333333,0.077777778,0.022222222,0.022222222,0.488888889,0.644444444,0.033333333,0.266666667,0.022222222,0.022222222,1.644444444,0.155555556,0.466666667,0.1,0.022222222,0.022222222,0.411111111,0.022222222,0.444444444,0.077777778,0.377777778,0.177777778,0.344444444,0.266666667,0.111111111,4.855555556,0.066666667,0.066666667,41388,90,0.810695651,0.918367347,0.714285714,1,34.561,14.18950395,8.307497871,12.14546051,441.1,519.1222222,0.476190476,1,756,0,0,0,0,0,0
911801,750,0.24137931,0.099616858,0.210727969,0.030651341,0.038314176,0.022988506,0.674329502,0.697318008,0.01532567,0.237547893,0.026819923,0.038314176,2.130268199,0.114942529,0.111111111,0.137931034,0.034482759,0.045977011,0.22605364,0.01532567,0.298850575,0.172413793,0.302681992,0.164750958,0.195402299,0.32183908,0.034482759,4.762452107,0.068965517,0.049808429,41443,261,0.690868011,0.945652174,0.697860963,1,57.544,21.65845268,15.65864776,0.572486002,578.9348659,521.559387,0,0,0,0,0,0,0,0,0
911801,751,0.057692308,0.076923077,0.173076923,0.019230769,0.019230769,0.038461538,0.346153846,0.346153846,0,0.192307692,0,0.038461538,1.596153846,0.211538462,0.038461538,0,0.038461538,0.019230769,0.096153846,0,0.288461538,0.115384615,0.25,0.346153846,0.134615385,0.365384615,0.019230769,3.596153846,0.096153846,0.076923077,41498,52,0.739974581,0.928571429,0.722222222,1,24.521,10.10929167,6.799861722,-27.69706249,207.9038462,521.7692308,0.965517241,2,745,753,0,0,0,0,0
911801,752,0.276422764,0.138211382,0.146341463,0.06504065,0.048780488,0.016260163,0.682926829,1.105691057,0.024390244,0.170731707,0.040650407,0.008130081,0.756097561,0.146341463,0.016260163,0.154471545,0.032520325,0.040650407,0.170731707,0.008130081,0.390243902,0.105691057,0.382113821,0.154471545,0.243902439,0.178861789,0.073170732,5.447154472,0.06504065,0.113821138,41553,123,0.724088691,0.938931298,0.698863636,1,40.193,15.56002967,10.73185937,-7.519671687,407.4390244,522.4146341,0.442307692,1,742,0,0,0,0,0,0
911801,753,0.214285714,0.12244898,0.265306122,0.051020408,0,0,0.795918367,0.836734694,0.040816327,0.142857143,0,0.010204082,1.693877551,0.183673469,0.040816327,0.102040816,0.020408163,0.051020408,0.285714286,0,0.183673469,0.081632653,0.275510204,0.132653061,0.204081633,0.255102041,0.010204082,5.397959184,0.051020408,0.132653061,41609,98,0.554676492,0.771653543,0.502564103,1,42.492,13.97692669,11.62972683,-50.92702977,202.2142857,524.755102,0.5,2,745,751,0,0,0,0,0
911801,754,0.2,0.077777778,0.2,0.111111111,0.011111111,0.055555556,0.733333333,0.855555556,0.011111111,0.155555556,0.011111111,0.022222222,1.344444444,0.144444444,0.144444444,0.055555556,0.022222222,0.055555556,0.233333333,0,0.233333333,0.177777778,0.333333333,0.144444444,0.311111111,0.311111111,0.088888889,6.566666667,0.055555556,0.111111111,41664,90,0.57980467,0.957446809,0.75,1,31.476,11.94059369,9.728664532,90,380.8888889,523.5,0.125,1,738,0,0,0,0,0,0
911801,755,0.117117117,0.081081081,0.27027027,0.063063063,0.027027027,0.081081081,0.45045045,1.135135135,0.054054054,0.171171171,0.027027027,0.081081081,0.540540541,0.207207207,0.171171171,0.135135135,0.036036036,0.018018018,0.198198198,0,0.234234234,0.126126126,0.720720721,0.207207207,0.198198198,0.342342342,0.036036036,7.459459459,0.054054054,0.135135135,41719,111,0.565021388,0.956896552,0.776223776,1,34.842,13.15037648,10.85006342,11.7599763,546.9369369,524.2252252,0.022727273,1,761,0,0,0,0,0,0
911801,756,0.167938931,0.160305344,0.213740458,0.045801527,0,0.045801527,0.58778626,0.977099237,0.038167939,0.282442748,0.022900763,0.053435115,2.045801527,0.106870229,0.015267176,0.06870229,0.022900763,0.038167939,0.297709924,0.022900763,0.290076336,0.122137405,0.282442748,0.167938931,0.297709924,0.320610687,0.061068702,4.702290076,0.053435115,0.06870229,41774,131,0.55650505,0.935714286,0.71978022,1,40.35,14.46165108,12.01537932,14.98241183,442.0152672,527.7175573,0.428571429,1,749,0,0,0,0,0,0
911801,757,0.353846154,0.076923077,0.123076923,0.046153846,0.046153846,0.061538462,0.615384615,0.830769231,0,0.123076923,0.015384615,0.015384615,1.015384615,0.2,0.061538462,0.153846154,0.015384615,0.030769231,0.061538462,0,0.246153846,0.123076923,0.169230769,0.184615385,0.169230769,0.169230769,0.030769231,4.492307692,0,0.076923077,41830,65,0.659611822,0.970149254,0.738636364,1,26.969,10.70168848,8.043458008,3.672149645,282.2769231,526.1076923,0.515151515,2,760,762,0,0,0,0,0
911801,758,0.180451128,0.142857143,0.195488722,0.015037594,0.015037594,0.022556391,0.609022556,0.92481203,0.060150376,0.127819549,0.015037594,0.022556391,0.977443609,0.105263158,0.112781955,0.067669173,0.045112782,0.015037594,0.368421053,0.015037594,0.187969925,0.052631579,0.781954887,0.157894737,0.22556391,0.210526316,0.030075188,5.466165414,0.030075188,0.067669173,41885,133,0.695062385,0.93006993,0.692708333,1,41.136,15.59147071,11.20947895,-6.696391971,784.1654135,529.3609023,0,0,0,0,0,0,0,0,0
911801,759,0.214765101,0.087248322,0.087248322,0.026845638,0.020134228,0.026845638,0.44966443,0.503355705,0.033557047,0.181208054,0.006711409,0.020134228,1.436241611,0.167785235,0.006711409,0.10738255,0.040268456,0.033557047,0.080536913,0.013422819,0.234899329,0.060402685,0.201342282,0.140939597,0.194630872,0.255033557,0.040268456,3.22147651,0.020134228,0.067114094,41940,149,0.176058562,0.937106918,0.665178571,1,43.559,14.12295902,13.90235408,70.62315781,711.6912752,528.3691275,0.351851852,1,765,0,0,0,0,0,0
911801,760,0.161290323,0.080645161,0.129032258,0.032258065,0,0.080645161,0.35483871,0.887096774,0.032258065,0.14516129,0.064516129,0,0.693548387,0.209677419,0.112903226,0.112903226,0.016129032,0,0.258064516,0,0.161290323,0.032258065,0.338709677,0.032258065,0.112903226,0.225806452,0.032258065,3.580645161,0.048387097,0.064516129,41995,62,0.78395758,0.837837838,0.52991453,1,30.914,12.07325963,7.495253366,-3.973943259,287,531.6451613,0.736842105,2,757,762,0,0,0,0,0
911801,761,0.136752137,0.136752137,0.213675214,0.051282051,0.008547009,0.068376068,0.811965812,0.829059829,0.05982906,0.162393162,0.017094017,0.042735043,1.008547009,0.196581197,0.05982906,0.102564103,0.008547009,0.034188034,0.247863248,0,0.162393162,0.128205128,0.282051282,0.205128205,0.290598291,0.196581197,0.05982906,5.512820513,0.068376068,0.076923077,42051,117,0.734307663,0.936,0.65,1,37.679,15.00097901,10.18291666,-20.16792825,533.9230769,531.017094,0.040816327,1,755,0,0,0,0,0,0
911801,762,0.194174757,0.106796117,0.300970874,0.038834951,0.009708738,0.009708738,0.718446602,1.087378641,0.038834951,0.252427184,0.029126214,0.029126214,0.873786408,0.203883495,0.067961165,0.155339806,0.029126214,0.029126214,0.194174757,0.009708738,0.281553398,0.058252427,0.252427184,0.184466019,0.242718447,0.378640777,0.009708738,6.699029126,0.038834951,0.058252427,42106,103,0.852942436,0.911504425,0.565934066,1,37.679,16.08771469,8.397867206,-38.7110062,280.5533981,535.815534,0.755102041,3,757,760,779,0,0,0,0
911801,763,0.183333333,0.116666667,0.141666667,0.033333333,0.033333333,0.066666667,0.6,1.291666667,0.025,0.183333333,0.008333333,0.041666667,0.966666667,0.208333333,0.025,0.125,0.041666667,0.058333333,0.208333333,0.008333333,0.241666667,0.091666667,0.358333333,0.183333333,0.183333333,0.191666667,0.041666667,5.733333333,0.075,0.075,42161,120,0.780760415,0.9375,0.666666667,1,38.878,15.8070168,9.876706482,-32.39961615,603.1583333,532.6416667,0,0,0,0,0,0,0,0,0
911801,764,0.259259259,0.104938272,0.197530864,0.049382716,0.043209877,0.030864198,0.586419753,0.901234568,0.018518519,0.12962963,0.00617284,0.012345679,1.209876543,0.154320988,0.080246914,0.092592593,0.018518519,0.018518519,0.172839506,0.00617284,0.160493827,0.092592593,0.265432099,0.185185185,0.172839506,0.265432099,0.086419753,4.567901235,0.037037037,0.055555556,42216,162,0.742194414,0.915254237,0.692307692,1,46.445,18.01918594,12.07618164,-8.533387147,178.7530864,535.0185185,0,0,0,0,0,0,0,0,0
911801,765,0.181818182,0.080808081,0.151515152,0.050505051,0.02020202,0.02020202,0.595959596,0.767676768,0.03030303,0.282828283,0.04040404,0.01010101,0.858585859,0.151515152,0.03030303,0.131313131,0.02020202,0.03030303,0.161616162,0.01010101,0.323232323,0.111111111,0.292929293,0.121212121,0.121212121,0.292929293,0.090909091,4.252525253,0.080808081,0.01010101,42272,99,0.87663668,0.860869565,0.507692308,1,39.54,16.88635637,8.124919654,30.62132547,716.6565657,536.6666667,0.88,2,759,774,0,0,0,0,0
911801,766,0.125,0.09375,0.25,0.03125,0.072916667,0.0625,0.6875,1.322916667,0.041666667,0.145833333,0,0.03125,0.71875,0.21875,0.083333333,0.135416667,0.03125,0.052083333,0.208333333,0.010416667,0.28125,0.114583333,0.5625,0.291666667,0.270833333,0.302083333,0.083333333,7.947916667,0.114583333,0.145833333,42327,96,0.377050791,0.96,0.727272727,1,32.51,11.5890702,10.73371087,-9.12439525,506.1041667,537.90625,0,0,0,0,0,0,0,0,0
911801,767,0.195402299,0.045977011,0.229885057,0.068965517,0.022988506,0.011494253,3.885057471,0.954022989,0.057471264,0.137931034,0.011494253,0.034482759,0.701149425,0.32183908,0.057471264,0.126436782,0.045977011,0.045977011,0.149425287,0.011494253,0.206896552,0.137931034,0.827586207,0.091954023,0.287356322,0.32183908,0.068965517,4.781609195,0.011494253,0.022988506,42382,87,0.74695736,0.915789474,0.604166667,1,33.544,13.30420552,8.845592992,-43.83827426,762.9310345,537.7126437,0.465116279,1,778,0,0,0,0,0,0
911801,768,0.159663866,0.067226891,0.226890756,0.025210084,0.025210084,0.075630252,2.336134454,0.857142857,0.025210084,0.277310924,0.042016807,0.008403361,0.672268908,0.243697479,0.016806723,0.218487395,0.050420168,0.025210084,0.243697479,0.016806723,0.226890756,0.142857143,0.420168067,0.159663866,0.268907563,0.369747899,0.042016807,6.579831933,0.075630252,0.042016807,42438,119,0.388256278,0.944444444,0.704142012,1,36.736,12.95698384,11.94052716,56.46695632,70.75630252,539.5630252,0,0,0,0,0,0,0,0,0
911801,769,0.147368421,0.063157895,0.094736842,0.031578947,0.021052632,0,0.410526316,0.631578947,0.031578947,0.231578947,0.063157895,0.010526316,0.347368421,0.073684211,0.010526316,0.031578947,0.094736842,0.021052632,0.231578947,0,0.252631579,0.136842105,0.326315789,0.178947368,0.147368421,0.210526316,0.031578947,3.336842105,0.031578947,0.042105263,42493,95,0.761794822,0.931372549,0.678571429,1,33.552,13.78611489,8.930898572,-18.15147609,800.5894737,539.6631579,0,0,0,0,0,0,0,0,0
911801,770,0.375,0.1015625,0.2734375,0.046875,0.015625,0.046875,0.8125,1.1953125,0.03125,0.2421875,0.015625,0.015625,1.2890625,0.1640625,0.046875,0.1875,0.0234375,0.03125,0.203125,0,0.234375,0.203125,0.375,0.171875,0.1953125,0.28125,0.0390625,6.625,0.046875,0.171875,42548,128,0.656330197,0.948148148,0.703296703,1,38.514,14.81136972,11.17478998,57.13514627,313.265625,539.546875,0.42,2,773,786,0,0,0,0,0
911801,771,0.289156627,0.144578313,0.301204819,0.048192771,0.024096386,0.072289157,0.879518072,1.518072289,0.036144578,0.265060241,0.036144578,0.036144578,1.060240964,0.168674699,0.084337349,0.337349398,0.024096386,0.036144578,0.156626506,0.024096386,0.253012048,0.144578313,0.602409639,0.156626506,0.289156627,0.265060241,0.036144578,9.156626506,0.072289157,0.048192771,42603,83,0.664271134,0.922222222,0.691666667,1,31.559,12.08453892,9.033092699,89.34944596,362.0843373,539.5421687,0.487179487,1,775,0,0,0,0,0,0
911801,772,0.223300971,0.058252427,0.242718447,0.058252427,0.048543689,0.058252427,0.825242718,1.038834951,0.038834951,0.155339806,0.019417476,0,0.854368932,0.194174757,0.029126214,0.106796117,0.058252427,0.029126214,0.262135922,0.019417476,0.213592233,0.106796117,0.398058252,0.174757282,0.203883495,0.252427184,0.097087379,5.902912621,0.029126214,0.058252427,42659,103,0.864602042,0.851239669,0.536458333,1,39.077,16.76041446,8.421392115,26.83071712,205.2718447,541.8737864,0.428571429,1,781,0,0,0,0,0,0
911801,773,0.275590551,0.125984252,0.283464567,0.05511811,0.05511811,0.047244094,1.433070866,1,0.023622047,0.220472441,0.031496063,0.007874016,0.905511811,0.165354331,0.188976378,0.173228346,0.039370079,0.023622047,0.307086614,0.007874016,0.377952756,0.188976378,0.842519685,0.173228346,0.590551181,0.417322835,0.11023622,8.952755906,0.031496063,0.078740157,42714,127,0.718854573,0.933823529,0.651282051,1,39.821,15.43160382,10.72744122,55.78079888,301.503937,539.4094488,0.42,2,770,786,0,0,0,0,0
911801,774,0.157303371,0.08988764,0.112359551,0.011235955,0.011235955,0.02247191,0.415730337,0.640449438,0.011235955,0.213483146,0.056179775,0,0.640449438,0.101123596,0.011235955,0.112359551,0.011235955,0.02247191,0.191011236,0,0.258426966,0.112359551,0.314606742,0.101123596,0.179775281,0.269662921,0.011235955,5.247191011,0.02247191,0.06741573,42769,89,0.80893065,0.824074074,0.489010989,1,40.003,15.24781688,8.964253711,59.29824795,719.4719101,543.3932584,0.836734694,2,765,780,0,0,0,0,0
911801,775,0.144230769,0.096153846,0.211538462,0.028846154,0.019230769,0.019230769,0.846153846,1.028846154,0.048076923,0.153846154,0.048076923,0,1,0.153846154,0.134615385,0.057692308,0.019230769,0.009615385,0.240384615,0,0.278846154,0.076923077,0.432692308,0.201923077,0.278846154,0.259615385,0.028846154,6.442307692,0.048076923,0.028846154,42824,104,0.821794144,0.87394958,0.530612245,1,39.73,16.04604371,9.142787114,-51.17970694,356.8557692,545.2019231,0.42,1,771,0,0,0,0,0,0
911801,777,0.223880597,0.089552239,0.149253731,0,0.029850746,0.014925373,0.686567164,1.253731343,0.014925373,0.149253731,0,0.014925373,1.059701493,0.164179104,0,0.179104478,0.029850746,0.059701493,0.179104478,0.014925373,0.208955224,0.119402985,0.417910448,0.208955224,0.149253731,0.28358209,0.059701493,6.865671642,0.059701493,0.119402985,42935,67,0.732940902,0.917808219,0.609090909,1,29.227,11.55284329,7.859310504,-46.67001721,733.5671642,543.0298507,0.611111111,2,780,784,0,0,0,0,0
911801,778,0.248,0.136,0.208,0.056,0.024,0.048,1.96,0.592,0.032,0.192,0.032,0.048,1.184,0.152,0.056,0.112,0.024,0.064,0.12,0,0.408,0.136,1.016,0.136,0.248,0.44,0.032,4.448,0.016,0.072,42990,125,0.416389891,0.932835821,0.686813187,1,39.176,13.38144537,12.16622482,-22.17794698,756.128,543.576,0.4,1,767,0,0,0,0,0,0
911801,779,0.315315315,0.126126126,0.198198198,0.045045045,0.027027027,0.081081081,0.621621622,1.225225225,0.036036036,0.234234234,0.045045045,0.009009009,0.468468468,0.207207207,0.009009009,0.198198198,0.027027027,0.054054054,0.378378378,0.009009009,0.387387387,0.18018018,0.612612613,0.117117117,0.351351351,0.315315315,0.063063063,8.369369369,0.063063063,0.054054054,43045,111,0.758399396,0.932773109,0.60989011,1,37.216,14.97304697,9.759284024,-50.15035887,276.2162162,544.954955,0.530612245,2,762,782,0,0,0,0,0
911801,780,0.173913043,0.086956522,0.202898551,0.014492754,0.057971014,0.086956522,0.594202899,1.260869565,0.028985507,0.217391304,0.014492754,0.057971014,0.811594203,0.15942029,0.028985507,0.231884058,0.028985507,0.014492754,0.144927536,0.028985507,0.173913043,0.072463768,0.275362319,0.188405797,0.275362319,0.333333333,0.057971014,5.405797101,0.043478261,0.043478261,43101,69,0.873296135,0.896103896,0.704081633,1,32.551,14.06930333,6.854420482,79.0038437,725.1884058,545.3768116,1,3,774,777,784,0,0,0,0
911801,781,0.106666667,0.106666667,0.213333333,0,0,0.066666667,0.6,0.626666667,0.053333333,0.066666667,0.04,0,0.493333333,0.08,0.04,0.093333333,0,0.013333333,0.266666667,0.013333333,0.413333333,0.106666667,0.266666667,0.146666667,0.186666667,0.16,0.066666667,4.92,0.04,0.093333333,43156,75,0.632078242,0.961538462,0.694444444,1,28.863,11.22634686,8.699347515,11.9822304,208.9066667,547.8666667,0.513513514,1,772,0,0,0,0,0,0
911801,782,0.091836735,0.045918367,0.076530612,0.010204082,0.015306122,0.020408163,0.607142857,0.586734694,0.015306122,0.214285714,0.030612245,0.020408163,0.12244898,0.12755102,0.18877551,0.091836735,0.066326531,0.071428571,0.12244898,0.005102041,0.229591837,0.112244898,0.423469388,0.178571429,0.530612245,0.484693878,0.076530612,2.903061224,0.06122449,0.030612245,43211,196,0.358586685,0.965517241,0.765625,1,47.115,16.41635156,15.32460562,-45,263.1071429,547.8928571,0.2,1,779,0,0,0,0,0,0
911801,783,0.208333333,0.066666667,0.133333333,0.075,0.033333333,0.025,0.541666667,0.658333333,0.008333333,0.233333333,0.025,0.016666667,0.55,0.141666667,0.033333333,0.075,0.033333333,0.016666667,0.166666667,0.016666667,0.133333333,0.041666667,0.191666667,0.141666667,0.158333333,0.325,0.016666667,2.916666667,0.025,0.025,43266,120,0.62527299,0.94488189,0.714285714,1,37.199,14.11921472,11.01872135,57.44370586,691.4666667,546.4666667,0,0,0,0,0,0,0,0,0
911801,785,0.174418605,0.034883721,0.058139535,0.034883721,0.023255814,0.034883721,0.674418605,0.848837209,0,0.186046512,0.011627907,0,0.906976744,0.174418605,0.186046512,0.139534884,0,0.023255814,0.325581395,0.023255814,0.244186047,0.046511628,0.279069767,0.162790698,0.209302326,0.209302326,0.034883721,4.069767442,0.058139535,0.093023256,43377,86,0.638271533,0.934782609,0.661538462,1,31.766,12.07240897,9.293476946,-1.599931683,96.02325581,550.5465116,0.384615385,1,794,0,0,0,0,0,0
911801,786,0.203539823,0.044247788,0.265486726,0.044247788,0.03539823,0.044247788,0.690265487,0.663716814,0.017699115,0.132743363,0.026548673,0.026548673,0.548672566,0.238938053,0.088495575,0.10619469,0.026548673,0.008849558,0.203539823,0.008849558,0.150442478,0.150442478,1.415929204,0.212389381,0.123893805,0.345132743,0.07079646,8.398230088,0.044247788,0.088495575,43432,113,0.523733819,0.941666667,0.672619048,1,36.364,13.20669741,11.25054737,22.50424445,305.7876106,551.2300885,0.404255319,2,770,773,0,0,0,0,0
911801,787,0.179487179,0.128205128,0.11965812,0.025641026,0.008547009,0.008547009,0.452991453,1.316239316,0.008547009,0.179487179,0.034188034,0.017094017,0.692307692,0.136752137,0.008547009,0.179487179,0.008547009,0.008547009,0.11965812,0.017094017,0.205128205,0.128205128,0.512820513,0.102564103,0.128205128,0.239316239,0.034188034,5.41025641,0.042735043,0.05982906,43487,117,0.701626862,0.943548387,0.709090909,1,36.736,14.55586449,10.37170203,-12.13594667,431.965812,552.9401709,0,0,0,0,0,0,0,0,0
911801,788,0.416666667,0.135416667,0.260416667,0.03125,0.020833333,0.020833333,0.416666667,0.78125,0.041666667,0.125,0.041666667,0.052083333,0.729166667,0.145833333,0.03125,0.072916667,0.072916667,0.052083333,0.1875,0.020833333,0.208333333,0.114583333,0.270833333,0.177083333,0.197916667,0.333333333,0.072916667,4.510416667,0.03125,0.0625,43543,96,0.634124167,0.914285714,0.671328671,1,34.495,12.80795562,9.903511327,4.87308918,580.71875,554.1666667,0,0,0,0,0,0,0,0,0
911801,789,0.283185841,0.185840708,0.212389381,0.053097345,0.008849558,0.026548673,0.814159292,1.504424779,0.026548673,0.194690265,0.03539823,0.053097345,1.345132743,0.212389381,0.053097345,0.150442478,0.061946903,0.088495575,0.203539823,0.008849558,0.415929204,0.03539823,0.628318584,0.212389381,0.203539823,0.185840708,0.088495575,7.132743363,0.053097345,0.061946903,43598,113,0.765534128,0.949579832,0.672619048,1,36.827,15.10133951,9.716130707,-30.74120079,329.9380531,555.0973451,0,0,0,0,0,0,0,0,0
911801,790,0.210526316,0.184210526,0.122807018,0.035087719,0.00877193,0.043859649,0.526315789,0.754385965,0.00877193,0.087719298,0.01754386,0.01754386,0.684210526,0.175438596,0.052631579,0.043859649,0.035087719,0.01754386,0.289473684,0,0.175438596,0.078947368,0.298245614,0.192982456,0.210526316,0.149122807,0.026315789,5.157894737,0.052631579,0.052631579,43653,114,0.614792129,0.957983193,0.74025974,1,35.603,13.65945391,10.77306364,1.314793292,64.74561404,557.9473684,0,0,0,0,0,0,0,0,0
911801,791,0.263736264,0.208791209,0.10989011,0.010989011,0.043956044,0.032967033,0.901098901,1.351648352,0.043956044,0.131868132,0.010989011,0.076923077,0.626373626,0.274725275,0.098901099,0.131868132,0.054945055,0.076923077,0.230769231,0.010989011,0.351648352,0.153846154,1.43956044,0.175824176,0.406593407,0.351648352,0.021978022,8.021978022,0.065934066,0.10989011,43708,91,0.715040056,0.957894737,0.777777778,1,31.931,12.98716052,9.079109429,4.268747029,494.010989,557.4065934,0.45,1,798,0,0,0,0,0,0
911801,792,0.166666667,0.098039216,0.245098039,0.009803922,0.039215686,0.039215686,0.539215686,0.843137255,0.029411765,0.147058824,0.039215686,0.019607843,0.558823529,0.205882353,0.019607843,0.156862745,0.019607843,0.009803922,0.225490196,0.009803922,0.166666667,0.12745098,0.411764706,0.117647059,0.176470588,0.235294118,0.088235294,6.245098039,0.009803922,0.039215686,43764,102,0.577970571,0.953271028,0.713286713,1,33.643,12.69229738,10.35764584,-34.2022179,676.1372549,562.1078431,0,0,0,0,0,0,0,0,0
911801,793,0.42384106,0.105960265,0.165562914,0.039735099,0.033112583,0.013245033,1.01986755,0.854304636,0.052980132,0.152317881,0.033112583,0.026490066,2.377483444,0.139072848,0.052980132,0.099337748,0.01986755,0.066225166,0.139072848,0,0.218543046,0.132450331,0.245033113,0.112582781,0.284768212,0.377483444,0.079470199,5.523178808,0.052980132,0.072847682,43819,151,0.745292146,0.961783439,0.674107143,1,42.914,17.12002812,11.41457404,35.91521052,741.9668874,559.615894,0,0,0,0,0,0,0,0,0
911801,794,0.243523316,0.113989637,0.150259067,0.020725389,0.010362694,0.041450777,1.476683938,0.865284974,0.025906736,0.176165803,0.025906736,0.020725389,1.155440415,0.497409326,0.07253886,0.150259067,0.025906736,0.07253886,0.14507772,0.010362694,0.316062176,0.098445596,0.85492228,0.14507772,0.279792746,0.409326425,0.051813472,5.119170984,0.07253886,0.046632124,43874,193,0.479828863,0.919047619,0.667820069,1,51.49,17.26756771,15.14990955,68.45993054,95.93264249,562.015544,0.612903226,2,785,799,0,0,0,0,0
911801,795,0.240740741,0.092592593,0.148148148,0.018518519,0.046296296,0.083333333,0.444444444,0.675925926,0.027777778,0.12037037,0.009259259,0.037037037,1.416666667,0.148148148,0.092592593,0.111111111,0.064814815,0.018518519,0.240740741,0.018518519,0.342592593,0.12962963,0.425925926,0.185185185,0.12962963,0.287037037,0.055555556,4.861111111,0.092592593,0.055555556,43929,108,0.469145163,0.955752212,0.75,1,34.197,12.55788136,11.09012956,53.52139808,535.3333333,563.2222222,0.477272727,2,803,810,0,0,0,0,0
911801,796,0.184615385,0.069230769,0.169230769,0.023076923,0.030769231,0.015384615,2.084615385,1.015384615,0.069230769,0.107692308,0.038461538,0.015384615,1.084615385,0.223076923,0.046153846,0.161538462,0.023076923,0.053846154,0.130769231,0,0.269230769,0.115384615,0.476923077,0.215384615,0.353846154,0.376923077,0.015384615,4.723076923,0.038461538,0.053846154,43985,130,0.471513002,0.962962963,0.666666667,1,38.531,13.81070991,12.17910034,79.05297485,705.3307692,562.2846154,0,0,0,0,0,0,0,0,0
911801,797,0.286956522,0.086956522,0.191304348,0.026086957,0.008695652,0.060869565,0.556521739,0.869565217,0.052173913,0.147826087,0.026086957,0.026086957,1.47826087,0.208695652,0.095652174,0.12173913,0.069565217,0.043478261,0.217391304,0.008695652,0.260869565,0.147826087,0.243478261,0.243478261,0.069565217,0.208695652,0.026086957,5.313043478,0.034782609,0.008695652,44040,115,0.662853827,0.942622951,0.631868132,1,37.216,14.14080294,10.5879096,50.77890594,759.4695652,561.6173913,0,0,0,0,0,0,0,0,0
911801,798,0.192771084,0.084337349,0.13253012,0.048192771,0.024096386,0.024096386,0.506024096,1.084337349,0.036144578,0.240963855,0.024096386,0.036144578,0.530120482,0.192771084,0.240963855,0.144578313,0.060240964,0.036144578,0.325301205,0.012048193,0.325301205,0.060240964,0.421686747,0.144578313,0.180722892,0.289156627,0.108433735,6.518072289,0.072289157,0.048192771,44095,83,0.813891585,0.902173913,0.658730159,1,33.428,13.93806131,8.098247373,-6.586983655,491.4096386,564.4096386,0.45,1,791,0,0,0,0,0,0
911801,799,0.12745098,0.176470588,0.147058824,0.058823529,0.009803922,0.029411765,0.970588235,0.754901961,0.039215686,0.156862745,0.029411765,0.009803922,0.617647059,0.264705882,0.039215686,0.107843137,0,0.019607843,0.117647059,0,0.18627451,0.098039216,0.392156863,0.098039216,0.098039216,0.303921569,0.088235294,3.421568627,0.039215686,0.039215686,44150,102,0.657551732,0.918918919,0.708333333,1,35.942,13.58792228,10.23726833,49.66746939,105.8529412,565.4607843,0.5,1,794,0,0,0,0,0,0
911801,800,0.151724138,0.075862069,0.2,0.04137931,0.04137931,0.027586207,0.710344828,1.082758621,0.027586207,0.179310345,0.013793103,0.04137931,0.668965517,0.110344828,0.110344828,0.103448276,0.027586207,0.04137931,0.227586207,0,0.255172414,0.165517241,0.337931034,0.144827586,0.144827586,0.275862069,0.068965517,5.689655172,0.075862069,0.096551724,44206,145,0.755620916,0.960264901,0.697115385,1,41.971,16.87068803,11.05045559,31.35941244,809.937931,566.2827586,0,0,0,0,0,0,0,0,0
911801,801,0.168539326,0.101123596,0.235955056,0.04494382,0.011235955,0.011235955,0.449438202,0.707865169,0.033707865,0.202247191,0.033707865,0.033707865,0.573033708,0.033707865,0.04494382,0.056179775,0.033707865,0,0.06741573,0.011235955,0.123595506,0.123595506,0.325842697,0.112359551,0.134831461,0.134831461,0.033707865,3.865168539,0.078651685,0.078651685,44261,89,0.525766589,0.946808511,0.674242424,1,31.683,11.65691911,9.915712063,26.09115281,363.4494382,568.4382022,0,0,0,0,0,0,0,0,0
911801,802,0.123809524,0.123809524,0.285714286,0.019047619,0.028571429,0.047619048,0.552380952,1.00952381,0.057142857,0.285714286,0,0.028571429,0.704761905,0.180952381,0.057142857,0.142857143,0.057142857,0.066666667,0.247619048,0.00952381,0.276190476,0.133333333,0.79047619,0.095238095,0.142857143,0.457142857,0.114285714,7.99047619,0.123809524,0.057142857,44316,105,0.429109347,0.954545455,0.729166667,1,34.197,12.30164721,11.11149421,53.95702907,784.8,568.0952381,0,0,0,0,0,0,0,0,0
911801,803,0.176470588,0.112745098,0.235294118,0.06372549,0.024509804,0.024509804,0.794117647,1.009803922,0.058823529,0.259803922,0.019607843,0.044117647,0.705882353,0.196078431,0.053921569,0.147058824,0.034313725,0.093137255,0.289215686,0.004901961,0.240196078,0.176470588,0.68627451,0.205882353,0.455882353,0.539215686,0.073529412,8.975490196,0.058823529,0.078431373,44372,204,0.518090582,0.940092166,0.666666667,1,51.813,17.74423423,15.17710056,-46.7953536,549.1862745,570.1127451,0.538461538,4,795,813,829,831,0,0,0
911801,804,0.662790698,0.151162791,0.209302326,0.046511628,0.069767442,0.11627907,1.011627907,1.73255814,0.046511628,0.209302326,0.046511628,0.081395349,1.38372093,0.162790698,0.081395349,0.197674419,0,0.081395349,0.26744186,0,0.290697674,0.081395349,0.406976744,0.174418605,0.255813953,0.162790698,0.058139535,6.825581395,0.093023256,0.046511628,44427,86,0.598318481,0.905263158,0.651515152,1,32.047,11.90551455,9.539393323,37.04206589,579.1627907,570.5813953,0.4,1,812,0,0,0,0,0,0
911801,805,0.228571429,0.057142857,0.104761905,0.066666667,0.019047619,0.019047619,0.657142857,0.838095238,0.019047619,0.361904762,0.019047619,0.066666667,1.476190476,0.266666667,0.028571429,0.123809524,0.038095238,0.028571429,0.104761905,0.00952381,0.371428571,0.057142857,0.523809524,0.114285714,0.276190476,0.285714286,0.047619048,4.99047619,0.038095238,0.076190476,44482,105,0.683461877,0.954545455,0.75,1,34.379,13.60610703,9.932270467,-11.54980269,299.1238095,572.5904762,0.418604651,2,806,827,0,0,0,0,0
911801,806,0.263157895,0.136842105,0.273684211,0.010526316,0.021052632,0.031578947,0.494736842,0.663157895,0.031578947,0.157894737,0.042105263,0.042105263,1.021052632,0.105263158,0.042105263,0.136842105,0.052631579,0.031578947,0.273684211,0,0.263157895,0.073684211,0.284210526,0.084210526,0.242105263,0.263157895,0.031578947,3.978947368,0.010526316,0.031578947,44537,95,0.46485364,0.95,0.71969697,1,32.237,11.77891248,10.42890233,-77.69951085,312.2526316,572.7894737,0.357142857,2,805,827,0,0,0,0,0
911801,807,0.191489362,0.074468085,0.191489362,0.053191489,0.042553191,0.031914894,5.617021277,0.723404255,0.074468085,0.265957447,0.010638298,0,0.712765957,0.212765957,0.170212766,0.085106383,0.063829787,0.021276596,0.159574468,0,0.382978723,0.223404255,1.180851064,0.074468085,2.255319149,0.425531915,0.063829787,2.691489362,0.031914894,0.063829787,44593,94,0.823877925,0.94,0.55952381,1,35.893,14.91506935,8.453373483,-34.83198845,257.3617021,572.5319149,0.52173913,1,818,0,0,0,0,0,0
911801,808,0.201438849,0.165467626,0.223021583,0.021582734,0.043165468,0.007194245,0.661870504,0.920863309,0.014388489,0.194244604,0.014388489,0.021582734,0.71942446,0.09352518,0.035971223,0.136690647,0.021582734,0.035971223,0.179856115,0.021582734,0.273381295,0.064748201,0.438848921,0.143884892,0.244604317,0.338129496,0.079136691,5.848920863,0.043165468,0.043165468,44648,139,0.420851223,0.945578231,0.763736264,1,40.747,14.10213142,12.7924619,63.41609001,330.1079137,574.9640288,0,0,0,0,0,0,0,0,0
911801,809,0.505154639,0.134020619,0.24742268,0.082474227,0.030927835,0.072164948,0.886597938,1.175257732,0.041237113,0.226804124,0.051546392,0.020618557,0.886597938,0.144329897,0.06185567,0.195876289,0.041237113,0.051546392,0.113402062,0.010309278,0.134020619,0.072164948,0.422680412,0.268041237,0.288659794,0.278350515,0.030927835,5.360824742,0.082474227,0.051546392,44703,97,0.759668473,0.923809524,0.62987013,1,35.512,14.00673859,9.108729871,-20.52018497,414.8969072,572.1340206,0.386363636,2,819,832,0,0,0,0,0
911801,810,0.170454545,0.079545455,0.193181818,0.022727273,0.022727273,0.022727273,0.488636364,0.852272727,0.011363636,0.159090909,0.011363636,0.022727273,0.988636364,0.284090909,0.045454545,0.068181818,0.056818182,0.011363636,0.204545455,0,0.306818182,0.193181818,0.454545455,0.181818182,0.375,0.386363636,0.113636364,5.056818182,0.056818182,0.068181818,44758,88,0.684668479,0.956521739,0.666666667,1,31.584,12.52585147,9.129524855,32.88965,529.2045455,573.1363636,0.658536585,3,795,828,833,0,0,0,0
911801,811,0.109090909,0.172727273,0.272727273,0.018181818,0,0.027272727,0.718181818,1.218181818,0.027272727,0.236363636,0.018181818,0.027272727,0.718181818,0.190909091,0.163636364,0.172727273,0.009090909,0.009090909,0.272727273,0,0.181818182,0.190909091,0.718181818,0.154545455,0.318181818,0.209090909,0.072727273,7.090909091,0.063636364,0.145454545,44814,110,0.529672499,0.948275862,0.705128205,1,35.049,12.94206281,10.97748669,56.01252696,36.08181818,574.5272727,0,0,0,0,0,0,0,0,0
911801,812,0.397590361,0.108433735,0.240963855,0.012048193,0.024096386,0.048192771,0.698795181,1.228915663,0.048192771,0.204819277,0.036144578,0.048192771,1.409638554,0.13253012,0.036144578,0.084337349,0.036144578,0.048192771,0.265060241,0.012048193,0.168674699,0.096385542,0.421686747,0.144578313,0.120481928,0.204819277,0.060240964,7.626506024,0.036144578,0.048192771,44869,83,0.545243811,0.902173913,0.691666667,1,32.601,11.49031051,9.632068905,70.44188762,570.2409639,573.3614458,0.756097561,2,804,813,0,0,0,0,0
911801,813,0.243902439,0.048780488,0.097560976,0.012195122,0.012195122,0.012195122,0.451219512,0.719512195,0.036585366,0.109756098,0.012195122,0.024390244,0.512195122,0.207317073,0.036585366,0.036585366,0.024390244,0.024390244,0.097560976,0,0.12195122,0.073170732,0.231707317,0.097560976,0.158536585,0.243902439,0.048780488,3.902439024,0.024390244,0.036585366,44924,82,0.363411213,0.942528736,0.745454545,1,29.88,10.71708166,9.984342321,-68.71744597,561.5487805,575.9268293,0.657894737,3,803,812,831,0,0,0,0
911801,814,0.221052632,0.084210526,0.273684211,0.042105263,0.021052632,0.042105263,0.431578947,0.631578947,0.052631579,0.242105263,0.031578947,0.031578947,0.431578947,0.115789474,0.157894737,0.157894737,0.010526316,0.052631579,0.2,0.010526316,0.105263158,0.136842105,0.336842105,0.168421053,0.189473684,0.178947368,0.021052632,4.305263158,0.021052632,0.021052632,44979,95,0.620621684,0.940594059,0.659722222,1,32.998,12.5517826,9.84198012,39.57089253,729.4315789,574.2421053,0,0,0,0,0,0,0,0,0
911801,815,0.404040404,0.060606061,0.282828283,0.101010101,0.03030303,0.04040404,0.676767677,1.181818182,0.03030303,0.101010101,0.01010101,0.01010101,1.353535354,0.272727273,0.060606061,0.161616162,0.04040404,0.03030303,0.303030303,0.01010101,0.323232323,0.161616162,0.98989899,0.141414141,0.515151515,0.363636364,0.050505051,8.151515152,0.070707071,0.141414141,45035,99,0.748631928,0.933962264,0.707142857,1,34.106,13.94415368,9.244776568,11.78289044,137.4848485,576.4747475,0,0,0,0,0,0,0,0,0
911801,816,0.342857143,0.071428571,0.178571429,0.05,0.028571429,0.042857143,0.685714286,0.978571429,0.028571429,0.15,0.042857143,0.035714286,1.4,0.121428571,0.042857143,0.1,0.035714286,0.021428571,0.107142857,0,0.35,0.121428571,0.171428571,0.1,0.164285714,0.285714286,0.028571429,4.542857143,0.057142857,0.064285714,45090,140,0.440117212,0.945945946,0.714285714,1,40.383,14.28989676,12.83147465,50.89475597,639.2285714,575.7,0,0,0,0,0,0,0,0,0
911801,817,0.178947368,0.084210526,0.189473684,0.052631579,0,0.031578947,0.905263158,1.147368421,0.031578947,0.157894737,0,0,0.821052632,0.273684211,0.073684211,0.115789474,0.021052632,0,0.147368421,0,0.347368421,0.189473684,0.515789474,0.105263158,0.452631579,0.115789474,0.073684211,6.578947368,0.021052632,0.063157895,45145,95,0.704498687,0.913461538,0.608974359,1,35.876,13.61726537,9.66424528,39.36797804,206.8631579,576.9263158,0.488888889,2,824,826,0,0,0,0,0
911801,818,0.107843137,0.107843137,0.156862745,0.12745098,0.029411765,0.009803922,1.568627451,0.588235294,0.029411765,0.225490196,0.029411765,0.049019608,1.725490196,0.117647059,0.450980392,0.068627451,0.039215686,0.058823529,0.117647059,0.019607843,0.254901961,0.196078431,0.558823529,0.166666667,0.676470588,0.421568627,0.107843137,2.480392157,0.088235294,0.029411765,45200,102,0.686375036,0.953271028,0.653846154,1,34.95,13.73523584,9.988919544,-35.08192464,252.0980392,577.9509804,0.5,1,807,0,0,0,0,0,0
911801,819,0.147058824,0.098039216,0.166666667,0.058823529,0.009803922,0.049019608,0.696078431,1.18627451,0.019607843,0.107843137,0.039215686,0.029411765,0.666666667,0.18627451,0.029411765,0.137254902,0.068627451,0.019607843,0.18627451,0.019607843,0.284313725,0.098039216,0.62745098,0.176470588,0.215686275,0.274509804,0.029411765,5.362745098,0,0.107843137,45256,102,0.788280877,0.879310345,0.618181818,1,39.25,15.51641837,9.547493926,23.9747421,423.4215686,576.8627451,0.7,2,809,832,0,0,0,0,0
911801,820,0.545454545,0.123966942,0.123966942,0.041322314,0.024793388,0.049586777,0.644628099,0.851239669,0.016528926,0.140495868,0.016528926,0.066115702,0.909090909,0.115702479,0.008264463,0.074380165,0.033057851,0.016528926,0.20661157,0.008264463,0.198347107,0.074380165,0.338842975,0.165289256,0.20661157,0.231404959,0.016528926,4.669421488,0.041322314,0.05785124,45311,121,0.792573094,0.937984496,0.6875,1,38.605,16.0268944,9.772830288,-15.61684433,609.6363636,577.1900826,0,0,0,0,0,0,0,0,0
911801,821,0.15942029,0.188405797,0.115942029,0.028985507,0.028985507,0.057971014,0.492753623,1,0,0.086956522,0.014492754,0.043478261,0.782608696,0.275362319,0.420289855,0.086956522,0.086956522,0.043478261,0.797101449,0,0.31884058,0.072463768,0.47826087,0.086956522,0.362318841,0.217391304,0.072463768,6.028985507,0.057971014,0.086956522,45366,69,0.635828562,0.932432432,0.69,1,28.565,10.86955524,8.389452282,56.59770727,53.62318841,577.6666667,0.485714286,2,823,836,0,0,0,0,0
911801,823,0.06741573,0.06741573,0.123595506,0,0.011235955,0.011235955,0.202247191,0.95505618,0.011235955,0.078651685,0.011235955,0.033707865,0.314606742,0.168539326,0.033707865,0.112359551,0.011235955,0.02247191,0.224719101,0,0.202247191,0.06741573,0.674157303,0.101123596,0.179775281,0.247191011,0.02247191,3.640449438,0.056179775,0.011235955,45477,89,0.580942641,0.87254902,0.622377622,1,34.743,12.36412959,10.06371526,44.2013155,61.40449438,578.5955056,0.651162791,2,821,836,0,0,0,0,0
911801,824,0.198347107,0.074380165,0.198347107,0.05785124,0.008264463,0.041322314,0.380165289,0.743801653,0.016528926,0.157024793,0.041322314,0.024793388,1.925619835,0.090909091,0.024793388,0.107438017,0.008264463,0.016528926,0.190082645,0.008264463,0.214876033,0.148760331,0.256198347,0.148760331,0.148760331,0.198347107,0.049586777,4.520661157,0.066115702,0.016528926,45532,121,0.495484118,0.896296296,0.715976331,1,39.308,13.63338959,11.84219393,-41.74095605,220.0578512,579.6528926,0.723404255,3,817,826,834,0,0,0,0
911801,825,0.104347826,0.104347826,0.2,0.034782609,0.017391304,0.086956522,0.460869565,0.834782609,0.052173913,0.234782609,0.017391304,0.034782609,0.617391304,0.130434783,0.147826087,0.165217391,0.034782609,0.034782609,0.356521739,0.017391304,0.226086957,0.12173913,0.313043478,0.208695652,0.147826087,0.408695652,0.060869565,6.991304348,0.113043478,0.12173913,45587,115,0.691814367,0.92,0.68452381,1,37.563,14.5099576,10.47728343,19.57292377,663.6434783,578.5217391,0.354166667,1,835,0,0,0,0,0,0
911801,826,0.2,0.083333333,0.333333333,0.05,0,0.033333333,0.966666667,1.216666667,0.033333333,0.183333333,0.066666667,0,0.766666667,0.25,0.033333333,0.266666667,0.083333333,0.083333333,0.35,0,0.333333333,0.15,0.5,0.233333333,0.5,0.3,0.05,10.48333333,0.066666667,0.116666667,45642,60,0.486636244,0.9375,0.740740741,1,25.836,9.597451715,8.384378896,57.02391581,211.55,582.2833333,0.84375,2,817,824,0,0,0,0,0
911801,827,0.333333333,0.144444444,0.155555556,0.033333333,0.022222222,0.022222222,0.455555556,0.633333333,0.022222222,0.255555556,0.033333333,0.033333333,1.466666667,0.166666667,0,0.1,0.044444444,0.044444444,0.166666667,0,0.266666667,0.1,0.366666667,0.222222222,0.188888889,0.266666667,0.022222222,5.411111111,0.066666667,0.055555556,45698,90,0.710636676,0.927835052,0.629370629,1,32.808,12.9699208,9.125106802,24.34061346,303.2222222,580.7222222,0.833333333,3,805,806,840,0,0,0,0
911801,828,0.07826087,0.156521739,0.165217391,0.043478261,0.008695652,0.017391304,0.530434783,0.530434783,0.052173913,0.147826087,0.008695652,0.026086957,0.530434783,0.356521739,0.026086957,0.043478261,0,0.017391304,0.165217391,0,0.32173913,0.191304348,0.573913043,0.113043478,0.217391304,0.347826087,0.026086957,1.452173913,0.07826087,0.043478261,45753,115,0.776682031,0.804195804,0.513392857,1,44.676,16.11072126,10.14802839,-68.48254747,537,580.5391304,0.981818182,5,810,829,831,833,844,0,0
911801,829,0.098039216,0,0.156862745,0,0.039215686,0.058823529,0.274509804,0.549019608,0,0.156862745,0.058823529,0.019607843,0.431372549,0.039215686,0.058823529,0.078431373,0.019607843,0.058823529,0.078431373,0,0.274509804,0.039215686,0.568627451,0.039215686,0.058823529,0.274509804,0.058823529,3.470588235,0.058823529,0.078431373,45808,51,0.756692502,0.944444444,0.728571429,1,23.967,10.18003877,6.655413636,-89.15049836,544.0196078,580.1960784,1,4,803,828,831,844,0,0,0
911801,830,0.231578947,0.147368421,0.136842105,0,0.031578947,0.042105263,0.8,0.968421053,0.084210526,0.221052632,0.052631579,0.084210526,1.242105263,0.294736842,0.084210526,0.210526316,0.063157895,0.031578947,0.252631579,0.010526316,0.2,0.105263158,0.715789474,0.147368421,0.231578947,0.284210526,0.010526316,6.378947368,0.042105263,0.115789474,45863,95,0.639519335,0.931372549,0.664335664,1,33.85,12.69549703,9.759980888,-25.41210915,189.0105263,583.2947368,0,0,0,0,0,0,0,0,0
911801,831,0.276315789,0.092105263,0.236842105,0.013157895,0.013157895,0.052631579,0.592105263,0.921052632,0.026315789,0.223684211,0.013157895,0.026315789,1.684210526,0.105263158,0.065789474,0.144736842,0.039473684,0.039473684,0.131578947,0.039473684,0.105263158,0.092105263,0.368421053,0.171052632,0.223684211,0.236842105,0.105263158,5.763157895,0.026315789,0.052631579,45919,76,0.439873414,0.904761905,0.690909091,1,30.153,10.56326699,9.486445298,72.14143111,550.6710526,582.8026316,0.666666667,5,803,813,828,829,844,0,0
911801,832,0.21978022,0.142857143,0.197802198,0.010989011,0.032967033,0.065934066,0.692307692,1.010989011,0.043956044,0.10989011,0.021978022,0.032967033,0.736263736,0.197802198,0.043956044,0.164835165,0,0.065934066,0.164835165,0,0.263736264,0.098901099,0.802197802,0.197802198,0.263736264,0.241758242,0.065934066,7.483516484,0.043956044,0.131868132,45974,91,0.66139228,0.875,0.636363636,1,35.694,13.0122666,9.759722615,17.60082361,418.8901099,584.7582418,0.477272727,2,809,819,0,0,0,0,0
911801,833,0.114942529,0.08045977,0.172413793,0,0,0.022988506,0.505747126,0.448275862,0.057471264,0.149425287,0.034482759,0.022988506,0.425287356,0.218390805,0.034482759,0.057471264,0,0.034482759,0.08045977,0.011494253,0.264367816,0.195402299,0.310344828,0.022988506,0.137931034,0.264367816,0.091954023,2.356321839,0.057471264,0.068965517,46029,87,0.597811749,0.935483871,0.725,1,31.658,11.94240755,9.573470051,77.70171862,529.4712644,584.5287356,0.725,3,810,828,844,0,0,0,0
911801,834,0.072727273,0.1,0.118181818,0.045454545,0,0.027272727,0.409090909,0.572727273,0.027272727,0.127272727,0.027272727,0.036363636,1.290909091,0.1,0.081818182,0.081818182,0.154545455,0.045454545,0.218181818,0,0.254545455,0.1,0.436363636,0.181818182,0.145454545,0.318181818,0.036363636,3.609090909,0.063636364,0.054545455,46084,110,0.249070971,0.94017094,0.650887574,1,35.529,12.17682362,11.79307389,-19.76727197,229.9909091,585.1272727,0.340425532,1,824,0,0,0,0,0,0
911801,835,0.2,0.14,0.27,0.04,0.01,0.07,0.56,1.14,0.05,0.15,0.03,0.02,0.63,0.15,0.1,0.13,0.04,0.02,0.12,0,0.35,0.05,0.46,0.13,0.15,0.28,0.05,8.09,0.01,0.07,46140,100,0.331621292,0.943396226,0.694444444,1,33.825,11.78787088,11.12082582,4.870715768,659.16,587.63,0.395348837,1,825,0,0,0,0,0,0
911801,836,0.20212766,0.053191489,0.212765957,0.010638298,0.021276596,0.042553191,1.010638298,1,0.042553191,0.234042553,0.021276596,0.021276596,0.670212766,0.244680851,0.170212766,0.127659574,0.042553191,0.042553191,0.329787234,0,0.329787234,0.095744681,0.35106383,0.191489362,0.287234043,0.595744681,0.074468085,6.968085106,0.074468085,0.074468085,46195,94,0.466962364,0.949494949,0.712121212,1,32.419,11.73308704,10.37530125,41.19913824,59.39361702,588.6595745,0.292682927,2,821,823,0,0,0,0,0
911801,837,0.164285714,0.15,0.142857143,0.042857143,0.042857143,0.064285714,0.557142857,0.821428571,0.014285714,0.142857143,0.014285714,0.021428571,0.757142857,0.107142857,0.057142857,0.107142857,0,0.035714286,0.25,0,0.214285714,0.1,0.371428571,0.178571429,0.228571429,0.342857143,0.092857143,5.507142857,0.057142857,0.121428571,46250,140,0.74378064,0.945945946,0.625,1,41.715,16.45260544,10.99731284,-59.66046737,84.32857143,587.8214286,0,0,0,0,0,0,0,0,0
911801,838,0.266666667,0.090909091,0.109090909,0.048484848,0.018181818,0.018181818,0.721212121,1.121212121,0.042424242,0.145454545,0.036363636,0.024242424,1.03030303,0.151515152,0.121212121,0.096969697,0.006060606,0.060606061,0.2,0.012121212,0.187878788,0.096969697,0.454545455,0.224242424,0.187878788,0.290909091,0.103030303,6.478787879,0.066666667,0.084848485,46306,165,0.690309232,0.942857143,0.668016194,1,46.553,17.47763673,12.64532279,-6.922239011,383.1636364,587.5333333,0.271186441,1,822,0,0,0,0,0,0
911801,839,0.139240506,0.126582278,0.164556962,0.025316456,0.063291139,0.037974684,0.734177215,1.101265823,0.063291139,0.151898734,0.037974684,0.025316456,1.772151899,0.215189873,0.063291139,0.101265823,0.050632911,0.050632911,0.316455696,0,0.227848101,0.139240506,1.556962025,0.189873418,0.35443038,0.35443038,0.050632911,5.898734177,0.050632911,0.075949367,46361,79,0.725152392,0.963414634,0.718181818,1,30.062,12.2892901,8.462262825,-32.36685323,107.1265823,588.5696203,0.473684211,1,848,0,0,0,0,0,0
911801,840,0.376923077,0.1,0.215384615,0.015384615,0.030769231,0.053846154,0.592307692,0.715384615,0.015384615,0.161538462,0.023076923,0.053846154,1.053846154,0.161538462,0.046153846,0.053846154,0.038461538,0.023076923,0.092307692,0.007692308,0.276923077,0.061538462,0.330769231,0.130769231,0.161538462,0.238461538,0.053846154,5.061538462,0.023076923,0.069230769,46416,130,0.781125973,0.928571429,0.637254902,1,40.772,16.45479366,10.27393642,14.12910699,308.7384615,588.3307692,0.326923077,1,827,0,0,0,0,0,0
911801,841,0.172972973,0.108108108,0.178378378,0.037837838,0.027027027,0.054054054,0.583783784,0.816216216,0.027027027,0.189189189,0.005405405,0.037837838,1.097297297,0.162162162,0.054054054,0.102702703,0.037837838,0.048648649,0.221621622,0.010810811,0.335135135,0.118918919,0.372972973,0.12972973,0.162162162,0.345945946,0.037837838,4.086486486,0.054054054,0.059459459,46471,185,0.736573814,0.939086294,0.608552632,1,49.307,19.02414326,12.86711563,-57.83380931,448.8108108,589.9189189,0,0,0,0,0,0,0,0,0
911801,842,0.188679245,0.037735849,0.20754717,0.028301887,0.018867925,0.08490566,0.320754717,0.594339623,0.009433962,0.113207547,0.037735849,0,0.452830189,0.150943396,0.037735849,0.075471698,0.037735849,0.028301887,0.141509434,0.018867925,0.20754717,0.028301887,0.330188679,0.132075472,0.122641509,0.29245283,0.028301887,3.301886792,0.056603774,0.028301887,46527,106,0.430931898,0.946428571,0.679487179,1,35.14,12.39026445,11.180782,-21.77950125,706.1886792,588.3962264,0,0,0,0,0,0,0,0,0
911801,843,0.155844156,0.116883117,0.103896104,0.012987013,0.025974026,0.025974026,0.337662338,0.805194805,0,0.077922078,0.012987013,0.038961039,1.701298701,0.142857143,0.064935065,0.116883117,0.051948052,0.012987013,0.12987013,0,0.220779221,0.038961039,0.324675325,0.038961039,0.207792208,0.298701299,0.038961039,4.155844156,0.038961039,0.116883117,46582,77,0.56668266,0.93902439,0.7,1,29.789,11.10998412,9.153917433,50.48283769,142.8051948,592.0909091,0.473684211,2,845,852,0,0,0,0,0
911801,844,0.183098592,0.075117371,0.23943662,0.023474178,0.023474178,0.028169014,1.211267606,0.497652582,0.046948357,0.215962441,0.014084507,0.03286385,1.34741784,0.361502347,0.023474178,0.103286385,0.037558685,0.018779343,0.084507042,0.009389671,0.309859155,0.131455399,0.502347418,0.051643192,0.131455399,0.319248826,0.079812207,2.79342723,0.061032864,0.061032864,46637,213,0.41159755,0.926086957,0.591666667,1,54.931,17.88307776,16.29802385,-0.666898985,539.3098592,593.8122066,0.416666667,4,828,829,831,833,0,0,0
911801,845,0.142857143,0.19047619,0.301587302,0.079365079,0,0.015873016,1.19047619,1.174603175,0.015873016,0.365079365,0.015873016,0.079365079,1.349206349,0.174603175,0.063492063,0.111111111,0.015873016,0.015873016,0.333333333,0,0.444444444,0.095238095,0.365079365,0.26984127,0.158730159,0.444444444,0.095238095,7.841269841,0.047619048,0.079365079,46692,63,0.554414423,0.9,0.7,1,26.696,9.977567051,8.303737773,75.58633582,151.1904762,593.5873016,0.696969697,3,843,852,858,0,0,0,0
911801,846,0.357142857,0.204081633,0.224489796,0.040816327,0.020408163,0.020408163,0.663265306,1.37755102,0.06122449,0.244897959,0.020408163,0.010204082,0.857142857,0.244897959,0.06122449,0.163265306,0.010204082,0.071428571,0.224489796,0,0.265306122,0.12244898,0.816326531,0.193877551,0.428571429,0.418367347,0.091836735,8.714285714,0.040816327,0.112244898,46748,98,0.738945305,0.951456311,0.7,1,34.561,13.73613385,9.254931935,11.61699577,471.2040816,593.1734694,0.333333333,1,856,0,0,0,0,0,0
911801,847,0.306122449,0.132653061,0.173469388,0,0.040816327,0.051020408,0.428571429,1.071428571,0.051020408,0.265306122,0.020408163,0.030612245,0.693877551,0.224489796,0.091836735,0.132653061,0.06122449,0.06122449,0.173469388,0.010204082,0.428571429,0.12244898,0.346938776,0.234693878,0.153061224,0.244897959,0.06122449,5.244897959,0.051020408,0.020408163,46803,98,0.672150672,0.890909091,0.628205128,1,37.208,13.35329627,9.886972761,-49.02768315,327.1530612,595.5816327,0.787234043,3,849,854,855,0,0,0,0
911801,848,0.182795699,0.129032258,0.193548387,0.064516129,0,0.032258065,0.634408602,0.64516129,0.043010753,0.215053763,0.053763441,0.032258065,1.623655914,0.096774194,0.225806452,0.107526882,0.053763441,0.043010753,0.23655914,0,0.225806452,0.11827957,0.193548387,0.11827957,0.23655914,0.333333333,0.075268817,4.709677419,0.053763441,0.043010753,46858,93,0.589182439,0.911764706,0.596153846,1,34.677,12.58867826,10.17165245,-28.46811554,105.7204301,596.2688172,0.454545455,1,839,0,0,0,0,0,0
911801,849,0.278481013,0.202531646,0.303797468,0.037974684,0,0.050632911,0.53164557,0.721518987,0.012658228,0.35443038,0.025316456,0.012658228,0.835443038,0.113924051,0.025316456,0.189873418,0.037974684,0.012658228,0.063291139,0.012658228,0.35443038,0.088607595,0.215189873,0.151898734,0.139240506,0.278481013,0.063291139,5.215189873,0.126582278,0.075949367,46913,79,0.706235687,0.918604651,0.658333333,1,31.675,12.21897571,8.650751364,-61.96320256,335.1898734,594.4303797,0.707317073,2,847,855,0,0,0,0,0
911801,850,0.303278689,0.106557377,0.180327869,0.040983607,0.024590164,0.024590164,0.532786885,0.786885246,0.032786885,0.221311475,0.024590164,0.016393443,1.073770492,0.172131148,0.016393443,0.147540984,0.032786885,0.016393443,0.12295082,0.008196721,0.180327869,0.073770492,0.344262295,0.18852459,0.204918033,0.163934426,0.040983607,5.762295082,0.06557377,0.057377049,46969,122,0.828721733,0.917293233,0.598039216,1,40.772,16.91776389,9.468210463,-20.31067343,612.7377049,598.4344262,0.019230769,1,859,0,0,0,0,0,0
911801,851,0.185185185,0.064814815,0.268518519,0.064814815,0.018518519,0.092592593,0.648148148,1.12962963,0.009259259,0.25,0.027777778,0.046296296,1.018518519,0.138888889,0.037037037,0.101851852,0.018518519,0.018518519,0.185185185,0,0.212962963,0.166666667,0.37037037,0.240740741,0.175925926,0.25,0.055555556,6.638888889,0.046296296,0.064814815,47024,108,0.6440179,0.947368421,0.639053254,1,35.537,13.59849533,10.40299064,-45.01844548,571.8703704,596.7037037,0,0,0,0,0,0,0,0,0
911801,852,0.172413793,0.189655172,0.206896552,0.051724138,0,0.034482759,0.534482759,0.706896552,0.017241379,0.189655172,0.017241379,0.034482759,1.206896552,0.137931034,0.034482759,0.172413793,0.017241379,0.051724138,0.327586207,0,0.431034483,0.120689655,0.586206897,0.172413793,0.310344828,0.379310345,0.068965517,7.637931034,0.051724138,0.086206897,47079,58,0.733245202,0.90625,0.659090909,1,26.233,10.82205245,7.35860951,-6.140477203,146.3448276,599.5862069,0.970588235,3,843,845,858,0,0,0,0
911801,853,0.184466019,0.106796117,0.184466019,0.038834951,0.019417476,0.038834951,0.466019417,0.524271845,0.009708738,0.203883495,0.029126214,0.029126214,0.72815534,0.145631068,0.077669903,0.087378641,0.029126214,0,0.213592233,0.009708738,0.203883495,0.106796117,0.262135922,0.223300971,0.13592233,0.291262136,0.038834951,4.077669903,0.038834951,0.077669903,47134,103,0.541834366,0.927927928,0.72027972,1,35.81,12.64102196,10.62459299,13.86494391,713.9514563,600.7475728,0.288888889,2,860,865,0,0,0,0,0
911801,854,0.361702128,0.063829787,0.212765957,0.085106383,0.010638298,0.063829787,0.85106383,1.585106383,0.010638298,0.14893617,0.085106383,0.021276596,0.957446809,0.170212766,0.053191489,0.170212766,0.074468085,0.053191489,0.20212766,0,0.191489362,0.159574468,0.585106383,0.180851064,0.234042553,0.138297872,0.021276596,7.319148936,0.031914894,0.127659574,47190,94,0.566835213,0.969072165,0.783333333,1,32.965,12.14847384,10.00829175,-14.54515279,320.2978723,601.6170213,0.390243902,1,847,0,0,0,0,0,0
911801,855,0.231578947,0.157894737,0.189473684,0.021052632,0.021052632,0.031578947,0.536842105,0.578947368,0.010526316,0.231578947,0.042105263,0.010526316,1.368421053,0.157894737,0.031578947,0.063157895,0.031578947,0.031578947,0.242105263,0.021052632,0.105263158,0.052631579,0.326315789,0.136842105,0.126315789,0.242105263,0.136842105,3.726315789,0.052631579,0.084210526,47245,95,0.612174654,0.922330097,0.608974359,1,34.305,12.60998721,9.97100158,-19.36717346,339.5684211,603.4315789,0.348837209,2,847,849,0,0,0,0,0
911801,856,0.212121212,0.070707071,0.252525253,0.03030303,0.01010101,0.060606061,0.737373737,1.111111111,0.03030303,0.222222222,0.04040404,0.01010101,1.181818182,0.282828283,0.070707071,0.202020202,0,0.04040404,0.262626263,0.01010101,0.282828283,0.141414141,1.181818182,0.161616162,0.484848485,0.363636364,0.070707071,6.808080808,0.101010101,0.050505051,47300,99,0.522674628,0.961165049,0.761538462,1,33.155,12.24044287,10.43537227,-7.297458489,470.8484848,602.3939394,0.341463415,1,846,0,0,0,0,0,0
911801,857,0.166666667,0.095238095,0.178571429,0.023809524,0.023809524,0.023809524,0.452380952,0.678571429,0.047619048,0.214285714,0.011904762,0.035714286,2.916666667,0.166666667,0.142857143,0.071428571,0.011904762,0.023809524,0.154761905,0,0.285714286,0.130952381,0.238095238,0.19047619,0.107142857,0.238095238,0.035714286,4.142857143,0.047619048,0.142857143,47355,84,0.630400115,0.933333333,0.763636364,1,30.434,11.87320985,9.216821057,35.72972389,8.547619048,604.3571429,0,0,0,0,0,0,0,0,0
911801,858,0.303921569,0.117647059,0.107843137,0.019607843,0.009803922,0.029411765,0.705882353,0.862745098,0.029411765,0.098039216,0.039215686,0.019607843,1.607843137,0.176470588,0.088235294,0.107843137,0.049019608,0.049019608,0.225490196,0.009803922,0.18627451,0.088235294,0.578431373,0.12745098,0.176470588,0.362745098,0.039215686,4.784313725,0.088235294,0.068627451,47411,102,0.797558232,0.85,0.566666667,1,38.605,15.49821442,9.349173306,34.88046416,153.0882353,603.2156863,0.469387755,2,845,852,0,0,0,0,0
911801,859,0.09375,0.083333333,0.072916667,0.052083333,0.03125,0.020833333,0.53125,0.5,0.020833333,0.145833333,0.010416667,0.03125,0.864583333,0.083333333,0.03125,0.072916667,0.020833333,0.020833333,0.09375,0,0.114583333,0.09375,0.208333333,0.09375,0.15625,0.135416667,0.03125,3.833333333,0.041666667,0.083333333,47466,96,0.507658747,0.95049505,0.727272727,1,32.328,12.00892794,10.34639079,-36.24507375,601.6666667,606.6979167,0.119047619,2,850,876,0,0,0,0,0
911801,860,0.201492537,0.089552239,0.268656716,0.044776119,0.037313433,0.029850746,0.328358209,0.559701493,0.02238806,0.246268657,0.014925373,0.02238806,0.694029851,0.111940299,0.029850746,0.119402985,0.059701493,0.007462687,0.134328358,0,0.291044776,0.067164179,0.246268657,0.141791045,0.119402985,0.28358209,0.037313433,4.298507463,0.037313433,0.029850746,47521,134,0.665843967,0.937062937,0.638095238,1,40.772,15.5227387,11.58137596,34.57229247,701.5746269,607.4029851,0.407407407,2,853,865,0,0,0,0,0
911801,861,0.276785714,0.116071429,0.205357143,0.026785714,0.0625,0.026785714,0.633928571,0.973214286,0,0.098214286,0.071428571,0,0.705357143,0.089285714,0.178571429,0.151785714,0.026785714,0.035714286,0.241071429,0,0.223214286,0.205357143,0.357142857,0.125,0.178571429,0.258928571,0.0625,6.053571429,0.044642857,0.089285714,47576,112,0.636877671,0.957264957,0.662721893,1,35.81,13.68835424,10.55324026,42.53672583,360.4107143,608.3482143,0,0,0,0,0,0,0,0,0
911801,862,0.260869565,0.18115942,0.137681159,0.02173913,0.014492754,0.028985507,0.891304348,1.144927536,0.014492754,0.173913043,0.02173913,0.036231884,0.710144928,0.18115942,0.028985507,0.210144928,0.036231884,0.007246377,0.18115942,0.007246377,0.130434783,0.101449275,0.427536232,0.166666667,0.202898551,0.202898551,0.065217391,5.971014493,0.043478261,0.086956522,47632,138,0.682491746,0.92,0.613333333,1,42.848,15.92427669,11.63894715,43.79985132,280.6449275,613.0217391,0,0,0,0,0,0,0,0,0
911801,863,0.215686275,0.078431373,0.245098039,0.029411765,0.009803922,0.029411765,0.862745098,0.980392157,0.029411765,0.196078431,0.029411765,0.039215686,1.696078431,0.245098039,0.049019608,0.078431373,0.058823529,0.009803922,0.12745098,0.009803922,0.205882353,0.156862745,0.421568627,0.088235294,0.264705882,0.235294118,0.068627451,6.87254902,0.029411765,0.12745098,47687,102,0.827931833,0.910714286,0.68,1,37.009,15.6291299,8.765265298,13.44761856,547.9901961,610.5686275,0.458333333,1,868,0,0,0,0,0,0
911801,864,0.214285714,0.080357143,0.196428571,0.026785714,0.008928571,0.026785714,0.446428571,0.848214286,0.035714286,0.125,0.017857143,0.053571429,0.714285714,0.107142857,0.035714286,0.089285714,0.026785714,0.026785714,0.205357143,0.008928571,0.1875,0.098214286,0.3125,0.142857143,0.196428571,0.3125,0.071428571,5.071428571,0.026785714,0.125,47742,112,0.724189929,0.949152542,0.666666667,1,36.364,14.48932722,9.99184832,34.8120935,70.1875,614.3928571,0,0,0,0,0,0,0,0,0
911801,865,0.231481481,0.074074074,0.138888889,0.037037037,0.018518519,0.046296296,0.527777778,0.490740741,0,0.111111111,0.055555556,0.009259259,1.388888889,0.064814815,0.074074074,0.092592593,0.046296296,0.018518519,0.12962963,0,0.074074074,0.157407407,0.138888889,0.101851852,0.101851852,0.305555556,0.027777778,2.907407407,0.046296296,0.046296296,47797,108,0.778638125,0.931034483,0.654545455,1,37.009,15.05546175,9.446899404,12.58509817,711.4814815,613.1203704,0.765957447,3,853,860,873,0,0,0,0
911801,866,0.222222222,0.044444444,0.177777778,0.022222222,0.011111111,0.022222222,0.822222222,0.911111111,0.033333333,0.155555556,0.022222222,0.011111111,1.155555556,0.177777778,0.033333333,0.1,0.044444444,0.033333333,0.144444444,0,0.322222222,0.044444444,0.277777778,0.177777778,0.1,0.288888889,0.077777778,5.511111111,0.077777778,0.055555556,47853,90,0.587912541,0.9375,0.681818182,1,31.774,12.00772074,9.713339471,24.96636856,377.2666667,616.1777778,0.487804878,2,867,881,0,0,0,0,0
911801,867,0.191304348,0.130434783,0.2,0.017391304,0.026086957,0.043478261,0.547826087,0.834782609,0.026086957,0.156521739,0.052173913,0.034782609,0.626086957,0.147826087,0.052173913,0.07826087,0.052173913,0.008695652,0.156521739,0,0.260869565,0.052173913,0.347826087,0.12173913,0.2,0.208695652,0.026086957,4.6,0.069565217,0.086956522,47908,115,0.559246874,0.958333333,0.737179487,1,35.603,13.36452037,11.07920297,55.92190406,388.5130435,616.226087,0.260869565,1,866,0,0,0,0,0,0
911801,868,0.164705882,0.223529412,0.270588235,0.047058824,0,0.058823529,0.494117647,1.082352941,0.023529412,0.2,0.047058824,0,0.894117647,0.235294118,0,0.117647059,0.011764706,0.047058824,0.2,0,0.364705882,0.164705882,0.329411765,0.247058824,0.258823529,0.294117647,0.070588235,6.847058824,0.070588235,0.094117647,47963,85,0.860793401,0.885416667,0.607142857,1,33.825,14.86526436,7.565743747,19.58587223,548.3411765,617.5764706,0.511627907,1,863,0,0,0,0,0,0
911801,869,0.209302326,0.098837209,0.151162791,0.029069767,0.011627907,0.046511628,0.540697674,0.936046512,0.011627907,0.203488372,0.034883721,0.01744186,1.302325581,0.162790698,0.023255814,0.151162791,0.01744186,0.029069767,0.162790698,0,0.197674419,0.174418605,0.406976744,0.110465116,0.220930233,0.325581395,0.087209302,5.418604651,0.075581395,0.058139535,48018,172,0.88245304,0.92972973,0.661538462,1,50.175,21.90447756,10.30387723,18.93922664,620.7906977,616.8313953,0.180327869,2,876,883,0,0,0,0,0
911801,870,0.1875,0.131944444,0.194444444,0.034722222,0.027777778,0.055555556,0.604166667,1.020833333,0.020833333,0.208333333,0.013888889,0.048611111,0.631944444,0.215277778,0.055555556,0.215277778,0.048611111,0.020833333,0.486111111,0.013888889,0.25,0.243055556,1.319444444,0.201388889,0.277777778,0.375,0.083333333,7.993055556,0.083333333,0.145833333,48074,144,0.54283408,0.941176471,0.685714286,1,41.235,14.9645365,12.56781576,-32.35721787,164.1597222,617.3263889,0.094339623,1,882,0,0,0,0,0,0
911801,871,0.191780822,0.082191781,0.150684932,0.04109589,0.02739726,0.04109589,0.383561644,0.931506849,0.02739726,0.123287671,0.01369863,0,0.835616438,0.136986301,0.02739726,0.095890411,0.02739726,0.02739726,0.273972603,0,0.301369863,0.219178082,0.410958904,0.123287671,0.109589041,0.178082192,0.068493151,4.561643836,0.054794521,0.095890411,48129,73,0.746582134,0.9125,0.675925926,1,29.326,12.04733335,8.015009632,69.54066579,577.6712329,619.630137,0.864864865,2,872,875,0,0,0,0,0
911801,872,0.138686131,0.138686131,0.233576642,0.02919708,0.01459854,0.04379562,0.715328467,1.116788321,0.04379562,0.357664234,0.03649635,0.02919708,0.98540146,0.218978102,0.02919708,0.138686131,0.04379562,0.02189781,0.262773723,0.01459854,0.357664234,0.204379562,0.364963504,0.138686131,0.335766423,0.248175182,0.087591241,6.708029197,0.087591241,0.072992701,48184,137,0.635700482,0.944827586,0.761111111,1,40.656,15.19772406,11.73166746,75.22069915,586.810219,620.379562,0.470588235,2,871,885,0,0,0,0,0
911801,873,0.220930233,0.034883721,0.209302326,0.023255814,0,0.011627907,0.511627907,0.627906977,0.011627907,0.058139535,0.023255814,0.011627907,1.151162791,0.186046512,0.058139535,0.139534884,0,0.058139535,0.162790698,0.011627907,0.197674419,0.244186047,1.61627907,0.139534884,0.302325581,0.244186047,0.058139535,3.744186047,0.034883721,0.011627907,48240,86,0.793440846,0.924731183,0.597222222,1,33.271,13.64745504,8.306487655,45.39906557,713.0813953,621.4418605,0.428571429,1,865,0,0,0,0,0,0
911801,874,0.191666667,0.116666667,0.158333333,0.016666667,0.008333333,0.025,0.825,1.591666667,0.025,0.108333333,0.033333333,0.058333333,1.216666667,0.158333333,0,0.158333333,0.016666667,0.016666667,0.275,0.008333333,0.225,0.141666667,0.541666667,0.2,0.15,0.241666667,0.066666667,6.208333333,0.05,0.05,48295,120,0.839667421,0.9375,0.625,1,39.639,16.92402754,9.191455124,25.88719578,39.43333333,621.075,0,0,0,0,0,0,0,0,0
911801,875,0.13592233,0.038834951,0.097087379,0.029126214,0,0,0.67961165,0.708737864,0.009708738,0.165048544,0.009708738,0.009708738,1.893203883,0.213592233,0.019417476,0.145631068,0.038834951,0.019417476,0.155339806,0,0.281553398,0.097087379,0.533980583,0.174757282,0.174757282,0.213592233,0.058252427,3.815533981,0.029126214,0.048543689,48350,103,0.670999732,0.919642857,0.66025641,1,36.546,13.58337528,10.07149672,-33.68534671,568.6019417,619.9708738,0.355555556,1,871,0,0,0,0,0,0
911801,876,0.21,0.1,0.21,0.02,0.04,0.05,0.49,1.03,0.02,0.2,0.01,0.01,1.15,0.15,0.03,0.13,0.08,0.03,0.22,0.04,0.17,0.13,0.47,0.12,0.22,0.48,0.03,6.23,0.08,0.08,48405,100,0.651541011,0.925925926,0.649350649,1,36.339,13.34181343,10.12127862,-2.40494299,604.08,619.65,0.613636364,4,859,869,883,885,0,0,0
911801,877,0.170940171,0.128205128,0.264957265,0.042735043,0.025641026,0.068376068,0.384615385,0.965811966,0.034188034,0.393162393,0.025641026,0.025641026,1.034188034,0.136752137,0.042735043,0.094017094,0.042735043,0.034188034,0.376068376,0,0.393162393,0.076923077,0.333333333,0.170940171,0.239316239,0.504273504,0.05982906,5.623931624,0.051282051,0.102564103,48461,117,0.652883539,0.951219512,0.692307692,1,36.637,14.12522521,10.69926915,49.65763245,208.017094,620.4273504,0,0,0,0,0,0,0,0,0
911801,878,0.18,0.06,0.16,0.03,0.02,0.03,0.28,0.52,0.03,0.18,0.01,0.02,0.38,0.05,0.29,0.06,0.03,0.01,0.39,0.02,0.21,0.09,0.2,0.17,0.23,0.47,0.03,2.35,0.02,0.02,48516,100,0.603723517,0.934579439,0.641025641,1,34.313,12.77864461,10.18705593,-52.14364177,227.58,621.72,0,0,0,0,0,0,0,0,0
911801,879,0.235294118,0.029411765,0.102941176,0.014705882,0.044117647,0.058823529,0.279411765,0.455882353,0.029411765,0.235294118,0,0.102941176,0.382352941,0.073529412,0.102941176,0.088235294,0,0.058823529,0.205882353,0,0.147058824,0.088235294,0.264705882,0.073529412,0.088235294,0.235294118,0.044117647,3.470588235,0.029411765,0.044117647,48571,68,0.490423643,0.918918919,0.686868687,1,28.193,10.26009898,8.941513791,84.20528907,260.1617647,624.0735294,0.5,1,880,0,0,0,0,0,0
911801,880,0.3125,0.05,0.2125,0.0125,0,0.0375,0.8125,1.35,0.025,0.2375,0.0375,0.0125,0.6125,0.2,0.025,0.1375,0,0.05,0.2875,0.0125,0.35,0.175,0.5,0.2,0.1625,0.4,0.0875,7.7875,0.0875,0.0875,48626,80,0.576702762,0.941176471,0.727272727,1,31.17,11.4817635,9.38007322,-71.12726395,252.65,624.575,0.432432432,1,879,0,0,0,0,0,0
911801,881,0.252525253,0.111111111,0.131313131,0.060606061,0.02020202,0.050505051,1.727272727,1.414141414,0.101010101,0.161616162,0.02020202,0.04040404,1.343434343,0.131313131,0.060606061,0.171717172,0.060606061,0.04040404,0.121212121,0,0.202020202,0.080808081,1.757575758,0.222222222,0.626262626,0.343434343,0.03030303,7.696969697,0.111111111,0.060606061,48682,99,0.794983042,0.933962264,0.66,1,35.14,14.5739954,8.841046918,-19.94293198,368.8080808,623.8585859,0.681818182,2,866,884,0,0,0,0,0
911801,882,0.296703297,0.197802198,0.197802198,0.054945055,0.032967033,0.043956044,0.736263736,1.395604396,0.076923077,0.428571429,0.021978022,0.010989011,1.10989011,0.120879121,0.010989011,0.120879121,0.032967033,0.065934066,0.153846154,0.032967033,0.351648352,0.153846154,0.43956044,0.318681319,0.142857143,0.340659341,0.065934066,4.67032967,0.032967033,0.120879121,48737,91,0.666101846,0.957894737,0.7,1,31.865,12.55088915,9.361216201,20.75060686,154.1978022,627.4835165,0.12195122,1,870,0,0,0,0,0,0
911801,883,0.189873418,0.075949367,0.189873418,0.025316456,0.012658228,0.037974684,0.443037975,0.759493671,0,0.139240506,0.037974684,0,0.392405063,0.101265823,0.025316456,0.075949367,0.037974684,0,0.164556962,0.012658228,0.17721519,0.113924051,0.215189873,0.088607595,0.17721519,0.164556962,0.025316456,3.64556962,0.050632911,0.037974684,48792,79,0.633254154,0.918604651,0.731481481,1,30.798,11.63576563,9.005429957,-8.483337212,606.6455696,627.4683544,0.675675676,3,869,876,885,0,0,0,0
911801,884,0.091836735,0.183673469,0.326530612,0.030612245,0,0.040816327,0.806122449,1.010204082,0.030612245,0.346938776,0.040816327,0.06122449,0.520408163,0.163265306,0.06122449,0.153061224,0.040816327,0.040816327,0.367346939,0,0.387755102,0.204081633,0.408163265,0.244897959,0.489795918,0.5,0,7.091836735,0.051020408,0.081632653,48847,98,0.74476029,0.875,0.636363636,1,37.191,14.1298045,9.42927188,-7.266377718,366.4183673,631.3877551,0.409090909,1,881,0,0,0,0,0,0
911801,885,0.166666667,0.101851852,0.222222222,0.046296296,0.055555556,0.064814815,0.416666667,0.740740741,0.074074074,0.268518519,0.018518519,0.037037037,0.666666667,0.111111111,0.055555556,0.12037037,0.018518519,0.037037037,0.222222222,0.018518519,0.287037037,0.074074074,0.333333333,0.185185185,0.092592593,0.277777778,0.074074074,5.398148148,0.12962963,0.074074074,48903,108,0.532324037,0.939130435,0.692307692,1,35.992,12.87974414,10.90322734,-40.72734192,596.7222222,630.2962963,0.47826087,3,872,876,883,0,0,0,0
911801,886,0.333333333,0.027027027,0.108108108,0.018018018,0.009009009,0.036036036,0.567567568,0.603603604,0.009009009,0.171171171,0,0.036036036,1.801801802,0.162162162,0.063063063,0.081081081,0.027027027,0.027027027,0.261261261,0,0.234234234,0.144144144,0.522522523,0.117117117,0.189189189,0.297297297,0.063063063,4.576576577,0.027027027,0.045045045,48958,111,0.784741102,0.948717949,0.672727273,1,36.736,15.24414505,9.448682192,20.74747032,112.6756757,629.8918919,0,0,0,0,0,0,0,0,0
911801,887,0.145985401,0.087591241,0.124087591,0.02189781,0.01459854,0.04379562,0.591240876,0.569343066,0.03649635,0.270072993,0.01459854,0.02919708,2.145985401,0.124087591,0.094890511,0.102189781,0.02189781,0.00729927,0.167883212,0,0.262773723,0.116788321,0.788321168,0.153284672,0.233576642,0.138686131,0.080291971,3.094890511,0.02189781,0.065693431,49013,137,0.87399104,0.913333333,0.570833333,1,44.783,19.32738563,9.391989118,48.8446607,737.540146,633.0218978,0.362068966,1,890,0,0,0,0,0,0
911801,888,0.290322581,0.070967742,0.180645161,0.025806452,0.019354839,0.04516129,0.55483871,0.606451613,0.019354839,0.161290323,0.025806452,0.04516129,1.587096774,0.141935484,0.051612903,0.077419355,0.04516129,0.038709677,0.180645161,0.006451613,0.303225806,0.135483871,0.316129032,0.141935484,0.122580645,0.212903226,0.04516129,3.84516129,0.025806452,0.103225806,49068,155,0.652210831,0.945121951,0.691964286,1,44.105,16.36493214,12.4052342,-16.22015694,757.5935484,632,0.245283019,1,890,0,0,0,0,0,0
911801,889,0.211111111,0.077777778,0.155555556,0.022222222,0.022222222,0.044444444,1.011111111,0.577777778,0.044444444,0.288888889,0.044444444,0.033333333,0.666666667,0.1,0.066666667,0.122222222,0.011111111,0,0.088888889,0,0.288888889,0.111111111,0.244444444,0.166666667,0.211111111,0.388888889,0.033333333,4.177777778,0.088888889,0.088888889,49124,90,0.247236775,0.97826087,0.743801653,1,30.732,10.95237727,10.61236176,45,307.3555556,633.6444444,0.475,1,892,0,0,0,0,0,0
911801,890,0.3125,0.075,0.275,0.0375,0,0.025,0.4375,0.725,0.0125,0.2875,0,0.0125,2.2,0.2,0.0625,0.1375,0.025,0.0375,0.125,0.0125,0.1125,0.05,0.2875,0.225,0.175,0.1625,0.0125,5.325,0.05,0.0625,49179,80,0.73360128,0.930232558,0.666666667,1,31.005,12.58632925,8.553419355,64.74187546,746.125,633.95,0.825,2,887,888,0,0,0,0,0
911801,891,0.375,0.142857143,0.196428571,0.071428571,0.008928571,0.0625,0.741071429,1.330357143,0.044642857,0.223214286,0.035714286,0.053571429,1.357142857,0.214285714,0.0625,0.116071429,0.008928571,0.053571429,0.25,0.008928571,0.142857143,0.0625,0.375,0.25,0.133928571,0.303571429,0.035714286,6.696428571,0.017857143,0.0625,49234,112,0.719234911,0.933333333,0.615384615,1,37.96,14.67746686,10.19741918,39.78161874,135.5803571,633.7321429,0,0,0,0,0,0,0,0,0
911801,892,0.307692308,0.118881119,0.223776224,0.048951049,0.020979021,0.027972028,1.335664336,1.097902098,0.034965035,0.307692308,0.020979021,0.034965035,0.937062937,0.230769231,0.055944056,0.125874126,0.034965035,0.027972028,0.230769231,0.013986014,0.384615385,0.146853147,0.475524476,0.223776224,0.216783217,0.300699301,0.041958042,6.804195804,0.076923077,0.062937063,49289,143,0.532279501,0.87195122,0.680952381,1,44.229,15.24540887,12.9062857,68.63445352,317.020979,633.5594406,0.339285714,1,889,0,0,0,0,0,0
911801,893,0.181818182,0.038961039,0.279220779,0.012987013,0.006493506,0.012987013,0.357142857,0.863636364,0.038961039,0.181818182,0.025974026,0.032467532,0.831168831,0.168831169,0.045454545,0.142857143,0.025974026,0.019480519,0.175324675,0,0.279220779,0.097402597,0.5,0.207792208,0.097402597,0.253246753,0.019480519,5.467532468,0.084415584,0.071428571,49345,154,0.632950929,0.916666667,0.641666667,1,44.808,16.30675472,12.62455767,55.63748349,691.5649351,634.974026,0,0,0,0,0,0,0,0,0
911801,894,0.263888889,0.083333333,0.291666667,0.013888889,0.041666667,0.041666667,0.791666667,1.194444444,0.013888889,0.083333333,0.027777778,0.027777778,0.611111111,0.208333333,0.097222222,0.166666667,0.013888889,0.027777778,0.180555556,0.013888889,0.194444444,0.111111111,0.722222222,0.222222222,0.402777778,0.319444444,0.041666667,7.277777778,0.125,0.152777778,49400,72,0.506934762,0.96,0.727272727,1,27.821,10.40485017,8.968818779,14.18804668,396.4305556,634.25,0.457142857,1,901,0,0,0,0,0,0
911801,895,0.23853211,0.100917431,0.19266055,0.027522936,0.018348624,0.027522936,0.550458716,1.100917431,0.009174312,0.128440367,0.04587156,0,0.926605505,0.174311927,0.119266055,0.110091743,0.027522936,0.055045872,0.146788991,0.009174312,0.229357798,0.100917431,0.339449541,0.19266055,0.201834862,0.155963303,0.055045872,6.128440367,0.036697248,0.009174312,49455,109,0.541657817,0.931623932,0.698717949,1,36.339,13.10473669,11.01582958,34.94172102,63.91743119,638.8715596,0,0,0,0,0,0,0,0,0
911801,896,0.396039604,0.089108911,0.267326733,0.02970297,0.059405941,0.03960396,0.811881188,0.920792079,0.079207921,0.158415842,0.03960396,0.03960396,1.188118812,0.168316832,0.089108911,0.089108911,0.03960396,0.03960396,0.227722772,0.01980198,0.346534653,0.207920792,0.336633663,0.168316832,0.207920792,0.217821782,0.059405941,6.00990099,0.059405941,0.089108911,49510,101,0.529310448,0.943925234,0.706293706,1,34.586,12.43644158,10.55142803,-11.61862967,280.2475248,639.8415842,0,0,0,0,0,0,0,0,0
911801,897,0.13592233,0.097087379,0.223300971,0.058252427,0.019417476,0.019417476,0.45631068,0.86407767,0.009708738,0.184466019,0.048543689,0.038834951,0.59223301,0.155339806,0.087378641,0.116504854,0.009708738,0.009708738,0.165048544,0,0.13592233,0.087378641,0.32038835,0.097087379,0.184466019,0.359223301,0.106796117,5.029126214,0.048543689,0.019417476,49566,103,0.522577316,0.927927928,0.715277778,1,35.14,12.51082152,10.6666251,54.11263122,377.7669903,640.3883495,0.23255814,1,915,0,0,0,0,0,0
911801,898,0.32038835,0.194174757,0.398058252,0.038834951,0.009708738,0.077669903,1.116504854,1.563106796,0.029126214,0.233009709,0.019417476,0.077669903,1.048543689,0.194174757,0.058252427,0.184466019,0.038834951,0.019417476,0.291262136,0,0.32038835,0.165048544,0.951456311,0.203883495,0.165048544,0.330097087,0.087378641,7.980582524,0.019417476,0.087378641,49621,103,0.732392878,0.911504425,0.624242424,1,36.273,14.15176568,9.635686401,-74.91404858,220.9805825,639.8932039,0,0,0,0,0,0,0,0,0
911801,899,0.185185185,0.092592593,0.101851852,0.018518519,0.018518519,0.018518519,0.462962963,0.75,0.037037037,0.148148148,0.009259259,0.037037037,1.12962963,0.212962963,0.037037037,0.157407407,0.027777778,0.027777778,0.240740741,0.027777778,0.12962963,0.083333333,0.537037037,0.12037037,0.231481481,0.342592593,0.037037037,5.259259259,0.009259259,0.055555556,49676,108,0.543894996,0.955752212,0.692307692,1,35.504,13.00763026,10.91539565,-32.1521757,656.0740741,641.9722222,0.311111111,1,907,0,0,0,0,0,0
911801,900,0.26984127,0.174603175,0.238095238,0.031746032,0.015873016,0.031746032,0.714285714,0.952380952,0.031746032,0.174603175,0.047619048,0.015873016,0.904761905,0.174603175,0.015873016,0.095238095,0.047619048,0.015873016,0.26984127,0,0.349206349,0.079365079,0.174603175,0.174603175,0.174603175,0.285714286,0.095238095,5.174603175,0.063492063,0.126984127,49731,63,0.736904187,0.913043478,0.65625,1,28.011,11.26784865,7.617034185,-13.47279955,775.031746,641.7460317,0.571428571,2,904,910,0,0,0,0,0
911801,901,0.111111111,0.151515152,0.161616162,0.03030303,0.04040404,0.01010101,0.535353535,0.818181818,0.04040404,0.181818182,0.02020202,0.02020202,0.545454545,0.111111111,0.01010101,0.151515152,0.050505051,0.02020202,0.141414141,0.02020202,0.171717172,0.101010101,0.949494949,0.111111111,0.161616162,0.393939394,0.060606061,5.777777778,0.060606061,0.070707071,49787,99,0.568127254,0.883928571,0.692307692,1,36.43,12.82464381,10.55392157,-76.1997551,392.2727273,642.1818182,0.533333333,2,894,917,0,0,0,0,0
911801,902,0.112359551,0.112359551,0.213483146,0.033707865,0.02247191,0.011235955,0.415730337,0.808988764,0.04494382,0.146067416,0,0.02247191,0.865168539,0.123595506,0.033707865,0.056179775,0.033707865,0.011235955,0.280898876,0,0.235955056,0.112359551,0.393258427,0.134831461,0.213483146,0.382022472,0.078651685,6.651685393,0.08988764,0.112359551,49842,89,0.520914336,0.946808511,0.741666667,1,31.286,11.59532545,9.897873683,8.091654965,628.0786517,644.3258427,0.307692308,1,918,0,0,0,0,0,0
911801,903,0.225,0.125,0.2375,0.0375,0,0.05,0.4125,1.0875,0.075,0.1875,0.025,0.025,0.375,0.1625,0.225,0.15,0.0625,0.05,0.35,0.0125,0.3125,0.175,0.5375,0.2,0.4125,0.5125,0.0875,7.3125,0.075,0.0875,49897,80,0.680468762,0.941176471,0.606060606,1,31.121,12.03199026,8.816766813,25.07286459,161.0125,644.65,0.475,2,905,908,0,0,0,0,0
911801,904,0.181818182,0.068181818,0.159090909,0.045454545,0,0.022727273,0.704545455,0.772727273,0.022727273,0.272727273,0.068181818,0.022727273,0.795454545,0.181818182,0.090909091,0.204545455,0.045454545,0,0.204545455,0,0.25,0.090909091,0.204545455,0.136363636,0.136363636,0.318181818,0.045454545,5.181818182,0.045454545,0.022727273,49952,44,0.948346572,0.830188679,0.458333333,1,28.656,14.56410786,4.620261623,-22.810672,775.0681818,646.8409091,1,2,900,910,0,0,0,0,0
911801,905,0.304761905,0.133333333,0.219047619,0.019047619,0.047619048,0.066666667,0.657142857,1.20952381,0,0.20952381,0.00952381,0.028571429,0.752380952,0.095238095,0.038095238,0.133333333,0.047619048,0.00952381,0.142857143,0.00952381,0.342857143,0.133333333,0.304761905,0.180952381,0.095238095,0.380952381,0.028571429,6.695238095,0.066666667,0.066666667,50008,105,0.541700825,0.9375,0.673076923,1,34.95,12.76226391,10.72759357,55.59120197,175.1142857,645.352381,0.288888889,2,903,908,0,0,0,0,0
911801,906,0.229166667,0.114583333,0.21875,0.0625,0.010416667,0.052083333,0.625,1.302083333,0.020833333,0.145833333,0.010416667,0.03125,0.75,0.229166667,0.03125,0.135416667,0.041666667,0.0625,0.166666667,0,0.239583333,0.125,0.427083333,0.114583333,0.166666667,0.416666667,0.041666667,7.635416667,0.020833333,0.041666667,50063,96,0.626034336,0.95049505,0.666666667,1,33.089,12.67240092,9.881881116,-39.84920242,79.92708333,648.3958333,0,0,0,0,0,0,0,0,0
911801,907,0.223684211,0.157894737,0.131578947,0,0.026315789,0.039473684,0.868421053,0.960526316,0.052631579,0.171052632,0,0.039473684,1.342105263,0.223684211,0.052631579,0.118421053,0.052631579,0.026315789,0.236842105,0,0.276315789,0.052631579,0.342105263,0.263157895,0.197368421,0.223684211,0.092105263,5.960526316,0.092105263,0.105263158,50118,76,0.585163706,0.926829268,0.690909091,1,28.954,11.09023433,8.993239425,29.9450242,664.3026316,647.6315789,0.421052632,1,899,0,0,0,0,0,0
911801,908,0.3,0.1,0.2875,0.025,0.025,0.05,0.6,1.1625,0.0375,0.225,0,0.0375,0.65,0.1375,0.05,0.15,0.075,0,0.4125,0,0.45,0.175,0.475,0.225,0.4375,0.6125,0.05,8.2875,0.0375,0.1,50174,80,0.651375248,0.941176471,0.666666667,1,31.096,11.88980503,9.021457918,54.7933382,165.975,650.3625,0.692307692,2,903,905,0,0,0,0,0
911801,909,0.21978022,0.131868132,0.208791209,0.043956044,0.021978022,0.054945055,0.67032967,1.197802198,0.054945055,0.197802198,0.065934066,0.032967033,0.802197802,0.197802198,0.032967033,0.164835165,0.054945055,0.010989011,0.21978022,0.010989011,0.142857143,0.164835165,0.373626374,0.142857143,0.120879121,0.21978022,0.032967033,6.824175824,0.021978022,0.131868132,50229,91,0.581570811,0.947916667,0.689393939,1,31.683,12.02147647,9.779420435,45.34653015,594.8791209,649.6373626,0,0,0,0,0,0,0,0,0
911801,910,0.357142857,0.081632653,0.081632653,0.010204082,0.051020408,0.06122449,0.714285714,0.979591837,0.071428571,0.173469388,0.020408163,0.020408163,0.928571429,0.163265306,0.040816327,0.081632653,0.010204082,0.051020408,0.142857143,0.010204082,0.193877551,0.051020408,0.244897959,0.142857143,0.173469388,0.244897959,0.051020408,5.591836735,0.071428571,0.091836735,50284,98,0.86454033,0.890909091,0.544444444,1,38.233,16.15123224,8.117018936,-32.20025831,772.0714286,651.0714286,0.5,2,900,904,0,0,0,0,0
911801,911,0.12,0.093333333,0.12,0,0.026666667,0.04,0.32,0.56,0.013333333,0.16,0.026666667,0.026666667,0.32,0.04,0.053333333,0.133333333,0,0.026666667,0.146666667,0,0.306666667,0.106666667,0.226666667,0.16,0.24,0.466666667,0.013333333,3.96,0.04,0.066666667,50339,75,0.606449332,0.903614458,0.694444444,1,30.062,11.1532727,8.868213984,1.693061956,122.3333333,651.4533333,0.472222222,1,919,0,0,0,0,0,0
911801,912,0.151832461,0.052356021,0.157068063,0.020942408,0.02617801,0.036649215,0.340314136,0.455497382,0.020942408,0.19895288,0.02617801,0.041884817,1.230366492,0.120418848,0.089005236,0.109947644,0.073298429,0.052356021,0.188481675,0.015706806,0.272251309,0.120418848,0.162303665,0.130890052,0.167539267,0.308900524,0.083769634,3.22513089,0.015706806,0.036649215,50395,191,0.646775956,0.931707317,0.707407407,1,49.282,18.02762194,13.74930765,-84.90661406,190.7068063,653.7591623,0,0,0,0,0,0,0,0,0
911801,913,0.153846154,0.153846154,0.188034188,0.025641026,0.008547009,0.034188034,0.495726496,0.914529915,0.034188034,0.11965812,0.025641026,0,0.478632479,0.102564103,0.034188034,0.085470085,0.025641026,0.034188034,0.213675214,0,0.196581197,0.111111111,0.572649573,0.11965812,0.102564103,0.222222222,0.051282051,5.683760684,0.068376068,0.076923077,50450,117,0.764815784,0.943548387,0.642857143,1,37.679,15.3539415,9.891761955,40.04951827,515.5726496,653.7264957,0,0,0,0,0,0,0,0,0
911801,914,0.2,0.081818182,0.163636364,0.045454545,0.036363636,0.054545455,0.472727273,0.963636364,0.045454545,0.181818182,0.018181818,0.027272727,0.654545455,0.154545455,0.063636364,0.154545455,0.045454545,0.090909091,0.272727273,0.009090909,0.272727273,0.227272727,0.918181818,0.218181818,0.227272727,0.327272727,0.063636364,8.3,0.054545455,0.109090909,50505,110,0.716791753,0.93220339,0.666666667,1,36.546,14.31184613,9.979468582,-5.294083931,98.74545455,652.9454545,0.282608696,1,919,0,0,0,0,0,0
911801,915,0.040816327,0.112244898,0.275510204,0.071428571,0.020408163,0.030612245,0.408163265,0.653061224,0.010204082,0.081632653,0.030612245,0.040816327,0.408163265,0.051020408,0.153061224,0.081632653,0.010204082,0.020408163,0.224489796,0,0.163265306,0.173469388,0.244897959,0.112244898,0.204081633,0.489795918,0.071428571,4.316326531,0.030612245,0.06122449,50560,98,0.672654636,0.951456311,0.685314685,1,33.089,13.0937821,9.688830224,-28.03415458,379.0102041,651.8877551,0.545454545,3,897,917,920,0,0,0,0
911801,916,0.394957983,0.100840336,0.218487395,0.042016807,0,0.025210084,0.621848739,0.915966387,0.025210084,0.168067227,0.033613445,0.008403361,1.218487395,0.235294118,0.033613445,0.12605042,0,0,0.18487395,0.008403361,0.277310924,0.050420168,0.294117647,0.159663866,0.168067227,0.428571429,0.050420168,4.924369748,0.050420168,0.075630252,50616,119,0.683593659,0.944444444,0.653846154,1,37.96,14.61128443,10.66423299,39.28496738,135.605042,654.7310924,0,0,0,0,0,0,0,0,0
911801,917,0.166666667,0.098039216,0.235294118,0.019607843,0.009803922,0.009803922,0.715686275,0.892156863,0.029411765,0.196078431,0.049019608,0.019607843,0.715686275,0.156862745,0.039215686,0.137254902,0.029411765,0.039215686,0.205882353,0,0.205882353,0.107843137,0.5,0.18627451,0.196078431,0.37254902,0.058823529,6.529411765,0.078431373,0.058823529,50671,102,0.470685117,0.935779817,0.653846154,1,34.313,12.24663302,10.80521979,-12.40775848,394.0392157,654.6372549,0.227272727,2,901,915,0,0,0,0,0
911801,918,0.234234234,0.099099099,0.171171171,0.018018018,0.018018018,0.009009009,0.477477477,0.981981982,0.027027027,0.117117117,0.027027027,0.009009009,0.891891892,0.171171171,0.063063063,0.108108108,0.036036036,0.036036036,0.207207207,0,0.216216216,0.081081081,0.351351351,0.135135135,0.216216216,0.207207207,0.045045045,5.18018018,0.027027027,0.081081081,50726,111,0.624301053,0.940677966,0.720779221,1,36.066,13.56558199,10.59721345,10.47034448,623.009009,653.9189189,0.266666667,1,902,0,0,0,0,0,0
911801,919,0.359375,0.078125,0.140625,0.0078125,0.0234375,0.0234375,0.5625,0.8203125,0.015625,0.1796875,0.0234375,0.0234375,1.1953125,0.1015625,0.0625,0.1640625,0.046875,0.03125,0.203125,0,0.3125,0.109375,0.3671875,0.1953125,0.1484375,0.171875,0.03125,6.2265625,0.140625,0.078125,50781,128,0.773100058,0.876712329,0.62745098,1,43.65,16.6661566,10.57107789,12.10741824,111.9921875,655.6328125,0.581818182,2,911,914,0,0,0,0,0
911801,920,0.144067797,0.110169492,0.203389831,0.059322034,0.025423729,0.076271186,0.720338983,1.084745763,0.033898305,0.076271186,0.016949153,0.050847458,1.288135593,0.220338983,0.050847458,0.050847458,0.059322034,0.025423729,0.177966102,0.025423729,0.203389831,0.076271186,0.389830508,0.177966102,0.228813559,0.279661017,0.033898305,6.211864407,0.033898305,0.06779661,50837,118,0.763854858,0.929133858,0.655555556,1,38.514,15.45589434,9.975049753,-63.03702407,368.7288136,655.1694915,0.265306122,1,915,0,0,0,0,0,0
911801,921,0.072289157,0.096385542,0.072289157,0.024096386,0.012048193,0.024096386,0.21686747,0.831325301,0.036144578,0.192771084,0.012048193,0.060240964,0.43373494,0.253012048,0,0.156626506,0.012048193,0.024096386,0.156626506,0,0.168674699,0.108433735,0.253012048,0.108433735,0.120481928,0.144578313,0.036144578,4.927710843,0.024096386,0.084337349,50892,83,0.312140175,0.922222222,0.576388889,1,31.882,10.8227877,10.28203857,-54.74847643,651.0963855,655.0120482,0.452380952,1,923,0,0,0,0,0,0
911801,922,0.123809524,0.057142857,0.133333333,0.047619048,0.047619048,0.028571429,0.476190476,0.723809524,0.00952381,0.133333333,0.028571429,0.028571429,0.619047619,0.152380952,0.019047619,0.076190476,0.019047619,0.047619048,0.171428571,0.00952381,0.2,0.114285714,0.295238095,0.2,0.19047619,0.2,0.019047619,6.20952381,0.038095238,0.133333333,50947,105,0.697171885,0.9375,0.625,1,35.81,13.86594081,9.940548595,29.63409581,575.9047619,656.9428571,0,0,0,0,0,0,0,0,0
911801,923,0.144578313,0.180722892,0.204819277,0.012048193,0.024096386,0.036144578,0.722891566,0.975903614,0.060240964,0.192771084,0.012048193,0.048192771,0.662650602,0.156626506,0.048192771,0.13253012,0,0.012048193,0.373493976,0.012048193,0.21686747,0.084337349,0.686746988,0.13253012,0.192771084,0.265060241,0.060240964,6.469879518,0.108433735,0.096385542,51002,83,0.842214944,0.93258427,0.532051282,1,34.123,14.43475642,7.782382002,-40.97926028,645.5783133,659.9879518,0.704545455,2,921,937,0,0,0,0,0
911801,924,0.170212766,0.042553191,0.095744681,0.010638298,0.031914894,0.031914894,0.29787234,0.574468085,0.010638298,0.159574468,0.042553191,0,1.755319149,0.191489362,0.042553191,0.117021277,0.031914894,0.063829787,0.244680851,0.021276596,0.287234043,0.085106383,0.191489362,0.085106383,0.170212766,0.308510638,0.053191489,4.287234043,0.053191489,0.042553191,51058,94,0.676581097,0.930693069,0.723076923,1,32.791,12.87841599,9.483255069,4.622538816,471.7021277,659.6489362,0,0,0,0,0,0,0,0,0
911801,925,0.224719101,0.191011236,0.168539326,0.08988764,0.011235955,0.011235955,1.168539326,1.123595506,0.08988764,0.191011236,0.011235955,0.033707865,0.865168539,0.247191011,0.078651685,0.123595506,0.033707865,0.011235955,0.247191011,0,0.213483146,0.168539326,0.764044944,0.157303371,0.359550562,0.258426966,0.06741573,5.741573034,0.04494382,0.146067416,51113,89,0.503034701,0.927083333,0.622377622,1,33.362,11.73505623,10.14221262,2.034289838,703.7977528,657.6179775,0.547619048,2,930,931,0,0,0,0,0
911801,926,0.181208054,0.174496644,0.362416107,0.033557047,0.020134228,0.067114094,1.147651007,1.194630872,0.060402685,0.288590604,0.006711409,0.033557047,0.798657718,0.194630872,0.033557047,0.228187919,0.026845638,0.033557047,0.167785235,0.006711409,0.369127517,0.120805369,0.67114094,0.201342282,0.261744966,0.44295302,0.11409396,8.973154362,0.053691275,0.073825503,51168,149,0.648854511,0.961290323,0.70952381,1,41.318,15.86910452,12.07499989,-37.69773912,296.3422819,660.7114094,0,0,0,0,0,0,0,0,0
911801,927,0.072164948,0.134020619,0.164948454,0.072164948,0.010309278,0.020618557,0.484536082,1.082474227,0.041237113,0.175257732,0.020618557,0,0.505154639,0.195876289,0.010309278,0.175257732,0.030927835,0.020618557,0.206185567,0,0.329896907,0.113402062,0.278350515,0.103092784,0.154639175,0.360824742,0.051546392,5.422680412,0.06185567,0.072164948,51223,97,0.774472975,0.873873874,0.62987013,1,36.728,14.49096311,9.167084638,66.74944779,499.3608247,661.8556701,0.456521739,1,933,0,0,0,0,0,0
911801,928,0.326086957,0.076086957,0.173913043,0.032608696,0.032608696,0.032608696,0.402173913,0.75,0.010869565,0.152173913,0.010869565,0.043478261,1.380434783,0.163043478,0.076086957,0.108695652,0.032608696,0.108695652,0.434782609,0.010869565,0.086956522,0.065217391,0.217391304,0.173913043,0.195652174,0.152173913,0.065217391,5.010869565,0.097826087,0.032608696,51279,92,0.386029147,0.948453608,0.638888889,1,32.717,11.42129409,10.53599057,81.79233798,814.4673913,662.9021739,0,0,0,0,0,0,0,0,0
911801,929,0.225806452,0.129032258,0.193548387,0.064516129,0,0.032258065,1.322580645,1.462365591,0.043010753,0.107526882,0.043010753,0.043010753,2.311827957,0.258064516,0.086021505,0.215053763,0.010752688,0.053763441,0.11827957,0,0.161290323,0.064516129,0.494623656,0.064516129,0.182795699,0.172043011,0.053763441,7.096774194,0.064516129,0.064516129,51334,93,0.537075553,0.93,0.704545455,1,32.328,11.94849281,10.07896164,0.463309424,420.3870968,664.0537634,0,0,0,0,0,0,0,0,0
911801,930,0.185714286,0.257142857,0.3,0,0.028571429,0.028571429,0.685714286,1.042857143,0.028571429,0.171428571,0.014285714,0.028571429,0.614285714,0.157142857,0,0.128571429,0.042857143,0.028571429,0.214285714,0,0.185714286,0.185714286,1.128571429,0.114285714,0.314285714,0.257142857,0.157142857,6.5,0.057142857,0.1,51389,70,0.839518956,0.886075949,0.578512397,1,30.55,13.04090895,7.08552227,51.38283046,708.3571429,664.8285714,0.58974359,2,925,931,0,0,0,0,0
911801,931,0.397058824,0.161764706,0.176470588,0.014705882,0,0.014705882,0.529411765,1.073529412,0.029411765,0.147058824,0.014705882,0.014705882,0.75,0.191176471,0.058823529,0.088235294,0,0.014705882,0.176470588,0.029411765,0.308823529,0.088235294,0.235294118,0.102941176,0.073529412,0.205882353,0.029411765,3.867647059,0.058823529,0.117647059,51444,68,0.706650098,0.906666667,0.62962963,1,29.417,11.275919,7.978424995,-6.782966814,699.4705882,665.0735294,0.657142857,2,925,930,0,0,0,0,0
911801,932,0.142857143,0.125,0.303571429,0.026785714,0.026785714,0.035714286,0.633928571,0.848214286,0.017857143,0.1875,0.044642857,0.035714286,0.9375,0.196428571,0.035714286,0.1875,0.026785714,0.053571429,0.285714286,0.008928571,0.214285714,0.080357143,0.544642857,0.160714286,0.116071429,0.25,0.035714286,5.5,0.035714286,0.044642857,51500,112,0.84571195,0.875,0.571428571,1,40.656,16.94851075,9.044397691,52.82902215,49.20535714,666.3214286,0.411764706,1,936,0,0,0,0,0,0
911801,933,0.202247191,0.123595506,0.269662921,0.04494382,0.04494382,0.02247191,0.853932584,1.741573034,0.011235955,0.191011236,0.02247191,0.056179775,1,0.224719101,0.06741573,0.179775281,0.033707865,0.02247191,0.235955056,0.011235955,0.370786517,0.08988764,0.483146067,0.202247191,0.258426966,0.370786517,0.078651685,6.752808989,0.112359551,0.078651685,51555,89,0.746235592,0.917525773,0.618055556,1,34.098,13.42145797,8.93442213,46.50518096,505.2134831,666.505618,0.523809524,1,927,0,0,0,0,0,0
911801,934,0.158878505,0.037383178,0.214953271,0.074766355,0.037383178,0.037383178,0.495327103,0.925233645,0.056074766,0.186915888,0.028037383,0.046728972,0.897196262,0.08411215,0.046728972,0.08411215,0.028037383,0.046728972,0.177570093,0.009345794,0.14953271,0.130841121,0.495327103,0.23364486,0.186915888,0.14953271,0.009345794,4.934579439,0.046728972,0.018691589,51610,107,0.49267385,0.955357143,0.743055556,1,34.288,12.6039525,10.96813644,-34.03142858,448.5233645,667.5607477,0,0,0,0,0,0,0,0,0
911801,935,0.217391304,0.108695652,0.163043478,0.02173913,0.086956522,0.02173913,0.619565217,0.891304348,0.032608696,0.097826087,0.02173913,0.010869565,0.347826087,0.25,0.043478261,0.119565217,0.032608696,0.032608696,0.184782609,0.010869565,0.260869565,0.173913043,0.304347826,0.184782609,0.184782609,0.27173913,0.054347826,6.032608696,0.086956522,0.010869565,51665,92,0.35551153,0.958333333,0.696969697,1,31.22,11.27264227,10.53622192,0,794.5,668.2826087,0,0,0,0,0,0,0,0,0
911801,936,0.25,0.097222222,0.25,0.083333333,0.013888889,0.027777778,0.583333333,0.986111111,0.069444444,0.097222222,0.013888889,0.027777778,0.638888889,0.194444444,0.055555556,0.027777778,0.041666667,0.027777778,0.208333333,0.013888889,0.152777778,0.138888889,0.333333333,0.125,0.291666667,0.236111111,0.041666667,4.763888889,0.027777778,0.069444444,51721,72,0.611643522,0.935064935,0.727272727,1,29.392,11.02641686,8.723367671,24.30462991,55.72222222,669.6111111,0.542857143,1,932,0,0,0,0,0,0
911801,937,0.14159292,0.097345133,0.150442478,0.03539823,0.03539823,0.017699115,0.654867257,0.92920354,0.008849558,0.168141593,0.026548673,0.132743363,0.584070796,0.150442478,0.230088496,0.123893805,0,0.017699115,0.300884956,0,0.256637168,0.123893805,0.203539823,0.221238938,0.194690265,0.292035398,0.053097345,5.778761062,0.088495575,0.053097345,51776,113,0.545429299,0.933884298,0.724358974,1,36.546,13.22225835,11.08232621,-50.39318207,648.5929204,670.7699115,0.282608696,1,923,0,0,0,0,0,0
911801,938,0.277777778,0.111111111,0.12037037,0.027777778,0.018518519,0.055555556,0.555555556,0.611111111,0.018518519,0.083333333,0.027777778,0.037037037,2.268518519,0.074074074,0.259259259,0.092592593,0.064814815,0.064814815,0.148148148,0.018518519,0.138888889,0.101851852,0.259259259,0.203703704,0.138888889,0.148148148,0.027777778,2.675925926,0,0.074074074,51831,108,0.549870748,0.964285714,0.755244755,1,34.47,12.93331548,10.80254864,71.5823007,212.5462963,670.6666667,0,0,0,0,0,0,0,0,0
911801,939,0.223300971,0.116504854,0.242718447,0.029126214,0.019417476,0.029126214,0.796116505,1.155339806,0.048543689,0.126213592,0.009708738,0.009708738,0.805825243,0.126213592,0.038834951,0.165048544,0.009708738,0.019417476,0.203883495,0,0.262135922,0.087378641,0.514563107,0.067961165,0.262135922,0.233009709,0.029126214,6.339805825,0.029126214,0.106796117,51886,103,0.557919821,0.953703704,0.72027972,1,33.734,12.67947894,10.52263436,13.5365868,345.7961165,670.223301,0.045454545,1,956,0,0,0,0,0,0
911801,940,0.211538462,0.134615385,0.230769231,0.019230769,0.019230769,0.057692308,2.076923077,1.105769231,0.038461538,0.298076923,0.057692308,0.038461538,2.355769231,0.336538462,0.144230769,0.173076923,0.057692308,0.048076923,0.240384615,0.009615385,0.355769231,0.144230769,0.778846154,0.153846154,0.798076923,0.221153846,0.038461538,7.317307692,0.057692308,0.038461538,51942,104,0.701580504,0.928571429,0.675324675,1,34.867,13.7345915,9.787135338,79.44120118,431.9134615,671.5865385,0,0,0,0,0,0,0,0,0
911801,941,0.18627451,0.137254902,0.156862745,0.009803922,0.029411765,0.068627451,0.450980392,1.303921569,0.029411765,0.235294118,0.009803922,0.068627451,0.764705882,0.264705882,0.049019608,0.107843137,0.029411765,0,0.323529412,0.009803922,0.392156863,0.166666667,0.401960784,0.088235294,0.264705882,0.294117647,0.078431373,5.62745098,0.019607843,0.098039216,51997,102,0.607840019,0.886956522,0.607142857,1,36.637,13.21658834,10.49475771,-78.55443069,401.372549,669.5784314,0.391304348,1,944,0,0,0,0,0,0
911801,942,0.1875,0.109375,0.1640625,0.046875,0.03125,0.03125,0.734375,0.859375,0.0078125,0.1875,0.0078125,0.03125,0.6796875,0.1484375,0.265625,0.1015625,0.015625,0.0625,0.25,0.0234375,0.1953125,0.1640625,0.40625,0.1328125,0.4765625,0.34375,0.0390625,4.25,0.0390625,0.0234375,52052,128,0.826867789,0.864864865,0.684491979,1,43.402,17.545097,9.867298601,85.1619345,609.828125,669.75,0,0,0,0,0,0,0,0,0
911801,943,0.234042553,0.14893617,0.223404255,0.010638298,0.010638298,0.031914894,0.574468085,0.840425532,0.031914894,0.117021277,0.010638298,0.031914894,1.287234043,0.191489362,0.042553191,0.170212766,0.053191489,0,0.127659574,0,0.361702128,0.095744681,0.691489362,0.212765957,0.20212766,0.223404255,0.042553191,6.553191489,0.031914894,0.042553191,52108,94,0.404623586,0.949494949,0.712121212,1,31.683,11.52419256,10.53868195,-80.94624328,765.0425532,671.287234,0.19047619,2,955,958,0,0,0,0,0
911801,944,0.12745098,0.137254902,0.245098039,0.039215686,0.049019608,0.019607843,0.705882353,1.205882353,0.019607843,0.12745098,0,0.029411765,0.460784314,0.156862745,0.088235294,0.147058824,0.058823529,0,0.215686275,0.019607843,0.18627451,0.117647059,0.5,0.117647059,0.254901961,0.166666667,0.058823529,5.882352941,0.078431373,0.107843137,52163,102,0.513074325,0.962264151,0.708333333,1,34.652,12.46023178,10.69516747,66.70565742,392.8137255,673.5980392,0.619047619,2,941,961,0,0,0,0,0
911801,945,0.193181818,0.090909091,0.295454545,0.056818182,0.022727273,0.136363636,0.295454545,0.659090909,0.045454545,0.102272727,0,0,0.488636364,0.113636364,0.011363636,0.102272727,0.011363636,0.045454545,0.204545455,0,0.170454545,0.068181818,0.329545455,0.102272727,0.272727273,0.295454545,0.068181818,4.159090909,0.068181818,0.056818182,52218,88,0.376504953,0.946236559,0.727272727,1,31.013,11.06683551,10.25247805,-21.34737229,157.875,675.6704545,0,0,0,0,0,0,0,0,0
911801,946,0.310679612,0.174757282,0.184466019,0.038834951,0.038834951,0.077669903,0.912621359,1.242718447,0.058252427,0.165048544,0.019417476,0.029126214,0.815533981,0.165048544,0.038834951,0.126213592,0.038834951,0.029126214,0.145631068,0.029126214,0.184466019,0.067961165,0.45631068,0.145631068,0.174757282,0.291262136,0.067961165,5.504854369,0.038834951,0.067961165,52273,103,0.754895985,0.953703704,0.66025641,1,34.867,14.26533691,9.35584323,39.6638988,272.7864078,675.4174757,0,0,0,0,0,0,0,0,0
911801,947,0.15942029,0.130434783,0.202898551,0.028985507,0.028985507,0.072463768,0.536231884,1.173913043,0.043478261,0.231884058,0.014492754,0.014492754,0.695652174,0.246376812,0.043478261,0.144927536,0.057971014,0.014492754,0.072463768,0,0.115942029,0.188405797,0.768115942,0.101449275,0.130434783,0.260869565,0.057971014,5.956521739,0.072463768,0,52329,69,0.490882085,0.932432432,0.766666667,1,27.159,10.1676005,8.858278126,82.59005656,484.6086957,677.2318841,0.794117647,3,948,952,966,0,0,0,0
911801,948,0.213333333,0.16,0.253333333,0.08,0.026666667,0.053333333,0.72,0.84,0.04,0.253333333,0.04,0.053333333,0.506666667,0.173333333,0.04,0.16,0.08,0.013333333,0.253333333,0,0.24,0.146666667,0.893333333,0.093333333,0.293333333,0.293333333,0.093333333,8.04,0.093333333,0.013333333,52384,75,0.413043713,0.925925926,0.681818182,1,29.88,10.50700064,9.568843174,-57.81426215,476.8,678.5866667,0.567567568,2,947,966,0,0,0,0,0
911801,949,0.14084507,0.098591549,0.38028169,0.028169014,0.056338028,0.028169014,0.746478873,0.704225352,0,0.183098592,0.042253521,0.028169014,0.394366197,0.154929577,0.070422535,0.112676056,0,0.056338028,0.338028169,0.014084507,0.154929577,0.070422535,0.323943662,0.056338028,0.154929577,0.492957746,0.056338028,6.338028169,0.084507042,0.070422535,52439,71,0.688387885,0.91025641,0.71,1,30.864,11.80178474,8.560339114,60.66710929,499.3239437,678.8732394,0.885714286,3,950,952,954,0,0,0,0
911801,950,0.154929577,0.084507042,0.323943662,0.014084507,0,0.042253521,0.605633803,1.070422535,0.014084507,0.084507042,0.042253521,0.042253521,0.605633803,0.112676056,0.225352113,0.070422535,0.056338028,0.070422535,0.408450704,0.014084507,0.197183099,0.070422535,0.309859155,0.23943662,0.197183099,0.169014085,0.084507042,5.169014085,0.014084507,0.070422535,52494,71,0.601439234,0.946666667,0.71,1,27.821,10.75357605,8.591231372,-54.20922567,511.1126761,678.4929577,0.542857143,2,949,954,0,0,0,0,0
911801,951,0.138297872,0.095744681,0.234042553,0.021276596,0.010638298,0.031914894,0.35106383,0.691489362,0.021276596,0.170212766,0.010638298,0.010638298,0.85106383,0.117021277,0.010638298,0.117021277,0.021276596,0.021276596,0.170212766,0.010638298,0.180851064,0.117021277,0.287234043,0.095744681,0.127659574,0.255319149,0.031914894,4.361702128,0.106382979,0.106382979,52550,94,0.700128209,0.969072165,0.803418803,1,33.039,13.11105157,9.361515679,3.714084916,672,678.4361702,0.4,1,964,0,0,0,0,0,0
911801,952,0.142857143,0.128571429,0.257142857,0.057142857,0.028571429,0.028571429,0.557142857,0.871428571,0.014285714,0.157142857,0.028571429,0.014285714,0.385714286,0.228571429,0.171428571,0.085714286,0.014285714,0.042857143,0.385714286,0.028571429,0.214285714,0.114285714,0.471428571,0.185714286,0.1,0.485714286,0.1,6.128571429,0.057142857,0.057142857,52605,70,0.647319693,0.933333333,0.707070707,1,29.301,11.18254562,8.52354442,74.80071827,492.0571429,680.5,0.885714286,3,947,949,966,0,0,0,0
911801,953,0.247191011,0.08988764,0.08988764,0.033707865,0,0.033707865,0.471910112,0.966292135,0.033707865,0.213483146,0.101123596,0.06741573,0.91011236,0.146067416,0.078651685,0.078651685,0.02247191,0.02247191,0.314606742,0.011235955,0.314606742,0.123595506,0.179775281,0.168539326,0.179775281,0.269662921,0.04494382,5.404494382,0.056179775,0.157303371,52660,89,0.557109339,0.946808511,0.73553719,1,30.922,11.76030954,9.76622148,40.18905478,364.8314607,681.752809,0.1,1,974,0,0,0,0,0,0
911801,954,0.074626866,0.059701493,0.23880597,0.029850746,0.029850746,0.044776119,0.23880597,0.567164179,0,0.149253731,0,0.044776119,0.134328358,0.164179104,0.343283582,0.074626866,0.029850746,0.014925373,0.641791045,0.014925373,0.313432836,0.059701493,0.253731343,0.074626866,0.134328358,0.492537313,0.044776119,4.089552239,0.014925373,0.044776119,52715,67,0.817787359,0.807228916,0.507575758,1,33.064,13.28542288,7.646033089,-39.8495884,506.4477612,682.761194,0.780487805,2,949,950,0,0,0,0,0
911801,955,0.364779874,0.113207547,0.182389937,0.031446541,0.012578616,0.044025157,0.849056604,1.320754717,0.006289308,0.232704403,0.031446541,0.018867925,1.603773585,0.150943396,0.031446541,0.113207547,0.006289308,0.037735849,0.144654088,0.018867925,0.295597484,0.113207547,0.364779874,0.169811321,0.270440252,0.245283019,0.050314465,5.232704403,0.044025157,0.06918239,52771,159,0.636937219,0.935294118,0.719457014,1,45.61,16.63758875,12.82617798,74.14791153,754.3647799,681.3144654,0.315789474,3,943,958,965,0,0,0,0
911801,956,0.13559322,0.084745763,0.237288136,0.025423729,0.008474576,0.025423729,0.63559322,0.949152542,0.033898305,0.110169492,0.050847458,0.016949153,1.593220339,0.152542373,0.042372881,0.118644068,0.093220339,0.008474576,0.194915254,0,0.228813559,0.118644068,0.279661017,0.152542373,0.169491525,0.203389831,0.059322034,5.593220339,0.101694915,0.025423729,52826,118,0.786563588,0.951612903,0.655555556,1,37.77,15.68022559,9.682684967,33.50735008,344.8898305,683.5084746,0.040816327,1,939,0,0,0,0,0,0
911801,957,0.153225806,0.129032258,0.161290323,0.008064516,0,0.048387097,0.516129032,0.580645161,0.048387097,0.161290323,0.008064516,0.024193548,1.048387097,0.217741935,0.016129032,0.112903226,0.016129032,0.040322581,0.10483871,0.008064516,0.185483871,0.10483871,0.25,0.14516129,0.112903226,0.258064516,0.016129032,4.306451613,0.032258065,0.048387097,52881,124,0.810644253,0.925373134,0.663101604,1,40.838,16.69086665,9.773153008,6.779775287,596.4758065,682.2258065,0.470588235,3,967,968,978,0,0,0,0
911801,958,0.684210526,0.157894737,0.175438596,0.070175439,0.01754386,0.070175439,0.596491228,1.315789474,0.087719298,0.175438596,0.052631579,0.01754386,1.421052632,0.070175439,0.035087719,0.140350877,0.01754386,0.087719298,0.192982456,0,0.368421053,0.157894737,0.719298246,0.263157895,0.245614035,0.403508772,0.052631579,5.280701754,0.035087719,0.192982456,52936,57,0.63108501,0.826086957,0.647727273,1,28.838,10.28858398,7.980995316,25.60111028,764.6842105,682.5263158,1,3,943,955,965,0,0,0,0
911801,959,0.162393162,0.222222222,0.282051282,0.034188034,0.008547009,0.068376068,0.564102564,1.094017094,0.034188034,0.179487179,0.025641026,0.025641026,1.017094017,0.111111111,0.111111111,0.136752137,0.042735043,0.042735043,0.239316239,0,0.307692308,0.102564103,0.401709402,0.11965812,0.222222222,0.324786325,0.094017094,7.452991453,0.11965812,0.051282051,52992,117,0.74875916,0.943548387,0.65,1,38.051,15.15640968,10.04630724,64.45163618,57.62393162,684.4444444,0.204081633,1,977,0,0,0,0,0,0
911801,960,0.188235294,0.164705882,0.294117647,0.023529412,0.011764706,0.035294118,0.835294118,0.917647059,0.058823529,0.211764706,0.035294118,0.011764706,0.976470588,0.164705882,0.058823529,0.105882353,0,0.105882353,0.2,0,0.211764706,0.058823529,0.329411765,0.152941176,0.152941176,0.258823529,0.058823529,5.117647059,0.035294118,0.047058824,53047,85,0.699150463,0.944444444,0.643939394,1,31.22,12.46923356,8.915184862,32.99536298,258.4705882,683.0352941,0.428571429,1,969,0,0,0,0,0,0
911801,961,0.345794393,0.130841121,0.130841121,0.08411215,0.018691589,0.065420561,0.700934579,1.504672897,0.074766355,0.168224299,0.037383178,0.009345794,1.074766355,0.261682243,0.028037383,0.140186916,0.028037383,0.028037383,0.205607477,0.009345794,0.336448598,0.08411215,0.411214953,0.271028037,0.261682243,0.252336449,0.074766355,7.392523364,0.028037383,0.093457944,53102,107,0.746443695,0.938596491,0.713333333,1,36.827,14.45081683,9.61627551,-13.12649086,394.7943925,684.8224299,0.260869565,1,944,0,0,0,0,0,0
911801,962,0.375,0.125,0.181818182,0.056818182,0.045454545,0.090909091,1.363636364,0.988636364,0.011363636,0.261363636,0.045454545,0.011363636,1.556818182,0.090909091,0.340909091,0.113636364,0.011363636,0.022727273,0.295454545,0.011363636,0.295454545,0.102272727,0.420454545,0.170454545,0.352272727,0.181818182,0.034090909,4.454545455,0.045454545,0.079545455,53157,88,0.573504437,0.871287129,0.615384615,1,34.098,12.14405995,9.948443714,85.91544861,236.1363636,684.8295455,0.404761905,1,963,0,0,0,0,0,0
911801,963,0.256756757,0.189189189,0.22972973,0.013513514,0.040540541,0.094594595,0.905405405,0.864864865,0.054054054,0.202702703,0.013513514,0.054054054,1.22972973,0.202702703,0.040540541,0.148648649,0.054054054,0.027027027,0.094594595,0.040540541,0.378378378,0.067567568,0.418918919,0.108108108,0.162162162,0.310810811,0.067567568,4.648648649,0.148648649,0.135135135,53213,74,0.440830964,1,0.822222222,1,28.168,10.3829394,9.319624044,-80.80526802,228.4189189,686.7972973,0.5,1,962,0,0,0,0,0,0
911801,964,0.074468085,0.170212766,0.244680851,0.031914894,0.010638298,0.021276596,0.659574468,0.936170213,0.031914894,0.191489362,0,0.010638298,0.978723404,0.180851064,0.042553191,0.127659574,0.010638298,0.031914894,0.29787234,0.010638298,0.234042553,0.063829787,0.404255319,0.170212766,0.138297872,0.276595745,0.021276596,5.882978723,0.010638298,0.053191489,53268,94,0.661153027,0.979166667,0.87037037,1,32.733,12.84168687,9.634489377,-4.93512291,671.7446809,686.5957447,0.868421053,2,951,976,0,0,0,0,0
911801,965,0.23853211,0.137614679,0.256880734,0.018348624,0,0.064220183,0.688073394,0.944954128,0.018348624,0.146788991,0.018348624,0.027522936,0.825688073,0.174311927,0.04587156,0.110091743,0.027522936,0.036697248,0.165137615,0,0.220183486,0.073394495,0.422018349,0.165137615,0.183486239,0.247706422,0.082568807,5.862385321,0.027522936,0.064220183,53323,109,0.900302167,0.838461538,0.573684211,1,44.394,19.44907483,8.465510224,16.27753828,769.3211009,686.5137615,0.454545455,2,955,958,0,0,0,0,0
911801,966,0.170940171,0.128205128,0.512820513,0.051282051,0.034188034,0.051282051,0.606837607,1.333333333,0.034188034,0.256410256,0.025641026,0.068376068,0.803418803,0.196581197,0.025641026,0.128205128,0.025641026,0.034188034,0.290598291,0,0.341880342,0.170940171,1.307692308,0.239316239,0.179487179,0.35042735,0.051282051,7.008547009,0.05982906,0.068376068,53378,117,0.564066248,0.966942149,0.692307692,1,37.001,13.6375251,11.26090728,38.40624414,481.2735043,688.1452991,0.808510638,4,947,948,952,971,0,0,0
911801,967,0.220588235,0.058823529,0.073529412,0.014705882,0.014705882,0.044117647,0.514705882,0.691176471,0.058823529,0.205882353,0.029411765,0,0.764705882,0.147058824,0.088235294,0.102941176,0.029411765,0.058823529,0.147058824,0.029411765,0.279411765,0.044117647,0.279411765,0.205882353,0.102941176,0.235294118,0.058823529,3.558823529,0.102941176,0.073529412,53434,68,0.747381929,0.906666667,0.772727273,1,28.904,11.6696292,7.753239227,4.372090362,606.6617647,687.2794118,0.727272727,5,957,968,972,978,979,0,0
911801,968,0.133333333,0,0.044444444,0.044444444,0,0.044444444,0.155555556,0.266666667,0.022222222,0.333333333,0.066666667,0,1.755555556,0.022222222,0.066666667,0.022222222,0.022222222,0.044444444,0.066666667,0,0.244444444,0.088888889,0.111111111,0.066666667,0.111111111,0.266666667,0.044444444,2.111111111,0.044444444,0,53489,45,0.749216218,0.9,0.714285714,1,24.314,9.964036399,6.59943532,-4.955521138,597.7555556,689.0444444,1,4,957,967,972,978,0,0,0
911801,969,0.177777778,0.211111111,0.122222222,0.033333333,0.066666667,0.033333333,1.055555556,0.888888889,0.011111111,0.166666667,0.033333333,0.022222222,0.588888889,0.144444444,0.1,0.133333333,0.033333333,0.022222222,0.177777778,0.011111111,0.233333333,0.077777778,0.4,0.188888889,0.2,0.277777778,0.044444444,6.477777778,0.066666667,0.044444444,53544,90,0.676478957,0.947368421,0.625,1,32.436,12.64797287,9.314750916,41.87087843,261.8888889,690.3333333,0.428571429,1,960,0,0,0,0,0,0
911801,970,0.21686747,0.060240964,0.180722892,0.012048193,0,0.108433735,1.13253012,1.337349398,0.024096386,0.156626506,0.072289157,0.024096386,1.518072289,0.156626506,0.108433735,0.168674699,0.072289157,0.060240964,0.325301205,0.012048193,0.228915663,0.060240964,0.614457831,0.192771084,0.361445783,0.421686747,0.084337349,7.939759036,0.096385542,0.084337349,53599,83,0.658664536,0.902173913,0.628787879,1,32.791,12.22276145,9.196854633,-41.22153721,303.4096386,691.686747,0.414634146,1,980,0,0,0,0,0,0
911801,971,0.205479452,0.205479452,0.328767123,0.068493151,0.006849315,0.075342466,0.568493151,0.98630137,0.054794521,0.171232877,0.02739726,0.02739726,0.568493151,0.123287671,0.171232877,0.130136986,0.02739726,0.034246575,0.226027397,0,0.212328767,0.068493151,0.54109589,0.171232877,0.143835616,0.273972603,0.034246575,5.561643836,0.075342466,0.089041096,53655,146,0.450567076,0.948051948,0.608333333,1,42.931,14.80183951,13.21423236,28.10240431,487.9178082,695.8630137,0.428571429,2,966,998,0,0,0,0,0
911801,972,0.0625,0.15625,0.21875,0.0625,0.03125,0.03125,0.453125,1.03125,0.0625,0.15625,0.03125,0.015625,0.4375,0.078125,0.03125,0.203125,0.015625,0.03125,0.1875,0.015625,0.375,0.1875,0.234375,0.21875,0.203125,0.234375,0.078125,5.90625,0.078125,0.03125,53710,64,0.629775459,0.927536232,0.711111111,1,26.969,10.44239141,8.111411916,32.48592585,605.21875,694.3125,0.909090909,4,967,968,978,979,0,0,0
911801,973,0.223404255,0.127659574,0.223404255,0.053191489,0.021276596,0.085106383,0.79787234,1.063829787,0.031914894,0.14893617,0.053191489,0.042553191,0.840425532,0.170212766,0.063829787,0.180851064,0.010638298,0.042553191,0.29787234,0.010638298,0.265957447,0.085106383,0.5,0.255319149,0.234042553,0.191489362,0.127659574,6.095744681,0.085106383,0.159574468,53765,94,0.720939322,0.921568627,0.61038961,1,34.495,13.2782335,9.201791812,16.66856158,704.6382979,693.1489362,0.285714286,1,996,0,0,0,0,0,0
911801,974,0.163265306,0.051020408,0.214285714,0.040816327,0.020408163,0.020408163,0.5,0.387755102,0.051020408,0.112244898,0.051020408,0.020408163,1.887755102,0.112244898,0.06122449,0.102040816,0.06122449,0.010204082,0.153061224,0,0.214285714,0.112244898,0.408163265,0.040816327,0.316326531,0.244897959,0.020408163,2.469387755,0.030612245,0.030612245,53820,98,0.49260849,0.951456311,0.685314685,1,33.089,12.07954678,10.51223817,-89.74659282,360.1836735,694.7244898,0.093023256,1,953,0,0,0,0,0,0
911801,975,0.366666667,0.25,0.266666667,0.116666667,0.083333333,0.066666667,0.633333333,1.316666667,0.033333333,0.233333333,0.05,0.066666667,1.233333333,0.266666667,0,0.233333333,0.033333333,0.033333333,0.183333333,0.016666667,0.233333333,0.266666667,2.25,0.233333333,0.416666667,0.416666667,0.066666667,9.116666667,0.133333333,0.116666667,53876,60,0.702022455,0.810810811,0.545454545,1,30.98,11.33267589,8.070619648,54.84856249,623.0333333,694.3666667,0.794117647,2,979,986,0,0,0,0,0
911801,976,0.307692308,0.048076923,0.240384615,0.038461538,0.009615385,0.057692308,0.557692308,0.865384615,0.057692308,0.288461538,0.028846154,0.028846154,0.923076923,0.134615385,0,0.125,0,0.009615385,0.259615385,0,0.163461538,0.086538462,0.278846154,0.105769231,0.221153846,0.163461538,0.019230769,6.182692308,0.028846154,0.057692308,53931,104,0.769824869,0.928571429,0.693333333,1,36.339,14.59273051,9.313885798,-5.719769629,668.7884615,694.7884615,0.363636364,1,964,0,0,0,0,0,0
911801,977,0.196078431,0.225490196,0.156862745,0.049019608,0.009803922,0.058823529,0.607843137,1.098039216,0,0.166666667,0.029411765,0.029411765,0.705882353,0.12745098,0.019607843,0.196078431,0.078431373,0.039215686,0.225490196,0.009803922,0.225490196,0.068627451,0.411764706,0.166666667,0.235294118,0.147058824,0.078431373,5.12745098,0.039215686,0.147058824,53986,102,0.409665943,0.944444444,0.708333333,1,33.643,12.02377859,10.96851904,13.82176216,50.2745098,695.3529412,0.255813953,1,959,0,0,0,0,0,0
911801,978,0.20754717,0.075471698,0.141509434,0.075471698,0.028301887,0.009433962,0.490566038,0.952830189,0,0.198113208,0.018867925,0.037735849,0.839622642,0.122641509,0.075471698,0.113207547,0.028301887,0.037735849,0.169811321,0,0.245283019,0.132075472,0.41509434,0.132075472,0.188679245,0.330188679,0.075471698,5.754716981,0.028301887,0.028301887,54042,106,0.512199588,0.929824561,0.736111111,1,35.76,12.72417438,10.9283665,-61.26962762,596.1226415,696.9528302,0.534883721,4,957,967,968,972,0,0,0
911801,979,0.103896104,0.064935065,0.233766234,0.051948052,0.025974026,0.077922078,0.298701299,0.61038961,0.025974026,0.272727273,0.012987013,0.012987013,0.363636364,0.077922078,0.012987013,0.155844156,0.012987013,0.038961039,0.324675325,0,0.337662338,0.155844156,0.493506494,0.142857143,0.12987013,0.415584416,0.077922078,4.311688312,0.025974026,0.12987013,54097,77,0.639522044,0.93902439,0.7,1,31.377,11.60495087,8.921570103,52.28705376,615.6363636,695.3116883,0.692307692,4,967,972,975,986,0,0,0
911801,980,0.141818182,0.090909091,0.258181818,0.047272727,0.025454545,0.061818182,0.596363636,0.861818182,0.032727273,0.229090909,0.050909091,0.018181818,0.614545455,0.167272727,0.076363636,0.149090909,0.025454545,0.010909091,0.301818182,0.010909091,0.276363636,0.098181818,0.614545455,0.207272727,0.232727273,0.32,0.058181818,6.381818182,0.08,0.090909091,54152,275,0.707612529,0.913621262,0.657894737,1,63.118,22.66660909,16.01624119,37.3941501,313.1490909,698.6909091,0.564102564,3,970,1001,1003,0,0,0,0
911801,981,0.163793103,0.181034483,0.189655172,0.068965517,0.025862069,0.025862069,0.810344828,0.965517241,0.043103448,0.129310345,0.00862069,0.00862069,0.775862069,0.172413793,0.155172414,0.094827586,0.017241379,0.025862069,0.224137931,0.00862069,0.293103448,0.060344828,0.49137931,0.163793103,0.215517241,0.25,0.094827586,5.275862069,0.034482759,0.034482759,54207,116,0.290366771,0.935483871,0.637362637,1,36.943,12.59412567,12.05151317,12.74481417,245.3275862,696.7068966,0.416666667,2,988,1002,0,0,0,0,0
911801,982,0.262626263,0.191919192,0.171717172,0.04040404,0.01010101,0.04040404,0.868686869,0.828282828,0.04040404,0.161616162,0.01010101,0.050505051,0.898989899,0.141414141,0.03030303,0.161616162,0.080808081,0.02020202,0.141414141,0,0.232323232,0.090909091,0.747474747,0.090909091,0.272727273,0.363636364,0.03030303,6.595959596,0.02020202,0.141414141,54263,99,0.653831892,0.942857143,0.692307692,1,33.37,13.04261725,9.868563917,28.58555478,275.8686869,697.9191919,0,0,0,0,0,0,0,0,0
911801,983,0.158878505,0.112149533,0.214953271,0.037383178,0.046728972,0.009345794,0.588785047,0.869158879,0.037383178,0.08411215,0.009345794,0.018691589,0.682242991,0.158878505,0.009345794,0.056074766,0.018691589,0.018691589,0.205607477,0.009345794,0.14953271,0.102803738,0.392523364,0.130841121,0.093457944,0.140186916,0.037383178,4.280373832,0.074766355,0.112149533,54318,107,0.719047067,0.946902655,0.694805195,1,35.14,14.12087744,9.813464431,-21.28427925,433.4018692,698.0186916,0.347826087,1,994,0,0,0,0,0,0
911801,984,0.277108434,0.060240964,0.084337349,0.048192771,0.036144578,0.072289157,0.373493976,0.698795181,0.048192771,0.204819277,0,0.012048193,1.843373494,0.253012048,0.048192771,0.012048193,0.048192771,0.012048193,0.108433735,0,0.289156627,0.072289157,0.891566265,0.144578313,0.096385542,0.21686747,0.024096386,2.686746988,0.084337349,0.048192771,54373,83,0.707243067,0.922222222,0.638461538,1,32.51,12.50607188,8.841423512,8.688681808,154.6385542,698.313253,0.463414634,1,993,0,0,0,0,0,0
911801,985,0.15625,0.104166667,0.260416667,0.03125,0.041666667,0.020833333,0.552083333,0.875,0.020833333,0.260416667,0.020833333,0.020833333,0.989583333,0.197916667,0.010416667,0.114583333,0.010416667,0.03125,0.395833333,0.010416667,0.333333333,0.135416667,0.239583333,0.104166667,0.21875,0.135416667,0.09375,5.791666667,0.052083333,0.083333333,54428,96,0.719492605,0.932038835,0.671328671,1,33.825,13.42077132,9.320727047,57.13527556,508,699.3541667,0,0,0,0,0,0,0,0,0
911801,986,0.092307692,0.046153846,0.123076923,0.030769231,0,0.015384615,0.476923077,0.338461538,0.030769231,0.230769231,0,0,0.523076923,0.107692308,0.015384615,0.138461538,0.015384615,0.046153846,0.107692308,0.015384615,0.138461538,0.030769231,0.323076923,0.046153846,0.2,0.138461538,0.061538462,3.353846154,0.015384615,0.107692308,54484,65,0.474630303,0.902777778,0.65,1,27.821,9.916679162,8.728514734,45.73465141,624.0307692,701.4923077,0.941176471,3,975,979,995,0,0,0,0
911801,987,0.247619048,0.085714286,0.19047619,0,0.057142857,0.038095238,0.4,0.923809524,0.019047619,0.104761905,0.028571429,0.047619048,0.495238095,0.123809524,0.066666667,0.152380952,0.038095238,0.047619048,0.238095238,0.00952381,0.171428571,0.066666667,0.361904762,0.085714286,0.066666667,0.238095238,0.066666667,4,0.028571429,0.057142857,54539,105,0.70505452,0.954545455,0.75,1,34.842,13.80544284,9.79017264,18.70456476,768.5428571,701.5238095,0.25,2,1006,1010,0,0,0,0,0
911801,988,0.152542373,0.203389831,0.228813559,0.033898305,0.025423729,0.093220339,0.838983051,0.889830508,0.025423729,0.152542373,0,0.042372881,0.703389831,0.169491525,0.076271186,0.203389831,0.025423729,0.025423729,0.194915254,0.042372881,0.203389831,0.169491525,0.483050847,0.152542373,0.194915254,0.288135593,0.042372881,6.152542373,0.059322034,0.06779661,54594,118,0.799975955,0.944,0.655555556,1,38.142,15.99106945,9.595154331,27.89430475,234.1864407,702.7288136,0.28,1,981,0,0,0,0,0,0
911801,989,0.253012048,0.108433735,0.204819277,0.012048193,0,0.048192771,0.674698795,1.048192771,0.024096386,0.120481928,0.012048193,0.048192771,0.481927711,0.156626506,0,0.156626506,0.024096386,0.012048193,0.228915663,0.024096386,0.277108434,0.048192771,0.469879518,0.180722892,0.144578313,0.313253012,0.060240964,6.337349398,0.024096386,0.072289157,54649,83,0.72981351,0.864583333,0.638461538,1,33.618,12.86984782,8.798423632,-53.48138677,406.4819277,703.5783133,0.390243902,1,1008,0,0,0,0,0,0
911801,990,0.090909091,0.136363636,0.125,0.034090909,0,0.045454545,0.488636364,0.818181818,0.056818182,0.215909091,0.045454545,0.079545455,0.659090909,0.090909091,0.045454545,0.090909091,0.045454545,0.034090909,0.125,0,0.102272727,0.045454545,0.25,0.090909091,0.227272727,0.443181818,0.034090909,5.806818182,0.045454545,0.090909091,54705,88,0.691470539,0.946236559,0.676923077,1,31.774,12.63349376,9.126494778,-17.7572978,533.2727273,702.5454545,0.380952381,1,1005,0,0,0,0,0,0
911801,991,0.227272727,0.054545455,0.245454545,0.027272727,0.045454545,0.018181818,0.772727273,0.827272727,0.054545455,0.254545455,0.036363636,0.045454545,0.781818182,0.227272727,0.027272727,0.090909091,0.018181818,0.045454545,0.254545455,0,0.236363636,0.145454545,0.418181818,0.136363636,0.181818182,0.236363636,0.090909091,6.990909091,0.045454545,0.045454545,54760,110,0.602835419,0.93220339,0.654761905,1,36,13.3911185,10.6843123,-12.89646931,733.5363636,702.3818182,0,0,0,0,0,0,0,0,0
911801,992,0.211111111,0.1,0.177777778,0.033333333,0.033333333,0.044444444,0.666666667,0.666666667,0.033333333,0.233333333,0.022222222,0.022222222,0.8,0.144444444,0.033333333,0.133333333,0.033333333,0.033333333,0.255555556,0,0.177777778,0.066666667,0.366666667,0.166666667,0.188888889,0.3,0.022222222,4.122222222,0.044444444,0.044444444,54815,90,0.569895884,0.927835052,0.625,1,32.717,11.9641084,9.831110191,43.9724299,787.2666667,702.4444444,0.523809524,2,1006,1007,0,0,0,0,0
911801,993,0.313432836,0.044776119,0.089552239,0,0,0.074626866,0.47761194,0.417910448,0,0.164179104,0.014925373,0.029850746,2.611940299,0.029850746,0.059701493,0.074626866,0,0.029850746,0.179104478,0.014925373,0.28358209,0.089552239,0.417910448,0.059701493,0.119402985,0.149253731,0.029850746,2.343283582,0.014925373,0.014925373,54870,67,0.732548903,0.917808219,0.676767677,1,28.656,11.66200915,7.938497655,18.71980651,156.5671642,704.8656716,0.527777778,1,984,0,0,0,0,0,0
911801,994,0.074074074,0.339506173,0.358024691,0.030864198,0.037037037,0.043209877,0.586419753,2.851851852,0.037037037,0.469135802,0.00617284,0.024691358,0.5,0.209876543,0.043209877,0.148148148,0.037037037,0.055555556,0.160493827,0.012345679,0.87654321,0.12345679,0.265432099,0.24691358,0.154320988,0.228395062,0.049382716,4.209876543,0.080246914,0.061728395,54926,162,0.464609273,0.975903614,0.771428571,1,42.79,15.34715702,13.59014995,63.2510961,423.0864198,704.1358025,0.277777778,1,983,0,0,0,0,0,0
911801,995,0.166666667,0.083333333,0.147435897,0.032051282,0.044871795,0.025641026,0.698717949,0.987179487,0.025641026,0.185897436,0.006410256,0.076923077,0.596153846,0.205128205,0.012820513,0.128205128,0.019230769,0.012820513,0.301282051,0.012820513,0.294871795,0.121794872,0.653846154,0.147435897,0.243589744,0.371794872,0.096153846,6.519230769,0.115384615,0.096153846,54981,156,0.883052857,0.896551724,0.541666667,1,48.455,21.19802209,9.947670787,39.30878068,630.775641,705.525641,0.3125,1,986,0,0,0,0,0,0
911801,996,0.149122807,0.122807018,0.254385965,0.01754386,0.052631579,0.043859649,0.745614035,1.131578947,0.052631579,0.192982456,0.01754386,0.00877193,1.061403509,0.087719298,0.052631579,0.140350877,0.01754386,0.061403509,0.333333333,0.01754386,0.236842105,0.149122807,0.342105263,0.166666667,0.149122807,0.149122807,0.070175439,6.456140351,0.061403509,0.096491228,55036,114,0.600565742,0.897637795,0.678571429,1,37.745,13.88022415,11.09828551,-64.72459109,705.5350877,704.2105263,0.617021277,2,973,1000,0,0,0,0,0
911801,997,0.25,0.154761905,0.154761905,0.023809524,0.023809524,0.083333333,0.904761905,1.333333333,0.071428571,0.154761905,0,0.011904762,1.595238095,0.178571429,0.05952381,0.19047619,0.05952381,0,0.178571429,0,0.321428571,0.107142857,0.285714286,0.25,0.166666667,0.345238095,0.083333333,7.130952381,0.047619048,0.130952381,55091,84,0.592078587,0.923076923,0.636363636,1,31.402,11.65128998,9.389544263,60.08459194,208,705.297619,0.45,1,999,0,0,0,0,0,0
911801,998,0.340740741,0.125925926,0.214814815,0.022222222,0.037037037,0.044444444,0.8,1.074074074,0.02962963,0.244444444,0.044444444,0.02962963,0.888888889,0.177777778,0.007407407,0.177777778,0.081481481,0.022222222,0.214814815,0.007407407,0.207407407,0.111111111,0.333333333,0.162962963,0.2,0.325925926,0.037037037,6.651851852,0.088888889,0.125925926,55147,135,0.67547868,0.944055944,0.642857143,1,40.309,15.48482313,11.4181914,-61.1961725,475.1703704,704.5333333,0.037735849,1,971,0,0,0,0,0,0
911801,999,0.166666667,0.03030303,0.166666667,0.022727273,0,0.075757576,0.560606061,0.810606061,0.03030303,0.227272727,0.007575758,0.053030303,0.931818182,0.113636364,0.037878788,0.106060606,0.053030303,0.007575758,0.174242424,0,0.287878788,0.098484848,0.265151515,0.196969697,0.181818182,0.242424242,0.060606061,4.446969697,0.045454545,0.045454545,55202,132,0.70395114,0.923076923,0.628571429,1,43.096,15.67356722,11.13212607,45.8402965,198.0378788,706.1893939,0.339622642,1,997,0,0,0,0,0,0
911801,1000,0.197802198,0.087912088,0.208791209,0,0,0.010989011,0.593406593,0.934065934,0.032967033,0.142857143,0.021978022,0,1.032967033,0.153846154,0.065934066,0.208791209,0.032967033,0.032967033,0.384615385,0,0.263736264,0.087912088,0.285714286,0.175824176,0.230769231,0.32967033,0.076923077,5.516483516,0.043956044,0.054945055,55257,91,0.682565126,0.968085106,0.758333333,1,31.84,12.71272157,9.290771853,-62.97650174,697.3956044,706.8241758,0.475,1,996,0,0,0,0,0,0
911801,1001,0.11971831,0.077464789,0.197183099,0.056338028,0.014084507,0.042253521,0.464788732,0.936619718,0.028169014,0.183098592,0.021126761,0.021126761,0.626760563,0.147887324,0.021126761,0.133802817,0.028169014,0.014084507,0.204225352,0.007042254,0.197183099,0.084507042,0.352112676,0.183098592,0.225352113,0.345070423,0.042253521,5.76056338,0.077464789,0.084507042,55312,142,0.480285965,0.946666667,0.682692308,1,40.954,14.45878761,12.68197556,-88.70231483,325.3380282,709.4647887,0.346153846,2,980,1003,0,0,0,0,0
911801,1002,0.147368421,0.136842105,0.315789474,0.031578947,0.031578947,0.031578947,0.852631579,1.147368421,0.031578947,0.305263158,0.042105263,0.031578947,0.926315789,0.210526316,0.031578947,0.126315789,0.010526316,0.063157895,0.284210526,0,0.326315789,0.136842105,0.547368421,0.2,0.157894737,0.389473684,0.084210526,7.621052632,0.063157895,0.073684211,55368,95,0.823396293,0.871559633,0.59375,1,38.117,15.48734083,8.788551417,-1.449138364,250.9368421,708.5684211,0.489361702,2,981,1013,0,0,0,0,0
911801,1003,0.10989011,0.10989011,0.131868132,0.010989011,0.010989011,0.010989011,0.351648352,0.472527473,0.021978022,0.285714286,0.054945055,0.010989011,0.571428571,0.131868132,0.043956044,0.120879121,0.021978022,0.032967033,0.197802198,0,0.274725275,0.098901099,0.692307692,0.120879121,0.208791209,0.351648352,0.087912088,4.56043956,0.065934066,0.098901099,55423,91,0.691096895,0.93814433,0.7,1,33.246,12.97987784,9.381364021,12.13168769,312.8681319,710.7472527,0.658536585,2,980,1001,0,0,0,0,0
911801,1004,0.209459459,0.074324324,0.141891892,0.006756757,0.027027027,0.02027027,0.581081081,0.743243243,0.013513514,0.222972973,0.027027027,0.033783784,0.925675676,0.162162162,0.067567568,0.108108108,0.02027027,0.033783784,0.141891892,0.006756757,0.195945946,0.094594595,0.317567568,0.114864865,0.209459459,0.216216216,0.060810811,5,0.074324324,0.081081081,55478,148,0.618813915,0.942675159,0.711538462,1,41.88,15.65698481,12.29915045,83.27573489,346.3783784,712.6959459,0,0,0,0,0,0,0,0,0
911801,1005,0.173076923,0.211538462,0.230769231,0.038461538,0.019230769,0.038461538,0.692307692,0.855769231,0.086538462,0.278846154,0.019230769,0.028846154,1.009615385,0.134615385,0.019230769,0.086538462,0.048076923,0.028846154,0.240384615,0.009615385,0.25,0.173076923,0.288461538,0.211538462,0.153846154,0.259615385,0.048076923,6.201923077,0.057692308,0.096153846,55533,104,0.322312368,0.936936937,0.666666667,1,34.404,11.91188386,11.27618676,48.73652727,527.25,710.0192308,0.363636364,1,990,0,0,0,0,0,0
911801,1006,0.131313131,0.131313131,0.222222222,0.04040404,0.01010101,0.070707071,0.505050505,0.757575758,0.050505051,0.242424242,0.050505051,0.04040404,0.565656566,0.222222222,0.02020202,0.111111111,0.03030303,0.02020202,0.232323232,0.01010101,0.232323232,0.070707071,0.414141414,0.141414141,0.232323232,0.363636364,0.050505051,5.686868687,0.04040404,0.050505051,55589,99,0.684042017,0.942857143,0.6875,1,34.288,13.28198016,9.688442261,36.84270244,777.7676768,709.9090909,0.441860465,3,987,992,1007,0,0,0,0
911801,1007,0.050632911,0.126582278,0.367088608,0.050632911,0.050632911,0.075949367,0.582278481,1.037974684,0.050632911,0.17721519,0.037974684,0,0.64556962,0.139240506,0.037974684,0.17721519,0.025316456,0.012658228,0.189873418,0.012658228,0.367088608,0.088607595,0.215189873,0.139240506,0.164556962,0.392405063,0.050632911,5.481012658,0.113924051,0.063291139,55644,79,0.639713619,0.929411765,0.718181818,1,29.971,11.60568844,8.9202871,21.50863667,788.278481,711.0379747,0.567567568,2,992,1006,0,0,0,0,0
911801,1008,0.28125,0.09375,0.203125,0.0546875,0.0234375,0.078125,0.8828125,1.7109375,0.0078125,0.2421875,0.0234375,0.046875,0.765625,0.25,0.0390625,0.1953125,0.0703125,0.0390625,0.1875,0.0078125,0.2578125,0.109375,0.5078125,0.1328125,0.25,0.25,0.0625,6.65625,0.0546875,0.0859375,55699,128,0.864921279,0.962406015,0.615384615,1,41.409,18.20799626,9.138730663,36.68722101,399.5703125,712.8984375,0.277777778,1,989,0,0,0,0,0,0
911801,1009,0.285714286,0.071428571,0.255102041,0.030612245,0.020408163,0.051020408,0.775510204,1,0.010204082,0.132653061,0.020408163,0.010204082,1.06122449,0.183673469,0.112244898,0.163265306,0.040816327,0.030612245,0.224489796,0.020408163,0.193877551,0.173469388,0.37755102,0.112244898,0.234693878,0.193877551,0.06122449,7.459183673,0.040816327,0.071428571,55754,98,0.636388314,0.942307692,0.636363636,1,33.668,12.83278115,9.898807734,0,275.5,714,0,0,0,0,0,0,0,0,0
911801,1010,0.292682927,0.081300813,0.203252033,0.048780488,0.016260163,0.024390244,0.829268293,1.276422764,0.032520325,0.162601626,0.024390244,0.040650407,1.715447154,0.162601626,0.06504065,0.081300813,0.040650407,0.016260163,0.154471545,0,0.146341463,0.154471545,0.617886179,0.268292683,0.300813008,0.333333333,0.056910569,5.804878049,0.056910569,0.113821138,55810,123,0.660942173,0.953488372,0.630769231,1,38.349,14.66219421,11.00305062,-65.43921596,761.9186992,712.5934959,0.392156863,2,987,1017,0,0,0,0,0
911801,1011,0.242424242,0.121212121,0.191919192,0.01010101,0.050505051,0.060606061,0.646464646,0.686868687,0.01010101,0.101010101,0,0.02020202,0.595959596,0.141414141,0.01010101,0.090909091,0.04040404,0.01010101,0.181818182,0.02020202,0.202020202,0.060606061,0.343434343,0.090909091,0.141414141,0.252525253,0.070707071,5.060606061,0.080808081,0.070707071,55865,99,0.661854851,0.951923077,0.692307692,1,33.089,13.06191273,9.791627942,-29.25347719,436.010101,713.8383838,0,0,0,0,0,0,0,0,0
911801,1012,0.209944751,0.082872928,0.154696133,0.033149171,0.016574586,0.038674033,2.839779006,0.806629834,0.066298343,0.171270718,0.033149171,0.011049724,0.767955801,0.281767956,0.033149171,0.132596685,0.033149171,0.055248619,0.154696133,0.011049724,0.259668508,0.193370166,0.602209945,0.060773481,0.348066298,0.281767956,0.082872928,4.110497238,0.027624309,0.071823204,55920,181,0.768165653,0.957671958,0.665441176,1,46.859,19.10601361,12.2326471,36.55135693,61.27624309,717.6353591,0,0,0,0,0,0,0,0,0
911801,1013,0.175438596,0.096491228,0.105263158,0.026315789,0,0,0.526315789,0.98245614,0.035087719,0.131578947,0.035087719,0.035087719,0.763157895,0.149122807,0.061403509,0.070175439,0.00877193,0.052631579,0.184210526,0.00877193,0.263157895,0.122807018,0.412280702,0.114035088,0.149122807,0.105263158,0.052631579,5.052631579,0.01754386,0.026315789,55976,114,0.662674928,0.926829268,0.74025974,1,37.654,14.06184369,10.53101547,-17.03136437,258.0789474,715.8596491,0.361702128,1,1002,0,0,0,0,0,0
911801,1014,0.165289256,0.074380165,0.223140496,0.033057851,0.024793388,0.016528926,0.388429752,0.752066116,0.049586777,0.223140496,0.049586777,0.024793388,1.561983471,0.107438017,0.024793388,0.082644628,0.024793388,0.024793388,0.157024793,0,0.256198347,0.181818182,0.363636364,0.157024793,0.214876033,0.305785124,0.041322314,3.760330579,0.033057851,0.05785124,56031,121,0.743775491,0.937984496,0.664835165,1,38.696,15.36910624,10.27316426,45.53191086,577.2231405,716.1487603,0,0,0,0,0,0,0,0,0
911801,1015,0.11,0.03,0.15,0.07,0.07,0.03,0.59,0.8,0.03,0.2,0.02,0.03,0.62,0.15,0.08,0.08,0.05,0.01,0.2,0.01,0.25,0.08,0.14,0.11,0.16,0.2,0.06,4.7,0.03,0.06,56086,100,0.529089547,0.934579439,0.699300699,1,33.924,12.414563,10.53457603,16.15900205,610.14,717.72,0,0,0,0,0,0,0,0,0
911801,1016,0.222222222,0.111111111,0.211111111,0.022222222,0.033333333,0.044444444,0.522222222,1.044444444,0.022222222,0.188888889,0.033333333,0.011111111,0.755555556,0.1,0.033333333,0.133333333,0.022222222,0.066666667,0.288888889,0.022222222,0.188888889,0.155555556,0.444444444,0.166666667,0.255555556,0.211111111,0.055555556,5.233333333,0.066666667,0.111111111,56141,90,0.528703939,0.957446809,0.75,1,31.104,11.70320412,9.933753457,-10.33251581,315.3333333,723.8333333,0,0,0,0,0,0,0,0,0
911801,1017,0.203389831,0.06779661,0.118644068,0.028248588,0.028248588,0.062146893,0.666666667,0.97740113,0.039548023,0.152542373,0.005649718,0.04519774,2.463276836,0.192090395,0.192090395,0.096045198,0.028248588,0.033898305,0.146892655,0.028248588,0.333333333,0.146892655,0.581920904,0.203389831,0.288135593,0.299435028,0.084745763,4.988700565,0.056497175,0.09039548,56197,177,0.774182381,0.926701571,0.665413534,1,49.952,19.19213737,12.14790498,25.25502512,764.2768362,726.3954802,0.15625,1,1010,0,0,0,0,0,0
911801,1018,0.242424242,0.080808081,0.212121212,0.02020202,0.04040404,0.03030303,0.616161616,1.161616162,0.03030303,0.141414141,0.090909091,0.02020202,1.191919192,0.191919192,0.02020202,0.121212121,0.060606061,0.02020202,0.262626263,0.01010101,0.222222222,0.111111111,0.414141414,0.181818182,0.292929293,0.373737374,0.060606061,6.545454545,0.02020202,0.090909091,56252,99,0.394180966,0.961165049,0.75,1,32.791,11.79264158,10.83782492,19.64561713,300.7777778,725.9393939,0,0,0,0,0,0,0,0,0
911801,1019,0.359649123,0.140350877,0.131578947,0.00877193,0.035087719,0.043859649,0.578947368,1.631578947,0.026315789,0.219298246,0.00877193,0.043859649,1.122807018,0.271929825,0.035087719,0.131578947,0.043859649,0.052631579,0.192982456,0.00877193,0.464912281,0.228070175,0.245614035,0.140350877,0.149122807,0.271929825,0.105263158,5.614035088,0.035087719,0.078947368,56307,114,0.744146227,0.95,0.76,1,36.802,14.8573132,9.92493424,3.643105025,494.8070175,729.0350877,0,0,0,0,0,0,0,0,0
911801,1020,0.126984127,0.119047619,0.206349206,0.023809524,0.007936508,0.03968254,0.698412698,1.079365079,0.03968254,0.182539683,0.047619048,0.031746032,0.936507937,0.142857143,0,0.166666667,0.015873016,0.031746032,0.261904762,0,0.301587302,0.079365079,0.634920635,0.103174603,0.158730159,0.333333333,0.055555556,5.944444444,0.071428571,0.079365079,56362,126,0.627453189,0.954545455,0.74556213,1,38.026,14.43591164,11.24058445,43.98631375,342.9920635,732.1507937,0.166666667,1,1040,0,0,0,0,0,0
911801,1021,0.185714286,0.057142857,0.171428571,0.071428571,0.014285714,0.071428571,0.635714286,1.257142857,0.014285714,0.285714286,0.028571429,0.064285714,0.85,0.142857143,0.035714286,0.164285714,0.021428571,0.05,0.1,0.007142857,0.278571429,0.064285714,0.421428571,0.228571429,0.15,0.2,0.078571429,6.628571429,0.085714286,0.064285714,56418,140,0.629058017,0.921052632,0.633484163,1,43.493,15.60041323,12.12711156,-1.560227608,645.2357143,731.0928571,0,0,0,0,0,0,0,0,0
911801,1022,0.230769231,0.097902098,0.160839161,0.034965035,0.006993007,0.027972028,0.818181818,1.188811189,0.041958042,0.174825175,0.020979021,0.027972028,1.06993007,0.160839161,0.055944056,0.125874126,0.034965035,0.020979021,0.230769231,0.034965035,0.314685315,0.13986014,0.41958042,0.146853147,0.20979021,0.286713287,0.048951049,6.881118881,0.048951049,0.055944056,56473,143,0.423425025,0.947019868,0.729591837,1,41.326,14.3640691,13.01285764,-50.6487868,34.24475524,733.1398601,0,0,0,0,0,0,0,0,0
911801,1023,0.198019802,0.069306931,0.297029703,0.059405941,0.04950495,0.059405941,0.475247525,1.069306931,0.00990099,0.138613861,0.02970297,0.02970297,1.089108911,0.178217822,0.366336634,0.108910891,0,0.02970297,0.455445545,0,0.326732673,0.118811881,0.574257426,0.168316832,0.227722772,0.237623762,0.04950495,6.336633663,0.069306931,0.089108911,56528,101,0.331670456,0.943925234,0.701388889,1,33.825,11.79695414,11.12919119,-56.69872655,14.88118812,735.4455446,0.186046512,1,1044,0,0,0,0,0,0
911801,1024,0.103448276,0.075862069,0.2,0.027586207,0.027586207,0.04137931,0.903448276,0.544827586,0.027586207,0.15862069,0.04137931,0.055172414,0.689655172,0.110344828,0.034482759,0.096551724,0.055172414,0.006896552,0.186206897,0,0.227586207,0.075862069,0.337931034,0.103448276,0.172413793,0.351724138,0.055172414,3.75862069,0.055172414,0.027586207,56583,145,0.695660908,0.953947368,0.644444444,1,41.624,16.21120104,11.6456455,51.99059944,735.262069,734.2689655,0.4,2,1031,1032,0,0,0,0,0
911801,1025,0.153061224,0.081632653,0.367346939,0.051020408,0.030612245,0.051020408,0.612244898,0.87755102,0.051020408,0.183673469,0.020408163,0.010204082,1.051020408,0.163265306,0.030612245,0.183673469,0.020408163,0.06122449,0.285714286,0,0.326530612,0.102040816,0.683673469,0.204081633,0.224489796,0.244897959,0.051020408,6.397959184,0.081632653,0.091836735,56639,98,0.535794631,0.951456311,0.685314685,1,33.18,12.2588097,10.35070558,-9.707621549,599.6326531,736.2755102,0,0,0,0,0,0,0,0,0
911801,1026,0.181034483,0.189655172,0.181034483,0.068965517,0.025862069,0.051724138,0.862068966,1.370689655,0.017241379,0.267241379,0.034482759,0.086206897,0.818965517,0.155172414,0.051724138,0.189655172,0.060344828,0.025862069,0.301724138,0,0.301724138,0.060344828,0.560344828,0.189655172,0.24137931,0.267241379,0.077586207,6.620689655,0.025862069,0.043103448,56694,116,0.550234637,0.920634921,0.637362637,1,38.233,13.6208313,11.37353153,77.26399931,699.0172414,736.2844828,0.346938776,1,1029,0,0,0,0,0,0
911801,1027,0.303030303,0.161616162,0.242424242,0.050505051,0.01010101,0.01010101,0.878787879,1.484848485,0.03030303,0.222222222,0.02020202,0.02020202,1.98989899,0.181818182,0.070707071,0.202020202,0.04040404,0.050505051,0.141414141,0,0.181818182,0.070707071,0.555555556,0.151515152,0.191919192,0.242424242,0.060606061,7.171717172,0.050505051,0.141414141,56749,99,0.585103701,0.951923077,0.75,1,32.882,12.54351923,10.17227331,28.03648969,196.3232323,737.7272727,0,0,0,0,0,0,0,0,0
911801,1028,0.192307692,0.153846154,0.336538462,0.019230769,0.019230769,0.038461538,1.028846154,0.942307692,0.028846154,0.211538462,0,0.009615385,0.855769231,0.144230769,0.576923077,0.096153846,0.019230769,0.019230769,0.153846154,0.009615385,0.346153846,0.144230769,0.730769231,0.269230769,0.25,0.365384615,0.076923077,6.990384615,0.134615385,0.067307692,56804,104,0.564520008,0.936936937,0.666666667,1,34.586,12.80113316,10.56630346,-22.97629227,395.7980769,736.9519231,0,0,0,0,0,0,0,0,0
911801,1029,0.2,0.107692308,0.153846154,0.015384615,0.015384615,0.076923077,0.892307692,1.215384615,0.030769231,0.092307692,0.030769231,0.015384615,0.553846154,0.092307692,0.076923077,0.215384615,0.061538462,0.015384615,0.153846154,0,0.123076923,0.076923077,0.446153846,0.215384615,0.107692308,0.153846154,0.092307692,6.769230769,0.076923077,0.123076923,56860,65,0.554970756,0.970149254,0.8125,1,26.39,10.1374403,8.43303102,82.32674644,707.1846154,737.5846154,0.90625,2,1026,1037,0,0,0,0,0
911801,1030,0.21978022,0.241758242,0.296703297,0.021978022,0.054945055,0.021978022,0.835164835,1.241758242,0.021978022,0.186813187,0.021978022,0.021978022,0.571428571,0.252747253,0.054945055,0.21978022,0.043956044,0.054945055,0.252747253,0,0.252747253,0.230769231,0.868131868,0.153846154,0.230769231,0.285714286,0.054945055,8.065934066,0.032967033,0.098901099,56915,91,0.517745526,0.957894737,0.758333333,1,31.013,11.69798575,10.00803237,80.50480714,223.6043956,738.3626374,0,0,0,0,0,0,0,0,0
911801,1031,0.098765432,0.098765432,0.098765432,0.037037037,0.024691358,0.111111111,0.518518519,1.037037037,0.012345679,0.197530864,0.012345679,0.012345679,0.617283951,0.12345679,0.024691358,0.086419753,0.135802469,0.024691358,0.135802469,0.012345679,0.296296296,0.12345679,0.209876543,0.172839506,0.172839506,0.197530864,0.061728395,4.580246914,0.061728395,0.037037037,56970,81,0.546739808,0.941860465,0.736363636,1,29.698,11.2501382,9.419769556,34.81534335,743.7407407,738.6296296,0.394736842,1,1024,0,0,0,0,0,0
911801,1032,0.25,0.175,0.1125,0.0375,0,0.0375,1.7375,0.75,0.025,0.125,0,0.05,1.125,0.1375,0.05,0.1,0.025,0.0125,0.15,0,0.2125,0.1,0.475,0.1375,0.4,0.2125,0.0125,3.575,0.025,0.0625,57025,80,0.484914193,0.941176471,0.727272727,1,29.417,10.93377219,9.562258753,-76.47933619,722.15,740.5875,0.631578947,2,1024,1037,0,0,0,0,0
911801,1033,0.153669725,0.110091743,0.190366972,0.03440367,0.018348624,0.027522936,2.472477064,0.655963303,0.061926606,0.302752294,0.03440367,0.025229358,0.644495413,0.245412844,0.254587156,0.105504587,0.052752294,0.066513761,0.128440367,0.009174312,0.495412844,0.19266055,0.958715596,0.19266055,1.584862385,0.449541284,0.107798165,3.217889908,0.064220183,0.04587156,57081,436,0.872427541,0.897119342,0.712418301,1,88.226,34.63403996,16.92716109,86.63549086,367.6146789,738.8715596,0.256880734,2,1036,1056,0,0,0,0,0
911801,1034,0.098901099,0.142857143,0.175824176,0.021978022,0.032967033,0.043956044,0.527472527,0.758241758,0.021978022,0.241758242,0.021978022,0.065934066,0.417582418,0.153846154,0.10989011,0.054945055,0.043956044,0.054945055,0.164835165,0.010989011,0.175824176,0.10989011,0.373626374,0.197802198,0.120879121,0.197802198,0.098901099,5.67032967,0.021978022,0.120879121,57136,91,0.481821985,0.928571429,0.689393939,1,32.146,11.60657394,10.17048236,-1.806494133,666.5604396,741.8901099,0.170731707,1,1041,0,0,0,0,0,0
911801,1035,0.192771084,0.156626506,0.289156627,0.012048193,0.036144578,0.060240964,0.746987952,0.903614458,0.096385542,0.144578313,0,0.024096386,1.253012048,0.13253012,0.120481928,0.277108434,0.012048193,0.036144578,0.180722892,0.024096386,0.325301205,0.13253012,0.34939759,0.168674699,0.240963855,0.301204819,0.048192771,6.722891566,0,0.036144578,57191,83,0.700034647,0.912087912,0.628787879,1,32.692,12.55522645,8.965798708,-40.51834363,805.3855422,741.0963855,0.536585366,2,1042,1054,0,0,0,0,0
911801,1036,0.233333333,0.1,0.166666667,0.011111111,0,0.1,0.666666667,1.044444444,0,0.177777778,0.011111111,0.044444444,0.911111111,0.177777778,0.011111111,0.077777778,0.011111111,0.044444444,0.211111111,0.011111111,0.244444444,0.044444444,0.455555556,0.155555556,0.144444444,0.244444444,0.022222222,5.688888889,0.044444444,0.011111111,57246,90,0.268970315,0.9375,0.681818182,1,31.865,10.98872626,10.58377486,58.2187929,351.5555556,743.1,0.225,2,1033,1040,0,0,0,0,0
911801,1037,0.263157895,0.090225564,0.323308271,0.060150376,0.007518797,0.037593985,0.676691729,0.857142857,0.030075188,0.218045113,0.052631579,0.037593985,0.962406015,0.097744361,0.07518797,0.105263158,0.052631579,0.037593985,0.240601504,0,0.330827068,0.157894737,0.338345865,0.218045113,0.195488722,0.360902256,0.07518797,6.015037594,0.037593985,0.060150376,57302,133,0.749925498,0.880794702,0.651960784,1,43.377,16.76915834,11.09317211,-83.3920869,714.4962406,743.5413534,0.642857143,2,1029,1032,0,0,0,0,0
911801,1038,0.25862069,0.120689655,0.172413793,0.017241379,0.017241379,0.068965517,0.724137931,0.974137931,0.051724138,0.146551724,0.00862069,0.103448276,0.724137931,0.224137931,0.025862069,0.094827586,0.025862069,0.00862069,0.181034483,0.017241379,0.232758621,0.077586207,0.370689655,0.112068966,0.155172414,0.275862069,0.077586207,6.913793103,0.060344828,0.103448276,57357,116,0.708221077,0.943089431,0.703030303,1,37.77,14.65714946,10.3478116,13.77976906,766.612069,742.5172414,0,0,0,0,0,0,0,0,0
911801,1039,0.184210526,0.092105263,0.092105263,0.039473684,0.013157895,0.039473684,0.513157895,0.815789474,0.039473684,0.131578947,0,0.026315789,0.697368421,0.157894737,0.144736842,0.184210526,0.078947368,0.065789474,0.157894737,0,0.144736842,0.105263158,0.236842105,0.105263158,0.171052632,0.328947368,0.078947368,5.118421053,0.052631579,0.039473684,57412,76,0.751714855,0.962025316,0.690909091,1,29.326,12.25820094,8.084139715,38.35635397,625.1578947,744.3552632,0.473684211,1,1043,0,0,0,0,0,0
911801,1040,0.098901099,0.087912088,0.10989011,0.021978022,0.010989011,0.065934066,0.571428571,0.747252747,0.032967033,0.10989011,0.043956044,0.010989011,0.373626374,0.098901099,0.010989011,0.054945055,0.065934066,0.021978022,0.263736264,0.010989011,0.274725275,0.10989011,0.527472527,0.142857143,0.164835165,0.230769231,0.076923077,5.010989011,0.065934066,0.032967033,57467,91,0.577654204,0.947916667,0.689393939,1,31.774,11.9940719,9.790539986,26.45066502,339.6593407,744.6813187,0.365853659,2,1020,1036,0,0,0,0,0
911801,1041,0.253846154,0.115384615,0.130769231,0.061538462,0,0.069230769,0.946153846,1.169230769,0.023076923,0.138461538,0.007692308,0.146153846,0.976923077,0.130769231,0.030769231,0.130769231,0.038461538,0.023076923,0.153846154,0,0.192307692,0.1,0.592307692,0.192307692,0.184615385,0.238461538,0.046153846,6.461538462,0.076923077,0.153846154,57523,130,0.730655991,0.962962963,0.663265306,1,39.085,15.69196159,10.71362081,42.62623219,679.3615385,744.2384615,0.173076923,1,1034,0,0,0,0,0,0
911801,1042,0.195876289,0.082474227,0.144329897,0.020618557,0,0.030927835,0.680412371,1.113402062,0.06185567,0.164948454,0,0.041237113,0.783505155,0.18556701,0.051546392,0.12371134,0.082474227,0.020618557,0.237113402,0,0.309278351,0.082474227,0.463917526,0.154639175,0.195876289,0.268041237,0.041237113,5.762886598,0.092783505,0.020618557,57578,97,0.498100252,0.932692308,0.621794872,1,36,12.50836821,10.84624935,-53.22989799,799.6701031,746.4639175,0.6875,2,1035,1054,0,0,0,0,0
911801,1043,0.288888889,0.077777778,0.144444444,0.016666667,0.022222222,0.055555556,0.538888889,0.572222222,0.027777778,0.2,0.022222222,0.033333333,1.611111111,0.15,0.133333333,0.1,0.016666667,0.044444444,0.272222222,0.005555556,0.277777778,0.066666667,0.322222222,0.072222222,0.127777778,0.316666667,0.066666667,4.666666667,0.044444444,0.072222222,57633,180,0.789495357,0.9,0.659340659,1,51.631,19.78421746,12.14269271,83.56799062,633.5666667,749.2111111,0.348484848,2,1039,1062,0,0,0,0,0
911801,1044,0.11,0.17,0.18,0.03,0.03,0.01,0.84,1.28,0.06,0.13,0.02,0.04,0.87,0.19,0.08,0.18,0.02,0.04,0.12,0,0.33,0.11,0.52,0.16,0.16,0.27,0.07,7.91,0.03,0.13,57688,100,0.725417451,0.961538462,0.714285714,1,34.288,13.75852753,9.470120743,77.57694961,8.1,746.98,0.162790698,1,1023,0,0,0,0,0,0
911801,1045,0.244444444,0.044444444,0.155555556,0.088888889,0.022222222,0.044444444,0.522222222,1.077777778,0.011111111,0.155555556,0.011111111,0.033333333,0.922222222,0.222222222,0.044444444,0.122222222,0.044444444,0,0.255555556,0,0.333333333,0.033333333,0.433333333,0.211111111,0.255555556,0.266666667,0.088888889,6.3,0.155555556,0.111111111,57744,90,0.768972254,0.947368421,0.692307692,1,33.155,13.63535455,8.716838829,74.58485711,415.9333333,748.7555556,0.487804878,1,1046,0,0,0,0,0,0
911801,1046,0.217391304,0.086956522,0.347826087,0.014492754,0.014492754,0.028985507,0.405797101,0.855072464,0.043478261,0.130434783,0.014492754,0.028985507,0.942028986,0.217391304,0.057971014,0.144927536,0.043478261,0.057971014,0.246376812,0.028985507,0.202898551,0.15942029,0.637681159,0.101449275,0.31884058,0.304347826,0.057971014,7.695652174,0.072463768,0.072463768,57799,69,0.72641768,0.884615385,0.575,1,29.996,11.7199904,8.054604255,71.00076462,422.4637681,750.9130435,0.540540541,1,1045,0,0,0,0,0,0
911801,1047,0.247863248,0.085470085,0.170940171,0.017094017,0,0.042735043,0.52991453,0.974358974,0.034188034,0.205128205,0.017094017,0.017094017,0.837606838,0.435897436,0.094017094,0.094017094,0.025641026,0.017094017,0.11965812,0,0.316239316,0.11965812,1.034188034,0.136752137,0.153846154,0.264957265,0.068376068,3.58974359,0.094017094,0.076923077,57854,117,0.603165773,0.906976744,0.696428571,1,38.853,13.97738294,11.14858223,-76.93363786,188.9487179,752.4102564,0.456521739,2,1049,1063,0,0,0,0,0
911801,1048,0.161290323,0.11827957,0.172043011,0.010752688,0.010752688,0.032258065,0.494623656,1.032258065,0.021505376,0.139784946,0.010752688,0.021505376,0.688172043,0.247311828,0.032258065,0.23655914,0.021505376,0.053763441,0.150537634,0.010752688,0.204301075,0.053763441,0.258064516,0.193548387,0.204301075,0.365591398,0.053763441,5.129032258,0.032258065,0.075268817,57910,93,0.525486919,0.948979592,0.65034965,1,32.717,11.90150486,10.12582033,1.917312132,44.08602151,754.0752688,0.261904762,1,1055,0,0,0,0,0,0
911801,1049,0.212389381,0.17699115,0.274336283,0.03539823,0.017699115,0.053097345,0.991150442,1.548672566,0.061946903,0.185840708,0,0.03539823,0.778761062,0.504424779,0.026548673,0.159292035,0.03539823,0.03539823,0.14159292,0.008849558,0.300884956,0.10619469,0.592920354,0.159292035,0.265486726,0.371681416,0.079646018,6.82300885,0.088495575,0.10619469,57965,113,0.853984913,0.933884298,0.627777778,1,39.705,16.83725819,8.760387866,-59.71307678,179.4513274,751.7079646,0.530612245,2,1047,1063,0,0,0,0,0
911801,1050,0.175925926,0.101851852,0.25,0.037037037,0,0.046296296,0.472222222,1.157407407,0,0.157407407,0.027777778,0.009259259,1.018518519,0.101851852,0.342592593,0.092592593,0.037037037,0.046296296,0.342592593,0,0.222222222,0.138888889,1.342592593,0.12037037,0.157407407,0.287037037,0.064814815,6.185185185,0.046296296,0.046296296,58020,108,0.544359598,0.964285714,0.692307692,1,34.495,12.90525904,10.82560198,38.34071136,484.9907407,755.9166667,0,0,0,0,0,0,0,0,0
911801,1051,0.186915888,0.102803738,0.23364486,0.037383178,0.046728972,0.028037383,0.635514019,0.76635514,0.009345794,0.112149533,0,0.037383178,0.869158879,0.23364486,0.037383178,0.130841121,0.046728972,0.028037383,0.205607477,0.009345794,0.336448598,0.08411215,0.411214953,0.130841121,0.308411215,0.280373832,0.08411215,7.009345794,0.074766355,0.08411215,58075,107,0.467416627,0.946902655,0.685897436,1,34.685,12.51474544,11.06349999,-26.45226111,549.0934579,755.3738318,0,0,0,0,0,0,0,0,0
911801,1052,0.102564103,0.056410256,0.225641026,0.071794872,0.035897436,0.076923077,1.584615385,0.487179487,0.046153846,0.241025641,0.046153846,0.005128205,0.292307692,0.358974359,0.133333333,0.056410256,0.061538462,0.066666667,0.184615385,0,0.333333333,0.184615385,0.641025641,0.092307692,0.887179487,0.348717949,0.097435897,1.538461538,0.082051282,0.020512821,58131,195,0.59791483,0.906976744,0.677083333,1,52.896,18.12293028,14.52660947,-27.92882976,303.0820513,753.1128205,0.484375,1,1064,0,0,0,0,0,0
911801,1053,0.247619048,0.142857143,0.123809524,0.047619048,0.019047619,0.038095238,0.885714286,1,0.00952381,0.219047619,0.019047619,0.038095238,0.685714286,0.20952381,0.028571429,0.180952381,0.057142857,0.038095238,0.295238095,0.038095238,0.20952381,0.142857143,0.4,0.228571429,0.295238095,0.314285714,0.038095238,7.276190476,0.057142857,0.095238095,58186,105,0.541334238,0.954545455,0.734265734,1,33.552,12.68218581,10.66327688,13.12473104,434.8,755.7904762,0,0,0,0,0,0,0,0,0
911801,1054,0.202643172,0.220264317,0.259911894,0.013215859,0.013215859,0.057268722,0.537444934,0.863436123,0.044052863,0.224669604,0.035242291,0.022026432,0.669603524,0.123348018,0.022026432,0.171806167,0.061674009,0.039647577,0.140969163,0.008810573,0.334801762,0.118942731,0.343612335,0.176211454,0.176211454,0.370044053,0.088105727,5.872246696,0.035242291,0.105726872,58241,227,0.755492855,0.900793651,0.600529101,1,56.874,21.71560358,14.22712724,-36.82360808,807.4317181,757.876652,0.364864865,3,1035,1042,1065,0,0,0,0
911801,1055,0.174603175,0.031746032,0.19047619,0.015873016,0.015873016,0.015873016,0.650793651,1.095238095,0.047619048,0.142857143,0.031746032,0.126984127,0.825396825,0.063492063,0.031746032,0.111111111,0.063492063,0.047619048,0.206349206,0.015873016,0.26984127,0.079365079,0.301587302,0.079365079,0.111111111,0.206349206,0.126984127,5.380952381,0.063492063,0.111111111,58296,63,0.733329034,0.926470588,0.715909091,1,27.06,11.04625507,7.51006058,20.43236522,53.52380952,757.3492063,0.848484848,2,1048,1058,0,0,0,0,0
911801,1056,0.211678832,0.072992701,0.178832117,0.02919708,0.025547445,0.032846715,1.864963504,0.682481752,0.040145985,0.200729927,0.04379562,0.025547445,0.397810219,0.171532847,0.193430657,0.080291971,0.065693431,0.047445255,0.135036496,0.00729927,0.441605839,0.226277372,0.474452555,0.204379562,1.032846715,0.335766423,0.102189781,3.335766423,0.076642336,0.032846715,58352,274,0.490168529,0.910299003,0.655502392,1,61.745,20.44856161,17.82353232,58.91603128,369.270073,761.1313869,0.3375,1,1033,0,0,0,0,0,0
911801,1057,0.253424658,0.150684932,0.226027397,0.006849315,0.01369863,0.054794521,0.712328767,1.219178082,0.020547945,0.171232877,0.01369863,0.04109589,1.095890411,0.280821918,0.116438356,0.171232877,0.02739726,0.061643836,0.232876712,0,0.376712329,0.116438356,0.397260274,0.171232877,0.239726027,0.226027397,0.095890411,7.328767123,0.095890411,0.075342466,58407,146,0.693422306,0.929936306,0.651785714,1,42.55,16.23916275,11.70082675,57.44983549,563.7671233,760.8013699,0,0,0,0,0,0,0,0,0
911801,1058,0.155844156,0.12987013,0.181818182,0.025974026,0.025974026,0.025974026,0.519480519,1.12987013,0.025974026,0.103896104,0.025974026,0.012987013,1.090909091,0.272727273,0.051948052,0.103896104,0.038961039,0.025974026,0.155844156,0,0.194805195,0.12987013,0.831168831,0.207792208,0.181818182,0.402597403,0.051948052,5.74025974,0.064935065,0.077922078,58462,77,0.835317095,0.846153846,0.55,1,33.544,13.96248324,7.6761328,14.64333573,55.88311688,762.987013,0.476190476,1,1055,0,0,0,0,0,0
911801,1059,0.215686275,0.049019608,0.18627451,0.039215686,0.029411765,0.039215686,0.656862745,1.058823529,0.068627451,0.137254902,0.009803922,0.049019608,0.725490196,0.18627451,0.058823529,0.166666667,0.009803922,0.019607843,0.225490196,0.009803922,0.264705882,0.12745098,0.352941176,0.176470588,0.137254902,0.176470588,0.058823529,7.450980392,0.078431373,0.049019608,58517,102,0.598905142,0.944444444,0.708333333,1,33.552,12.82378813,10.26954567,38.09853938,115.4117647,761.6568627,0,0,0,0,0,0,0,0,0
911801,1060,0.252252252,0.054054054,0.234234234,0.036036036,0.045045045,0.081081081,0.666666667,1.117117117,0,0.054054054,0.009009009,0.009009009,0.774774775,0.099099099,0.027027027,0.144144144,0.036036036,0.036036036,0.207207207,0,0.306306306,0.054054054,0.405405405,0.144144144,0.063063063,0.288288288,0.027027027,4.918918919,0.036036036,0.054054054,58573,111,0.81416223,0.8671875,0.69375,1,40.838,16.54692561,9.6077649,-4.203616551,225.8828829,761.2342342,0.431372549,1,1066,0,0,0,0,0,0
911801,1061,0.214814815,0.214814815,0.22962963,0.074074074,0.037037037,0.066666667,0.622222222,0.962962963,0.022222222,0.118518519,0.044444444,0.044444444,0.948148148,0.311111111,0.037037037,0.192592593,0.037037037,0.007407407,0.118518519,0.007407407,0.22962963,0.177777778,0.518518519,0.125925926,0.111111111,0.244444444,0.051851852,6.088888889,0.081481481,0.207407407,58628,135,0.72541083,0.924657534,0.642857143,1,41.417,16.1524314,11.11797947,44.32286759,511.4074074,763.637037,0,0,0,0,0,0,0,0,0
911801,1062,0.290322581,0.137096774,0.153225806,0.032258065,0.016129032,0.032258065,0.629032258,1.403225806,0.024193548,0.201612903,0.040322581,0.032258065,0.991935484,0.185483871,0.14516129,0.177419355,0.016129032,0.064516129,0.39516129,0.008064516,0.258064516,0.088709677,0.338709677,0.14516129,0.266129032,0.290322581,0.040322581,6.943548387,0.056451613,0.112903226,58683,124,0.521404848,0.946564885,0.681318681,1,37.679,13.72558784,11.71217355,77.62893437,621.9919355,760.9354839,0.102040816,1,1043,0,0,0,0,0,0
911801,1063,0.252336449,0.130841121,0.121495327,0.046728972,0.046728972,0.056074766,0.448598131,0.794392523,0.028037383,0.093457944,0.009345794,0.018691589,0.76635514,0.140186916,0.14953271,0.121495327,0,0.009345794,0.214953271,0.009345794,0.23364486,0.08411215,0.551401869,0.186915888,0.093457944,0.299065421,0.08411215,4.91588785,0.065420561,0.093457944,58738,107,0.679864776,0.922413793,0.748251748,1,36.521,13.77896712,10.10463328,-31.67095688,184.0093458,763.7570093,0.386363636,2,1047,1049,0,0,0,0,0
911801,1064,0.147482014,0.086330935,0.14028777,0.007194245,0.028776978,0.039568345,2.237410072,0.550359712,0.032374101,0.28057554,0.021582734,0.032374101,0.226618705,0.194244604,0.18705036,0.086330935,0.043165468,0.115107914,0.118705036,0,0.442446043,0.241007194,0.597122302,0.143884892,1.683453237,0.377697842,0.111510791,1.982014388,0.039568345,0.068345324,58794,278,0.905267432,0.783098592,0.483478261,1,79.228,30.73190062,13.05620761,-43.1543672,300.1115108,764.5791367,0.707070707,4,1052,1067,1081,1087,0,0,0
911801,1065,0.17037037,0.140740741,0.251851852,0.022222222,0.02962963,0.044444444,0.837037037,1.362962963,0.007407407,0.288888889,0.037037037,0.051851852,1.155555556,0.237037037,0.059259259,0.2,0.037037037,0.022222222,0.148148148,0.022222222,0.244444444,0.059259259,0.466666667,0.22962963,0.222222222,0.311111111,0.088888889,7.6,0.111111111,0.074074074,58849,135,0.694728055,0.957446809,0.767045455,1,39.523,15.53059837,11.17073232,-4.99818294,792.162963,763.1703704,0.204081633,1,1054,0,0,0,0,0,0
911801,1067,0.152542373,0.06779661,0.13559322,0.101694915,0.016949153,0.033898305,2.237288136,0.813559322,0.06779661,0.355932203,0,0.016949153,0.305084746,0.118644068,0.220338983,0.084745763,0.050847458,0.118644068,0.220338983,0,0.677966102,0.237288136,0.627118644,0.152542373,2.101694915,0.355932203,0.169491525,2.101694915,0.016949153,0.033898305,58959,59,0.596435647,0.951612903,0.728395062,1,26.39,9.945781097,7.983089597,-36.28191355,293.4237288,768.6440678,0.967741935,2,1064,1087,0,0,0,0,0
911801,1068,0.130841121,0.102803738,0.065420561,0.018691589,0,0.037383178,0.46728972,0.607476636,0.056074766,0.121495327,0.009345794,0.009345794,0.757009346,0.140186916,0.130841121,0.08411215,0.018691589,0.056074766,0.23364486,0,0.214953271,0.112149533,0.252336449,0.177570093,0.168224299,0.23364486,0.056074766,4.785046729,0.028037383,0.074766355,59015,107,0.613196308,0.955357143,0.636904762,1,35.438,13.25353448,10.4693719,26.81357721,448.411215,767.0186916,0,0,0,0,0,0,0,0,0
911801,1069,0.23255814,0.151162791,0.197674419,0.011627907,0.034883721,0.069767442,0.779069767,0.837209302,0.034883721,0.127906977,0.046511628,0.011627907,1.058139535,0.127906977,0.093023256,0.093023256,0.034883721,0.034883721,0.244186047,0,0.26744186,0.046511628,0.430232558,0.139534884,0.255813953,0.418604651,0.011627907,4.313953488,0.034883721,0.046511628,59070,86,0.631389798,0.966292135,0.781818182,1,30.707,12.01089325,9.314034742,23.18205445,705.6162791,768.1860465,0.736842105,4,1071,1074,1079,1086,0,0,0
911801,1070,0.267175573,0.076335878,0.282442748,0.030534351,0.045801527,0.099236641,0.702290076,1.366412214,0.045801527,0.129770992,0.015267176,0.030534351,1.297709924,0.167938931,0.045801527,0.213740458,0.076335878,0.045801527,0.358778626,0.007633588,0.282442748,0.114503817,0.442748092,0.190839695,0.213740458,0.374045802,0.106870229,8.282442748,0.083969466,0.083969466,59125,131,0.639923978,0.935714286,0.682291667,1,40.218,14.92652417,11.47011171,1.718884126,28.46564885,771.0229008,0,0,0,0,0,0,0,0,0
911801,1071,0.26744186,0.058139535,0.127906977,0.058139535,0.023255814,0.046511628,0.755813953,1.23255814,0.058139535,0.220930233,0.023255814,0.023255814,1.930232558,0.127906977,0.046511628,0.139534884,0.023255814,0.034883721,0.279069767,0.011627907,0.174418605,0.081395349,0.302325581,0.220930233,0.220930233,0.197674419,0.058139535,4.290697674,0.023255814,0.046511628,59180,86,0.531637878,0.914893617,0.716666667,1,33.709,11.69819716,9.908042668,-2.483482291,695,769.3255814,0.775,4,1069,1076,1085,1086,0,0,0
911801,1072,0.273684211,0.189473684,0.178947368,0.042105263,0.010526316,0.031578947,0.768421053,1.431578947,0.010526316,0.178947368,0.042105263,0.021052632,0.736842105,0.147368421,0.084210526,0.157894737,0.084210526,0.021052632,0.273684211,0.010526316,0.231578947,0.084210526,0.473684211,0.221052632,0.210526316,0.210526316,0.073684211,6.357894737,0.063157895,0.105263158,59236,95,0.406561515,0.95959596,0.71969697,1,31.865,11.58688904,10.58605307,-16.89073629,328.6315789,770.3894737,0,0,0,0,0,0,0,0,0
911801,1073,0.132743363,0.079646018,0.159292035,0.008849558,0.008849558,0.053097345,0.460176991,0.787610619,0.017699115,0.150442478,0.017699115,0.017699115,1.097345133,0.17699115,0.053097345,0.10619469,0.026548673,0.008849558,0.150442478,0.008849558,0.221238938,0.14159292,0.283185841,0.17699115,0.097345133,0.265486726,0.044247788,5.955752212,0.07079646,0.079646018,59291,113,0.509933062,0.957627119,0.672619048,1,35.438,13.01578346,11.19636026,14.72770452,406.2831858,771.2654867,0,0,0,0,0,0,0,0,0
911801,1074,0.139240506,0.17721519,0.189873418,0,0.101265823,0.037974684,0.835443038,0.82278481,0,0.227848101,0.012658228,0.037974684,0.569620253,0.088607595,0.025316456,0.113924051,0.012658228,0.025316456,0.151898734,0.025316456,0.215189873,0.265822785,0.911392405,0.088607595,0.164556962,0.316455696,0.037974684,5.417721519,0.037974684,0.063291139,59346,79,0.641272189,0.908045977,0.658333333,1,30.269,11.67658247,8.959599151,-17.54773459,715.6708861,771.2531646,0.6,2,1069,1079,0,0,0,0,0
911801,1075,0.130841121,0.140186916,0.420560748,0.037383178,0.028037383,0.056074766,0.682242991,1.009345794,0.028037383,0.196261682,0.056074766,0.074766355,0.579439252,0.186915888,0.261682243,0.074766355,0.065420561,0.065420561,0.598130841,0,0.242990654,0.130841121,0.392523364,0.205607477,0.261682243,0.252336449,0.065420561,7.607476636,0.065420561,0.093457944,59401,107,0.585535725,0.938596491,0.748251748,1,34.751,13.0879642,10.60971372,-75.57453326,141.0841121,772.9158879,0,0,0,0,0,0,0,0,0
911801,1076,0.195121951,0.085365854,0.12195122,0.048780488,0.024390244,0.036585366,0.780487805,0.719512195,0.036585366,0.097560976,0.06097561,0.024390244,0.890243902,0.109756098,0.097560976,0.085365854,0.024390244,0,0.195121951,0,0.146341463,0.024390244,0.353658537,0.170731707,0.085365854,0.207317073,0.06097561,4.182926829,0.036585366,0.06097561,59457,82,0.846607617,0.872340426,0.569444444,1,35.115,14.72362595,7.836172431,34.97400014,685.7195122,774.3902439,0.659090909,3,1071,1085,1086,0,0,0,0
911801,1077,0.169811321,0.188679245,0.20754717,0.075471698,0,0.018867925,0.716981132,0.509433962,0.037735849,0.037735849,0,0.018867925,0.773584906,0.283018868,0,0.113207547,0.018867925,0.075471698,0.056603774,0.018867925,0.320754717,0.094339623,0.433962264,0.113207547,0.132075472,0.452830189,0.037735849,3.849056604,0.037735849,0.056603774,59512,53,0.585618061,0.883333333,0.654320988,1,25.373,9.451933396,7.661615511,1.235985501,12.16981132,776.1320755,0.466666667,1,1083,0,0,0,0,0,0
911801,1078,0.213675214,0.068376068,0.222222222,0.017094017,0.017094017,0.042735043,0.504273504,0.948717949,0.008547009,0.136752137,0.025641026,0.068376068,1.076923077,0.11965812,0.068376068,0.102564103,0.025641026,0.042735043,0.128205128,0.008547009,0.264957265,0.094017094,0.282051282,0.094017094,0.11965812,0.384615385,0.076923077,6.153846154,0.017094017,0.025641026,59567,117,0.48322004,0.951219512,0.696428571,1,36.645,13.22498696,11.57846206,9.931591509,47.34188034,776.0683761,0,0,0,0,0,0,0,0,0
911801,1079,0.070588235,0.152941176,0.094117647,0.023529412,0.023529412,0.058823529,0.447058824,0.811764706,0.023529412,0.294117647,0,0.058823529,0.388235294,0.141176471,0,0.082352941,0.070588235,0.011764706,0.258823529,0.011764706,0.2,0.082352941,0.423529412,0.188235294,0.129411765,0.317647059,0.023529412,4.858823529,0.035294118,0.082352941,59622,85,0.766139526,0.87628866,0.607142857,1,34.189,13.50218481,8.677506865,-12.30823433,709.8,776.6705882,1,5,1069,1074,1086,1089,1099,0,0
911801,1080,0.142857143,0.153061224,0.193877551,0.030612245,0.040816327,0.030612245,0.540816327,1.214285714,0.030612245,0.132653061,0.030612245,0.06122449,1.183673469,0.163265306,0.040816327,0.193877551,0.040816327,0.040816327,0.234693878,0,0.224489796,0.173469388,0.510204082,0.173469388,0.173469388,0.295918367,0.12244898,6.510204082,0.010204082,0.06122449,59678,98,0.58445412,0.942307692,0.680555556,1,33.643,12.52603636,10.16396106,49.03570826,104.5918367,778.1122449,0.139534884,1,1084,0,0,0,0,0,0
911801,1081,0.11627907,0.046511628,0.186046512,0.011627907,0.034883721,0.011627907,2.162790698,0.639534884,0.034883721,0.197674419,0.058139535,0.011627907,0.302325581,0.186046512,0.209302326,0.162790698,0.023255814,0.151162791,0.069767442,0.046511628,0.593023256,0.197674419,0.593023256,0.23255814,1.372093023,0.5,0.11627907,3.73255814,0.069767442,0.023255814,59733,86,0.840673929,0.895833333,0.558441558,1,36.075,14.75549997,7.990717622,-63.83950034,304.7790698,780.3837209,0.755555556,3,1064,1087,1092,0,0,0,0
911801,1082,0.198275862,0.103448276,0.112068966,0.060344828,0.025862069,0.017241379,1.560344828,0.862068966,0.025862069,0.137931034,0.034482759,0.051724138,2.344827586,0.112068966,0.103448276,0.129310345,0.00862069,0.025862069,0.094827586,0.017241379,0.24137931,0.086206897,1.215517241,0.146551724,0.25862069,0.24137931,0.060344828,4.534482759,0.025862069,0.051724138,59788,116,0.629232069,0.935483871,0.69047619,1,37.77,13.95900227,10.84918051,59.22379375,586.5862069,777.4396552,0,0,0,0,0,0,0,0,0
911801,1083,0.235294118,0.098039216,0.137254902,0.019607843,0.019607843,0.019607843,1.333333333,0.62745098,0.019607843,0.196078431,0,0.019607843,0.529411765,0.529411765,0.098039216,0.058823529,0.078431373,0.039215686,0.137254902,0.019607843,0.274509804,0.215686275,0.764705882,0.098039216,0.235294118,0.274509804,0,3.019607843,0.019607843,0,59844,51,0.876591399,0.894736842,0.662337662,1,26.117,12.07205525,5.809500452,-19.19669795,7.745098039,780.372549,0.875,2,1077,1093,0,0,0,0,0
911801,1084,0.293478261,0.173913043,0.173913043,0.02173913,0.02173913,0.02173913,0.663043478,1.119565217,0.065217391,0.184782609,0.043478261,0.141304348,1.282608696,0.163043478,0.043478261,0.206521739,0.02173913,0.010869565,0.195652174,0,0.282608696,0.097826087,0.684782609,0.152173913,0.217391304,0.369565217,0.076086957,7.130434783,0.054347826,0.206521739,59899,92,0.341118569,0.948453608,0.696969697,1,31.774,11.24045765,10.56625812,87.34409187,92.19565217,779.7173913,0.146341463,1,1080,0,0,0,0,0,0
911801,1085,0.152173913,0.086956522,0.217391304,0.065217391,0.043478261,0,0.695652174,0.717391304,0.02173913,0.282608696,0.086956522,0,1.282608696,0.02173913,0.086956522,0.02173913,0,0.02173913,0.326086957,0,0.347826087,0.02173913,1.108695652,0.152173913,0.130434783,0.282608696,0.130434783,4.5,0.130434783,0.065217391,59954,46,0.848369758,0.901960784,0.657142857,1,24.521,10.8340438,5.735587749,19.74158582,686.9565217,779.8913043,1,4,1071,1076,1086,1088,0,0,0
911801,1086,0.167938931,0.190839695,0.106870229,0.022900763,0.022900763,0.038167939,0.419847328,0.419847328,0.022900763,0.152671756,0.022900763,0.045801527,1.229007634,0.106870229,0.030534351,0.091603053,0.038167939,0.045801527,0.106870229,0.007633588,0.236641221,0.20610687,0.335877863,0.145038168,0.152671756,0.290076336,0.076335878,3.419847328,0.045801527,0.061068702,60009,131,0.41625214,0.942446043,0.775147929,1,39.126,13.69008057,12.44769517,27.30210802,697.8396947,778.8396947,1,7,1069,1071,1076,1079,1085,1088,1099
911801,1087,0.115183246,0.089005236,0.246073298,0.031413613,0,0.015706806,4.062827225,0.732984293,0.062827225,0.32460733,0.062827225,0.020942408,0.340314136,0.251308901,0.397905759,0.078534031,0.052356021,0.136125654,0.141361257,0.005235602,0.617801047,0.235602094,0.910994764,0.172774869,3.089005236,0.476439791,0.172774869,2.905759162,0.083769634,0.130890052,60065,191,0.828863115,0.77016129,0.606349206,1,68.651,22.7231768,12.71251444,76.42439628,294.8481675,782.3717277,0.678571429,5,1064,1067,1081,1092,1121,0,0
911801,1088,0.266055046,0.110091743,0.256880734,0.055045872,0.055045872,0.027522936,1.009174312,0.871559633,0.027522936,0.100917431,0.027522936,0.027522936,1.568807339,0.256880734,0.055045872,0.119266055,0.04587156,0.018348624,0.256880734,0.018348624,0.311926606,0.183486239,0.357798165,0.201834862,0.174311927,0.201834862,0.055045872,6.743119266,0.018348624,0.073394495,60120,109,0.724409559,0.947826087,0.698717949,1,35.694,14.30010784,9.858063205,48.17740093,687.6055046,787.8073394,0.413043478,2,1085,1086,0,0,0,0,0
911801,1089,0.159090909,0.113636364,0.204545455,0.034090909,0,0.056818182,0.659090909,1.227272727,0.011363636,0.170454545,0.011363636,0.045454545,0.590909091,0.113636364,0.022727273,0.113636364,0,0.045454545,0.204545455,0.011363636,0.261363636,0.102272727,0.545454545,0.193181818,0.272727273,0.238636364,0.079545455,7.522727273,0.034090909,0.113636364,60175,88,0.56648814,0.926315789,0.727272727,1,31.658,11.83353472,9.75165968,33.61914376,711.8522727,784.7727273,0.65,2,1079,1099,0,0,0,0,0
911801,1090,0.266129032,0.209677419,0.201612903,0.032258065,0.024193548,0.024193548,1.040322581,1.35483871,0.032258065,0.137096774,0.024193548,0.008064516,0.717741935,0.193548387,0.024193548,0.072580645,0.040322581,0.048387097,0.169354839,0,0.290322581,0.169354839,0.822580645,0.10483871,0.306451613,0.370967742,0.056451613,7.967741935,0.064516129,0.096774194,60230,124,0.748660265,0.939393939,0.704545455,1,38.787,15.62431949,10.35820276,82.27246496,537.3064516,784.1129032,0,0,0,0,0,0,0,0,0
911801,1091,0.165289256,0.074380165,0.157024793,0.033057851,0.016528926,0.05785124,0.454545455,0.892561983,0.041322314,0.066115702,0.033057851,0.041322314,0.768595041,0.099173554,0.066115702,0.198347107,0.024793388,0.024793388,0.132231405,0.008264463,0.181818182,0.090909091,0.26446281,0.132231405,0.181818182,0.181818182,0.090909091,5.371900826,0.049586777,0.066115702,60286,121,0.750166531,0.889705882,0.630208333,1,40.284,15.53272639,10.27099903,-26.49061824,804.5206612,786.6363636,0.3,1,1097,0,0,0,0,0,0
911801,1092,0.177777778,0.044444444,0.2,0.044444444,0.044444444,0.111111111,3.244444444,0.777777778,0.133333333,0.466666667,0.022222222,0.022222222,0.2,0.2,0.266666667,0.066666667,0.066666667,0.111111111,0.155555556,0,0.422222222,0.244444444,0.777777778,0.222222222,1.688888889,0.622222222,0.066666667,2.555555556,0.044444444,0.088888889,60341,45,0.478227828,0.849056604,0.625,1,23.967,8.614809494,7.565834224,0.346745233,300.0222222,788.2888889,0.896551724,3,1081,1087,1121,0,0,0,0
911801,1093,0.301204819,0.144578313,0.072289157,0.024096386,0.024096386,0.012048193,0.373493976,0.662650602,0.036144578,0.21686747,0,0,1.421686747,0.168674699,0.096385542,0.156626506,0.012048193,0.060240964,0.156626506,0.036144578,0.289156627,0.108433735,1.614457831,0.108433735,0.156626506,0.265060241,0.060240964,3.554216867,0.012048193,0.060240964,60396,83,0.801360116,0.864583333,0.638461538,1,34.164,13.89263565,8.310327586,-18.78324863,8.168674699,787,0.926829268,3,1083,1105,1112,0,0,0,0
911801,1094,0.100917431,0.082568807,0.165137615,0.055045872,0.018348624,0.064220183,0.550458716,1.100917431,0.009174312,0.128440367,0.027522936,0.04587156,0.678899083,0.229357798,0.055045872,0.119266055,0.064220183,0.04587156,0.23853211,0.009174312,0.165137615,0.100917431,0.449541284,0.119266055,0.247706422,0.119266055,0.073394495,5.568807339,0.027522936,0.091743119,60451,109,0.782340906,0.923728814,0.605555556,1,37.489,15.18800852,9.459858229,25.18775976,155.7155963,785.9541284,0.395833333,1,1106,0,0,0,0,0,0
911801,1095,0.235294118,0.141176471,0.329411765,0.058823529,0.052941176,0.058823529,0.711764706,1.488235294,0.023529412,0.217647059,0.029411765,0.023529412,1.117647059,0.211764706,0.035294118,0.288235294,0.041176471,0.052941176,0.164705882,0.011764706,0.335294118,0.1,0.476470588,0.252941176,0.217647059,0.276470588,0.035294118,6.958823529,0.041176471,0.082352941,60507,170,0.559801622,0.95505618,0.758928571,1,45.312,16.31723284,13.52089417,40.10464953,267.1117647,787.2529412,0.327272727,1,1120,0,0,0,0,0,0
911801,1096,0.285714286,0.087912088,0.131868132,0.054945055,0,0.010989011,0.582417582,0.824175824,0.021978022,0.153846154,0.021978022,0.010989011,1.274725275,0.175824176,0.043956044,0.032967033,0.021978022,0.010989011,0.153846154,0,0.285714286,0.142857143,0.263736264,0.241758242,0.087912088,0.32967033,0.065934066,5.252747253,0.021978022,0.054945055,60562,91,0.328667154,0.93814433,0.752066116,1,32.303,11.28172844,10.65498124,54.07233925,361.2087912,787.6923077,0.45,1,1101,0,0,0,0,0,0
911801,1097,0.068965517,0.086206897,0.137931034,0.060344828,0,0.060344828,0.422413793,0.672413793,0.025862069,0.146551724,0.034482759,0.017241379,0.931034483,0.146551724,0.00862069,0.068965517,0.025862069,0.034482759,0.181034483,0.017241379,0.206896552,0.086206897,0.25862069,0.181034483,0.077586207,0.284482759,0.034482759,4.017241379,0.043103448,0.051724138,60617,116,0.435567353,0.958677686,0.743589744,1,36.149,12.90599067,11.61740678,51.31947385,793.1206897,788.6982759,0.777777778,3,1091,1119,1125,0,0,0,0
911801,1098,0.216783217,0.055944056,0.174825175,0.034965035,0.027972028,0.083916084,0.468531469,1.237762238,0.076923077,0.202797203,0.027972028,0.020979021,0.741258741,0.153846154,0.146853147,0.188811189,0.06993007,0.013986014,0.342657343,0.006993007,0.258741259,0.216783217,0.461538462,0.174825175,0.286713287,0.433566434,0.104895105,8.111888112,0.062937063,0.111888112,60672,143,0.773831312,0.899371069,0.700980392,1,44.394,17.2096601,10.90045661,-86.76290979,60.63636364,788.6993007,0.545454545,3,1100,1122,1127,0,0,0,0
911801,1099,0.235294118,0.102941176,0.220588235,0.014705882,0.044117647,0.029411765,0.926470588,1.235294118,0,0.117647059,0.044117647,0.014705882,0.558823529,0.147058824,0.014705882,0.176470588,0,0,0.117647059,0,0.205882353,0.102941176,0.617647059,0.191176471,0.205882353,0.132352941,0.058823529,6.529411765,0.044117647,0.102941176,60728,68,0.617498771,0.918918919,0.68,1,28.656,10.88734327,8.563677687,-44.12258176,703.5,787.7941176,1,4,1079,1086,1089,1113,0,0,0
911801,1100,0.14516129,0.112903226,0.241935484,0.048387097,0,0.016129032,0.306451613,0.806451613,0,0.177419355,0.016129032,0.032258065,0.596774194,0.161290323,0.225806452,0.129032258,0.032258065,0.048387097,0.258064516,0,0.209677419,0.129032258,0.290322581,0.177419355,0.161290323,0.338709677,0.032258065,5.838709677,0.064516129,0.064516129,60783,62,0.776803574,0.911764706,0.626262626,1,28.648,11.88391344,7.483810939,-65.88939437,53.12903226,790.983871,0.972222222,5,1098,1108,1114,1126,1127,0,0
911801,1101,0.274285714,0.102857143,0.131428571,0.011428571,0.017142857,0.028571429,0.64,0.514285714,0.034285714,0.371428571,0.017142857,0.045714286,1.56,0.137142857,0.068571429,0.108571429,0.085714286,0.051428571,0.24,0.005714286,0.382857143,0.16,0.234285714,0.2,0.32,0.377142857,0.062857143,2.914285714,0.057142857,0.051428571,60838,175,0.749148276,0.916230366,0.648148148,1,48.248,18.66592678,12.3643536,62.14835982,369.9371429,792.1428571,0.31147541,1,1096,0,0,0,0,0,0
911801,1102,0.137254902,0.156862745,0.441176471,0.058823529,0.019607843,0.029411765,0.460784314,0.990196078,0.058823529,0.18627451,0.107843137,0.049019608,0.774509804,0.196078431,0.068627451,0.166666667,0.039215686,0.009803922,0.215686275,0,0.235294118,0.176470588,1.254901961,0.245098039,0.254901961,0.323529412,0.068627451,8.147058824,0.058823529,0.078431373,60893,102,0.712041683,0.944444444,0.653846154,1,34.586,13.72316022,9.63554123,49.18981752,399.745098,791.8039216,0,0,0,0,0,0,0,0,0
911801,1103,0.130952381,0.166666667,0.19047619,0.023809524,0.035714286,0.035714286,0.75,0.869047619,0.023809524,0.107142857,0.023809524,0.011904762,0.964285714,0.130952381,0,0.071428571,0.035714286,0.023809524,0.178571429,0,0.238095238,0.083333333,0.404761905,0.154761905,0.214285714,0.178571429,0.047619048,5.392857143,0.071428571,0.05952381,60949,84,0.624285667,0.954545455,0.636363636,1,31.03,11.81269007,9.228027868,32.16515307,501.3333333,790.9880952,0.475,1,1118,0,0,0,0,0,0
911801,1104,0.302631579,0.157894737,0.171052632,0.013157895,0.026315789,0.026315789,0.881578947,1.25,0.026315789,0.236842105,0.026315789,0.026315789,1.263157895,0.223684211,0.078947368,0.157894737,0.026315789,0.052631579,0.223684211,0,0.328947368,0.026315789,0.342105263,0.184210526,0.065789474,0.236842105,0.118421053,7.197368421,0.013157895,0.131578947,61004,76,0.505496786,0.962025316,0.690909091,1,30.062,10.84007006,9.353121261,-49.95101713,641.25,791.6710526,0.638888889,2,1110,1130,0,0,0,0,0
911801,1105,0.239130435,0.086956522,0.152173913,0.043478261,0.043478261,0.108695652,0.456521739,0.391304348,0.02173913,0.086956522,0,0,2.152173913,0.304347826,0.02173913,0.065217391,0.043478261,0.02173913,0.326086957,0,0.282608696,0.195652174,0.630434783,0.239130435,0.304347826,0.565217391,0.043478261,4.913043478,0.02173913,0.043478261,61059,46,0.696398097,0.884615385,0.657142857,1,24.521,9.613570571,6.899233632,-7.549141857,7.086956522,792.8043478,0.620689655,2,1093,1112,0,0,0,0,0
911801,1106,0.137096774,0.096774194,0.217741935,0.016129032,0.032258065,0.032258065,0.580645161,1.016129032,0.040322581,0.112903226,0.008064516,0.048387097,0.943548387,0.201612903,0.048387097,0.137096774,0.040322581,0.016129032,0.153225806,0.008064516,0.282258065,0.096774194,0.290322581,0.193548387,0.266129032,0.282258065,0.024193548,6.790322581,0.088709677,0.088709677,61114,124,0.483023718,0.932330827,0.681318681,1,38.878,13.69569955,11.99205407,-34.01871941,161.0806452,794.0725806,0.4,1,1094,0,0,0,0,0,0
911801,1107,0.244680851,0.095744681,0.180851064,0,0.021276596,0.021276596,0.563829787,0.904255319,0.021276596,0.138297872,0,0.053191489,0.617021277,0.138297872,0.031914894,0.14893617,0.042553191,0.010638298,0.138297872,0.010638298,0.212765957,0.085106383,0.64893617,0.127659574,0.180851064,0.287234043,0.010638298,6.234042553,0.031914894,0.053191489,61170,94,0.417240599,0.959183673,0.712121212,1,31.683,11.54965918,10.49628478,-9.115047428,422.393617,792.2340426,0,0,0,0,0,0,0,0,0
911801,1108,0.194915254,0.152542373,0.262711864,0.025423729,0.025423729,0.025423729,0.644067797,1.296610169,0.042372881,0.237288136,0.008474576,0.025423729,0.669491525,0.169491525,0.296610169,0.144067797,0.042372881,0.093220339,0.228813559,0,0.228813559,0.084745763,1.152542373,0.177966102,0.288135593,0.237288136,0.033898305,7.050847458,0.042372881,0.084745763,61225,118,0.854118,0.907692308,0.561904762,1,40.491,17.5522056,9.128538203,45.95399066,41.18644068,792.559322,0.481481481,3,1100,1114,1116,0,0,0,0
911801,1109,0.141666667,0.075,0.075,0.058333333,0.008333333,0.033333333,0.508333333,0.633333333,0.058333333,0.216666667,0.033333333,0.033333333,1.241666667,0.15,0.025,0.066666667,0.066666667,0.041666667,0.125,0,0.233333333,0.108333333,0.25,0.091666667,0.166666667,0.191666667,0.066666667,4,0.041666667,0.083333333,61280,120,0.543968527,0.96,0.710059172,1,36.455,13.5938617,11.40668575,51.62109327,443.275,792.8666667,0,0,0,0,0,0,0,0,0
911801,1110,0.378947368,0.2,0.221052632,0.073684211,0.010526316,0.031578947,1.421052632,1.263157895,0.042105263,0.284210526,0.010526316,0.073684211,0.578947368,0.178947368,0.031578947,0.136842105,0.094736842,0.031578947,0.378947368,0,0.305263158,0.315789474,0.726315789,0.210526316,0.378947368,0.389473684,0.052631579,8.884210526,0.063157895,0.094736842,61335,95,0.600074431,0.922330097,0.71969697,1,33.8,12.53933321,10.03076651,42.81991103,650.2210526,792.6,0.365853659,2,1104,1130,0,0,0,0,0
911801,1111,0.211382114,0.113821138,0.308943089,0.056910569,0.032520325,0.056910569,0.593495935,1.146341463,0.032520325,0.154471545,0.016260163,0.024390244,0.585365854,0.178861789,0.06504065,0.18699187,0.016260163,0,0.25203252,0.024390244,0.211382114,0.130081301,0.585365854,0.243902439,0.154471545,0.349593496,0.073170732,6.967479675,0.081300813,0.089430894,61391,123,0.66468861,0.946153846,0.745454545,1,37.745,14.58509284,10.89682195,85.01890453,772.9105691,794.2276423,0.29787234,1,1119,0,0,0,0,0,0
911801,1112,0.266304348,0.157608696,0.152173913,0.059782609,0,0.038043478,0.489130435,0.673913043,0.02173913,0.211956522,0.038043478,0.032608696,1.260869565,0.135869565,0.048913043,0.152173913,0.043478261,0.038043478,0.168478261,0.010869565,0.157608696,0.097826087,0.282608696,0.152173913,0.14673913,0.25,0.032608696,4.576086957,0.038043478,0.043478261,61446,184,0.681382109,0.924623116,0.645614035,1,49.092,18.15668613,13.28938479,72.66079803,19.75543478,794.7391304,0.290322581,3,1093,1105,1139,0,0,0,0
911801,1113,0.395061728,0.111111111,0.111111111,0.074074074,0.024691358,0.074074074,0.901234568,1.432098765,0.012345679,0.197530864,0.12345679,0.037037037,0.938271605,0.333333333,0.037037037,0.222222222,0.049382716,0,0.222222222,0,0.197530864,0.172839506,0.839506173,0.172839506,0.395061728,0.382716049,0.086419753,8.530864198,0.074074074,0.135802469,61501,81,0.661847303,0.920454545,0.669421488,1,31.658,12.05176402,9.034468447,-24.19052544,702.7160494,795.2345679,0.435897436,1,1099,0,0,0,0,0,0
911801,1114,0.242424242,0.060606061,0.181818182,0.060606061,0,0.060606061,0.484848485,1.363636364,0.060606061,0.242424242,0,0,0.696969697,0.333333333,0.393939394,0.03030303,0.03030303,0.060606061,0.303030303,0.03030303,0.242424242,0.121212121,0.545454545,0.393939394,0.303030303,0.242424242,0.03030303,6.212121212,0.090909091,0.060606061,61556,33,0.790259959,0.970588235,0.611111111,1,20.965,8.798559423,5.391508511,-29.83167415,49.48484848,795.0606061,1,5,1100,1108,1116,1126,1127,0,0
911801,1115,0.224719101,0.146067416,0.303370787,0.056179775,0.011235955,0.04494382,1.04494382,1.213483146,0.04494382,0.213483146,0.112359551,0.033707865,0.685393258,0.213483146,0.04494382,0.101123596,0.04494382,0.056179775,0.258426966,0.011235955,0.213483146,0.168539326,1.685393258,0.101123596,0.348314607,0.404494382,0.04494382,7.988764045,0.02247191,0.08988764,61612,89,0.491271111,0.956989247,0.741666667,1,31.104,11.47078054,9.991126867,73.6917291,177.4269663,794.752809,0,0,0,0,0,0,0,0,0
911801,1116,0.171428571,0.171428571,0.057142857,0,0,0.028571429,0.885714286,1.542857143,0,0.171428571,0.028571429,0.114285714,0.571428571,0.114285714,0.6,0.171428571,0,0.057142857,0.142857143,0.028571429,0.114285714,0.171428571,0.514285714,0.2,0.342857143,0.514285714,0.114285714,7.4,0.085714286,0.028571429,61667,35,0.89071286,0.875,0.555555556,1,21.916,10.29016428,4.677562814,60.07243231,43.74285714,798.1714286,1,3,1108,1114,1126,0,0,0,0
911801,1117,0.234567901,0.061728395,0.12345679,0.024691358,0,0.037037037,0.395061728,1.037037037,0.074074074,0.135802469,0.049382716,0.061728395,1.827160494,0.172839506,0.012345679,0.049382716,0.049382716,0.037037037,0.172839506,0.024691358,0.197530864,0.111111111,0.395061728,0.160493827,0.160493827,0.185185185,0.024691358,5.469135802,0.074074074,0.086419753,61722,81,0.690212278,0.931034483,0.75,1,30.525,12.03542916,8.708920131,-3.967118866,131.6296296,795.7037037,0.405405405,2,1129,1134,0,0,0,0,0
911801,1118,0.101265823,0.227848101,0.164556962,0.037974684,0.012658228,0.050632911,0.797468354,0.987341772,0.037974684,0.240506329,0.025316456,0.037974684,0.873417722,0.17721519,0.012658228,0.202531646,0.025316456,0.012658228,0.329113924,0,0.215189873,0.101265823,0.683544304,0.151898734,0.35443038,0.64556962,0.037974684,7.835443038,0.025316456,0.17721519,61778,79,0.819780788,0.840425532,0.512987013,1,35.314,14.22846952,8.148323621,29.15798438,507.9240506,794.6962025,0.886363636,3,1103,1123,1124,0,0,0,0
911801,1119,0.098360656,0.106557377,0.213114754,0.024590164,0.016393443,0.057377049,0.590163934,0.860655738,0.090163934,0.262295082,0.016393443,0.032786885,0.983606557,0.090163934,0.049180328,0.12295082,0.008196721,0.057377049,0.278688525,0,0.303278689,0.106557377,0.860655738,0.106557377,0.262295082,0.270491803,0.049180328,5,0.073770492,0.057377049,61833,122,0.325941598,0.960629921,0.782051282,1,37.166,12.98975809,12.28038619,-10.21347871,783.6393443,796.1557377,0.934782609,5,1097,1111,1125,1132,1136,0,0
911801,1120,0.226890756,0.042016807,0.260504202,0.042016807,0.025210084,0.050420168,0.647058824,0.974789916,0.050420168,0.210084034,0.016806723,0.008403361,0.932773109,0.168067227,0.050420168,0.151260504,0.058823529,0.016806723,0.159663866,0.016806723,0.210084034,0.092436975,0.722689076,0.109243697,0.294117647,0.25210084,0.050420168,6.840336134,0.008403361,0.075630252,61888,119,0.819866525,0.915384615,0.676136364,1,39.432,16.53166581,9.465282916,-19.14735253,264.6302521,798.2352941,0.36,1,1095,0,0,0,0,0,0
911801,1121,0.202380952,0.154761905,0.214285714,0.047619048,0.023809524,0.047619048,1.654761905,0.630952381,0.095238095,0.273809524,0.023809524,0.011904762,0.416666667,0.202380952,0.095238095,0.035714286,0.047619048,0.047619048,0.297619048,0.023809524,0.380952381,0.214285714,0.797619048,0.178571429,1,0.416666667,0.035714286,3.904761905,0.05952381,0.023809524,61943,84,0.713185106,0.943820225,0.7,1,31.377,12.49917845,8.761621018,36.20262833,294.1666667,797.1309524,0.384615385,2,1087,1092,0,0,0,0,0
911801,1122,0.1875,0.0625,0.25,0.0625,0.104166667,0.104166667,0.854166667,1.541666667,0.041666667,0.229166667,0,0.041666667,0.395833333,0.145833333,0.145833333,0.125,0.0625,0.0625,0.375,0,0.333333333,0.104166667,0.375,0.145833333,0.291666667,0.166666667,0.041666667,6.625,0.020833333,0.125,61999,48,0.636712635,0.905660377,0.666666667,1,23.694,9.25540569,7.13685419,-0.515606335,64.35416667,799.0625,0.827586207,2,1098,1127,0,0,0,0,0
911801,1123,0.133333333,0.144444444,0.255555556,0.055555556,0.011111111,0.055555556,0.555555556,1.155555556,0.066666667,0.177777778,0.033333333,0.011111111,0.466666667,0.255555556,0.011111111,0.133333333,0.033333333,0.022222222,0.355555556,0.011111111,0.277777778,0.277777778,1.2,0.1,0.444444444,0.7,0.133333333,10.45555556,0.077777778,0.2,62054,90,0.749575661,0.873786408,0.576923077,1,36.331,13.86022964,9.174344791,21.01870213,510.9888889,800.7222222,0.681818182,2,1118,1124,0,0,0,0,0
911801,1124,0.157303371,0.08988764,0.191011236,0.033707865,0,0.06741573,0.685393258,0.91011236,0.011235955,0.202247191,0.011235955,0.06741573,0.528089888,0.146067416,0.056179775,0.101123596,0.011235955,0.078651685,0.101123596,0,0.101123596,0.06741573,0.303370787,0.168539326,0.224719101,0.213483146,0.033707865,5.393258427,0.02247191,0.078651685,62109,89,0.556865058,0.917525773,0.73553719,1,32.394,11.89689997,9.881600542,-54.49432145,520.8988764,799.2696629,0.384615385,2,1118,1123,0,0,0,0,0
911801,1125,0.099009901,0.069306931,0.118811881,0.01980198,0.03960396,0.03960396,0.495049505,0.792079208,0.02970297,0.247524752,0.059405941,0.059405941,0.683168317,0.089108911,0.069306931,0.158415842,0.02970297,0.00990099,0.188118812,0,0.287128713,0.178217822,0.752475248,0.099009901,0.178217822,0.326732673,0.089108911,4.623762376,0.069306931,0.089108911,62164,101,0.655851499,0.952830189,0.776923077,1,33.8,13.17205165,9.943449196,-86.60477251,795.0792079,800.6435644,0.714285714,4,1097,1119,1136,1143,0,0,0
911801,1126,0.203389831,0.169491525,0.237288136,0.06779661,0.033898305,0.084745763,0.881355932,1.644067797,0.06779661,0.101694915,0.033898305,0.050847458,0.508474576,0.254237288,0.254237288,0.203389831,0.016949153,0.06779661,0.237288136,0.016949153,0.305084746,0.118644068,0.983050847,0.220338983,0.101694915,0.389830508,0.050847458,7.728813559,0.169491525,0.118644068,62220,59,0.848108392,0.867647059,0.546296296,1,29.326,12.27217432,6.50207725,40.16852373,47.40677966,801.7457627,0.916666667,5,1100,1114,1116,1127,1145,0,0
911801,1127,0.326923077,0.105769231,0.211538462,0.038461538,0.009615385,0.038461538,0.721153846,1.057692308,0.057692308,0.144230769,0.067307692,0.028846154,1.105769231,0.211538462,0.019230769,0.163461538,0.019230769,0.057692308,0.192307692,0,0.163461538,0.057692308,0.442307692,0.259615385,0.144230769,0.298076923,0.115384615,6.836538462,0.028846154,0.038461538,62275,104,0.736182868,0.896551724,0.577777778,1,38.316,14.74976648,9.982386367,-19.46102948,57.375,802.3653846,1,6,1098,1100,1114,1122,1126,1140,0
911801,1128,0.204918033,0.213114754,0.12295082,0.024590164,0.024590164,0.040983607,0.598360656,0.991803279,0.032786885,0.06557377,0.049180328,0.016393443,0.401639344,0.155737705,0.032786885,0.06557377,0.049180328,0.057377049,0.245901639,0.008196721,0.180327869,0.106557377,0.393442623,0.155737705,0.147540984,0.278688525,0.032786885,7.114754098,0.040983607,0.06557377,62330,122,0.642270298,0.953125,0.677777778,1,37.679,14.39765795,11.03549125,17.11412892,741.5655738,801.6721311,0,0,0,0,0,0,0,0,0
911801,1129,0.26,0.1,0.16,0.02,0.08,0.04,0.5,0.48,0,0.18,0.12,0,1.56,0.14,0.02,0.12,0.02,0.04,0.22,0,0.24,0.18,2.06,0.12,0.16,0.42,0.04,3.98,0.04,0.02,62385,50,0.779526494,0.943396226,0.649350649,1,26.134,10.53746349,6.600343167,-1.293877908,131.16,802.28,1,3,1117,1133,1134,0,0,0,0
911801,1130,0.252873563,0.114942529,0.275862069,0.034482759,0.045977011,0.068965517,0.643678161,1.229885057,0.011494253,0.16091954,0.034482759,0.068965517,0.75862069,0.149425287,0.011494253,0.195402299,0.057471264,0.011494253,0.172413793,0,0.252873563,0.218390805,0.597701149,0.149425287,0.390804598,0.425287356,0.103448276,9.24137931,0.091954023,0.08045977,62441,87,0.736418746,0.966666667,0.659090909,1,32.51,13.11278766,8.871141798,44.92466568,637.7816092,801.5517241,0.761904762,3,1104,1110,1142,0,0,0,0
911801,1131,0.077586207,0.189655172,0.198275862,0.017241379,0.00862069,0.025862069,0.75862069,1.155172414,0.043103448,0.094827586,0.043103448,0.043103448,0.870689655,0.172413793,0.103448276,0.155172414,0.025862069,0.00862069,0.198275862,0.00862069,0.206896552,0.086206897,0.405172414,0.163793103,0.103448276,0.25,0.025862069,5.879310345,0.034482759,0.051724138,62496,116,0.394312,0.928,0.686390533,1,37.588,12.88159378,11.83788364,-81.38922774,484.1465517,805.7241379,0,0,0,0,0,0,0,0,0
911801,1132,0.173333333,0.146666667,0.24,0.026666667,0.04,0.04,0.64,0.866666667,0.04,0.146666667,0.013333333,0.013333333,0.493333333,0.133333333,0.066666667,0.173333333,0.026666667,0.026666667,0.333333333,0.013333333,0.16,0.106666667,0.92,0.213333333,0.106666667,0.32,0.04,6.746666667,0.013333333,0.053333333,62551,75,0.783323643,0.961538462,0.625,1,31.005,12.59940212,7.831965812,43.54707343,780.2266667,806,0.657894737,2,1119,1136,0,0,0,0,0
911801,1133,0.177419355,0.129032258,0.096774194,0.048387097,0.016129032,0.080645161,0.612903226,0.612903226,0,0.290322581,0.016129032,0.048387097,1.64516129,0.241935484,0.032258065,0.080645161,0.032258065,0.048387097,0.274193548,0.016129032,0.306451613,0.129032258,0.387096774,0.419354839,0.209677419,0.209677419,0.032258065,4.935483871,0.016129032,0.032258065,62606,62,0.716789561,0.953846154,0.688888889,1,26.787,10.83454861,7.55481759,-45,128.0483871,808.0483871,0.636363636,2,1129,1134,0,0,0,0,0
911801,1135,0.149068323,0.161490683,0.130434783,0.02484472,0.01863354,0.01242236,0.683229814,1.062111801,0.01863354,0.217391304,0.02484472,0.02484472,1.043478261,0.142857143,0.614906832,0.093167702,0.043478261,0.02484472,0.50310559,0.00621118,0.236024845,0.105590062,0.708074534,0.136645963,0.211180124,0.590062112,0.074534161,5.223602484,0.049689441,0.043478261,62717,161,0.726738185,0.914772727,0.688034188,1,46.197,17.60748105,12.09483507,6.794745184,652.826087,807.8012422,0.237288136,1,1142,0,0,0,0,0,0
911801,1136,0.188405797,0.072463768,0.246376812,0.014492754,0.043478261,0.028985507,0.84057971,1.072463768,0,0.144927536,0.028985507,0.043478261,0.869565217,0.15942029,0.014492754,0.115942029,0.014492754,0.014492754,0.217391304,0,0.289855072,0.101449275,0.260869565,0.173913043,0.289855072,0.347826087,0.014492754,7.246376812,0.086956522,0.043478261,62772,69,0.736044583,0.884615385,0.570247934,1,29.624,11.79207671,7.982446599,54.67578214,787.3478261,807.2608696,0.736842105,3,1119,1125,1132,0,0,0,0
911801,1137,0.164383562,0.095890411,0.287671233,0.01369863,0,0.054794521,0.397260274,0.684931507,0.01369863,0.205479452,0.04109589,0.01369863,1.246575342,0.095890411,0.02739726,0.068493151,0.02739726,0.02739726,0.232876712,0,0.232876712,0.150684932,0.397260274,0.123287671,0.205479452,0.191780822,0.068493151,5.123287671,0.01369863,0.01369863,62827,73,0.702842524,0.890243902,0.675925926,1,31.559,11.96158651,8.508820448,-4.201357213,544.9863014,808.5616438,0.513513514,1,1146,0,0,0,0,0,0
911801,1138,0.145833333,0.104166667,0.197916667,0.041666667,0.020833333,0.03125,0.395833333,0.833333333,0,0.21875,0.03125,0.020833333,0.583333333,0.114583333,0.020833333,0.052083333,0.020833333,0.010416667,0.25,0,0.229166667,0.083333333,0.322916667,0.135416667,0.104166667,0.28125,0.052083333,5.1875,0.041666667,0.052083333,62883,96,0.588443139,0.914285714,0.666666667,1,33.453,12.41318895,10.03654246,-58.26585045,590.3958333,809.5208333,0.452380952,1,1141,0,0,0,0,0,0
911801,1139,0.217391304,0.086956522,0.27826087,0.043478261,0.017391304,0.052173913,0.652173913,1.130434783,0.026086957,0.226086957,0.017391304,0.043478261,0.72173913,0.217391304,0.043478261,0.156521739,0.026086957,0.017391304,0.2,0,0.173913043,0.130434783,0.643478261,0.182608696,0.217391304,0.434782609,0.043478261,6.626086957,0.069565217,0.07826087,62938,115,0.713395847,0.92,0.696969697,1,37.381,14.58529569,10.22081041,1.344395839,19.79130435,810.9478261,0.127659574,1,1112,0,0,0,0,0,0
911801,1141,0.171641791,0.082089552,0.23880597,0.037313433,0.007462687,0.014925373,0.425373134,0.902985075,0.029850746,0.104477612,0.029850746,0.037313433,0.664179104,0.111940299,0,0.134328358,0.014925373,0.014925373,0.141791045,0.02238806,0.149253731,0.126865672,0.253731343,0.246268657,0.164179104,0.253731343,0.059701493,5.268656716,0.029850746,0.074626866,63048,134,0.673466153,0.905405405,0.644230769,1,42.517,15.57997422,11.51699833,-33.43048051,581.3358209,813.2014925,0.339622642,1,1138,0,0,0,0,0,0
911801,1142,0.237762238,0.132867133,0.258741259,0.062937063,0,0.034965035,0.846153846,1.188811189,0,0.181818182,0.020979021,0.027972028,1.083916084,0.167832168,0.160839161,0.13986014,0.055944056,0.020979021,0.48951049,0.006993007,0.195804196,0.083916084,0.482517483,0.181818182,0.265734266,0.188811189,0.097902098,7.881118881,0.062937063,0.132867133,63104,143,0.759556154,0.83625731,0.595833333,1,48.174,17.33029417,11.27234659,29.24141973,637.5804196,811.1818182,0.491803279,2,1130,1135,0,0,0,0,0
911801,1143,0.140186916,0.074766355,0.345794393,0.028037383,0.009345794,0.046728972,0.607476636,1.037383178,0.018691589,0.168224299,0.028037383,0.056074766,0.85046729,0.214953271,0.065420561,0.130841121,0.009345794,0.065420561,0.23364486,0,0.23364486,0.14953271,0.299065421,0.177570093,0.205607477,0.336448598,0.056074766,7.607476636,0.065420561,0.093457944,63159,107,0.805640202,0.938596491,0.636904762,1,36.273,15.32968428,9.081383947,33.05356149,802.317757,810.2149533,0.104166667,1,1125,0,0,0,0,0,0
911801,1144,0.256756757,0.189189189,0.189189189,0.013513514,0.027027027,0,0.716216216,0.702702703,0.013513514,0.162162162,0.027027027,0.013513514,0.351351351,0.175675676,0.013513514,0.162162162,0.013513514,0.027027027,0.175675676,0,0.243243243,0.040540541,0.310810811,0.135135135,0.162162162,0.472972973,0.081081081,5.72972973,0.067567568,0.027027027,63214,74,0.529861259,0.925,0.672727273,1,29.508,10.67896143,9.056659944,-62.90681646,732.1216216,812.6621622,0.527777778,1,1149,0,0,0,0,0,0
911801,1145,0.35483871,0.129032258,0.161290323,0.032258065,0.016129032,0.064516129,0.822580645,1.040322581,0.032258065,0.201612903,0.032258065,0.016129032,1.129032258,0.177419355,0.048387097,0.14516129,0.040322581,0.032258065,0.266129032,0.008064516,0.266129032,0.129032258,0.451612903,0.10483871,0.129032258,0.322580645,0.056451613,7.427419355,0.040322581,0.056451613,63269,124,0.664870113,0.96875,0.688888889,1,38.506,14.74116163,11.0110432,-16.1414127,43.73387097,813.9032258,0.265306122,2,1126,1140,0,0,0,0,0
911801,1146,0.197183099,0.183098592,0.161971831,0.049295775,0.014084507,0.056338028,0.61971831,0.943661972,0.021126761,0.225352113,0.021126761,0.014084507,1.042253521,0.091549296,0.042253521,0.105633803,0.056338028,0.063380282,0.225352113,0.007042254,0.253521127,0.112676056,0.338028169,0.176056338,0.183098592,0.23943662,0.063380282,4.915492958,0.042253521,0.049295775,63325,142,0.708377649,0.904458599,0.642533937,1,44.874,16.53476299,11.6707917,-3.346032141,543.9366197,816.5492958,0.385964912,1,1137,0,0,0,0,0,0
911801,1147,0.319148936,0.127659574,0.170212766,0.053191489,0.031914894,0.042553191,0.840425532,1,0.063829787,0.14893617,0.010638298,0.031914894,0.744680851,0.20212766,0.021276596,0.106382979,0.010638298,0.031914894,0.191489362,0.010638298,0.265957447,0.159574468,0.382978723,0.223404255,0.180851064,0.255319149,0.074468085,6.925531915,0.106382979,0.053191489,63380,94,0.817816598,0.912621359,0.602564103,1,35.231,14.83782692,8.538856928,52.62344989,458.9148936,817.5851064,0.47826087,1,1153,0,0,0,0,0,0
911801,1148,0.188679245,0.103773585,0.160377358,0.009433962,0.009433962,0.037735849,1.08490566,0.764150943,0.066037736,0.179245283,0.018867925,0,0.443396226,0.132075472,0.754716981,0.160377358,0.028301887,0.056603774,0.650943396,0.009433962,0.20754717,0.160377358,0.745283019,0.103773585,0.396226415,0.547169811,0.028301887,5.405660377,0.113207547,0.066037736,63435,106,0.669103938,0.913793103,0.630952381,1,36.637,13.77200335,10.23492371,24.77673415,98.97169811,816.9811321,0.311111111,1,1160,0,0,0,0,0,0
911801,1149,0.150793651,0.174603175,0.317460317,0.015873016,0.031746032,0.03968254,0.579365079,0.857142857,0.031746032,0.253968254,0.047619048,0.055555556,0.492063492,0.095238095,0.015873016,0.158730159,0.023809524,0.023809524,0.214285714,0.015873016,0.412698413,0.111111111,0.674603175,0.119047619,0.253968254,0.492063492,0.03968254,6.253968254,0.103174603,0.055555556,63490,126,0.565522318,0.818181818,0.6,1,44.568,14.96874288,12.3452161,-74.11347371,727.015873,819.7142857,0.777777778,3,1144,1154,1171,0,0,0,0
911801,1150,0.268907563,0.18487395,0.159663866,0.033613445,0.008403361,0.092436975,0.798319328,1.445378151,0.042016807,0.12605042,0.025210084,0.016806723,1.378151261,0.142857143,0.058823529,0.201680672,0.016806723,0.050420168,0.193277311,0.016806723,0.142857143,0.067226891,0.605042017,0.159663866,0.302521008,0.31092437,0.067226891,7.260504202,0.025210084,0.100840336,63546,119,0.811100299,0.9296875,0.61025641,1,39.73,16.30657055,9.53782875,39.65043556,281.3781513,817.605042,0.4,2,1151,1165,0,0,0,0,0
911801,1151,0.152941176,0.047058824,0.058823529,0.047058824,0.011764706,0.023529412,1.011764706,0.647058824,0.011764706,0.188235294,0.035294118,0.058823529,0.376470588,0.105882353,0.105882353,0.082352941,0.047058824,0.117647059,0.105882353,0,0.258823529,0.129411765,0.188235294,0.082352941,0.458823529,0.247058824,0.070588235,3.976470588,0.047058824,0.023529412,63601,85,0.630843985,0.894736842,0.643939394,1,31.683,12.07703527,9.370688849,33.83097777,290.3882353,819.9882353,0.571428571,2,1150,1165,0,0,0,0,0
911801,1152,0.26119403,0.141791045,0.21641791,0.014925373,0.007462687,0.074626866,0.820895522,1.388059701,0.044776119,0.186567164,0.02238806,0.014925373,0.731343284,0.246268657,0.014925373,0.126865672,0.074626866,0.029850746,0.156716418,0,0.21641791,0.104477612,0.723880597,0.149253731,0.156716418,0.425373134,0.044776119,7.059701493,0.089552239,0.044776119,63656,134,0.697787271,0.930555556,0.638095238,1,40.036,15.64613262,11.20740381,-33.28841778,184.7313433,819.5,0.333333333,1,1156,0,0,0,0,0,0
911801,1153,0.23,0.14,0.22,0.04,0,0,0.39,0.87,0.03,0.14,0.04,0.03,0.73,0.08,0.03,0.16,0.02,0.02,0.13,0,0.15,0.08,0.33,0.18,0.17,0.33,0.05,5.13,0.07,0.05,63712,100,0.706332798,0.943396226,0.595238095,1,35.248,13.57423761,9.608930216,57.01956869,465.49,821.64,0.444444444,1,1147,0,0,0,0,0,0
911801,1154,0.341463415,0.195121951,0.243902439,0.036585366,0,0.024390244,1.085365854,1.024390244,0.024390244,0.231707317,0.036585366,0.036585366,0.585365854,0.170731707,0.024390244,0.109756098,0.06097561,0.036585366,0.195121951,0,0.304878049,0.06097561,0.390243902,0.207317073,0.243902439,0.329268293,0.06097561,8.134146341,0.073170732,0.085365854,63767,82,0.653728011,0.987951807,0.683333333,1,31.278,12.03027414,9.10366454,60.39304027,718.3780488,820.1341463,0.5,1,1149,0,0,0,0,0,0
911801,1155,0.216216216,0.108108108,0.189189189,0.009009009,0.027027027,0.009009009,0.702702703,0.954954955,0.081081081,0.171171171,0.018018018,0.009009009,0.792792793,0.18018018,0.036036036,0.054054054,0.045045045,0.018018018,0.189189189,0,0.117117117,0.126126126,0.423423423,0.153153153,0.324324324,0.378378378,0.072072072,6.234234234,0.072072072,0.081081081,63822,111,0.340244573,0.925,0.711538462,1,36.918,12.48902991,11.74389663,50.80850776,263.3063063,823.2162162,0.347826087,1,1168,0,0,0,0,0,0
911801,1156,0.290322581,0.247311828,0.376344086,0.043010753,0.021505376,0.107526882,0.430107527,1.215053763,0.043010753,0.193548387,0.032258065,0.053763441,0.591397849,0.161290323,0.053763441,0.23655914,0.053763441,0,0.23655914,0.032258065,0.311827957,0.139784946,0.806451613,0.096774194,0.247311828,0.569892473,0.086021505,9.247311828,0.064516129,0.182795699,63877,93,0.719441805,0.920792079,0.596153846,1,34.495,13.24046984,9.196204422,-42.71043117,178.1612903,826.4086022,0.720930233,2,1152,1161,0,0,0,0,0
911801,1157,0.221428571,0.057142857,0.242857143,0.05,0.014285714,0.064285714,0.685714286,1.528571429,0.014285714,0.185714286,0.035714286,0.057142857,0.885714286,0.264285714,0.05,0.1,0.05,0.028571429,0.257142857,0,0.335714286,0.157142857,0.442857143,0.171428571,0.2,0.221428571,0.071428571,7.207142857,0.064285714,0.1,63933,140,0.867999073,0.880503145,0.514705882,1,46.305,19.75619566,9.810251398,40.55519176,149.6928571,828.1142857,0.383333333,2,1176,1184,0,0,0,0,0
911801,1158,0.122222222,0.111111111,0.155555556,0.044444444,0.011111111,0.1,0.577777778,1.1,0.022222222,0.2,0.033333333,0.077777778,0.7,0.244444444,0.022222222,0.155555556,0.022222222,0.011111111,0.244444444,0.011111111,0.244444444,0.055555556,0.288888889,0.177777778,0.2,0.255555556,0.122222222,5.155555556,0.033333333,0.122222222,63988,90,0.585775713,0.957446809,0.75,1,31.84,12.01277995,9.736036253,2.18261147,812.8444444,825.1,0.461538462,1,1172,0,0,0,0,0,0
911801,1159,0.099236641,0.106870229,0.13740458,0.083969466,0.030534351,0,0.679389313,1.519083969,0.007633588,0.167938931,0.022900763,0.038167939,0.816793893,0.145038168,0.06870229,0.175572519,0.053435115,0.06870229,0.221374046,0,0.167938931,0.099236641,0.290076336,0.129770992,0.167938931,0.259541985,0.06870229,6.900763359,0.061068702,0.106870229,64043,131,0.750958503,0.922535211,0.642156863,1,41.69,16.12421612,10.6476164,17.98700678,691.1145038,827.3053435,0,0,0,0,0,0,0,0,0
911801,1160,0.191176471,0.058823529,0.264705882,0.044117647,0.014705882,0.029411765,0.617647059,1.102941176,0.044117647,0.323529412,0.022058824,0.058823529,0.720588235,0.117647059,0.205882353,0.147058824,0.044117647,0.073529412,0.345588235,0.022058824,0.227941176,0.110294118,0.411764706,0.235294118,0.169117647,0.308823529,0.080882353,6.955882353,0.102941176,0.073529412,64098,136,0.689149989,0.964539007,0.755555556,1,40.259,15.61319293,11.31361191,12.90831432,93.63235294,827.1544118,0.265306122,1,1148,0,0,0,0,0,0
911801,1161,0.141176471,0.094117647,0.223529412,0.047058824,0.070588235,0.047058824,0.411764706,0.929411765,0.047058824,0.164705882,0.058823529,0.070588235,0.494117647,0.141176471,0.023529412,0.164705882,0,0.035294118,0.341176471,0,0.2,0.035294118,0.341176471,0.141176471,0.164705882,0.329411765,0.023529412,7.6,0.082352941,0.164705882,64154,85,0.62164033,0.944444444,0.653846154,1,31.774,11.93878206,9.351681603,18.580076,167.9176471,827.5176471,0.35,1,1156,0,0,0,0,0,0
911801,1162,0.142857143,0.104761905,0.095238095,0.047619048,0.019047619,0.028571429,0.733333333,0.638095238,0.057142857,0.180952381,0,0.028571429,0.780952381,0.123809524,0.038095238,0.123809524,0.028571429,0.019047619,0.171428571,0.00952381,0.152380952,0.161904762,0.314285714,0.095238095,0.19047619,0.238095238,0.047619048,5.371428571,0.047619048,0.057142857,64209,105,0.688853127,0.9375,0.621301775,1,35.438,13.70898199,9.937653891,41.52295691,612.7904762,826.9333333,0,0,0,0,0,0,0,0,0
911801,1163,0.27027027,0.054054054,0.22972973,0.054054054,0,0.040540541,1.581081081,1.175675676,0.013513514,0.202702703,0.027027027,0.027027027,0.864864865,0.243243243,0.175675676,0.202702703,0.067567568,0.040540541,0.175675676,0,0.243243243,0.108108108,0.702702703,0.162162162,0.567567568,0.486486486,0.067567568,5.175675676,0.081081081,0.135135135,64264,74,0.755369055,0.902439024,0.632478632,1,31.468,12.30422451,8.062953631,11.03026067,13.62162162,827.8918919,0.540540541,1,1169,0,0,0,0,0,0
911801,1164,0.138297872,0.063829787,0.223404255,0.042553191,0.053191489,0.042553191,0.606382979,0.872340426,0.127659574,0.20212766,0.010638298,0.021276596,0.553191489,0.127659574,0.085106383,0.117021277,0.042553191,0.010638298,0.170212766,0.021276596,0.20212766,0.063829787,0.234042553,0.159574468,0.255319149,0.382978723,0.074468085,4.734042553,0.127659574,0.074468085,64319,94,0.721137723,0.94,0.657342657,1,32.998,13.25729343,9.184543281,28.00384959,313.2659574,829.9042553,0.186046512,1,1179,0,0,0,0,0,0
911801,1165,0.271028037,0.102803738,0.23364486,0.065420561,0.046728972,0.056074766,0.644859813,1.140186916,0.018691589,0.112149533,0.028037383,0.046728972,0.990654206,0.121495327,0.08411215,0.08411215,0.037383178,0.056074766,0.289719626,0,0.168224299,0.08411215,0.485981308,0.158878505,0.186915888,0.308411215,0.065420561,6.598130841,0.037383178,0.074766355,64375,107,0.683602428,0.946902655,0.685897436,1,35.322,13.8702599,10.12327283,42.21595501,283.3457944,829.8971963,0.391304348,4,1150,1151,1173,1186,0,0,0
911801,1166,0.353535354,0.111111111,0.262626263,0.060606061,0.080808081,0.01010101,0.949494949,1.393939394,0.04040404,0.212121212,0.03030303,0.070707071,1.070707071,0.191919192,0.060606061,0.222222222,0.03030303,0.111111111,0.191919192,0.02020202,0.363636364,0.161616162,0.666666667,0.242424242,0.191919192,0.515151515,0.090909091,10.12121212,0.070707071,0.111111111,64430,99,0.467407182,0.961165049,0.75,1,32.419,12.00085804,10.60926436,60.99733474,208.020202,832.7777778,0,0,0,0,0,0,0,0,0
911801,1167,0.260416667,0.104166667,0.302083333,0.03125,0.010416667,0.09375,0.645833333,1.09375,0.020833333,0.1875,0.052083333,0.041666667,0.677083333,0.1875,0.010416667,0.145833333,0.041666667,0.03125,0.208333333,0,0.229166667,0.135416667,0.291666667,0.125,0.1875,0.197916667,0.03125,6.302083333,0.010416667,0.104166667,64485,96,0.614819179,0.941176471,0.615384615,1,33.85,12.62572243,9.957504557,-30.20260243,246.1041667,830.78125,0,0,0,0,0,0,0,0,0
911801,1168,0.281818182,0.009090909,0.227272727,0.063636364,0.018181818,0.072727273,1.154545455,1.118181818,0.018181818,0.281818182,0.045454545,0.045454545,0.845454545,0.281818182,0.072727273,0.190909091,0.072727273,0.054545455,0.218181818,0.027272727,0.3,0.118181818,0.918181818,0.190909091,0.5,0.5,0.118181818,9.363636364,0.1,0.118181818,64540,110,0.383927897,0.964912281,0.763888889,1,34.842,12.444116,11.49043723,51.78627415,266.4090909,833.0727273,0.340909091,1,1155,0,0,0,0,0,0
911801,1169,0.285714286,0.102040816,0.132653061,0.020408163,0.010204082,0.010204082,0.510204082,0.704081633,0.020408163,0.316326531,0.040816327,0.030612245,1.795918367,0.12244898,0.102040816,0.091836735,0.010204082,0.040816327,0.153061224,0,0.357142857,0.142857143,0.428571429,0.102040816,0.295918367,0.224489796,0.020408163,3.979591837,0.010204082,0.030612245,64596,98,0.803337698,0.859649123,0.593939394,1,38.2,15.24522657,9.078894574,-4.523169533,16.59183673,834.5306122,0.673913043,2,1163,1185,0,0,0,0,0
911801,1170,0.24742268,0.051546392,0.329896907,0.010309278,0.020618557,0.010309278,0.793814433,1.072164948,0.020618557,0.268041237,0.041237113,0.030927835,0.927835052,0.237113402,0.092783505,0.226804124,0.041237113,0.092783505,0.268041237,0,0.206185567,0.092783505,0.536082474,0.18556701,0.154639175,0.195876289,0.06185567,6.402061856,0.030927835,0.06185567,64651,97,0.40865838,0.941747573,0.734848485,1,34.999,12.02741494,10.97727032,44.74591444,430.7010309,833.2680412,0.428571429,1,1177,0,0,0,0,0,0
911801,1171,0.215053763,0.053763441,0.075268817,0.021505376,0.010752688,0.021505376,0.548387097,0.419354839,0.043010753,0.107526882,0.010752688,0.021505376,1.806451613,0.129032258,0.086021505,0.096774194,0.021505376,0.021505376,0.161290323,0,0.182795699,0.086021505,0.23655914,0.150537634,0.11827957,0.23655914,0.107526882,3.623655914,0.064516129,0.010752688,64706,93,0.243094639,0.96875,0.704545455,1,32.047,11.21761485,10.8811153,-5.188119932,727.2473118,833.5698925,0.404761905,2,1149,1181,0,0,0,0,0
911801,1172,0.147286822,0.100775194,0.23255814,0.046511628,0.023255814,0.046511628,0.720930233,1.255813953,0.031007752,0.294573643,0.007751938,0.023255814,1.108527132,0.209302326,0.100775194,0.147286822,0.03875969,0.046511628,0.248062016,0.007751938,0.310077519,0.100775194,0.589147287,0.209302326,0.255813953,0.263565891,0.031007752,5.875968992,0.062015504,0.11627907,64761,129,0.573549067,0.895833333,0.708791209,1,42.054,14.60272038,11.9621281,-10.23987729,810.3875969,833.9612403,0.7,2,1158,1183,0,0,0,0,0
911801,1173,0.288659794,0.072164948,0.113402062,0.041237113,0,0.092783505,8.257731959,0.721649485,0.092783505,0.216494845,0.041237113,0.051546392,0.567010309,0.18556701,0.216494845,0.082474227,0.041237113,0.113402062,0.113402062,0.020618557,0.474226804,0.237113402,1.329896907,0.154639175,3.597938144,0.515463918,0.072164948,2.979381443,0.072164948,0.030927835,64817,97,0.527867068,0.923809524,0.621794872,1,34.305,12.23261428,10.38948963,35.14180785,297.0824742,832.2474227,0.355555556,2,1165,1186,0,0,0,0,0
911801,1174,0.387096774,0.096774194,0.306451613,0.032258065,0.032258065,0.048387097,0.64516129,1.435483871,0.016129032,0.241935484,0.064516129,0.032258065,0.774193548,0.306451613,0.032258065,0.193548387,0.032258065,0.177419355,0.274193548,0.032258065,0.338709677,0.112903226,0.870967742,0.322580645,0.112903226,0.451612903,0.080645161,10.03225806,0.048387097,0.016129032,64872,62,0.648582425,0.925373134,0.688888889,1,26.696,10.30399518,7.842828496,-39.59898384,37.03225806,834.5,0.40625,1,1185,0,0,0,0,0,0
911801,1175,0.147368421,0.052631579,0.336842105,0.052631579,0.021052632,0.042105263,0.768421053,1.252631579,0.042105263,0.263157895,0.031578947,0.021052632,1.694736842,0.189473684,0.021052632,0.2,0.042105263,0.052631579,0.189473684,0.021052632,0.263157895,0.147368421,0.484210526,0.168421053,0.221052632,0.252631579,0.063157895,8.642105263,0.094736842,0.105263158,64927,95,0.702890581,0.940594059,0.730769231,1,33.643,13.1333231,9.341706331,18.12884131,113.1368421,835.6631579,0,0,0,0,0,0,0,0,0
911801,1176,0.136986301,0.109589041,0.273972603,0.082191781,0.01369863,0.054794521,0.698630137,1.287671233,0.054794521,0.150684932,0,0.01369863,0.767123288,0.410958904,0.068493151,0.095890411,0.02739726,0.02739726,0.123287671,0,0.356164384,0.150684932,0.616438356,0.219178082,0.328767123,0.219178082,0.082191781,5.273972603,0.082191781,0.054794521,64982,73,0.633260256,0.960526316,0.663636364,1,29.409,11.17295375,8.647183735,35.03046573,149.5205479,836.9041096,0.5,1,1157,0,0,0,0,0,0
911801,1177,0.469135802,0.209876543,0.234567901,0.037037037,0.012345679,0.061728395,1,1.432098765,0.061728395,0.111111111,0.037037037,0.024691358,1.617283951,0.185185185,0.061728395,0.160493827,0.012345679,0.012345679,0.098765432,0,0.209876543,0.222222222,0.37037037,0.148148148,0.197530864,0.271604938,0.061728395,7.382716049,0.061728395,0.086419753,65038,81,0.623687311,0.861702128,0.613636364,1,32.791,11.96011777,9.348912298,52.05710009,438.8148148,835.1604938,0.487804878,1,1170,0,0,0,0,0,0
911801,1178,0.221311475,0.139344262,0.147540984,0.008196721,0.016393443,0.090163934,0.942622951,1.303278689,0.081967213,0.114754098,0.040983607,0.073770492,1.057377049,0.163934426,0.049180328,0.139344262,0.049180328,0.016393443,0.172131148,0,0.245901639,0.139344262,0.426229508,0.163934426,0.131147541,0.229508197,0.032786885,6.483606557,0.057377049,0.131147541,65093,122,0.527761627,0.93129771,0.721893491,1,38.117,13.72849894,11.6608844,-51.7011133,509.6311475,836.0819672,0,0,0,0,0,0,0,0,0
911801,1179,0.19,0.11,0.18,0.1,0.05,0.05,1.09,1.49,0.04,0.12,0.01,0.04,1.06,0.28,0.05,0.15,0.06,0.04,0.26,0,0.18,0.12,0.51,0.35,0.31,0.25,0.08,8.39,0.02,0.07,65148,100,0.769405162,0.943396226,0.641025641,1,34.404,14.2576404,9.107225539,40.99517208,320.93,837.23,0.173913043,1,1164,0,0,0,0,0,0
911801,1180,0.234567901,0.197530864,0.172839506,0.086419753,0.037037037,0.049382716,0.75308642,1.037037037,0.049382716,0.197530864,0.037037037,0.037037037,1.740740741,0.12345679,0.061728395,0.086419753,0.012345679,0.061728395,0.172839506,0.012345679,0.283950617,0.086419753,0.481481481,0.135802469,0.098765432,0.222222222,0.061728395,5.333333333,0.086419753,0.098765432,65203,81,0.554530792,0.91011236,0.613636364,1,31.766,11.492992,9.564045068,-14.87713409,579.0864198,836.5679012,0,0,0,0,0,0,0,0,0
911801,1181,0.316455696,0.101265823,0.189873418,0.063291139,0.025316456,0.012658228,0.544303797,0.784810127,0.063291139,0.151898734,0.025316456,0.037974684,1.227848101,0.17721519,0.075949367,0.101265823,0.139240506,0,0.227848101,0,0.329113924,0.063291139,0.455696203,0.063291139,0.151898734,0.278481013,0.025316456,4.101265823,0.050632911,0.037974684,65259,79,0.513078249,0.951807229,0.718181818,1,28.772,10.92038711,9.373425144,59.31643238,735.4556962,837.278481,0.421052632,1,1171,0,0,0,0,0,0
911801,1182,0.245454545,0.1,0.172727273,0.036363636,0.018181818,0.045454545,0.536363636,0.645454545,0.036363636,0.190909091,0,0.018181818,2.145454545,0.145454545,0.045454545,0.118181818,0.054545455,0.036363636,0.063636364,0.018181818,0.281818182,0.109090909,0.345454545,0.236363636,0.118181818,0.2,0.081818182,3.890909091,0.036363636,0.063636364,65314,110,0.917688577,0.866141732,0.497737557,1,45.073,19.35572337,7.690038298,57.29767512,789.9363636,836.2636364,0.339285714,1,1183,0,0,0,0,0,0
911801,1183,0.142857143,0.087301587,0.142857143,0.023809524,0.015873016,0.055555556,0.611111111,0.547619048,0.015873016,0.261904762,0.031746032,0.031746032,1.595238095,0.222222222,0.031746032,0.111111111,0.031746032,0.055555556,0.142857143,0,0.373015873,0.126984127,0.19047619,0.198412698,0.126984127,0.436507937,0.071428571,4.246031746,0.023809524,0.055555556,65369,126,0.805770708,0.919708029,0.65625,1,42.906,16.68800835,9.883099631,-61.16632938,800.2539683,836.8571429,0.698113208,2,1172,1182,0,0,0,0,0
911801,1184,0.133333333,0.144444444,0.155555556,0.011111111,0.011111111,0.055555556,0.422222222,0.788888889,0.011111111,0.166666667,0.011111111,0.011111111,0.488888889,0.088888889,0.044444444,0.1,0.055555556,0.033333333,0.233333333,0,0.222222222,0.166666667,0.211111111,0.088888889,0.177777778,0.155555556,0.055555556,4.466666667,0.022222222,0.1,65424,90,0.32841135,0.909090909,0.681818182,1,32.882,11.25296535,10.62881736,-33.32671309,135.9333333,838.3777778,0.146341463,1,1157,0,0,0,0,0,0
911801,1185,0.301886792,0.160377358,0.349056604,0.047169811,0.037735849,0.08490566,0.603773585,1.424528302,0.047169811,0.169811321,0.028301887,0,1.056603774,0.179245283,0.113207547,0.160377358,0.028301887,0.047169811,0.169811321,0,0.320754717,0.056603774,0.41509434,0.132075472,0.216981132,0.301886792,0.056603774,7.330188679,0.037735849,0.132075472,65480,106,0.423787325,0.946428571,0.679487179,1,34.685,12.36026043,11.19545081,23.21391984,28.72641509,838.6603774,0.543478261,2,1169,1174,0,0,0,0,0
911801,1186,0.233766234,0.038961039,0.233766234,0.090909091,0,0.064935065,0.61038961,0.701298701,0.025974026,0.090909091,0.025974026,0.038961039,1.818181818,0.12987013,0.090909091,0.090909091,0,0.064935065,0.246753247,0.025974026,0.181818182,0.090909091,0.311688312,0.207792208,0.25974026,0.298701299,0.064935065,5.519480519,0.051948052,0.116883117,65535,77,0.531795021,0.9625,0.7,1,28.681,10.86332266,9.199855789,31.81278056,290.038961,839.6493506,0.447368421,2,1165,1173,0,0,0,0,0
