ImageId,CellId,Cell_141Pr_AQP4,Cell_143Nd_SQSTM1,Cell_145Nd_UBQLN2,Cell_147Sm_Glutaminase,Cell_149Sm_C9orf72,Cell_150Nd_PDL1,Cell_151Eu_MAP2,Cell_152Sm_ATXN2,Cell_153Eu_ORF1,Cell_154Sm_pTDP43,Cell_155Gd_FoxP3,Cell_156Gd_CH24H,Cell_158Gd_GFAP,Cell_159Tb_IL6ST,Cell_160Gd_IBA1,Cell_161Dy_CX3CR1,Cell_162Dy_pTBK1,Cell_163Dy_CD4,Cell_164Dy_TMEM119,Cell_165Ho_PD1,Cell_166Er_GAD67,Cell_167Er_CD8,Cell_168Er_FUS,Cell_169Tm_ChAT,Cell_170Er_APOE,Cell_171Yb_TREM2,Cell_172Yb_PDL2,Cell_174Yb_MHCclassII,Cell_175Lu_TDP43,Cell_176Yb_TBK1,Cell_4_ALS_M_FrontalCrtx_240424_1_cellmasked,Area,Eccentricity,Solidity,Extent,EulerNumber,Perimeter,MajorAxisLength,MinorAxisLength,Orientation,X_position,Y_position,Percent_Touching,Number_Neighbors,neighbour_4_CellId1,neighbour_4_CellId2,neighbour_4_CellId3,neighbour_4_CellId4,neighbour_4_CellId5,neighbour_4_CellId6,neighbour_4_CellId7
622708,1,0.636363636,0.12987013,0.493506494,0.220779221,0.038961039,0.064935065,1.12987013,1.311688312,0,0.337662338,0.077922078,0.025974026,2.298701299,0.246753247,0.064935065,0.311688312,0,0.116883117,0.168831169,0,0.25974026,0.090909091,0.961038961,0.194805195,0.623376623,0.714285714,0.077922078,9.818181818,0.116883117,0.103896104,57,77,0.839059322,0.905882353,0.6875,1,32.485,13.97550091,7.603230654,-8.198514102,140.1948052,6.506493506,0,0,0,0,0,0,0,0,0
622708,2,0.701492537,0.089552239,0.626865672,0.194029851,0,0.074626866,0.880597015,1.388059701,0.029850746,0.298507463,0.029850746,0.044776119,2.388059701,0.343283582,0.029850746,0.208955224,0.014925373,0.014925373,0.373134328,0,0.388059701,0.313432836,1.044776119,0.194029851,0.880597015,0.641791045,0.029850746,13.07462687,0.074626866,0.179104478,114,67,0.510350093,0.930555556,0.676767677,1,28.565,10.175201,8.750334362,-11.97816878,240.6567164,6.388059701,0,0,0,0,0,0,0,0,0
622708,3,1.425,0.15,0.2875,0.1125,0.025,0.0625,1.175,1.3,0.05,0.3,0.0625,0.05,10.7875,0.4625,0.125,0.25,0.0375,0.1,0.275,0.0125,0.525,0.1625,0.6,0.3125,1.1125,0.675,0.1,13.3125,0.075,0.05,171,80,0.668818265,0.975609756,0.740740741,1,29.508,11.7852871,8.761488147,11.26204889,596.775,6.75,0,0,0,0,0,0,0,0,0
622708,4,0.520661157,0.140495868,0.760330579,0.115702479,0.016528926,0.107438017,1.231404959,1.438016529,0.033057851,0.289256198,0.074380165,0.033057851,1.917355372,0.20661157,1.107438017,0.247933884,0.05785124,0.123966942,0.892561983,0,0.26446281,0.157024793,3.223140496,0.132231405,0.694214876,0.595041322,0.082644628,9.685950413,0.024793388,0.181818182,228,121,0.479160248,0.937984496,0.720238095,1,37.199,13.3624801,11.72861544,80.45408668,626.3884298,8.355371901,0.3125,1,13,0,0,0,0,0,0
622708,5,1.438202247,0.191011236,0.685393258,0.157303371,0.011235955,0.056179775,2.04494382,2.438202247,0.011235955,0.505617978,0.06741573,0.02247191,4.382022472,0.382022472,0.056179775,0.438202247,0.04494382,0.134831461,0.382022472,0,0.550561798,0.157303371,1.101123596,0.438202247,1.808988764,0.95505618,0.123595506,13.84269663,0.06741573,0.202247191,285,89,0.566545021,0.946808511,0.73553719,1,31.013,11.80135854,9.724682774,48.4960354,446.0449438,8.101123596,0,0,0,0,0,0,0,0,0
622708,6,0.809917355,0.090909091,0.834710744,0.173553719,0.008264463,0.049586777,1.388429752,1.727272727,0.05785124,0.231404959,0.024793388,0.024793388,4.148760331,0.247933884,0.041322314,0.280991736,0.041322314,0.082644628,0.454545455,0,0.388429752,0.132231405,0.611570248,0.289256198,1.066115702,0.611570248,0.123966942,11.09917355,0.049586777,0.148760331,342,121,0.618838688,0.96031746,0.733333333,1,37.009,14.08769353,11.06613819,-4.785606683,770.0413223,7.842975207,0,0,0,0,0,0,0,0,0
622708,7,0.67816092,0.137931034,0.83908046,0.149425287,0.057471264,0.08045977,1.206896552,1.356321839,0.045977011,0.218390805,0.057471264,0.068965517,2.298850575,0.252873563,0.402298851,0.379310345,0.045977011,0.057471264,0.448275862,0,0.367816092,0.149425287,2.022988506,0.298850575,0.931034483,0.747126437,0.137931034,11.82758621,0.08045977,0.126436782,399,87,0.823504953,0.896907216,0.69047619,1,34.445,14.32789154,8.128342981,-24.27527387,104.8505747,7.977011494,0.5,2,11,16,0,0,0,0,0
622708,8,0.875,0.221153846,1.067307692,0.259615385,0.019230769,0.076923077,1.355769231,1.778846154,0.028846154,0.490384615,0.057692308,0.048076923,3.326923077,0.25,2.730769231,0.173076923,0.028846154,0.125,1.480769231,0.009615385,0.355769231,0.288461538,1.586538462,0.230769231,1.057692308,0.759615385,0.067307692,15.39423077,0.086538462,0.192307692,455,104,0.550282592,0.936936937,0.666666667,1,34.958,12.72580233,10.62577114,27.75900175,791.1442308,9.625,0,0,0,0,0,0,0,0,0
622708,9,0.778481013,0.126582278,0.291139241,0.120253165,0.056962025,0.056962025,0.917721519,1.588607595,0.044303797,0.221518987,0.056962025,0.012658228,4.297468354,0.246835443,0.107594937,0.208860759,0.037974684,0.063291139,0.379746835,0.012658228,0.335443038,0.196202532,1.037974684,0.196202532,1.803797468,0.569620253,0.113924051,12.74683544,0.044303797,0.082278481,512,158,0.398101218,0.94047619,0.752380952,1,44.204,14.9469479,13.71145554,0.065339726,215.2974684,9.753164557,0,0,0,0,0,0,0,0,0
622708,10,0.492857143,0.092857143,0.892857143,0.128571429,0.021428571,0.042857143,1.3,1.978571429,0.035714286,0.535714286,0.078571429,0,2.592857143,0.442857143,0.128571429,0.385714286,0.085714286,0.057142857,0.421428571,0.021428571,0.428571429,0.242857143,2.835714286,0.178571429,1.921428571,0.864285714,0.142857143,16.08571429,0.042857143,0.164285714,569,140,0.654812026,0.939597315,0.673076923,1,41.227,15.50404599,11.71783048,-18.56822995,364.3142857,11.33571429,0.320754717,1,21,0,0,0,0,0,0
622708,11,1.234042553,0.127659574,0.468085106,0.106382979,0.021276596,0.085106383,0.680851064,1.234042553,0.021276596,0.29787234,0.042553191,0.085106383,3.574468085,0.212765957,0.14893617,0.191489362,0.063829787,0.042553191,0.468085106,0,0.255319149,0.170212766,3.765957447,0.170212766,0.638297872,0.829787234,0.042553191,9.319148936,0.063829787,0.063829787,626,47,0.704029478,0.979166667,0.734375,1,21.825,9.270644113,6.58374028,46.43266208,98.63829787,12.38297872,0.821428571,2,7,16,0,0,0,0,0
622708,12,0.454545455,0.172727273,0.954545455,0.136363636,0.036363636,0.072727273,0.854545455,1.236363636,0.063636364,0.309090909,0.063636364,0.072727273,3.509090909,0.3,0.090909091,0.218181818,0.036363636,0.063636364,0.363636364,0.009090909,0.327272727,0.127272727,1.245454545,0.281818182,0.527272727,0.718181818,0.072727273,10.74545455,0.072727273,0.109090909,683,110,0.630564912,0.94017094,0.714285714,1,35.694,13.55749138,10.52246413,-13.56069671,516.2545455,11.94545455,0,0,0,0,0,0,0,0,0
622708,13,0.894736842,0.18128655,0.812865497,0.169590643,0.023391813,0.040935673,1.035087719,1.81871345,0.023391813,0.286549708,0.029239766,0.029239766,2.736842105,0.233918129,0.970760234,0.339181287,0.046783626,0.081871345,0.50877193,0.005847953,0.339181287,0.263157895,9.777777778,0.222222222,0.666666667,0.754385965,0.099415205,11.49122807,0.087719298,0.116959064,740,171,0.676312647,0.909574468,0.718487395,1,47.876,17.4662341,12.86588464,14.2286998,639.2748538,11.60233918,0.25,1,4,0,0,0,0,0,0
622708,14,0.54,0.16,0.94,0.22,0.02,0.08,0.9,1.88,0.02,0.26,0.02,0.04,2.18,0.24,0.02,0.48,0.02,0.06,0.22,0,0.22,0.18,5.42,0.16,0.62,0.74,0.1,9.92,0.04,0.08,797,50,0.515943417,0.909090909,0.555555556,1,24.844,9.011114264,7.719124716,36.21976161,261.6,12.74,0.806451613,2,17,18,0,0,0,0,0
622708,15,0.198113208,0.179245283,0.981132075,0.122641509,0,0.047169811,0.339622642,1.047169811,0.018867925,0.160377358,0.075471698,0.037735849,0.839622642,0.169811321,1.358490566,0.160377358,0.028301887,0.056603774,0.858490566,0,0.160377358,0.254716981,10.17924528,0.132075472,0.443396226,0.452830189,0.037735849,7.433962264,0.056603774,0.103773585,854,106,0.668333427,0.954954955,0.679487179,1,34.958,13.58119509,10.10253271,37.77003404,424.6415094,12.6509434,0,0,0,0,0,0,0,0,0
622708,16,0.766233766,0.103896104,0.454545455,0.12987013,0.038961039,0.051948052,0.844155844,1.168831169,0.025974026,0.350649351,0.038961039,0.012987013,2.090909091,0.207792208,0.584415584,0.350649351,0.064935065,0.090909091,0.545454545,0,0.324675325,0.324675325,9.441558442,0.233766234,0.818181818,0.623376623,0.090909091,9.311688312,0.051948052,0.103896104,911,77,0.805906609,0.927710843,0.658119658,1,30.732,13.06042883,7.732331311,24.75536317,103.5584416,16.83116883,0.564102564,2,7,11,0,0,0,0,0
622708,17,0.833333333,0.097222222,0.680555556,0.152777778,0.055555556,0.027777778,0.763888889,1.305555556,0.013888889,0.222222222,0.069444444,0.125,1.833333333,0.194444444,0.055555556,0.263888889,0.069444444,0.041666667,0.361111111,0,0.291666667,0.180555556,2.347222222,0.194444444,0.541666667,0.458333333,0.111111111,9.972222222,0.055555556,0.041666667,968,72,0.803720598,0.923076923,0.6,1,30.732,12.66009105,7.532841405,-62.70520239,257.4027778,18.69444444,0.578947368,2,14,18,0,0,0,0,0
622708,18,0.411764706,0.132352941,0.823529412,0.161764706,0.014705882,0.058823529,0.779411765,1.544117647,0.029411765,0.220588235,0.058823529,0.014705882,2,0.147058824,0.058823529,0.352941176,0.044117647,0.029411765,0.397058824,0.014705882,0.323529412,0.073529412,1.838235294,0.191176471,0.676470588,0.529411765,0.088235294,8.676470588,0.073529412,0.161764706,1025,68,0.827619408,0.918918919,0.62962963,1,29.045,12.65055985,7.100628813,57.83684052,265.9264706,17.41176471,0.594594595,2,14,17,0,0,0,0,0
622708,19,0.547368421,0.094736842,0.557894737,0.063157895,0.021052632,0.084210526,1.115789474,1.4,0.073684211,0.4,0.031578947,0.073684211,2.6,0.210526316,0.578947368,0.273684211,0.042105263,0.073684211,0.484210526,0.010526316,0.347368421,0.157894737,7.105263158,0.231578947,0.8,0.726315789,0.094736842,9.473684211,0.042105263,0.136842105,1082,95,0.579492534,0.95,0.664335664,1,32.998,12.3369827,10.05436391,-22.87100766,488.2526316,19.30526316,0.139534884,1,24,0,0,0,0,0,0
622708,20,0.391666667,0.091666667,0.7,0.15,0,0.1,0.866666667,1.125,0.033333333,0.2,0.041666667,0.041666667,1.758333333,0.2,0.441666667,0.266666667,0.041666667,0.025,0.433333333,0,0.233333333,0.233333333,2.208333333,0.166666667,0.641666667,0.608333333,0.083333333,10.19166667,0.125,0.175,1139,120,0.434217459,0.967741935,0.769230769,1,36.248,13.10331362,11.80357079,-5.020678996,243.0333333,22.95833333,0,0,0,0,0,0,0,0,0
622708,21,0.721518987,0.170886076,0.443037975,0.126582278,0.012658228,0.094936709,0.892405063,1.537974684,0.056962025,0.411392405,0.025316456,0.03164557,2.715189873,0.32278481,0.075949367,0.284810127,0.025316456,0.025316456,0.303797468,0.006329114,0.392405063,0.183544304,4.803797468,0.284810127,1.253164557,0.886075949,0.069620253,13.5443038,0.082278481,0.107594937,1196,158,0.627959025,0.94047619,0.714932127,1,44.204,16.25530526,12.65063284,-89.92951349,368.3797468,23.64556962,0.290909091,1,10,0,0,0,0,0,0
622708,22,1.421052632,0.231578947,0.526315789,0.189473684,0.021052632,0.094736842,1.136842105,2.473684211,0.042105263,0.547368421,0.084210526,0.031578947,4.421052632,0.294736842,0.073684211,0.273684211,0.010526316,0.084210526,0.305263158,0.010526316,0.463157895,0.284210526,0.547368421,0.347368421,0.726315789,0.8,0.157894737,11.16842105,0.063157895,0.073684211,1253,95,0.516090771,0.95959596,0.71969697,1,32.7,12.04331554,10.31550799,-15.57206493,71.05263158,25.73684211,0.166666667,1,35,0,0,0,0,0,0
622708,23,1.431818182,0.193181818,0.397727273,0.181818182,0.022727273,0.022727273,1.738636364,1.647727273,0.022727273,0.454545455,0.068181818,0.056818182,3.863636364,0.340909091,0.113636364,0.215909091,0.056818182,0.045454545,0.284090909,0.011363636,0.409090909,0.090909091,0.488636364,0.261363636,1.397727273,0.556818182,0.079545455,9.875,0.068181818,0.193181818,1310,88,0.120188604,0.956521739,0.727272727,1,30.459,10.69692677,10.61938557,-45,110.7272727,29.27272727,0,0,0,0,0,0,0,0,0
622708,24,0.87150838,0.094972067,0.312849162,0.100558659,0.027932961,0.044692737,0.759776536,1.670391061,0.039106145,0.324022346,0.044692737,0.078212291,9.474860335,0.424581006,0.094972067,0.368715084,0.067039106,0.05027933,0.290502793,0.022346369,0.558659218,0.156424581,0.659217877,0.212290503,1.463687151,0.916201117,0.117318436,13.4972067,0.072625698,0.111731844,1366,179,0.808192981,0.947089947,0.639285714,1,49.199,20.10904601,11.84257393,17.76930481,497.0335196,30.29608939,0.25,2,19,34,0,0,0,0,0
622708,25,1.217391304,0.086956522,0.47826087,0.12173913,0.017391304,0.052173913,0.808695652,1.634782609,0.026086957,0.356521739,0.069565217,0.052173913,6.026086957,0.243478261,0.07826087,0.243478261,0.07826087,0.060869565,0.226086957,0.008695652,0.417391304,0.208695652,5.730434783,0.295652174,0.904347826,0.608695652,0.060869565,10.91304348,0.069565217,0.113043478,1423,115,0.802211683,0.942622951,0.71875,1,38.299,15.8589588,9.468428175,14.7479787,142.3130435,30.26086957,0.446808511,1,32,0,0,0,0,0,0
622708,26,0.462025316,0.17721519,0.82278481,0.170886076,0.025316456,0.037974684,1.310126582,1.867088608,0.050632911,0.443037975,0.044303797,0.088607595,1.816455696,0.360759494,0.037974684,0.259493671,0.03164557,0.03164557,0.424050633,0.018987342,0.411392405,0.164556962,1.512658228,0.272151899,0.835443038,0.746835443,0.132911392,12.60126582,0.069620253,0.189873418,1480,158,0.832622896,0.951807229,0.755980861,1,46.073,19.18442109,10.62510614,13.86609846,637.6772152,29.74050633,0,0,0,0,0,0,0,0,0
622708,27,1.328947368,0.052631579,0.236842105,0.118421053,0.013157895,0.092105263,0.921052632,1.960526316,0.052631579,0.342105263,0.026315789,0.078947368,6.855263158,0.302631579,0.118421053,0.473684211,0.013157895,0.013157895,0.223684211,0,0.473684211,0.065789474,1.565789474,0.276315789,1.078947368,0.513157895,0.092105263,9.105263158,0.026315789,0.078947368,1537,76,0.849533452,0.926829268,0.575757576,1,31.584,13.77615097,7.267398376,38.97584903,40.23684211,31.11842105,0.585365854,2,28,31,0,0,0,0,0
622708,28,0.576923077,0.144230769,0.173076923,0.125,0.048076923,0.076923077,0.990384615,1.125,0.057692308,0.269230769,0.019230769,0.057692308,6.663461538,0.230769231,0.067307692,0.269230769,0.028846154,0.028846154,0.201923077,0,0.269230769,0.298076923,8.855769231,0.192307692,1.048076923,0.471153846,0.086538462,10.73076923,0.038461538,0.192307692,1594,104,0.642207404,0.928571429,0.727272727,1,35.231,13.27176517,10.17321835,61.90651608,49.79807692,32.18269231,0.444444444,2,27,31,0,0,0,0,0
622708,29,1.255319149,0.156028369,0.70212766,0.19858156,0.04964539,0.063829787,2.964539007,1.90070922,0.021276596,0.475177305,0.028368794,0.04964539,6.617021277,0.390070922,0.588652482,0.34751773,0.04964539,0.120567376,0.602836879,0.014184397,0.574468085,0.163120567,3.567375887,0.276595745,3.205673759,0.815602837,0.070921986,15.60283688,0.09929078,0.14893617,1651,141,0.763026927,0.946308725,0.754010695,1,41.756,16.77178691,10.84072452,1.690885381,596.6950355,32.4751773,0,0,0,0,0,0,0,0,0
622708,30,1.045454545,0.090909091,0.795454545,0.329545455,0.022727273,0.102272727,1.329545455,1.988636364,0,0.386363636,0.068181818,0.034090909,3.079545455,0.193181818,0.068181818,0.272727273,0.034090909,0.034090909,0.465909091,0.022727273,0.340909091,0.204545455,0.670454545,0.261363636,0.943181818,0.738636364,0.136363636,13.94318182,0.045454545,0.113636364,1708,88,0.449621782,0.956521739,0.727272727,1,30.459,11.27070343,10.0672069,46.31886394,693.7272727,33.97727273,0.35,1,43,0,0,0,0,0,0
622708,31,0.777777778,0.185185185,0.12962963,0.092592593,0.018518519,0.074074074,0.703703704,1.333333333,0.018518519,0.296296296,0.037037037,0.055555556,5.722222222,0.277777778,0.055555556,0.240740741,0.037037037,0.092592593,0.240740741,0.037037037,0.648148148,0.148148148,1.259259259,0.314814815,0.611111111,0.62962963,0.037037037,6.185185185,0.111111111,0.166666667,1765,54,0.759205635,0.870967742,0.545454545,1,28.102,10.93626662,7.11787822,20.97886114,41.22222222,37.64814815,0.735294118,3,27,28,47,0,0,0,0
622708,32,1.042735043,0.145299145,0.564102564,0.076923077,0.051282051,0.094017094,1,1.128205128,0.034188034,0.401709402,0.025641026,0.025641026,7.222222222,0.316239316,0.11965812,0.256410256,0.05982906,0.076923077,0.162393162,0.025641026,0.341880342,0.188034188,0.478632479,0.256410256,0.717948718,0.495726496,0.102564103,10.16239316,0.042735043,0.11965812,1822,117,0.798772823,0.879699248,0.596938776,1,40.102,16.4160984,9.876462588,46.37188108,150.2905983,34.41025641,0.461538462,1,25,0,0,0,0,0,0
622708,33,0.369230769,0.138461538,1.323076923,0.115384615,0.046153846,0.038461538,0.876923077,1.2,0.053846154,0.307692308,0.053846154,0.046153846,1.892307692,0.384615385,0.023076923,0.292307692,0.038461538,0.015384615,0.515384615,0.007692308,0.323076923,0.184615385,4.823076923,0.3,0.707692308,0.592307692,0.115384615,12.31538462,0.092307692,0.130769231,1879,130,0.444257627,0.955882353,0.714285714,1,37.869,13.6759354,12.25225794,12.20416044,260.5923077,34.83076923,0,0,0,0,0,0,0,0,0
622708,34,0.480225989,0.107344633,1.050847458,0.197740113,0.033898305,0.062146893,1.762711864,1.745762712,0.079096045,0.248587571,0.073446328,0.028248588,2.288135593,0.288135593,0.050847458,0.265536723,0.050847458,0.079096045,0.604519774,0.011299435,0.350282486,0.11299435,2.429378531,0.237288136,1.327683616,0.564971751,0.146892655,13.60451977,0.107344633,0.13559322,1936,177,0.538149596,0.951612903,0.702380952,1,46.197,16.51130481,13.91654239,-2.297703897,513.4463277,37.36723164,0.338983051,3,24,44,49,0,0,0,0
622708,35,0.777027027,0.168918919,0.817567568,0.141891892,0.067567568,0.081081081,0.858108108,1.824324324,0.027027027,0.337837838,0.047297297,0.02027027,2.513513514,0.236486486,0.054054054,0.310810811,0.067567568,0.033783784,0.310810811,0.006756757,0.432432432,0.243243243,0.756756757,0.256756757,0.628378378,0.817567568,0.128378378,13.2027027,0.141891892,0.175675676,1993,148,0.792710289,0.891566265,0.599190283,1,47.322,18.30859913,11.16089557,-4.421738413,79.14864865,37.60135135,0.442622951,2,22,39,0,0,0,0,0
622708,36,0.504347826,0.12173913,0.417391304,0.12173913,0.043478261,0.034782609,1.113043478,1.234782609,0.07826087,0.243478261,0.017391304,0.060869565,1.782608696,0.295652174,0.043478261,0.182608696,0.017391304,0.017391304,0.252173913,0.017391304,0.304347826,0.252173913,9.817391304,0.234782609,0.765217391,0.547826087,0.086956522,7.452173913,0.060869565,0.104347826,2050,115,0.601617172,0.950413223,0.68452381,1,36.455,13.69434111,10.93882828,-22.69714024,426.7478261,40.67826087,0,0,0,0,0,0,0,0,0
622708,37,0.875,0.083333333,0.645833333,0.21875,0.020833333,0.010416667,1.75,1.927083333,0.041666667,0.260416667,0.041666667,0.020833333,2.583333333,0.302083333,0.020833333,0.322916667,0.041666667,0.083333333,0.260416667,0,0.291666667,0.166666667,0.604166667,0.197916667,0.979166667,0.625,0.145833333,10.40625,0.052083333,0.135416667,2107,96,0.349823782,0.95049505,0.727272727,1,32.146,11.50193617,10.77519233,-88.06312743,725.0520833,40.34375,0,0,0,0,0,0,0,0,0
622708,38,0.309734513,0.044247788,0.336283186,0.132743363,0.008849558,0.008849558,0.991150442,1.061946903,0.053097345,0.17699115,0.008849558,0,1.345132743,0.150442478,0.03539823,0.14159292,0.044247788,0.053097345,0.132743363,0,0.230088496,0.230088496,5.053097345,0.079646018,0.548672566,0.548672566,0.07079646,7.221238938,0.03539823,0.061946903,2164,113,0.241534488,0.949579832,0.668639053,1,35.81,12.27963099,11.91605857,17.67586356,329.8318584,41.15929204,0.127659574,1,50,0,0,0,0,0,0
622708,39,0.268041237,0.072164948,1.041237113,0.12371134,0.030927835,0.041237113,1.030927835,0.855670103,0.041237113,0.257731959,0.154639175,0.06185567,0.87628866,0.195876289,0.041237113,0.164948454,0.030927835,0.06185567,0.608247423,0,0.226804124,0.051546392,1.587628866,0.206185567,0.546391753,0.587628866,0.072164948,9.226804124,0.103092784,0.12371134,2221,97,0.651551803,0.950980392,0.678321678,1,33.734,12.95187566,9.825346552,20.76530012,88.62886598,43.32989691,0.465116279,1,35,0,0,0,0,0,0
622708,40,0.673076923,0.128205128,0.769230769,0.217948718,0.019230769,0.16025641,1.621794872,1.852564103,0.057692308,0.506410256,0.096153846,0.051282051,3.544871795,0.326923077,0.070512821,0.352564103,0.038461538,0.057692308,0.583333333,0.006410256,0.544871795,0.217948718,1.262820513,0.282051282,1.064102564,0.58974359,0.115384615,17.38461538,0.128205128,0.185897436,2277,156,0.578410704,0.968944099,0.742857143,1,41.508,15.65774253,12.77273624,-42.23738012,547,42.5,0,0,0,0,0,0,0,0,0
622708,41,0.494505495,0.032967033,0.703296703,0.120879121,0.076923077,0.021978022,1.032967033,1.32967033,0.043956044,0.197802198,0.054945055,0.054945055,1.67032967,0.120879121,0.054945055,0.131868132,0.043956044,0.065934066,0.43956044,0.010989011,0.373626374,0.098901099,0.945054945,0.164835165,0.450549451,0.527472527,0.065934066,10.67032967,0.098901099,0.10989011,2334,91,0.439574112,0.947916667,0.631944444,1,32.535,11.47760056,10.30925341,-51.04646729,660.6703297,42.65934066,0.195121951,1,45,0,0,0,0,0,0
622708,42,0.441176471,0.191176471,0.632352941,0.25,0.014705882,0.058823529,0.897058824,1.235294118,0.029411765,0.352941176,0.044117647,0,2.058823529,0.25,0.088235294,0.176470588,0.014705882,0.058823529,0.352941176,0.044117647,0.367647059,0.161764706,1.367647059,0.205882353,0.911764706,0.441176471,0.029411765,13.47058824,0.073529412,0.191176471,2391,68,0.550340988,0.906666667,0.755555556,1,27.895,10.39132459,8.676132508,-3.812143563,373.0735294,43.95588235,0.617647059,2,46,52,0,0,0,0,0
622708,43,0.803921569,0.107843137,0.754901961,0.176470588,0.039215686,0.039215686,1.088235294,1.676470588,0.039215686,0.303921569,0.039215686,0.088235294,2.588235294,0.205882353,0.049019608,0.225490196,0.039215686,0.078431373,0.382352941,0.009803922,0.225490196,0.156862745,3.450980392,0.294117647,0.568627451,0.931372549,0.12745098,13.57843137,0.137254902,0.098039216,2448,102,0.631156164,0.944444444,0.713286713,1,33.825,13.07776269,10.14384228,22.26314016,693.8137255,43.7745098,0.295454545,1,30,0,0,0,0,0,0
622708,44,0.696078431,0.107843137,0.617647059,0.18627451,0.044117647,0.083333333,1.519607843,2.181372549,0.053921569,0.460784314,0.044117647,0.049019608,2.965686275,0.225490196,0.049019608,0.367647059,0.039215686,0.039215686,0.343137255,0.004901961,0.37254902,0.259803922,6.901960784,0.328431373,0.980392157,1.068627451,0.107843137,11.96568627,0.102941176,0.112745098,2505,204,0.619005078,0.927272727,0.6375,1,51.449,18.46842435,14.50486008,18.28926862,527.7352941,45.41666667,0.358208955,2,34,49,0,0,0,0,0
622708,45,0.892156863,0.166666667,0.784313725,0.245098039,0.029411765,0.049019608,1.31372549,1.931372549,0.078431373,0.5,0.049019608,0.029411765,2.784313725,0.254901961,0.029411765,0.294117647,0.088235294,0.039215686,0.215686275,0.029411765,0.519607843,0.196078431,0.656862745,0.31372549,0.950980392,0.784313725,0.137254902,11.25490196,0.12745098,0.147058824,2562,102,0.696422501,0.944444444,0.653846154,1,34.586,13.57063881,9.738724783,50.16111439,648.2254902,45.96078431,0.177777778,1,41,0,0,0,0,0,0
622708,46,0.583333333,0.135416667,0.46875,0.177083333,0.072916667,0.052083333,1.46875,1.208333333,0.041666667,0.260416667,0.020833333,0.052083333,2.947916667,0.3125,0.197916667,0.302083333,0.0625,0.03125,0.4375,0.020833333,0.270833333,0.166666667,0.916666667,0.364583333,3.104166667,0.520833333,0.09375,13.05208333,0.114583333,0.166666667,2619,96,0.450804757,0.95049505,0.727272727,1,33.246,11.89065066,10.61386327,-31.73605281,363.8125,45.0625,0.69047619,3,42,51,52,0,0,0,0
622708,47,1,0.065217391,0.434782609,0.173913043,0.010869565,0.043478261,0.826086957,1.597826087,0.043478261,0.369565217,0.032608696,0.02173913,4.239130435,0.315217391,0.097826087,0.293478261,0.043478261,0.043478261,0.326086957,0.02173913,0.380434783,0.184782609,0.652173913,0.260869565,0.641304348,0.760869565,0.065217391,11.19565217,0.097826087,0.119565217,2676,92,0.534096811,0.93877551,0.696969697,1,33.891,12.13827267,10.26197883,-64.5546796,46.42391304,48.10869565,0.487804878,2,31,53,0,0,0,0,0
622708,48,0.669230769,0.123076923,0.753846154,0.230769231,0.061538462,0.030769231,1.3,1.561538462,0.053846154,0.423076923,0.076923077,0.038461538,2.261538462,0.292307692,0.038461538,0.230769231,0.038461538,0.038461538,0.307692308,0.007692308,0.415384615,0.230769231,5.923076923,0.315384615,1.207692308,0.646153846,0.115384615,13.1,0.123076923,0.169230769,2733,130,0.595740892,0.962962963,0.714285714,1,37.96,14.45279424,11.60814739,-57.06322762,494.3153846,51.36923077,0.18,1,59,0,0,0,0,0,0
622708,49,0.380952381,0.083333333,0.630952381,0.226190476,0,0.071428571,0.761904762,1.55952381,0.047619048,0.226190476,0.011904762,0.083333333,2.583333333,0.214285714,0.035714286,0.214285714,0.05952381,0.083333333,0.321428571,0.023809524,0.488095238,0.154761905,1.119047619,0.166666667,1,0.785714286,0.095238095,12.17857143,0.095238095,0.083333333,2790,84,0.567874259,0.954545455,0.636363636,1,30.848,11.51652216,9.479425792,-74.88227683,517.1071429,51.60714286,0.45,2,34,44,0,0,0,0,0
622708,50,0.338842975,0.132231405,0.545454545,0.140495868,0.008264463,0.05785124,0.925619835,1.214876033,0.033057851,0.363636364,0.016528926,0.016528926,1.58677686,0.181818182,0.223140496,0.165289256,0.041322314,0.074380165,0.289256198,0.008264463,0.41322314,0.173553719,0.636363636,0.214876033,0.842975207,0.636363636,0.05785124,11.19008264,0.049586777,0.090909091,2847,121,0.523981478,0.9453125,0.664835165,1,37.497,13.55678246,11.54671369,-18.34486142,337.2727273,53,0.265306122,2,38,54,0,0,0,0,0
622708,51,0.4375,0.0875,0.7625,0.0875,0,0.075,1.05,1.375,0.025,0.4125,0.05,0.05,2.1625,0.15,1.6625,0.15,0.0125,0.075,1.0125,0.025,0.2875,0.1625,0.6125,0.1375,2.35,0.6,0.1125,11.1625,0.05,0.1625,2904,80,0.738530409,0.930232558,0.727272727,1,30.798,12.54247397,8.456388911,-49.64031897,360.7,53.1125,0.921052632,3,46,52,54,0,0,0,0
622708,52,0.265306122,0.173469388,1.06122449,0.163265306,0.030612245,0.040816327,1.010204082,1.346938776,0.071428571,0.255102041,0.040816327,0.020408163,1.346938776,0.173469388,1.12244898,0.255102041,0.030612245,0.071428571,0.969387755,0.020408163,0.357142857,0.295918367,10.40816327,0.326530612,0.897959184,0.448979592,0.071428571,12.41836735,0.112244898,0.153061224,2961,98,0.633286518,0.942307692,0.742424242,1,33.246,12.84506385,9.941018778,32.95453089,371.5,52.7755102,0.595238095,3,42,46,51,0,0,0,0
622708,53,0.6,0.155555556,1.044444444,0.155555556,0,0.055555556,0.766666667,1.622222222,0.033333333,0.277777778,0.022222222,0.022222222,1.688888889,0.322222222,1.944444444,0.166666667,0.033333333,0.122222222,1.466666667,0,0.322222222,0.277777778,1.033333333,0.3,0.688888889,0.611111111,0.133333333,14.1,0.088888889,0.066666667,3018,90,0.726608197,0.909090909,0.692307692,1,33.8,13.3552226,9.175733147,-17.13204142,44.95555556,56.27777778,0.404761905,1,47,0,0,0,0,0,0
622708,54,0.371681416,0.079646018,0.513274336,0.212389381,0.017699115,0.061946903,0.831858407,1.265486726,0.061946903,0.398230088,0.053097345,0.017699115,1.637168142,0.159292035,0.212389381,0.318584071,0.008849558,0.079646018,0.424778761,0,0.477876106,0.203539823,0.292035398,0.300884956,0.902654867,0.840707965,0.115044248,10.2300885,0.079646018,0.150442478,3075,113,0.618559635,0.941666667,0.620879121,1,37.778,13.81305366,10.85343916,29.62302646,351.4690265,56.27433628,0.469387755,2,50,51,0,0,0,0,0
622708,55,0.375,0.114583333,1.114583333,0.09375,0.020833333,0.03125,0.84375,1.197916667,0.072916667,0.270833333,0.041666667,0.010416667,1.854166667,0.260416667,0.072916667,0.28125,0.041666667,0.03125,0.583333333,0,0.260416667,0.104166667,3.385416667,0.197916667,0.416666667,0.614583333,0.114583333,9.666666667,0.020833333,0.15625,3132,96,0.370676443,0.95049505,0.666666667,1,32.535,11.56210651,10.73844592,-22.2893857,470.3645833,55.55208333,0,0,0,0,0,0,0,0,0
622708,56,0.646464646,0.080808081,0.808080808,0.222222222,0.02020202,0.090909091,1.151515152,1.202020202,0.04040404,0.161616162,0.161616162,0.070707071,2.242424242,0.292929293,0.070707071,0.333333333,0.03030303,0.01010101,0.444444444,0.02020202,0.414141414,0.151515152,1.636363636,0.191919192,0.525252525,0.686868687,0.070707071,12.1010101,0.02020202,0.141414141,3188,99,0.414460158,0.925233645,0.6875,1,33.643,11.90721483,10.83636873,42.24597146,724.6363636,59.55555556,0.325581395,1,58,0,0,0,0,0,0
622708,57,0.764705882,0.117647059,0.697478992,0.193277311,0.016806723,0.050420168,1.075630252,1.420168067,0.042016807,0.386554622,0.033613445,0.025210084,2.235294118,0.268907563,0.067226891,0.25210084,0.033613445,0.067226891,0.386554622,0.016806723,0.394957983,0.201680672,1.319327731,0.268907563,0.764705882,0.705882353,0.092436975,11.21848739,0.058823529,0.218487395,3245,119,0.468885412,0.944444444,0.708333333,1,36.645,13.18691293,11.6474596,8.373463591,90.55462185,61.30252101,0,0,0,0,0,0,0,0,0
622708,58,0.330769231,0.161538462,1.061538462,0.153846154,0.030769231,0.061538462,1.546153846,1.561538462,0.038461538,0.261538462,0.1,0.015384615,1.930769231,0.246153846,0.069230769,0.315384615,0.053846154,0.038461538,0.423076923,0.007692308,0.269230769,0.115384615,2.638461538,0.238461538,0.776923077,0.784615385,0.069230769,11.88461538,0.092307692,0.123076923,3302,130,0.558010954,0.942028986,0.714285714,1,38.696,14.23780959,11.81501255,62.3842099,735.8153846,60.72307692,0.26,1,56,0,0,0,0,0,0
622708,59,0.681818182,0.309090909,0.654545455,0.127272727,0.063636364,0.036363636,1.1,1.945454545,0.045454545,0.345454545,0.045454545,0.063636364,2.209090909,0.263636364,0.072727273,0.209090909,0.036363636,0.1,0.290909091,0.009090909,0.345454545,0.218181818,0.827272727,0.381818182,1.209090909,0.718181818,0.1,11.85454545,0.090909091,0.2,3359,110,0.786464539,0.94017094,0.604395604,1,37.952,15.40681313,9.515793698,51.71949604,496.4181818,64.73636364,0.693877551,3,48,66,78,0,0,0,0
622708,60,0.488,0.152,0.712,0.144,0.024,0.064,1.28,1.512,0.056,0.2,0.056,0.04,1.832,0.208,0.048,0.24,0.04,0.016,0.52,0.016,0.2,0.128,3.136,0.192,0.888,0.488,0.12,12.152,0.08,0.128,3416,125,0.531375858,0.961538462,0.744047619,1,36.918,13.77027715,11.6652999,-3.950837734,534.456,65.864,0,0,0,0,0,0,0,0,0
622708,61,0.280991736,0.173553719,0.768595041,0.157024793,0.033057851,0.066115702,0.710743802,1.363636364,0.016528926,0.388429752,0.05785124,0.041322314,1.520661157,0.256198347,5.082644628,0.190082645,0.05785124,0.165289256,2.380165289,0,0.314049587,0.140495868,1.504132231,0.297520661,1.132231405,0.776859504,0.115702479,13.70247934,0.090909091,0.148760331,3473,121,0.488045224,0.952755906,0.715976331,1,36.736,13.37820959,11.67674673,36.27024049,275.0578512,66.96694215,0,0,0,0,0,0,0,0,0
622708,62,0.44765343,0.140794224,0.819494585,0.097472924,0.046931408,0.054151625,1.108303249,1.55234657,0.032490975,0.238267148,0.061371841,0.046931408,2.303249097,0.245487365,0.068592058,0.263537906,0.050541516,0.0433213,0.389891697,0.014440433,0.324909747,0.151624549,3.057761733,0.270758123,1.050541516,0.772563177,0.122743682,11.66064982,0.079422383,0.151624549,3530,277,0.640822221,0.926421405,0.629545455,1,63.532,22.18044752,17.02769253,32.12221184,385.7400722,66.33212996,0.3125,2,67,71,0,0,0,0,0
622708,63,1.20754717,0.113207547,0.377358491,0.226415094,0.009433962,0.075471698,1.358490566,1.877358491,0.028301887,0.301886792,0.08490566,0.047169811,15.51886792,0.330188679,0.113207547,0.330188679,0.075471698,0.075471698,0.311320755,0,0.452830189,0.141509434,0.632075472,0.311320755,0.886792453,0.518867925,0.188679245,10.72641509,0.103773585,0.047169811,3587,106,0.736202441,0.938053097,0.630952381,1,36,14.33971136,9.704562849,58.90757009,649.2169811,67.06603774,0.042553191,1,81,0,0,0,0,0,0
622708,64,0.647058824,0.095588235,0.404411765,0.183823529,0.036764706,0.044117647,1.117647059,1.455882353,0.051470588,0.301470588,0.044117647,0.029411765,2.911764706,0.264705882,3.169117647,0.169117647,0.044117647,0.088235294,1.419117647,0.014705882,0.441176471,0.147058824,0.602941176,0.264705882,0.838235294,0.595588235,0.058823529,9.566176471,0.044117647,0.095588235,3644,136,0.550399706,0.957746479,0.747252747,1,38.878,14.46783148,12.07921117,48.79102019,258.9632353,66.77205882,0,0,0,0,0,0,0,0,0
622708,66,0.769230769,0.086538462,0.721153846,0.240384615,0.048076923,0.076923077,1.567307692,1.701923077,0.048076923,0.480769231,0.038461538,0.028846154,3.182692308,0.278846154,0.538461538,0.346153846,0.038461538,0.076923077,0.509615385,0,0.432692308,0.125,6.490384615,0.182692308,1.836538462,0.653846154,0.125,13.21153846,0.125,0.115384615,3758,104,0.536804075,0.928571429,0.666666667,1,35.595,12.86405145,10.85348937,52.77347264,502.7692308,70.15384615,0.8,4,59,70,78,82,0,0,0
622708,67,0.269565217,0.095652174,0.982608696,0.113043478,0.034782609,0.034782609,0.72173913,0.730434783,0.017391304,0.182608696,0.052173913,0.043478261,0.782608696,0.113043478,0.052173913,0.182608696,0.07826087,0.017391304,0.4,0,0.234782609,0.130434783,4.495652174,0.165217391,0.634782609,0.391304348,0.07826087,7.634782609,0.060869565,0.060869565,3815,115,0.683708069,0.93495935,0.746753247,1,36.43,14.2834271,10.42341132,1.002521255,404.5391304,70.88695652,0.533333333,3,62,71,77,0,0,0,0
622708,68,0.652173913,0.12173913,0.565217391,0.147826087,0.008695652,0.034782609,1.460869565,1.6,0.034782609,0.217391304,0.069565217,0.034782609,2.191304348,0.27826087,1.017391304,0.139130435,0.008695652,0.052173913,0.92173913,0.008695652,0.486956522,0.191304348,5.730434783,0.243478261,0.860869565,0.747826087,0.156521739,9.443478261,0.086956522,0.060869565,3872,115,0.483638767,0.942622951,0.68452381,1,36.364,13.08519736,11.45305057,-25.34031789,65.69565217,74.09565217,0.212765957,1,87,0,0,0,0,0,0
622708,69,0.304,0.128,0.664,0.104,0.008,0.064,1.032,1.352,0.032,0.28,0.056,0.024,1.088,0.208,0.032,0.224,0.032,0.032,0.24,0,0.296,0.192,5.024,0.192,0.92,0.64,0.072,10.136,0.048,0.112,3929,125,0.306095287,0.968992248,0.73964497,1,36.546,12.98266003,12.35950377,45,156.864,75.136,0,0,0,0,0,0,0,0,0
622708,70,0.806666667,0.1,0.466666667,0.146666667,0.026666667,0.046666667,1.646666667,1.373333333,0.04,0.253333333,0.053333333,0.046666667,2.886666667,0.193333333,0.346666667,0.273333333,0.033333333,0.073333333,0.486666667,0.04,0.386666667,0.146666667,1.44,0.233333333,0.966666667,0.846666667,0.08,12.08666667,0.066666667,0.073333333,3986,150,0.742394783,0.943396226,0.735294118,1,43.079,17.09234368,11.45123229,-16.83724375,518.22,73.5,0.12962963,1,66,0,0,0,0,0,0
622708,71,0.4609375,0.1953125,0.53125,0.125,0.0390625,0.125,1.0078125,1.2421875,0.046875,0.21875,0.0703125,0.0234375,1.2734375,0.1796875,2.328125,0.25,0.046875,0.0703125,1.4609375,0.015625,0.4296875,0.15625,1.53125,0.2421875,1.9296875,0.8125,0.09375,11.2578125,0.0546875,0.125,4043,128,0.666031401,0.948148148,0.711111111,1,39.151,14.9890911,11.18071836,69.18117893,392.8046875,76.125,0.72,3,62,67,77,0,0,0,0
622708,72,0.487179487,0.136752137,0.743589744,0.213675214,0.017094017,0.051282051,1.239316239,1.752136752,0.042735043,0.367521368,0.068376068,0.05982906,1.923076923,0.213675214,4.64957265,0.282051282,0.051282051,0.136752137,1.102564103,0.008547009,0.35042735,0.247863248,5.717948718,0.299145299,1.299145299,0.581196581,0.179487179,14.66666667,0.128205128,0.128205128,4099,117,0.453194747,0.966942149,0.75,1,35.603,12.99569259,11.58451025,16.34916895,441.9145299,74.94871795,0,0,0,0,0,0,0,0,0
622708,73,1.050505051,0.131313131,0.434343434,0.232323232,0.04040404,0.050505051,1.555555556,1.434343434,0.04040404,0.303030303,0.03030303,0.04040404,4.333333333,0.212121212,0.131313131,0.161616162,0.101010101,0,0.242424242,0,0.303030303,0.101010101,0.444444444,0.191919192,0.535353535,0.585858586,0.080808081,8.333333333,0.070707071,0.121212121,4156,99,0.617714913,0.891891892,0.692307692,1,35.512,12.99801535,10.22166676,10.98826903,634.4646465,74.81818182,0.4,1,81,0,0,0,0,0,0
622708,74,0.613259669,0.116022099,0.453038674,0.17679558,0.033149171,0.027624309,0.928176796,1.276243094,0.033149171,0.325966851,0.033149171,0.022099448,3.651933702,0.243093923,0.325966851,0.243093923,0.055248619,0.038674033,0.475138122,0,0.403314917,0.171270718,1.248618785,0.248618785,1.447513812,0.779005525,0.082872928,12.0441989,0.082872928,0.104972376,4213,181,0.74915186,0.914141414,0.635087719,1,50.895,19.12837148,12.67060051,-75.03711765,110.6353591,78.49171271,0.287878788,1,88,0,0,0,0,0,0
622708,75,0.542857143,0.047619048,0.704761905,0.114285714,0.047619048,0.114285714,0.542857143,1.095238095,0.076190476,0.342857143,0.038095238,0.057142857,1.942857143,0.076190476,0.038095238,0.257142857,0.057142857,0.047619048,0.314285714,0,0.247619048,0.114285714,1.057142857,0.142857143,0.638095238,0.523809524,0.114285714,9.152380952,0.047619048,0.095238095,4270,105,0.247175278,0.963302752,0.729166667,1,33.643,11.8324701,11.46531784,60.61524737,82.71428571,78.06666667,0,0,0,0,0,0,0,0,0
622708,77,0.630136986,0.123287671,0.575342466,0.123287671,0.01369863,0.082191781,1.205479452,1.356164384,0.082191781,0.452054795,0,0.01369863,3.616438356,0.273972603,0.287671233,0.328767123,0.082191781,0.04109589,0.520547945,0,0.342465753,0.178082192,0.589041096,0.342465753,1.287671233,0.643835616,0.082191781,9.931506849,0.054794521,0.164383562,4384,73,0.787262187,0.924050633,0.675925926,1,30.98,12.55350382,7.740721416,0.584785286,403.0410959,78.84931507,0.944444444,3,67,71,89,0,0,0,0
622708,78,0.66,0.14,0.43,0.17,0.01,0.1,1.31,1.89,0.11,0.46,0.05,0.04,2.55,0.31,0.03,0.29,0.04,0.06,0.27,0,0.3,0.16,4.64,0.37,1.08,0.8,0.07,11.3,0.1,0.14,4441,100,0.419677387,0.943396226,0.694444444,1,33.916,11.99346583,10.88614918,11.07876695,491.54,78.09,0.558139535,3,59,66,82,0,0,0,0
622708,79,0.352941176,0.134453782,0.697478992,0.201680672,0.092436975,0.100840336,1.075630252,1.462184874,0.050420168,0.43697479,0.067226891,0.050420168,5.327731092,0.319327731,6.361344538,0.25210084,0.042016807,0.168067227,3.428571429,0.008403361,0.378151261,0.268907563,4.109243697,0.327731092,1.302521008,0.915966387,0.117647059,14.21848739,0.100840336,0.243697479,4498,119,0.652824139,0.959677419,0.762820513,1,38.456,14.53680717,11.01176954,-67.6067391,328.0840336,78.80672269,0.391304348,2,76,80,0,0,0,0,0
622708,80,0.40776699,0.242718447,0.689320388,0.13592233,0.067961165,0.029126214,0.660194175,1.330097087,0.048543689,0.330097087,0.019417476,0.009708738,2.660194175,0.213592233,1.796116505,0.262135922,0.029126214,0.058252427,0.72815534,0,0.40776699,0.27184466,11.51456311,0.116504854,0.766990291,0.86407767,0.106796117,12.16504854,0.077669903,0.106796117,4555,103,0.693821089,0.903508772,0.668831169,1,36.157,13.77887986,9.922824681,67.15368549,341.0194175,80.75728155,0.488888889,2,76,79,0,0,0,0,0
622708,81,1.053846154,0.061538462,0.692307692,0.192307692,0.038461538,0.030769231,1.184615385,1.838461538,0.076923077,0.407692308,0.092307692,0.053846154,3.230769231,0.246153846,0.153846154,0.415384615,0.061538462,0.038461538,0.323076923,0.038461538,0.376923077,0.184615385,3.892307692,0.146153846,0.669230769,0.746153846,0.130769231,9.507692308,0.038461538,0.061538462,4612,130,0.81381694,0.807453416,0.541666667,1,49.282,18.57460812,10.79410078,61.43249743,640.0692308,82.96923077,0.770491803,4,63,73,85,93,0,0,0
622708,82,0.43125,0.1125,0.575,0.14375,0.025,0.0625,1.21875,2.09375,0.03125,0.45,0.06875,0.0625,2.3875,0.35625,1.1375,0.26875,0.08125,0.0625,0.775,0.00625,0.4125,0.225,2.525,0.28125,1.03125,1.04375,0.09375,12.1625,0.075,0.1375,4669,160,0.78432173,0.860215054,0.647773279,1,49.075,19.04883867,11.81702847,76.6986772,498.43125,85.15625,0.435483871,2,66,78,0,0,0,0,0
622708,83,0.869565217,0.123188406,0.463768116,0.101449275,0.036231884,0.057971014,1.072463768,1.413043478,0.02173913,0.282608696,0.043478261,0.028985507,9.898550725,0.311594203,0.137681159,0.224637681,0.028985507,0.043478261,0.31884058,0.007246377,0.413043478,0.086956522,0.623188406,0.108695652,1.376811594,0.536231884,0.101449275,9.333333333,0.043478261,0.115942029,4726,138,0.476102029,0.93877551,0.704081633,1,40.565,14.34288181,12.61298753,-61.90515937,589.173913,84.24637681,0.176470588,1,101,0,0,0,0,0,0
622708,84,0.512195122,0.12195122,0.975609756,0.18699187,0.024390244,0.040650407,0.93495935,1.422764228,0.032520325,0.37398374,0.089430894,0.056910569,2.317073171,0.25203252,0.073170732,0.398373984,0.040650407,0.040650407,0.357723577,0.008130081,0.390243902,0.203252033,2.666666667,0.162601626,0.869918699,0.739837398,0.06504065,13.02439024,0.056910569,0.18699187,4783,123,0.625810531,0.946153846,0.683333333,1,37.679,14.29056771,11.14628719,-1.323263634,615.8536585,84.12195122,0,0,0,0,0,0,0,0,0
622708,85,0.828571429,0.057142857,0.771428571,0,0.057142857,0.028571429,1.571428571,1.8,0.028571429,0.342857143,0,0.028571429,2.628571429,0.228571429,0.057142857,0.2,0,0,0.4,0,0.228571429,0.371428571,4.428571429,0.114285714,1.085714286,0.8,0.142857143,10.08571429,0,0.257142857,4840,35,0.743648303,0.875,0.625,1,20.51,8.399559442,5.615701975,36.03120947,645.3428571,83.8,1,2,81,93,0,0,0,0,0
622708,86,1.015151515,0.075757576,0.348484848,0.083333333,0.022727273,0.045454545,1.363636364,2.174242424,0.053030303,0.356060606,0.015151515,0.037878788,5.378787879,0.318181818,0.060606061,0.348484848,0.083333333,0.106060606,0.287878788,0.007575758,0.378787879,0.227272727,3.674242424,0.227272727,1.204545455,0.689393939,0.083333333,10.59090909,0.113636364,0.174242424,4897,132,0.743710287,0.942857143,0.634615385,1,40.491,16.02314449,10.71150516,28.13395201,748.0530303,83.87878788,0,0,0,0,0,0,0,0,0
622708,87,0.288461538,0.125,0.471153846,0.096153846,0,0.038461538,0.663461538,1.086538462,0.028846154,0.269230769,0.038461538,0.038461538,1.413461538,0.134615385,0.230769231,0.182692308,0.038461538,0.038461538,0.240384615,0.019230769,0.25,0.115384615,0.528846154,0.192307692,0.615384615,0.528846154,0.057692308,7.201923077,0.048076923,0.057692308,4954,104,0.66473152,0.962962963,0.727272727,1,33.916,13.37942385,9.995531135,31.62498721,59.81730769,84.86538462,0.227272727,1,68,0,0,0,0,0,0
622708,88,0.39893617,0.138297872,1.090425532,0.813829787,0.053191489,0.063829787,1.617021277,1.441489362,0.037234043,0.425531915,0.085106383,0.04787234,1.861702128,0.255319149,0.85106383,0.308510638,0.063829787,0.042553191,0.989361702,0.037234043,0.39893617,0.186170213,2.595744681,0.35106383,0.925531915,0.664893617,0.074468085,14.20744681,0.10106383,0.106382979,5010,188,0.569189138,0.94,0.696296296,1,47.967,17.24088614,14.17557071,18.70256505,123.1117021,84.07978723,0.295081967,1,74,0,0,0,0,0,0
622708,89,0.973684211,0.087719298,0.622807018,0.175438596,0.035087719,0.035087719,0.99122807,1.245614035,0.026315789,0.201754386,0.078947368,0.061403509,6.956140351,0.342105263,0.105263158,0.228070175,0.070175439,0.070175439,0.438596491,0.00877193,0.368421053,0.210526316,0.912280702,0.307017544,1.350877193,0.666666667,0.087719298,11.78070175,0.026315789,0.157894737,5067,114,0.392409097,0.926829268,0.626373626,1,38.043,12.93880814,11.90099658,20.40363545,409.9912281,84.98245614,0.375,1,77,0,0,0,0,0,0
622708,90,0.354330709,0.086614173,0.700787402,0.204724409,0.05511811,0.05511811,1.133858268,1.204724409,0.047244094,0.338582677,0.031496063,0.047244094,2.228346457,0.196850394,0.039370079,0.212598425,0.039370079,0.047244094,0.362204724,0.007874016,0.362204724,0.133858268,4.204724409,0.181102362,1.62992126,0.669291339,0.157480315,11.59055118,0.05511811,0.102362205,5124,127,0.572217389,0.940740741,0.697802198,1,38.142,14.15068223,11.60500253,33.72147521,225.6614173,86.03937008,0,0,0,0,0,0,0,0,0
622708,91,0.925233645,0.196261682,0.457943925,0.177570093,0.037383178,0.08411215,1.308411215,1.990654206,0.056074766,0.495327103,0.046728972,0.037383178,4.271028037,0.327102804,0.177570093,0.308411215,0,0.046728972,0.242990654,0,0.495327103,0.112149533,0.654205607,0.252336449,1.46728972,0.76635514,0.140186916,13.18691589,0.168224299,0.074766355,5181,107,0.696558146,0.946902655,0.636904762,1,36.174,13.92885256,9.993956554,31.41504793,23.39252336,90.21495327,0.369565217,3,94,102,104,0,0,0,0
622708,92,0.61,0.19,0.93,0.16,0.01,0.05,0.99,1.86,0.07,0.39,0.09,0.05,2.31,0.44,0.02,0.25,0.03,0.06,0.33,0,0.36,0.37,8.43,0.32,0.94,0.89,0.08,12.61,0.1,0.18,5238,100,0.477693223,0.970873786,0.699300699,1,33.726,12.17614691,10.69707031,-10.11564148,563.32,89.92,0.395348837,1,100,0,0,0,0,0,0
622708,93,0.894736842,0.294736842,0.715789474,0.178947368,0.021052632,0.105263158,1.231578947,1.694736842,0.031578947,0.284210526,0.052631579,0.073684211,3.378947368,0.231578947,0.221052632,0.315789474,0.042105263,0.052631579,0.252631579,0.031578947,0.305263158,0.210526316,5,0.273684211,0.884210526,0.652631579,0.042105263,9.242105263,0.063157895,0.115789474,5295,95,0.756362309,0.922330097,0.562130178,1,36.356,14.00111391,9.158869705,41.05932754,647.9473684,89.44210526,0.891304348,3,81,85,105,0,0,0,0
622708,94,0.493333333,0.12,0.866666667,0.106666667,0.04,0.04,0.96,1.253333333,0.026666667,0.32,0.093333333,0.013333333,1.946666667,0.266666667,0.48,0.333333333,0.053333333,0.026666667,0.68,0.026666667,0.36,0.266666667,4.48,0.2,0.613333333,0.466666667,0.12,10.84,0.106666667,0.12,5352,75,0.781553719,0.824175824,0.520833333,1,34.768,13.0276163,8.127121411,-35.59609944,9.933333333,89.4,0.627906977,3,91,97,102,0,0,0,0
622708,95,0.969072165,0.268041237,0.721649485,0.144329897,0.051546392,0.092783505,1.391752577,2.360824742,0.092783505,0.494845361,0.072164948,0.092783505,3.783505155,0.360824742,0.113402062,0.360824742,0.051546392,0.041237113,0.309278351,0,0.505154639,0.12371134,1.082474227,0.268041237,0.917525773,0.845360825,0.051546392,11.68041237,0.12371134,0.237113402,5409,97,0.703424799,0.941747573,0.692857143,1,33.552,13.29100809,9.446845694,-7.404461029,72.24742268,91.88659794,0,0,0,0,0,0,0,0,0
622708,96,0.245033113,0.125827815,0.794701987,0.158940397,0.066225166,0.01986755,0.675496689,1.17218543,0.059602649,0.324503311,0.046357616,0.026490066,1.278145695,0.158940397,1.761589404,0.258278146,0.086092715,0.092715232,1.251655629,0.01986755,0.218543046,0.17218543,2.801324503,0.152317881,0.642384106,0.582781457,0.112582781,14.10596026,0.072847682,0.079470199,5466,151,0.49167576,0.932098765,0.671111111,1,43.121,15.05456379,13.10918832,50.22665723,377.2317881,91.09271523,0,0,0,0,0,0,0,0,0
622708,97,0.315789474,0.070175439,0.789473684,0.052631579,0.01754386,0.01754386,1.01754386,1.175438596,0.035087719,0.140350877,0.070175439,0,2.964912281,0.210526316,0.157894737,0.175438596,0.035087719,0.087719298,0.614035088,0,0.210526316,0.157894737,3.052631579,0.070175439,0.596491228,0.649122807,0.01754386,9.807017544,0,0.087719298,5523,57,0.835321844,0.95,0.647727273,1,26.969,11.7883752,6.480791722,-22.82922429,6.315789474,94.19298246,0.696969697,2,94,102,0,0,0,0,0
622708,98,1.091428571,0.177142857,0.617142857,0.154285714,0.017142857,0.057142857,2.074285714,1.84,0.057142857,0.497142857,0.062857143,0.034285714,4.422857143,0.44,0.102857143,0.354285714,0.057142857,0.091428571,0.4,0.022857143,0.702857143,0.148571429,0.76,0.337142857,1.228571429,1.222857143,0.108571429,12.68,0.057142857,0.222857143,5580,175,0.65716736,0.921052632,0.68359375,1,46.652,17.49562572,13.18723502,-32.98281959,777.7714286,93.13142857,0.366666667,1,103,0,0,0,0,0,0
622708,99,0.206521739,0.173913043,0.597826087,0.065217391,0.054347826,0.076086957,0.891304348,1.293478261,0.010869565,0.293478261,0.02173913,0.054347826,2.880434783,0.25,0.054347826,0.217391304,0,0.141304348,0.402173913,0.02173913,0.391304348,0.173913043,8.141304348,0.260869565,1.054347826,0.608695652,0.141304348,9.641304348,0.054347826,0.152173913,5637,92,0.475111311,0.948453608,0.696969697,1,31.501,11.6309209,10.23434624,-28.46189617,445.4130435,94.19565217,0,0,0,0,0,0,0,0,0
622708,100,1.064814815,0.12962963,1.046296296,0.111111111,0.083333333,0.037037037,1.166666667,1.87037037,0.074074074,0.416666667,0.064814815,0.046296296,3.435185185,0.361111111,0.12037037,0.296296296,0.055555556,0.046296296,0.555555556,0.018518519,0.268518519,0.157407407,5.083333333,0.212962963,0.87962963,0.87037037,0.055555556,12.97222222,0.074074074,0.12037037,5694,108,0.655309676,0.939130435,0.692307692,1,35.504,13.71186166,10.35739635,35.43390099,570.4722222,96.18518519,0.5,2,92,111,0,0,0,0,0
622708,101,0.230215827,0.129496403,1.136690647,0.043165468,0.028776978,0.028776978,0.35971223,0.784172662,0.035971223,0.294964029,0.071942446,0.014388489,1.438848921,0.143884892,0.014388489,0.194244604,0.028776978,0.050359712,0.258992806,0,0.258992806,0.136690647,7.230215827,0.158273381,0.374100719,0.431654676,0.079136691,7.705035971,0.079136691,0.064748201,5751,139,0.775518828,0.939189189,0.743315508,1,42.062,16.8832176,10.65878788,7.087060624,598.7194245,94.68345324,0.188679245,1,83,0,0,0,0,0,0
622708,103,0.97979798,0.141414141,1.434343434,0.080808081,0.060606061,0.01010101,1.505050505,1.494949495,0.060606061,0.363636364,0.060606061,0.070707071,3.121212121,0.272727273,0.121212121,0.323232323,0.03030303,0.101010101,0.545454545,0.02020202,0.575757576,0.242424242,4.313131313,0.131313131,0.696969697,0.707070707,0.080808081,12.53535354,0.070707071,0.151515152,5865,99,0.886839964,0.804878049,0.55,1,42.426,18.20218103,8.41080377,1.120930218,768.6262626,99.28282828,0.769230769,2,98,106,0,0,0,0,0
622708,104,0.844594595,0.128378378,0.689189189,0.135135135,0.013513514,0.027027027,1.25,1.736486486,0.067567568,0.385135135,0.087837838,0.033783784,3.236486486,0.277027027,0.033783784,0.344594595,0.027027027,0.047297297,0.304054054,0.02027027,0.466216216,0.094594595,1.378378378,0.22972973,0.763513514,0.797297297,0.094594595,11.5472973,0.087837838,0.108108108,5921,148,0.845615688,0.919254658,0.616666667,1,45.8,19.14374065,10.21877936,48.99761007,17.08108108,103.7702703,0.551724138,4,91,102,113,119,0,0,0
622708,105,0.403333333,0.136666667,0.866666667,0.203333333,0.036666667,0.043333333,1.176666667,1.386666667,0.05,0.263333333,0.08,0.036666667,1.57,0.293333333,0.586666667,0.236666667,0.036666667,0.056666667,0.89,0.01,0.313333333,0.216666667,3.9,0.253333333,0.63,0.873333333,0.14,11.67666667,0.07,0.086666667,5978,300,0.545704461,0.925925926,0.681818182,1,63.325,21.82847868,18.29177856,-62.92284518,656.4366667,100.9366667,0.234567901,1,93,0,0,0,0,0,0
622708,106,0.387096774,0.193548387,1.225806452,0.112903226,0,0.112903226,0.85483871,1.435483871,0.016129032,0.306451613,0.112903226,0.032258065,2.064516129,0.14516129,0.032258065,0.290322581,0.048387097,0,0.467741935,0.016129032,0.322580645,0.258064516,3.435483871,0.274193548,0.35483871,0.467741935,0.112903226,11.87096774,0.016129032,0.14516129,6035,62,0.819440833,0.939393939,0.738095238,1,28.077,11.94652764,6.847316971,16.0691648,768.9032258,104.8709677,0.606060606,1,103,0,0,0,0,0,0
622708,107,0.204918033,0.090163934,1.008196721,0.090163934,0.024590164,0.032786885,0.696721311,1.008196721,0.057377049,0.262295082,0.049180328,0.016393443,0.950819672,0.270491803,0.016393443,0.163934426,0.040983607,0.06557377,0.368852459,0.008196721,0.319672131,0.155737705,4.950819672,0.180327869,0.590163934,0.549180328,0.090163934,9.147540984,0.073770492,0.106557377,6092,122,0.581050326,0.968253968,0.792207792,1,36.248,13.85956102,11.27984808,0,291.5,106,0,0,0,0,0,0,0,0,0
622708,108,0.724489796,0.12244898,0.459183673,0.12244898,0.020408163,0.030612245,1.102040816,1.551020408,0.051020408,0.408163265,0.040816327,0.020408163,1.989795918,0.255102041,0.040816327,0.275510204,0.06122449,0.051020408,0.234693878,0.030612245,0.316326531,0.193877551,0.479591837,0.224489796,1.020408163,0.693877551,0.06122449,8.071428571,0.12244898,0.102040816,6149,98,0.266188612,0.951456311,0.680555556,1,32.998,11.47144149,11.05756293,75.90474281,51.24489796,106.5204082,0,0,0,0,0,0,0,0,0
622708,109,1.169354839,0.137096774,0.459677419,0.217741935,0.032258065,0.080645161,2.120967742,2.137096774,0.040322581,0.435483871,0.040322581,0.048387097,2.758064516,0.370967742,0.064516129,0.322580645,0.056451613,0.096774194,0.25,0,0.379032258,0.193548387,1.040322581,0.185483871,1.516129032,1,0.14516129,11.81451613,0.064516129,0.129032258,6206,124,0.795202389,0.953846154,0.632653061,1,38.994,16.24129924,9.847815874,41.31663455,710.5645161,107.8145161,0,0,0,0,0,0,0,0,0
622708,110,0.325842697,0.101123596,1.174157303,0.112359551,0.056179775,0.033707865,1.117977528,1.213483146,0.095505618,0.224719101,0.073033708,0.039325843,1.58988764,0.140449438,0.162921348,0.202247191,0.061797753,0.039325843,0.449438202,0.005617978,0.337078652,0.252808989,10.75280899,0.207865169,0.679775281,0.674157303,0.056179775,10.23595506,0.08988764,0.084269663,6263,178,0.802520845,0.936842105,0.624561404,1,49.58,19.7699036,11.79520057,34.09361767,105.0561798,110.5955056,0,0,0,0,0,0,0,0,0
622708,111,1.333333333,0.111111111,0.366666667,0.155555556,0.033333333,0.066666667,1.466666667,2.011111111,0.044444444,0.388888889,0.033333333,0.033333333,5.266666667,0.388888889,0.122222222,0.255555556,0.077777778,0.022222222,0.155555556,0,0.411111111,0.077777778,0.877777778,0.177777778,0.877777778,0.711111111,0.111111111,8.133333333,0.044444444,0.077777778,6320,90,0.429412717,0.967741935,0.75,1,31.286,11.34390259,10.24477332,-70.11064954,568.6555556,109.7,0.333333333,2,100,112,0,0,0,0,0
622708,112,1.417085427,0.130653266,0.512562814,0.170854271,0.045226131,0.075376884,1.427135678,1.984924623,0.035175879,0.412060302,0.065326633,0.035175879,6.587939698,0.336683417,0.085427136,0.306532663,0.095477387,0.065326633,0.281407035,0.020100503,0.371859296,0.155778894,0.909547739,0.266331658,1.190954774,0.633165829,0.090452261,10.59296482,0.055276382,0.110552764,6377,199,0.512507531,0.943127962,0.731617647,1,48.976,17.3678503,14.91347311,16.88174259,582.1005025,109.3417085,0.213114754,1,111,0,0,0,0,0,0
622708,113,0.677777778,0.155555556,0.633333333,0.111111111,0.033333333,0.088888889,2.444444444,2,0.055555556,0.6,0.1,0.044444444,5.622222222,0.355555556,0.077777778,0.422222222,0.077777778,0.088888889,0.444444444,0.022222222,0.5,0.255555556,5.477777778,0.444444444,2.022222222,0.644444444,0.122222222,14.94444444,0.088888889,0.188888889,6434,90,0.801691594,0.909090909,0.6,1,35.049,14.19986868,8.487799578,-7.230782572,31.17777778,108.3111111,0.644444444,3,104,116,119,0,0,0,0
622708,114,0.43697479,0.117647059,0.327731092,0.134453782,0.058823529,0.084033613,0.722689076,1.428571429,0.058823529,0.319327731,0.067226891,0.025210084,10.25210084,0.218487395,0.210084034,0.411764706,0.058823529,0.050420168,0.142857143,0.008403361,0.352941176,0.168067227,0.529411765,0.210084034,1.56302521,0.495798319,0.12605042,8.672268908,0.050420168,0.050420168,6491,119,0.45968594,0.952,0.708333333,1,36.546,13.13866616,11.66820699,-13.62460449,418.7394958,111.487395,0,0,0,0,0,0,0,0,0
622708,116,0.5,0.12962963,0.666666667,0.148148148,0.092592593,0.092592593,1.703703704,2.240740741,0,0.462962963,0.037037037,0,3.462962963,0.259259259,0.092592593,0.407407407,0.092592593,0.148148148,0.407407407,0,0.259259259,0.240740741,9.5,0.185185185,1.666666667,0.814814815,0.092592593,14.09259259,0.092592593,0.166666667,6605,54,0.549208513,0.885245902,0.666666667,1,25.282,9.322887235,7.791000308,35.61756835,36.72222222,114.7407407,0.766666667,2,113,119,0,0,0,0,0
622708,117,0.762589928,0.179856115,0.741007194,0.18705036,0.021582734,0.050359712,0.769784173,1.575539568,0.021582734,0.330935252,0.057553957,0.028776978,2.302158273,0.258992806,0.050359712,0.208633094,0.079136691,0.043165468,0.374100719,0.021582734,0.338129496,0.28057554,4.381294964,0.215827338,0.805755396,0.690647482,0.122302158,10.02877698,0.129496403,0.057553957,6662,139,0.362563957,0.95862069,0.763736264,1,39.25,13.8693815,12.92569342,-80.64782887,72.8705036,116.9568345,0,0,0,0,0,0,0,0,0
622708,118,0.762962963,0.088888889,0.444444444,0.185185185,0.044444444,0.081481481,1.488888889,1.688888889,0.014814815,0.311111111,0.051851852,0.051851852,5.266666667,0.348148148,1.755555556,0.251851852,0.074074074,0.088888889,0.377777778,0.014814815,0.37037037,0.251851852,0.8,0.118518519,3.296296296,0.674074074,0.059259259,12.97037037,0.088888889,0.074074074,6719,135,0.688415158,0.971223022,0.767045455,1,39.242,15.46026553,11.21359149,-8.292202388,242.8666667,114.8,0.040816327,1,123,0,0,0,0,0,0
622708,119,0.390070922,0.163120567,0.95035461,0.085106383,0.028368794,0.04964539,1.028368794,1.425531915,0,0.29787234,0.070921986,0.042553191,2,0.191489362,0.262411348,0.226950355,0.035460993,0.056737589,0.723404255,0,0.333333333,0.19858156,3.517730496,0.219858156,0.588652482,0.695035461,0.078014184,11.81560284,0.056737589,0.120567376,6776,141,0.875222508,0.875776398,0.522222222,1,48.521,20.03730005,9.692453612,-32.61019927,27.5035461,116.2624113,0.508196721,3,104,113,116,0,0,0,0
622708,120,0.404109589,0.102739726,0.568493151,0.164383562,0.006849315,0.075342466,1.020547945,1.479452055,0.089041096,0.287671233,0.054794521,0.020547945,2.219178082,0.178082192,0.376712329,0.226027397,0.047945205,0.068493151,0.479452055,0.006849315,0.335616438,0.205479452,4.321917808,0.191780822,0.952054795,0.767123288,0.136986301,10.6369863,0.047945205,0.102739726,6832,146,0.560932484,0.960526316,0.701923077,1,41.045,15.0951717,12.49671226,-85.23629626,443.1575342,117.7328767,0.075471698,1,141,0,0,0,0,0,0
622708,121,0.359649123,0.157894737,0.614035088,0.087719298,0.00877193,0.043859649,0.728070175,0.99122807,0.026315789,0.263157895,0.035087719,0.01754386,1.333333333,0.254385965,0.061403509,0.140350877,0.035087719,0.043859649,0.429824561,0,0.315789474,0.184210526,1.324561404,0.140350877,0.675438596,0.728070175,0.140350877,11.33333333,0.070175439,0.078947368,6889,114,0.72421974,0.93442623,0.690909091,1,37.191,14.65635823,10.10657414,7.242558742,162.3596491,119.1315789,0.326086957,1,136,0,0,0,0,0,0
622708,122,0.748201439,0.09352518,0.352517986,0.086330935,0.035971223,0.064748201,1.582733813,1.244604317,0.043165468,0.18705036,0.064748201,0.021582734,3.582733813,0.532374101,0.064748201,0.223021583,0.007194245,0.050359712,0.179856115,0.007194245,0.28057554,0.194244604,2.323741007,0.143884892,1.35971223,0.755395683,0.136690647,7.928057554,0.079136691,0.071942446,6946,139,0.625663076,0.972027972,0.712820513,1,40.094,15.19735061,11.85535294,55.00437662,484.0935252,119.5395683,0.392156863,1,137,0,0,0,0,0,0
622708,123,0.309278351,0.092783505,0.639175258,0.195876289,0.072164948,0.030927835,1.18556701,1.329896907,0.041237113,0.24742268,0.020618557,0.051546392,2.453608247,0.195876289,0.041237113,0.237113402,0.06185567,0.010309278,0.24742268,0.010309278,0.216494845,0.206185567,1.257731959,0.175257732,0.855670103,0.536082474,0.12371134,8.845360825,0.06185567,0.051546392,7003,97,0.449966199,0.96039604,0.734848485,1,32.328,11.84134,10.57485643,21.25712093,255.8350515,121.9278351,0.047619048,1,118,0,0,0,0,0,0
622708,124,0.432989691,0.113402062,0.536082474,0.175257732,0.06185567,0.051546392,2.278350515,1.618556701,0.041237113,0.319587629,0.010309278,0.030927835,3.12371134,0.288659794,0.12371134,0.237113402,0.134020619,0.092783505,0.195876289,0,0.494845361,0.164948454,6.092783505,0.206185567,2.453608247,0.690721649,0.103092784,13.25773196,0.082474227,0.113402062,7060,97,0.493552911,0.950980392,0.734848485,1,32.328,11.98579137,10.4242318,34.82266968,323.4226804,121.2061856,0,0,0,0,0,0,0,0,0
622708,125,0.495798319,0.109243697,0.672268908,0.12605042,0.042016807,0.016806723,1.352941176,1.201680672,0.084033613,0.361344538,0.058823529,0.042016807,2.016806723,0.361344538,0.176470588,0.201680672,0.092436975,0.050420168,0.31092437,0.008403361,0.411764706,0.226890756,7.697478992,0.201680672,0.890756303,0.722689076,0.109243697,10.6302521,0.117647059,0.142857143,7117,119,0.394397827,0.959677419,0.704142012,1,36.736,12.94767192,11.89813103,-70.57084252,645.394958,120.0672269,0,0,0,0,0,0,0,0,0
622708,126,0.342857143,0.057142857,0.6,0.2,0,0.042857143,1.335714286,1.528571429,0.071428571,0.335714286,0.05,0.035714286,1.907142857,0.285714286,0.035714286,0.335714286,0.035714286,0.057142857,0.192857143,0.007142857,0.307142857,0.164285714,4.535714286,0.25,1.057142857,0.692857143,0.164285714,9.692857143,0.142857143,0.092857143,7174,140,0.760244492,0.933333333,0.625,1,42.178,16.75711148,10.88604067,35.9624258,341.4,122.5,0.074074074,1,130,0,0,0,0,0,0
622708,127,0.759689922,0.147286822,0.596899225,0.147286822,0.023255814,0.015503876,1.496124031,2.124031008,0.07751938,0.364341085,0.062015504,0.031007752,5.852713178,0.170542636,0.271317829,0.310077519,0.062015504,0.054263566,0.310077519,0,0.263565891,0.15503876,2.891472868,0.23255814,0.930232558,0.705426357,0.139534884,10.29457364,0.085271318,0.069767442,7231,129,0.450030826,0.955555556,0.708791209,1,37.96,13.6460545,12.18610435,-23.58684946,554.5503876,121.9224806,0.2,1,129,0,0,0,0,0,0
622708,128,0.926829268,0.178861789,0.601626016,0.243902439,0.016260163,0.097560976,1.390243902,1.861788618,0.048780488,0.455284553,0.048780488,0.032520325,4.18699187,0.268292683,0.089430894,0.308943089,0.008130081,0.105691057,0.414634146,0,0.617886179,0.211382114,0.796747967,0.284552846,0.926829268,0.617886179,0.130081301,12.90243902,0.138211382,0.12195122,7288,123,0.51887265,0.9609375,0.732142857,1,37.1,13.6000176,11.62599613,21.56454345,752.8699187,123.6341463,0,0,0,0,0,0,0,0,0
622708,129,0.714285714,0.114285714,0.523809524,0.104761905,0.00952381,0.066666667,0.847619048,1.419047619,0.038095238,0.342857143,0.038095238,0.047619048,3.638095238,0.20952381,0.066666667,0.257142857,0.057142857,0.038095238,0.342857143,0.00952381,0.39047619,0.180952381,0.628571429,0.304761905,0.761904762,0.99047619,0.085714286,10.81904762,0.066666667,0.076190476,7345,105,0.6129215,0.963302752,0.673076923,1,34.214,13.10098136,10.35165928,38.37722945,541.3714286,124.8190476,0.2,1,127,0,0,0,0,0,0
622708,130,0.151898734,0.063291139,0.493670886,0.126582278,0.012658228,0.012658228,0.860759494,1.063291139,0.063291139,0.329113924,0.050632911,0.050632911,1.443037975,0.101265823,0.037974684,0.126582278,0.037974684,0.037974684,0.316455696,0,0.367088608,0.113924051,1.620253165,0.189873418,0.974683544,0.594936709,0.088607595,9.253164557,0.063291139,0.101265823,7402,79,0.733359851,0.951807229,0.731481481,1,30.707,12.32911586,8.381834313,-70.06730773,355.5822785,125.4050633,0.540540541,2,126,134,0,0,0,0,0
622708,131,0.610526316,0.094736842,0.494736842,0.052631579,0.021052632,0.010526316,1.189473684,1.536842105,0.084210526,0.263157895,0.063157895,0.042105263,3.326315789,0.210526316,0.168421053,0.178947368,0.084210526,0.073684211,0.210526316,0,0.389473684,0.157894737,3.557894737,0.2,0.947368421,0.621052632,0.115789474,8.073684211,0.052631579,0.115789474,7459,95,0.663824587,0.931372549,0.659722222,1,34.032,12.87088329,9.625983103,43.791851,579.6315789,126.6421053,0,0,0,0,0,0,0,0,0
622708,132,1.083333333,0.072916667,0.489583333,0.125,0.0625,0.03125,1.760416667,1.604166667,0.010416667,0.5,0.03125,0.041666667,5.145833333,0.333333333,0.197916667,0.239583333,0.083333333,0.09375,0.46875,0,0.552083333,0.1875,0.739583333,0.364583333,1.458333333,0.677083333,0.114583333,11.35416667,0.03125,0.177083333,7516,96,0.400870401,0.96,0.727272727,1,31.774,11.61528584,10.64116725,20.41859041,684.34375,124.8645833,0,0,0,0,0,0,0,0,0
622708,133,0.595744681,0.138297872,0.723404255,0.159574468,0.053191489,0.053191489,1.138297872,1.765957447,0.042553191,0.308510638,0.031914894,0.053191489,1.840425532,0.319148936,0.010638298,0.191489362,0,0.063829787,0.20212766,0.010638298,0.287234043,0.180851064,0.478723404,0.191489362,0.755319149,0.670212766,0.053191489,10.61702128,0.042553191,0.138297872,7573,94,0.746035297,0.930693069,0.671428571,1,33.461,13.54822675,9.021850923,16.53660556,18.18085106,127.5744681,0,0,0,0,0,0,0,0,0
622708,134,0.2,0.084210526,0.505263158,0.115789474,0.052631579,0.042105263,0.705263158,1.115789474,0.021052632,0.368421053,0.094736842,0.042105263,1.715789474,0.242105263,1.031578947,0.178947368,0.042105263,0.031578947,0.631578947,0.010526316,0.4,0.231578947,1.947368421,0.210526316,1.010526316,0.515789474,0.168421053,10.66315789,0.084210526,0.115789474,7630,95,0.693453035,0.87962963,0.664335664,1,35.115,13.39053628,9.647905908,73.48105332,363.3052632,126.9157895,0.441860465,1,130,0,0,0,0,0,0
622708,135,1.222222222,0.172839506,1.197530864,0.074074074,0.024691358,0.024691358,1.592592593,1.728395062,0.049382716,0.37037037,0.049382716,0.049382716,5.432098765,0.24691358,0.87654321,0.407407407,0.037037037,0.135802469,1.024691358,0.012345679,0.320987654,0.160493827,5.580246914,0.209876543,1.074074074,0.851851852,0.12345679,12.01234568,0.086419753,0.135802469,7687,81,0.784004713,0.920454545,0.623076923,1,32.229,13.19854517,8.193061204,-33.73072074,707.8888889,126.8148148,0.536585366,1,139,0,0,0,0,0,0
622708,136,1.034482759,0.183908046,0.482758621,0.045977011,0.022988506,0.091954023,1,2.011494253,0.091954023,0.459770115,0.011494253,0.022988506,4.252873563,0.252873563,0.252873563,0.264367816,0.057471264,0.057471264,0.356321839,0,0.425287356,0.126436782,0.83908046,0.32183908,1,0.885057471,0.172413793,12.65517241,0.034482759,0.252873563,7743,87,0.495111549,0.935483871,0.725,1,32.047,11.4744532,9.969342467,22.29833238,161.2298851,128.0804598,0.634146341,2,121,145,0,0,0,0,0
622708,137,0.591240876,0.145985401,0.649635036,0.138686131,0.01459854,0.058394161,0.95620438,1.423357664,0.00729927,0.270072993,0.065693431,0.02189781,3.635036496,0.248175182,0.328467153,0.313868613,0.094890511,0.04379562,0.364963504,0.02189781,0.255474453,0.182481752,1.116788321,0.248175182,1.459854015,1.02919708,0.094890511,11.99270073,0.116788321,0.109489051,7800,137,0.784261574,0.901315789,0.619909502,1,42.732,17.06711883,10.58895803,19.92882508,487.3868613,129.1240876,0.388888889,1,122,0,0,0,0,0,0
622708,138,0.494845361,0.072164948,0.659793814,0.175257732,0.06185567,0.041237113,1,1.711340206,0.072164948,0.453608247,0.051546392,0.175257732,2.546391753,0.268041237,0.494845361,0.226804124,0.082474227,0.134020619,0.391752577,0.010309278,0.340206186,0.144329897,0.659793814,0.298969072,1.206185567,0.731958763,0.092783505,12.82474227,0.113402062,0.268041237,7857,97,0.631731099,0.950980392,0.673611111,1,33.271,12.70967916,9.852385712,45.98257105,460.3917526,128.8762887,0.214285714,2,141,147,0,0,0,0,0
622708,139,1.459770115,0.206896552,0.954022989,0.229885057,0.022988506,0.022988506,1.862068966,1.827586207,0.045977011,0.275862069,0.057471264,0.022988506,5.183908046,0.264367816,0.114942529,0.32183908,0.08045977,0.057471264,0.333333333,0,0.528735632,0.183908046,1.988505747,0.218390805,1.08045977,0.965517241,0.149425287,13.57471264,0.091954023,0.172413793,7914,87,0.778164283,0.956043956,0.608391608,1,32.808,13.65992006,8.579260098,-36.14489747,701.5402299,130.3908046,0.477272727,1,135,0,0,0,0,0,0
622708,140,0.479166667,0.131944444,0.638888889,0.256944444,0.034722222,0.020833333,0.895833333,1.048611111,0.048611111,0.229166667,0.027777778,0.0625,2.930555556,0.201388889,0.069444444,0.229166667,0.034722222,0.104166667,0.340277778,0,0.25,0.180555556,0.729166667,0.215277778,0.819444444,0.763888889,0.118055556,10.73611111,0.048611111,0.118055556,7971,144,0.667621222,0.941176471,0.692307692,1,41.971,15.92265674,11.85443564,-28.38782314,425.5277778,129.9027778,0,0,0,0,0,0,0,0,0
622708,141,0.617647059,0.147058824,0.426470588,0.176470588,0.058823529,0.088235294,1.588235294,1.323529412,0.029411765,0.338235294,0.044117647,0.058823529,3.044117647,0.352941176,1.044117647,0.308823529,0.014705882,0.014705882,0.808823529,0,0.529411765,0.088235294,0.676470588,0.352941176,1.323529412,0.852941176,0.147058824,12.02941176,0.117647059,0.117647059,8028,68,0.640957118,0.944444444,0.62962963,1,28.491,10.85622965,8.332988799,4.958686144,448.2794118,130.9852941,0.777777778,4,120,138,147,148,0,0,0
622708,142,0.243243243,0.121621622,1.027027027,0.202702703,0.027027027,0.108108108,0.891891892,1.351351351,0.013513514,0.135135135,0.027027027,0.013513514,2.486486486,0.162162162,1.013513514,0.189189189,0.013513514,0.108108108,1.067567568,0.013513514,0.202702703,0.202702703,1.216216216,0.202702703,0.72972973,0.662162162,0.027027027,11.16216216,0.067567568,0.189189189,8085,74,0.715542413,0.948717949,0.685185185,1,30.616,12.20307906,8.524696299,-80.03846112,305.4864865,133.5810811,0.5,1,143,0,0,0,0,0,0
622708,143,0.29245283,0.198113208,0.764150943,0.132075472,0.037735849,0.037735849,0.962264151,1.320754717,0.103773585,0.283018868,0.018867925,0.047169811,2.160377358,0.226415094,5.377358491,0.160377358,0.028301887,0.103773585,2.537735849,0.028301887,0.264150943,0.160377358,2.311320755,0.226415094,1.358490566,0.698113208,0.037735849,12.27358491,0.113207547,0.094339623,8142,106,0.505322767,0.92173913,0.741258741,1,35.578,12.73197928,10.98681217,-83.50704987,313.3584906,132.8207547,0.409090909,2,142,161,0,0,0,0,0
622708,144,0.398876404,0.056179775,1.084269663,0.112359551,0.028089888,0.033707865,1.207865169,1.157303371,0.016853933,0.174157303,0.056179775,0.050561798,1.561797753,0.247191011,0.033707865,0.196629213,0.06741573,0.061797753,0.387640449,0.005617978,0.269662921,0.134831461,4.825842697,0.185393258,0.769662921,0.853932584,0.078651685,9.185393258,0.106741573,0.08988764,8199,178,0.671866862,0.931937173,0.659259259,1,47.603,17.72534123,13.12866284,69.53332715,727.1741573,136.1573034,0,0,0,0,0,0,0,0,0
622708,145,0.755319149,0.063829787,0.659574468,0.287234043,0,0.085106383,1.170212766,1.680851064,0.085106383,0.382978723,0.010638298,0.021276596,2.382978723,0.244680851,0.106382979,0.191489362,0.063829787,0.042553191,0.382978723,0,0.29787234,0.053191489,0.659574468,0.446808511,0.85106383,0.617021277,0.170212766,11.88297872,0.042553191,0.021276596,8256,94,0.661239781,0.94,0.657342657,1,33.635,12.87500372,9.658500952,56.9896016,153.1595745,136.7021277,0.5,2,136,152,0,0,0,0,0
622708,146,0.261146497,0.063694268,0.560509554,0.082802548,0.057324841,0.063694268,0.891719745,1.050955414,0.012738854,0.305732484,0.044585987,0.050955414,1.770700637,0.165605096,0.350318471,0.197452229,0.050955414,0.050955414,0.324840764,0.012738854,0.267515924,0.184713376,0.859872611,0.21656051,0.993630573,0.611464968,0.121019108,9.363057325,0.089171975,0.063694268,8313,157,0.719913665,0.957317073,0.670940171,1,43.857,17.09791324,11.86703963,-18.1335567,390.7961783,136.5541401,0.232142857,1,163,0,0,0,0,0,0
622708,147,0.197368421,0.171052632,0.763157895,0.157894737,0.052631579,0.026315789,0.842105263,1.236842105,0.039473684,0.460526316,0.026315789,0.039473684,1.381578947,0.302631579,0.052631579,0.210526316,0.065789474,0.052631579,0.25,0,0.5,0.210526316,3.513157895,0.328947368,0.723684211,0.789473684,0.118421053,11.17105263,0.052631579,0.092105263,8370,76,0.7874821,0.926829268,0.690909091,1,30.434,12.6877967,7.819965191,29.1537012,450.0526316,137.9342105,0.675675676,3,138,141,148,0,0,0,0
622708,148,0.892857143,0.178571429,0.678571429,0.19047619,0.035714286,0.047619048,2.214285714,2.773809524,0.071428571,0.523809524,0.035714286,0.05952381,3.726190476,0.333333333,0.154761905,0.416666667,0.047619048,0.154761905,0.345238095,0,0.5,0.392857143,9.5,0.333333333,1.952380952,0.857142857,0.095238095,14.28571429,0.119047619,0.130952381,8427,84,0.662359352,0.943820225,0.7,1,32.047,12.15222852,9.104282936,-80.42581287,440.9285714,137.4642857,0.525,2,141,147,0,0,0,0,0
622708,149,0.776923077,0.076923077,0.507692308,0.169230769,0.030769231,0.046153846,1.361538462,1.630769231,0.076923077,0.384615385,0.084615385,0.038461538,2.807692308,0.338461538,0.461538462,0.3,0.061538462,0.069230769,0.330769231,0,0.461538462,0.2,0.569230769,0.315384615,1.307692308,0.753846154,0.153846154,12.17692308,0.046153846,0.153846154,8484,130,0.580659014,0.942028986,0.666666667,1,39.366,14.4391862,11.7556181,-14.9622197,623.7692308,137.9153846,0.019607843,1,173,0,0,0,0,0,0
622708,150,0.720779221,0.168831169,0.987012987,0.149350649,0.012987013,0.051948052,0.896103896,1.922077922,0.045454545,0.519480519,0.123376623,0.038961039,3.448051948,0.337662338,0.292207792,0.24025974,0.051948052,0.064935065,0.487012987,0.006493506,0.305194805,0.214285714,1.798701299,0.207792208,0.675324675,0.714285714,0.12987013,11.85714286,0.103896104,0.155844156,8541,154,0.642752103,0.93902439,0.696832579,1,43.749,16.29721168,12.48487397,-4.742888774,76.1038961,138.1233766,0,0,0,0,0,0,0,0,0
622708,151,1.175675676,0.148648649,0.297297297,0.040540541,0.040540541,0.040540541,1.77027027,1.364864865,0.067567568,0.405405405,0.040540541,0.067567568,8.743243243,0.189189189,0.067567568,0.22972973,0.040540541,0.067567568,0.081081081,0,0.797297297,0.148648649,0.405405405,0.189189189,0.689189189,0.675675676,0.027027027,6.810810811,0.040540541,0.094594595,8598,74,0.644957642,0.936708861,0.685185185,1,28.863,11.2371885,8.58766531,4.841979549,786.7432432,138.1351351,0.540540541,1,158,0,0,0,0,0,0
622708,152,0.920353982,0.150442478,0.486725664,0.221238938,0.061946903,0.053097345,1.203539823,1.778761062,0.03539823,0.353982301,0.026548673,0.017699115,2.451327434,0.274336283,0.681415929,0.256637168,0.026548673,0.053097345,0.345132743,0.008849558,0.380530973,0.10619469,0.460176991,0.292035398,0.92920354,0.646017699,0.097345133,10.47787611,0.14159292,0.123893805,8654,113,0.540480401,0.974137931,0.724358974,1,35.322,13.16030477,11.07250933,21.44116015,142.2300885,139.5221239,0.282608696,1,145,0,0,0,0,0,0
622708,153,0.222222222,0.076923077,1.153846154,0.068376068,0.017094017,0.094017094,0.846153846,1.076923077,0.068376068,0.136752137,0.05982906,0.085470085,0.829059829,0.188034188,0.051282051,0.213675214,0.025641026,0.025641026,0.384615385,0.008547009,0.299145299,0.205128205,3.538461538,0.153846154,0.512820513,0.452991453,0.076923077,9.982905983,0.034188034,0.05982906,8711,117,0.576799187,0.9140625,0.692307692,1,38.481,13.85886048,11.32110877,67.96762768,352.4871795,141.008547,0.382978723,1,154,0,0,0,0,0,0
622708,154,0.083333333,0.066666667,0.883333333,0.083333333,0,0,0.333333333,0.916666667,0.033333333,0.166666667,0.033333333,0,1.266666667,0.183333333,0,0.233333333,0.016666667,0.1,0.266666667,0,0.25,0.266666667,8.733333333,0.183333333,0.533333333,1,0.133333333,9.45,0.05,0.133333333,8768,60,0.671539735,0.9375,0.75,1,25.654,10.32672967,7.651781851,72.0268006,360.0666667,142.7333333,0.53125,1,153,0,0,0,0,0,0
622708,155,0.538461538,0.153846154,0.67032967,0.208791209,0.054945055,0.032967033,1.263736264,1.956043956,0.054945055,0.56043956,0.098901099,0.054945055,2.263736264,0.43956044,0.010989011,0.21978022,0.054945055,0.021978022,0.32967033,0.010989011,0.472527473,0.230769231,0.659340659,0.351648352,1.208791209,0.626373626,0.120879121,13.62637363,0.043956044,0.153846154,8825,91,0.471020941,0.957894737,0.689393939,1,31.865,11.58494825,10.21933805,-70.56325975,183.8571429,145.7032967,0.390243902,1,159,0,0,0,0,0,0
622708,156,0.541666667,0.111111111,0.611111111,0.208333333,0.027777778,0.083333333,0.847222222,1.402777778,0.041666667,0.527777778,0.069444444,0.041666667,2.430555556,0.222222222,0.305555556,0.347222222,0.013888889,0.069444444,0.625,0,0.263888889,0.111111111,6.736111111,0.236111111,0.805555556,0.819444444,0.083333333,8.736111111,0.125,0.097222222,8882,72,0.723597813,0.947368421,0.666666667,1,29.872,11.77958804,8.13052908,-74.34613962,703.8055556,144.1388889,0.833333333,3,157,169,175,0,0,0,0
622708,157,1.149425287,0.126436782,0.91954023,0.126436782,0.022988506,0.08045977,1.287356322,2.528735632,0.068965517,0.413793103,0.08045977,0.068965517,4,0.287356322,0.804597701,0.425287356,0.057471264,0.034482759,0.804597701,0.034482759,0.344827586,0.252873563,5.172413793,0.413793103,1,0.965517241,0.126436782,11.89655172,0.034482759,0.218390805,8939,87,0.619389479,0.896907216,0.659090909,1,33.064,12.27261494,9.635031957,-61.81887344,711.4597701,144.6551724,0.43902439,1,156,0,0,0,0,0,0
622708,158,1.376068376,0.145299145,0.299145299,0.196581197,0.034188034,0.034188034,1.58974359,1.615384615,0.068376068,0.435897436,0.025641026,0.068376068,6.854700855,0.307692308,0.179487179,0.299145299,0.034188034,0.085470085,0.418803419,0.008547009,0.666666667,0.179487179,0.504273504,0.299145299,1.085470085,0.581196581,0.094017094,10.22222222,0.076923077,0.051282051,8996,117,0.794857561,0.886363636,0.664772727,1,40.466,16.24223679,9.855725277,3.803269135,783.6666667,145.3931624,0.4,1,151,0,0,0,0,0,0
622708,159,0.2875,0.15,0.825,0.125,0.0375,0.0375,0.8875,1.325,0.0125,0.275,0.05,0.025,0.95,0.225,0.75,0.0875,0.025,0.0375,0.8,0,0.425,0.2375,8.7,0.1625,0.9625,0.575,0.0625,11.0125,0.1,0.0875,9053,80,0.740320267,0.888888889,0.606060606,1,31.865,12.49402704,8.399163944,46.60811764,192.525,147.775,0.8,2,155,174,0,0,0,0,0
622708,160,0.583333333,0.208333333,0.697916667,0.135416667,0.020833333,0.052083333,0.885416667,1.21875,0.020833333,0.25,0.041666667,0.03125,2.020833333,0.25,0.03125,0.34375,0.0625,0.041666667,0.354166667,0.010416667,0.322916667,0.239583333,11.59375,0.177083333,0.6875,0.90625,0.0625,11.05208333,0.114583333,0.125,9110,96,0.339251754,0.96,0.727272727,1,32.328,11.51245675,10.82971763,-80.95574711,111.5208333,146.3958333,0,0,0,0,0,0,0,0,0
622708,161,0.483516484,0.120879121,0.637362637,0.142857143,0.032967033,0.054945055,1.428571429,1.472527473,0.010989011,0.571428571,0.076923077,0.043956044,2.340659341,0.340659341,0.021978022,0.318681319,0.010989011,0.076923077,0.384615385,0.043956044,0.703296703,0.21978022,0.483516484,0.208791209,1.274725275,0.758241758,0.186813187,13.57142857,0.120879121,0.197802198,9167,91,0.383245325,0.947916667,0.689393939,1,31.865,11.33702196,10.47140166,85.45972559,312.0549451,147.4945055,0.463414634,2,143,162,0,0,0,0,0
622708,162,0.580246914,0.135802469,1.049382716,0.197530864,0.061728395,0.111111111,1.345679012,1.074074074,0.086419753,0.333333333,0.074074074,0.012345679,3.62962963,0.172839506,0.086419753,0.185185185,0.024691358,0.061728395,0.37037037,0.012345679,0.333333333,0.12345679,0.580246914,0.197530864,1.271604938,0.777777778,0.061728395,10.82716049,0.061728395,0.012345679,9224,81,0.667383236,0.880434783,0.675,1,31.683,12.12910938,9.032723061,-75.57377021,320.2962963,146.7901235,0.43902439,1,161,0,0,0,0,0,0
622708,163,0.390977444,0.157894737,0.676691729,0.15037594,0.015037594,0.045112782,1.233082707,1.060150376,0.030075188,0.315789474,0.052631579,0.052631579,3.022556391,0.203007519,0.052631579,0.248120301,0.060150376,0.015037594,0.293233083,0.037593985,0.308270677,0.293233083,6.323308271,0.233082707,2.368421053,0.586466165,0.060150376,11.04511278,0.105263158,0.142857143,9281,133,0.42741462,0.95,0.730769231,1,38.233,13.74710161,12.42814583,-24.41310964,396.2481203,149.0300752,0.22,1,146,0,0,0,0,0,0
622708,164,0.452631579,0.063157895,0.4,0.157894737,0,0.031578947,1.578947368,1.631578947,0.084210526,0.252631579,0.021052632,0.021052632,2.568421053,0.294736842,0.473684211,0.210526316,0.094736842,0.115789474,0.336842105,0.021052632,0.315789474,0.115789474,0.578947368,0.273684211,1.305263158,0.526315789,0.136842105,10.28421053,0.063157895,0.115789474,9338,95,0.448412571,0.95959596,0.71969697,1,32.146,11.74040146,10.49388427,-0.359179387,416.8736842,148.2526316,0,0,0,0,0,0,0,0,0
622708,165,0.892857143,0.080357143,0.696428571,0.178571429,0.017857143,0.0625,1.089285714,1.196428571,0.0625,0.3125,0.053571429,0.035714286,2.508928571,0.25,0.017857143,0.205357143,0.026785714,0.035714286,0.419642857,0,0.321428571,0.178571429,1.366071429,0.25,2.366071429,0.8125,0.0625,12.05357143,0.071428571,0.125,9395,112,0.338315588,0.957264957,0.717948718,1,34.958,12.38773522,11.65726405,1.477745653,469.0446429,148.6339286,0.086956522,1,184,0,0,0,0,0,0
622708,166,0.978947368,0.084210526,0.410526316,0.157894737,0.010526316,0.073684211,0.873684211,1.421052632,0.052631579,0.326315789,0.042105263,0.042105263,4.347368421,0.231578947,0.126315789,0.2,0.052631579,0,0.189473684,0.010526316,0.305263158,0.073684211,0.557894737,0.242105263,1.042105263,0.547368421,0.042105263,8.105263158,0.094736842,0.073684211,9452,95,0.641703886,0.931372549,0.730769231,1,33.825,12.70167036,9.741577718,19.01875727,527.3684211,148.5578947,0,0,0,0,0,0,0,0,0
622708,167,0.436893204,0.09223301,0.674757282,0.13592233,0.014563107,0.106796117,1.233009709,1.17961165,0.038834951,0.305825243,0.077669903,0.029126214,2.77184466,0.242718447,0.441747573,0.22815534,0.04368932,0.053398058,0.339805825,0.009708738,0.305825243,0.203883495,1.169902913,0.165048544,1.252427184,0.655339806,0.111650485,11.63106796,0.082524272,0.111650485,9509,206,0.610239576,0.932126697,0.677631579,1,52.003,18.55334823,14.69827653,-74.36229745,210.5776699,151.3495146,0.149253731,1,174,0,0,0,0,0,0
622708,168,0.283950617,0.098765432,0.49382716,0.098765432,0,0.111111111,1.50617284,1.444444444,0.024691358,0.358024691,0.049382716,0.024691358,2.604938272,0.234567901,0.037037037,0.135802469,0.049382716,0.012345679,0.172839506,0.049382716,0.283950617,0.135802469,1.432098765,0.160493827,1.283950617,0.62962963,0.049382716,8.481481481,0.061728395,0.086419753,9565,81,0.664793794,0.920454545,0.675,1,32.204,12.12652164,9.058838046,25.5737314,281.0864198,148.4444444,0.820512821,2,171,172,0,0,0,0,0
622708,169,1.166666667,0.055555556,0.277777778,0.240740741,0,0.037037037,1.203703704,1.425925926,0.074074074,0.481481481,0.055555556,0.092592593,2.777777778,0.333333333,0.018518519,0.425925926,0.12962963,0.018518519,0.444444444,0.018518519,0.5,0.148148148,0.703703704,0.296296296,1.148148148,0.888888889,0.111111111,10.53703704,0.055555556,0.111111111,9622,54,0.768447449,0.981818182,0.701298701,1,25.191,10.64983726,6.814968237,-3.387551182,697.8333333,148.5925926,0.870967742,2,156,175,0,0,0,0,0
622708,170,0.4,0.114285714,0.557142857,0.128571429,0.042857143,0.071428571,0.914285714,1.571428571,0.028571429,0.4,0.085714286,0.042857143,3.228571429,0.328571429,0.3,0.214285714,0.014285714,0,0.185714286,0,0.285714286,0.085714286,1.071428571,0.2,0.928571429,0.714285714,0.142857143,11.02857143,0.128571429,0.128571429,9679,70,0.675246393,0.933333333,0.648148148,1,30.616,11.61350367,8.566030158,-71.90579166,266.5714286,150.7142857,0.486486486,2,171,187,0,0,0,0,0
622708,171,0.279569892,0.086021505,0.870967742,0.107526882,0.053763441,0.032258065,0.731182796,1.344086022,0.043010753,0.150537634,0.043010753,0.053763441,1.870967742,0.258064516,0.032258065,0.247311828,0.053763441,0.053763441,0.290322581,0,0.301075269,0.215053763,14.48387097,0.129032258,0.838709677,0.720430108,0.064516129,9.064516129,0.053763441,0.096774194,9736,93,0.863823669,0.869158879,0.688888889,1,37.348,15.89863129,8.009639392,-75.85205801,273.4193548,151.9784946,0.863636364,3,168,170,187,0,0,0,0
622708,172,0.247933884,0.132231405,0.776859504,0.148760331,0.033057851,0.041322314,1.487603306,1.231404959,0.049586777,0.380165289,0.033057851,0.016528926,1.132231405,0.123966942,0.074380165,0.247933884,0.049586777,0.074380165,0.256198347,0.008264463,0.247933884,0.157024793,4.487603306,0.165289256,0.925619835,0.719008264,0.115702479,9.58677686,0.074380165,0.090909091,9793,121,0.188666732,0.902985075,0.617346939,1,39.639,13.01329486,12.77959134,-80.50988449,289.5041322,152.1735537,0.392156863,1,168,0,0,0,0,0,0
622708,173,0.38961039,0.123376623,0.954545455,0.11038961,0.058441558,0.058441558,1.318181818,1.681818182,0.077922078,0.350649351,0.071428571,0.045454545,1.974025974,0.25974026,0.058441558,0.214285714,0.038961039,0.077922078,0.266233766,0.006493506,0.435064935,0.149350649,2.435064935,0.246753247,0.75974026,0.564935065,0.103896104,11.01298701,0.064935065,0.071428571,9850,154,0.557262527,0.93902439,0.733333333,1,43.468,15.53874651,12.90238626,-70.63080628,638.0324675,148.038961,0.053571429,2,149,177,0,0,0,0,0
622708,174,0.257425743,0.118811881,0.782178218,0.089108911,0.03960396,0.079207921,0.732673267,1.099009901,0.03960396,0.237623762,0.04950495,0.02970297,1.158415842,0.198019802,0.742574257,0.158415842,0.03960396,0.128712871,0.693069307,0.02970297,0.346534653,0.227722772,8.891089109,0.178217822,0.524752475,0.504950495,0.099009901,9.881188119,0.059405941,0.128712871,9907,101,0.771506328,0.926605505,0.655844156,1,35.694,14.56128597,9.264205356,25.4704789,196.4257426,154.4257426,0.644444444,2,159,167,0,0,0,0,0
622708,175,0.780487805,0.134146341,0.609756098,0.158536585,0.024390244,0.085365854,1.926829268,1.817073171,0.085365854,0.329268293,0.048780488,0.097560976,2.62195122,0.304878049,0.731707317,0.451219512,0.085365854,0.073170732,0.548780488,0.024390244,0.390243902,0.158536585,1.048780488,0.243902439,1.585365854,0.853658537,0.158536585,15.23170732,0.097560976,0.207317073,9964,82,0.792905241,0.863157895,0.630769231,1,33.982,13.68491387,8.338833281,2.227816409,696.2195122,154.5243902,0.85,3,156,169,186,0,0,0,0
622708,176,1.471428571,0.114285714,0.285714286,0.114285714,0.028571429,0.014285714,1.371428571,1.985714286,0.057142857,0.385714286,0.071428571,0.028571429,3.971428571,0.157142857,0.071428571,0.271428571,0.057142857,0.028571429,0.314285714,0.042857143,0.328571429,0.171428571,0.557142857,0.271428571,0.714285714,0.471428571,0.114285714,8.385714286,0.1,0.157142857,10021,70,0.40345808,0.945945946,0.777777778,1,27.432,9.99179933,9.142477702,-59.65253793,61,156.4,0.558823529,2,181,189,0,0,0,0,0
622708,177,0.658959538,0.10982659,0.751445087,0.190751445,0.01734104,0.069364162,1.421965318,1.560693642,0.028901734,0.329479769,0.069364162,0.023121387,3.057803468,0.283236994,2.375722543,0.312138728,0.075144509,0.057803468,1.757225434,0.028901734,0.38150289,0.208092486,6.439306358,0.294797688,1.98265896,0.797687861,0.092485549,13.59537572,0.086705202,0.132947977,10078,173,0.514556305,0.950549451,0.678431373,1,45.933,16.16829316,13.86360956,27.61880853,624.2369942,157.3757225,0.033333333,1,173,0,0,0,0,0,0
622708,178,0.277310924,0.201680672,0.823529412,0.151260504,0,0.084033613,1.18487395,1.361344538,0.016806723,0.327731092,0.092436975,0.025210084,1.638655462,0.151260504,2.823529412,0.235294118,0.025210084,0.084033613,1.957983193,0.025210084,0.31092437,0.25210084,4.336134454,0.218487395,1.613445378,0.672268908,0.142857143,12.12605042,0.092436975,0.142857143,10135,119,0.189103994,0.959677419,0.762820513,1,36.066,12.48820171,12.26287792,85.10090755,338.5882353,157.0504202,0,0,0,0,0,0,0,0,0
622708,179,0.591304348,0.147826087,0.460869565,0.234782609,0.008695652,0.052173913,1.147826087,1.591304348,0.034782609,0.391304348,0.034782609,0.043478261,2.434782609,0.260869565,0.12173913,0.243478261,0.026086957,0.069565217,0.591304348,0.008695652,0.495652174,0.208695652,4.860869565,0.260869565,1.965217391,0.765217391,0.130434783,14.25217391,0.104347826,0.113043478,10192,115,0.450300514,0.92,0.737179487,1,38.969,13.12653116,11.72037857,-63.16393011,540.973913,158.0521739,0.520833333,2,185,194,0,0,0,0,0
622708,180,1.025641026,0.192307692,0.782051282,0.076923077,0.038461538,0.153846154,1.512820513,1.846153846,0.025641026,0.346153846,0.051282051,0.038461538,2.948717949,0.320512821,0.025641026,0.448717949,0.051282051,0.102564103,0.320512821,0,0.371794872,0.307692308,12.35897436,0.397435897,1.025641026,0.807692308,0.166666667,13.17948718,0.115384615,0.179487179,10249,78,0.565666899,0.951219512,0.709090909,1,29.326,11.18716359,9.225313595,69.97075314,796.4487179,157.7948718,0,0,0,0,0,0,0,0,0
622708,181,0.833333333,0.087301587,0.53968254,0.087301587,0.079365079,0.071428571,0.880952381,1.444444444,0.015873016,0.325396825,0.031746032,0.063492063,3.888888889,0.23015873,0.5,0.19047619,0.079365079,0.095238095,0.492063492,0.015873016,0.301587302,0.246031746,6.087301587,0.238095238,0.849206349,0.452380952,0.079365079,8.198412698,0.055555556,0.119047619,10306,126,0.703073686,0.9,0.646153846,1,41.483,15.5646848,11.06831201,-41.55561384,53.23015873,159.547619,0.431372549,2,176,189,0,0,0,0,0
622708,182,0.885416667,0.083333333,0.385416667,0.197916667,0.0625,0.041666667,1.25,1.770833333,0.03125,0.28125,0.052083333,0.03125,4.302083333,0.270833333,0.208333333,0.21875,0.041666667,0.052083333,0.385416667,0,0.385416667,0.09375,0.552083333,0.208333333,0.979166667,0.59375,0.09375,11.57291667,0.114583333,0.125,10363,96,0.52403384,0.96,0.8,1,32.022,12.03551601,10.25061821,4.966109397,76.41666667,159.3645833,0.3,1,189,0,0,0,0,0,0
622708,183,0.619883041,0.093567251,1.040935673,0.152046784,0.01754386,0.046783626,1.222222222,1.432748538,0.046783626,0.210526316,0.076023392,0.058479532,2.385964912,0.228070175,0.052631579,0.16374269,0.035087719,0.029239766,0.304093567,0.01754386,0.397660819,0.134502924,2.871345029,0.198830409,0.807017544,0.543859649,0.064327485,10.67836257,0.099415205,0.16374269,10420,171,0.166188611,0.966101695,0.76,1,43.559,14.91588369,14.70846318,36.30046456,101.7192982,158.8888889,0,0,0,0,0,0,0,0,0
622708,184,0.730263158,0.118421053,0.296052632,0.177631579,0.006578947,0.072368421,0.894736842,1.664473684,0.032894737,0.368421053,0.059210526,0.059210526,4.671052632,0.407894737,2.302631579,0.348684211,0.032894737,0.092105263,1.315789474,0.006578947,0.361842105,0.203947368,1.098684211,0.302631579,3.171052632,0.75,0.144736842,15.22368421,0.092105263,0.190789474,10476,152,0.443880908,0.938271605,0.678571429,1,43.03,14.9939146,13.43583378,-79.22621214,466.7434211,163.7763158,0.052631579,1,165,0,0,0,0,0,0
622708,185,0.460526316,0.131578947,0.368421053,0.184210526,0,0.052631579,0.921052632,1.065789474,0.039473684,0.210526316,0.026315789,0.105263158,2.592105263,0.223684211,0.039473684,0.157894737,0.039473684,0.078947368,0.289473684,0,0.381578947,0.144736842,0.973684211,0.236842105,0.868421053,0.473684211,0.052631579,9.855263158,0.039473684,0.092105263,10533,76,0.620730812,0.95,0.633333333,1,30.178,11.42258284,8.955576372,-89.77269068,532.7894737,161.1842105,0.447368421,1,179,0,0,0,0,0,0
622708,186,1.097014925,0.156716418,0.529850746,0.179104478,0.052238806,0.067164179,1.440298507,1.805970149,0.067164179,0.246268657,0.067164179,0.067164179,3.947761194,0.26119403,2.074626866,0.291044776,0.037313433,0.052238806,0.71641791,0.02238806,0.291044776,0.141791045,1.044776119,0.291044776,1.28358209,0.664179104,0.164179104,11.85074627,0.074626866,0.126865672,10590,134,0.678455068,0.917808219,0.683673469,1,41.045,15.43816241,11.34152096,49.86413001,699.0298507,163.4477612,0.615384615,2,175,188,0,0,0,0,0
622708,187,0.394957983,0.016806723,0.537815126,0.142857143,0.025210084,0.042016807,1.453781513,1.445378151,0.033613445,0.285714286,0.067226891,0.058823529,1.495798319,0.294117647,0.075630252,0.268907563,0.016806723,0.033613445,0.260504202,0.008403361,0.420168067,0.151260504,4.369747899,0.243697479,0.974789916,0.605042017,0.12605042,10.63865546,0.117647059,0.109243697,10647,119,0.686070378,0.944444444,0.721212121,1,37.199,14.52941862,10.57066318,-8.077044107,267.8907563,164.3697479,0.166666667,2,170,171,0,0,0,0,0
622708,188,1.01,0.1,0.52,0.2,0.05,0.04,1.23,1.38,0.08,0.29,0.05,0.06,3.93,0.36,0.04,0.28,0.07,0.05,0.26,0,0.36,0.17,1.1,0.16,1.05,0.73,0.07,8.18,0.04,0.09,10704,100,0.642918206,0.961538462,0.769230769,1,32.973,12.96038311,9.926808969,10.13955641,710.86,164.7,0.285714286,1,186,0,0,0,0,0,0
622708,189,0.452830189,0.132075472,0.710691824,0.157232704,0.037735849,0.056603774,1.037735849,1.874213836,0.06918239,0.408805031,0.037735849,0.100628931,2.893081761,0.34591195,3.402515723,0.308176101,0.056603774,0.119496855,1.352201258,0.006289308,0.427672956,0.226415094,3.811320755,0.327044025,1.144654088,0.647798742,0.094339623,13.13207547,0.132075472,0.169811321,10761,159,0.509032121,0.957831325,0.706666667,1,43.766,15.51265578,13.35248006,52.42068068,67.13836478,168.5220126,0.637931034,4,176,181,182,198,0,0,0
622708,190,0.238095238,0.066666667,0.561904762,0.076190476,0.019047619,0.038095238,0.514285714,0.857142857,0.00952381,0.285714286,0.066666667,0.047619048,1.323809524,0.180952381,0.352380952,0.180952381,0.028571429,0.038095238,0.380952381,0.00952381,0.19047619,0.2,7.038095238,0.114285714,0.638095238,0.676190476,0.076190476,7.942857143,0.057142857,0.085714286,10818,105,0.779085027,0.897435897,0.636363636,1,36.827,14.82021927,9.291066272,-5.051393459,392.0380952,168.0666667,0.347826087,1,200,0,0,0,0,0,0
622708,191,0.731481481,0.055555556,0.231481481,0.12037037,0.009259259,0.064814815,0.851851852,1.425925926,0.064814815,0.361111111,0.055555556,0.037037037,6.953703704,0.296296296,0.083333333,0.240740741,0.092592593,0.064814815,0.148148148,0,0.37962963,0.194444444,0.490740741,0.333333333,0.712962963,0.685185185,0.185185185,8.916666667,0.055555556,0.101851852,10875,108,0.612768841,0.939130435,0.642857143,1,35.81,13.30296174,10.51282784,27.81493963,670.3981481,169.4444444,0,0,0,0,0,0,0,0,0
622708,192,0.843137255,0.068627451,0.852941176,0.166666667,0.049019608,0.039215686,1.5,1.81372549,0.078431373,0.401960784,0.039215686,0.029411765,3.588235294,0.245098039,0.068627451,0.225490196,0.078431373,0.098039216,0.460784314,0.009803922,0.421568627,0.205882353,9.098039216,0.147058824,0.843137255,0.823529412,0.107843137,10.8627451,0.088235294,0.078431373,10932,102,0.568142467,0.953271028,0.713286713,1,33.552,12.65449691,10.41376785,9.256286823,778.9607843,170.9215686,0.181818182,1,203,0,0,0,0,0,0
622708,193,0.3828125,0.15625,0.6171875,0.140625,0.015625,0.0546875,1.1640625,1.6171875,0.046875,0.46875,0.09375,0.0234375,1.515625,0.25,0.0390625,0.2578125,0.046875,0.09375,0.2578125,0.0078125,0.3984375,0.25,5.5234375,0.2109375,0.84375,0.6953125,0.1015625,13.6640625,0.140625,0.1484375,10989,128,0.680012091,0.948148148,0.703296703,1,40.168,15.19491233,11.14092335,-31.53724021,158.8671875,173.515625,0.367346939,1,195,0,0,0,0,0,0
622708,194,0.232394366,0.105633803,0.964788732,0.154929577,0.035211268,0.070422535,1.098591549,0.978873239,0.035211268,0.183098592,0.070422535,0.014084507,0.795774648,0.112676056,0.021126761,0.176056338,0.014084507,0.063380282,0.338028169,0.007042254,0.302816901,0.11971831,3.225352113,0.112676056,0.915492958,0.598591549,0.063380282,10.26056338,0.084507042,0.056338028,11046,142,0.471549181,0.953020134,0.724489796,1,40.193,14.40634941,12.70409177,53.201664,542.4929577,171.5492958,0.211538462,1,179,0,0,0,0,0,0
622708,195,0.460674157,0.146067416,0.539325843,0.123595506,0.02247191,0.056179775,0.775280899,1.696629213,0.078651685,0.247191011,0.011235955,0,1.696629213,0.258426966,0.02247191,0.314606742,0.06741573,0.011235955,0.258426966,0.011235955,0.415730337,0.123595506,0.876404494,0.247191011,0.887640449,0.674157303,0.06741573,11.20224719,0.112359551,0.134831461,11103,89,0.697775026,0.89,0.674242424,1,34.354,13.1669773,9.43172939,-40.75888782,168.6966292,172.6741573,0.428571429,1,193,0,0,0,0,0,0
622708,196,0.291044776,0.082089552,1.235074627,0.47761194,0.041044776,0.059701493,1.429104478,1.044776119,0.037313433,0.276119403,0.082089552,0.029850746,1.723880597,0.208955224,0.641791045,0.26119403,0.03358209,0.074626866,0.507462687,0.007462687,0.27238806,0.220149254,2.71641791,0.231343284,0.541044776,0.805970149,0.108208955,14.57089552,0.100746269,0.145522388,11160,268,0.564141184,0.964028777,0.676767677,1,57.255,20.54257118,16.96155611,-11.39569522,210.2089552,173.4514925,0,0,0,0,0,0,0,0,0
622708,197,0.587412587,0.167832168,0.559440559,0.132867133,0.034965035,0.062937063,1.531468531,1.972027972,0.055944056,0.391608392,0.048951049,0.048951049,2.020979021,0.356643357,0.055944056,0.27972028,0.055944056,0.083916084,0.475524476,0.006993007,0.195804196,0.167832168,3.090909091,0.20979021,0.685314685,0.797202797,0.146853147,10.99300699,0.097902098,0.13986014,11217,143,0.661528436,0.87195122,0.680952381,1,47.206,16.70013778,12.52376869,71.73967169,745.8811189,176.3776224,0.383333333,1,206,0,0,0,0,0,0
622708,198,0.422222222,0.077777778,0.233333333,0.077777778,0.044444444,0.066666667,1.588888889,1.422222222,0.044444444,0.222222222,0.044444444,0.044444444,6.633333333,0.244444444,0.433333333,0.266666667,0.055555556,0.033333333,0.544444444,0.011111111,0.377777778,0.333333333,7.877777778,0.211111111,1.233333333,0.788888889,0.088888889,11.54444444,0.011111111,0.055555556,11274,90,0.540543099,0.9375,0.681818182,1,34.255,12.12500813,10.20096728,69.70706859,77.63333333,173.8,0.7,2,189,199,0,0,0,0,0
622708,199,0.153846154,0.102564103,0.243589744,0.051282051,0.025641026,0.025641026,1.602564103,1.435897436,0.141025641,0.230769231,0.038461538,0.025641026,6.58974359,0.115384615,0.141025641,0.307692308,0.051282051,0.076923077,0.141025641,0,0.564102564,0.076923077,0.461538462,0.243589744,0.782051282,0.525641026,0.08974359,5.538461538,0.051282051,0.115384615,11331,78,0.65956639,0.928571429,0.722222222,1,30.616,11.83810219,8.898065848,80.64535816,85.33333333,173.8333333,0.473684211,1,198,0,0,0,0,0,0
622708,200,0.419753086,0.061728395,0.617283951,0.172839506,0.012345679,0.074074074,0.888888889,1.185185185,0.024691358,0.12345679,0.061728395,0.074074074,2.777777778,0.283950617,1.938271605,0.209876543,0.024691358,0.111111111,0.75308642,0.012345679,0.283950617,0.209876543,0.814814815,0.148148148,1.074074074,0.617283951,0.086419753,10.44444444,0.074074074,0.111111111,11387,81,0.5433431,0.952941176,0.736363636,1,29.88,11.16896576,9.376466665,-31.83963951,389.7037037,176.1481481,0.432432432,1,190,0,0,0,0,0,0
622708,201,0.836601307,0.071895425,0.640522876,0.163398693,0,0.039215686,1.418300654,1.450980392,0.058823529,0.418300654,0.065359477,0.052287582,4.758169935,0.320261438,3.026143791,0.241830065,0.045751634,0.08496732,1.496732026,0.019607843,0.31372549,0.183006536,2.137254902,0.274509804,2.058823529,0.758169935,0.156862745,13.4248366,0.065359477,0.150326797,11444,153,0.411230923,0.96835443,0.728571429,1,41.326,14.68256943,13.38362013,52.1707937,410.5816993,175.8300654,0,0,0,0,0,0,0,0,0
622708,202,0.689655172,0.068965517,0.551724138,0.126436782,0.034482759,0.022988506,1.563218391,2.252873563,0.034482759,0.67816092,0.068965517,0.022988506,5.436781609,0.287356322,0.643678161,0.310344828,0.045977011,0.045977011,0.379310345,0.011494253,0.620689655,0.218390805,0.666666667,0.183908046,0.91954023,0.977011494,0.172413793,14.43678161,0.091954023,0.114942529,11501,87,0.272474676,0.956043956,0.719008264,1,30.277,10.8044727,10.39566337,-23.82461365,570.045977,175.8965517,0,0,0,0,0,0,0,0,0
622708,203,0.723076923,0.130769231,0.892307692,0.138461538,0.038461538,0.061538462,1.153846154,1.692307692,0.030769231,0.307692308,0.138461538,0.046153846,2.807692308,0.184615385,0.061538462,0.261538462,0.030769231,0.061538462,0.361538462,0.007692308,0.392307692,0.192307692,3.469230769,0.215384615,0.630769231,0.623076923,0.130769231,10.06923077,0.061538462,0.1,11558,130,0.523281367,0.962962963,0.773809524,1,37.563,13.98581019,11.91814757,-13.30494532,765.5923077,174.4615385,0.375,2,192,206,0,0,0,0,0
622708,204,0.566878981,0.146496815,1.095541401,0.178343949,0.025477707,0.01910828,1.624203822,1.789808917,0.057324841,0.356687898,0.108280255,0.050955414,2.840764331,0.312101911,0.050955414,0.356687898,0.025477707,0.044585987,0.560509554,0.006369427,0.350318471,0.210191083,2.25477707,0.299363057,2.547770701,0.76433121,0.140127389,18.42038217,0.089171975,0.114649682,11615,157,0.484197186,0.957317073,0.747619048,1,41.971,15.18693422,13.28794333,4.818679498,620.8280255,177.5031847,0.166666667,1,220,0,0,0,0,0,0
622708,205,0.539130435,0.191304348,1.104347826,0.12173913,0.060869565,0.034782609,0.608695652,1.113043478,0.026086957,0.234782609,0.095652174,0.043478261,2.226086957,0.156521739,0.365217391,0.226086957,0.052173913,0.043478261,0.495652174,0.017391304,0.234782609,0.095652174,1.408695652,0.156521739,0.434782609,0.504347826,0.069565217,11.03478261,0.07826087,0.043478261,11672,115,0.600775452,0.958333333,0.804195804,1,36.43,13.62276717,10.89028288,27.71780969,706.773913,177.9913043,0.326086957,1,221,0,0,0,0,0,0
622708,206,0.766233766,0.077922078,0.818181818,0.142857143,0.090909091,0.064935065,1.532467532,2.038961039,0.012987013,0.454545455,0.077922078,0.025974026,3.415584416,0.363636364,0.103896104,0.441558442,0.025974026,0.025974026,0.246753247,0.012987013,0.467532468,0.090909091,2.649350649,0.090909091,0.38961039,0.662337662,0.038961039,12.07792208,0.077922078,0.25974026,11729,77,0.534134616,0.865168539,0.636363636,1,31.493,11.0471368,9.339243255,-45.14210587,754.1298701,177.9220779,0.825,2,197,203,0,0,0,0,0
622708,207,0.408536585,0.176829268,0.957317073,0.140243902,0.054878049,0.06097561,1.256097561,1.323170732,0.042682927,0.323170732,0.06097561,0.030487805,2.073170732,0.268292683,0.054878049,0.243902439,0.024390244,0.036585366,0.37804878,0.006097561,0.43902439,0.219512195,4.493902439,0.213414634,2.469512195,0.615853659,0.079268293,12.07926829,0.097560976,0.12804878,11786,164,0.471735845,0.964705882,0.780952381,1,42.707,15.4721975,13.64245424,-28.15567605,478.8536585,181.0487805,0,0,0,0,0,0,0,0,0
622708,208,0.820754717,0.122641509,0.896226415,0.141509434,0.075471698,0.075471698,1.141509434,1.424528302,0.028301887,0.386792453,0.066037736,0.028301887,1.330188679,0.226415094,0.103773585,0.245283019,0.028301887,0.028301887,0.462264151,0.009433962,0.320754717,0.122641509,1.320754717,0.20754717,0.79245283,0.650943396,0.066037736,11.03773585,0.08490566,0.169811321,11843,106,0.32331668,0.905982906,0.630952381,1,39.151,12.56927473,11.89418935,63.40234277,54.53773585,181.5754717,0.416666667,2,215,224,0,0,0,0,0
622708,209,1.191919192,0.090909091,0.525252525,0.252525253,0.050505051,0.101010101,2.757575758,2.181818182,0.050505051,0.414141414,0.080808081,0.04040404,5.858585859,0.444444444,0.090909091,0.404040404,0.080808081,0.04040404,0.232323232,0,0.535353535,0.202020202,1.050505051,0.282828283,1.252525253,0.686868687,0.121212121,13.15151515,0.121212121,0.121212121,11900,99,0.475061977,0.961165049,0.75,1,32.419,12.03203874,10.58762062,62.59545141,603.2424242,183.5252525,0,0,0,0,0,0,0,0,0
622708,210,0.171717172,0.101010101,1.050505051,0.080808081,0.01010101,0.101010101,0.585858586,1.101010101,0.04040404,0.262626263,0.03030303,0.01010101,0.616161616,0.171717172,0.080808081,0.242424242,0.080808081,0.050505051,0.363636364,0,0.323232323,0.252525253,4.727272727,0.141414141,0.535353535,0.606060606,0.131313131,11.53535354,0.060606061,0.080808081,11957,99,0.684549662,0.853448276,0.543956044,1,39.912,14.10019559,10.27856638,-34.94934894,269.5050505,183.6464646,0.5,1,214,0,0,0,0,0,0
622708,211,0.383928571,0.116071429,0.794642857,0.178571429,0.035714286,0.044642857,1.508928571,1.544642857,0.071428571,0.267857143,0.044642857,0.053571429,2.696428571,0.196428571,0.098214286,0.25,0.026785714,0.071428571,0.303571429,0.017857143,0.357142857,0.232142857,7.544642857,0.232142857,0.875,0.883928571,0.169642857,13.04464286,0.116071429,0.089285714,12014,112,0.544042206,0.957264957,0.783216783,1,34.842,13.0921197,10.98504582,11.88529554,287.0714286,183.8214286,0,0,0,0,0,0,0,0,0
622708,212,0.640350877,0.061403509,0.438596491,0.035087719,0.01754386,0.026315789,1.649122807,2.043859649,0.026315789,0.342105263,0.061403509,0.035087719,8.254385965,0.333333333,0.157894737,0.48245614,0.087719298,0.035087719,0.324561404,0.026315789,0.350877193,0.219298246,4.719298246,0.271929825,2.263157895,0.771929825,0.114035088,14.12280702,0.096491228,0.122807018,12071,114,0.387866506,0.94214876,0.730769231,1,35.694,12.6312385,11.64240907,-33.52187428,554.9122807,183.4736842,0.413043478,1,223,0,0,0,0,0,0
622708,213,0.247619048,0.114285714,1.076190476,0.057142857,0.028571429,0.057142857,0.552380952,0.780952381,0.019047619,0.228571429,0.047619048,0.00952381,1.704761905,0.295238095,0.476190476,0.171428571,0.028571429,0.047619048,0.6,0.00952381,0.219047619,0.066666667,5.114285714,0.142857143,0.59047619,0.466666667,0.076190476,10.25714286,0.038095238,0.123809524,12128,105,0.537440336,0.954545455,0.734265734,1,34.197,12.69710511,10.70749129,19.06497364,236.8857143,187.6380952,0,0,0,0,0,0,0,0,0
622708,214,0.544117647,0.073529412,0.764705882,0.147058824,0.058823529,0.029411765,0.897058824,1.544117647,0.029411765,0.323529412,0,0.014705882,1.705882353,0.176470588,0.147058824,0.25,0.073529412,0.029411765,0.323529412,0,0.294117647,0.132352941,1.602941176,0.176470588,0.808823529,0.588235294,0.058823529,12.11764706,0.029411765,0.088235294,12185,68,0.752289021,0.871794872,0.68,1,30.153,12.00862037,7.911678178,-33.45349495,264.3676471,188.0588235,0.631578947,1,210,0,0,0,0,0,0
622708,215,0.857142857,0.076190476,0.628571429,0.180952381,0.028571429,0.038095238,1.904761905,1.619047619,0.095238095,0.323809524,0.076190476,0.047619048,3.60952381,0.20952381,0.380952381,0.276190476,0.038095238,0.057142857,0.819047619,0,0.266666667,0.228571429,3.066666667,0.19047619,1.076190476,0.704761905,0.095238095,11.87619048,0.066666667,0.152380952,12242,105,0.392237252,0.913043478,0.673076923,1,36.984,12.40023622,11.40653197,-31.59958253,51.42857143,190.5714286,0.666666667,2,208,224,0,0,0,0,0
622708,216,0.386206897,0.165517241,0.744827586,0.137931034,0.020689655,0.04137931,0.868965517,1.062068966,0.055172414,0.282758621,0.068965517,0.020689655,1.634482759,0.24137931,0.910344828,0.24137931,0.027586207,0.082758621,0.986206897,0.013793103,0.386206897,0.165517241,3.924137931,0.227586207,0.917241379,0.496551724,0.103448276,10.97241379,0.034482759,0.110344828,12298,145,0.672389722,0.960264901,0.644444444,1,42.269,15.92437484,11.78717946,39.47332084,165.3793103,188.7793103,0.240740741,1,219,0,0,0,0,0,0
622708,217,0.904,0.168,0.664,0.168,0.056,0.096,1.888,2.216,0.072,0.448,0.072,0.04,4.696,0.36,0.368,0.336,0.072,0.112,0.664,0.008,0.392,0.168,1.248,0.224,1.904,0.84,0.08,14.936,0.104,0.208,12355,125,0.560109956,0.961538462,0.694444444,1,37.679,13.96287006,11.56709672,-5.724383379,671.016,188.288,0,0,0,0,0,0,0,0,0
622708,218,0.717391304,0.173913043,0.510869565,0.163043478,0.076086957,0.097826087,1.706521739,1.576086957,0.043478261,0.434782609,0.054347826,0.043478261,4.445652174,0.206521739,0.02173913,0.293478261,0.097826087,0.054347826,0.402173913,0.043478261,0.608695652,0.282608696,12.17391304,0.173913043,1.619565217,0.695652174,0.173913043,11.52173913,0.119565217,0.22826087,12412,92,0.317219098,0.948453608,0.638888889,1,32.444,11.22461406,10.64488832,-46.47002434,315.423913,189.2717391,0.261904762,1,234,0,0,0,0,0,0
622708,219,0.678571429,0.142857143,0.785714286,0.151785714,0.035714286,0.0625,1.25,1.3125,0.0625,0.3125,0.0625,0.008928571,3.035714286,0.392857143,0.044642857,0.178571429,0.0625,0.026785714,0.446428571,0.008928571,0.232142857,0.214285714,2,0.196428571,1.107142857,0.553571429,0.053571429,9.669642857,0.053571429,0.089285714,12469,112,0.36199046,0.949152542,0.777777778,1,34.933,12.45281264,11.60828529,63.69965337,177.5357143,189.625,0.295454545,1,216,0,0,0,0,0,0
622708,220,1.097826087,0.065217391,0.619565217,0.163043478,0.010869565,0.065217391,1.413043478,1.956521739,0,0.304347826,0.065217391,0.054347826,3.869565217,0.380434783,0.032608696,0.27173913,0.032608696,0.054347826,0.336956522,0,0.326086957,0.130434783,0.673913043,0.239130435,1.445652174,0.597826087,0.119565217,11.63043478,0.130434783,0.130434783,12526,92,0.459629557,0.93877551,0.696969697,1,31.683,11.56460202,10.27064716,-29.28012895,619.1956522,190.2608696,0.219512195,1,204,0,0,0,0,0,0
622708,221,0.63253012,0.210843373,1.186746988,0.204819277,0.024096386,0.102409639,0.84939759,1.560240964,0.036144578,0.361445783,0.060240964,0.036144578,1.668674699,0.289156627,4.885542169,0.289156627,0.048192771,0.13253012,1.987951807,0.012048193,0.373493976,0.210843373,5.048192771,0.277108434,1.210843373,0.969879518,0.096385542,15.1626506,0.06626506,0.096385542,12583,166,0.542112004,0.873684211,0.610294118,1,49.646,16.35021899,13.73919102,10.68123921,702.313253,189.1626506,0.806451613,4,205,229,233,235,0,0,0
622708,222,0.259259259,0.098765432,0.666666667,0.074074074,0.012345679,0,0.518518519,1.098765432,0.061728395,0.308641975,0.024691358,0.012345679,1.62962963,0.234567901,0.111111111,0.12345679,0.024691358,0.049382716,0.333333333,0.024691358,0.333333333,0.24691358,12.41975309,0.160493827,0.75308642,0.740740741,0.061728395,8.814814815,0.037037037,0.098765432,12640,81,0.748449915,0.941860465,0.675,1,31.104,12.6828574,8.411160912,19.60477167,217.4814815,189.8765432,0.435897436,1,230,0,0,0,0,0,0
622708,223,0.4,0.125,0.925,0.0875,0.1,0.0125,1.0375,1.25,0.0625,0.1,0.075,0.0875,2.5625,0.3625,0.1375,0.2625,0.025,0.0625,0.3,0.025,0.3875,0.15,7.4375,0.1375,0.85,0.525,0.05,10.375,0.025,0.1125,12697,80,0.752441277,0.879120879,0.606060606,1,32.51,12.97493637,8.546063008,-35.37072168,550.2125,190.65,0.452380952,1,212,0,0,0,0,0,0
622708,224,0.633802817,0.154929577,0.788732394,0.042253521,0,0.042253521,1.183098592,1.197183099,0.028169014,0.267605634,0.084507042,0.028169014,1.492957746,0.154929577,0.098591549,0.126760563,0.028169014,0.028169014,0.253521127,0.028169014,0.267605634,0.23943662,1.169014085,0.323943662,0.929577465,0.61971831,0.084507042,10.3943662,0.098591549,0.14084507,12754,71,0.621955573,0.87654321,0.591666667,1,30.178,10.94260787,8.568636781,67.63048178,59.53521127,194.5352113,0.459459459,2,208,215,0,0,0,0,0
622708,225,0.797979798,0.161616162,0.494949495,0.171717172,0.04040404,0.060606061,1.808080808,1.767676768,0.070707071,0.515151515,0.070707071,0.02020202,2.02020202,0.282828283,0.050505051,0.292929293,0.080808081,0.080808081,0.161616162,0,0.565656566,0.282828283,0.848484848,0.171717172,0.878787879,0.707070707,0.070707071,9.252525253,0.01010101,0.131313131,12811,99,0.687197759,0.942857143,0.707142857,1,34.743,13.41835331,9.74803648,9.112766915,74.64646465,192.3636364,0.395348837,1,231,0,0,0,0,0,0
622708,226,0.31884058,0.06763285,0.70531401,0.140096618,0.033816425,0.043478261,1.004830918,1.198067633,0.048309179,0.275362319,0.038647343,0.019323671,1.77294686,0.198067633,1.458937198,0.280193237,0.057971014,0.048309179,0.859903382,0.024154589,0.434782609,0.130434783,3.014492754,0.246376812,0.893719807,0.54589372,0.062801932,10.8647343,0.101449275,0.072463768,12868,207,0.722687875,0.928251121,0.676470588,1,52.656,19.72093206,13.630606,40.3179814,343.2850242,191.9565217,0.194029851,2,238,240,0,0,0,0,0
622708,227,0.402173913,0.076086957,0.619565217,0.054347826,0.010869565,0.043478261,1.065217391,0.989130435,0.02173913,0.293478261,0.076086957,0.043478261,1.456521739,0.184782609,0.913043478,0.173913043,0.010869565,0.043478261,0.423913043,0.010869565,0.25,0.217391304,1.717391304,0.206521739,0.597826087,0.576086957,0.108695652,9.717391304,0.02173913,0.184782609,12925,92,0.556761596,0.93877551,0.638888889,1,32.535,11.99454435,9.963536148,41.50014858,490.5108696,195.2608696,0,0,0,0,0,0,0,0,0
622708,228,0.591836735,0.142857143,0.540816327,0.183673469,0.020408163,0.06122449,1.867346939,1.867346939,0.051020408,0.43877551,0.040816327,0.051020408,2.612244898,0.234693878,0.081632653,0.418367347,0.030612245,0.071428571,0.306122449,0.010204082,0.346938776,0.193877551,3.673469388,0.224489796,1.724489796,0.826530612,0.112244898,16.44897959,0.102040816,0.132653061,12982,98,0.7688718,0.942307692,0.7,1,34.379,14.10998556,9.021966642,19.89800891,523.1122449,194.3367347,0,0,0,0,0,0,0,0,0
622708,229,0.859375,0.140625,1.265625,0.09375,0.0625,0.078125,1.25,2.328125,0.0625,0.484375,0.03125,0.078125,3.0625,0.28125,0.375,0.296875,0.109375,0.109375,0.484375,0,0.5,0.171875,1.109375,0.375,1.125,0.765625,0.140625,14.875,0.03125,0.265625,13039,64,0.767734083,0.914285714,0.727272727,1,27.804,11.50107417,7.369527008,18.99275646,708.359375,195.78125,0.647058824,2,221,235,0,0,0,0,0
622708,230,0.24,0.146666667,0.666666667,0.093333333,0.026666667,0.013333333,0.653333333,1.093333333,0.08,0.226666667,0.08,0.013333333,1.186666667,0.133333333,0.026666667,0.16,0.026666667,0.053333333,0.253333333,0.026666667,0.266666667,0.146666667,11.54666667,0.28,0.586666667,0.64,0.053333333,8.72,0.013333333,0.12,13096,75,0.630074165,0.9375,0.757575758,1,29.119,11.30195549,8.776363577,5.500543562,219.32,196.9866667,0.472222222,1,222,0,0,0,0,0,0
622708,231,0.785714286,0.128571429,1.042857143,0.185714286,0.05,0.042857143,1.657142857,1.978571429,0.071428571,0.457142857,0.057142857,0.014285714,3.85,0.271428571,0.078571429,0.45,0.057142857,0.071428571,0.457142857,0,0.314285714,0.221428571,2.857142857,0.292857143,0.764285714,0.707142857,0.092857143,9.935714286,0.121428571,0.15,13153,140,0.77784011,0.927152318,0.625,1,43.022,17.08737001,10.7387665,32.34258456,83.25714286,197.9071429,0.327272727,1,225,0,0,0,0,0,0
622708,232,0.376237624,0.138613861,0.504950495,0.04950495,0.04950495,0.03960396,0.712871287,1.435643564,0.01980198,0.356435644,0.01980198,0.04950495,1.435643564,0.227722772,0.04950495,0.287128713,0.079207921,0.04950495,0.277227723,0,0.554455446,0.188118812,3.396039604,0.227722772,0.732673267,0.673267327,0.059405941,9.762376238,0.04950495,0.118811881,13209,101,0.647084143,0.952830189,0.655844156,1,34.032,13.0880603,9.978580528,18.08913097,604.5049505,198.2673267,0,0,0,0,0,0,0,0,0
622708,233,0.387096774,0.172043011,0.784946237,0.204301075,0.032258065,0.107526882,1.172043011,1.860215054,0.096774194,0.35483871,0.043010753,0.032258065,2.924731183,0.247311828,1.548387097,0.333333333,0.043010753,0.043010753,0.860215054,0.032258065,0.440860215,0.11827957,1.838709677,0.23655914,0.838709677,0.784946237,0.107526882,11.90322581,0.129032258,0.107526882,13266,93,0.660340236,0.948979592,0.645833333,1,33.544,12.75347973,9.577436795,43.92822339,692.4946237,197.0430108,0.642857143,2,221,235,0,0,0,0,0
622708,234,0.530612245,0.091836735,0.632653061,0.091836735,0.030612245,0.142857143,1.071428571,1.602040816,0.030612245,0.367346939,0.051020408,0.051020408,3.520408163,0.234693878,0.040816327,0.214285714,0.081632653,0.040816327,0.306122449,0.030612245,0.418367347,0.081632653,0.530612245,0.183673469,1,0.418367347,0.102040816,11.24489796,0.091836735,0.193877551,13323,98,0.697789114,0.942307692,0.753846154,1,33.709,13.30167309,9.528031718,10.55936473,314.0408163,199.7653061,0.268292683,1,218,0,0,0,0,0,0
622708,235,0.767676768,0.151515152,0.666666667,0.252525253,0.02020202,0.04040404,1.414141414,1.848484848,0.03030303,0.282828283,0.04040404,0,3.464646465,0.424242424,0.050505051,0.363636364,0.04040404,0.070707071,0.404040404,0.02020202,0.404040404,0.191919192,3.696969697,0.313131313,0.767676768,0.727272727,0.151515152,12.03030303,0.090909091,0.090909091,13380,99,0.796913555,0.916666667,0.585798817,1,36.182,14.77173872,8.923509256,45,697.2626263,203.3737374,0.583333333,3,221,229,233,0,0,0,0
622708,236,0.252747253,0.098901099,0.417582418,0.571428571,0.054945055,0.065934066,1.252747253,1.351648352,0.076923077,0.340659341,0.065934066,0.010989011,1.098901099,0.208791209,0,0.197802198,0.043956044,0.032967033,0.197802198,0.010989011,0.428571429,0.230769231,4.021978022,0.197802198,0.857142857,0.637362637,0.043956044,12.31868132,0.076923077,0.153846154,13437,91,0.637085382,0.968085106,0.842592593,1,31.815,12.38000812,9.542426542,5.350276064,242.6373626,202.3076923,0.421052632,1,244,0,0,0,0,0,0
622708,237,0.485294118,0.132352941,0.5,0.132352941,0.014705882,0.044117647,1.191176471,1.764705882,0.044117647,0.588235294,0.029411765,0.073529412,2.573529412,0.264705882,0.102941176,0.323529412,0.029411765,0.029411765,0.264705882,0.029411765,0.485294118,0.176470588,0.676470588,0.352941176,1.161764706,0.823529412,0.220588235,11,0.132352941,0.147058824,13494,68,0.728067171,0.931506849,0.708333333,1,28.466,11.40565983,7.818645903,11.72085345,474.2058824,203.2352941,0.558823529,1,242,0,0,0,0,0,0
622708,238,0.295454545,0.121212121,0.731060606,0.113636364,0.026515152,0.087121212,0.928030303,1.553030303,0.045454545,0.363636364,0.060606061,0.03030303,1.784090909,0.200757576,2.412878788,0.306818182,0.049242424,0.132575758,1.162878788,0.007575758,0.40530303,0.25,3.791666667,0.212121212,1.340909091,0.965909091,0.106060606,14.00757576,0.102272727,0.143939394,13551,264,0.802802426,0.910344828,0.666666667,1,62.746,24.39685871,14.5465084,57.74068568,357.1780303,203.4659091,0.64556962,4,226,240,241,247,0,0,0
622708,239,0.638297872,0.14893617,0.617021277,0.170212766,0.010638298,0,2,1.946808511,0.063829787,0.340425532,0.021276596,0.063829787,4.021276596,0.29787234,0.138297872,0.329787234,0.053191489,0.063829787,0.35106383,0,0.478723404,0.180851064,0.787234043,0.29787234,0.946808511,0.765957447,0.138297872,13.71276596,0.106382979,0.234042553,13608,94,0.449148086,0.94,0.712121212,1,32.419,11.66523197,10.42238699,45.93556387,678.2659574,205.0638298,0,0,0,0,0,0,0,0,0
622708,240,0.666666667,0.106666667,0.386666667,0.053333333,0.08,0.026666667,1.426666667,1.453333333,0.106666667,0.293333333,0.053333333,0.013333333,3.413333333,0.173333333,0.386666667,0.32,0.106666667,0.106666667,0.4,0.013333333,0.306666667,0.186666667,0.533333333,0.16,1.106666667,0.44,0.066666667,9.533333333,0,0.12,13665,75,0.488416588,0.925925926,0.681818182,1,30.062,10.75437976,9.384385634,-1.625302629,344.6133333,205.3333333,0.837837838,3,226,238,247,0,0,0,0
622708,241,0.274647887,0.105633803,0.661971831,0.11971831,0.035211268,0.049295775,1.063380282,1.035211268,0.042253521,0.288732394,0.028169014,0.028169014,2.232394366,0.204225352,0.528169014,0.246478873,0.042253521,0.063380282,0.492957746,0.014084507,0.197183099,0.133802817,2.352112676,0.133802817,0.908450704,0.556338028,0.098591549,10.66197183,0.049295775,0.105633803,13722,142,0.827523988,0.922077922,0.591666667,1,44.411,18.36301319,10.30955312,39.78925207,363.4929577,212.2253521,0.49122807,1,238,0,0,0,0,0,0
622708,242,0.408759124,0.109489051,0.766423358,0.211678832,0.02919708,0.058394161,1.489051095,1.226277372,0.03649635,0.211678832,0.065693431,0.00729927,1.072992701,0.255474453,0.109489051,0.211678832,0.00729927,0.072992701,0.335766423,0.02919708,0.240875912,0.124087591,2.423357664,0.226277372,0.817518248,0.605839416,0.124087591,11.41605839,0.065693431,0.131386861,13779,137,0.675019186,0.901315789,0.698979592,1,42.401,15.73884532,11.61212284,33.76652882,475.7591241,211.4379562,0.37254902,1,237,0,0,0,0,0,0
622708,243,1.054545455,0.118181818,0.8,0.254545455,0.018181818,0.054545455,1.927272727,2.618181818,0.027272727,0.4,0.054545455,0.063636364,4.809090909,0.3,0.045454545,0.409090909,0.072727273,0.109090909,0.336363636,0,0.463636364,0.136363636,1.163636364,0.336363636,1.718181818,0.818181818,0.145454545,15.7,0.145454545,0.236363636,13836,110,0.434493892,0.94017094,0.705128205,1,36.083,12.5866115,11.33644353,-50.74836566,654.2909091,208.9454545,0.217391304,2,257,261,0,0,0,0,0
622708,244,0.299065421,0.112149533,1.08411215,0.177570093,0.037383178,0.046728972,1.028037383,0.91588785,0.018691589,0.205607477,0.046728972,0.018691589,1.093457944,0.14953271,0.074766355,0.23364486,0.009345794,0.037383178,0.401869159,0.009345794,0.280373832,0.214953271,4.140186916,0.168224299,0.523364486,0.635514019,0.046728972,11.76635514,0.074766355,0.130841121,13893,107,0.589266312,0.963963964,0.748251748,1,35.107,13.1377191,10.61447389,-8.337721168,242.9719626,211.1682243,0.720930233,2,236,254,0,0,0,0,0
622708,245,0.680672269,0.193277311,0.983193277,0.075630252,0.016806723,0.075630252,0.697478992,1.521008403,0.050420168,0.445378151,0.075630252,0.042016807,1.74789916,0.193277311,0.74789916,0.226890756,0.033613445,0.092436975,0.899159664,0,0.260504202,0.18487395,1.630252101,0.176470588,0.605042017,0.596638655,0.067226891,11.73109244,0.084033613,0.151260504,13950,119,0.855106853,0.881481481,0.572115385,1,41.781,17.66897839,9.160513655,-23.89741613,25.44537815,212.5882353,0.358490566,1,256,0,0,0,0,0,0
622708,246,0.746268657,0.156716418,0.753731343,0.231343284,0.037313433,0.067164179,0.940298507,1.634328358,0.044776119,0.470149254,0.029850746,0.014925373,1.843283582,0.28358209,0.067164179,0.253731343,0.037313433,0.029850746,0.231343284,0,0.358208955,0.194029851,0.798507463,0.231343284,0.76119403,0.71641791,0.126865672,11.20895522,0.104477612,0.104477612,14007,134,0.741453574,0.943661972,0.644230769,1,41.045,16.13201021,10.82464613,26.74447753,96.15671642,213.358209,0,0,0,0,0,0,0,0,0
622708,247,0.149606299,0.102362205,0.37007874,0.133858268,0.031496063,0.062992126,1.251968504,0.811023622,0.031496063,0.188976378,0.047244094,0.015748031,1.25984252,0.086614173,0.047244094,0.212598425,0.031496063,0.062992126,0.362204724,0,0.212598425,0.133858268,2.511811024,0.118110236,0.763779528,0.480314961,0.062992126,8.700787402,0.031496063,0.086614173,14064,127,0.716211878,0.962121212,0.705555556,1,38.506,15.33162784,10.69968094,-27.81556082,344.0393701,214.4015748,0.489795918,2,238,240,0,0,0,0,0
622708,248,0.461538462,0.125,0.528846154,0.115384615,0.067307692,0.038461538,1.432692308,1.375,0.048076923,0.365384615,0.028846154,0.038461538,1.971153846,0.211538462,0.105769231,0.278846154,0.057692308,0.057692308,0.307692308,0.009615385,0.384615385,0.375,6.605769231,0.269230769,1.173076923,0.75,0.086538462,11.375,0.096153846,0.230769231,14120,104,0.816119948,0.936936937,0.571428571,1,36.662,15.32966091,8.858743393,42.5703315,508.4134615,213.9038462,0.145833333,1,252,0,0,0,0,0,0
622708,249,1.15,0.21,0.58,0.1,0.08,0.06,1.13,1.91,0.03,0.49,0.04,0.05,4.82,0.3,0.1,0.4,0.04,0.05,0.26,0,0.43,0.1,0.65,0.23,0.8,0.66,0.07,9.72,0.09,0.18,14177,100,0.554857065,0.961538462,0.757575758,1,32.973,12.43603965,10.34610963,-36.94637378,121.45,214.09,0.071428571,1,263,0,0,0,0,0,0
622708,250,1.10619469,0.061946903,0.752212389,0.088495575,0.03539823,0.03539823,1.539823009,1.513274336,0.03539823,0.17699115,0.053097345,0.03539823,6.362831858,0.283185841,0.123893805,0.10619469,0,0.03539823,0.460176991,0.017699115,0.380530973,0.212389381,3.716814159,0.17699115,1.628318584,0.646017699,0.088495575,10.84070796,0.07079646,0.10619469,14234,113,0.68432877,0.941666667,0.733766234,1,36.43,14.18114653,10.34051762,-8.083692706,758.8584071,213.7876106,0.444444444,1,258,0,0,0,0,0,0
622708,252,0.631147541,0.172131148,0.860655738,0.114754098,0.032786885,0.139344262,1.68852459,1.696721311,0.040983607,0.442622951,0.024590164,0.024590164,3.327868852,0.237704918,0.073770492,0.229508197,0.040983607,0.040983607,0.401639344,0.008196721,0.43442623,0.360655738,10.08196721,0.221311475,2,0.704918033,0.106557377,13.22131148,0.098360656,0.163934426,14348,122,0.521800625,0.968253968,0.721893491,1,36.546,13.58961352,11.59285722,-45,521.5409836,216.4590164,0.166666667,1,248,0,0,0,0,0,0
622708,253,1.841176471,0.082352941,0.541176471,0.188235294,0.041176471,0.052941176,1.811764706,1.664705882,0.052941176,0.270588235,0.047058824,0.070588235,6.547058824,0.482352941,0.229411765,0.276470588,0.029411765,0.047058824,0.429411765,0.011764706,0.429411765,0.182352941,1.335294118,0.217647059,1.311764706,0.576470588,0.105882353,14.96470588,0.052941176,0.152941176,14405,170,0.797283741,0.94972067,0.653846154,1,47.686,19.17514626,11.57420845,-11.45264712,609.6058824,216.7352941,0.084745763,1,251,0,0,0,0,0,0
622708,254,0.556603774,0.103773585,0.254716981,0.103773585,0.08490566,0.066037736,1.047169811,1.235849057,0.056603774,0.301886792,0.075471698,0.009433962,2.669811321,0.264150943,0.113207547,0.216981132,0.028301887,0.056603774,0.273584906,0,0.254716981,0.08490566,0.358490566,0.226415094,1.226415094,0.528301887,0.113207547,10.4245283,0.028301887,0.103773585,14462,106,0.564009275,0.963636364,0.688311688,1,34.859,12.87135878,10.62876202,20.88336683,234.3584906,217.9811321,0.318181818,1,244,0,0,0,0,0,0
622708,255,0.43220339,0.06779661,0.788135593,0.093220339,0.042372881,0.059322034,1.330508475,1.313559322,0.059322034,0.228813559,0.076271186,0.033898305,2.101694915,0.288135593,0.161016949,0.279661017,0.084745763,0.084745763,0.483050847,0.025423729,0.254237288,0.177966102,2.923728814,0.144067797,0.872881356,0.601694915,0.101694915,9.415254237,0.076271186,0.127118644,14519,118,0.252907243,0.959349593,0.698224852,1,35.992,12.53560578,12.12807989,15.54197904,573.6779661,218.6016949,0,0,0,0,0,0,0,0,0
622708,256,0.921875,0.0625,1.375,0.15625,0,0.078125,0.609375,1.640625,0.046875,0.4375,0.03125,0.046875,2.796875,0.25,1.421875,0.265625,0.046875,0.03125,1.25,0,0.28125,0.109375,1.578125,0.15625,0.484375,0.53125,0.046875,14.640625,0.046875,0.109375,14576,64,0.761649114,0.984615385,0.831168831,1,26.299,11.30734681,7.327044064,-5.096284843,25.9375,219.8125,0.5625,1,245,0,0,0,0,0,0
622708,258,1.151515152,0.128787879,0.848484848,0.143939394,0.03030303,0.053030303,1.189393939,1.689393939,0.053030303,0.318181818,0.053030303,0.037878788,2.916666667,0.272727273,0.053030303,0.340909091,0.068181818,0.060606061,0.522727273,0.007575758,0.424242424,0.265151515,5.348484848,0.28030303,1.212121212,1.083333333,0.106060606,11.84848485,0.045454545,0.204545455,14690,132,0.705976887,0.923076923,0.6875,1,41.02,15.84433194,11.22150841,1.880143067,753.5075758,221.8484848,0.442307692,2,250,267,0,0,0,0,0
622708,259,1.330188679,0.094339623,0.405660377,0.066037736,0.018867925,0.028301887,1.29245283,1.528301887,0.037735849,0.301886792,0.075471698,0.047169811,8.783018868,0.745283019,0.103773585,0.311320755,0.056603774,0.028301887,0.20754717,0.028301887,0.452830189,0.339622642,14.75471698,0.132075472,1.235849057,0.716981132,0.132075472,11.1509434,0.08490566,0.047169811,14747,106,0.224474,0.954954955,0.736111111,1,34.776,11.8834577,11.58019279,-89.97706793,385.8490566,223.6886792,0,0,0,0,0,0,0,0,0
622708,260,0.390070922,0.134751773,0.595744681,0.120567376,0.035460993,0.042553191,0.70212766,1.390070922,0.042553191,0.319148936,0.028368794,0.042553191,2.191489362,0.234042553,1.34751773,0.191489362,0.042553191,0.035460993,0.680851064,0.014184397,0.368794326,0.191489362,4.070921986,0.276595745,0.794326241,0.560283688,0.070921986,9.234042553,0.078014184,0.141843972,14804,141,0.591350139,0.959183673,0.783333333,1,39.895,14.99386881,12.09127943,3.525114845,296.035461,224.5035461,0.18,1,283,0,0,0,0,0,0
622708,261,0.696428571,0.071428571,0.571428571,0.053571429,0.017857143,0.035714286,2.553571429,1.285714286,0.071428571,0.375,0.053571429,0.017857143,2.803571429,0.571428571,0.089285714,0.625,0.035714286,0,0.214285714,0.017857143,0.375,0.267857143,2.910714286,0.267857143,2.053571429,0.892857143,0.071428571,18.25,0.089285714,0.160714286,14861,56,0.848581431,0.903225806,0.509090909,1,28.491,12.04203107,6.371014666,40.6595901,653.0714286,222.9107143,1,3,243,257,264,0,0,0,0
622708,262,1.364485981,0.158878505,0.607476636,0.23364486,0.028037383,0.08411215,1.280373832,1.747663551,0.018691589,0.355140187,0.018691589,0,3.859813084,0.317757009,0.065420561,0.299065421,0.074766355,0.074766355,0.23364486,0,0.317757009,0.121495327,0.542056075,0.224299065,0.813084112,0.598130841,0.130841121,12.01869159,0.056074766,0.121495327,14918,107,0.637167445,0.955357143,0.685897436,1,35.231,13.41688819,10.34073656,-30.21548439,783.728972,224.0186916,0,0,0,0,0,0,0,0,0
622708,263,0.524822695,0.113475177,1.09929078,0.070921986,0.007092199,0.021276596,0.496453901,1.113475177,0.021276596,0.212765957,0.085106383,0.035460993,1.439716312,0.156028369,0.609929078,0.19858156,0.042553191,0.021276596,0.574468085,0,0.170212766,0.134751773,2.744680851,0.156028369,0.468085106,0.546099291,0.14893617,10.19858156,0.056737589,0.063829787,14975,141,0.43948995,0.933774834,0.719387755,1,41.69,14.39880819,12.93369356,75.74660037,124.7588652,228.1702128,0.339622642,2,249,287,0,0,0,0,0
622708,264,0.72815534,0.077669903,0.67961165,0.145631068,0.009708738,0.067961165,3.213592233,2.174757282,0.067961165,0.495145631,0.058252427,0.038834951,8.330097087,0.27184466,0.009708738,0.40776699,0.038834951,0.048543689,0.349514563,0.019417476,0.504854369,0.300970874,5.883495146,0.368932039,2.961165049,0.825242718,0.058252427,17.41747573,0.13592233,0.174757282,15031,103,0.94546067,0.837398374,0.44017094,1,44.229,21.15420977,6.890693484,31.18823845,656.4660194,227.0582524,0.879310345,4,257,261,266,270,0,0,0
622708,265,0.380952381,0.171428571,1.152380952,0.123809524,0.038095238,0.00952381,0.447619048,1.095238095,0.019047619,0.380952381,0.104761905,0.066666667,1,0.2,0.047619048,0.295238095,0.019047619,0.047619048,0.428571429,0,0.238095238,0.228571429,6.304761905,0.219047619,0.514285714,0.533333333,0.066666667,10.1047619,0.085714286,0.066666667,15088,105,0.537542577,0.963302752,0.734265734,1,33.643,12.65824201,10.67389306,-14.44985194,182.8952381,229.0380952,0.159090909,1,290,0,0,0,0,0,0
622708,266,0.957446809,0.170212766,0.659574468,0.212765957,0.042553191,0.042553191,3.063829787,3.063829787,0.106382979,0.595744681,0.021276596,0.063829787,8.085106383,0.340425532,0.085106383,0.276595745,0.021276596,0.063829787,0.234042553,0.021276596,0.361702128,0.191489362,0.829787234,0.319148936,1.680851064,1.127659574,0.127659574,15.12765957,0.021276596,0.14893617,15145,47,0.257865568,0.921568627,0.652777778,1,22.586,8.041966404,7.769993578,82.98187827,663.4468085,229.787234,0.75,2,264,270,0,0,0,0,0
622708,267,1.0625,0.15625,0.854166667,0.125,0,0.041666667,1.291666667,1.447916667,0.020833333,0.3125,0.03125,0.041666667,4.041666667,0.208333333,0.083333333,0.270833333,0.0625,0.041666667,0.40625,0.010416667,0.333333333,0.125,1.375,0.208333333,0.583333333,0.604166667,0.145833333,8.322916667,0.03125,0.072916667,15202,96,0.514210518,0.905660377,0.671328671,1,35.049,12.15086522,10.42135971,-82.00805214,765.09375,229.4166667,0.093023256,1,258,0,0,0,0,0,0
622708,268,0.483870968,0.075268817,1,0.23655914,0.053763441,0.053763441,1.376344086,2.215053763,0.043010753,0.333333333,0.096774194,0.096774194,3.096774194,0.268817204,0.064516129,0.322580645,0.086021505,0.150537634,0.290322581,0.021505376,0.462365591,0.193548387,1.010752688,0.322580645,1.096774194,0.978494624,0.064516129,16.32258065,0.086021505,0.161290323,15259,93,0.607760266,0.939393939,0.715384615,1,32.998,12.36430456,9.818748421,-10.23803892,471.0752688,231.655914,0,0,0,0,0,0,0,0,0
622708,269,0.862068966,0.126436782,0.689655172,0.103448276,0.045977011,0.022988506,1.586206897,2.425287356,0.103448276,0.494252874,0.103448276,0.011494253,3.32183908,0.264367816,0.137931034,0.264367816,0.068965517,0.091954023,0.356321839,0.011494253,0.425287356,0.183908046,5.022988506,0.310344828,1.597701149,0.528735632,0.057471264,13.68965517,0.08045977,0.16091954,15316,87,0.715462312,0.836538462,0.478021978,1,38.506,13.51644825,9.443284537,41.27123039,524.9655172,230.9655172,0.723404255,2,281,286,0,0,0,0,0
622708,270,0.953846154,0.138461538,0.538461538,0.215384615,0.015384615,0.046153846,2.846153846,3.030769231,0.092307692,0.476923077,0.030769231,0,11.09230769,0.461538462,0.4,0.384615385,0.138461538,0.030769231,0.307692308,0,0.476923077,0.169230769,0.830769231,0.246153846,2.230769231,0.892307692,0.123076923,15.50769231,0.153846154,0.153846154,15373,65,0.388860963,0.955882353,0.65,1,26.531,9.635363238,8.877025959,60.85032808,657.5076923,234.5230769,0.666666667,2,264,266,0,0,0,0,0
622708,271,0.716814159,0.115044248,0.451327434,0.17699115,0.026548673,0.061946903,1.185840708,1.955752212,0.017699115,0.345132743,0.079646018,0.017699115,2.194690265,0.318584071,1.283185841,0.238938053,0.088495575,0.03539823,0.92920354,0,0.389380531,0.159292035,0.734513274,0.265486726,1.14159292,0.743362832,0.14159292,14.88495575,0.123893805,0.17699115,15430,113,0.649177257,0.918699187,0.620879121,1,37.125,13.92427355,10.59131989,64.79208614,208.8849558,232.6637168,0.416666667,1,279,0,0,0,0,0,0
622708,272,0.702564103,0.117948718,0.379487179,0.138461538,0.020512821,0.051282051,0.933333333,1.774358974,0.035897436,0.430769231,0.066666667,0.020512821,5.271794872,0.287179487,0.302564103,0.276923077,0.056410256,0.066666667,0.533333333,0.015384615,0.507692308,0.143589744,0.538461538,0.184615385,1.58974359,0.697435897,0.087179487,12.94871795,0.107692308,0.082051282,15487,195,0.652282869,0.919811321,0.609375,1,51.358,18.42166312,13.96317174,-31.80566238,246.6410256,230.7025641,0.560606061,2,276,288,0,0,0,0,0
622708,273,0.647058824,0.117647059,0.588235294,0.205882353,0.029411765,0.009803922,0.931372549,1.460784314,0.058823529,0.284313725,0.049019608,0.058823529,4.558823529,0.254901961,0.039215686,0.215686275,0.049019608,0.068627451,0.215686275,0,0.392156863,0.107843137,1.147058824,0.303921569,1.107843137,0.81372549,0.176470588,11.98039216,0.068627451,0.137254902,15544,102,0.770228688,0.944444444,0.653846154,1,35.777,14.48628659,9.23888714,-57.704834,285.0882353,233.9509804,0.755555556,2,280,283,0,0,0,0,0
622708,274,0.393103448,0.082758621,0.531034483,0.110344828,0.027586207,0.062068966,0.813793103,0.937931034,0.062068966,0.4,0.034482759,0.020689655,2.979310345,0.117241379,0.048275862,0.282758621,0.020689655,0.027586207,0.317241379,0.013793103,0.310344828,0.193103448,0.510344828,0.220689655,0.662068966,0.655172414,0.082758621,9.868965517,0.075862069,0.082758621,15601,145,0.62555166,0.941558442,0.69047619,1,41.326,15.50571558,12.0972918,56.12936663,339.9931034,235.4551724,0.169811321,1,297,0,0,0,0,0,0
622708,275,0.447619048,0.133333333,0.742857143,0.161904762,0.038095238,0.057142857,1,1.00952381,0.076190476,0.238095238,0.038095238,0,1.60952381,0.161904762,0.752380952,0.171428571,0.00952381,0.066666667,0.371428571,0.00952381,0.20952381,0.076190476,5.085714286,0.142857143,0.780952381,0.447619048,0.066666667,8.638095238,0.038095238,0.057142857,15658,105,0.541706162,0.945945946,0.734265734,1,34.404,12.70578852,10.68007827,80.13861172,401.0285714,232.152381,0,0,0,0,0,0,0,0,0
622708,276,0.985074627,0.059701493,0.373134328,0.208955224,0.029850746,0.044776119,0.940298507,2.164179104,0.029850746,0.328358209,0.059701493,0.029850746,4.940298507,0.28358209,0.074626866,0.179104478,0.044776119,0.044776119,0.373134328,0,0.373134328,0.208955224,0.865671642,0.313432836,2.462686567,0.626865672,0.194029851,18.8358209,0.044776119,0.149253731,15715,67,0.46416821,0.943661972,0.67,1,27.184,10.02159195,8.876595715,-55.52214347,237.358209,235.0298507,0.527777778,1,272,0,0,0,0,0,0
622708,277,0.792079208,0.108910891,0.415841584,0.148514851,0.02970297,0.03960396,1.366336634,1.722772277,0.02970297,0.257425743,0.03960396,0.03960396,3.376237624,0.277227723,0.148514851,0.168316832,0.03960396,0.059405941,0.217821782,0.01980198,0.227722772,0.099009901,0.356435644,0.217821782,0.722772277,0.415841584,0.089108911,9.148514851,0.118811881,0.138613861,15772,101,0.690868045,0.935185185,0.655844156,1,34.677,13.42734619,9.707714488,22.0768594,633.5544554,234.2178218,0,0,0,0,0,0,0,0,0
622708,278,0.637795276,0.165354331,0.968503937,0.118110236,0.023622047,0.05511811,0.818897638,1.251968504,0.031496063,0.236220472,0.062992126,0.015748031,1.866141732,0.149606299,0.102362205,0.25984252,0.039370079,0.039370079,0.440944882,0.007874016,0.267716535,0.11023622,4.464566929,0.188976378,0.669291339,0.519685039,0.102362205,9.196850394,0.031496063,0.149606299,15829,127,0.52041949,0.933823529,0.697802198,1,39.358,13.84406343,11.82159447,72.39778111,161.9291339,238.6929134,0.244897959,1,306,0,0,0,0,0,0
622708,279,0.430379747,0.101265823,0.772151899,0.183544304,0.056962025,0.094936709,1.259493671,1.544303797,0.069620253,0.360759494,0.044303797,0.044303797,2.35443038,0.297468354,0.259493671,0.208860759,0.03164557,0.063291139,0.284810127,0.012658228,0.436708861,0.297468354,8.044303797,0.348101266,0.936708861,0.784810127,0.17721519,13.9556962,0.101265823,0.075949367,15886,158,0.841558618,0.918604651,0.639676113,1,47.388,19.85367366,10.72427554,27.61786733,217.7341772,237.3734177,0.75,3,271,300,305,0,0,0,0
622708,280,0.550458716,0.100917431,0.47706422,0.110091743,0.055045872,0.073394495,0.844036697,1.376146789,0.04587156,0.321100917,0.036697248,0.036697248,3.28440367,0.28440367,0.100917431,0.366972477,0.036697248,0.082568807,0.495412844,0.009174312,0.330275229,0.275229358,0.743119266,0.247706422,0.917431193,0.908256881,0.146788991,12.78899083,0.19266055,0.082568807,15942,109,0.36357302,0.96460177,0.698717949,1,35.504,12.44468507,11.5930418,18.58872914,276.2385321,236.8899083,0.739130435,2,273,295,0,0,0,0,0
622708,281,0.454545455,0.097902098,0.741258741,0.202797203,0.041958042,0.034965035,1.300699301,1.916083916,0.041958042,0.524475524,0.062937063,0.020979021,2.104895105,0.342657343,0.223776224,0.370629371,0.013986014,0.020979021,0.412587413,0.013986014,0.440559441,0.258741259,5.545454545,0.265734266,1.398601399,0.846153846,0.111888112,15.36363636,0.090909091,0.097902098,15999,143,0.592925666,0.947019868,0.638392857,1,42.352,15.31840758,12.33525795,76.26712344,532.6713287,236.041958,0.472727273,2,269,286,0,0,0,0,0
622708,282,0.512195122,0.113821138,0.951219512,0.048780488,0.024390244,0.097560976,0.772357724,1.195121951,0.048780488,0.227642276,0.06504065,0.048780488,2.097560976,0.146341463,0.06504065,0.195121951,0.032520325,0.008130081,0.365853659,0.024390244,0.219512195,0.162601626,2.691056911,0.073170732,0.772357724,0.593495935,0.089430894,9.268292683,0.040650407,0.081300813,16056,123,0.439284763,0.931818182,0.675824176,1,38.134,13.34780926,11.99097602,-61.05500144,561.9918699,236.9349593,0.326530612,1,292,0,0,0,0,0,0
622708,283,0.352941176,0.156862745,0.823529412,0.235294118,0.078431373,0.029411765,0.607843137,1.12745098,0.029411765,0.31372549,0.107843137,0,1.735294118,0.196078431,0.049019608,0.156862745,0.039215686,0.039215686,0.31372549,0,0.382352941,0.37254902,7.009803922,0.117647059,0.5,0.617647059,0.098039216,9.705882353,0.049019608,0.147058824,16113,102,0.496991707,0.927272727,0.708333333,1,34.098,12.40671426,10.76599193,68.6023383,294.6666667,237.4019608,0.488372093,2,260,273,0,0,0,0,0
622708,284,0.711864407,0.110169492,0.237288136,0.110169492,0.016949153,0.025423729,0.881355932,1.457627119,0.025423729,0.203389831,0.059322034,0.076271186,7.398305085,0.338983051,0.059322034,0.228813559,0.008474576,0.016949153,0.271186441,0.008474576,0.313559322,0.186440678,0.822033898,0.186440678,1.491525424,0.644067797,0.101694915,10.80508475,0.118644068,0.093220339,16170,118,0.221468522,0.967213115,0.698224852,1,35.81,12.50456884,12.1940494,20.46173268,99.33898305,237.7881356,0,0,0,0,0,0,0,0,0
622708,285,1.075,0.1375,0.525,0.1875,0.0375,0.075,1.425,1.7875,0.05,0.225,0.0625,0,3.0875,0.25,0.6875,0.225,0.025,0.05,0.4375,0.0125,0.1625,0.0875,0.525,0.2,0.8,0.6125,0.1,10.65,0.0625,0.175,16227,80,0.472605005,0.909090909,0.661157025,1,30.459,10.97445444,9.671505386,66.3023256,193.875,237.95,0.358974359,1,290,0,0,0,0,0,0
622708,286,0.504761905,0.123809524,0.79047619,0.066666667,0.047619048,0.095238095,1.352380952,1.485714286,0.066666667,0.39047619,0.047619048,0.047619048,2.838095238,0.266666667,1.161904762,0.276190476,0.028571429,0.038095238,0.561904762,0.019047619,0.285714286,0.123809524,2.733333333,0.180952381,0.961904762,0.619047619,0.085714286,10.05714286,0.057142857,0.095238095,16284,105,0.646993091,0.921052632,0.621301775,1,35.992,13.41095138,10.22579493,-46.22299618,520.9809524,239.9047619,0.5,2,269,281,0,0,0,0,0
622708,287,0.854166667,0.15625,0.520833333,0.270833333,0.03125,0.114583333,0.739583333,1.989583333,0.083333333,0.385416667,0.104166667,0.041666667,4.166666667,0.229166667,3.40625,0.21875,0.072916667,0.104166667,1.364583333,0.010416667,0.270833333,0.15625,1.59375,0.208333333,0.947916667,0.583333333,0.114583333,12.84375,0.0625,0.114583333,16341,96,0.773738392,0.905660377,0.685714286,1,34.933,14.2196239,9.008206388,10.23854167,128.3645833,238.4583333,0.840909091,3,263,289,293,0,0,0,0
622708,288,0.523809524,0.104761905,0.571428571,0.161904762,0.057142857,0.066666667,0.866666667,1.085714286,0.00952381,0.40952381,0.095238095,0,1.933333333,0.161904762,0.076190476,0.171428571,0.00952381,0.057142857,0.380952381,0,0.304761905,0.219047619,0.838095238,0.314285714,0.933333333,0.495238095,0.123809524,11.15238095,0.076190476,0.161904762,16398,105,0.765324385,0.913043478,0.625,1,36.546,14.71995442,9.474421631,26.62165868,253.552381,240.752381,0.765957447,2,272,301,0,0,0,0,0
622708,289,1.364864865,0.148648649,0.202702703,0.148648649,0.067567568,0.067567568,1.243243243,1.837837838,0.067567568,0.662162162,0.040540541,0,6.77027027,0.432432432,0.108108108,0.391891892,0.040540541,0.054054054,0.337837838,0.013513514,0.351351351,0.135135135,0.716216216,0.189189189,1.148648649,0.783783784,0.081081081,12.90540541,0.108108108,0.121621622,16455,74,0.664698085,0.925,0.685185185,1,29.417,11.43308259,8.54179408,61.56686082,138.5945946,241.4054054,0.472222222,2,287,293,0,0,0,0,0
622708,290,0.553191489,0.063829787,0.840425532,0.170212766,0.074468085,0.063829787,1.404255319,1.478723404,0,0.234042553,0.074468085,0.031914894,3.191489362,0.180851064,0.117021277,0.212765957,0.085106383,0.063829787,0.35106383,0.010638298,0.382978723,0.127659574,1.914893617,0.138297872,0.79787234,0.457446809,0.063829787,10.89361702,0.053191489,0.063829787,16512,94,0.397214626,0.949494949,0.652777778,1,32.626,11.56082247,10.6096644,-27.12792746,185.0638298,241.287234,0.523809524,3,265,285,312,0,0,0,0
622708,291,0.708661417,0.094488189,0.417322835,0.196850394,0.062992126,0.05511811,1.952755906,2.11023622,0.039370079,0.417322835,0.047244094,0.023622047,4.503937008,0.299212598,0.070866142,0.244094488,0.007874016,0.078740157,0.244094488,0,0.409448819,0.228346457,0.866141732,0.322834646,1.204724409,0.645669291,0.118110236,13.50393701,0.118110236,0.220472441,16569,127,0.400150482,0.927007299,0.647959184,1,39.639,13.49741593,12.36969939,-35.41097606,503.488189,241.8976378,0.333333333,1,311,0,0,0,0,0,0
622708,292,0.93814433,0.103092784,0.731958763,0.216494845,0.020618557,0.041237113,1.237113402,1.896907216,0.06185567,0.391752577,0.06185567,0.030927835,4.041237113,0.402061856,0.144329897,0.329896907,0.06185567,0.082474227,0.463917526,0.030927835,0.432989691,0.164948454,0.989690722,0.278350515,1.020618557,0.896907216,0.134020619,14.7628866,0.082474227,0.216494845,16626,97,0.606470822,0.96039604,0.678321678,1,33.362,12.60534476,10.022582,-55.69638116,553.3298969,241.8453608,0.395348837,1,282,0,0,0,0,0,0
622708,293,0.684931507,0.082191781,0.479452055,0.095890411,0.02739726,0.02739726,0.575342466,1.835616438,0.082191781,0.410958904,0.01369863,0.01369863,4.712328767,0.191780822,0.849315068,0.232876712,0.095890411,0.095890411,0.493150685,0.02739726,0.520547945,0.164383562,0.547945205,0.136986301,0.808219178,0.452054795,0.136986301,8.315068493,0.054794521,0.178082192,16683,73,0.564911312,0.924050633,0.675925926,1,30.335,10.89704921,8.991717901,8.404843753,130,245.7808219,0.666666667,2,287,289,0,0,0,0,0
622708,294,1.096774194,0.107526882,0.35483871,0.086021505,0.021505376,0.053763441,1.76344086,1.279569892,0.043010753,0.311827957,0.075268817,0.021505376,7.086021505,0.182795699,0.161290323,0.182795699,0.032258065,0.043010753,0.268817204,0.010752688,0.301075269,0.301075269,8.559139785,0.215053763,0.752688172,0.35483871,0.075268817,7.655913978,0.096774194,0.161290323,16740,93,0.619719362,0.911764706,0.704545455,1,32.882,12.52122329,9.826950182,36.36205225,7.193548387,245.8387097,0,0,0,0,0,0,0,0,0
622708,295,0.341463415,0.109756098,1.097560976,0.073170732,0.06097561,0.073170732,0.695121951,1.207317073,0,0.292682927,0.048780488,0.048780488,1.792682927,0.182926829,0.06097561,0.414634146,0.073170732,0.073170732,0.280487805,0,0.243902439,0.231707317,4.146341463,0.231707317,0.585365854,0.951219512,0.073170732,10.81707317,0.085365854,0.073170732,16797,82,0.659864023,0.891304348,0.621212121,1,32.874,12.31571156,9.253841361,-44.6046611,274.1707317,245.8414634,0.87804878,3,280,302,316,0,0,0,0
622708,296,0.882352941,0.067226891,0.613445378,0.201680672,0.016806723,0.042016807,1.764705882,2.008403361,0.042016807,0.403361345,0.042016807,0.067226891,2.512605042,0.285714286,0.336134454,0.394957983,0.042016807,0.075630252,0.487394958,0.008403361,0.394957983,0.176470588,4.949579832,0.285714286,1.529411765,0.655462185,0.151260504,11.55462185,0.109243697,0.159663866,16853,119,0.366808426,0.967479675,0.762820513,1,35.785,12.82178518,11.92806188,18.26285985,760.5966387,245.605042,0,0,0,0,0,0,0,0,0
622708,297,0.552845528,0.056910569,0.268292683,0.105691057,0.040650407,0.048780488,1.154471545,1.56097561,0.056910569,0.260162602,0.024390244,0.032520325,7.837398374,0.25203252,0.113821138,0.317073171,0.081300813,0.032520325,0.203252033,0,0.349593496,0.130081301,0.536585366,0.292682927,1.609756098,0.617886179,0.073170732,12.04065041,0.06504065,0.12195122,16910,123,0.678721343,0.976190476,0.798701299,1,37.72,14.77393703,10.84991879,69.85531512,347.5528455,245.9105691,0.630434783,2,274,298,0,0,0,0,0
622708,298,0.380952381,0.142857143,0.261904762,0.095238095,0.047619048,0.05952381,1.166666667,1.369047619,0.035714286,0.178571429,0.011904762,0.023809524,4.964285714,0.357142857,0.083333333,0.214285714,0.071428571,0,0.202380952,0.011904762,0.238095238,0.130952381,0.642857143,0.226190476,1.904761905,0.380952381,0.166666667,11.8452381,0.083333333,0.095238095,16967,84,0.800205551,0.893617021,0.717948718,1,33.13,13.72221469,8.229566658,82.42531696,355.8690476,245.5714286,0.461538462,1,297,0,0,0,0,0,0
622708,299,0.5,0.14,0.49,0.34,0,0.09,1.26,2.01,0.03,0.55,0.05,0.02,2.24,0.28,5.06,0.37,0.04,0.1,2.41,0.02,0.35,0.34,6.09,0.34,0.94,0.61,0.19,16.07,0.09,0.18,17024,100,0.64501933,0.934579439,0.769230769,1,34.197,13.01211367,9.943418155,-1.92357152,575.69,245.67,0,0,0,0,0,0,0,0,0
622708,300,0.724489796,0.071428571,0.193877551,0.132653061,0.051020408,0.06122449,1.183673469,1.663265306,0.040816327,0.459183673,0.030612245,0.030612245,4.051020408,0.244897959,0.051020408,0.316326531,0.051020408,0.040816327,0.295918367,0,0.5,0.265306122,9.663265306,0.357142857,1.530612245,0.744897959,0.112244898,13.91836735,0.071428571,0.193877551,17081,98,0.51723411,0.933333333,0.680555556,1,32.998,12.16545903,10.41173457,55.90898668,224.5714286,246.4387755,0.627906977,3,279,305,318,0,0,0,0
622708,301,0.421875,0.15625,0.6875,0.21875,0.015625,0.109375,1.609375,1.453125,0.03125,0.328125,0.125,0,2.875,0.09375,0.046875,0.390625,0.03125,0.0625,0.296875,0,0.34375,0.21875,1.171875,0.21875,1.203125,1,0.09375,14,0.0625,0.09375,17138,64,0.704527377,0.901408451,0.646464646,1,28.929,11.13203823,7.900149385,25.89257114,258.09375,246.609375,0.970588235,3,288,302,315,0,0,0,0
622708,302,0.426470588,0.117647059,0.661764706,0.029411765,0.117647059,0.058823529,0.897058824,0.705882353,0.058823529,0.235294118,0.058823529,0.073529412,1.014705882,0.220588235,0.044117647,0.235294118,0.029411765,0.044117647,0.632352941,0,0.264705882,0.205882353,3.808823529,0.161764706,0.691176471,0.661764706,0.132352941,9.382352941,0.029411765,0.058823529,17195,68,0.256929354,0.918918919,0.68,1,28.929,9.757806089,9.430238366,82.40425472,266.25,246.8529412,1,4,295,301,315,316,0,0,0
622708,303,0.923728814,0.169491525,0.288135593,0.13559322,0,0.101694915,0.610169492,1.63559322,0.033898305,0.305084746,0.008474576,0.025423729,13.22033898,0.347457627,0.152542373,0.372881356,0.008474576,0.152542373,0.279661017,0.016949153,0.389830508,0.203389831,5.262711864,0.271186441,2.550847458,0.949152542,0.169491525,16.50847458,0.033898305,0.152542373,17252,118,0.769951042,0.944,0.670454545,1,38.134,15.43878887,9.85153695,15.94843767,321.5338983,247.8305085,0.29787234,1,322,0,0,0,0,0,0
622708,304,0.805194805,0.116883117,1.025974026,0.142857143,0.025974026,0.116883117,1.207792208,1.168831169,0,0.25974026,0.077922078,0.025974026,2.077922078,0.194805195,0.051948052,0.181818182,0.025974026,0.038961039,0.272727273,0,0.246753247,0.090909091,3.519480519,0.12987013,0.792207792,0.623376623,0.103896104,9.558441558,0.038961039,0.090909091,17309,77,0.786718835,0.895348837,0.583333333,1,32.047,12.91406776,7.972002399,-49.98481292,740.8311688,246.7402597,0.55,1,308,0,0,0,0,0,0
622708,305,1.011494253,0.16091954,0.505747126,0.126436782,0.034482759,0.068965517,1.022988506,1.494252874,0.011494253,0.24137931,0.057471264,0.057471264,3.172413793,0.32183908,2.034482759,0.275862069,0.045977011,0.034482759,0.425287356,0.011494253,0.425287356,0.229885057,7.586206897,0.218390805,1.264367816,0.609195402,0.103448276,11.40229885,0.08045977,0.137931034,17366,87,0.506312652,0.945652174,0.790909091,1,32.022,11.51940872,9.933761951,36.14733239,212.2413793,248.5287356,0.897435897,4,279,300,318,320,0,0,0
622708,306,1.041666667,0.119791667,0.34375,0.114583333,0.020833333,0.041666667,0.90625,1.65625,0.026041667,0.463541667,0.052083333,0.026041667,5.197916667,0.338541667,0.088541667,0.276041667,0.052083333,0.057291667,0.255208333,0.005208333,0.661458333,0.161458333,0.473958333,0.328125,0.848958333,0.625,0.057291667,12.04166667,0.078125,0.151041667,17423,192,0.692842193,0.936585366,0.761904762,1,49.075,18.66271195,13.45748083,-86.00595164,153.7604167,250.921875,0.516129032,2,278,314,0,0,0,0,0
622708,307,0.257731959,0.020618557,0.87628866,0.113402062,0.020618557,0.051546392,1.298969072,1.268041237,0.051546392,0.288659794,0.051546392,0.072164948,2,0.154639175,0.06185567,0.226804124,0.041237113,0.072164948,0.319587629,0.06185567,0.319587629,0.164948454,12.3814433,0.195876289,0.927835052,0.350515464,0.072164948,9.226804124,0.030927835,0.103092784,17480,97,0.317601046,0.950980392,0.734848485,1,32.328,11.50196413,10.90644341,-79.15623846,378.7113402,251.3195876,0,0,0,0,0,0,0,0,0
622708,308,0.785714286,0.119047619,0.547619048,0.083333333,0.023809524,0.023809524,1,2.119047619,0.047619048,0.369047619,0.035714286,0.05952381,2.476190476,0.285714286,0.095238095,0.202380952,0.035714286,0.05952381,0.154761905,0,0.273809524,0.273809524,2.476190476,0.178571429,0.583333333,0.678571429,0.071428571,8.476190476,0.083333333,0.130952381,17537,84,0.515949841,0.913043478,0.636363636,1,32.874,11.7198453,10.03943977,-48.76304013,735.297619,251.2738095,0.833333333,3,304,317,326,0,0,0,0
622708,309,0.504347826,0.034782609,1.086956522,0.043478261,0.034782609,0.052173913,1.243478261,1.147826087,0.026086957,0.217391304,0.086956522,0.026086957,2.226086957,0.217391304,0.139130435,0.2,0.060869565,0.060869565,0.817391304,0,0.243478261,0.113043478,1.304347826,0.139130435,0.886956522,0.47826087,0.07826087,9.904347826,0.069565217,0.156521739,17594,115,0.607678713,0.92,0.680473373,1,37.29,13.8314297,10.98468584,42.63651341,169.1478261,252.5304348,0.020833333,1,330,0,0,0,0,0,0
622708,310,0.715447154,0.12195122,0.430894309,0.18699187,0.032520325,0.032520325,1.138211382,1.219512195,0.056910569,0.349593496,0.032520325,0.024390244,3.349593496,0.317073171,0.642276423,0.170731707,0.097560976,0.040650407,0.569105691,0.016260163,0.430894309,0.130081301,0.349593496,0.195121951,0.869918699,0.56097561,0.105691057,9.829268293,0.130081301,0.130081301,17651,123,0.734009983,0.946153846,0.745454545,1,37.935,15.27351436,10.37283436,-12.86574002,417.9186992,252.3739837,0,0,0,0,0,0,0,0,0
622708,311,0.389473684,0.105263158,0.557894737,0.052631579,0.052631579,0.052631579,0.747368421,1.010526316,0.010526316,0.231578947,0.073684211,0.042105263,1.905263158,0.136842105,0.042105263,0.294736842,0.073684211,0.021052632,0.178947368,0,0.389473684,0.2,10.2,0.231578947,0.673684211,0.705263158,0.052631579,8.884210526,0.052631579,0.073684211,17708,95,0.672123495,0.931372549,0.730769231,1,33.618,12.96025006,9.59627542,89.19669836,510.8947368,250.1684211,0.380952381,1,291,0,0,0,0,0,0
622708,312,0.504854369,0.116504854,0.834951456,0.067961165,0.038834951,0.038834951,0.54368932,0.902912621,0.058252427,0.300970874,0.058252427,0.019417476,2.45631068,0.184466019,0.106796117,0.13592233,0.009708738,0.067961165,0.252427184,0.009708738,0.223300971,0.165048544,5.922330097,0.165048544,0.40776699,0.495145631,0.097087379,9.281553398,0.038834951,0.077669903,17764,103,0.399331093,0.962616822,0.78030303,1,32.973,12.0107184,11.0115081,16.42516568,189.3786408,254.1067961,0.095238095,1,290,0,0,0,0,0,0
622708,313,0.772357724,0.081300813,0.308943089,0.097560976,0.024390244,0.06504065,0.991869919,1.292682927,0.032520325,0.243902439,0.024390244,0.06504065,6.634146341,0.268292683,0.040650407,0.219512195,0.008130081,0.032520325,0.18699187,0.008130081,0.292682927,0.105691057,0.577235772,0.195121951,1.016260163,0.447154472,0.06504065,8.62601626,0.032520325,0.097560976,17821,123,0.801343737,0.848275862,0.591346154,1,44.411,16.7559227,10.02346264,19.1158006,70.70731707,252.8373984,0.388888889,1,323,0,0,0,0,0,0
622708,314,1.380434783,0.119565217,0.641304348,0.108695652,0.032608696,0.054347826,1.043478261,2.065217391,0.054347826,0.413043478,0.032608696,0.043478261,5.010869565,0.173913043,0.032608696,0.217391304,0.054347826,0.010869565,0.304347826,0.010869565,0.347826087,0.130434783,0.695652174,0.315217391,0.869565217,0.684782609,0.065217391,12.17391304,0.076086957,0.173913043,17878,92,0.363760489,0.958333333,0.760330579,1,31.84,11.3040619,10.52964905,-89.69892638,143.8152174,254.2065217,0.461538462,1,306,0,0,0,0,0,0
622708,315,0.540229885,0.206896552,0.563218391,0.218390805,0.022988506,0.034482759,1.32183908,2.183908046,0.08045977,0.287356322,0.068965517,0.022988506,2.298850575,0.333333333,0.034482759,0.344827586,0.034482759,0,0.206896552,0.011494253,0.494252874,0.126436782,1.068965517,0.32183908,1.114942529,0.75862069,0.103448276,12.72413793,0.057471264,0.126436782,17935,87,0.650910081,0.945652174,0.790909091,1,31.534,12.22548067,9.281032782,27.18402535,259.9310345,255.0114943,0.763157895,4,301,302,316,321,0,0,0
622708,316,0.88372093,0.139534884,0.744186047,0.302325581,0.034883721,0.023255814,1.674418605,2.081395349,0.046511628,0.430232558,0.058139535,0.058139535,4.162790698,0.395348837,0.058139535,0.23255814,0.081395349,0.069767442,0.26744186,0.011627907,0.674418605,0.174418605,0.895348837,0.38372093,1.348837209,0.697674419,0.093023256,9.941860465,0.093023256,0.104651163,17992,86,0.696159544,0.955555556,0.796296296,1,31.17,12.49550433,8.970361377,-1.968817679,271.127907,254.6395349,0.631578947,3,295,302,315,0,0,0,0
622708,317,1.194630872,0.11409396,0.751677852,0.194630872,0.033557047,0.053691275,1.489932886,2.55704698,0.046979866,0.422818792,0.026845638,0.053691275,3.953020134,0.523489933,0.275167785,0.402684564,0.040268456,0.073825503,0.348993289,0,0.369127517,0.241610738,4.127516779,0.32885906,0.88590604,1.013422819,0.073825503,14.9261745,0.161073826,0.194630872,18049,149,0.685675344,0.943037975,0.730392157,1,43.352,16.34158807,11.89516446,-4.25495865,723.590604,254.2214765,0.452830189,2,308,326,0,0,0,0,0
622708,318,0.860759494,0.088607595,0.670886076,0.227848101,0.088607595,0.088607595,1.17721519,1.582278481,0.063291139,0.405063291,0.075949367,0.012658228,2.227848101,0.240506329,2.025316456,0.278481013,0.037974684,0.126582278,0.683544304,0.063291139,0.430379747,0.291139241,3.481012658,0.278481013,1.569620253,0.658227848,0.101265823,14.6835443,0.063291139,0.101265823,18106,79,0.859855909,0.877777778,0.658333333,1,33.8,14.49310026,7.399260907,4.640663449,217.8227848,254.7974684,0.926829268,4,300,305,320,325,0,0,0
622708,319,0.495726496,0.05982906,0.675213675,0.085470085,0.017094017,0.068376068,1.094017094,1.427350427,0.042735043,0.418803419,0.034188034,0.042735043,3.179487179,0.256410256,0.051282051,0.188034188,0.076923077,0.051282051,0.35042735,0,0.256410256,0.162393162,0.658119658,0.205128205,0.991452991,0.47008547,0.145299145,9.811965812,0.076923077,0.170940171,18163,117,0.666173608,0.943548387,0.709090909,1,36.918,14.24263298,10.62210873,-12.87530801,461.025641,255,0,0,0,0,0,0,0,0,0
622708,320,0.942857143,0.123809524,0.666666667,0.152380952,0.028571429,0.00952381,1.257142857,1.371428571,0.028571429,0.40952381,0.076190476,0.019047619,3.733333333,0.228571429,2.323809524,0.352380952,0.066666667,0.038095238,0.257142857,0,0.495238095,0.228571429,2.704761905,0.333333333,1.257142857,0.533333333,0.076190476,12.46666667,0.076190476,0.171428571,18220,105,0.755146906,0.921052632,0.583333333,1,37.216,14.62460957,9.587244758,31.07745061,203.5809524,256.5714286,0.583333333,3,305,318,325,0,0,0,0
622708,321,0.392,0.088,0.744,0.088,0.064,0.048,0.96,1.224,0.048,0.272,0.032,0.016,1.232,0.232,0.024,0.304,0.048,0.024,0.48,0.016,0.304,0.16,2.312,0.232,0.64,0.592,0.088,10.088,0.12,0.136,18277,125,0.384856439,0.9765625,0.801282051,1,36.43,13.17081787,12.15635468,4.263011665,248.048,256.48,0.239130435,1,315,0,0,0,0,0,0
622708,322,0.333333333,0.131782946,0.829457364,0.11627907,0.023255814,0.093023256,0.581395349,1.503875969,0.031007752,0.286821705,0.015503876,0.100775194,7.992248062,0.23255814,0.085271318,0.302325581,0.07751938,0.046511628,0.488372093,0.023255814,0.294573643,0.100775194,3.03875969,0.23255814,0.953488372,0.937984496,0.062015504,14.06976744,0.07751938,0.11627907,18334,129,0.605525442,0.962686567,0.763313609,1,38.117,14.45564352,11.50417621,46.47170313,319.6511628,258.7674419,0.3125,1,303,0,0,0,0,0,0
622708,323,0.617647059,0.073529412,0.323529412,0.102941176,0.073529412,0.014705882,0.720588235,0.955882353,0.044117647,0.191176471,0,0.014705882,5.323529412,0.147058824,0.044117647,0.205882353,0.073529412,0.029411765,0.132352941,0.029411765,0.25,0.176470588,0.882352941,0.220588235,0.867647059,0.220588235,0.102941176,8.867647059,0.029411765,0.058823529,18391,68,0.748099416,0.931506849,0.708333333,1,28.565,11.61869346,7.710010066,14.01725684,70.33823529,260.3676471,0.638888889,2,313,337,0,0,0,0,0
622708,324,0.553398058,0.174757282,0.708737864,0.165048544,0.048543689,0.048543689,2,1.941747573,0.106796117,0.388349515,0.038834951,0.038834951,2.436893204,0.262135922,0.087378641,0.32038835,0.038834951,0.048543689,0.466019417,0.009708738,0.32038835,0.155339806,1.194174757,0.27184466,1.194174757,0.902912621,0.13592233,14.6407767,0.184466019,0.126213592,18448,103,0.613981476,0.936363636,0.72027972,1,34.106,13.01913311,10.27626779,-78.73916875,593.9708738,259.592233,0,0,0,0,0,0,0,0,0
622708,325,0.637931034,0.172413793,0.827586207,0.120689655,0.051724138,0.051724138,1.517241379,1.24137931,0.068965517,0.25862069,0.068965517,0.034482759,1.206896552,0.24137931,0.120689655,0.413793103,0.051724138,0.051724138,0.24137931,0.017241379,0.362068966,0.189655172,7.844827586,0.189655172,1.103448276,1.275862069,0.034482759,13.46551724,0.068965517,0.103448276,18505,58,0.940575011,0.950819672,0.773333333,1,30.401,14.92320271,5.067710652,5.211435102,212.0862069,260.1206897,1,4,318,320,328,338,0,0,0
622708,326,0.504854369,0.097087379,1.038834951,0.067961165,0.029126214,0.038834951,0.436893204,1.485436893,0.058252427,0.252427184,0.106796117,0.048543689,1.611650485,0.223300971,0.048543689,0.252427184,0.019417476,0.019417476,0.504854369,0,0.262135922,0.194174757,3.922330097,0.184466019,0.339805825,0.553398058,0.097087379,9.45631068,0.029126214,0.029126214,18562,103,0.526641678,0.919642857,0.66025641,1,35.421,12.73527767,10.82609875,26.90199731,729.0873786,263.4271845,0.4,3,308,317,345,0,0,0,0
622708,327,0.752475248,0.108910891,0.653465347,0.079207921,0,0.01980198,0.653465347,1.01980198,0.00990099,0.168316832,0.069306931,0.059405941,2.069306931,0.128712871,0.079207921,0.297029703,0.02970297,0.00990099,0.267326733,0.00990099,0.316831683,0.217821782,9.782178218,0.138613861,0.405940594,0.475247525,0.03960396,6.346534653,0.04950495,0.128712871,18619,101,0.522346872,0.980582524,0.701388889,1,32.99,12.3731851,10.55102453,45,745.3960396,262.3960396,0.386363636,1,339,0,0,0,0,0,0
622708,328,0.614035088,0.210526316,0.771929825,0.192982456,0.01754386,0.052631579,1.649122807,1.456140351,0.035087719,0.245614035,0.087719298,0,1.456140351,0.210526316,0.052631579,0.228070175,0.01754386,0.105263158,0.263157895,0,0.368421053,0.245614035,6.298245614,0.263157895,1.01754386,0.754385965,0.01754386,11.54385965,0.157894737,0.105263158,18675,57,0.924738034,0.838235294,0.508928571,1,31.923,15.16370143,5.77136868,15.98763298,211.3684211,264.7368421,0.921052632,3,325,338,347,0,0,0,0
622708,329,0.317307692,0.096153846,0.471153846,0.086538462,0.019230769,0.038461538,0.971153846,1.134615385,0.019230769,0.278846154,0.038461538,0.028846154,1.576923077,0.182692308,0.067307692,0.192307692,0.048076923,0.086538462,0.221153846,0.009615385,0.375,0.269230769,7.230769231,0.192307692,0.807692308,0.596153846,0.057692308,10.18269231,0.096153846,0.096153846,18732,104,0.690792149,0.95412844,0.666666667,1,34.313,13.65633657,9.874260471,49.64269824,472.4423077,264.0096154,0.108695652,1,349,0,0,0,0,0,0
622708,330,1.561797753,0.280898876,0.382022472,0.146067416,0.056179775,0.04494382,1.640449438,2.359550562,0.033707865,0.561797753,0.101123596,0.06741573,4.887640449,0.359550562,0.02247191,0.235955056,0.06741573,0.112359551,0.460674157,0.011235955,0.483146067,0.191011236,0.685393258,0.280898876,0.943820225,0.775280899,0.168539326,15.14606742,0.134831461,0.258426966,18789,89,0.31615078,0.956989247,0.73553719,1,31.195,11.00137139,10.43709958,-70.19643495,170.494382,265.8988764,0.025641026,1,309,0,0,0,0,0,0
622708,331,0.791208791,0.131868132,0.956043956,0.362637363,0.032967033,0.054945055,1.703296703,3,0.087912088,0.758241758,0.076923077,0.065934066,3.582417582,0.340659341,0.032967033,0.395604396,0.054945055,0.076923077,0.659340659,0.054945055,0.747252747,0.296703297,7.164835165,0.43956044,1.604395604,1.318681319,0.120879121,19,0.153846154,0.263736264,18846,91,0.465258441,0.93814433,0.689393939,1,31.774,11.53627783,10.21162344,-43.75071677,684.7032967,263.8461538,0.048780488,1,332,0,0,0,0,0,0
622708,332,0.794642857,0.169642857,0.616071429,0.196428571,0.0625,0.0625,1.196428571,2.107142857,0.044642857,0.517857143,0.071428571,0.053571429,2.705357143,0.285714286,6.839285714,0.3125,0.0625,0.107142857,2.535714286,0.017857143,0.383928571,0.160714286,2.035714286,0.446428571,0.883928571,0.678571429,0.133928571,13.83928571,0.089285714,0.169642857,18903,112,0.575537974,0.957264957,0.666666667,1,36.637,13.42056082,10.97499986,20.90455961,698.7946429,264.9910714,0.468085106,2,331,341,0,0,0,0,0
622708,333,1.053571429,0.071428571,0.75,0.25,0.053571429,0.053571429,1.571428571,1.464285714,0.017857143,0.196428571,0.053571429,0.053571429,4,0.446428571,0.125,0.25,0,0.017857143,0.392857143,0,0.321428571,0.125,4.892857143,0.232142857,1.75,0.660714286,0.053571429,11.41071429,0.125,0.053571429,18960,56,0.696513574,0.903225806,0.691358025,1,25.563,10.21150136,7.32719762,54.29239696,89.83928571,264.2321429,0.78125,2,337,340,0,0,0,0,0
622708,334,0.491935484,0.080645161,0.75,0.153225806,0.032258065,0.056451613,0.677419355,1.25,0.016129032,0.282258065,0.072580645,0.040322581,2.637096774,0.225806452,0.419354839,0.153225806,0.064516129,0.048387097,0.532258065,0.016129032,0.427419355,0.209677419,2.282258065,0.241935484,0.483870968,0.637096774,0.120967742,10.7016129,0.112903226,0.10483871,19017,124,0.320040655,0.96875,0.733727811,1,36.546,12.97841774,12.29580241,-49.24539019,332.5725806,267.1532258,0,0,0,0,0,0,0,0,0
622708,335,0.52892562,0.107438017,0.73553719,0.148760331,0.016528926,0.024793388,1.570247934,1.867768595,0.041322314,0.41322314,0.090909091,0.082644628,4.504132231,0.272727273,0.553719008,0.338842975,0.066115702,0.074380165,0.752066116,0,0.338842975,0.181818182,1.330578512,0.165289256,1.008264463,0.619834711,0.107438017,11.16528926,0.099173554,0.107438017,19074,121,0.822426881,0.870503597,0.6875,1,42.98,17.05325221,9.701097788,78.75189496,283.5123967,264.0578512,0.547169811,2,336,348,0,0,0,0,0
622708,336,0.246153846,0.138461538,0.692307692,0.107692308,0.061538462,0.076923077,1.307692308,1.353846154,0.061538462,0.338461538,0.076923077,0.030769231,1.846153846,0.307692308,0.661538462,0.215384615,0.030769231,0.061538462,0.646153846,0.030769231,0.538461538,0.2,12.56923077,0.169230769,0.907692308,0.692307692,0.046153846,9.707692308,0.076923077,0.092307692,19131,65,0.839612254,0.928571429,0.714285714,1,29.781,12.64659642,6.869456837,77.85813564,289.6615385,267.4461538,1,3,335,342,348,0,0,0,0
622708,337,1.15,0.1375,0.83125,0.1375,0.03125,0.1,1.08125,1.96875,0.0375,0.45,0.06875,0.025,3.9875,0.275,0.1125,0.31875,0.04375,0.03125,0.33125,0.00625,0.3625,0.19375,4.225,0.28125,0.8375,0.725,0.10625,13.39375,0.05,0.175,19188,160,0.755611804,0.924855491,0.740740741,1,47.024,18.08195965,11.84403972,89.27903063,80.8375,269.48125,0.4,3,323,333,340,0,0,0,0
622708,338,0.551401869,0.056074766,0.76635514,0.08411215,0.009345794,0.018691589,0.728971963,1.271028037,0.018691589,0.289719626,0.065420561,0.028037383,1.46728972,0.205607477,0.196261682,0.205607477,0.037383178,0.028037383,0.61682243,0.009345794,0.373831776,0.112149533,1.971962617,0.205607477,0.644859813,0.570093458,0.065420561,11.31775701,0.056074766,0.158878505,19245,107,0.794436978,0.906779661,0.607954545,1,37.398,15.17854976,9.218640542,1.955865733,217.7383178,269.0654206,0.425531915,3,325,328,347,0,0,0,0
622708,339,0.711538462,0.221153846,0.730769231,0.182692308,0.038461538,0.019230769,0.653846154,1.384615385,0.019230769,0.221153846,0.057692308,0.048076923,2.173076923,0.163461538,0.115384615,0.211538462,0.057692308,0.038461538,0.336538462,0.038461538,0.288461538,0.125,1.298076923,0.182692308,0.5,0.653846154,0.105769231,10.40384615,0.105769231,0.144230769,19302,104,0.469086952,0.962962963,0.727272727,1,33.908,12.35762818,10.91366388,-2.530647602,752.5673077,269.4807692,0.651162791,2,327,352,0,0,0,0,0
622708,340,0.546666667,0.08,1.026666667,0.066666667,0.053333333,0.013333333,0.813333333,1.08,0.026666667,0.28,0.093333333,0.026666667,2.186666667,0.2,0.013333333,0.213333333,0.066666667,0.026666667,0.28,0.026666667,0.346666667,0.226666667,1.92,0.066666667,0.8,0.68,0.053333333,9.72,0.066666667,0.08,19359,75,0.766002811,0.862068966,0.568181818,1,33.246,13.00210455,8.358236761,42.40382678,90.50666667,271.0666667,1,3,333,337,344,0,0,0,0
622708,341,1.230263158,0.111842105,0.835526316,0.210526316,0.046052632,0.072368421,1.151315789,2.5,0.039473684,0.355263158,0.039473684,0.046052632,4.467105263,0.348684211,0.815789474,0.315789474,0.032894737,0.065789474,0.546052632,0,0.427631579,0.184210526,2.822368421,0.289473684,0.703947368,0.861842105,0.118421053,13.52631579,0.105263158,0.085526316,19416,152,0.674473412,0.938271605,0.638655462,1,43.948,16.49276872,12.17659692,31.17724902,708.7763158,269.9802632,0.596491228,2,332,345,0,0,0,0,0
622708,342,0.281690141,0.183098592,0.943661972,0.11971831,0.021126761,0.042253521,0.950704225,1.26056338,0.007042254,0.302816901,0.056338028,0.007042254,1.85915493,0.197183099,0.084507042,0.176056338,0.028169014,0.070422535,0.316901408,0.028169014,0.274647887,0.154929577,2.394366197,0.274647887,0.542253521,0.591549296,0.077464789,9.281690141,0.042253521,0.098591549,19473,142,0.759620736,0.898734177,0.633928571,1,43.84,17.16264431,11.16200566,60.58933783,295.7887324,271.8239437,0.446428571,2,336,348,0,0,0,0,0
622708,343,0.27480916,0.106870229,1.236641221,0.122137405,0.015267176,0.06870229,1.297709924,1.099236641,0.022900763,0.229007634,0.038167939,0.015267176,1.290076336,0.160305344,0.061068702,0.13740458,0.099236641,0.030534351,0.389312977,0.007633588,0.244274809,0.175572519,3.496183206,0.122137405,0.770992366,0.65648855,0.06870229,8.816793893,0.061068702,0.076335878,19530,131,0.640960188,0.95620438,0.727777778,1,39.73,14.88892426,11.42835301,0.725063611,637.9847328,271.2824427,0,0,0,0,0,0,0,0,0
622708,344,0.49137931,0.068965517,0.646551724,0.172413793,0.034482759,0.068965517,0.853448276,1.534482759,0.017241379,0.353448276,0.060344828,0.00862069,2.525862069,0.172413793,0.5,0.206896552,0.051724138,0.077586207,0.482758621,0.00862069,0.224137931,0.198275862,4.24137931,0.275862069,0.956896552,0.379310345,0.137931034,9.974137931,0.060344828,0.094827586,19586,116,0.725743209,0.943089431,0.686390533,1,37.472,14.84298451,10.21146412,49.05043796,99.05172414,272.7413793,0.729166667,2,340,350,0,0,0,0,0
622708,345,0.681818182,0.125,0.602272727,0.113636364,0.022727273,0.068181818,2.431818182,1.840909091,0.022727273,0.545454545,0.113636364,0.136363636,2.931818182,0.420454545,0.090909091,0.329545455,0.022727273,0.045454545,0.420454545,0.022727273,0.363636364,0.306818182,9.090909091,0.25,2.147727273,0.818181818,0.056818182,14.93181818,0.022727273,0.147727273,19643,88,0.424867192,0.956521739,0.8,1,30.434,11.18595767,10.12615186,-23.07632734,719.8409091,272.5568182,0.421052632,2,326,341,0,0,0,0,0
622708,346,0.379310345,0.017241379,0.534482759,0.120689655,0.017241379,0.068965517,0.482758621,1.310344828,0.051724138,0.310344828,0.051724138,0.068965517,1.396551724,0.172413793,0.293103448,0.25862069,0.068965517,0.017241379,0.344827586,0.034482759,0.155172414,0.137931034,3.327586207,0.172413793,0.5,0.74137931,0.103448276,10.74137931,0.103448276,0.051724138,19700,58,0.640325201,0.892307692,0.644444444,1,26.233,10.0580528,7.72562981,12.80652487,114.5,274.8103448,0.727272727,3,350,353,354,0,0,0,0
622708,347,0.736842105,0.178947368,0.547368421,0.210526316,0.021052632,0.021052632,1.210526316,1.778947368,0.010526316,0.526315789,0.052631579,0.073684211,3.094736842,0.284210526,0.252631579,0.336842105,0.031578947,0.094736842,0.2,0,0.315789474,0.136842105,0.568421053,0.2,1.126315789,0.673684211,0.105263158,12.42105263,0.094736842,0.115789474,19757,95,0.424286168,0.95959596,0.785123967,1,31.658,11.60701542,10.51047932,45,204,276,0.05,2,328,338,0,0,0,0,0
622708,348,0.510869565,0.108695652,0.641304348,0.22826087,0.010869565,0.086956522,1,1.456521739,0.086956522,0.336956522,0.032608696,0.054347826,2.902173913,0.163043478,0.054347826,0.22826087,0.043478261,0.054347826,0.217391304,0,0.423913043,0.141304348,0.619565217,0.173913043,0.934782609,0.565217391,0.054347826,6.630434783,0.054347826,0.054347826,19814,92,0.665348673,0.958333333,0.707692308,1,32.692,12.61162195,9.414988786,-28.2889296,283.0217391,276.5217391,0.525,3,335,336,342,0,0,0,0
622708,349,0.611111111,0.1,0.566666667,0.122222222,0.044444444,0.022222222,1.1,1.411111111,0.055555556,0.3,0.044444444,0.066666667,2.366666667,0.2,0.088888889,0.177777778,0.033333333,0.066666667,0.355555556,0.022222222,0.333333333,0.066666667,0.633333333,0.166666667,0.788888889,0.533333333,0.088888889,10.06666667,0.066666667,0.133333333,19871,90,0.436273831,0.947368421,0.75,1,31.476,11.39200499,10.25068501,0,466.5,276.2222222,0.15,1,329,0,0,0,0,0,0
622708,350,0.694117647,0.117647059,0.764705882,0.211764706,0.023529412,0.035294118,1.270588235,1.917647059,0.070588235,0.458823529,0.094117647,0.070588235,3.729411765,0.423529412,6.047058824,0.2,0.047058824,0.152941176,2.152941176,0,0.341176471,0.235294118,4.823529412,0.388235294,1.282352941,0.905882353,0.117647059,16.29411765,0.105882353,0.129411765,19928,85,0.757267674,0.934065934,0.607142857,1,34.189,13.42501091,8.76793691,75.6587144,105.1529412,279.0588235,0.952380952,5,344,346,353,360,372,0,0
622708,351,0.422413793,0.146551724,0.896551724,0.24137931,0.025862069,0.043103448,1.060344828,1.844827586,0.025862069,0.517241379,0.077586207,0.043103448,2.060344828,0.224137931,0.086206897,0.215517241,0.094827586,0.034482759,0.318965517,0.00862069,0.301724138,0.163793103,3.456896552,0.172413793,0.853448276,0.681034483,0.181034483,13.19827586,0.068965517,0.163793103,19985,116,0.387695661,0.958677686,0.743589744,1,35.512,12.72117561,11.72621984,20.56556045,398.1896552,280.5,0,0,0,0,0,0,0,0,0
622708,352,1.326923077,0.278846154,0.615384615,0.211538462,0,0.076923077,0.990384615,2.25,0.028846154,0.394230769,0.038461538,0.057692308,3.846153846,0.384615385,0.048076923,0.182692308,0.067307692,0.038461538,0.317307692,0.019230769,0.394230769,0.153846154,0.721153846,0.211538462,0.576923077,0.605769231,0.115384615,9.538461538,0.076923077,0.115384615,20042,104,0.653154907,0.936936937,0.727272727,1,36.248,13.52642525,10.24253813,76.88064208,750.9230769,280.2307692,0.288888889,1,339,0,0,0,0,0,0
622708,353,0.630434783,0.195652174,1.347826087,0.239130435,0,0.152173913,0.652173913,1.5,0.02173913,0.304347826,0.086956522,0.043478261,2.543478261,0.239130435,2.913043478,0.239130435,0.130434783,0.043478261,1.217391304,0.02173913,0.608695652,0.239130435,4.739130435,0.173913043,1.108695652,0.673913043,0.152173913,12.91304348,0.065217391,0.108695652,20099,46,0.698461378,0.821428571,0.567901235,1,27.151,10.07583438,7.210748212,43.58233898,111.2391304,281.2826087,1,5,346,350,354,360,372,0,0
622708,354,0.675,0.1375,1.0625,0.1625,0.025,0.05,1.75,1.5125,0.025,0.2875,0.0625,0.0375,3.425,0.2625,0.05,0.4875,0.025,0.025,0.35,0.0625,0.2375,0.4125,7.45,0.2375,1.0375,1.0875,0.075,12.425,0.1375,0.1375,20156,80,0.438140259,0.952380952,0.666666667,1,30.633,10.88449371,9.784143463,-85.47799677,121.0625,280.0125,0.948717949,4,346,353,358,360,0,0,0
622708,355,1.093023256,0.151162791,0.662790698,0.209302326,0.011627907,0.11627907,1.465116279,1.941860465,0.023255814,0.372093023,0.046511628,0.046511628,3.662790698,0.302325581,0.674418605,0.279069767,0.046511628,0.093023256,0.406976744,0.011627907,0.453488372,0.174418605,0.441860465,0.244186047,1.081395349,0.662790698,0.093023256,11.8255814,0.069767442,0.104651163,20213,86,0.398933912,0.945054945,0.651515152,1,31.121,11.0834252,10.1632757,36.24167062,695.8255814,279.5930233,0.487804878,3,362,365,371,0,0,0,0
622708,356,0.6,0.227272727,0.572727273,0.172727273,0.063636364,0.090909091,1.418181818,2.027272727,0.027272727,0.490909091,0.036363636,0.045454545,4.472727273,0.272727273,0.172727273,0.318181818,0.009090909,0.081818182,0.381818182,0.018181818,0.427272727,0.290909091,7.390909091,0.363636364,1.236363636,1.1,0.154545455,17.98181818,0.063636364,0.136363636,20270,110,0.583626738,0.93220339,0.769230769,1,36.157,13.31138935,10.80914184,-72.97253355,517.0545455,283.6363636,0,0,0,0,0,0,0,0,0
622708,357,0.793103448,0.137931034,1.006896552,0.268965517,0.020689655,0.048275862,1,1.434482759,0.020689655,0.289655172,0.110344828,0.096551724,2.717241379,0.275862069,0.413793103,0.282758621,0.027586207,0.04137931,0.510344828,0.020689655,0.386206897,0.144827586,3.172413793,0.179310345,0.572413793,0.827586207,0.131034483,12.4,0.048275862,0.137931034,20327,145,0.71910811,0.947712418,0.644444444,1,42.178,16.55625178,11.50490977,42.99986206,675.7586207,282.7793103,0.464285714,3,362,368,376,0,0,0,0
622708,358,0.672727273,0.081818182,0.772727273,0.081818182,0.009090909,0.109090909,1.090909091,1.445454545,0.054545455,0.263636364,0.036363636,0.036363636,2.936363636,0.236363636,0.027272727,0.2,0.018181818,0.036363636,0.654545455,0.018181818,0.209090909,0.172727273,0.945454545,0.245454545,0.872727273,0.636363636,0.118181818,10.72727273,0.018181818,0.054545455,20384,110,0.739816614,0.859375,0.604395604,1,39.705,15.16973092,10.20632504,26.66213742,130.6636364,282.2636364,0.6875,2,354,364,0,0,0,0,0
622708,359,0.900900901,0.108108108,0.252252252,0.081081081,0.036036036,0.063063063,1.171171171,1.765765766,0.036036036,0.432432432,0.054054054,0.054054054,4.810810811,0.27027027,0.072072072,0.279279279,0.018018018,0.018018018,0.297297297,0.009009009,0.306306306,0.153153153,0.468468468,0.234234234,1.036036036,0.387387387,0.09009009,8.900900901,0.063063063,0.09009009,20441,111,0.670330614,0.948717949,0.720779221,1,35.694,13.871984,10.29388019,13.23057501,342.6756757,282.6486486,0,0,0,0,0,0,0,0,0
622708,360,0.634408602,0.129032258,1.064516129,0.161290323,0.064516129,0.032258065,0.505376344,1.311827957,0.043010753,0.258064516,0.075268817,0.010752688,2.978494624,0.247311828,0.064516129,0.23655914,0.043010753,0.064516129,0.537634409,0.021505376,0.322580645,0.11827957,4.225806452,0.258064516,0.752688172,0.655913978,0.182795699,12.23655914,0.064516129,0.11827957,20497,93,0.456544303,0.93,0.704545455,1,33.544,11.69054498,10.40108581,1.552351116,115.1935484,287.5268817,0.761904762,4,350,353,354,372,0,0,0
622708,361,1.641221374,0.190839695,0.572519084,0.160305344,0.045801527,0.091603053,1.160305344,2.312977099,0.022900763,0.709923664,0.06870229,0.045801527,3.946564885,0.312977099,0.091603053,0.297709924,0.06870229,0.045801527,0.335877863,0.015267176,0.381679389,0.198473282,0.702290076,0.312977099,0.847328244,0.625954198,0.129770992,10.91603053,0.06870229,0.122137405,20554,131,0.387405624,0.95620438,0.71978022,1,38.233,13.56615156,12.50676221,88.27577162,782.0152672,285.9007634,0,0,0,0,0,0,0,0,0
622708,363,0.776595745,0.106382979,0.265957447,0.095744681,0.042553191,0.053191489,0.617021277,1.64893617,0.021276596,0.35106383,0.021276596,0.074468085,6.925531915,0.425531915,0.063829787,0.425531915,0.053191489,0.031914894,0.255319149,0,0.382978723,0.212765957,1.074468085,0.223404255,1.670212766,0.64893617,0.074468085,16.03191489,0.053191489,0.053191489,20668,94,0.515254748,0.959183673,0.712121212,1,31.956,11.93519873,10.22890778,20.4021154,261.3085106,287.7446809,0.452380952,1,373,0,0,0,0,0,0
622708,364,0.770114943,0.149425287,0.689655172,0.218390805,0.034482759,0.057471264,1.229885057,1.793103448,0.034482759,0.275862069,0.034482759,0.022988506,2.528735632,0.206896552,0.011494253,0.252873563,0.045977011,0.045977011,0.413793103,0,0.287356322,0.149425287,0.643678161,0.310344828,1.126436782,0.816091954,0.137931034,13.35632184,0.045977011,0.08045977,20725,87,0.547293591,0.945652174,0.725,1,30.732,11.5946194,9.704008807,13.61478101,134.4597701,289.4022989,0.475,1,358,0,0,0,0,0,0
622708,365,0.650793651,0.126984127,0.603174603,0.206349206,0.015873016,0.111111111,2.222222222,1.904761905,0.047619048,0.444444444,0.031746032,0.047619048,2.920634921,0.285714286,0.904761905,0.396825397,0.063492063,0.079365079,0.746031746,0,0.396825397,0.158730159,8.587301587,0.317460317,0.80952381,0.682539683,0.063492063,15.3015873,0.047619048,0.19047619,20782,63,0.577807437,0.9,0.7,1,27.068,10.15019443,8.284315883,0.308896357,696.7301587,289.015873,0.794117647,5,355,362,371,375,380,0,0
622708,366,0.878787879,0.191919192,0.646464646,0.212121212,0.080808081,0.04040404,1.414141414,1.828282828,0.050505051,0.494949495,0.070707071,0.060606061,3.97979798,0.222222222,0.090909091,0.353535354,0.050505051,0.02020202,0.232323232,0.02020202,0.343434343,0.171717172,1.050505051,0.262626263,0.707070707,0.737373737,0.141414141,12.85858586,0.121212121,0.111111111,20839,99,0.679669677,0.951923077,0.707142857,1,33.734,13.20116875,9.683299164,-1.612342994,712.6767677,289.6565657,0,0,0,0,0,0,0,0,0
622708,367,0.5,0.132075472,0.632075472,0.094339623,0.037735849,0.037735849,1.009433962,1.773584906,0.028301887,0.443396226,0.066037736,0.028301887,2.698113208,0.311320755,0.08490566,0.367924528,0.018867925,0.056603774,0.264150943,0.009433962,0.405660377,0.188679245,0.58490566,0.235849057,0.867924528,0.669811321,0.094339623,11.33018868,0.094339623,0.198113208,20896,106,0.700479838,0.954954955,0.757142857,1,35.024,13.85953662,9.891165875,-7.189127751,584.0188679,290.2358491,0.255813953,1,369,0,0,0,0,0,0
622708,368,0.395348837,0.139534884,0.88372093,0.697674419,0,0,1.627906977,0.976744186,0.139534884,0.581395349,0.023255814,0.11627907,2.302325581,0.395348837,0.069767442,0.209302326,0.093023256,0.023255814,0.162790698,0.023255814,0.325581395,0.046511628,2.418604651,0.11627907,0.441860465,0.511627907,0.069767442,11.13953488,0.11627907,0.093023256,20953,43,0.743235506,0.934782609,0.682539683,1,21.916,9.350446726,6.255728264,-18.59714757,680.255814,291.0697674,1,4,357,362,371,376,0,0,0
622708,370,0.389473684,0.063157895,0.357894737,0.136842105,0.021052632,0.052631579,0.968421053,1.252631579,0.031578947,0.347368421,0.021052632,0.073684211,2.968421053,0.189473684,0.031578947,0.126315789,0.052631579,0.042105263,0.210526316,0.021052632,0.305263158,0.136842105,0.431578947,0.168421053,0.757894737,0.452631579,0.084210526,8.357894737,0.126315789,0.073684211,21067,95,0.675613957,0.940594059,0.664335664,1,33.089,12.95589355,9.551804734,-32.51205677,370.1684211,291.8631579,0,0,0,0,0,0,0,0,0
622708,372,0.937984496,0.124031008,0.651162791,0.19379845,0.046511628,0.03875969,0.852713178,1.604651163,0.046511628,0.348837209,0.023255814,0.031007752,7.503875969,0.23255814,0.19379845,0.255813953,0.03875969,0.054263566,0.395348837,0.015503876,0.387596899,0.240310078,7.976744186,0.23255814,0.96124031,0.697674419,0.11627907,12.81395349,0.085271318,0.131782946,21181,129,0.347215269,0.948529412,0.708791209,1,38.514,13.33641695,12.50669782,33.73670726,104.4496124,292.1007752,0.4,3,350,353,360,0,0,0,0
622708,373,1.04587156,0.137614679,0.394495413,0.183486239,0.04587156,0.027522936,1.027522936,2.403669725,0.04587156,0.403669725,0.018348624,0.064220183,7.669724771,0.376146789,0.082568807,0.321100917,0.091743119,0,0.302752294,0,0.587155963,0.23853211,0.697247706,0.321100917,1.146788991,0.834862385,0.137614679,12.82568807,0.174311927,0.174311927,21238,109,0.763008948,0.947826087,0.707792208,1,36.157,14.83099475,9.586575878,22.68959985,265.6238532,295.2568807,0.391304348,1,363,0,0,0,0,0,0
622708,374,0.369565217,0.065217391,0.869565217,0.076086957,0,0.02173913,0.652173913,1.445652174,0.043478261,0.260869565,0.086956522,0.010869565,1.77173913,0.163043478,0.032608696,0.239130435,0.010869565,0.02173913,0.260869565,0,0.336956522,0.25,7.119565217,0.173913043,0.467391304,0.652173913,0.076086957,10.22826087,0.043478261,0.086956522,21295,92,0.499073981,0.93877551,0.696969697,1,32.51,11.73725515,10.17102856,68.82514872,456.8913043,294.0543478,0.35,1,378,0,0,0,0,0,0
622708,375,0.888888889,0.19047619,0.80952381,0.492063492,0.015873016,0.047619048,0.888888889,1.26984127,0.031746032,0.19047619,0.095238095,0.031746032,3.317460317,0.253968254,0.063492063,0.142857143,0.015873016,0.063492063,0.222222222,0.031746032,0.333333333,0.111111111,2.73015873,0.285714286,0.698412698,0.523809524,0.063492063,9.904761905,0.015873016,0.095238095,21352,63,0.856489536,0.828947368,0.484615385,1,32.775,13.32212321,6.876405561,43.03100765,692.2857143,296.3174603,1,5,365,371,376,379,380,0,0
622708,376,0.511111111,0.188888889,0.877777778,0.155555556,0,0.033333333,0.977777778,1.833333333,0.044444444,0.233333333,0.055555556,0.033333333,2.033333333,0.211111111,0.077777778,0.255555556,0.044444444,0.077777778,0.466666667,0.022222222,0.288888889,0.188888889,6.088888889,0.233333333,0.377777778,0.866666667,0.133333333,10.01111111,0.066666667,0.133333333,21408,90,0.791206303,0.882352941,0.629370629,1,34.47,14.10433241,8.625495077,-67.73006245,679.0666667,298.8888889,1,7,357,368,371,375,377,379,384
622708,377,1.105263158,0.184210526,0.710526316,0.184210526,0.061403509,0.01754386,1.271929825,2.552631579,0.061403509,0.49122807,0.070175439,0.052631579,3.98245614,0.324561404,0.131578947,0.254385965,0.043859649,0.096491228,0.324561404,0.00877193,0.298245614,0.149122807,1.245614035,0.307017544,0.894736842,0.894736842,0.105263158,11.74561404,0.078947368,0.166666667,21465,114,0.734610047,0.94214876,0.626373626,1,37.762,14.87272873,10.09099113,-62.27806133,671.2280702,300.4912281,0.416666667,1,376,0,0,0,0,0,0
622708,378,0.578947368,0.092105263,0.506578947,0.177631579,0.026315789,0.072368421,0.822368421,1.5,0.078947368,0.335526316,0.052631579,0.059210526,1.973684211,0.276315789,2.203947368,0.289473684,0.052631579,0.072368421,1.585526316,0.006578947,0.368421053,0.138157895,0.855263158,0.296052632,1.032894737,0.598684211,0.072368421,12.54605263,0.059210526,0.184210526,21522,152,0.705919659,0.944099379,0.678571429,1,42.641,16.71511763,11.83918266,23.45738246,464,301.75,0.339285714,2,374,393,0,0,0,0,0
622708,379,0.692307692,0.092307692,0.646153846,0.230769231,0,0.046153846,3.384615385,2.184615385,0.076923077,0.569230769,0.061538462,0.076923077,5.846153846,0.461538462,0.107692308,0.4,0.092307692,0.046153846,0.276923077,0,0.6,0.107692308,0.753846154,0.261538462,2.738461538,0.861538462,0.092307692,16.52307692,0.092307692,0.246153846,21579,65,0.856504043,0.755813953,0.451388889,1,35.479,14.62451168,7.54830005,-51.83398298,690.7076923,305.2461538,1,5,371,375,376,380,384,0,0
622708,380,1.152866242,0.184713376,0.566878981,0.165605096,0.050955414,0.089171975,3.229299363,2.229299363,0.076433121,0.566878981,0.025477707,0.031847134,5.579617834,0.305732484,0.076433121,0.458598726,0.031847134,0.076433121,0.248407643,0.031847134,0.732484076,0.242038217,0.98089172,0.324840764,2.859872611,0.796178344,0.222929936,14.80254777,0.082802548,0.159235669,21636,157,0.574488094,0.951515152,0.754807692,1,42.699,15.77369876,12.91097652,67.96343266,699.6433121,302.2993631,0.518518519,4,365,375,379,384,0,0,0
622708,381,0.330097087,0.097087379,1.155339806,0.087378641,0.029126214,0.077669903,0.844660194,1.155339806,0.009708738,0.145631068,0.145631068,0.009708738,0.815533981,0.27184466,0.378640777,0.281553398,0.009708738,0.038834951,0.40776699,0.009708738,0.233009709,0.155339806,4,0.165048544,0.563106796,0.417475728,0.106796117,7.485436893,0.029126214,0.058252427,21693,103,0.62498548,0.953703704,0.72027972,1,34.015,13.04646509,10.1845452,64.20446283,636.1650485,305.8640777,0.136363636,2,387,394,0,0,0,0,0
622708,382,0.512396694,0.066115702,0.355371901,0.107438017,0.024793388,0.049586777,1.314049587,2.223140496,0.05785124,0.380165289,0.074380165,0.049586777,5.818181818,0.32231405,0.049586777,0.47107438,0.074380165,0.041322314,0.239669421,0.016528926,0.487603306,0.239669421,1.099173554,0.165289256,3.173553719,0.537190083,0.066115702,16.17355372,0.140495868,0.107438017,21750,121,0.682861106,0.952755906,0.720238095,1,37.29,14.63306634,10.69016066,21.26778185,355.446281,305.5785124,0.3125,1,396,0,0,0,0,0,0
622708,383,0.647058824,0.137254902,0.87254902,0.12745098,0.039215686,0.12745098,1.068627451,1.529411765,0.049019608,0.274509804,0.068627451,0.019607843,2.107843137,0.323529412,0.039215686,0.382352941,0.029411765,0.049019608,0.294117647,0.009803922,0.235294118,0.382352941,6.196078431,0.205882353,0.62745098,0.637254902,0.058823529,10.2745098,0.098039216,0.156862745,21807,102,0.662342765,0.910714286,0.662337662,1,35.967,13.59999371,10.18912819,6.666770471,162.0588235,308.2745098,0.466666667,1,391,0,0,0,0,0,0
622708,384,0.725,0.1125,0.675,0.125,0.0125,0.1,1.9625,2.5875,0,0.6875,0.0375,0.0375,3.25,0.35,0.1,0.2125,0.0625,0.05,0.4125,0,0.8625,0.1375,0.6625,0.425,1.9375,1.1625,0.1125,16.7,0.0625,0.125,21864,80,0.579002071,0.930232558,0.661157025,1,30.55,11.47064911,9.352319268,-30.17589318,686.7375,310.0875,0.55,3,376,379,380,0,0,0,0
622708,385,0.858156028,0.106382979,0.560283688,0.127659574,0.021276596,0.070921986,3.127659574,2.035460993,0.035460993,0.482269504,0.028368794,0.042553191,6.695035461,0.368794326,0.141843972,0.276595745,0.056737589,0.035460993,0.205673759,0,0.439716312,0.191489362,1.815602837,0.312056738,2.744680851,0.843971631,0.113475177,13.85106383,0.085106383,0.113475177,21921,141,0.524097218,0.952702703,0.677884615,1,41.045,14.65263253,12.47903822,-4.167335015,537.6099291,311.6666667,0,0,0,0,0,0,0,0,0
622708,386,0.525974026,0.175324675,0.811688312,0.181818182,0.012987013,0.019480519,1.149350649,1.415584416,0.025974026,0.409090909,0.058441558,0.045454545,1.272727273,0.279220779,0.077922078,0.311688312,0.051948052,0.038961039,0.448051948,0,0.350649351,0.175324675,4.467532468,0.214285714,0.688311688,0.688311688,0.136363636,11.3961039,0.12987013,0.116883117,21978,154,0.315946651,0.93902439,0.6015625,1,44.428,14.64001352,13.89010747,67.09883822,59.79220779,312.8181818,0.298245614,1,390,0,0,0,0,0,0
622708,387,0.693877551,0.142857143,0.56122449,0.142857143,0.071428571,0.071428571,0.785714286,2.12244898,0.020408163,0.295918367,0.071428571,0.071428571,2.806122449,0.316326531,5.43877551,0.265306122,0.020408163,0.153061224,2.887755102,0.010204082,0.326530612,0.204081633,3.030612245,0.367346939,1.244897959,0.846938776,0.142857143,14.32653061,0.091836735,0.224489796,22035,98,0.808714919,0.899082569,0.636363636,1,36.273,15.00093368,8.823561174,22.29247503,623.2959184,313.5306122,0.510638298,2,381,397,0,0,0,0,0
622708,388,1.042471042,0.146718147,0.814671815,0.142857143,0.042471042,0.061776062,1.776061776,2.019305019,0.054054054,0.486486486,0.027027027,0.065637066,3.386100386,0.316602317,0.092664093,0.401544402,0.084942085,0.065637066,0.536679537,0.003861004,0.447876448,0.196911197,6.471042471,0.351351351,1.351351351,1.038610039,0.104247104,14.86100386,0.084942085,0.11969112,22092,259,0.668489985,0.899305556,0.654040404,1,62.672,21.70620176,16.14336121,86.85188741,790.3088803,313.6486486,0.17721519,1,407,0,0,0,0,0,0
622708,389,1,0.150442478,0.672566372,0.123893805,0.017699115,0.044247788,0.743362832,1.911504425,0.03539823,0.407079646,0.061946903,0.061946903,2.752212389,0.353982301,0.557522124,0.274336283,0.026548673,0.026548673,0.504424779,0.008849558,0.274336283,0.150442478,1.769911504,0.292035398,0.469026549,0.557522124,0.07079646,11.38053097,0.097345133,0.07079646,22149,113,0.247991932,0.949579832,0.668639053,1,35.628,12.30656351,11.92213228,-70.36071984,746.0353982,315.0442478,0.208333333,1,406,0,0,0,0,0,0
622708,390,0.821428571,0.154761905,0.607142857,0.25,0,0.047619048,0.94047619,1.428571429,0.071428571,0.345238095,0.071428571,0.05952381,1.869047619,0.25,0.095238095,0.261904762,0.05952381,0.047619048,0.25,0,0.357142857,0.142857143,5.19047619,0.321428571,0.833333333,0.642857143,0.130952381,10.33333333,0.142857143,0.166666667,22206,84,0.565377265,0.923076923,0.694214876,1,30.922,11.61055268,9.576760457,42.98576226,69.63095238,316.1666667,0.45,1,386,0,0,0,0,0,0
622708,391,0.5,0.162790698,0.860465116,0.174418605,0.034883721,0.069767442,0.73255814,1.61627907,0.046511628,0.302325581,0.058139535,0.069767442,1.441860465,0.23255814,0.662790698,0.26744186,0.011627907,0.127906977,0.73255814,0.034883721,0.360465116,0.11627907,1.697674419,0.151162791,0.697674419,0.988372093,0.151162791,10.97674419,0.093023256,0.093023256,22263,86,0.794265781,0.905263158,0.614285714,1,34.652,13.92208038,8.458644834,15.53611845,163.5116279,315.6046512,0.833333333,2,383,395,0,0,0,0,0
622708,392,0.504201681,0.151260504,0.43697479,0.134453782,0.037815126,0.046218487,3.43697479,1.953781513,0.046218487,0.428571429,0.075630252,0.071428571,10.41176471,0.403361345,2.054621849,0.344537815,0.06302521,0.096638655,0.676470588,0.021008403,0.470588235,0.214285714,0.823529412,0.285714286,1.966386555,0.852941176,0.096638655,13.20168067,0.071428571,0.138655462,22319,238,0.771579383,0.959677419,0.721212121,1,55.923,22.08033754,14.04603243,-15.61580794,404.5042017,317.197479,0,0,0,0,0,0,0,0,0
622708,393,0.659793814,0.216494845,0.412371134,0.154639175,0.020618557,0.06185567,0.958762887,1.680412371,0.072164948,0.350515464,0.030927835,0.030927835,2.855670103,0.226804124,0.93814433,0.237113402,0.020618557,0.134020619,0.556701031,0.010309278,0.350515464,0.113402062,0.690721649,0.164948454,0.886597938,0.567010309,0.041237113,9.340206186,0.072164948,0.144329897,22376,97,0.633386911,0.950980392,0.673611111,1,33.089,12.74448551,9.862132354,-47.2706844,461.3298969,316.6907216,0.046511628,1,378,0,0,0,0,0,0
622708,394,1.344444444,0.155555556,0.644444444,0.366666667,0.088888889,0.044444444,1.688888889,2.155555556,0.033333333,0.511111111,0.033333333,0.077777778,4.9,0.488888889,0.111111111,0.311111111,0.044444444,0.077777778,0.311111111,0,0.477777778,0.111111111,0.955555556,0.233333333,1.166666667,0.644444444,0.077777778,12.95555556,0.144444444,0.122222222,22433,90,0.510989763,0.967741935,0.743801653,1,31.286,11.65983177,10.02263745,42.97059355,642.4777778,316.4555556,0.4,3,381,404,410,0,0,0,0
622708,395,0.76635514,0.168224299,0.598130841,0.177570093,0.037383178,0.046728972,0.981308411,1.523364486,0.037383178,0.355140187,0.074766355,0.046728972,2.53271028,0.355140187,3.869158879,0.38317757,0.074766355,0.121495327,2.224299065,0.009345794,0.355140187,0.214953271,1.121495327,0.308411215,1.168224299,0.728971963,0.112149533,13.8411215,0.093457944,0.102803738,22490,107,0.542321994,0.914529915,0.587912088,1,36.563,12.94047517,10.87220846,60.78244952,172.2149533,319.4485981,0.361702128,1,391,0,0,0,0,0,0
622708,396,0.350746269,0.044776119,0.597014925,0.097014925,0.029850746,0.067164179,0.865671642,1.320895522,0.014925373,0.365671642,0.067164179,0.014925373,2.5,0.276119403,0.402985075,0.246268657,0.052238806,0.052238806,0.634328358,0.007462687,0.320895522,0.253731343,6.582089552,0.21641791,0.850746269,0.626865672,0.097014925,11.01492537,0.044776119,0.097014925,22547,134,0.524354678,0.95035461,0.792899408,1,38.853,14.22636235,12.11374689,52.52371514,355.7313433,316.8880597,0.3125,1,382,0,0,0,0,0,0
622708,397,0.86746988,0.072289157,0.626506024,0.144578313,0.024096386,0.108433735,0.927710843,1.734939759,0.072289157,0.192771084,0.060240964,0.048192771,2.542168675,0.180722892,3.831325301,0.301204819,0.060240964,0.108433735,2.289156627,0.024096386,0.421686747,0.204819277,1.86746988,0.240963855,1.493975904,0.722891566,0.168674699,12.38554217,0.120481928,0.072289157,22604,83,0.810830935,0.902173913,0.592857143,1,33.544,13.83654008,8.09825628,16.16205098,627.1686747,319.3975904,0.523809524,1,387,0,0,0,0,0,0
622708,398,0.975609756,0.158536585,0.573170732,0.170731707,0.036585366,0.036585366,1.353658537,2.451219512,0.024390244,0.451219512,0.073170732,0.073170732,4.646341463,0.353658537,0.073170732,0.463414634,0.048780488,0.109756098,0.37804878,0,0.548780488,0.37804878,7.573170732,0.365853659,0.951219512,0.646341463,0.097560976,12.29268293,0.036585366,0.097560976,22661,82,0.822462629,0.953488372,0.732142857,1,32.576,13.90656971,7.91032315,6.483364929,34.31707317,321.0853659,0.525,2,403,408,0,0,0,0,0
622708,399,0.410526316,0.147368421,0.578947368,0.326315789,0.021052632,0.052631579,1.063157895,1.157894737,0.021052632,0.189473684,0.063157895,0.042105263,1.936842105,0.231578947,2.8,0.336842105,0.031578947,0.136842105,2.4,0.010526316,0.273684211,0.147368421,0.894736842,0.147368421,1.2,0.536842105,0.105263158,10.13684211,0.094736842,0.115789474,22718,95,0.370841045,0.95959596,0.71969697,1,32.047,11.48353648,10.66471847,21.39870092,270.0526316,322.1157895,0,0,0,0,0,0,0,0,0
622708,400,0.836431227,0.12267658,0.92936803,0.185873606,0.018587361,0.081784387,1.773234201,1.843866171,0.059479554,0.349442379,0.07063197,0.022304833,2.966542751,0.356877323,0.100371747,0.31598513,0.074349442,0.081784387,0.475836431,0.011152416,0.442379182,0.208178439,3.810408922,0.308550186,1.531598513,0.795539033,0.104089219,14.72862454,0.085501859,0.107806691,22775,269,0.812767779,0.899665552,0.632941176,1,62.655,25.09098634,14.61770237,14.82708797,661.6840149,323.8624535,0.5375,4,404,416,418,421,0,0,0
622708,401,1.365671642,0.149253731,0.455223881,0.21641791,0.052238806,0.059701493,1.388059701,1.902985075,0.029850746,0.470149254,0.097014925,0.029850746,6.597014925,0.328358209,0.067164179,0.320895522,0.067164179,0.02238806,0.171641791,0,0.634328358,0.186567164,0.686567164,0.305970149,1.141791045,0.611940299,0.194029851,14.09701493,0.089552239,0.179104478,22832,134,0.614397542,0.943661972,0.683673469,1,39.73,14.86713624,11.73012019,-38.11900704,196.8208955,324.5149254,0,0,0,0,0,0,0,0,0
622708,402,0.728395062,0.185185185,1.24691358,0.074074074,0.049382716,0.061728395,0.62962963,1.580246914,0.024691358,0.222222222,0.061728395,0.037037037,1.950617284,0.185185185,0.037037037,0.259259259,0.049382716,0.049382716,0.50617284,0.012345679,0.086419753,0.111111111,2.209876543,0.197530864,0.543209877,0.481481481,0.037037037,11.5308642,0.061728395,0.086419753,22889,81,0.83038381,0.952941176,0.5625,1,32.345,14.00615706,7.804116185,41.30629551,77.22222222,325.9753086,0.5,1,409,0,0,0,0,0,0
622708,403,0.666666667,0.122807018,0.578947368,0.192982456,0.01754386,0.052631579,1.052631579,1.736842105,0.01754386,0.385964912,0.052631579,0,2.157894737,0.210526316,0.035087719,0.596491228,0.035087719,0.070175439,0.333333333,0.01754386,0.473684211,0.140350877,2.192982456,0.350877193,0.842105263,0.824561404,0.052631579,13.10526316,0.070175439,0.105263158,22946,57,0.301437937,0.966101695,0.791666667,1,25.166,8.927760321,8.51249269,-8.256331155,31.66666667,328.0350877,0.793103448,3,398,408,412,0,0,0,0
622708,404,0.678571429,0.214285714,1.214285714,0.083333333,0.035714286,0.107142857,2.285714286,2.107142857,0.071428571,0.392857143,0.05952381,0,3,0.238095238,0.083333333,0.476190476,0.05952381,0.047619048,0.595238095,0,0.571428571,0.333333333,6.05952381,0.44047619,2.25,0.833333333,0.095238095,15.57142857,0.05952381,0.25,23003,84,0.443438794,0.954545455,0.694214876,1,31.096,11.1729522,10.01436908,-40.10960583,645.5357143,325.5,1,4,394,400,410,418,0,0,0
622708,405,1.053435115,0.312977099,1.06870229,0.152671756,0.030534351,0.114503817,0.923664122,1.854961832,0.022900763,0.396946565,0.06870229,0.083969466,4.961832061,0.175572519,1.870229008,0.213740458,0.045801527,0.076335878,0.679389313,0.022900763,0.381679389,0.183206107,1.595419847,0.175572519,0.679389313,0.748091603,0.106870229,13.11450382,0.106870229,0.229007634,23060,131,0.476185592,0.949275362,0.71978022,1,39.457,13.8842267,12.20902258,82.16310723,723.3129771,327.4961832,0,0,0,0,0,0,0,0,0
622708,406,1.22,0.12,0.46,0.14,0.05,0.02,1.39,1.42,0.02,0.33,0.04,0.05,4.69,0.17,0.19,0.14,0.02,0.03,0.23,0,0.28,0.14,0.46,0.35,0.59,0.47,0.08,9.66,0.06,0.12,23117,100,0.429832649,0.961538462,0.757575758,1,32.973,11.95207662,10.79163246,79.09607027,745.16,327.29,0.547619048,2,389,411,0,0,0,0,0
622708,407,1.138613861,0.03960396,0.544554455,0.118811881,0.00990099,0.02970297,1.128712871,1.603960396,0.04950495,0.316831683,0.099009901,0.079207921,8.396039604,0.257425743,0.108910891,0.277227723,0.059405941,0.02970297,0.534653465,0.01980198,0.257425743,0.178217822,1.405940594,0.089108911,0.623762376,0.693069307,0.059405941,9.613861386,0.03960396,0.108910891,23174,101,0.554131895,0.961904762,0.706293706,1,34.098,12.54155412,10.43995187,-40.67048999,794.990099,328.7029703,0.357142857,1,388,0,0,0,0,0,0
622708,408,0.704545455,0.181818182,0.386363636,0.045454545,0.022727273,0.068181818,1,1.727272727,0.045454545,0.204545455,0.045454545,0.022727273,1.454545455,0.181818182,0.045454545,0.227272727,0.068181818,0.068181818,0.25,0,0.295454545,0.227272727,2.181818182,0.25,0.931818182,0.659090909,0.136363636,10.34090909,0.136363636,0.159090909,23230,44,0.830410545,0.8,0.543209877,1,26.688,10.67139329,5.945587888,55.4057629,38.20454545,327.6590909,1,3,398,403,412,0,0,0,0
622708,409,0.447761194,0.044776119,0.776119403,0.149253731,0.014925373,0.074626866,0.552238806,1.656716418,0.044776119,0.253731343,0.149253731,0.029850746,1.76119403,0.328358209,0.014925373,0.194029851,0.014925373,0.074626866,0.23880597,0,0.223880597,0.179104478,2.746268657,0.253731343,0.462686567,0.492537313,0.044776119,9.791044776,0.149253731,0.119402985,23287,67,0.832285582,0.930555556,0.553719008,1,30.079,12.74845655,7.067069943,41.80987204,80.91044776,330.7910448,0.578947368,1,402,0,0,0,0,0,0
622708,410,1.214814815,0.192592593,0.422222222,0.22962963,0.066666667,0.059259259,1.414814815,2.037037037,0.037037037,0.548148148,0.022222222,0.022222222,3.918518519,0.318518519,0.088888889,0.259259259,0.066666667,0.074074074,0.674074074,0.014814815,0.503703704,0.177777778,0.674074074,0.451851852,1.851851852,0.859259259,0.133333333,12.37037037,0.103703704,0.140740741,23344,135,0.754016139,0.876623377,0.602678571,1,45.445,16.63581454,10.92733279,-36.34980145,638.7481481,331.0518519,0.607142857,4,394,404,418,425,0,0,0
622708,411,1.068376068,0.141025641,1.170940171,0.175213675,0.02991453,0.076923077,1.337606838,2.017094017,0.051282051,0.508547009,0.068376068,0.05982906,4.290598291,0.358974359,0.068376068,0.286324786,0.055555556,0.08974359,0.371794872,0.008547009,0.491452991,0.162393162,0.871794872,0.247863248,1.128205128,0.739316239,0.085470085,14.5042735,0.115384615,0.145299145,23401,234,0.806493024,0.829787234,0.609375,1,65.492,24.27518144,14.35254584,-10.98305798,759.3247863,331.7051282,0.469879518,2,406,419,0,0,0,0,0
622708,412,0.883116883,0.090909091,0.688311688,0.168831169,0.012987013,0.025974026,1.402597403,1.974025974,0.038961039,0.61038961,0.025974026,0.038961039,3.948051948,0.350649351,0.519480519,0.350649351,0.012987013,0.103896104,1.142857143,0,0.350649351,0.25974026,0.688311688,0.350649351,0.831168831,0.87012987,0.064935065,13.81818182,0.090909091,0.090909091,23458,77,0.720015961,0.916666667,0.636363636,1,30.732,12.1961545,8.463612926,39.8228279,41.51948052,332.6883117,0.717948718,3,403,408,427,0,0,0,0
622708,413,1.073684211,0.2,0.378947368,0.168421053,0.021052632,0.042105263,1.294736842,2.484210526,0.021052632,0.452631579,0.042105263,0.052631579,4.978947368,0.252631579,0.147368421,0.284210526,0.115789474,0.042105263,0.357894737,0.021052632,0.357894737,0.2,0.589473684,0.242105263,1.052631579,0.684210526,0.115789474,9.431578947,0.073684211,0.252631579,23515,95,0.505546605,0.95,0.664335664,1,32.626,11.94726694,10.30809354,21.32227363,243.8947368,333.0631579,0.119047619,1,422,0,0,0,0,0,0
622708,414,0.838461538,0.130769231,0.3,0.107692308,0.030769231,0.053846154,0.753846154,1.4,0.053846154,0.392307692,0.046153846,0.015384615,7.469230769,0.376923077,0.238461538,0.238461538,0.076923077,0.076923077,0.315384615,0.007692308,0.361538462,0.115384615,0.561538462,0.2,0.961538462,0.492307692,0.076923077,7.907692308,0.038461538,0.092307692,23572,130,0.786462907,0.902777778,0.666666667,1,41.946,16.82400025,10.39113366,-68.22647634,551.8076923,333.4,0.647058824,2,415,430,0,0,0,0,0
622708,415,0.534246575,0.109589041,0.479452055,0.123287671,0.02739726,0.054794521,1.232876712,1.931506849,0.02739726,0.452054795,0.02739726,0.02739726,3.479452055,0.315068493,0.068493151,0.315068493,0.04109589,0.01369863,0.232876712,0.01369863,0.410958904,0.123287671,0.726027397,0.191780822,1.02739726,0.657534247,0.095890411,12.28767123,0.109589041,0.178082192,23629,73,0.742744672,0.986486486,0.760416667,1,28.929,12.01042928,8.041880243,89.80111957,543.9863014,333.739726,0.5,1,414,0,0,0,0,0,0
622708,416,0.781512605,0.168067227,0.487394958,0.075630252,0.042016807,0.050420168,2.579831933,1.714285714,0.025210084,0.193277311,0.025210084,0.016806723,3.966386555,0.243697479,0.092436975,0.344537815,0.075630252,0.058823529,0.529411765,0.033613445,0.369747899,0.201680672,1.823529412,0.142857143,2.193277311,0.428571429,0.084033613,11.06722689,0.025210084,0.159663866,23686,119,0.249111545,0.967479675,0.762820513,1,37.067,12.68735514,12.28738373,63.78232035,670.3109244,332.9579832,0.847826087,3,400,421,426,0,0,0,0
622708,417,0.810457516,0.189542484,0.509803922,0.124183007,0.026143791,0.065359477,0.980392157,1.549019608,0.026143791,0.699346405,0,0.039215686,2.594771242,0.281045752,0.065359477,0.169934641,0.039215686,0.052287582,0.307189542,0.006535948,0.862745098,0.137254902,0.39869281,0.241830065,0.869281046,0.718954248,0.078431373,11.47058824,0.065359477,0.091503268,23743,153,0.280884973,0.95625,0.780612245,1,41.301,14.335814,13.75867477,65.60977579,153.5490196,335.2418301,0.076923077,1,433,0,0,0,0,0,0
622708,418,1.555555556,0.182539683,0.595238095,0.174603175,0.063492063,0.063492063,1.53968254,1.626984127,0.03968254,0.301587302,0.087301587,0.047619048,4,0.388888889,0.103174603,0.222222222,0.103174603,0.095238095,0.365079365,0.015873016,0.452380952,0.198412698,0.873015873,0.26984127,1.412698413,0.777777778,0.079365079,13.35714286,0.134920635,0.119047619,23800,126,0.641848294,0.933333333,0.7,1,39.333,14.65767152,11.23996633,79.31651146,650.5952381,336.3730159,0.82,4,400,404,410,421,0,0,0
622708,419,1.070175439,0.140350877,0.526315789,0.210526316,0.052631579,0.035087719,0.947368421,1.754385965,0.035087719,0.350877193,0,0.070175439,4.473684211,0.280701754,0.035087719,0.245614035,0.087719298,0.070175439,0.368421053,0.01754386,0.245614035,0.087719298,0.649122807,0.140350877,1.052631579,0.701754386,0,11.77192982,0.052631579,0.175438596,23857,57,0.666230389,0.966101695,0.633333333,1,24.844,9.992749055,7.452052451,33.25274783,758.2807018,339.0877193,0.666666667,1,411,0,0,0,0,0,0
622708,420,0.141025641,0.096153846,0.185897436,0.083333333,0.019230769,0.038461538,0.519230769,0.794871795,0.025641026,0.147435897,0.044871795,0.038461538,0.711538462,0.269230769,0.051282051,0.147435897,0.038461538,0.025641026,0.166666667,0.006410256,0.262820513,0.166666667,1.653846154,0.076923077,0.525641026,0.647435897,0.076923077,6.846153846,0.038461538,0.057692308,23914,156,0.739566263,0.939759036,0.611764706,1,44.998,17.43755169,11.73693278,-62.51261737,345.9038462,342.9294872,0,0,0,0,0,0,0,0,0
622708,421,0.817391304,0.147826087,0.608695652,0.182608696,0.069565217,0.086956522,1.130434783,1.382608696,0.034782609,0.295652174,0.052173913,0.07826087,2.6,0.269565217,0.486956522,0.217391304,0.139130435,0.026086957,0.382608696,0.017391304,0.217391304,0.173913043,1.843478261,0.165217391,0.747826087,0.834782609,0.060869565,10.24347826,0.104347826,0.086956522,23971,115,0.439701687,0.958333333,0.737179487,1,35.785,12.86998357,11.55909696,63.48127097,660.4695652,339.8695652,0.760869565,4,400,416,418,426,0,0,0
622708,422,1.18487395,0.109243697,0.478991597,0.168067227,0.016806723,0.042016807,0.798319328,1.319327731,0.008403361,0.394957983,0.067226891,0.016806723,2.411764706,0.25210084,0.050420168,0.168067227,0.142857143,0.025210084,0.193277311,0,0.327731092,0.100840336,0.445378151,0.159663866,0.554621849,0.394957983,0.075630252,8.25210084,0.050420168,0.100840336,24028,119,0.512890569,0.959677419,0.704142012,1,36.455,13.36373656,11.47215305,-37.47686132,254.5798319,341.7142857,0.106382979,1,413,0,0,0,0,0,0
622708,423,0.437125749,0.101796407,0.814371257,0.137724551,0.035928144,0.023952096,0.994011976,1.443113772,0.053892216,0.275449102,0.047904192,0.035928144,1.137724551,0.19760479,0.035928144,0.299401198,0.02994012,0.053892216,0.371257485,0.005988024,0.359281437,0.25748503,6.209580838,0.275449102,0.640718563,0.580838323,0.143712575,10.89221557,0.089820359,0.083832335,24085,167,0.453107207,0.954285714,0.745535714,1,43.377,15.51272827,13.8289152,-88.38107731,448.1437126,339.0598802,0.267857143,2,435,441,0,0,0,0,0
622708,425,1.319587629,0.103092784,0.453608247,0.164948454,0.041237113,0.06185567,1.546391753,2.319587629,0.06185567,0.226804124,0.082474227,0.030927835,5.865979381,0.329896907,0.082474227,0.340206186,0.051546392,0.041237113,0.206185567,0,0.329896907,0.144329897,0.618556701,0.216494845,0.804123711,0.731958763,0.082474227,10.41237113,0.103092784,0.24742268,24198,97,0.470746725,0.96039604,0.734848485,1,32.328,11.90526875,10.50364235,19.39675909,631.5257732,341.6597938,0.095238095,1,410,0,0,0,0,0,0
622708,426,0.5125,0.2125,0.5375,0.1125,0.0375,0.025,1.175,1.275,0.0375,0.1125,0.05,0.0625,2.625,0.2875,0.175,0.275,0.025,0.05,0.375,0.0125,0.4,0.2375,0.6,0.25,1.425,0.7125,0.0875,11.4,0.0875,0.1125,24255,80,0.733100652,0.91954023,0.740740741,1,31.261,12.59905294,8.56886992,0.451679002,672.6125,341.7625,0.5,2,416,421,0,0,0,0,0
622708,427,0.653846154,0.105769231,0.538461538,0.259615385,0.028846154,0.163461538,2.365384615,2.057692308,0.019230769,0.509615385,0.086538462,0.028846154,5.451923077,0.442307692,0.105769231,0.461538462,0.048076923,0.057692308,0.375,0,0.634615385,0.192307692,1.442307692,0.375,2.605769231,0.942307692,0.153846154,17.72115385,0.096153846,0.211538462,24312,104,0.671254485,0.928571429,0.675324675,1,35.785,13.71288648,10.16436125,76.82193359,44.25,344.0096154,0.630434783,2,412,431,0,0,0,0,0
622708,428,0.577540107,0.07486631,0.721925134,0.22459893,0.037433155,0.037433155,1.069518717,1.684491979,0.048128342,0.50802139,0.032085561,0.058823529,2.016042781,0.272727273,0.048128342,0.267379679,0.037433155,0.069518717,0.336898396,0.026737968,0.459893048,0.235294118,7.732620321,0.342245989,0.748663102,0.855614973,0.112299465,14.20855615,0.101604278,0.14973262,24369,187,0.682822569,0.944444444,0.656140351,1,48.174,18.25590634,13.33747755,-19.81947074,204.7058824,344.0962567,0,0,0,0,0,0,0,0,0
622708,429,0.504,0.064,0.856,0.432,0.016,0.072,1.456,1.568,0.048,0.504,0.088,0.008,1.936,0.328,0.08,0.328,0.032,0.032,0.296,0.008,0.464,0.288,5.256,0.224,0.84,0.784,0.104,16.384,0.088,0.152,24426,125,0.785356113,0.946969697,0.694444444,1,39.068,16.17601588,10.01366951,23.83075393,475.8,344.16,0.42,1,448,0,0,0,0,0,0
622708,430,0.690647482,0.172661871,0.877697842,0.115107914,0.079136691,0.071942446,0.834532374,1.460431655,0.035971223,0.338129496,0.021582734,0.043165468,2.769784173,0.273381295,0.345323741,0.215827338,0.021582734,0.079136691,0.539568345,0.014388489,0.302158273,0.136690647,1.676258993,0.107913669,0.647482014,0.654676259,0.086330935,11.20143885,0.143884892,0.294964029,24483,139,0.575877231,0.939189189,0.668269231,1,40.863,14.91895128,12.19678253,-6.710988584,556.9280576,344.942446,0.79245283,4,414,443,447,455,0,0,0
622708,431,1.06,0.18,0.53,0.31,0.05,0.07,2.54,2.01,0.09,0.45,0.01,0.05,5.05,0.35,0.19,0.39,0.06,0.07,0.5,0.04,0.46,0.34,4.3,0.32,2.49,0.92,0.13,19.29,0.17,0.2,24540,100,0.676631065,0.917431193,0.649350649,1,35.14,13.35453591,9.833241444,85.20598999,51.62,348.75,0.488888889,2,427,451,0,0,0,0,0
622708,432,0.905172414,0.172413793,0.551724138,0.25,0,0.068965517,1.689655172,2.25,0.103448276,0.534482759,0.060344828,0.077586207,2.586206897,0.293103448,1.094827586,0.336206897,0.034482759,0.077586207,0.905172414,0,0.49137931,0.137931034,0.698275862,0.413793103,0.801724138,0.655172414,0.146551724,13.44827586,0.146551724,0.198275862,24597,116,0.614511111,0.974789916,0.686390533,1,36.356,13.81533609,10.89903146,42.9001496,234.4051724,346.9482759,0.354166667,1,440,0,0,0,0,0,0
622708,433,0.957894737,0.242105263,0.863157895,0.189473684,0.052631579,0.084210526,1.610526316,2.4,0.063157895,0.610526316,0.084210526,0.063157895,2.4,0.421052632,0.452631579,0.442105263,0.084210526,0.115789474,0.705263158,0.042105263,0.663157895,0.189473684,1.126315789,0.378947368,0.789473684,1.010526316,0.094736842,15.34736842,0.084210526,0.242105263,24654,95,0.733909822,0.979381443,0.811965812,1,34.536,13.56964795,9.21714152,-78.54164072,157.5052632,349.6947368,0.512195122,3,417,434,442,0,0,0,0
622708,434,0.378787879,0.121212121,0.939393939,0.121212121,0.060606061,0.075757576,1.121212121,1.5,0.060606061,0.242424242,0.045454545,0.03030303,1.090909091,0.272727273,0.166666667,0.196969697,0.03030303,0.015151515,0.484848485,0,0.181818182,0.121212121,3.833333333,0.333333333,0.545454545,0.606060606,0.075757576,11.45454545,0.045454545,0.136363636,24711,66,0.747656089,0.916666667,0.611111111,1,31.071,11.9851887,7.959197438,65.11017592,164.8484848,349.4545455,0.861111111,2,433,442,0,0,0,0,0
622708,435,0.424,0.168,0.672,0.16,0.024,0.056,0.952,1.456,0.072,0.296,0.04,0.024,1.544,0.224,2.52,0.256,0.08,0.096,1.608,0.008,0.232,0.192,7.112,0.096,1.16,0.592,0.064,11.8,0.104,0.136,24768,125,0.677377463,0.925925926,0.694444444,1,38.142,14.90295385,10.96314377,79.05973863,441.496,351.296,0.78,3,423,436,441,0,0,0,0
622708,436,1,0.14084507,0.676056338,0.154929577,0.014084507,0.084507042,1.225352113,1.408450704,0.070422535,0.366197183,0.056338028,0.070422535,4.436619718,0.309859155,0.211267606,0.253521127,0.056338028,0.056338028,0.577464789,0,0.23943662,0.169014085,0.492957746,0.23943662,1.197183099,0.85915493,0.211267606,14.69014085,0.169014085,0.084507042,24825,71,0.699411587,0.934210526,0.717171717,1,28.565,11.51448319,8.229621388,62.0262339,432.971831,350.8873239,0.944444444,2,435,437,0,0,0,0,0
622708,437,1.123966942,0.190082645,0.52892562,0.26446281,0.049586777,0.041322314,1.619834711,2.396694215,0.041322314,0.495867769,0.074380165,0.082644628,2.495867769,0.404958678,0.041322314,0.289256198,0.090909091,0.074380165,0.512396694,0.024793388,0.454545455,0.223140496,1.107438017,0.32231405,1.553719008,0.909090909,0.099173554,14.79338843,0.123966942,0.20661157,24882,121,0.366425916,0.923664122,0.775641026,1,39.151,13.04410266,12.13684919,-67.61240489,423.3966942,352.107438,0.416666667,2,436,457,0,0,0,0,0
622708,438,1.670212766,0.085106383,0.893617021,0.223404255,0.053191489,0.106382979,1.308510638,2.234042553,0.074468085,0.563829787,0.074468085,0.010638298,6.159574468,0.414893617,0.074468085,0.393617021,0.074468085,0.063829787,0.372340426,0,0.457446809,0.212765957,4.712765957,0.319148936,0.989361702,0.744680851,0.095744681,13.30851064,0.085106383,0.170212766,24939,94,0.590069771,0.903846154,0.657342657,1,33.734,12.37744874,9.992961162,57.88587179,779.5319149,351.7021277,0.452380952,1,444,0,0,0,0,0,0
622708,439,1.035294118,0.164705882,0.517647059,0.152941176,0.058823529,0.082352941,1.011764706,2.058823529,0.047058824,0.4,0.035294118,0.047058824,3.058823529,0.270588235,0.152941176,0.176470588,0.070588235,0.141176471,0.529411765,0.011764706,0.447058824,0.141176471,0.905882353,0.211764706,0.588235294,0.941176471,0.105882353,11.78823529,0.152941176,0.270588235,24996,85,0.751182487,0.913978495,0.674603175,1,33.064,13.0590821,8.620229476,-16.0985695,139.2,352.8117647,0.414634146,1,449,0,0,0,0,0,0
622708,440,1.673913043,0.119565217,0.369565217,0.27173913,0.043478261,0.032608696,1.423913043,2.130434783,0.076086957,0.47826087,0.043478261,0.010869565,5.619565217,0.391304348,0.673913043,0.293478261,0.010869565,0.032608696,0.77173913,0.032608696,0.369565217,0.206521739,0.989130435,0.27173913,0.858695652,0.75,0.184782609,11.61956522,0.032608696,0.239130435,25052,92,0.589036879,0.93877551,0.643356643,1,33.817,12.34826279,9.978707145,-50.4706773,241.4021739,354.3152174,0.714285714,2,432,446,0,0,0,0,0
622708,441,0.583333333,0.125,0.691666667,0.133333333,0.016666667,0.041666667,1.3,1.45,0.05,0.308333333,0.05,0.025,2.058333333,0.275,0.558333333,0.233333333,0.1,0.058333333,0.508333333,0.008333333,0.466666667,0.141666667,5.375,0.308333333,0.8,0.883333333,0.15,11.40833333,0.075,0.15,25109,120,0.614886961,0.952380952,0.779220779,1,36.711,14.00463235,11.04426676,12.03337136,454.6,352.9916667,0.217391304,2,423,435,0,0,0,0,0
622708,442,0.798780488,0.115853659,0.884146341,0.262195122,0.048780488,0.085365854,1.56097561,2.359756098,0.030487805,0.457317073,0.048780488,0.018292683,2.280487805,0.469512195,0.134146341,0.329268293,0.06097561,0.067073171,0.451219512,0.006097561,0.469512195,0.18902439,2.298780488,0.359756098,0.914634146,0.713414634,0.152439024,12.16463415,0.103658537,0.213414634,25166,164,0.398053152,0.911111111,0.602941176,1,46.768,15.5082022,14.22664087,-27.44925333,171.554878,356.0243902,0.37704918,2,433,434,0,0,0,0,0
622708,443,0.633663366,0.143564356,0.707920792,0.376237624,0.034653465,0.064356436,1.5,1.544554455,0.044554455,0.475247525,0.059405941,0.04950495,3.133663366,0.277227723,0.361386139,0.301980198,0.044554455,0.04950495,0.252475248,0.00990099,0.351485149,0.202970297,6.925742574,0.207920792,0.985148515,0.767326733,0.118811881,11.79207921,0.128712871,0.128712871,25223,202,0.485515407,0.957345972,0.742647059,1,48.703,17.31413672,15.13650503,40.54486756,543.4108911,352.4059406,0.435483871,2,430,455,0,0,0,0,0
622708,444,2.18556701,0.06185567,0.835051546,0.195876289,0.041237113,0.092783505,1.474226804,1.546391753,0.010309278,0.298969072,0.030927835,0.030927835,7.505154639,0.340206186,0.134020619,0.268041237,0.041237113,0.041237113,0.298969072,0.010309278,0.391752577,0.206185567,4.298969072,0.216494845,1.103092784,0.474226804,0.113402062,9.948453608,0.072164948,0.082474227,25280,97,0.676896,0.906542056,0.678321678,1,35.512,13.49956805,9.936744073,-85.76761993,771.1958763,353.1443299,0.422222222,1,438,0,0,0,0,0,0
622708,445,0.748031496,0.173228346,0.921259843,0.11023622,0.047244094,0.05511811,1.236220472,1.637795276,0.070866142,0.31496063,0.102362205,0.047244094,2.858267717,0.251968504,0.070866142,0.251968504,0.031496063,0.039370079,0.433070866,0,0.275590551,0.173228346,2.779527559,0.181102362,0.362204724,0.488188976,0.094488189,9.866141732,0.062992126,0.118110236,25337,127,0.694261004,0.894366197,0.651282051,1,41.392,15.50269542,11.15765144,68.51606696,70.23622047,351.511811,0.568627451,2,451,452,0,0,0,0,0
622708,446,1.921052632,0.092105263,0.407894737,0.355263158,0.013157895,0.065789474,1.644736842,2.657894737,0.092105263,0.342105263,0.065789474,0.092105263,11.44736842,0.381578947,0.407894737,0.302631579,0.039473684,0.026315789,0.421052632,0,0.473684211,0.210526316,0.736842105,0.328947368,0.789473684,0.828947368,0.105263158,12.48684211,0.078947368,0.210526316,25394,76,0.409995152,0.926829268,0.76,1,28.565,10.43350258,9.516269389,-65.403663,250.4605263,354.6315789,0.388888889,1,440,0,0,0,0,0,0
622708,447,1.43,0.14,0.66,0.15,0.04,0.06,1.67,1.64,0.04,0.3,0.03,0.04,4,0.34,0.05,0.37,0.08,0.07,0.16,0.03,0.5,0.3,0.87,0.27,0.84,0.54,0.14,9.49,0.07,0.16,25451,100,0.683442449,0.917431193,0.641025641,1,35.421,13.48491665,9.844048435,-32.28176106,563.82,355.15,0.666666667,2,430,455,0,0,0,0,0
622708,448,0.5,0.151898734,1.056962025,0.183544304,0.018987342,0.044303797,1.310126582,1.727848101,0.050632911,0.259493671,0.075949367,0.025316456,1.715189873,0.310126582,0.082278481,0.265822785,0.025316456,0.056962025,0.443037975,0.006329114,0.443037975,0.227848101,6.727848101,0.272151899,1.772151899,0.96835443,0.14556962,15.83544304,0.075949367,0.14556962,25508,158,0.509658805,0.902857143,0.658333333,1,47.024,15.99651105,13.76302387,55.61492581,478.3670886,354.1708861,0.677966102,2,429,458,0,0,0,0,0
622708,449,0.891472868,0.162790698,0.868217054,0.147286822,0.046511628,0.015503876,1.286821705,1.790697674,0.07751938,0.364341085,0.046511628,0.054263566,2.744186047,0.15503876,0.620155039,0.209302326,0.069767442,0.124031008,1.379844961,0.046511628,0.496124031,0.263565891,6.031007752,0.341085271,1.837209302,0.573643411,0.108527132,14.13178295,0.069767442,0.108527132,25565,129,0.34954589,0.948529412,0.708791209,1,38.415,13.3845588,12.54025073,-66.08639382,130.627907,357.9457364,0.44,2,439,467,0,0,0,0,0
622708,450,0.555555556,0.095238095,0.349206349,0.317460317,0.047619048,0.047619048,1.404761905,1.111111111,0.087301587,0.261904762,0.055555556,0.023809524,2.365079365,0.158730159,0.087301587,0.253968254,0.087301587,0.079365079,0.19047619,0.007936508,0.373015873,0.095238095,0.722222222,0.206349206,0.563492063,0.349206349,0.087301587,7.436507937,0.087301587,0.142857143,25622,126,0.512902151,0.961832061,0.75,1,36.918,13.72532193,11.78246249,23.62367033,598.4047619,357.4761905,0,0,0,0,0,0,0,0,0
622708,451,0.773195876,0.12371134,0.567010309,0.113402062,0.010309278,0.082474227,0.845360825,1.608247423,0.020618557,0.319587629,0.072164948,0.030927835,2.278350515,0.309278351,2.072164948,0.175257732,0.06185567,0.134020619,1.402061856,0.010309278,0.371134021,0.103092784,3.896907216,0.226804124,0.81443299,0.804123711,0.103092784,11.6185567,0.092783505,0.092783505,25679,97,0.28228182,0.950980392,0.734848485,1,32.692,11.44599772,10.98050645,-44.48665191,60.68041237,359.0206186,0.634146341,3,431,445,465,0,0,0,0
622708,452,1.187096774,0.341935484,0.483870968,0.2,0.058064516,0.038709677,1.470967742,2.916129032,0.058064516,0.483870968,0.058064516,0.064516129,5.116129032,0.380645161,0.096774194,0.380645161,0.083870968,0.051612903,0.35483871,0.012903226,0.561290323,0.161290323,1.103225806,0.270967742,0.922580645,0.748387097,0.090322581,10.98064516,0.083870968,0.206451613,25736,155,0.512790689,0.950920245,0.688888889,1,42.724,15.27179918,13.11104826,38.33876998,79.67741935,356.8387097,0.345454545,1,445,0,0,0,0,0,0
622708,453,0.842105263,0.084210526,0.284210526,0.094736842,0.042105263,0.021052632,1.105263158,1.221052632,0.052631579,0.357894737,0.010526316,0.031578947,4.4,0.221052632,0.115789474,0.305263158,0.031578947,0.031578947,0.326315789,0.021052632,0.410526316,0.052631579,0.568421053,0.2,1.063157895,0.589473684,0.094736842,7.715789474,0.021052632,0.105263158,25793,95,0.481683626,0.922330097,0.608974359,1,34.032,11.98979761,10.50720141,27.36427441,633.2105263,357.4421053,0.069767442,1,466,0,0,0,0,0,0
622708,455,0.301369863,0.068493151,0.780821918,0.136986301,0,0.034246575,1.917808219,1.246575342,0.04109589,0.212328767,0.054794521,0.061643836,1.636986301,0.095890411,0.52739726,0.246575342,0.047945205,0.04109589,0.479452055,0,0.253424658,0.136986301,1.794520548,0.143835616,0.760273973,0.780821918,0.150684932,8.219178082,0.089041096,0.150684932,25907,146,0.64524837,0.929936306,0.613445378,1,43.865,16.09585219,12.29679434,-23.50288618,555.1780822,359.9246575,0.649122807,3,430,443,447,0,0,0,0
622708,456,1.031847134,0.165605096,0.78343949,0.222929936,0.031847134,0.070063694,1.407643312,2.21656051,0.076433121,0.382165605,0.063694268,0.063694268,3.095541401,0.363057325,0.375796178,0.331210191,0.070063694,0.050955414,0.47133758,0,0.452229299,0.197452229,1.178343949,0.248407643,0.777070064,0.942675159,0.159235669,13.46496815,0.108280255,0.171974522,25963,157,0.654518457,0.945783133,0.659663866,1,44.138,16.44328386,12.43187937,28.70000621,10.91719745,359.0955414,0,0,0,0,0,0,0,0,0
622708,457,0.698795181,0.120481928,0.602409639,0.21686747,0.012048193,0.048192771,1.34939759,1.759036145,0.060240964,0.445783133,0.048192771,0.060240964,2.289156627,0.301204819,0.072289157,0.265060241,0.048192771,0.072289157,0.265060241,0.024096386,0.385542169,0.120481928,5.192771084,0.192771084,1.168674699,0.722891566,0.096385542,8.987951807,0.060240964,0.120481928,26020,83,0.803551073,0.747747748,0.538961039,1,38.043,14.73851962,8.772894712,-12.11581933,412.6024096,359.4337349,0.595744681,2,437,460,0,0,0,0,0
622708,458,0.756097561,0.12195122,0.62195122,0.146341463,0.024390244,0.085365854,1.487804878,1.658536585,0.036585366,0.451219512,0.024390244,0.012195122,3.353658537,0.280487805,0.12195122,0.280487805,0.109756098,0.085365854,0.207317073,0.036585366,0.292682927,0.182926829,0.646341463,0.268292683,1.097560976,0.719512195,0.146341463,15.08536585,0.085365854,0.158536585,26077,82,0.620319392,0.911111111,0.573426573,1,32.717,11.76161085,9.22521144,15.80341554,470.5853659,361.9268293,0.425,1,448,0,0,0,0,0,0
622708,459,1.428571429,0.163265306,0.755102041,0.040816327,0,0.06122449,1.551020408,2.714285714,0.06122449,1,0.06122449,0.06122449,15.71428571,0.551020408,2.081632653,0.489795918,0.040816327,0.183673469,0.285714286,0.040816327,1.265306122,0.489795918,0.693877551,0.346938776,0.775510204,1.408163265,0.163265306,14.14285714,0.102040816,0.12244898,26134,49,0.821372301,0.875,0.49,1,27.267,11.27918912,6.433564282,37.07435291,690.2857143,362.5306122,0.96969697,2,454,461,0,0,0,0,0
622708,460,1.188679245,0.150943396,0.641509434,0.396226415,0,0.113207547,1.433962264,1.943396226,0.018867925,0.339622642,0.075471698,0.037735849,3.509433962,0.377358491,0.113207547,0.301886792,0.037735849,0.056603774,0.377358491,0,0.358490566,0.188679245,3.396226415,0.20754717,1.886792453,0.509433962,0.094339623,11.39622642,0.094339623,0.113207547,26191,53,0.709900068,0.981481481,0.757142857,1,23.694,9.891141492,6.966354848,-11.49934398,412.3018868,364.9433962,0.666666667,1,457,0,0,0,0,0,0
622708,461,1.148148148,0.12962963,0.740740741,0.111111111,0.037037037,0.055555556,1.592592593,3.111111111,0.166666667,0.5,0.055555556,0.074074074,14.72222222,0.388888889,0.888888889,0.425925926,0.074074074,0.055555556,0.296296296,0.037037037,0.685185185,0.37037037,1,0.425925926,1.925925926,1.018518519,0.092592593,20.98148148,0.055555556,0.277777778,26248,54,0.901328702,0.885245902,0.545454545,1,28.284,13.06459693,5.658743896,53.46493534,694.462963,365.0740741,1,3,454,459,463,0,0,0,0
622708,462,0.693877551,0.12244898,1.156462585,0.156462585,0.047619048,0.040816327,0.850340136,1.482993197,0.034013605,0.25170068,0.088435374,0.054421769,1.816326531,0.272108844,0.054421769,0.25170068,0.047619048,0.088435374,0.387755102,0,0.25170068,0.170068027,2.340136054,0.272108844,0.496598639,0.666666667,0.115646259,11.30612245,0.047619048,0.088435374,26305,147,0.424846378,0.967105263,0.7,1,40.772,14.46423495,13.09397232,29.26013335,218.0816327,362.5782313,0,0,0,0,0,0,0,0,0
622708,463,1.5078125,0.078125,0.4140625,0.0859375,0.0234375,0.1171875,1.15625,2.1953125,0.0390625,0.3515625,0.0859375,0.078125,12.3984375,0.421875,0.1640625,0.3515625,0.0390625,0.046875,0.2578125,0,0.5234375,0.265625,1.1796875,0.28125,1.5390625,0.6015625,0.125,15.015625,0.1171875,0.203125,26362,128,0.731391113,0.895104895,0.656410256,1,41.02,15.82599968,10.79267088,70.5526973,701.25,367.171875,0.37254902,1,461,0,0,0,0,0,0
622708,464,0.584474886,0.114155251,0.735159817,0.132420091,0.01826484,0.063926941,0.789954338,1.365296804,0.063926941,0.328767123,0.03652968,0.068493151,2.03196347,0.269406393,0.342465753,0.278538813,0.073059361,0.063926941,0.757990868,0.01369863,0.319634703,0.164383562,2.799086758,0.264840183,0.593607306,0.707762557,0.127853881,10.83105023,0.077625571,0.132420091,26419,219,0.562814876,0.960526316,0.720394737,1,51.242,18.61277374,15.38500189,1.772901694,280.4474886,368.0045662,0,0,0,0,0,0,0,0,0
622708,465,1.170542636,0.11627907,0.418604651,0.124031008,0.023255814,0.054263566,1.19379845,2.472868217,0.031007752,0.635658915,0.07751938,0.054263566,1.868217054,0.426356589,0.364341085,0.341085271,0.046511628,0.07751938,0.604651163,0,0.534883721,0.147286822,0.666666667,0.302325581,0.689922481,0.643410853,0.100775194,11.90697674,0.100775194,0.379844961,26476,129,0.750576979,0.902097902,0.671875,1,40.474,15.98713302,10.56402603,-9.786867321,64.28682171,368.744186,0.307692308,1,451,0,0,0,0,0,0
622708,466,1.038461538,0.086538462,0.673076923,0.153846154,0.019230769,0.067307692,0.913461538,1.423076923,0.009615385,0.221153846,0.057692308,0.048076923,4.317307692,0.201923077,0.057692308,0.192307692,0,0.038461538,0.336538462,0.009615385,0.259615385,0.067307692,2.932692308,0.201923077,0.548076923,0.442307692,0.076923077,8.567307692,0.076923077,0.105769231,26533,104,0.74429046,0.945454545,0.666666667,1,35.049,14.23364172,9.506023815,34.94118391,636.7211538,369.5,0.065217391,1,453,0,0,0,0,0,0
622708,467,0.733333333,0.171428571,0.819047619,0.095238095,0.038095238,0.019047619,0.933333333,1.266666667,0.019047619,0.333333333,0.057142857,0.047619048,2.942857143,0.20952381,0.104761905,0.238095238,0.00952381,0.028571429,0.276190476,0.00952381,0.380952381,0.123809524,2.638095238,0.152380952,0.304761905,0.438095238,0.066666667,7.885714286,0.066666667,0.114285714,26590,105,0.576408107,0.954545455,0.734265734,1,34.288,12.85991512,10.50863365,0.233052176,133.2666667,371.552381,0.069767442,1,449,0,0,0,0,0,0
622708,468,1.564102564,0.141025641,0.282051282,0.217948718,0.051282051,0.051282051,1.5,1.551282051,0.051282051,0.294871795,0.038461538,0.038461538,6.435897436,0.346153846,0.025641026,0.179487179,0.064102564,0.08974359,0.294871795,0.025641026,0.230769231,0.153846154,0.666666667,0.128205128,0.615384615,0.487179487,0.076923077,7.743589744,0.051282051,0.08974359,26647,78,0.600879533,0.928571429,0.709090909,1,29.508,11.28049528,9.016946514,-37.53165068,245.8717949,371.3205128,0.540540541,4,469,470,473,476,0,0,0
622708,469,0.441176471,0.088235294,0.867647059,0.073529412,0.117647059,0.088235294,1.073529412,1.544117647,0.073529412,0.235294118,0.088235294,0.029411765,1.382352941,0.191176471,0.058823529,0.205882353,0.044117647,0.029411765,0.411764706,0,0.161764706,0.161764706,3.088235294,0.176470588,0.338235294,1,0.088235294,11.48529412,0.073529412,0.132352941,26704,68,0.55326873,0.931506849,0.686868687,1,28.102,10.36867615,8.637136565,75.89429994,236.7794118,373.5294118,0.628571429,3,468,470,475,0,0,0,0
622708,470,1.2,0.133333333,0.85,0.183333333,0.05,0.083333333,1.833333333,2.133333333,0.116666667,0.566666667,0.033333333,0.033333333,7,0.233333333,0.083333333,0.433333333,0.05,0.016666667,0.266666667,0,0.4,0.2,1.083333333,0.483333333,1.183333333,0.633333333,0.1,12.75,0.1,0.1,26761,60,0.825505547,0.845070423,0.5,1,30.451,12.37030333,6.981725035,59.08967944,241.0166667,379.35,1,6,468,469,473,475,476,483,0
622708,471,1.37,0.18,0.38,0.2,0.03,0.07,2.78,2.19,0.05,0.63,0.07,0.07,4.49,0.26,0.09,0.46,0.05,0.06,0.27,0,0.66,0.27,3.18,0.33,1.37,0.83,0.1,12.18,0.14,0.22,26818,100,0.571932761,0.943396226,0.641025641,1,35.785,12.83080144,10.52511288,41.54011032,442.29,380.14,0.454545455,1,474,0,0,0,0,0,0
622708,472,0.808333333,0.241666667,0.8,0.208333333,0.041666667,0.025,1.725,2.066666667,0.058333333,0.291666667,0.041666667,0.066666667,2.55,0.341666667,1.066666667,0.241666667,0.091666667,0.041666667,0.883333333,0.008333333,0.391666667,0.25,3.308333333,0.283333333,0.8,0.766666667,0.141666667,11.65833333,0.091666667,0.191666667,26874,120,0.487954195,0.923076923,0.612244898,1,39.275,13.64483455,11.91015631,37.46879604,648.175,380.025,0.384615385,1,480,0,0,0,0,0,0
622708,473,1.428571429,0,1.095238095,0.119047619,0,0.071428571,1.119047619,1.047619048,0.023809524,0.261904762,0.023809524,0,5.5,0.19047619,0.095238095,0.166666667,0.023809524,0.023809524,0.214285714,0,0.333333333,0.19047619,2.547619048,0.023809524,0.547619048,0.5,0.095238095,10.19047619,0.047619048,0.095238095,26931,42,0.926521181,0.913043478,0.42,1,26.432,12.25311628,4.610144443,47.53551983,245.5,381.1190476,1,5,468,470,475,476,483,0,0
622708,474,1.159574468,0.276595745,0.372340426,0.159574468,0.042553191,0.095744681,3.308510638,2.510638298,0.063829787,0.819148936,0.031914894,0.106382979,7.468085106,0.531914894,0.159574468,0.414893617,0.085106383,0.085106383,0.191489362,0.010638298,0.819148936,0.212765957,3.563829787,0.425531915,1.340425532,0.925531915,0.159574468,13.90425532,0.085106383,0.223404255,26988,94,0.744187441,0.912621359,0.602564103,1,35.049,13.75340641,9.186874529,62.86266943,450.6914894,381.3510638,0.466666667,1,471,0,0,0,0,0,0
622708,475,0.717741935,0.217741935,0.685483871,0.177419355,0.024193548,0.040322581,1.137096774,1.548387097,0.048387097,0.435483871,0.056451613,0.040322581,2.072580645,0.25,0.10483871,0.274193548,0.008064516,0.096774194,0.362903226,0.024193548,0.403225806,0.274193548,1.548387097,0.330645161,0.5,0.758064516,0.120967742,12.26612903,0.088709677,0.161290323,27045,124,0.4897565,0.96875,0.733727811,1,37.563,13.57171698,11.83262714,-60.90542047,232.9516129,385.5806452,0.520833333,6,469,470,473,476,483,491,0
622708,476,0.954545455,0.166666667,0.636363636,0.257575758,0.090909091,0.075757576,2.333333333,1.787878788,0.03030303,0.227272727,0.136363636,0.015151515,3.727272727,0.363636364,2.075757576,0.242424242,0.060606061,0.075757576,2.121212121,0.015151515,0.303030303,0.212121212,5.227272727,0.257575758,1.378787879,0.712121212,0.090909091,12,0.090909091,0.121212121,27102,66,0.876676224,0.804878049,0.507692308,1,33.172,14.12769728,6.796564824,35.45908807,248.9545455,384,0.906976744,6,468,470,473,475,483,491,0
622708,477,1.393617021,0.159574468,0.627659574,0.29787234,0.021276596,0.074468085,1.617021277,2.914893617,0.063829787,0.489361702,0.063829787,0.042553191,3.712765957,0.329787234,1.627659574,0.35106383,0.042553191,0.106382979,0.638297872,0.021276596,0.542553191,0.276595745,0.691489362,0.255319149,0.808510638,0.712765957,0.127659574,13.45744681,0.085106383,0.117021277,27159,94,0.413423658,0.959183673,0.712121212,1,31.683,11.53998769,10.50760637,31.88666694,46.44680851,385.9042553,0,0,0,0,0,0,0,0,0
622708,478,0.87037037,0.12962963,0.851851852,0.111111111,0.018518519,0.055555556,1.814814815,2.425925926,0.037037037,0.444444444,0.055555556,0.037037037,2.592592593,0.240740741,0.092592593,0.351851852,0.092592593,0.092592593,0.37037037,0.018518519,0.314814815,0.259259259,7.537037037,0.185185185,0.777777778,1.222222222,0.074074074,17.25925926,0.092592593,0.277777778,27216,54,0.602849875,0.9,0.675,1,27.217,9.610972905,7.668159335,-24.09340461,304.7407407,384.9444444,0.892857143,3,479,482,484,0,0,0,0
622708,479,0.76,0.19,0.42,0.23,0.04,0.05,1.37,2.3,0.05,0.6,0.05,0.02,2.16,0.19,0.09,0.3,0.09,0.07,0.32,0.02,0.56,0.17,0.83,0.35,0.62,0.72,0.17,11.61,0.06,0.12,27273,100,0.472738814,0.952380952,0.699300699,1,33.453,12.14573318,10.70285159,-72.44305255,313.42,384.97,0.348837209,2,478,484,0,0,0,0,0
622708,480,0.855670103,0.164948454,0.628865979,0.195876289,0.041237113,0.06185567,1.350515464,1.979381443,0.010309278,0.525773196,0.072164948,0.144329897,3.12371134,0.206185567,2.546391753,0.309278351,0.051546392,0.12371134,1.010309278,0.010309278,0.381443299,0.12371134,0.958762887,0.268041237,0.690721649,0.701030928,0.072164948,11,0.134020619,0.164948454,27330,97,0.814965243,0.906542056,0.646666667,1,35.785,14.81163927,8.583490673,14.23035721,655.257732,385.9793814,0.454545455,1,472,0,0,0,0,0,0
622708,481,1.170454545,0.102272727,0.659090909,0.261363636,0.090909091,0.045454545,1.261363636,2.556818182,0.034090909,0.488636364,0.068181818,0.056818182,7.261363636,0.25,0.295454545,0.25,0.068181818,0.056818182,0.625,0,0.5,0.147727273,0.636363636,0.204545455,0.784090909,0.625,0.125,13.125,0.136363636,0.193181818,27387,88,0.828040018,0.838095238,0.628571429,1,35.595,14.63102639,8.203162941,76.56291589,6.636363636,387.0795455,0.23255814,1,489,0,0,0,0,0,0
622708,482,0.950617284,0.098765432,0.592592593,0.148148148,0.049382716,0.098765432,1.654320988,2.320987654,0.049382716,0.407407407,0.160493827,0.061728395,3.333333333,0.333333333,0.086419753,0.382716049,0.061728395,0.049382716,0.296296296,0.012345679,0.345679012,0.111111111,1.456790123,0.24691358,0.679012346,0.790123457,0.135802469,15.07407407,0.098765432,0.234567901,27444,81,0.614125766,0.964285714,0.736363636,1,30.062,11.68620733,9.222850354,69.61578848,293.8641975,388.9876543,0.473684211,2,478,484,0,0,0,0,0
622708,483,0.895833333,0.1875,0.458333333,0.083333333,0.041666667,0.041666667,2.6875,2.583333333,0.041666667,0.4375,0.083333333,0.104166667,9.0625,0.375,1.354166667,0.458333333,0.0625,0.145833333,0.979166667,0.020833333,0.604166667,0.145833333,0.9375,0.541666667,1.333333333,0.895833333,0.104166667,17.91666667,0.0625,0.145833333,27501,48,0.801821087,0.96,0.8,1,23.603,10.38581446,6.206190661,-1.354558961,244.6041667,390.4166667,1,5,470,473,475,476,491,0,0
622708,484,1.021978022,0.087912088,1.065934066,0.153846154,0.065934066,0.043956044,0.714285714,1.582417582,0.032967033,0.296703297,0.10989011,0.054945055,2.945054945,0.263736264,0.175824176,0.208791209,0.021978022,0.076923077,0.516483516,0.021978022,0.285714286,0.197802198,3.802197802,0.142857143,0.835164835,0.67032967,0.164835165,10.98901099,0.032967033,0.164835165,27558,91,0.619816337,0.784482759,0.583333333,1,39.126,13.22202512,10.37594332,-41.0230629,302.2307692,391.0879121,0.717391304,3,478,479,482,0,0,0,0
622708,486,1.67816092,0.183908046,0.310344828,0.074712644,0.034482759,0.045977011,3.097701149,1.965517241,0.097701149,0.488505747,0.051724138,0.057471264,5.614942529,0.402298851,0.063218391,0.454022989,0.137931034,0.24137931,0.281609195,0.011494253,0.551724138,0.201149425,0.586206897,0.367816092,3.264367816,0.844827586,0.120689655,9.798850575,0.097701149,0.155172414,27672,174,0.45344387,0.940540541,0.682352941,1,45.362,15.87567805,14.14975109,27.54194872,511.0229885,394.7643678,0.254237288,1,494,0,0,0,0,0,0
622708,487,0.885964912,0.114035088,0.894736842,0.280701754,0.035087719,0.052631579,1.026315789,2.324561404,0.026315789,0.429824561,0.043859649,0.026315789,3.614035088,0.245614035,0.298245614,0.298245614,0.052631579,0.043859649,0.48245614,0,0.368421053,0.210526316,2.140350877,0.289473684,0.614035088,0.771929825,0.157894737,13.38596491,0.149122807,0.087719298,27729,114,0.693031852,0.870229008,0.584615385,1,39.73,14.82155082,10.68495922,71.29849317,549.3947368,394.4736842,0.411764706,1,492,0,0,0,0,0,0
622708,488,0.992957746,0.161971831,0.866197183,0.190140845,0.042253521,0.070422535,0.901408451,1.838028169,0.070422535,0.457746479,0.035211268,0.035211268,2.838028169,0.309859155,0.169014085,0.253521127,0.021126761,0.042253521,0.5,0,0.401408451,0.225352113,6.584507042,0.309859155,0.528169014,0.661971831,0.126760563,10.17605634,0.063380282,0.126760563,27785,142,0.587559927,0.940397351,0.728205128,1,41.301,15.2425192,12.33395166,5.542913349,768.4929577,395.5633803,0.365384615,1,497,0,0,0,0,0,0
622708,489,0.863247863,0.042735043,0.692307692,0.170940171,0.034188034,0.05982906,0.931623932,1.846153846,0.025641026,0.333333333,0.05982906,0.068376068,3.709401709,0.452991453,0.034188034,0.273504274,0.051282051,0.085470085,0.367521368,0.008547009,0.358974359,0.188034188,1.017094017,0.282051282,0.547008547,0.700854701,0.213675214,12.31623932,0.05982906,0.153846154,27842,117,0.663753489,0.951219512,0.696428571,1,36.637,14.20114106,10.62176342,33.88794992,11.45299145,397.5042735,0.255319149,1,481,0,0,0,0,0,0
622708,490,0.396825397,0.095238095,0.841269841,0.119047619,0.03968254,0.031746032,0.53968254,1.714285714,0.015873016,0.388888889,0.055555556,0.007936508,1.134920635,0.182539683,0.03968254,0.166666667,0.015873016,0.007936508,0.253968254,0.015873016,0.341269841,0.253968254,12.64285714,0.214285714,0.404761905,0.904761905,0.055555556,9.277777778,0.063492063,0.182539683,27899,126,0.389517857,0.961832061,0.74556213,1,37.472,13.28833683,12.23880955,39.28184201,89.49206349,394.1031746,0,0,0,0,0,0,0,0,0
622708,491,0.629032258,0.134408602,0.548387097,0.306451613,0.059139785,0.037634409,3.430107527,2.075268817,0.037634409,0.537634409,0.059139785,0.032258065,8.397849462,0.403225806,0.193548387,0.413978495,0.069892473,0.059139785,0.52688172,0.021505376,0.64516129,0.241935484,3.021505376,0.392473118,1.741935484,1,0.155913978,18.14516129,0.091397849,0.11827957,27956,186,0.877251668,0.729411765,0.444976077,1,64.822,26.55848984,12.74889151,33.00275591,244.6129032,395.4516129,0.746987952,4,475,476,483,495,0,0,0
622708,492,1.16,0.2,0.506666667,0.306666667,0.053333333,0.133333333,1.186666667,2.053333333,0.066666667,0.44,0.04,0.053333333,7.413333333,0.373333333,0.12,0.333333333,0.026666667,0.146666667,0.386666667,0.013333333,0.493333333,0.213333333,1.92,0.186666667,0.56,0.746666667,0.146666667,11.81333333,0.16,0.16,28013,75,0.669919969,0.903614458,0.681818182,1,30.732,11.60882548,8.618778845,46.00260364,556.4933333,397.6666667,0.526315789,1,487,0,0,0,0,0,0
622708,493,0.642857143,0.142857143,1.06122449,0.193877551,0.030612245,0.020408163,0.989795918,1.928571429,0.051020408,0.326530612,0.020408163,0.030612245,2.479591837,0.244897959,0.051020408,0.234693878,0.040816327,0.071428571,0.255102041,0,0.316326531,0.316326531,8.326530612,0.357142857,0.591836735,0.785714286,0.081632653,11.2755102,0.112244898,0.142857143,28070,98,0.824336585,0.91588785,0.725925926,1,37.191,15.22822296,8.620696807,-7.197723297,177.7755102,397.9081633,0.565217391,2,498,506,0,0,0,0,0
622708,494,1.130434783,0.15942029,0.68115942,0.173913043,0.028985507,0.028985507,1,1.579710145,0.014492754,0.202898551,0.028985507,0.028985507,3.202898551,0.347826087,0.449275362,0.275362319,0.101449275,0.057971014,0.347826087,0,0.376811594,0.188405797,3.028985507,0.072463768,0.927536232,0.637681159,0.072463768,9.130434783,0.072463768,0.014492754,28127,69,0.727479249,0.932432432,0.627272727,1,28.954,11.62987233,7.979600614,51.98223849,521.0289855,398.3913043,0.891891892,2,486,496,0,0,0,0,0
622708,495,0.613636364,0.113636364,0.727272727,0.215909091,0.056818182,0.045454545,1.863636364,2.340909091,0.045454545,0.613636364,0.022727273,0.079545455,3.886363636,0.295454545,0.102272727,0.386363636,0.011363636,0.034090909,0.477272727,0.022727273,0.727272727,0.204545455,0.556818182,0.522727273,0.897727273,0.909090909,0.136363636,16.25,0.102272727,0.159090909,28184,88,0.86732197,0.916666667,0.628571429,1,34.95,15.26618755,7.598707094,64.17103671,251.4090909,399.6704545,0.555555556,1,491,0,0,0,0,0,0
622708,496,0.73255814,0.11627907,0.895348837,0.104651163,0.069767442,0.023255814,1.453488372,1.372093023,0.023255814,0.302325581,0.058139535,0.046511628,2.441860465,0.26744186,0.872093023,0.337209302,0.034883721,0.081395349,0.523255814,0.046511628,0.337209302,0.244186047,10.12790698,0.279069767,0.662790698,0.825581395,0.081395349,9.558139535,0.081395349,0.127906977,28241,86,0.656198244,0.914893617,0.597222222,1,32.163,12.23766012,9.234398082,44.79625435,525.8372093,403.9069767,0.452380952,1,494,0,0,0,0,0,0
622708,497,0.765957447,0.095744681,0.755319149,0.14893617,0.021276596,0.063829787,1.276595745,1.808510638,0.074468085,0.329787234,0.127659574,0.074468085,3.180851064,0.329787234,0.053191489,0.29787234,0.085106383,0.021276596,0.255319149,0,0.361702128,0.212765957,6.606382979,0.372340426,0.595744681,0.585106383,0.085106383,10.5,0.117021277,0.095744681,28298,94,0.823706871,0.921568627,0.746031746,1,35.669,15.03650264,8.525935541,11.84994852,766.0744681,404.4468085,0.545454545,2,488,516,0,0,0,0,0
622708,498,0.891566265,0.204819277,0.56626506,0.156626506,0.060240964,0.024096386,0.578313253,1.78313253,0.012048193,0.361445783,0.060240964,0.036144578,3.277108434,0.421686747,0.072289157,0.301204819,0.060240964,0.13253012,0.554216867,0,0.397590361,0.168674699,3.927710843,0.180722892,0.518072289,0.771084337,0.060240964,10.03614458,0.036144578,0.084337349,28355,83,0.854168192,0.846938776,0.658730159,1,35.413,14.94899792,7.773431479,-7.407299381,172.1807229,403.4578313,0.888888889,3,493,506,507,0,0,0,0
622708,499,1.663636364,0.145454545,0.527272727,0.254545455,0.045454545,0.045454545,1.354545455,2.536363636,0.027272727,0.509090909,0.072727273,0.045454545,9.290909091,0.281818182,0.063636364,0.309090909,0.036363636,0.045454545,0.245454545,0.009090909,0.609090909,0.209090909,3.109090909,0.345454545,0.845454545,0.881818182,0.145454545,13.48181818,0.054545455,0.209090909,28412,110,0.777106523,0.948275862,0.666666667,1,36.273,15.01491323,9.449922273,22.41500569,322.1090909,405.7454545,0,0,0,0,0,0,0,0,0
622708,500,0.857142857,0.238095238,0.797619048,0.19047619,0.035714286,0.071428571,1.666666667,1.69047619,0.071428571,0.392857143,0.119047619,0.047619048,4.047619048,0.214285714,0.130952381,0.273809524,0.047619048,0.119047619,0.321428571,0,0.619047619,0.345238095,11.54761905,0.464285714,1.69047619,0.869047619,0.107142857,14.97619048,0.083333333,0.071428571,28469,84,0.599075601,0.933333333,0.7,1,32.113,11.74360057,9.40301249,8.349496406,391.797619,404.3333333,0.526315789,2,510,511,0,0,0,0,0
622708,501,0.495049505,0.168316832,0.623762376,0.138613861,0.059405941,0.158415842,1.683168317,1.762376238,0.03960396,0.396039604,0.01980198,0.069306931,6.524752475,0.316831683,0.04950495,0.336633663,0.03960396,0.079207921,0.247524752,0.00990099,0.326732673,0.138613861,1.336633663,0.297029703,0.910891089,1.00990099,0.099009901,12.3960396,0.02970297,0.128712871,28526,101,0.562326346,0.943925234,0.601190476,1,35.066,12.64847887,10.45922197,-0.41925081,748.8415842,406.3960396,0.545454545,2,512,516,0,0,0,0,0
622708,502,0.486111111,0.125,0.8125,0.1875,0.013888889,0.041666667,0.75,1.479166667,0.041666667,0.298611111,0.125,0.055555556,1.111111111,0.263888889,0.069444444,0.319444444,0.034722222,0.069444444,0.458333333,0.013888889,0.368055556,0.25,6.222222222,0.159722222,0.409722222,0.875,0.097222222,11.25,0.090277778,0.118055556,28583,144,0.588076735,0.929032258,0.692307692,1,43.121,15.27230942,12.35232235,1.846098786,145.9375,406.7361111,0,0,0,0,0,0,0,0,0
622708,503,0.358208955,0.104477612,0.507462687,0.194029851,0.029850746,0.059701493,0.940298507,1.582089552,0.014925373,0.23880597,0.059701493,0.029850746,1.805970149,0.28358209,3.044776119,0.28358209,0.089552239,0.059701493,3.044776119,0.044776119,0.373134328,0.119402985,0.76119403,0.223880597,0.671641791,0.552238806,0.074626866,14.11940299,0.059701493,0.059701493,28640,67,0.629961176,0.943661972,0.676767677,1,26.812,10.61786527,8.246116882,-19.81395335,729.0149254,406.2537313,0.611111111,2,512,514,0,0,0,0,0
622708,504,0.87755102,0.095238095,0.761904762,0.204081633,0.020408163,0.074829932,1.163265306,1.972789116,0.027210884,0.292517007,0.068027211,0.020408163,2.210884354,0.421768707,0.700680272,0.360544218,0.074829932,0.081632653,0.421768707,0.020408163,0.408163265,0.19047619,7.74829932,0.238095238,0.578231293,0.700680272,0.108843537,12.2585034,0.108843537,0.136054422,28696,147,0.526466461,0.954545455,0.706730769,1,41.508,14.98284084,12.73834983,9.47039364,79.48979592,408.8163265,0.203703704,1,527,0,0,0,0,0,0
622708,505,0.755905512,0.125984252,0.818897638,0.118110236,0.007874016,0.070866142,1.05511811,2,0.039370079,0.346456693,0.070866142,0.031496063,3.220472441,0.220472441,0.047244094,0.291338583,0.031496063,0.015748031,0.362204724,0.015748031,0.220472441,0.165354331,3.307086614,0.236220472,0.37007874,0.527559055,0.102362205,10.8976378,0.094488189,0.125984252,28753,127,0.560464045,0.927007299,0.755952381,1,39.341,14.15635144,11.72398954,5.361021275,118.496063,409.0393701,0.204081633,1,517,0,0,0,0,0,0
622708,506,1.257731959,0.164948454,0.81443299,0.164948454,0.020618557,0.020618557,1.082474227,2.010309278,0.030927835,0.309278351,0.041237113,0,6.309278351,0.268041237,0.072164948,0.298969072,0.030927835,0.154639175,0.319587629,0.030927835,0.402061856,0.164948454,1.144329897,0.226804124,0.432989691,0.556701031,0.144329897,10.68041237,0.051546392,0.12371134,28810,97,0.474785157,0.941747573,0.734848485,1,33.246,11.97382057,10.5381802,24.24907362,183.2474227,407.5154639,0.512195122,3,493,498,507,0,0,0,0
622708,507,1,0.098591549,0.774647887,0.197183099,0.028169014,0.042253521,0.704225352,1.690140845,0,0.366197183,0.070422535,0.028169014,2.338028169,0.309859155,0.070422535,0.323943662,0.056338028,0.014084507,0.323943662,0.014084507,0.352112676,0.056338028,0.732394366,0.225352113,0.690140845,0.492957746,0.112676056,9.816901408,0.070422535,0.183098592,28867,71,0.812679169,0.959459459,0.845238095,1,29.483,12.6937378,7.396785643,3.257281387,171.4507042,409.7746479,1,4,498,506,520,523,0,0,0
622708,508,0.947368421,0.165413534,0.315789474,0.135338346,0.082706767,0.015037594,1.218045113,1.203007519,0.067669173,0.383458647,0.052631579,0.07518797,4.255639098,0.255639098,0.473684211,0.285714286,0.090225564,0.067669173,0.428571429,0.007518797,0.466165414,0.180451128,0.421052632,0.172932331,0.857142857,0.533834586,0.060150376,9.646616541,0.037593985,0.120300752,28924,133,0.752198733,0.95,0.711229947,1,40.284,16.12853578,10.62767791,5.317484743,494.6842105,409.2406015,0,0,0,0,0,0,0,0,0
622708,509,0.648854962,0.091603053,0.740458015,0.213740458,0.038167939,0.061068702,1.190839695,2.175572519,0.030534351,0.366412214,0.038167939,0.015267176,3.099236641,0.27480916,0.152671756,0.305343511,0.053435115,0.061068702,0.374045802,0,0.389312977,0.175572519,0.641221374,0.282442748,0.65648855,0.72519084,0.099236641,10.27480916,0.099236641,0.145038168,28981,131,0.762407251,0.935714286,0.629807692,1,40.218,16.25883342,10.52105058,21.24907295,228.5648855,411.0534351,0,0,0,0,0,0,0,0,0
622708,510,0.311111111,0.2,1.366666667,0.455555556,0.022222222,0.055555556,1.344444444,1.655555556,0.011111111,0.555555556,0.111111111,0.055555556,1.477777778,0.211111111,0.133333333,0.366666667,0.122222222,0.033333333,0.5,0.011111111,0.622222222,0.311111111,0.855555556,0.511111111,0.844444444,1.122222222,0.211111111,18.51111111,0.133333333,0.233333333,29038,90,0.769902449,0.927835052,0.625,1,34.834,13.86239603,8.846448737,-43.33727827,401.1222222,410.2888889,0.720930233,4,500,511,521,526,0,0,0
622708,511,0.495575221,0.132743363,1.230088496,0.495575221,0.026548673,0.044247788,1.150442478,1.362831858,0.044247788,0.451327434,0.088495575,0.053097345,2.716814159,0.309734513,0.053097345,0.230088496,0.088495575,0.088495575,0.371681416,0.026548673,0.584070796,0.256637168,1.061946903,0.292035398,0.451327434,1.522123894,0.168141593,17.81415929,0.132743363,0.17699115,29095,113,0.593938621,0.933884298,0.668639053,1,37.927,13.60414173,10.94467292,56.23397093,391.1327434,414.3362832,0.765957447,3,500,510,521,0,0,0,0
622708,512,0.71559633,0.100917431,0.422018349,0.201834862,0.036697248,0.073394495,1.302752294,2.027522936,0.064220183,0.385321101,0.036697248,0.064220183,13.60550459,0.449541284,0.110091743,0.486238532,0.027522936,0.091743119,0.293577982,0.036697248,0.559633028,0.385321101,13.37614679,0.302752294,1.018348624,0.752293578,0.055045872,11.68807339,0.091743119,0.100917431,29152,109,0.736459291,0.956140351,0.762237762,1,35.76,14.49126308,9.803076666,-25.15524293,742.6330275,413.2385321,0.954545455,6,501,503,514,516,529,535,0
622708,513,0.928571429,0.132653061,0.867346939,0.173469388,0.030612245,0.081632653,1.142857143,2.214285714,0.010204082,0.43877551,0.102040816,0.030612245,4.020408163,0.316326531,0.091836735,0.408163265,0.051020408,0.06122449,0.418367347,0.020408163,0.418367347,0.204081633,1.510204082,0.306122449,0.734693878,0.826530612,0.153061224,12.41836735,0.06122449,0.112244898,29209,98,0.709319935,0.933333333,0.628205128,1,34.867,13.45173649,9.481949851,39.20079159,265.8367347,411.8673469,0,0,0,0,0,0,0,0,0
622708,514,0.561151079,0.122302158,0.870503597,0.237410072,0.007194245,0.071942446,0.942446043,1.956834532,0.057553957,0.366906475,0.09352518,0.043165468,3.165467626,0.237410072,4.690647482,0.316546763,0.057553957,0.129496403,3.071942446,0.014388489,0.345323741,0.136690647,1.374100719,0.294964029,1.050359712,0.647482014,0.136690647,14.82014388,0.079136691,0.143884892,29266,139,0.651690911,0.837349398,0.620535714,1,46.396,16.07314234,12.19123166,12.55915498,728.647482,414.2589928,0.517241379,2,503,512,0,0,0,0,0
622708,515,0.993006993,0.230769231,0.72027972,0.272727273,0.027972028,0.076923077,1.384615385,1.951048951,0.041958042,0.412587413,0.076923077,0.097902098,3.335664336,0.398601399,0.132867133,0.433566434,0.083916084,0.146853147,0.384615385,0.034965035,0.538461538,0.237762238,2.783216783,0.216783217,1.013986014,0.93006993,0.153846154,13.17482517,0.125874126,0.160839161,29323,143,0.838815118,0.888198758,0.560784314,1,46.95,19.16861699,10.43570913,55.45284724,543.5944056,417.4265734,0.393442623,1,519,0,0,0,0,0,0
622708,516,0.666666667,0.222222222,0.52991453,0.153846154,0.042735043,0.034188034,1.52991453,2.41025641,0.025641026,0.521367521,0.051282051,0.042735043,9.068376068,0.316239316,0.102564103,0.341880342,0.076923077,0.076923077,0.35042735,0.025641026,0.452991453,0.282051282,0.726495726,0.367521368,0.769230769,0.743589744,0.076923077,14.13675214,0.102564103,0.162393162,29380,117,0.422433803,0.9140625,0.596938776,1,38.804,13.09852958,11.87242572,12.26107822,756.4358974,415.2051282,0.84,5,497,501,512,529,537,0,0
622708,517,1.314814815,0.138888889,0.564814815,0.111111111,0.009259259,0.064814815,1.462962963,3.277777778,0.027777778,0.703703704,0.037037037,0,6.166666667,0.509259259,0.111111111,0.5,0.046296296,0.055555556,0.361111111,0.018518519,0.851851852,0.203703704,0.87962963,0.314814815,0.601851852,0.861111111,0.064814815,10.83333333,0.101851852,0.277777778,29437,108,0.48132077,0.955752212,0.75,1,34.288,12.58988229,11.03559248,52.37216271,109.3796296,418.7037037,0.227272727,1,505,0,0,0,0,0,0
622708,518,0.80620155,0.085271318,0.565891473,0.19379845,0.046511628,0.054263566,1.519379845,1.945736434,0.07751938,0.255813953,0.023255814,0.023255814,3.550387597,0.333333333,0.527131783,0.310077519,0.062015504,0.069767442,0.596899225,0.007751938,0.457364341,0.093023256,0.434108527,0.286821705,0.798449612,0.542635659,0.062015504,11.42635659,0.131782946,0.11627907,29494,129,0.422784602,0.948529412,0.763313609,1,38.208,13.53839434,12.26890184,-74.02065732,279.9069767,417.9922481,0.14893617,2,544,546,0,0,0,0,0
622708,519,0.638297872,0.106382979,0.64893617,0.276595745,0.010638298,0.138297872,1.20212766,1.882978723,0.085106383,0.319148936,0.063829787,0.042553191,5.021276596,0.340425532,0.212765957,0.35106383,0.021276596,0.042553191,0.340425532,0.010638298,0.5,0.276595745,6.074468085,0.287234043,1.446808511,0.70212766,0.127659574,13.04255319,0.191489362,0.095744681,29551,94,0.595505781,0.930693069,0.657342657,1,33.445,12.36331516,9.932081871,70.01720084,551.9680851,418.5744681,0.523809524,1,515,0,0,0,0,0,0
622708,520,1.116071429,0.223214286,0.973214286,0.151785714,0.017857143,0.080357143,1.169642857,2.008928571,0.035714286,0.464285714,0.0625,0.044642857,3.517857143,0.294642857,1.044642857,0.357142857,0.035714286,0.071428571,1.383928571,0.017857143,0.357142857,0.3125,4.3125,0.25,0.5625,0.669642857,0.116071429,14.33035714,0.133928571,0.142857143,29607,112,0.775779081,0.875,0.574358974,1,40.83,15.66126782,9.882332195,37.4251761,164.2321429,418.5267857,0.56,2,507,523,0,0,0,0,0
622708,522,0.681481481,0.162962963,0.82962963,0.22962963,0.044444444,0.051851852,0.903703704,1.711111111,0.051851852,0.481481481,0.074074074,0.022222222,2.407407407,0.22962963,0.088888889,0.37037037,0.051851852,0.074074074,0.503703704,0,0.459259259,0.185185185,1.318518519,0.237037037,0.57037037,0.711111111,0.088888889,12.94814815,0.133333333,0.125925926,29721,135,0.703932136,0.931034483,0.642857143,1,40.681,15.71828547,11.16418319,48.58472761,589.762963,420.1111111,0,0,0,0,0,0,0,0,0
622708,523,1.111111111,0.12345679,0.75308642,0.074074074,0.012345679,0.098765432,1.395061728,2.086419753,0.012345679,0.358024691,0.049382716,0.024691358,4.098765432,0.271604938,1.37037037,0.271604938,0.049382716,0.098765432,0.925925926,0.024691358,0.419753086,0.234567901,3.222222222,0.185185185,0.617283951,0.530864198,0.185185185,12.7037037,0.098765432,0.135802469,29778,81,0.800437767,0.931034483,0.613636364,1,31.948,13.32556564,7.987555477,38.57973974,172.1851852,420.5185185,0.525,2,507,520,0,0,0,0,0
622708,524,1.197802198,0.21978022,0.406593407,0.175824176,0.010989011,0.065934066,1.901098901,2.087912088,0.032967033,0.274725275,0.043956044,0.065934066,5.813186813,0.230769231,0.10989011,0.241758242,0.043956044,0.043956044,0.395604396,0.021978022,0.384615385,0.197802198,0.89010989,0.230769231,0.824175824,0.516483516,0.098901099,11.36263736,0.054945055,0.142857143,29835,91,0.593809606,0.928571429,0.689393939,1,32.419,12.09946659,9.735298426,61.662433,450.0659341,421.1098901,0,0,0,0,0,0,0,0,0
622708,525,0.854961832,0.183206107,0.839694656,0.20610687,0.030534351,0.06870229,1.763358779,2.65648855,0.045801527,0.435114504,0.061068702,0.038167939,3.969465649,0.335877863,0.076335878,0.366412214,0.045801527,0.061068702,0.442748092,0.007633588,0.526717557,0.160305344,1.778625954,0.358778626,0.900763359,0.816793893,0.122137405,12.1221374,0.076335878,0.160305344,29892,131,0.692274231,0.942446043,0.682291667,1,39.73,15.30654011,11.04572782,11.51458501,607.480916,420.4732824,0,0,0,0,0,0,0,0,0
622708,526,0.574468085,0.234042553,1.234042553,0.20212766,0.074468085,0.063829787,1.042553191,1.925531915,0.085106383,0.776595745,0.138297872,0.063829787,2.074468085,0.393617021,0.095744681,0.308510638,0.074468085,0.170212766,0.680851064,0.021276596,0.755319149,0.170212766,1.170212766,0.276595745,0.393617021,1.191489362,0.20212766,13.19148936,0.159574468,0.244680851,29949,94,0.742637651,0.921568627,0.652777778,1,33.825,13.55022347,9.074495929,44.75871178,412.1489362,420.0319149,0.325581395,2,510,521,0,0,0,0,0
622708,527,1,0.193548387,1.053763441,0.231182796,0.048387097,0.069892473,1.279569892,2.376344086,0.043010753,0.532258065,0.086021505,0.053763441,3.037634409,0.274193548,0.306451613,0.397849462,0.064516129,0.091397849,0.698924731,0.010752688,0.510752688,0.274193548,6.241935484,0.365591398,1.155913978,0.774193548,0.123655914,16.15591398,0.123655914,0.193548387,30006,186,0.707038531,0.881516588,0.664285714,1,52.987,19.15466725,13.54570229,17.80996009,81.90322581,422.0053763,0.753846154,4,504,532,543,551,0,0,0
622708,528,0.318965517,0.206896552,0.681034483,0.086206897,0.060344828,0.051724138,0.5,1.439655172,0.051724138,0.327586207,0.034482759,0.025862069,1.112068966,0.25,0.077586207,0.232758621,0.043103448,0.034482759,0.387931034,0.025862069,0.24137931,0.155172414,4.017241379,0.172413793,0.284482759,0.75,0.094827586,10.63793103,0.086206897,0.068965517,30063,116,0.636945689,0.935483871,0.644444444,1,37.216,13.97511547,10.77353778,12.57415601,348.1293103,421.8706897,0.127659574,2,530,531,0,0,0,0,0
622708,529,0.644444444,0.122222222,0.222222222,0.122222222,0.044444444,0.088888889,1.211111111,1.711111111,0.066666667,0.244444444,0.033333333,0.1,5.588888889,0.333333333,0.111111111,0.288888889,0.066666667,0.044444444,0.222222222,0,0.322222222,0.177777778,0.722222222,0.166666667,0.911111111,0.855555556,0.077777778,10.57777778,0.077777778,0.1,30120,90,0.657200488,0.891089109,0.625,1,34.098,12.76958109,9.624635121,-44.18354727,751.3111111,423,0.953488372,5,512,516,535,537,548,0,0
622708,530,0.966942149,0.099173554,0.768595041,0.140495868,0.066115702,0.024793388,1.033057851,1.975206612,0.041322314,0.363636364,0.107438017,0.041322314,3.495867769,0.330578512,0.380165289,0.429752066,0.066115702,0.074380165,0.545454545,0.008264463,0.371900826,0.272727273,1.826446281,0.363636364,0.661157025,0.661157025,0.115702479,11.90909091,0.099173554,0.140495868,30177,121,0.435295554,0.9453125,0.664835165,1,37.489,13.286332,11.96152008,-37.4184112,331.5785124,423.4132231,0.4,2,528,536,0,0,0,0,0
622708,531,0.746835443,0.105485232,0.864978903,0.240506329,0.050632911,0.067510549,0.932489451,2.282700422,0.033755274,0.447257384,0.080168776,0.05907173,2.970464135,0.274261603,1.658227848,0.417721519,0.05907173,0.097046414,0.569620253,0.004219409,0.476793249,0.198312236,2.52742616,0.367088608,0.818565401,0.839662447,0.113924051,14.08016878,0.088607595,0.130801688,30234,237,0.690486628,0.929411765,0.705357143,1,56.022,20.79737282,15.04367892,22.38947218,366.350211,423.8649789,0.070422535,1,528,0,0,0,0,0,0
622708,532,0.677419355,0.096774194,0.919354839,0.064516129,0.016129032,0.080645161,1.290322581,1.193548387,0.112903226,0.516129032,0.064516129,0,3.225806452,0.290322581,0.096774194,0.290322581,0.016129032,0.064516129,0.290322581,0,0.5,0.193548387,15.53225806,0.387096774,0.774193548,0.661290323,0.096774194,12.4516129,0.048387097,0.112903226,30291,62,0.778935411,0.898550725,0.62,1,27.457,11.3612903,7.124712395,41.19462929,90.24193548,425.6935484,0.617647059,2,527,551,0,0,0,0,0
622708,533,1.067961165,0.077669903,0.72815534,0.184466019,0.048543689,0.13592233,1.689320388,1.766990291,0.009708738,0.582524272,0.029126214,0.038834951,3.990291262,0.388349515,0.378640777,0.281553398,0.058252427,0.048543689,0.45631068,0,0.485436893,0.13592233,0.563106796,0.368932039,0.893203883,0.699029126,0.126213592,12.27184466,0.116504854,0.145631068,30348,103,0.637633093,0.953703704,0.72027972,1,34.288,13.15664444,10.13509224,17.22985233,248.368932,424.3203883,0,0,0,0,0,0,0,0,0
622708,534,0.607692308,0.123076923,0.730769231,0.284615385,0.030769231,0.092307692,1.207692308,1.9,0.046153846,0.530769231,0.069230769,0.030769231,3.015384615,0.346153846,0.369230769,0.384615385,0.076923077,0.069230769,0.630769231,0,0.330769231,0.215384615,5.669230769,0.215384615,0.661538462,0.784615385,0.076923077,12.93076923,0.123076923,0.146153846,30405,130,0.508376081,0.962962963,0.714285714,1,37.77,13.93064268,11.99616619,27.14912432,713.2307692,424.1153846,0.1,1,550,0,0,0,0,0,0
622708,535,0.455445545,0.108910891,0.485148515,0.158415842,0.02970297,0.099009901,1.02970297,2.297029703,0.059405941,0.356435644,0.00990099,0.02970297,7.514851485,0.356435644,0.069306931,0.386138614,0.03960396,0.108910891,0.178217822,0.02970297,0.544554455,0.138613861,0.930693069,0.237623762,0.821782178,0.584158416,0.02970297,8.722772277,0.059405941,0.138613861,30462,101,0.611973985,0.980582524,0.776923077,1,33.519,12.83615502,10.15183123,-4.58224025,741.5247525,424.7920792,0.56097561,3,512,529,548,0,0,0,0
622708,536,0.977272727,0.102272727,0.545454545,0.170454545,0.034090909,0.068181818,1.056818182,1.568181818,0.022727273,0.25,0.113636364,0.034090909,2.727272727,0.147727273,2.636363636,0.204545455,0.022727273,0.125,2.397727273,0.034090909,0.386363636,0.159090909,2.681818182,0.147727273,0.909090909,0.545454545,0.090909091,9.965909091,0.056818182,0.193181818,30518,88,0.46152883,0.956521739,0.666666667,1,31.402,11.40480534,10.11749034,-38.11245068,324,429.1931818,0.43902439,1,530,0,0,0,0,0,0
622708,537,1.226890756,0.117647059,0.714285714,0.260504202,0.016806723,0.067226891,1.899159664,2.43697479,0.075630252,0.512605042,0.016806723,0.016806723,7.025210084,0.403361345,1.319327731,0.386554622,0.025210084,0.067226891,0.462184874,0.016806723,0.462184874,0.168067227,1,0.420168067,0.857142857,0.941176471,0.12605042,15.02521008,0.117647059,0.151260504,30575,119,0.660291875,0.944444444,0.708333333,1,37.563,14.32293562,10.75665472,60.35464563,761.7310924,426.1260504,0.425531915,2,516,529,0,0,0,0,0
622708,538,0.948717949,0.217948718,0.512820513,0.115384615,0.051282051,0.102564103,0.769230769,1.948717949,0.051282051,0.358974359,0.051282051,0.076923077,9.256410256,0.230769231,0.102564103,0.384615385,0.076923077,0.076923077,0.320512821,0.025641026,0.282051282,0.192307692,0.884615385,0.294871795,0.602564103,0.551282051,0.102564103,12.29487179,0.064102564,0.230769231,30632,78,0.603492912,0.939759036,0.709090909,1,29.88,11.31836292,9.02490451,-66.39330323,18.42307692,429.0769231,0.756756757,2,539,545,0,0,0,0,0
622708,539,1.162393162,0.11965812,0.564102564,0.11965812,0.025641026,0.051282051,0.905982906,1.683760684,0.05982906,0.444444444,0.05982906,0.034188034,6.05982906,0.324786325,1,0.333333333,0.094017094,0.076923077,0.923076923,0.008547009,0.401709402,0.11965812,0.452991453,0.264957265,0.615384615,0.64957265,0.017094017,9.111111111,0.111111111,0.136752137,30689,117,0.657707523,0.943548387,0.75,1,37.075,14.17879277,10.68050743,61.76002987,27.73504274,429.0940171,0.466666667,2,538,542,0,0,0,0,0
622708,540,0.448051948,0.363636364,0.62987013,0.175324675,0.032467532,0.11038961,1.779220779,1.733766234,0.162337662,0.967532468,0.162337662,0.084415584,4.311688312,0.38961039,0.181818182,0.37012987,0.162337662,0.116883117,0.590909091,0.051948052,1.337662338,0.318181818,0.876623377,0.37012987,1.032467532,1.603896104,0.246753247,9.123376623,0.181818182,0.350649351,30746,154,0.560553815,0.9625,0.785714286,1,42.219,15.45890312,12.80179592,38.16091276,427.5844156,429.7792208,0.098039216,1,559,0,0,0,0,0,0
622708,541,0.867647059,0.117647059,0.639705882,0.198529412,0.029411765,0.051470588,0.919117647,2.088235294,0,0.441176471,0.029411765,0.022058824,3.044117647,0.242647059,0.066176471,0.286764706,0.073529412,0.058823529,0.360294118,0.007352941,0.294117647,0.198529412,6.286764706,0.279411765,0.522058824,0.661764706,0.139705882,10.02941176,0.058823529,0.110294118,30803,136,0.50816772,0.951048951,0.747252747,1,39.341,14.26935076,12.28959436,54.42330487,627.4558824,430.6691176,0,0,0,0,0,0,0,0,0
622708,542,1.427927928,0.148648649,0.837837838,0.216216216,0.031531532,0.094594595,1.405405405,2.463963964,0.022522523,0.522522523,0.085585586,0.036036036,4.207207207,0.346846847,2.252252252,0.405405405,0.085585586,0.112612613,1.878378378,0.009009009,0.477477477,0.297297297,2.261261261,0.292792793,1.054054054,0.900900901,0.112612613,13.84684685,0.121621622,0.198198198,30860,222,0.675403231,0.936708861,0.69375,1,53.508,19.76605574,14.57645063,76.47336062,43.26126126,430.5405405,0.220588235,2,539,560,0,0,0,0,0
622708,543,1.221374046,0.152671756,0.610687023,0.20610687,0.045801527,0.099236641,1.41221374,2.20610687,0.061068702,0.465648855,0.053435115,0.022900763,3.06870229,0.282442748,0.061068702,0.320610687,0.038167939,0.083969466,0.358778626,0.022900763,0.534351145,0.236641221,2.007633588,0.366412214,0.549618321,0.648854962,0.13740458,12.57251908,0.106870229,0.190839695,30917,131,0.490528493,0.95620438,0.71978022,1,39.242,14.02403371,12.22089572,27.98026706,69.57251908,430.740458,0.387755102,2,527,551,0,0,0,0,0
622708,544,1.042553191,0.19858156,0.524822695,0.24822695,0.035460993,0.042553191,1.375886525,1.929078014,0.078014184,0.425531915,0.04964539,0.04964539,3.382978723,0.382978723,0.70212766,0.29787234,0.042553191,0.070921986,0.758865248,0.028368794,0.418439716,0.163120567,6.687943262,0.29787234,0.865248227,0.794326241,0.078014184,13.53900709,0.085106383,0.070921986,30974,141,0.834688783,0.927631579,0.63800905,1,44.411,18.45416922,10.16311555,67.09377165,286.8368794,432.3191489,0.75862069,5,518,546,552,558,566,0,0
622708,545,1.281690141,0.169014085,0.753521127,0.211267606,0.021126761,0.084507042,1.485915493,2.683098592,0.105633803,0.5,0.056338028,0.049295775,3.823943662,0.323943662,0.288732394,0.281690141,0.077464789,0.098591549,0.492957746,0,0.5,0.197183099,1.014084507,0.352112676,1.232394366,0.781690141,0.091549296,12.66197183,0.133802817,0.246478873,31031,142,0.425060955,0.934210526,0.676190476,1,41.508,14.41651621,13.04932197,34.03904222,9.274647887,433.8098592,0.301886792,1,538,0,0,0,0,0,0
622708,546,0.823529412,0.226890756,0.81512605,0.18487395,0.025210084,0.100840336,1.445378151,1.991596639,0.084033613,0.445378151,0.050420168,0.042016807,2.932773109,0.31092437,0.647058824,0.352941176,0.084033613,0.092436975,0.991596639,0,0.487394958,0.226890756,8.058823529,0.31092437,1.168067227,0.840336134,0.142857143,15.78991597,0.092436975,0.117647059,31088,119,0.435445618,0.9296875,0.704142012,1,36.918,13.1178171,11.80885621,-86.85488201,276.8403361,432.6470588,0.808510638,4,518,544,556,558,0,0,0
622708,547,2.25,0.184782609,0.456521739,0.119565217,0.097826087,0.054347826,3.173913043,3.402173913,0.065217391,0.72826087,0.043478261,0.076086957,10.22826087,0.326086957,0.27173913,0.358695652,0.032608696,0.108695652,0.413043478,0.02173913,0.489130435,0.217391304,1.108695652,0.608695652,1.72826087,0.97826087,0.097826087,15.36956522,0.076086957,0.217391304,31145,92,0.630718196,0.948453608,0.696969697,1,32.419,12.43495153,9.649671072,71.20443146,698.076087,433.5543478,0.390243902,2,550,555,0,0,0,0,0
622708,548,0.642857143,0.153061224,0.744897959,0.214285714,0.020408163,0.06122449,1.520408163,1.959183673,0.040816327,0.408163265,0.020408163,0.020408163,3.673469388,0.265306122,0.091836735,0.234693878,0.040816327,0.051020408,0.367346939,0,0.255102041,0.163265306,4.071428571,0.265306122,0.653061224,0.448979592,0.051020408,8.959183673,0.040816327,0.173469388,31202,98,0.346485378,0.942307692,0.680555556,1,33.362,11.62377084,10.90374069,-42.664117,746.1122449,435.4081633,0.261904762,2,529,535,0,0,0,0,0
622708,549,0.991735537,0.074380165,0.842975207,0.223140496,0.016528926,0.090909091,1.545454545,2.338842975,0.033057851,0.355371901,0.066115702,0.024793388,3.107438017,0.371900826,0.355371901,0.404958678,0.082644628,0.074380165,0.611570248,0.016528926,0.462809917,0.239669421,4.52892562,0.297520661,1.123966942,0.884297521,0.181818182,14.59504132,0.115702479,0.190082645,31259,121,0.49880966,0.9453125,0.720238095,1,36.918,13.40518526,11.61842899,26.35974869,794.5123967,434.3471074,0,0,0,0,0,0,0,0,0
622708,550,1.157894737,0.140350877,0.789473684,0.280701754,0.01754386,0.087719298,1.649122807,2.596491228,0.070175439,0.473684211,0.052631579,0.052631579,3.192982456,0.315789474,0.070175439,0.210526316,0,0.087719298,0.192982456,0,0.456140351,0.140350877,0.596491228,0.263157895,0.754385965,0.771929825,0.052631579,14.66666667,0.192982456,0.157894737,31316,57,0.659447809,0.876923077,0.57,1,27.73,10.19932429,7.667345594,46.04808236,705.6842105,434.5263158,1,3,534,547,555,0,0,0,0
622708,551,1.424528302,0.150943396,0.754716981,0.188679245,0.047169811,0.066037736,1.141509434,2.754716981,0.018867925,0.509433962,0.047169811,0.028301887,4.528301887,0.311320755,0.122641509,0.349056604,0.018867925,0.066037736,0.433962264,0.009433962,0.41509434,0.188679245,1.226415094,0.396226415,0.622641509,0.783018868,0.132075472,13.37735849,0.047169811,0.20754717,31373,106,0.815005853,0.938053097,0.642424242,1,36.364,15.42465151,8.937856331,26.32807955,80.66981132,436.5377358,0.340425532,3,527,532,543,0,0,0,0
622708,552,0.967741935,0.129032258,0.666666667,0.225806452,0.043010753,0.075268817,1.548387097,2.505376344,0.053763441,0.462365591,0.086021505,0.043010753,2.924731183,0.322580645,0.107526882,0.225806452,0.043010753,0.096774194,0.35483871,0.010752688,0.591397849,0.290322581,11.5483871,0.268817204,0.602150538,0.784946237,0.096774194,12.22580645,0.086021505,0.075268817,31429,93,0.626911576,0.911764706,0.596153846,1,33.751,12.64281298,9.849894416,52.15725561,292.0645161,440.1505376,0.666666667,2,544,566,0,0,0,0,0
622708,553,1.351648352,0.208791209,0.483516484,0.186813187,0.032967033,0.010989011,1.428571429,2.472527473,0.054945055,0.692307692,0.032967033,0.054945055,5.417582418,0.307692308,0.153846154,0.417582418,0.10989011,0.054945055,0.417582418,0.021978022,0.373626374,0.296703297,0.626373626,0.230769231,0.505494505,0.78021978,0.10989011,12.71428571,0.087912088,0.296703297,31486,91,0.508125538,0.93814433,0.758333333,1,32.237,11.71812077,10.09261842,84.83556753,108.3076923,439.3956044,0,0,0,0,0,0,0,0,0
622708,554,0.746666667,0.213333333,0.893333333,0.166666667,0.026666667,0.073333333,2.233333333,2.686666667,0.06,0.66,0.04,0.053333333,2.486666667,0.386666667,0.1,0.406666667,0.033333333,0.04,0.66,0,0.54,0.166666667,1.1,0.42,1.446666667,1.14,0.106666667,17.86,0.126666667,0.2,31543,150,0.515483354,0.955414013,0.714285714,1,41.235,14.99834537,12.85207604,-4.81582112,410.06,440.3466667,0,0,0,0,0,0,0,0,0
622708,555,1.402061856,0.175257732,0.608247423,0.237113402,0.010309278,0.113402062,1.670103093,2.463917526,0.030927835,0.618556701,0.020618557,0.103092784,7.175257732,0.371134021,0.216494845,0.329896907,0.082474227,0.041237113,0.422680412,0,0.587628866,0.164948454,0.701030928,0.453608247,0.948453608,0.649484536,0.06185567,10.89690722,0.113402062,0.144329897,31600,97,0.559235826,0.906542056,0.673611111,1,34.561,12.55025556,10.40427003,27.06469371,706.9896907,442,0.697674419,3,547,550,573,0,0,0,0
622708,556,0.467741935,0.137096774,1.161290323,0.112903226,0.016129032,0.040322581,1.362903226,1.572580645,0.032258065,0.427419355,0.10483871,0.032258065,4.370967742,0.314516129,1.64516129,0.241935484,0.096774194,0.129032258,1.467741935,0.008064516,0.387096774,0.169354839,3.612903226,0.266129032,0.596774194,0.653225806,0.088709677,11.30645161,0.10483871,0.177419355,31657,124,0.422606028,0.932330827,0.681318681,1,38.506,13.39962353,12.14425959,84.43181656,266.5,437.9032258,0.632653061,3,546,558,568,0,0,0,0
622708,557,1.28708134,0.148325359,0.492822967,0.220095694,0.057416268,0.076555024,1.827751196,2.296650718,0.057416268,0.641148325,0.033492823,0.071770335,3.918660287,0.311004785,0.023923445,0.320574163,0.038277512,0.057416268,0.38277512,0.019138756,0.765550239,0.263157895,0.66507177,0.339712919,1.468899522,0.765550239,0.105263158,14.54066986,0.110047847,0.210526316,31714,209,0.574627426,0.945701357,0.683006536,1,50.878,18.30705918,14.98277417,32.29126313,461.722488,441.7272727,0,0,0,0,0,0,0,0,0
622708,558,0.434782609,0.275362319,0.913043478,0.173913043,0.072463768,0.086956522,0.724637681,1.565217391,0.072463768,0.304347826,0.072463768,0.043478261,2.101449275,0.391304348,3.014492754,0.347826087,0.043478261,0.130434783,2.739130435,0.014492754,0.347826087,0.246376812,9.724637681,0.260869565,1.144927536,0.826086957,0.101449275,13.20289855,0.130434783,0.144927536,31771,69,0.722540148,0.841463415,0.575,1,33.544,12.06250438,8.339158642,14.54576724,274.4492754,443.2463768,1,6,544,546,556,565,566,568,0
622708,559,0.478723404,0.20212766,0.414893617,0.127659574,0.021276596,0.14893617,0.734042553,1.106382979,0.063829787,0.521276596,0.074468085,0.031914894,1.414893617,0.382978723,0.489361702,0.127659574,0.095744681,0.010638298,0.627659574,0,0.5,0.14893617,0.265957447,0.329787234,0.595744681,0.744680851,0.159574468,7.095744681,0.074468085,0.14893617,31828,94,0.583332351,0.949494949,0.712121212,1,32.146,12.23222127,9.935420718,25.23679815,426.2340426,443.9255319,0.071428571,1,540,0,0,0,0,0,0
622708,561,0.704545455,0.128787879,0.734848485,0.098484848,0.007575758,0.03030303,1.333333333,1.666666667,0.03030303,0.227272727,0.03030303,0.022727273,2.454545455,0.227272727,0.060606061,0.363636364,0.075757576,0.098484848,0.431818182,0.022727273,0.287878788,0.272727273,2.356060606,0.25,0.492424242,0.522727273,0.090909091,9.931818182,0.060606061,0.136363636,31942,132,0.705583259,0.942857143,0.628571429,1,40.789,15.5502924,11.01935748,42.64783151,229.9166667,445.280303,0,0,0,0,0,0,0,0,0
622708,562,1.403669725,0.183486239,0.733944954,0.119266055,0.009174312,0.04587156,1.082568807,3.155963303,0.018348624,0.623853211,0.04587156,0.073394495,3.788990826,0.422018349,0.330275229,0.357798165,0.073394495,0.100917431,0.80733945,0.04587156,0.541284404,0.302752294,0.76146789,0.376146789,0.752293578,0.706422018,0.155963303,12.71559633,0.110091743,0.247706422,31999,109,0.606674974,0.923728814,0.644970414,1,35.818,13.47361953,10.71085362,44.81061049,31.79816514,446.0642202,0.166666667,1,560,0,0,0,0,0,0
622708,563,0.804878049,0.12804878,0.68902439,0.140243902,0.012195122,0.024390244,1.426829268,1.719512195,0.06097561,0.268292683,0.042682927,0.06097561,3.390243902,0.329268293,0.420731707,0.335365854,0.030487805,0.067073171,0.426829268,0.018292683,0.341463415,0.134146341,2.567073171,0.280487805,0.506097561,0.707317073,0.146341463,9.359756098,0.103658537,0.176829268,32056,164,0.589196899,0.947976879,0.788461538,1,43.815,16.18750889,13.07933703,-5.655921517,355.3109756,447.0304878,0.037037037,1,584,0,0,0,0,0,0
622708,564,0.85840708,0.132743363,0.654867257,0.132743363,0.061946903,0.07079646,1.646017699,2.486725664,0.079646018,0.469026549,0.053097345,0.03539823,3.707964602,0.300884956,0.362831858,0.318584071,0.044247788,0.088495575,0.371681416,0.03539823,0.477876106,0.168141593,5.017699115,0.371681416,0.840707965,0.707964602,0.115044248,10.60176991,0.088495575,0.238938053,32113,113,0.428531566,0.957627119,0.724358974,1,35.049,12.70231177,11.47687923,9.366122126,761.9380531,445.6283186,0,0,0,0,0,0,0,0,0
622708,565,0.208333333,0.111111111,0.888888889,0.041666667,0.097222222,0.083333333,0.763888889,1.013888889,0.055555556,0.277777778,0.111111111,0,1.416666667,0.236111111,1.305555556,0.236111111,0,0.041666667,1.541666667,0.013888889,0.305555556,0.166666667,11.08333333,0.166666667,0.736111111,0.722222222,0.041666667,8.916666667,0.041666667,0.097222222,32170,72,0.574527827,0.8,0.595041322,1,34.28,11.5090523,9.419987242,36.67478428,275.875,449.75,0.928571429,4,558,566,568,580,0,0,0
622708,566,0.564102564,0.102564103,0.572649573,0.094017094,0.017094017,0.076923077,0.931623932,1.247863248,0.017094017,0.358974359,0.042735043,0.034188034,2.008547009,0.222222222,0.623931624,0.205128205,0.034188034,0.05982906,0.692307692,0.017094017,0.188034188,0.196581197,1.367521368,0.247863248,0.521367521,0.606837607,0.128205128,10.36752137,0.051282051,0.034188034,32227,117,0.677317031,0.893129771,0.642857143,1,40.193,14.85250815,10.92686053,31.36470613,285.4444444,449.2478632,0.826923077,6,544,552,558,565,580,582,0
622708,567,1.313253012,0.13253012,0.445783133,0.277108434,0.072289157,0.036144578,1.168674699,1.879518072,0.096385542,0.34939759,0.036144578,0.036144578,3.722891566,0.301204819,0.120481928,0.301204819,0.048192771,0.048192771,0.204819277,0.012048193,0.361445783,0.048192771,0.626506024,0.265060241,0.86746988,0.626506024,0.072289157,10.21686747,0.168674699,0.156626506,32284,83,0.66484362,0.902173913,0.58041958,1,32.717,12.22495955,9.131831713,-27.85996592,653.2048193,447.5542169,0.452380952,2,571,574,0,0,0,0,0
622708,568,0.862745098,0.147058824,0.598039216,0.254901961,0.029411765,0.058823529,1.794117647,2.284313725,0.039215686,0.558823529,0.019607843,0.068627451,5.323529412,0.411764706,1.274509804,0.362745098,0.088235294,0.088235294,1.392156863,0.049019608,0.460784314,0.196078431,0.666666667,0.264705882,1.009803922,0.754901961,0.12745098,15.57843137,0.12745098,0.147058824,32340,102,0.485425579,0.927272727,0.653846154,1,35.041,12.29512904,10.74936073,-15.07800728,264.9607843,449.5098039,0.511627907,3,556,558,565,0,0,0,0
622708,569,0.842105263,0.115789474,0.4,0.147368421,0.042105263,0.063157895,1.021052632,2.368421053,0.052631579,0.515789474,0.052631579,0.073684211,2.284210526,0.242105263,0.073684211,0.357894737,0.042105263,0.052631579,0.210526316,0,0.368421053,0.168421053,0.610526316,0.368421053,0.715789474,0.715789474,0.136842105,13.04210526,0.073684211,0.115789474,32397,95,0.47165603,0.95,0.71969697,1,32.328,11.7863848,10.39302928,0.397724836,338.2315789,449.5578947,0,0,0,0,0,0,0,0,0
622708,570,0.461538462,0.107692308,0.853846154,0.1,0.023076923,0.038461538,0.9,1.169230769,0.030769231,0.276923077,0.023076923,0.053846154,1.223076923,0.169230769,0.307692308,0.238461538,0.076923077,0.023076923,0.407692308,0.023076923,0.376923077,0.153846154,3.623076923,0.192307692,0.392307692,0.423076923,0.092307692,8.430769231,0.084615385,0.1,32454,130,0.10933565,0.942028986,0.663265306,1,38.903,13.06668431,12.98834806,21.82340402,88.75384615,451.4461538,0,0,0,0,0,0,0,0,0
622708,571,1,0.0625,0.375,0.083333333,0.020833333,0,0.916666667,1.75,0.020833333,0.5,0.041666667,0.125,3.729166667,0.145833333,0.0625,0.354166667,0,0,0.229166667,0.020833333,0.520833333,0.1875,0.5,0.3125,1,0.645833333,0.0625,10.5625,0.166666667,0.083333333,32511,48,0.739775652,0.872727273,0.6,1,25.745,10.12816446,6.814772046,-60.86295241,647.875,451.4375,0.935483871,2,567,574,0,0,0,0,0
622708,572,2.124031008,0.217054264,0.565891473,0.201550388,0.023255814,0.069767442,1.84496124,3.11627907,0.015503876,0.434108527,0.054263566,0.062015504,6.705426357,0.372093023,0.286821705,0.348837209,0.069767442,0.054263566,0.589147287,0.023255814,0.403100775,0.310077519,5.062015504,0.395348837,1.434108527,0.682170543,0.108527132,11.87596899,0.085271318,0.11627907,32568,129,0.597113179,0.955555556,0.658163265,1,38.804,14.42487738,11.57101636,-50.76083659,682.751938,449.8139535,0,0,0,0,0,0,0,0,0
622708,573,1.148514851,0.128712871,0.544554455,0.188118812,0.01980198,0.108910891,1.425742574,2.089108911,0.04950495,0.356435644,0,0.03960396,3.178217822,0.277227723,0.089108911,0.306930693,0.059405941,0.069306931,0.306930693,0.02970297,0.376237624,0.128712871,0.584158416,0.287128713,0.603960396,0.792079208,0.059405941,10.92079208,0.04950495,0.257425743,32625,101,0.731691329,0.943925234,0.721428571,1,34.106,13.85208352,9.442080462,-13.15342023,714.5049505,450.6138614,0.25,1,555,0,0,0,0,0,0
622708,574,1.04587156,0.201834862,0.532110092,0.100917431,0.027522936,0.036697248,1.871559633,2.266055046,0.082568807,0.394495413,0.073394495,0.027522936,3.862385321,0.302752294,0.091743119,0.275229358,0.027522936,0.04587156,0.348623853,0.009174312,0.321100917,0.229357798,1.018348624,0.293577982,1.440366972,0.642201835,0.155963303,11.32110092,0.091743119,0.119266055,32682,109,0.398475181,0.923728814,0.698717949,1,37.1,12.6556751,11.6075209,21.48502947,639.7431193,450.6055046,0.347826087,2,567,571,0,0,0,0,0
622708,575,1,0.132653061,0.510204082,0.244897959,0.102040816,0.051020408,1.316326531,2.469387755,0.040816327,0.540816327,0.051020408,0.040816327,3.132653061,0.510204082,0.204081633,0.234693878,0.051020408,0.071428571,0.448979592,0.030612245,0.571428571,0.275510204,1.081632653,0.428571429,0.775510204,0.663265306,0.183673469,13.29591837,0.06122449,0.214285714,32739,98,0.76845574,0.924528302,0.636363636,1,34.859,14.19394721,9.082748581,-23.69598331,148.4387755,452.6938776,0.386363636,1,578,0,0,0,0,0,0
622708,577,0.817610063,0.088050314,0.836477987,0.220125786,0.056603774,0.06918239,1.031446541,1.773584906,0.062893082,0.34591195,0.075471698,0.056603774,2.383647799,0.352201258,0.27672956,0.295597484,0.062893082,0.062893082,0.704402516,0.025157233,0.301886792,0.188679245,2.786163522,0.257861635,0.402515723,0.641509434,0.100628931,10.42138365,0.062893082,0.150943396,32853,159,0.585686653,0.952095808,0.719457014,1,44.295,16.07228023,13.02718689,-5.298942657,46.31446541,456.8805031,0.545454545,2,560,581,0,0,0,0,0
622708,578,1.676646707,0.191616766,0.778443114,0.221556886,0.035928144,0.053892216,1.580838323,2.329341317,0.083832335,0.359281437,0.035928144,0.101796407,5.269461078,0.389221557,0.25748503,0.317365269,0.095808383,0.065868263,0.658682635,0,0.389221557,0.335329341,5.508982036,0.323353293,0.682634731,0.718562874,0.107784431,12.67065868,0.083832335,0.143712575,32910,167,0.79063741,0.893048128,0.596428571,1,49.398,19.22076248,11.76857772,12.46273544,137.1377246,458.257485,0.453125,3,575,595,596,0,0,0,0
622708,579,1.210144928,0.166666667,0.630434783,0.188405797,0.02173913,0.050724638,1.173913043,2.369565217,0.043478261,0.311594203,0.050724638,0.028985507,8.282608696,0.384057971,0.166666667,0.326086957,0.028985507,0.057971014,0.427536232,0,0.507246377,0.246376812,6.586956522,0.398550725,0.905797101,0.710144928,0.123188406,16.39130435,0.072463768,0.152173913,32967,138,0.533500668,0.945205479,0.707692308,1,39.92,14.51137517,12.27371595,20.45405579,789.2463768,458.9782609,0,0,0,0,0,0,0,0,0
622708,580,0.564102564,0.102564103,0.833333333,0.153846154,0.025641026,0.064102564,1.461538462,1.794871795,0.051282051,0.41025641,0.064102564,0.051282051,2.461538462,0.333333333,0.705128205,0.333333333,0.076923077,0.038461538,1.076923077,0.025641026,0.423076923,0.115384615,1.397435897,0.371794872,0.794871795,0.782051282,0.102564103,13.11538462,0.102564103,0.192307692,33024,78,0.852040442,0.896551724,0.545454545,1,34.032,14.41860142,7.547791286,52.18180765,280.2307692,460.2435897,0.8,3,565,566,582,0,0,0,0
622708,581,1.769230769,0.131868132,0.67032967,0.197802198,0.032967033,0.032967033,1.10989011,2.956043956,0.021978022,0.67032967,0.065934066,0.065934066,4.747252747,0.406593407,0.065934066,0.43956044,0.054945055,0.054945055,0.395604396,0,0.527472527,0.153846154,0.67032967,0.21978022,0.450549451,0.604395604,0.10989011,13.12087912,0.120879121,0.120879121,33081,91,0.653842298,0.93814433,0.7,1,32.328,12.51111397,9.466294853,-89.3166974,35.72527473,460.4615385,0.390243902,1,577,0,0,0,0,0,0
622708,582,1.034482759,0.16091954,0.781609195,0.206896552,0.022988506,0.08045977,2.103448276,2.24137931,0.045977011,0.367816092,0.034482759,0.011494253,5.045977011,0.333333333,0.057471264,0.379310345,0.045977011,0.137931034,0.402298851,0,0.505747126,0.183908046,1.068965517,0.298850575,0.885057471,0.873563218,0.126436782,13.95402299,0.08045977,0.114942529,33138,87,0.877943694,0.896907216,0.514792899,1,36.265,15.72761607,7.529814782,45.6327609,284.9770115,463.8850575,0.543478261,2,566,580,0,0,0,0,0
622708,583,0.778947368,0.178947368,0.715789474,0.157894737,0.031578947,0.073684211,1.010526316,1.663157895,0.021052632,0.315789474,0.115789474,0.031578947,1.852631579,0.273684211,0.042105263,0.389473684,0.021052632,0.052631579,0.284210526,0.021052632,0.294736842,0.136842105,2.8,0.284210526,0.410526316,0.652631579,0.063157895,9.894736842,0.073684211,0.136842105,33195,95,0.482200671,0.931372549,0.659722222,1,33.271,11.88241948,10.40972183,51.52281853,511.8947368,463.1052632,0.023809524,1,586,0,0,0,0,0,0
622708,584,1.080645161,0.172043011,0.612903226,0.327956989,0.032258065,0.086021505,1.97311828,2.580645161,0.064516129,0.575268817,0.032258065,0.069892473,4.64516129,0.338709677,0.451612903,0.327956989,0.11827957,0.102150538,0.924731183,0.021505376,0.586021505,0.150537634,0.698924731,0.47311828,1.010752688,0.801075269,0.14516129,14.13978495,0.091397849,0.150537634,33251,186,0.493440661,0.944162437,0.645833333,1,47.711,16.79978644,14.61210922,80.22169656,346.1989247,462.4784946,0.359375,3,563,597,606,0,0,0,0
622708,585,1.892857143,0.369047619,0.488095238,0.261904762,0.023809524,0.047619048,2.702380952,2.285714286,0.095238095,0.547619048,0.023809524,0.083333333,10.79761905,0.345238095,0.226190476,0.583333333,0.047619048,0.05952381,0.452380952,0,0.642857143,0.261904762,5.404761905,0.452380952,2.226190476,0.904761905,0.142857143,20.33333333,0.130952381,0.202380952,33308,84,0.775369172,0.933333333,0.717948718,1,31.84,13.21351612,8.344444206,-11.70526083,409.8095238,461.9047619,0.55,3,590,594,598,0,0,0,0
622708,586,1.015625,0.171875,0.6953125,0.2890625,0.015625,0.078125,1.71875,2.875,0.0546875,0.515625,0.0703125,0.078125,3.125,0.421875,0.078125,0.3984375,0.0703125,0.0234375,0.390625,0.015625,0.78125,0.1640625,0.8359375,0.3515625,0.7109375,0.8515625,0.1015625,13.703125,0.09375,0.171875,33365,128,0.399624944,0.920863309,0.761904762,1,40.375,13.50458913,12.37936969,80.09445227,497.328125,463.2734375,0.367346939,2,583,603,0,0,0,0,0
622708,587,1.764044944,0.123595506,0.370786517,0.247191011,0.033707865,0.06741573,1.280898876,2.224719101,0.033707865,0.471910112,0.056179775,0.04494382,4.640449438,0.314606742,0.078651685,0.359550562,0.078651685,0.08988764,0.393258427,0.02247191,0.426966292,0.179775281,0.741573034,0.404494382,0.865168539,0.797752809,0.08988764,12.98876404,0.146067416,0.191011236,33422,89,0.629565144,0.936842105,0.73553719,1,31.377,12.19448644,9.474478202,47.67241399,154.752809,465.8539326,0.625,2,588,596,0,0,0,0,0
622708,588,1.377358491,0.113207547,0.358490566,0.226415094,0.037735849,0.056603774,1.066037736,2.311320755,0.075471698,0.396226415,0.018867925,0.047169811,6.169811321,0.367924528,0.056603774,0.405660377,0.075471698,0.037735849,0.264150943,0.018867925,0.339622642,0.235849057,3.566037736,0.283018868,1.349056604,0.594339623,0.132075472,16.17924528,0.056603774,0.094339623,33479,106,0.631852278,0.92173913,0.630952381,1,35.802,13.42304525,10.40405248,73.09834247,164.2264151,465.7735849,0.630434783,4,587,601,614,617,0,0,0
622708,589,0.925233645,0.186915888,0.775700935,0.140186916,0.046728972,0.046728972,1.093457944,2.289719626,0.046728972,0.514018692,0.08411215,0.065420561,3.308411215,0.336448598,0.112149533,0.271028037,0.028037383,0.112149533,0.682242991,0.009345794,0.271028037,0.242990654,7.775700935,0.299065421,0.654205607,0.85046729,0.102803738,12.98130841,0.056074766,0.093457944,33536,107,0.54417188,0.955357143,0.748251748,1,34.867,12.85184401,10.78235986,4.601975588,86.3271028,467.2616822,0,0,0,0,0,0,0,0,0
622708,591,1.13372093,0.127906977,0.308139535,0.151162791,0.01744186,0.029069767,1.529069767,1.668604651,0.081395349,0.494186047,0.040697674,0.046511628,6.802325581,0.174418605,0.122093023,0.360465116,0.058139535,0.034883721,0.174418605,0.01744186,0.465116279,0.180232558,0.680232558,0.302325581,0.680232558,0.534883721,0.058139535,9,0.093023256,0.151162791,33650,172,0.76886782,0.950276243,0.646616541,1,46.404,18.68188421,11.94534162,-18.83855273,661.0639535,466.4709302,0,0,0,0,0,0,0,0,0
622708,592,1.466019417,0.194174757,0.378640777,0.203883495,0.009708738,0.087378641,1.932038835,2.106796117,0.067961165,0.466019417,0.106796117,0.029126214,5.300970874,0.300970874,0.106796117,0.262135922,0.067961165,0.087378641,0.40776699,0.009708738,0.553398058,0.174757282,0.718446602,0.310679612,0.621359223,0.815533981,0.087378641,10.87378641,0.087378641,0.194174757,33707,103,0.519585769,0.953703704,0.66025641,1,34.222,12.50498233,10.68448572,-20.73891771,692,467.2718447,0,0,0,0,0,0,0,0,0
622708,593,0.704918033,0.139344262,0.93442623,0.204918033,0.024590164,0.040983607,0.942622951,1.475409836,0.040983607,0.401639344,0.057377049,0.098360656,2.368852459,0.18852459,0.975409836,0.245901639,0.06557377,0.06557377,1.12295082,0.008196721,0.336065574,0.18852459,2.540983607,0.319672131,0.745901639,0.87704918,0.114754098,13.05737705,0.049180328,0.12295082,33764,122,0.400191227,0.968253968,0.782051282,1,36.157,13.06793977,11.97587369,8.214913812,393.0491803,469.5819672,0,0,0,0,0,0,0,0,0
622708,594,1.520833333,0.083333333,0.75,0.25,0.041666667,0.020833333,2.75,2.75,0.041666667,0.5,0.083333333,0.083333333,11.1875,0.3125,0.270833333,0.479166667,0.0625,0.145833333,0.354166667,0.041666667,0.479166667,0.333333333,8.854166667,0.375,1.9375,1.104166667,0.0625,17.85416667,0.083333333,0.104166667,33821,48,0.721824716,0.96,0.761904762,1,23.297,9.589121439,6.636400046,55.60074184,415,468.5208333,1,4,585,590,598,610,0,0,0
622708,595,1.258064516,0.225806452,0.733870968,0.129032258,0.048387097,0.032258065,1.274193548,2.193548387,0.040322581,0.306451613,0.048387097,0.032258065,5.048387097,0.346774194,0.233870968,0.290322581,0.048387097,0.032258065,0.60483871,0.008064516,0.427419355,0.241935484,5.870967742,0.153225806,0.491935484,0.806451613,0.161290323,9.048387097,0.056451613,0.10483871,33878,124,0.725659352,0.905109489,0.59047619,1,41.5,15.77896907,10.85678506,56.50065066,129.2741935,471.0483871,0.596153846,3,578,596,608,0,0,0,0
622708,596,1.370786517,0.168539326,0.707865169,0.146067416,0.033707865,0.056179775,1.179775281,1.887640449,0.06741573,0.404494382,0.078651685,0.056179775,2.674157303,0.337078652,0.235955056,0.303370787,0.02247191,0.101123596,0.584269663,0.02247191,0.528089888,0.134831461,0.775280899,0.202247191,0.606741573,0.95505618,0.191011236,12.26966292,0.04494382,0.168539326,33935,89,0.502743062,0.927083333,0.674242424,1,33.453,11.68757484,10.1031592,59.48367321,144.3370787,470.0337079,0.675,4,578,587,595,608,0,0,0
622708,597,0.913978495,0.096774194,0.752688172,0.182795699,0.021505376,0.075268817,1.430107527,1.946236559,0.021505376,0.301075269,0.010752688,0.032258065,2.537634409,0.290322581,0.053763441,0.333333333,0.032258065,0.064516129,0.440860215,0.021505376,0.365591398,0.225806452,1.569892473,0.215053763,0.559139785,0.731182796,0.075268817,13.11827957,0.096774194,0.172043011,33992,93,0.348921891,0.93,0.645833333,1,32.808,11.41861911,10.70097956,50.04731137,354.1827957,471.6129032,0.395348837,1,584,0,0,0,0,0,0
622708,598,0.849206349,0.23015873,0.873015873,0.198412698,0.103174603,0.095238095,1.484126984,1.833333333,0.007936508,0.396825397,0.03968254,0.079365079,3.857142857,0.277777778,0.095238095,0.317460317,0.031746032,0.095238095,0.428571429,0,0.357142857,0.198412698,2.015873016,0.134920635,0.674603175,0.634920635,0.095238095,10.91269841,0.111111111,0.214285714,34049,126,0.620299663,0.90647482,0.646153846,1,40.193,14.64696104,11.48856242,76.0161798,422.5714286,469.9920635,0.44,3,585,594,610,0,0,0,0
622708,599,0.919642857,0.1875,0.616071429,0.151785714,0.035714286,0.0625,1.383928571,2.035714286,0.026785714,0.419642857,0.142857143,0.026785714,3.383928571,0.160714286,0.080357143,0.258928571,0.0625,0.098214286,0.446428571,0.008928571,0.357142857,0.258928571,1.866071429,0.267857143,0.589285714,0.767857143,0.098214286,10.42857143,0.116071429,0.089285714,34106,112,0.490990826,0.965517241,0.783216783,1,34.842,12.84866845,11.19330694,75.75646889,568.9375,471.2232143,0,0,0,0,0,0,0,0,0
622708,600,0.945205479,0.150684932,0.616438356,0.315068493,0.04109589,0.068493151,0.931506849,2.246575342,0.068493151,0.465753425,0.02739726,0.068493151,3.273972603,0.383561644,1,0.506849315,0.082191781,0.04109589,0.506849315,0.01369863,0.534246575,0.232876712,6.095890411,0.273972603,0.561643836,0.698630137,0.164383562,11.69863014,0.123287671,0.178082192,34162,73,0.841533949,0.858823529,0.623931624,1,32.899,13.81902026,7.46509324,18.34794149,743.739726,471.1917808,0.523809524,1,613,0,0,0,0,0,0
622708,601,0.992481203,0.090225564,0.842105263,0.240601504,0.045112782,0.045112782,2.082706767,1.962406015,0.045112782,0.601503759,0.082706767,0.060150376,4.390977444,0.428571429,0.105263158,0.353383459,0.022556391,0.030075188,0.496240602,0.007518797,0.436090226,0.248120301,5.744360902,0.308270677,1.736842105,0.954887218,0.067669173,12.58646617,0.060150376,0.203007519,34219,133,0.768139433,0.93006993,0.651960784,1,42.542,16.45122342,10.53343214,-10.68260428,177.5413534,472.1278195,0.41509434,2,588,614,0,0,0,0,0
622708,602,0.85620915,0.137254902,0.836601307,0.098039216,0.039215686,0.058823529,0.888888889,1.745098039,0.032679739,0.352941176,0.098039216,0.039215686,4.156862745,0.235294118,0.091503268,0.183006536,0.058823529,0.026143791,0.562091503,0.006535948,0.287581699,0.209150327,2.725490196,0.22875817,0.470588235,0.718954248,0.104575163,11.11111111,0.039215686,0.130718954,34276,153,0.797612297,0.96835443,0.6375,1,43.584,18.12368864,10.93167391,48.52933781,599.8954248,474.2156863,0.379310345,1,620,0,0,0,0,0,0
622708,603,1.089285714,0.133928571,0.633928571,0.098214286,0.044642857,0.0625,1.267857143,2.107142857,0.053571429,0.5,0.044642857,0.026785714,2.491071429,0.25,0.026785714,0.294642857,0.026785714,0.089285714,0.5,0.017857143,0.375,0.214285714,1.535714286,0.321428571,0.767857143,0.625,0.142857143,10.41964286,0.089285714,0.133928571,34333,112,0.562864884,0.957264957,0.717948718,1,35.322,13.25770894,10.95814505,-21.86055737,492.9910714,473.7053571,0.565217391,2,586,626,0,0,0,0,0
622708,604,0.583333333,0.229166667,0.572916667,0.114583333,0.020833333,0.03125,1.28125,1.510416667,0.020833333,0.375,0.0625,0.041666667,3.09375,0.354166667,0.09375,0.25,0.052083333,0.072916667,0.270833333,0.010416667,0.5625,0.104166667,1.197916667,0.208333333,0.885416667,0.65625,0.104166667,12.67708333,0.104166667,0.114583333,34390,96,0.789017528,0.932038835,0.761904762,1,34.445,14.30313676,8.787427952,-2.659298385,618.7916667,472.7708333,0.476190476,2,620,621,0,0,0,0,0
622708,605,0.383928571,0.133928571,0.803571429,0.151785714,0.026785714,0.035714286,1,1.741071429,0.026785714,0.401785714,0.071428571,0.008928571,1.214285714,0.107142857,0.053571429,0.285714286,0.035714286,0.0625,0.410714286,0,0.401785714,0.178571429,2.776785714,0.303571429,0.553571429,0.491071429,0.0625,11.9375,0.053571429,0.0625,34447,112,0.845630599,0.823529412,0.598930481,1,42.55,17.46218156,9.320763745,-8.332351127,307.3392857,473.2142857,0.462962963,1,615,0,0,0,0,0,0
622708,606,1.23943662,0.105633803,0.661971831,0.232394366,0.007042254,0.070422535,2.866197183,2.35915493,0.056338028,0.485915493,0.077464789,0.056338028,8.964788732,0.450704225,0.133802817,0.422535211,0.049295775,0.091549296,0.450704225,0.014084507,0.422535211,0.281690141,5.598591549,0.23943662,1.5,1.028169014,0.063380282,15.18309859,0.084507042,0.154929577,34504,142,0.853986664,0.87654321,0.556862745,1,45.734,19.42174171,10.10503307,38.80393823,334.3239437,475.2887324,0.5,2,584,612,0,0,0,0,0
622708,607,1.166666667,0.148148148,0.5,0.212962963,0.055555556,0.092592593,1.009259259,2.231481481,0.037037037,0.481481481,0.027777778,0.064814815,4.481481481,0.361111111,0.083333333,0.37962963,0.083333333,0.037037037,0.212962963,0.018518519,0.407407407,0.185185185,0.648148148,0.277777778,0.546296296,0.518518519,0.111111111,12.33333333,0.083333333,0.157407407,34561,108,0.569900005,0.964285714,0.755244755,1,34.197,13.00862532,10.68937022,19.07106353,375.3240741,475.1018519,0,0,0,0,0,0,0,0,0
622708,608,1.242424242,0.292929293,0.888888889,0.262626263,0.01010101,0.050505051,1.343434343,2.292929293,0.01010101,0.595959596,0.070707071,0.02020202,4.383838384,0.303030303,0.121212121,0.434343434,0.050505051,0.04040404,0.636363636,0.01010101,0.636363636,0.151515152,1.535353535,0.161616162,0.696969697,0.95959596,0.121212121,11.64646465,0.01010101,0.181818182,34618,99,0.703786641,0.9,0.642857143,1,36.058,13.69663971,9.730249059,72.48625995,136.2727273,475.4444444,0.755555556,2,595,596,0,0,0,0,0
622708,609,0.925619835,0.123966942,0.859504132,0.231404959,0.041322314,0.024793388,1.355371901,2.049586777,0.033057851,0.462809917,0.05785124,0.066115702,2.710743802,0.371900826,0.305785124,0.363636364,0.082644628,0.099173554,0.52892562,0.033057851,0.446280992,0.214876033,3.404958678,0.347107438,0.545454545,0.661157025,0.099173554,11.61983471,0.082644628,0.173553719,34675,121,0.786238082,0.864285714,0.617346939,1,42.798,16.6537344,10.2907369,50.33766893,241.7768595,478.4049587,0.41509434,1,611,0,0,0,0,0,0
622708,610,1.165048544,0.077669903,0.669902913,0.165048544,0.019417476,0.029126214,1.077669903,2.087378641,0.048543689,0.349514563,0.038834951,0.048543689,4.106796117,0.330097087,0.708737864,0.242718447,0.029126214,0.077669903,0.514563107,0.009708738,0.349514563,0.184466019,2.747572816,0.32038835,0.67961165,0.825242718,0.165048544,11.51456311,0.097087379,0.174757282,34732,103,0.557031151,0.944954128,0.66025641,1,35.049,12.79622971,10.62716128,72.03720582,412.4563107,478.2330097,0.454545455,3,590,594,598,0,0,0,0
622708,611,0.966386555,0.18487395,0.714285714,0.285714286,0,0.067226891,1.554621849,2.336134454,0.058823529,0.453781513,0.050420168,0.025210084,3.31092437,0.277310924,0.042016807,0.352941176,0.025210084,0.033613445,0.411764706,0.016806723,0.411764706,0.294117647,5.974789916,0.327731092,0.714285714,0.663865546,0.117647059,12.57983193,0.084033613,0.201680672,34789,119,0.641654796,0.894736842,0.661111111,1,40.565,14.53078251,11.14501663,-81.6638587,232.3109244,477.6554622,0.450980392,1,609,0,0,0,0,0,0
622708,612,0.555555556,0.171717172,0.949494949,0.212121212,0.04040404,0.070707071,1.303030303,2.161616162,0.04040404,0.595959596,0.080808081,0.060606061,3.404040404,0.383838384,1.353535354,0.424242424,0.050505051,0.080808081,1.323232323,0.04040404,0.323232323,0.131313131,2.888888889,0.292929293,0.626262626,0.565656566,0.131313131,12.14141414,0.090909091,0.121212121,34846,99,0.716329659,0.916666667,0.634615385,1,35.512,13.6301427,9.510595738,36.37736382,340.1111111,480.6969697,0.522727273,1,606,0,0,0,0,0,0
622708,613,0.6375,0.1,0.5875,0.125,0.025,0.0875,0.7125,1.025,0,0.2875,0.0875,0.05,2.0875,0.2,5.325,0.225,0.0625,0.1375,1.975,0.025,0.3125,0.25,8.9,0.1875,0.875,0.475,0.125,9.6375,0.075,0.125,34903,80,0.719904294,0.879120879,0.666666667,1,32.138,12.59734766,8.743483213,18.61747246,742.9625,477.8625,0.536585366,1,600,0,0,0,0,0,0
622708,614,1.309090909,0.2,0.636363636,0.318181818,0.063636364,0.063636364,2.245454545,2.518181818,0.054545455,0.7,0.018181818,0.027272727,4.436363636,0.4,0.081818182,0.363636364,0.054545455,0.072727273,0.263636364,0.018181818,0.709090909,0.327272727,1.754545455,0.309090909,1.281818182,1.063636364,0.072727273,15.2,0.127272727,0.290909091,34960,110,0.639676835,0.909090909,0.705128205,1,37.075,13.81890938,10.62182131,-47.75351219,170.7727273,479.2545455,0.869565217,4,588,601,617,640,0,0,0
622708,615,0.61038961,0.12987013,0.844155844,0.142857143,0.025974026,0.038961039,1.25974026,1.545454545,0.064935065,0.285714286,0.051948052,0.051948052,3.532467532,0.324675325,0.025974026,0.298701299,0.051948052,0.064935065,0.311688312,0.038961039,0.324675325,0.181818182,2.779220779,0.220779221,0.571428571,0.805194805,0.142857143,12.64935065,0.064935065,0.12987013,35017,77,0.808781661,0.93902439,0.658119658,1,30.922,13.15050065,7.733928105,-14.86650695,307,479.7272727,0.675,2,605,641,0,0,0,0,0
622708,616,1.168831169,0.149350649,0.811688312,0.071428571,0.025974026,0.077922078,1.123376623,3.525974026,0.058441558,0.331168831,0.071428571,0.032467532,4.61038961,0.344155844,0.428571429,0.415584416,0.032467532,0.071428571,0.642857143,0.006493506,0.519480519,0.155844156,0.623376623,0.337662338,0.493506494,0.571428571,0.136363636,9.824675325,0.077922078,0.181818182,35073,154,0.235436202,0.944785276,0.684444444,1,42.732,14.39826446,13.99352645,54.90950284,769.9415584,477.4415584,0,0,0,0,0,0,0,0,0
622708,617,1.666666667,0.166666667,0.578431373,0.205882353,0.029411765,0.068627451,1.480392157,2.294117647,0.058823529,0.607843137,0.039215686,0.009803922,4.882352941,0.333333333,0.598039216,0.294117647,0.107843137,0.049019608,0.696078431,0.029411765,0.401960784,0.205882353,0.715686275,0.31372549,0.735294118,0.696078431,0.078431373,12.62745098,0.058823529,0.156862745,35130,102,0.551226415,0.962264151,0.713286713,1,34.379,12.64364792,10.54929975,55.26316072,160.5,478.8627451,0.465116279,3,588,614,640,0,0,0,0
622708,618,0.884615385,0.230769231,0.432692308,0.057692308,0.019230769,0.057692308,0.990384615,1.509615385,0.057692308,0.423076923,0.057692308,0.057692308,4.221153846,0.230769231,0.134615385,0.211538462,0.057692308,0.038461538,0.153846154,0.009615385,0.375,0.105769231,2.403846154,0.230769231,0.461538462,0.403846154,0.067307692,5.682692308,0.038461538,0.096153846,35187,104,0.653995472,0.881355932,0.577777778,1,38.506,13.68381653,10.35178616,-1.338187565,540.3076923,479.8076923,0.404255319,2,625,645,0,0,0,0,0
622708,619,1.680412371,0.144329897,0.443298969,0.216494845,0.041237113,0.092783505,1.237113402,2.24742268,0.092783505,0.453608247,0.051546392,0.051546392,5.680412371,0.278350515,0.113402062,0.309278351,0.041237113,0.051546392,0.360824742,0,0.505154639,0.134020619,0.721649485,0.422680412,0.628865979,0.505154639,0.051546392,9.278350515,0.082474227,0.154639175,35244,97,0.53159367,0.96039604,0.808333333,1,32.303,12.13066257,10.27466525,-8.409766125,579.628866,481.4020619,0.225,1,646,0,0,0,0,0,0
622708,620,0.949579832,0.12605042,0.831932773,0.420168067,0.058823529,0.100840336,1.31092437,2.18487395,0.050420168,0.369747899,0.067226891,0.042016807,5.117647059,0.319327731,0.134453782,0.403361345,0.050420168,0.058823529,0.403361345,0.016806723,0.386554622,0.268907563,1.621848739,0.394957983,1.058823529,1.008403361,0.168067227,19.57983193,0.168067227,0.151260504,35301,119,0.745968859,0.92248062,0.619791667,1,39.904,15.41354074,10.26512259,77.39245344,607.1680672,480.6722689,0.816326531,5,602,604,621,627,656,0,0
622708,621,0.340909091,0.056818182,1.125,0.511363636,0.011363636,0.056818182,0.886363636,1.272727273,0.045454545,0.352272727,0.113636364,0.022727273,1.340909091,0.204545455,0.034090909,0.227272727,0.022727273,0.011363636,0.568181818,0,0.318181818,0.306818182,3.204545455,0.261363636,0.761363636,0.761363636,0.102272727,20.63636364,0.079545455,0.147727273,35358,88,0.721154565,0.792792793,0.564102564,1,41.45,13.93868779,9.656363289,3.653550198,616.7386364,480.1590909,1,4,604,620,627,630,0,0,0
622708,622,1.040462428,0.138728324,0.543352601,0.161849711,0.034682081,0.069364162,1.404624277,1.826589595,0.057803468,0.473988439,0.052023121,0.046242775,6.138728324,0.289017341,0.346820809,0.294797688,0.104046243,0.046242775,0.50867052,0.005780347,0.479768786,0.150289017,3.144508671,0.317919075,0.768786127,0.583815029,0.063583815,12.04624277,0.080924855,0.10982659,35415,173,0.590560964,0.966480447,0.772321429,1,44.113,16.5901677,13.38814967,21.73523582,514.5144509,482.0115607,0.178571429,1,648,0,0,0,0,0,0
622708,623,1.051724138,0.181034483,0.612068966,0.129310345,0.051724138,0.060344828,0.939655172,1.551724138,0.034482759,0.387931034,0.068965517,0.060344828,3.732758621,0.232758621,0.060344828,0.293103448,0.060344828,0.034482759,0.301724138,0.017241379,0.396551724,0.155172414,1.586206897,0.215517241,0.474137931,0.5,0.043103448,8.931034483,0.060344828,0.146551724,35472,116,0.516834693,0.950819672,0.743589744,1,36.339,13.24777328,11.34122287,54.98410374,679.1034483,484.3103448,0.266666667,1,639,0,0,0,0,0,0
622708,624,1.068376068,0.111111111,0.794871795,0.11965812,0.042735043,0.05982906,0.820512821,1.683760684,0.034188034,0.427350427,0.076923077,0.05982906,3.487179487,0.247863248,4.461538462,0.273504274,0.05982906,0.085470085,2.136752137,0.008547009,0.324786325,0.188034188,3.008547009,0.239316239,1.136752137,0.717948718,0.11965812,11.54700855,0.05982906,0.188034188,35529,117,0.550998358,0.928571429,0.642857143,1,37.679,13.546213,11.30440046,30.32780236,45.22222222,483.0598291,0,0,0,0,0,0,0,0,0
622708,625,1.914285714,0.157142857,0.428571429,0.342857143,0.057142857,0.1,1.842857143,2.728571429,0.057142857,0.785714286,0.071428571,0.042857143,9.214285714,0.357142857,1.071428571,0.228571429,0.028571429,0.128571429,1.142857143,0.014285714,0.514285714,0.342857143,2.771428571,0.271428571,1.042857143,0.914285714,0.085714286,11.35714286,0.042857143,0.085714286,35586,70,0.449704419,0.921052632,0.636363636,1,29.235,10.27140531,9.17418748,-38.76460449,532.4285714,484.0142857,0.621621622,2,618,645,0,0,0,0,0
622708,626,1.02970297,0.128712871,0.881188119,0.118811881,0.00990099,0.069306931,1.425742574,2.633663366,0.04950495,0.613861386,0.079207921,0.059405941,3.089108911,0.247524752,0.158415842,0.237623762,0.00990099,0.089108911,0.613861386,0.00990099,0.425742574,0.148514851,5.059405941,0.247524752,0.485148515,0.752475248,0.128712871,11.77227723,0.069306931,0.148514851,35643,101,0.607981059,0.952830189,0.655844156,1,34.123,12.8375147,10.19236444,14.10731461,490.5445545,485.0891089,0.227272727,1,603,0,0,0,0,0,0
622708,628,1.252688172,0.182795699,0.725806452,0.166666667,0.048387097,0.064516129,3.408602151,2.666666667,0.107526882,0.478494624,0.064516129,0.016129032,4.322580645,0.521505376,2.241935484,0.370967742,0.059139785,0.064516129,1.779569892,0.005376344,0.682795699,0.333333333,3.634408602,0.360215054,2.586021505,0.88172043,0.139784946,20.52150538,0.102150538,0.241935484,35757,186,0.394826334,0.948979592,0.729411765,1,47.876,16.32673636,15.00028324,4.684876583,113.4516129,487.5752688,0,0,0,0,0,0,0,0,0
622708,629,0.552941176,0.117647059,0.529411765,0.117647059,0.023529412,0.023529412,1,1.211764706,0.035294118,0.294117647,0.082352941,0.070588235,1.952941176,0.152941176,0.082352941,0.176470588,0.047058824,0.070588235,0.388235294,0.011764706,0.223529412,0.235294118,4.247058824,0.305882353,0.682352941,0.482352941,0.094117647,8.047058824,0.105882353,0.082352941,35814,85,0.735180441,0.944444444,0.726495726,1,32.576,13.02513105,8.829364625,-3.815152433,354.3058824,485.7176471,0.475,3,642,644,647,0,0,0,0
622708,630,0.632352941,0.132352941,0.573529412,0.5,0.102941176,0.073529412,1.102941176,1.75,0.044117647,0.455882353,0.044117647,0,3.029411765,0.264705882,0.632352941,0.382352941,0,0.073529412,0.838235294,0,0.5,0.176470588,1.352941176,0.352941176,0.367647059,1.014705882,0.102941176,18.72058824,0.073529412,0.147058824,35871,68,0.703235184,0.906666667,0.68,1,28.648,11.212048,7.971287317,39.87510169,624,486.9852941,0.558823529,2,621,627,0,0,0,0,0
622708,631,0.744444444,0.088888889,0.777777778,0.066666667,0.033333333,0.044444444,1.111111111,1.566666667,0.066666667,0.466666667,0.122222222,0.011111111,2.411111111,0.333333333,0.044444444,0.233333333,0.066666667,0.033333333,0.4,0.011111111,0.377777778,0.166666667,2.811111111,0.244444444,0.622222222,0.611111111,0.055555556,10.33333333,0.144444444,0.1,35928,90,0.788326756,0.865384615,0.584415584,1,37.77,14.52845198,8.938728834,-75.43234736,71.75555556,490.2555556,0.5625,1,632,0,0,0,0,0,0
622708,632,0.84,0.173333333,0.786666667,0.093333333,0.053333333,0.106666667,1.066666667,1.866666667,0.013333333,0.653333333,0.013333333,0.026666667,4.266666667,0.28,0.04,0.186666667,0.026666667,0.026666667,0.253333333,0.026666667,0.32,0.093333333,1.906666667,0.24,0.466666667,0.746666667,0.106666667,10.62666667,0.08,0.04,35984,75,0.814183482,0.824175824,0.641025641,1,33.825,13.47287996,7.822457344,88.68303609,77.96,488.68,0.571428571,1,631,0,0,0,0,0,0
622708,633,0.739130435,0.101449275,0.68115942,0.086956522,0.028985507,0.15942029,1.072463768,1.550724638,0.014492754,0.246376812,0.057971014,0.101449275,3.086956522,0.246376812,0.043478261,0.275362319,0.028985507,0.028985507,0.376811594,0.014492754,0.246376812,0.217391304,8.246376812,0.304347826,0.391304348,0.608695652,0.115942029,9.217391304,0.072463768,0.260869565,36041,69,0.690371682,0.945205479,0.696969697,1,28.656,11.41221029,8.256219046,-68.60795881,255.1304348,488.2318841,0.555555556,1,634,0,0,0,0,0,0
622708,634,0.680851064,0.223404255,0.85106383,0.159574468,0.021276596,0.074468085,1.053191489,2.031914894,0.010638298,0.468085106,0.063829787,0.021276596,2.978723404,0.244680851,0.010638298,0.404255319,0.053191489,0.117021277,0.372340426,0.010638298,0.35106383,0.20212766,3.680851064,0.340425532,0.585106383,0.734042553,0.085106383,10.59574468,0.106382979,0.095744681,36098,94,0.353704004,0.854545455,0.652777778,1,36.918,12.04701636,11.26826598,-19.87608157,263.0744681,488.1276596,0.425531915,1,633,0,0,0,0,0,0
622708,635,1.442857143,0.214285714,0.471428571,0.114285714,0.042857143,0.085714286,1,2.428571429,0.142857143,0.442857143,0.071428571,0.1,6.1,0.285714286,0.8,0.228571429,0.1,0.114285714,1.385714286,0.014285714,0.414285714,0.114285714,0.714285714,0.385714286,0.885714286,0.771428571,0.157142857,12.05714286,0.1,0.171428571,36155,70,0.745743557,0.945945946,0.636363636,1,28.772,11.80574324,7.865376945,53.02756874,140.4857143,489.5571429,0.526315789,1,643,0,0,0,0,0,0
622708,636,1.153225806,0.177419355,0.870967742,0.266129032,0.048387097,0.064516129,1.951612903,2.217741935,0.088709677,0.580645161,0.048387097,0.040322581,4.806451613,0.39516129,0.443548387,0.322580645,0.048387097,0.096774194,0.669354839,0.024193548,0.661290323,0.25,0.766129032,0.298387097,0.846774194,0.89516129,0.169354839,12.64516129,0.056451613,0.129032258,36212,124,0.783774697,0.939393939,0.645833333,1,38.994,16.09156401,9.993589682,21.68755504,456.6532258,489.4112903,0,0,0,0,0,0,0,0,0
622708,637,1.362068966,0.146551724,0.646551724,0.181034483,0.017241379,0.060344828,1.215517241,2.698275862,0.051724138,0.603448276,0.025862069,0.025862069,5.422413793,0.344827586,0.543103448,0.456896552,0.051724138,0.077586207,0.620689655,0.017241379,0.405172414,0.215517241,0.75,0.275862069,0.853448276,0.543103448,0.086206897,12.37931034,0.137931034,0.155172414,36269,116,0.671259137,0.966666667,0.753246753,1,36.157,14.1771939,10.5084587,65.71956389,204.0948276,489.6465517,0,0,0,0,0,0,0,0,0
622708,638,1.06779661,0.177966102,0.627118644,0.228813559,0.008474576,0.093220339,1.93220339,2.788135593,0.084745763,0.584745763,0.076271186,0.076271186,2.923728814,0.262711864,3.694915254,0.36440678,0.059322034,0.110169492,3.186440678,0,0.449152542,0.262711864,4.423728814,0.305084746,1.186440678,0.737288136,0.118644068,15.50847458,0.186440678,0.194915254,36326,118,0.48579238,0.944,0.702380952,1,36.273,13.19677486,11.53496085,-7.601918477,322.1525424,491.3474576,0.191489362,1,641,0,0,0,0,0,0
622708,639,0.926229508,0.180327869,0.770491803,0.213114754,0.008196721,0.049180328,1.557377049,2.221311475,0.057377049,0.62295082,0.049180328,0.049180328,3.147540984,0.385245902,0.06557377,0.450819672,0.081967213,0.073770492,0.336065574,0.016393443,0.467213115,0.213114754,7.868852459,0.278688525,0.770491803,0.836065574,0.090163934,13.24590164,0.114754098,0.147540984,36383,122,0.737250238,0.945736434,0.67032967,1,38.415,15.35612701,10.37490315,29.92809404,689.2459016,490.352459,0.612244898,2,623,654,0,0,0,0,0
622708,641,1.21,0.13,0.43,0.3,0.04,0.04,1.14,1.84,0.06,0.35,0.04,0.03,2.73,0.18,0.05,0.21,0.05,0.04,0.38,0.01,0.47,0.17,0.6,0.33,0.73,0.74,0.04,11.38,0.12,0.18,36497,100,0.497809698,0.952380952,0.641025641,1,33.85,12.25099998,10.62512429,53.11353923,309.7,491.98,0.272727273,2,615,638,0,0,0,0,0
622708,642,0.382352941,0.117647059,0.970588235,0.117647059,0.029411765,0.029411765,1.088235294,1.323529412,0.029411765,0.323529412,0.029411765,0,1.470588235,0.294117647,0.029411765,0.352941176,0,0.029411765,0.264705882,0,0.294117647,0.176470588,7.088235294,0.382352941,0.558823529,0.705882353,0.058823529,11.61764706,0.029411765,0.088235294,36554,34,0.458136502,0.85,0.607142857,1,21.8,7.595037433,6.751090932,5.269591864,357.1176471,491.5882353,1,4,629,644,647,651,0,0,0
622708,643,0.813084112,0.158878505,0.76635514,0.046728972,0.046728972,0.056074766,1.121495327,1.38317757,0.037383178,0.271028037,0.028037383,0.009345794,2.271028037,0.196261682,0.261682243,0.280373832,0.009345794,0.037383178,0.570093458,0,0.327102804,0.14953271,0.757009346,0.158878505,0.542056075,0.682242991,0.046728972,10.10280374,0.056074766,0.08411215,36611,107,0.677331198,0.884297521,0.557291667,1,39.821,14.42161539,10.60966839,22.7901659,147.4299065,493.1495327,0.82,2,635,658,0,0,0,0,0
622708,644,0.444444444,0.079365079,1.158730159,0.158730159,0.031746032,0.079365079,1.174603175,1.841269841,0.047619048,0.396825397,0.079365079,0.015873016,2.650793651,0.238095238,0.031746032,0.317460317,0.031746032,0.063492063,0.349206349,0.047619048,0.317460317,0.333333333,6.555555556,0.238095238,0.936507937,0.888888889,0.158730159,11.57142857,0.095238095,0.095238095,36668,63,0.60629252,0.940298507,0.63,1,27.267,10.25668817,8.156546256,45.34046139,350.031746,494.0634921,0.764705882,4,629,642,651,667,0,0,0
622708,645,0.870967742,0.225806452,0.623655914,0.086021505,0.096774194,0.010752688,0.752688172,1.709677419,0.021505376,0.376344086,0.053763441,0.032258065,3.956989247,0.225806452,0.268817204,0.23655914,0.075268817,0.096774194,0.397849462,0.010752688,0.408602151,0.182795699,5.11827957,0.225806452,0.47311828,0.860215054,0.086021505,8.978494624,0.032258065,0.075268817,36725,93,0.589277562,0.939393939,0.704545455,1,32.51,12.28500473,9.925432006,-64.37759898,538.3763441,492.8064516,1,4,618,625,653,655,0,0,0
622708,646,1.404255319,0.184397163,0.709219858,0.219858156,0.035460993,0.078014184,1.205673759,2.439716312,0.04964539,0.34751773,0.070921986,0.134751773,5.893617021,0.283687943,6.460992908,0.354609929,0.070921986,0.163120567,2.510638298,0.014184397,0.602836879,0.163120567,1.531914894,0.234042553,1,0.659574468,0.063829787,11.82269504,0.04964539,0.141843972,36782,141,0.670450427,0.921568627,0.629464286,1,42.732,15.83071832,11.74566998,24.35224307,573.9858156,493.035461,0.148148148,1,619,0,0,0,0,0,0
622708,647,0.802197802,0.208791209,0.659340659,0.186813187,0.032967033,0.076923077,1.505494505,1.978021978,0.043956044,0.307692308,0.043956044,0.186813187,4.296703297,0.285714286,0.054945055,0.230769231,0.076923077,0.098901099,0.296703297,0,0.483516484,0.153846154,2.549450549,0.417582418,0.681318681,0.626373626,0.153846154,12.92307692,0.065934066,0.175824176,36839,91,0.822510833,0.900990099,0.65,1,34.47,14.47182205,8.230840745,77.97893121,363.2417582,494.4615385,0.523809524,3,629,642,651,0,0,0,0
622708,648,1.708333333,0.277777778,0.701388889,0.145833333,0.041666667,0.076388889,1.972222222,3.493055556,0.083333333,0.729166667,0.090277778,0.055555556,7.576388889,0.458333333,0.347222222,0.395833333,0.048611111,0.083333333,0.583333333,0.013888889,0.618055556,0.1875,1.340277778,0.354166667,1.347222222,0.951388889,0.1875,15.75,0.118055556,0.284722222,36895,144,0.665913092,0.96,0.8,1,41.301,15.81453317,11.79810551,3.34693055,513.2569444,495.9236111,0.403846154,2,622,653,0,0,0,0,0
622708,649,1.146496815,0.197452229,0.828025478,0.133757962,0.012738854,0.089171975,2.025477707,1.840764331,0.050955414,0.547770701,0.050955414,0.044585987,5.057324841,0.452229299,0.076433121,0.414012739,0.070063694,0.095541401,0.484076433,0.025477707,0.617834395,0.21656051,4.27388535,0.363057325,1.936305732,0.713375796,0.121019108,13.43949045,0.063694268,0.121019108,36952,157,0.446003614,0.969135802,0.700892857,1,42.451,15.05386425,13.47367758,4.760865033,716.9044586,496.6942675,0,0,0,0,0,0,0,0,0
622708,650,0.683333333,0.083333333,0.683333333,0.125,0.025,0.108333333,1.35,1.891666667,0.033333333,0.391666667,0.025,0.075,3.025,0.383333333,0.05,0.216666667,0.041666667,0.075,0.275,0.008333333,0.433333333,0.183333333,5.675,0.266666667,0.883333333,0.716666667,0.1,11.68333333,0.175,0.15,37009,120,0.575290639,0.923076923,0.666666667,1,38.87,13.86804674,11.34335594,84.47282589,779.5666667,496.1583333,0.479166667,1,661,0,0,0,0,0,0
622708,651,0.381818182,0.109090909,0.981818182,0.054545455,0.018181818,0.072727273,1,1.309090909,0.054545455,0.236363636,0.054545455,0.036363636,1.527272727,0.2,0.072727273,0.218181818,0.090909091,0.036363636,0.2,0,0.363636364,0.2,7.036363636,0.145454545,0.581818182,0.545454545,0.018181818,7.636363636,0.054545455,0.145454545,37066,55,0.698655126,0.964912281,0.6875,1,24.736,10.13796623,7.253295175,17.83203886,355.0909091,498.6545455,0.96875,4,642,644,647,667,0,0,0
622708,652,1.639784946,0.166666667,0.510752688,0.161290323,0.048387097,0.053763441,2.177419355,2.456989247,0.069892473,0.602150538,0.043010753,0.075268817,7.290322581,0.284946237,0.413978495,0.397849462,0.053763441,0.086021505,0.327956989,0.010752688,0.591397849,0.166666667,0.790322581,0.451612903,0.768817204,0.806451613,0.123655914,12.8655914,0.086021505,0.129032258,37123,186,0.472639005,0.958762887,0.775,1,47.57,16.63343692,14.65831829,72.45796025,424.7634409,498.6935484,0.254237288,1,670,0,0,0,0,0,0
622708,653,0.966666667,0.133333333,0.65,0.183333333,0.05,0.066666667,1.225,2.275,0.016666667,0.408333333,0.05,0.025,3.416666667,0.308333333,0.633333333,0.216666667,0.1,0.091666667,0.625,0.016666667,0.375,0.191666667,0.933333333,0.383333333,0.533333333,0.666666667,0.091666667,12.24166667,0.075,0.158333333,37180,120,0.700859123,0.952380952,0.727272727,1,37.282,14.72489578,10.50326403,-0.912309388,527.5166667,496.8916667,0.510638298,2,645,648,0,0,0,0,0
622708,654,0.905263158,0.084210526,1.084210526,0.284210526,0.052631579,0.031578947,2.136842105,2.821052632,0.073684211,0.589473684,0.073684211,0.042105263,3.631578947,0.294736842,0.115789474,0.326315789,0.084210526,0.021052632,0.631578947,0.010526316,0.589473684,0.347368421,1.936842105,0.557894737,1.663157895,1.042105263,0.136842105,19.4,0.105263158,0.2,37237,95,0.647475524,0.95959596,0.71969697,1,32.601,12.76671552,9.7293383,34.85438566,693.0842105,498.1578947,0.476190476,1,639,0,0,0,0,0,0
622708,655,0.723776224,0.118881119,0.961538462,0.339160839,0.027972028,0.048951049,1.076923077,1.426573427,0.041958042,0.41958042,0.115384615,0.048951049,3.101398601,0.262237762,0.384615385,0.307692308,0.052447552,0.034965035,0.447552448,0.024475524,0.321678322,0.230769231,6.164335664,0.283216783,0.576923077,0.811188811,0.136363636,13.21328671,0.066433566,0.15034965,37294,286,0.561328618,0.913738019,0.680952381,1,62.564,21.32655228,17.6497055,-48.99640252,550.8146853,497.479021,0.402597403,2,645,675,0,0,0,0,0
622708,656,0.412587413,0.13986014,1.055944056,0.13986014,0.027972028,0.076923077,1.258741259,1.272727273,0.062937063,0.321678322,0.111888112,0,2.027972028,0.216783217,0.041958042,0.230769231,0.027972028,0.041958042,0.293706294,0.027972028,0.34965035,0.125874126,2.846153846,0.160839161,0.468531469,0.412587413,0.083916084,9.265734266,0.090909091,0.167832168,37351,143,0.492976607,0.947019868,0.729591837,1,40.565,14.55427523,12.66283895,45.44501548,607.2937063,497.6433566,0.156862745,2,620,627,0,0,0,0,0
622708,657,0.810126582,0.126582278,0.734177215,0.227848101,0.050632911,0.025316456,1.088607595,1.746835443,0.037974684,0.392405063,0.088607595,0.075949367,2.189873418,0.227848101,0.075949367,0.253164557,0.025316456,0.088607595,0.379746835,0,0.379746835,0.151898734,2.329113924,0.164556962,0.493670886,0.759493671,0.126582278,11.83544304,0.088607595,0.050632911,37408,79,0.839439522,0.840425532,0.506410256,1,34.95,14.54159815,7.902676824,-40.78633491,50.07594937,500.5189873,0.522727273,1,662,0,0,0,0,0,0
622708,658,1.196428571,0.142857143,0.616071429,0.321428571,0.008928571,0.107142857,1.080357143,2.339285714,0.017857143,0.4375,0.125,0.0625,4.553571429,0.303571429,3.723214286,0.258928571,0.071428571,0.089285714,1.232142857,0.026785714,0.491071429,0.214285714,1.008928571,0.321428571,0.5625,0.901785714,0.116071429,11.33035714,0.107142857,0.160714286,37465,112,0.808512215,0.925619835,0.622222222,1,38.415,15.8442291,9.324002348,29.36731843,150.6964286,500.8839286,0.416666667,1,643,0,0,0,0,0,0
622708,659,1.725352113,0.197183099,0.73943662,0.176056338,0.042253521,0.070422535,1.781690141,1.957746479,0.077464789,0.35915493,0.035211268,0.042253521,7.246478873,0.471830986,0.126760563,0.429577465,0.070422535,0.070422535,0.323943662,0,0.563380282,0.23943662,6.415492958,0.183098592,0.85915493,0.697183099,0.169014085,12.28873239,0.063380282,0.190140845,37522,142,0.36559954,0.965986395,0.78021978,1,39.341,13.99440553,13.02560429,-16.54204062,443.3309859,502.2253521,0,0,0,0,0,0,0,0,0
622708,660,0.936416185,0.138728324,0.653179191,0.219653179,0.028901734,0.052023121,1.12716763,2.312138728,0.040462428,0.323699422,0.092485549,0.063583815,5.202312139,0.219653179,1.248554913,0.289017341,0.028901734,0.080924855,1.115606936,0.011560694,0.473988439,0.144508671,0.751445087,0.329479769,0.971098266,0.774566474,0.098265896,12.23699422,0.098265896,0.10982659,37579,173,0.764250803,0.955801105,0.800925926,1,46.255,18.64121742,12.0220781,8.481596343,480.5260116,502.3641618,0.25862069,1,674,0,0,0,0,0,0
622708,661,0.681222707,0.131004367,0.475982533,0.131004367,0.034934498,0.069868996,1.026200873,1.423580786,0.030567686,0.524017467,0.048034934,0.034934498,2.56768559,0.187772926,0.048034934,0.323144105,0.043668122,0.03930131,0.209606987,0.017467249,0.624454148,0.187772926,3.165938865,0.205240175,0.80349345,0.703056769,0.113537118,12.20087336,0.11790393,0.091703057,37636,229,0.431896675,0.90513834,0.636111111,1,56.105,18.63940467,16.81130947,-60.10711293,769.2445415,501.2183406,0.333333333,1,650,0,0,0,0,0,0
622708,662,0.718446602,0.087378641,0.660194175,0.184466019,0.058252427,0.048543689,0.932038835,1.553398058,0.038834951,0.417475728,0.067961165,0.048543689,6.106796117,0.40776699,0.145631068,0.252427184,0.019417476,0.048543689,0.495145631,0.009708738,0.388349515,0.155339806,0.961165049,0.223300971,0.504854369,0.582524272,0.13592233,12.03883495,0.097087379,0.126213592,37693,103,0.705136023,0.936363636,0.686666667,1,36.43,13.97525035,9.909459582,1.217643174,44.67961165,505.961165,0.47826087,1,657,0,0,0,0,0,0
622708,663,1.178947368,0.094736842,0.778947368,0.252631579,0.031578947,0.042105263,1.084210526,1.936842105,0.042105263,0.484210526,0.126315789,0.010526316,4.2,0.252631579,0.010526316,0.305263158,0.084210526,0.052631579,0.431578947,0.010526316,0.336842105,0.210526316,0.694736842,0.126315789,0.673684211,0.831578947,0.115789474,13.90526316,0.010526316,0.126315789,37750,95,0.083660421,0.95959596,0.785123967,1,31.658,11.07232998,11.03351396,0,24,506.7684211,0,0,0,0,0,0,0,0,0
622708,664,1.150159744,0.156549521,0.453674121,0.17571885,0.022364217,0.060702875,2.559105431,2.651757188,0.063897764,0.562300319,0.025559105,0.073482428,6.926517572,0.367412141,0.277955272,0.389776358,0.076677316,0.118210863,0.638977636,0.019169329,0.680511182,0.242811502,3.488817891,0.501597444,1.191693291,0.808306709,0.121405751,15.5686901,0.092651757,0.124600639,37806,313,0.638605055,0.948484848,0.724537037,1,64.086,22.95619081,17.66558434,-7.413850297,673.8626198,509.0223642,0.265060241,1,680,0,0,0,0,0,0
622708,665,0.602040816,0.12244898,0.673469388,0.142857143,0.020408163,0.030612245,0.693877551,1.744897959,0.071428571,0.316326531,0.051020408,0.030612245,1.510204082,0.224489796,0.030612245,0.275510204,0.06122449,0.030612245,0.428571429,0,0.265306122,0.183673469,1.93877551,0.153061224,0.326530612,0.591836735,0.112244898,8.765306122,0.081632653,0.244897959,37863,98,0.536200324,0.960784314,0.685314685,1,33.18,12.26829846,10.35555738,22.97964295,89.80612245,508.7755102,0,0,0,0,0,0,0,0,0
622708,666,1.172413793,0.120689655,0.844827586,0.172413793,0.017241379,0.051724138,1.362068966,2.49137931,0.025862069,0.586206897,0.060344828,0.060344828,3.396551724,0.353448276,0.043103448,0.353448276,0.034482759,0.094827586,0.310344828,0.017241379,0.456896552,0.275862069,0.74137931,0.336206897,0.586206897,0.844827586,0.103448276,11.82758621,0.094827586,0.206896552,37920,116,0.419601078,0.943089431,0.743589744,1,36.339,12.90789378,11.71660643,70.66356722,179.9741379,509.5172414,0.326086957,1,668,0,0,0,0,0,0
622708,667,1.284313725,0.225490196,0.745098039,0.215686275,0.019607843,0.078431373,1.715686275,2.470588235,0.088235294,0.37254902,0.147058824,0.078431373,4.754901961,0.323529412,0.156862745,0.480392157,0.049019608,0.098039216,0.450980392,0.029411765,0.549019608,0.156862745,0.81372549,0.333333333,0.617647059,0.990196078,0.107843137,13.65686275,0.107843137,0.245098039,37977,102,0.714472761,0.944444444,0.662337662,1,34.503,13.76123928,9.628233493,-16.84073609,350.5686275,507.0882353,0.260869565,2,644,651,0,0,0,0,0
622708,668,1.152777778,0.111111111,0.631944444,0.159722222,0.041666667,0.076388889,1.618055556,2.402777778,0.069444444,0.444444444,0.069444444,0.034722222,3.493055556,0.388888889,0.083333333,0.340277778,0.069444444,0.083333333,0.576388889,0.013888889,0.493055556,0.222222222,2.423611111,0.326388889,1.305555556,1.013888889,0.166666667,14.36111111,0.097222222,0.208333333,38034,144,0.463746733,0.98630137,0.791208791,1,40.168,14.5360688,12.8784891,49.18268827,168.5625,509.9791667,0.28,1,666,0,0,0,0,0,0
622708,669,1.065789474,0.184210526,0.868421053,0.171052632,0,0.052631579,1.381578947,2.289473684,0.052631579,0.697368421,0.092105263,0.065789474,3.592105263,0.263157895,0.052631579,0.315789474,0.026315789,0.039473684,0.355263158,0.039473684,0.565789474,0.118421053,2.486842105,0.460526316,0.460526316,0.723684211,0.171052632,12.44736842,0.065789474,0.065789474,38091,76,0.579583729,0.915662651,0.690909091,1,29.417,11.12795223,9.068309539,-49.87104196,257.9078947,510.0526316,0.513513514,1,676,0,0,0,0,0,0
622708,670,0.772058824,0.169117647,0.926470588,0.117647059,0.029411765,0.044117647,1.095588235,1.875,0.051470588,0.375,0.022058824,0.058823529,2.257352941,0.301470588,0.066176471,0.264705882,0.036764706,0.044117647,0.389705882,0,0.330882353,0.257352941,7.375,0.257352941,0.595588235,0.904411765,0.044117647,13.97794118,0.198529412,0.147058824,38148,136,0.73373487,0.918918919,0.666666667,1,43.096,16.26914638,11.0538421,3.232205709,424.0514706,511.1691176,0.283018868,1,652,0,0,0,0,0,0
622708,671,1.371134021,0.144329897,0.628865979,0.195876289,0.072164948,0.010309278,1.319587629,2.288659794,0.051546392,0.628865979,0.041237113,0.051546392,4.360824742,0.329896907,0.556701031,0.412371134,0.041237113,0.072164948,0.793814433,0.030927835,0.690721649,0.154639175,0.845360825,0.175257732,0.762886598,0.742268041,0.164948454,10.97938144,0.041237113,0.134020619,38205,97,0.400869545,0.950980392,0.734848485,1,32.328,11.69914873,10.71800134,82.40274517,750.1546392,510.1649485,0,0,0,0,0,0,0,0,0
622708,672,1.702970297,0.128712871,0.514851485,0.148514851,0.01980198,0.02970297,1.485148515,2.336633663,0.079207921,0.594059406,0.02970297,0.079207921,5.564356436,0.366336634,0.099009901,0.336633663,0.069306931,0.04950495,0.405940594,0,0.514851485,0.148514851,0.702970297,0.336633663,0.831683168,0.762376238,0.148514851,11.57425743,0.108910891,0.118811881,38262,101,0.398809298,0.990196078,0.765151515,1,32.874,11.94435965,10.95338252,-84.69844415,573.6039604,510.5544554,0.404761905,1,679,0,0,0,0,0,0
622708,673,1.120689655,0.155172414,0.655172414,0.146551724,0.025862069,0.034482759,1.310344828,2.206896552,0.043103448,0.5,0.077586207,0.017241379,3.00862069,0.267241379,2.456896552,0.275862069,0.060344828,0.146551724,1.956896552,0.017241379,0.379310345,0.206896552,1.836206897,0.224137931,1.155172414,0.568965517,0.146551724,12.14655172,0.068965517,0.129310345,38319,116,0.616697349,0.950819672,0.686390533,1,36.273,13.79779082,10.86162567,-35.33037605,290.2068966,513.6810345,0,0,0,0,0,0,0,0,0
622708,674,0.831460674,0.191011236,0.651685393,0.325842697,0.02247191,0.04494382,1.415730337,1.707865169,0.078651685,0.460674157,0.056179775,0.04494382,3.595505618,0.224719101,1.606741573,0.202247191,0.011235955,0.078651685,0.95505618,0,0.426966292,0.179775281,0.539325843,0.168539326,0.853932584,0.764044944,0.123595506,12.25842697,0.101123596,0.146067416,38376,89,0.582857233,0.956989247,0.73553719,1,31.286,11.91619815,9.682799692,44.04014852,480.6292135,512.5730337,0.375,1,660,0,0,0,0,0,0
622708,675,0.712328767,0.082191781,0.835616438,0.01369863,0,0.095890411,0.780821918,1.246575342,0.04109589,0.356164384,0.02739726,0.02739726,2.123287671,0.205479452,0.876712329,0.178082192,0.04109589,0.054794521,0.98630137,0.01369863,0.369863014,0.164383562,9.698630137,0.232876712,0.630136986,0.589041096,0.095890411,9.506849315,0.082191781,0.068493151,38433,73,0.71937422,0.924050633,0.675925926,1,30.732,11.95451005,8.303874365,6.962834422,542.0136986,508.6027397,0.789473684,3,655,683,685,0,0,0,0
622708,676,0.657894737,0.105263158,0.964912281,0.166666667,0.026315789,0.061403509,0.921052632,1.271929825,0.035087719,0.394736842,0.122807018,0.01754386,2.377192982,0.236842105,0.096491228,0.280701754,0.026315789,0.087719298,0.254385965,0.01754386,0.324561404,0.236842105,6.043859649,0.245614035,0.578947368,0.771929825,0.131578947,11.46491228,0.061403509,0.131578947,38490,114,0.867713674,0.863636364,0.542857143,1,42.823,17.78151216,8.838555995,-57.68074096,250.5701754,512.5175439,0.796296296,2,669,682,0,0,0,0,0
622708,677,1.185840708,0.061946903,0.336283186,0.088495575,0.026548673,0.053097345,1.362831858,1.725663717,0.061946903,0.407079646,0.061946903,0.03539823,5.362831858,0.300884956,0.07079646,0.203539823,0.044247788,0.053097345,0.185840708,0.026548673,0.504424779,0.123893805,0.654867257,0.256637168,0.787610619,0.637168142,0.03539823,10.20353982,0.07079646,0.14159292,38547,113,0.811591216,0.904,0.684848485,1,38.572,16.11070239,9.412286795,14.62372434,511.8938053,513.3362832,0.425531915,1,687,0,0,0,0,0,0
622708,678,0.693069307,0.148514851,0.524752475,0.198019802,0.059405941,0.059405941,1.306930693,1.267326733,0.079207921,0.198019802,0.059405941,0.03960396,2.099009901,0.287128713,0.03960396,0.267326733,0.04950495,0.089108911,0.237623762,0,0.277227723,0.138613861,2.722772277,0.257425743,0.574257426,0.831683168,0.059405941,9.118811881,0.03960396,0.148514851,38604,101,0.731641693,0.943925234,0.706293706,1,35.115,13.99647742,9.541250238,58.06445508,718.1584158,514.009901,0.613636364,2,681,692,0,0,0,0,0
622708,679,1.047244094,0.196850394,0.669291339,0.204724409,0.015748031,0.078740157,1.976377953,2.700787402,0.031496063,0.511811024,0.031496063,0.047244094,3.196850394,0.385826772,0.078740157,0.377952756,0.070866142,0.133858268,0.330708661,0.007874016,0.464566929,0.157480315,1.322834646,0.417322835,1.480314961,0.818897638,0.133858268,13.72440945,0.141732283,0.196850394,38661,127,0.559897808,0.888111888,0.647959184,1,40.739,14.39617926,11.92812236,59.44403045,583.0866142,513.4330709,0.352941176,1,672,0,0,0,0,0,0
622708,680,0.668421053,0.136842105,0.942105263,0.147368421,0.026315789,0.068421053,2.136842105,2.157894737,0.031578947,0.436842105,0.078947368,0.042105263,2.415789474,0.289473684,0.984210526,0.347368421,0.063157895,0.1,0.726315789,0.010526316,0.415789474,0.215789474,4.568421053,0.347368421,1.4,1.078947368,0.073684211,15.91052632,0.105263158,0.242105263,38717,190,0.387403338,0.940594059,0.657439446,1,48.927,16.43479194,15.15140443,68.06658378,689.6789474,514.6263158,0.484375,2,664,681,0,0,0,0,0
622708,681,1.241071429,0.223214286,0.607142857,0.25,0.053571429,0.080357143,3.098214286,2.732142857,0.035714286,0.446428571,0.0625,0.089285714,6.276785714,0.419642857,0.116071429,0.491071429,0.035714286,0.035714286,0.491071429,0.017857143,0.4375,0.241071429,8.294642857,0.348214286,0.982142857,0.892857143,0.125,14.58928571,0.098214286,0.223214286,38774,112,0.780570779,0.949152542,0.622222222,1,36.852,15.25439088,9.535022505,-25.24181554,705.1875,513.4375,0.408163265,2,678,680,0,0,0,0,0
622708,682,1.253012048,0.096385542,0.493975904,0.228915663,0.048192771,0.13253012,1.048192771,1.771084337,0.060240964,0.228915663,0.072289157,0.012048193,4.855421687,0.289156627,0.084337349,0.397590361,0.084337349,0.072289157,0.277108434,0.024096386,0.34939759,0.192771084,1.602409639,0.337349398,0.602409639,0.795180723,0.180722892,10.98795181,0.084337349,0.084337349,38831,83,0.361441142,0.912087912,0.628787879,1,33.916,10.95246579,10.21202354,-35.04399541,243.3373494,515.3493976,0.5,1,676,0,0,0,0,0,0
622708,683,0.476190476,0,0.880952381,0.238095238,0.047619048,0.047619048,0.714285714,1,0,0.214285714,0.023809524,0,1.976190476,0.142857143,0.047619048,0.19047619,0.023809524,0.095238095,0.476190476,0,0.238095238,0.119047619,6.023809524,0.30952381,0.571428571,0.69047619,0.047619048,10.04761905,0.119047619,0.095238095,38888,42,0.701586702,0.857142857,0.583333333,1,25.009,9.257393905,6.596671705,-36.34356595,542.7142857,514.9047619,0.892857143,2,675,685,0,0,0,0,0
622708,684,0.523364486,0.112149533,0.85046729,0.205607477,0.028037383,0.065420561,0.785046729,1.327102804,0.065420561,0.373831776,0.056074766,0.056074766,2.299065421,0.196261682,1.570093458,0.186915888,0.046728972,0.121495327,1.037383178,0.009345794,0.271028037,0.271028037,8.23364486,0.252336449,0.420560748,0.373831776,0.074766355,8.280373832,0.046728972,0.112149533,38945,107,0.540888535,0.955357143,0.748251748,1,34.288,12.8175652,10.78078081,-24.38729139,59.1682243,514.728972,0,0,0,0,0,0,0,0,0
622708,685,0.527272727,0.090909091,0.981818182,0.018181818,0.054545455,0.072727273,0.909090909,1.218181818,0.036363636,0.327272727,0.145454545,0.036363636,1.509090909,0.145454545,0.036363636,0.2,0.054545455,0.054545455,0.618181818,0,0.327272727,0.236363636,3.527272727,0.290909091,0.381818182,0.672727273,0.109090909,8.909090909,0.109090909,0.036363636,39002,55,0.802478287,0.948275862,0.611111111,1,26.043,11.14599213,6.650605302,-47.66683377,537.1818182,516.3090909,1,3,675,683,695,0,0,0,0
622708,686,1.147286822,0.170542636,0.84496124,0.139534884,0.031007752,0.03875969,1.325581395,2.209302326,0.03875969,0.372093023,0.07751938,0.131782946,4.488372093,0.286821705,2.348837209,0.286821705,0.046511628,0.100775194,1.201550388,0.015503876,0.503875969,0.186046512,1.069767442,0.310077519,0.643410853,0.736434109,0.07751938,12.58914729,0.11627907,0.201550388,39059,129,0.472517147,0.871621622,0.573333333,1,43.493,14.47622405,12.75820716,-29.03874276,375.7209302,517.8914729,0.534482759,2,696,700,0,0,0,0,0
622708,687,1.666666667,0.173913043,0.507246377,0.144927536,0,0.072463768,1.869565217,2.449275362,0.043478261,0.507246377,0.014492754,0.014492754,4.579710145,0.333333333,0.072463768,0.347826087,0.028985507,0.028985507,0.565217391,0,0.405797101,0.15942029,0.739130435,0.434782609,1.057971014,0.550724638,0.144927536,12.86956522,0.101449275,0.217391304,39116,69,0.84153308,0.907894737,0.663461538,1,30.062,12.93402242,6.987031167,13.17058911,514.2028986,519.7391304,0.583333333,1,677,0,0,0,0,0,0
622708,688,0.838383838,0.111111111,0.323232323,0.090909091,0.04040404,0.02020202,1.131313131,1.232323232,0.070707071,0.303030303,0.04040404,0.03030303,4.787878788,0.282828283,0.070707071,0.222222222,0.02020202,0.060606061,0.171717172,0.02020202,0.616161616,0.171717172,0.424242424,0.111111111,0.464646465,0.595959596,0.101010101,6.202020202,0.111111111,0.202020202,39173,99,0.612993877,0.961165049,0.761538462,1,32.882,12.70452606,10.03768924,-2.057532014,452.2020202,519.6767677,0,0,0,0,0,0,0,0,0
622708,689,1.459016393,0.153005464,0.617486339,0.256830601,0.021857923,0.049180328,0.978142077,1.726775956,0.043715847,0.469945355,0.06557377,0.06010929,5.639344262,0.393442623,0.109289617,0.273224044,0.054644809,0.06557377,0.573770492,0.032786885,0.612021858,0.273224044,0.803278689,0.224043716,0.513661202,0.732240437,0.103825137,11.40437158,0.103825137,0.180327869,39230,183,0.656191212,0.948186528,0.726190476,1,47.024,17.70407179,13.35939794,-12.68180946,312.4480874,520.7486339,0.101694915,1,694,0,0,0,0,0,0
622708,690,0.704142012,0.147928994,0.976331361,0.071005917,0.023668639,0.053254438,1.218934911,1.698224852,0.059171598,0.295857988,0.106508876,0.029585799,2.349112426,0.266272189,0.053254438,0.24852071,0.041420118,0.041420118,0.349112426,0.017751479,0.396449704,0.24260355,4.609467456,0.171597633,0.50295858,0.50887574,0.118343195,11.73372781,0.071005917,0.136094675,39287,169,0.427600817,0.95480226,0.751111111,1,43.84,15.52364723,14.03287516,47.18896082,643.9171598,518.2840237,0.196428571,1,706,0,0,0,0,0,0
622708,691,0.306818182,0.125,1.284090909,0.068181818,0.045454545,0.045454545,0.511363636,1.090909091,0.022727273,0.238636364,0.090909091,0.045454545,1.102272727,0.147727273,0.011363636,0.090909091,0.056818182,0.045454545,0.488636364,0.034090909,0.25,0.090909091,1.375,0.25,0.375,0.420454545,0.147727273,9.829545455,0.056818182,0.011363636,39344,88,0.781407937,0.830188679,0.571428571,1,37.952,14.58863275,9.103606503,10.67081607,762.6931818,520.7386364,0.530612245,2,698,718,0,0,0,0,0
622708,692,1.268817204,0.172043011,0.688172043,0.258064516,0.010752688,0.107526882,1.483870968,2.204301075,0.043010753,0.419354839,0.086021505,0.064516129,4.47311828,0.215053763,0.096774194,0.47311828,0.032258065,0.064516129,0.376344086,0.032258065,0.52688172,0.204301075,1.387096774,0.290322581,0.752688172,0.655913978,0.064516129,13.08602151,0.075268817,0.215053763,39401,93,0.56387887,0.948979592,0.645833333,1,33.817,12.25536139,10.12118219,36.93248726,721.4516129,522.1505376,0.523809524,2,678,717,0,0,0,0,0
622708,693,1.045045045,0.135135135,0.531531532,0.162162162,0.027027027,0.054054054,2.072072072,1.765765766,0.072072072,0.306306306,0.018018018,0.027027027,5.432432432,0.603603604,0.765765766,0.225225225,0.072072072,0.117117117,0.54954955,0.009009009,0.531531532,0.198198198,1.009009009,0.405405405,1.198198198,0.783783784,0.153153153,9.558558559,0.072072072,0.081081081,39458,111,0.776656139,0.874015748,0.569230769,1,39.449,15.58816077,9.81936891,32.97716089,218.4324324,523.027027,0.42,2,702,704,0,0,0,0,0
622708,694,0.830188679,0.122641509,0.754716981,0.198113208,0.028301887,0.075471698,1.132075472,1.924528302,0.028301887,0.594339623,0.066037736,0.047169811,3.179245283,0.386792453,0.70754717,0.254716981,0.066037736,0.047169811,0.603773585,0.018867925,0.575471698,0.490566038,11.78301887,0.367924528,0.622641509,0.79245283,0.103773585,13.35849057,0.103773585,0.160377358,39515,106,0.760944582,0.92173913,0.627218935,1,36.091,14.67815542,9.523434996,45.46207541,328.7358491,522.7075472,0.125,1,689,0,0,0,0,0,0
622708,695,0.787234043,0.234042553,0.85106383,0.20212766,0.031914894,0.021276596,0.840425532,2.287234043,0.074468085,0.531914894,0.021276596,0.063829787,2.35106383,0.255319149,0.010638298,0.287234043,0.031914894,0.042553191,0.276595745,0.010638298,0.542553191,0.244680851,1.234042553,0.287234043,0.787234043,0.765957447,0.191489362,13.57446809,0.053191489,0.117021277,39572,94,0.458310782,0.921568627,0.652777778,1,33.726,11.8880968,10.56604538,-35.09668155,532.7234043,522.1170213,0.418604651,1,685,0,0,0,0,0,0
622708,696,0.801886792,0.216981132,0.726415094,0.160377358,0.08490566,0.047169811,0.764150943,1.679245283,0.056603774,0.367924528,0.037735849,0.066037736,2.424528302,0.367924528,2.235849057,0.330188679,0.075471698,0.018867925,1.188679245,0.018867925,0.41509434,0.179245283,6.924528302,0.245283019,0.537735849,0.660377358,0.056603774,11.21698113,0.08490566,0.169811321,39628,106,0.678126249,0.92173913,0.679487179,1,36.546,13.79400593,10.13784167,-23.40939207,370.0849057,525.4056604,0.936170213,4,686,700,710,722,0,0,0
622708,698,0.461538462,0.307692308,1.269230769,0.096153846,0.019230769,0.076923077,0.365384615,1.057692308,0.038461538,0.230769231,0.096153846,0.038461538,1.538461538,0.192307692,0.076923077,0.173076923,0.057692308,0.019230769,0.288461538,0,0.230769231,0.096153846,2.115384615,0.153846154,0.384615385,0.557692308,0.096153846,9.903846154,0.076923077,0.076923077,39742,52,0.788895272,0.852459016,0.619047619,1,27.912,10.72583789,6.591324108,7.642925493,764.6730769,526.0192308,1,2,691,718,0,0,0,0,0
622708,699,1.581196581,0.247863248,0.606837607,0.094017094,0.025641026,0.076923077,1.170940171,2.384615385,0.034188034,0.452991453,0.051282051,0.051282051,10.35897436,0.341880342,0.196581197,0.358974359,0.051282051,0.068376068,0.35042735,0.008547009,0.512820513,0.307692308,8.196581197,0.316239316,0.555555556,0.666666667,0.188034188,15.06837607,0.068376068,0.145299145,39799,117,0.521783387,0.983193277,0.75,1,36.149,13.28662173,11.33452487,35.43927673,155.5470085,525.1880342,0.288888889,1,701,0,0,0,0,0,0
622708,700,0.6953125,0.171875,0.890625,0.203125,0.0546875,0.0859375,1.015625,1.609375,0.0546875,0.3984375,0.0546875,0.03125,2.265625,0.2578125,0.25,0.3515625,0.1328125,0.0546875,0.5546875,0.03125,0.375,0.15625,4.640625,0.2109375,0.4453125,0.625,0.140625,10.71875,0.0625,0.109375,39856,128,0.619646144,0.941176471,0.656410256,1,38.994,14.55505312,11.42398902,18.18958191,384.796875,527.0390625,0.490196078,3,686,696,724,0,0,0,0
622708,701,2,0.119565217,0.619565217,0.217391304,0.119565217,0.032608696,1.402173913,2.684782609,0.032608696,0.739130435,0.065217391,0.065217391,8.206521739,0.369565217,0.108695652,0.5,0.119565217,0.076086957,0.315217391,0,0.47826087,0.195652174,0.934782609,0.27173913,0.684782609,0.75,0.065217391,13.79347826,0.108695652,0.086956522,39913,92,0.422014868,0.93877551,0.760330579,1,31.84,11.44736232,10.37805173,-61.31212322,166.1630435,527.0326087,0.307692308,1,699,0,0,0,0,0,0
622708,702,0.628571429,0.078571429,0.3,0.15,0.028571429,0.007142857,1.421428571,1.442857143,0.042857143,0.321428571,0.042857143,0.035714286,6.542857143,0.335714286,0.064285714,0.235714286,0.007142857,0.05,0.214285714,0.014285714,0.471428571,0.185714286,0.428571429,0.264285714,0.464285714,0.55,0.078571429,10.37857143,0.071428571,0.128571429,39970,140,0.530921335,0.903225806,0.717948718,1,42.062,14.8157247,12.55515786,82.98618674,233.1285714,526.9785714,0.358490566,2,693,704,0,0,0,0,0
622708,703,0.541284404,0.110091743,0.724770642,0.266055046,0.027522936,0.082568807,0.642201835,1.825688073,0.027522936,0.495412844,0.082568807,0.018348624,1.862385321,0.321100917,0.431192661,0.293577982,0.082568807,0.073394495,0.880733945,0.009174312,0.220183486,0.165137615,3.779816514,0.247706422,0.642201835,0.770642202,0.146788991,13.17431193,0.073394495,0.146788991,40027,109,0.736730879,0.923728814,0.778571429,1,37.72,14.80177321,10.00875297,-9.464724707,353.3761468,525.7706422,0.488888889,2,708,710,0,0,0,0,0
622708,704,0.629213483,0.08988764,0.404494382,0.146067416,0.04494382,0.06741573,0.93258427,1.146067416,0.02247191,0.202247191,0.011235955,0.02247191,3.988764045,0.168539326,1.573033708,0.247191011,0.011235955,0.04494382,0.876404494,0.02247191,0.303370787,0.134831461,0.505617978,0.224719101,0.651685393,0.662921348,0.191011236,11.59550562,0.056179775,0.101123596,40084,89,0.515015354,0.946808511,0.73553719,1,31.84,11.60993955,9.951819041,41.10342079,223.2921348,529.4044944,0.820512821,2,693,702,0,0,0,0,0
622708,705,0.71875,0.25,0.296875,0,0.046875,0.046875,2.296875,1.515625,0.015625,0.4375,0,0.046875,7.453125,0.171875,0.25,0.21875,0.015625,0.25,0.3125,0.046875,0.625,0.140625,1.203125,0.375,1.375,0.796875,0.078125,7.484375,0.125,0.015625,40141,64,0.861042368,0.888888889,0.547008547,1,30.633,12.97817687,6.599834124,70.15951782,566.84375,528.953125,1,2,697,711,0,0,0,0,0
622708,706,0.533333333,0.122222222,0.877777778,0.111111111,0.022222222,0.088888889,1.022222222,1.333333333,0.133333333,0.355555556,0.133333333,0.055555556,2.688888889,0.2,0.066666667,0.2,0.044444444,0.033333333,0.377777778,0,0.277777778,0.133333333,0.766666667,0.377777778,0.622222222,0.588888889,0.077777778,13.47777778,0.1,0.188888889,40198,90,0.632867368,0.947368421,0.681818182,1,31.774,12.26284517,9.494633245,29.54390277,649.3333333,529.5777778,0.609756098,2,690,720,0,0,0,0,0
622708,707,0.844827586,0.155172414,0.793103448,0.086206897,0.017241379,0.129310345,1.362068966,2.051724138,0.034482759,0.431034483,0.051724138,0.043103448,3.155172414,0.362068966,0.50862069,0.344827586,0.043103448,0.120689655,0.474137931,0.025862069,0.362068966,0.120689655,1.49137931,0.267241379,0.551724138,0.706896552,0.068965517,11.24137931,0.043103448,0.068965517,40255,116,0.602253435,0.950819672,0.686390533,1,36.091,13.69927775,10.93620129,40.69007683,483.2758621,531.1551724,0,0,0,0,0,0,0,0,0
622708,708,1.048780488,0.097560976,0.780487805,0.365853659,0,0.048780488,0.804878049,2.414634146,0.024390244,0.536585366,0.024390244,0.048780488,4.902439024,0.292682927,0.146341463,0.487804878,0,0.195121951,0.268292683,0,0.512195122,0.219512195,1.780487805,0.390243902,0.268292683,0.731707317,0.097560976,16.48780488,0.048780488,0.170731707,40312,41,0.939935611,0.953488372,0.788461538,1,26.572,12.80166443,4.369871123,-2.538219847,352.8292683,531.4878049,1,4,703,710,723,731,0,0,0
622708,709,2.272727273,0.295454545,0.568181818,0.306818182,0.034090909,0.090909091,2.318181818,2.568181818,0.102272727,0.659090909,0.056818182,0.034090909,6.306818182,0.352272727,0.988636364,0.306818182,0.068181818,0.090909091,0.784090909,0,0.602272727,0.284090909,0.886363636,0.318181818,1.056818182,0.715909091,0.136363636,13.375,0.159090909,0.204545455,40369,88,0.700282114,0.907216495,0.676923077,1,34.007,12.9891526,9.272517091,-7.206724384,438.2727273,530.0568182,0.704545455,2,713,725,0,0,0,0,0
622708,710,1,0.115942029,0.942028986,0.188405797,0.043478261,0.014492754,1.405797101,2.246376812,0.014492754,0.47826087,0.028985507,0.043478261,3.420289855,0.275362319,0.289855072,0.463768116,0.057971014,0.043478261,0.594202899,0.057971014,0.68115942,0.217391304,6.043478261,0.47826087,1.057971014,0.782608696,0.144927536,13.43478261,0.086956522,0.144927536,40426,69,0.829365706,0.884615385,0.530769231,1,32.229,13.45824193,7.519202091,23.39956352,363.3043478,531.7536232,1,6,696,703,708,722,723,728,0
622708,711,1.083870968,0.277419355,0.451612903,0.064516129,0.032258065,0.032258065,2.219354839,1.716129032,0.064516129,0.419354839,0.051612903,0.051612903,5.406451613,0.4,0.109677419,0.374193548,0.058064516,0.032258065,0.251612903,0.019354839,0.470967742,0.180645161,1.44516129,0.24516129,1.161290323,0.793548387,0.109677419,9.35483871,0.070967742,0.070967742,40483,155,0.750956057,0.922619048,0.662393162,1,45.61,17.57924911,11.60849546,35.01145846,575.0774194,531.4451613,0.375,1,705,0,0,0,0,0,0
622708,712,0.809210526,0.105263158,0.842105263,0.276315789,0.013157895,0.059210526,1.105263158,1.782894737,0.026315789,0.230263158,0.052631579,0.046052632,4.223684211,0.217105263,0.098684211,0.25,0.019736842,0.052631579,0.703947368,0.013157895,0.355263158,0.177631579,1.894736842,0.203947368,0.598684211,0.75,0.078947368,11.49342105,0.046052632,0.131578947,40539,152,0.388258611,0.974358974,0.835164835,1,40.904,14.55286019,13.411195,-74.49531512,34.70394737,534.625,0,0,0,0,0,0,0,0,0
622708,713,1.488721805,0.097744361,0.368421053,0.112781955,0.015037594,0.142857143,2.07518797,2.112781955,0.082706767,0.533834586,0.052631579,0.067669173,5.248120301,0.360902256,0.112781955,0.248120301,0.142857143,0.045112782,0.37593985,0.007518797,0.360902256,0.112781955,0.984962406,0.360902256,1.015037594,0.684210526,0.142857143,11.63157895,0.127819549,0.112781955,40596,133,0.442881256,0.936619718,0.678571429,1,39.92,13.92263898,12.48276351,-57.09348708,428.3308271,533.4511278,0.326923077,1,709,0,0,0,0,0,0
622708,714,1.34375,0.125,0.677083333,0.166666667,0.010416667,0.166666667,1.197916667,3.09375,0.09375,0.708333333,0,0.03125,4.479166667,0.416666667,0.09375,0.322916667,0.041666667,0.03125,0.5625,0.010416667,0.572916667,0.177083333,0.833333333,0.385416667,0.6875,0.75,0.197916667,14.10416667,0.135416667,0.197916667,40653,96,0.679861329,0.941176471,0.727272727,1,33.155,13.04077463,9.563330713,51.54421232,465.40625,534.1458333,0.30952381,1,725,0,0,0,0,0,0
622708,715,1.326530612,0.107142857,0.454081633,0.158163265,0.030612245,0.035714286,2.280612245,2.403061224,0.066326531,0.566326531,0.051020408,0.040816327,6.474489796,0.341836735,0.096938776,0.392857143,0.066326531,0.071428571,0.234693878,0.005102041,0.744897959,0.163265306,0.770408163,0.362244898,1.244897959,0.852040816,0.107142857,12.59693878,0.081632653,0.12244898,40710,196,0.311322992,0.907407407,0.680555556,1,52.83,16.66005626,15.83212075,22.06529958,610.8010204,534.6479592,0.409090909,2,726,735,0,0,0,0,0
622708,716,1.170542636,0.147286822,0.511627907,0.170542636,0.031007752,0.062015504,1.612403101,2.496124031,0.069767442,0.503875969,0.03875969,0.046511628,4.015503876,0.286821705,0.031007752,0.294573643,0.07751938,0.069767442,0.372093023,0.031007752,0.472868217,0.147286822,0.88372093,0.348837209,0.744186047,0.782945736,0.100775194,10.0620155,0.069767442,0.15503876,40767,129,0.585442541,0.955555556,0.708791209,1,38.696,14.34088023,11.62635097,-56.07529192,675.4651163,533.9302326,0.346938776,2,727,736,0,0,0,0,0
622708,717,0.734693878,0.129251701,0.972789116,0.068027211,0.027210884,0.054421769,0.68707483,1.551020408,0.034013605,0.238095238,0.095238095,0.020408163,2.380952381,0.278911565,0.06122449,0.25170068,0.034013605,0.040816327,0.31292517,0.006802721,0.265306122,0.102040816,1.802721088,0.176870748,0.401360544,0.428571429,0.054421769,10.36734694,0.040816327,0.197278912,40824,147,0.516966657,0.948387097,0.7,1,41.053,14.88763282,12.74389609,54.80296829,710.3333333,531.8027211,0.055555556,1,692,0,0,0,0,0,0
622708,718,0.985849057,0.16509434,0.693396226,0.202830189,0.037735849,0.066037736,1.466981132,1.995283019,0.04245283,0.5,0.047169811,0.037735849,3.858490566,0.386792453,0.08490566,0.316037736,0.08490566,0.061320755,0.358490566,0,0.391509434,0.150943396,0.853773585,0.283018868,0.948113208,0.830188679,0.080188679,13.66509434,0.113207547,0.174528302,40881,212,0.819153045,0.905982906,0.602272727,1,55.096,22.43990792,12.87097033,-23.47368032,760.2169811,532.9622642,0.305555556,2,691,698,0,0,0,0,0
622708,719,1.414893617,0.191489362,0.5,0.244680851,0.063829787,0.063829787,1.031914894,2.670212766,0.042553191,0.521276596,0.042553191,0.117021277,3.255319149,0.510638298,0.117021277,0.372340426,0.031914894,0.106382979,0.457446809,0.031914894,0.595744681,0.265957447,0.712765957,0.372340426,0.542553191,0.723404255,0.127659574,13.40425532,0.085106383,0.340425532,40938,94,0.553807218,0.959183673,0.783333333,1,31.658,12.0423826,10.02702872,73.67191026,15.5,534.5,0,0,0,0,0,0,0,0,0
622708,720,0.854545455,0.163636364,0.618181818,0.181818182,0.018181818,0.045454545,1.536363636,1.890909091,0.045454545,0.3,0.063636364,0.063636364,2.945454545,0.327272727,0.027272727,0.418181818,0.018181818,0.072727273,0.4,0.009090909,0.418181818,0.245454545,4.127272727,0.281818182,1.118181818,0.727272727,0.063636364,14.08181818,0.127272727,0.181818182,40995,110,0.7843788,0.916666667,0.604395604,1,38.506,15.59114958,9.67091119,46.69880314,657.4818182,534.4,0.76,2,706,727,0,0,0,0,0
622708,721,1.290322581,0.177419355,0.693548387,0.153225806,0.032258065,0.048387097,1.10483871,2.60483871,0.008064516,0.564516129,0.024193548,0.032258065,3.870967742,0.338709677,0.475806452,0.298387097,0.040322581,0.048387097,0.540322581,0.040322581,0.346774194,0.209677419,0.75,0.25,0.540322581,0.661290323,0.112903226,11.73387097,0.088709677,0.169354839,41052,124,0.819039164,0.946564885,0.59047619,1,39.854,16.74803209,9.608975945,53.46880427,52.2983871,537.9596774,0,0,0,0,0,0,0,0,0
622708,722,1.147058824,0.205882353,0.794117647,0.161764706,0.058823529,0.058823529,1.382352941,2.514705882,0.044117647,0.617647059,0.058823529,0,3.073529412,0.411764706,0.058823529,0.411764706,0.044117647,0.014705882,0.558823529,0,0.617647059,0.132352941,1.161764706,0.308823529,0.735294118,0.794117647,0.161764706,13.14705882,0.088235294,0.161764706,41109,68,0.55077667,0.918918919,0.618181818,1,29.235,10.4727466,8.741105789,37.50204931,371.3823529,536.0882353,0.972972973,5,696,710,728,733,737,0,0
622708,723,0.897058824,0.117647059,1.323529412,0.205882353,0,0.073529412,0.985294118,1.573529412,0.058823529,0.5,0.088235294,0.044117647,2.720588235,0.338235294,0.029411765,0.382352941,0.073529412,0,0.382352941,0.014705882,0.529411765,0.338235294,8.926470588,0.382352941,0.573529412,0.779411765,0.147058824,14.69117647,0.044117647,0.147058824,41166,68,0.408023365,0.957746479,0.755555556,1,27.614,10.03880355,9.165141389,4.06672229,352.6029412,537.2205882,1,6,708,710,728,731,737,743,0
622708,724,0.946808511,0.117021277,0.361702128,0.223404255,0.031914894,0.042553191,1.893617021,1.776595745,0.053191489,0.542553191,0.053191489,0.095744681,5.861702128,0.29787234,0.095744681,0.276595745,0.010638298,0.085106383,0.287234043,0,0.404255319,0.159574468,0.968085106,0.255319149,0.914893617,0.64893617,0.117021277,11.10638298,0.063829787,0.234042553,41223,94,0.553807218,0.959183673,0.783333333,1,31.658,12.0423826,10.02702872,16.32808974,389.5,537.5,0.75,3,700,733,738,0,0,0,0
622708,725,1.2,0.151020408,0.857142857,0.228571429,0.032653061,0.081632653,2.016326531,2.297959184,0.065306122,0.469387755,0.036734694,0.048979592,4.069387755,0.310204082,1.167346939,0.412244898,0.040816327,0.07755102,0.910204082,0.008163265,0.526530612,0.306122449,2.27755102,0.383673469,1.534693878,1.085714286,0.130612245,16.80408163,0.081632653,0.155102041,41280,245,0.611321625,0.949612403,0.720588235,1,55.187,20.01139194,15.83666044,-6.509982838,450.844898,536.9510204,0.436619718,3,709,714,751,0,0,0,0
622708,726,1.381443299,0.164948454,0.463917526,0.134020619,0.030927835,0.041237113,2.237113402,2.195876289,0.072164948,0.525773196,0.072164948,0.051546392,8.969072165,0.278350515,0.144329897,0.319587629,0.092783505,0.103092784,0.371134021,0.041237113,0.422680412,0.154639175,0.75257732,0.443298969,1.144329897,0.865979381,0.144329897,13.27835052,0.082474227,0.195876289,41337,97,0.56374861,0.989795918,0.808333333,1,32.576,12.32206148,10.17736269,73.86568197,598.7835052,535.5670103,0.575,2,715,735,0,0,0,0,0
622708,727,0.757142857,0.128571429,0.771428571,0.157142857,0,0.085714286,1.185714286,1.428571429,0.085714286,0.357142857,0.028571429,0.042857143,2.771428571,0.285714286,0.1,0.128571429,0.014285714,0.028571429,0.457142857,0,0.242857143,0.114285714,5.085714286,0.128571429,1.042857143,0.642857143,0.114285714,12.24285714,0.157142857,0.2,41394,70,0.876228586,0.886075949,0.486111111,1,32.527,13.95083822,6.722848945,47.26287361,662.9857143,538.1428571,1,3,716,720,736,0,0,0,0
622708,728,0.888888889,0.111111111,0.888888889,0.158730159,0,0.015873016,1.380952381,1.396825397,0.047619048,0.301587302,0.015873016,0.063492063,2.888888889,0.222222222,0.079365079,0.158730159,0.047619048,0.031746032,0.53968254,0,0.46031746,0.095238095,3.412698413,0.174603175,0.619047619,0.714285714,0.079365079,12.20634921,0.031746032,0.158730159,41450,63,0.739586965,0.84,0.65625,1,33.61,11.74652709,7.906129369,13.17851116,362.9206349,538.2063492,1,4,710,722,723,737,0,0,0
622708,729,1.397959184,0.234693878,0.642857143,0.244897959,0.06122449,0.081632653,0.93877551,2.62244898,0.051020408,0.56122449,0.020408163,0.010204082,4.857142857,0.295918367,0.091836735,0.316326531,0.030612245,0.071428571,0.306122449,0.020408163,0.612244898,0.183673469,0.785714286,0.326530612,0.714285714,0.989795918,0.081632653,13.89795918,0.102040816,0.173469388,41507,98,0.748941953,0.951456311,0.777777778,1,33.527,13.79267605,9.139518304,-8.72538631,149.4285714,539.0714286,0,0,0,0,0,0,0,0,0
622708,730,0.977941176,0.161764706,0.595588235,0.205882353,0.014705882,0.073529412,1.029411765,2.286764706,0.036764706,0.485294118,0.036764706,0.051470588,4.220588235,0.272058824,0.125,0.411764706,0.080882353,0.044117647,0.397058824,0.014705882,0.411764706,0.213235294,1.088235294,0.198529412,0.551470588,0.808823529,0.088235294,12.44117647,0.095588235,0.272058824,41564,136,0.597169153,0.957746479,0.653846154,1,40.499,14.84963405,11.91111911,-1.957935715,317.7941176,539.2794118,0.358490566,3,732,740,742,0,0,0,0
622708,731,1.18852459,0.159836066,0.819672131,0.147540984,0.053278689,0.057377049,2.016393443,2.422131148,0.098360656,0.495901639,0.040983607,0.024590164,4.270491803,0.393442623,1.852459016,0.356557377,0.06557377,0.077868852,0.942622951,0.020491803,0.467213115,0.221311475,1.930327869,0.323770492,1.508196721,0.81557377,0.102459016,16.31147541,0.118852459,0.233606557,41621,244,0.770595452,0.897058824,0.61,1,59.223,22.59946793,14.40319692,-56.01008271,341.3688525,539.4795082,0.631578947,5,708,723,732,740,750,0,0
622708,732,1.492307692,0.138461538,0.538461538,0.276923077,0.046153846,0.061538462,1.030769231,2.523076923,0,0.646153846,0.061538462,0,4.061538462,0.461538462,0.892307692,0.415384615,0.046153846,0.061538462,0.876923077,0.030769231,0.523076923,0.107692308,1.076923077,0.584615385,0.738461538,0.876923077,0.107692308,13.01538462,0.153846154,0.138461538,41678,65,0.698463074,0.955882353,0.65,1,27.548,11.0495923,7.907597592,-33.47149682,331.9846154,541.3230769,0.944444444,4,730,731,740,750,0,0,0
622708,733,1.061403509,0.105263158,0.5,0.236842105,0.043859649,0.061403509,1.456140351,2.149122807,0.035087719,0.377192982,0.078947368,0.035087719,6.078947368,0.298245614,0.087719298,0.394736842,0.078947368,0.026315789,0.307017544,0.026315789,0.535087719,0.166666667,0.771929825,0.359649123,0.51754386,0.614035088,0.070175439,11.62280702,0.105263158,0.131578947,41735,114,0.387709227,0.966101695,0.791666667,1,35.024,12.60286191,11.61708784,-47.41371725,378.6491228,542.5438596,0.636363636,3,722,724,738,0,0,0,0
622708,734,1.338461538,0.2,0.592307692,0.223076923,0.030769231,0.076923077,1.492307692,2.030769231,0.069230769,0.438461538,0.046153846,0.061538462,5.715384615,0.338461538,0.1,0.353846154,0.030769231,0.030769231,0.415384615,0.007692308,0.576923077,0.146153846,1.007692308,0.338461538,1.269230769,0.830769231,0.138461538,13.74615385,0.115384615,0.153846154,41792,130,0.618427145,0.955882353,0.722222222,1,38.233,14.58753428,11.46349913,-84.34862845,66.3,542.9538462,0.2,1,745,0,0,0,0,0,0
622708,735,0.305555556,0.212962963,1.064814815,0.092592593,0.037037037,0.055555556,0.5,1.314814815,0.055555556,0.25,0.027777778,0.027777778,1.074074074,0.203703704,0.027777778,0.166666667,0.027777778,0.083333333,0.222222222,0.018518519,0.287037037,0.222222222,5.611111111,0.166666667,0.416666667,0.481481481,0.083333333,8.138888889,0.027777778,0.092592593,41849,108,0.592950833,0.931034483,0.755244755,1,35.512,13.23904333,10.6605896,-7.500542479,603.8333333,545.2685185,0.5,2,715,726,0,0,0,0,0
622708,736,0.896226415,0.216981132,0.603773585,0.150943396,0.018867925,0.066037736,0.575471698,1.650943396,0.056603774,0.254716981,0.066037736,0.075471698,3.820754717,0.122641509,0.358490566,0.20754717,0.056603774,0.047169811,0.405660377,0,0.20754717,0.160377358,1.283018868,0.20754717,0.443396226,0.858490566,0.08490566,8.641509434,0.075471698,0.103773585,41906,106,0.768038497,0.938053097,0.706666667,1,35.876,14.64509664,9.3787737,-8.385324329,670.4528302,543.5849057,0.555555556,2,716,727,0,0,0,0,0
622708,737,1.04040404,0.141414141,0.626262626,0.202020202,0.04040404,0.121212121,1.838383838,2.96969697,0.080808081,0.666666667,0.111111111,0.101010101,5.616161616,0.292929293,0.313131313,0.343434343,0.04040404,0.131313131,0.525252525,0.050505051,0.494949495,0.202020202,1.454545455,0.414141414,1.202020202,1.050505051,0.171717172,15.87878788,0.141414141,0.161616162,41963,99,0.530055851,0.891891892,0.634615385,1,37.439,12.82256083,10.87305371,-49.90159308,363.040404,546.2929293,0.727272727,4,722,723,728,743,0,0,0
622708,738,1.108695652,0.239130435,1.043478261,0.141304348,0.043478261,0.032608696,1.086956522,2.119565217,0.065217391,0.369565217,0.119565217,0.043478261,3.576086957,0.282608696,0.163043478,0.293478261,0.054347826,0.097826087,0.5,0.02173913,0.456521739,0.130434783,0.739130435,0.27173913,0.52173913,0.706521739,0.097826087,12.16304348,0.086956522,0.119565217,42020,92,0.872098686,0.92,0.681481481,1,35.115,15.7004663,7.682709711,15.05652675,393.0108696,545.423913,0.931818182,4,724,733,746,762,0,0,0
622708,739,0.98630137,0.239726027,0.993150685,0.116438356,0.020547945,0.082191781,1.383561644,2.198630137,0.054794521,0.506849315,0.095890411,0.047945205,2.897260274,0.239726027,0.095890411,0.349315068,0.054794521,0.089041096,0.568493151,0.01369863,0.363013699,0.287671233,5.51369863,0.212328767,0.636986301,0.575342466,0.102739726,12.91780822,0.116438356,0.136986301,42077,146,0.503974345,0.960526316,0.748717949,1,40.193,14.74394851,12.7346229,-19.29632962,247.9383562,548.9041096,0.25,1,767,0,0,0,0,0,0
622708,740,1.951219512,0.219512195,0.597560976,0.182926829,0.024390244,0.06097561,1.609756098,2.43902439,0.06097561,0.646341463,0.048780488,0.048780488,7.109756098,0.548780488,1.512195122,0.414634146,0.085365854,0.146341463,1.646341463,0.012195122,0.365853659,0.158536585,4.487804878,0.317073171,0.62195122,1.109756098,0.109756098,15.76829268,0.182926829,0.195121951,42134,82,0.516908152,0.88172043,0.573426573,1,33.817,11.45553304,9.806404412,-62.62374519,327.8902439,547.597561,1,6,730,731,732,742,748,750,0
622708,741,1.23125,0.18125,0.50625,0.19375,0.05625,0.05,1.05625,2.2875,0.075,0.3375,0.1,0.075,5.09375,0.26875,4.60625,0.3125,0.03125,0.1,1.64375,0.025,0.325,0.125,0.8625,0.25,0.84375,0.60625,0.0875,11.5375,0.025,0.14375,42191,160,0.80995973,0.914285714,0.701754386,1,46.652,18.92307993,11.09811189,4.545222753,636.11875,546.925,0,0,0,0,0,0,0,0,0
622708,742,1.076923077,0.192307692,0.846153846,0.153846154,0.051282051,0.038461538,1.333333333,2.025641026,0.064102564,0.333333333,0.064102564,0.102564103,3.948717949,0.282051282,0.051282051,0.179487179,0.038461538,0.051282051,0.512820513,0,0.358974359,0.243589744,3.987179487,0.141025641,0.551282051,0.871794872,0.102564103,11.70512821,0.064102564,0.217948718,42248,78,0.861223714,0.886363636,0.590909091,1,33.337,14.51429761,7.3765441,43.40029593,318.0384615,550.0897436,0.785714286,3,730,740,748,0,0,0,0
622708,743,1.28125,0.328125,0.703125,0.15625,0.03125,0.09375,1.5625,2.234375,0.078125,0.59375,0.140625,0.015625,6.40625,0.40625,1.625,0.421875,0.015625,0.09375,0.984375,0,0.59375,0.25,0.796875,0.265625,1.078125,0.71875,0.171875,15.328125,0.09375,0.25,42305,64,0.625445218,0.984615385,0.711111111,1,26.878,10.4757356,8.173882124,-64.20247788,356.15625,549.171875,0.617647059,3,723,737,769,0,0,0,0
622708,744,1.393939394,0.287878788,0.590909091,0.090909091,0.03030303,0.03030303,1.545454545,1.833333333,0,0.393939394,0.060606061,0.03030303,4.818181818,0.363636364,0.090909091,0.348484848,0.015151515,0.03030303,0.212121212,0,0.196969697,0.166666667,1.439393939,0.227272727,0.439393939,0.651515152,0.136363636,10.89393939,0.106060606,0.060606061,42361,66,0.556421112,0.916666667,0.733333333,1,26.878,10.15074882,8.434261694,-67.0544902,527.3030303,549.2878788,0.818181818,3,747,749,764,0,0,0,0
622708,745,0.955555556,0.144444444,0.877777778,0.177777778,0.033333333,0.144444444,1.5,2.022222222,0.066666667,0.444444444,0.055555556,0.033333333,3.555555556,0.255555556,0.133333333,0.344444444,0.088888889,0.066666667,0.511111111,0.033333333,0.311111111,0.155555556,0.911111111,0.266666667,0.633333333,0.777777778,0.066666667,12.86666667,0.122222222,0.166666667,42418,90,0.276354442,0.957446809,0.681818182,1,31.22,11.01011226,10.58133208,-13.85934253,57.61111111,551.6888889,0.243902439,1,734,0,0,0,0,0,0
622708,746,0.962025316,0.101265823,0.949367089,0.126582278,0.075949367,0.101265823,1.949367089,2.227848101,0.050632911,0.392405063,0.063291139,0.063291139,3.291139241,0.278481013,0.227848101,0.430379747,0.012658228,0.037974684,0.455696203,0.012658228,0.721518987,0.341772152,9.481012658,0.278481013,1.139240506,1,0.113924051,15.6835443,0.139240506,0.151898734,42475,79,0.652089367,0.929411765,0.731481481,1,30.707,11.78759528,8.936672351,-0.111876116,401.1392405,550.4936709,0.815789474,3,738,759,762,0,0,0,0
622708,747,0.927835052,0.164948454,0.556701031,0.206185567,0.041237113,0.06185567,0.958762887,1.577319588,0.030927835,0.257731959,0.072164948,0.041237113,2.278350515,0.175257732,0.092783505,0.288659794,0.082474227,0.041237113,0.257731959,0.010309278,0.412371134,0.164948454,2.360824742,0.18556701,0.412371134,0.597938144,0.12371134,9.711340206,0.082474227,0.144329897,42532,97,0.728412188,0.881818182,0.62987013,1,37.1,14.06387353,9.635710666,-73.51005632,520.7525773,552.3402062,0.553191489,2,744,764,0,0,0,0,0
622708,748,0.509803922,0.156862745,0.882352941,0.166666667,0.019607843,0.107843137,1.176470588,1.607843137,0.058823529,0.343137255,0.068627451,0.019607843,1.970588235,0.235294118,2.31372549,0.235294118,0.049019608,0.117647059,1.225490196,0.019607843,0.274509804,0.176470588,5.088235294,0.254901961,0.549019608,0.68627451,0.098039216,12.56862745,0.068627451,0.205882353,42589,102,0.843714847,0.894736842,0.579545455,1,38.696,16.12665224,8.656651979,20.14825209,321.5294118,556.2156863,0.66,3,740,742,750,0,0,0,0
622708,749,1.413793103,0.086206897,0.362068966,0.120689655,0.034482759,0.034482759,1.103448276,1.620689655,0.034482759,0.482758621,0.017241379,0.017241379,5.75862069,0.327586207,0.137931034,0.24137931,0.068965517,0.103448276,0.396551724,0.017241379,0.465517241,0.155172414,5.982758621,0.25862069,0.775862069,0.603448276,0.189655172,12.20689655,0.051724138,0.103448276,42646,58,0.668364786,0.865671642,0.537037037,1,28.673,10.29210553,7.655614524,-83.0202896,535.1206897,552.7586207,0.848484848,3,744,764,765,0,0,0,0
622708,750,1.048780488,0.195121951,0.353658537,0.134146341,0.024390244,0.036585366,1.548780488,1.823170732,0.079268293,0.402439024,0.012195122,0.048780488,6.317073171,0.347560976,0.079268293,0.243902439,0.067073171,0.048780488,0.280487805,0.006097561,0.469512195,0.280487805,0.646341463,0.329268293,0.664634146,0.567073171,0.103658537,9.420731707,0.073170732,0.134146341,42703,164,0.496034149,0.953488372,0.732142857,1,44.113,15.62318576,13.56565928,-75.61414636,336.5487805,554.7317073,0.625,5,731,732,740,748,769,0,0
622708,751,1.092307692,0.184615385,0.976923077,0.161538462,0.076923077,0.076923077,1.376923077,1.976923077,0.030769231,0.476923077,0.038461538,0.061538462,3.492307692,0.253846154,0.046153846,0.338461538,0.038461538,0.053846154,0.569230769,0.007692308,0.461538462,0.215384615,0.930769231,0.323076923,0.676923077,0.653846154,0.053846154,12.32307692,0.069230769,0.130769231,42760,130,0.839245688,0.872483221,0.580357143,1,43.559,17.99730308,9.786076789,-63.049174,453.2769231,555.7538462,0.4,2,725,756,0,0,0,0,0
622708,752,1.061728395,0.172839506,0.691358025,0.197530864,0,0.037037037,1.222222222,2.024691358,0.012345679,0.358024691,0.049382716,0.037037037,3.469135802,0.259259259,6.358024691,0.296296296,0.012345679,0.074074074,2.555555556,0.012345679,0.444444444,0.172839506,4.049382716,0.24691358,0.716049383,0.888888889,0.098765432,10.91358025,0.135802469,0.098765432,42817,81,0.823940532,0.941860465,0.723214286,1,32.303,13.82766345,7.835808803,-3.397617567,731.8395062,552.9135802,0.6,2,766,768,0,0,0,0,0
622708,753,1.116504854,0.213592233,0.825242718,0.184466019,0.029126214,0.048543689,1.631067961,1.86407767,0.029126214,0.54368932,0.048543689,0.058252427,3.436893204,0.330097087,0.097087379,0.368932039,0.048543689,0.067961165,0.368932039,0.029126214,0.45631068,0.223300971,5.126213592,0.233009709,1.281553398,0.59223301,0.097087379,10.99029126,0.067961165,0.194174757,42874,103,0.275605116,0.919642857,0.609467456,1,36.455,12.01477717,11.54945615,-50.71987826,562.7669903,554.2330097,0.630434783,2,760,771,0,0,0,0,0
622708,754,0.921052632,0.140350877,0.912280702,0.254385965,0.043859649,0.096491228,2.114035088,2.99122807,0.052631579,0.552631579,0.061403509,0.043859649,4.061403509,0.412280702,0.298245614,0.412280702,0.114035088,0.078947368,0.447368421,0.026315789,0.684210526,0.263157895,2.622807018,0.315789474,1.157894737,0.850877193,0.149122807,12.93859649,0.131578947,0.228070175,42931,114,0.312244153,0.966101695,0.791666667,1,35.024,12.42295045,11.80182639,-41.7701084,749.3684211,554.8508772,0.386363636,2,768,778,0,0,0,0,0
622708,755,1.032608696,0.25,0.423913043,0.25,0.032608696,0.043478261,1.630434783,2.304347826,0.119565217,0.391304348,0.076086957,0.043478261,5.380434783,0.304347826,0.065217391,0.304347826,0.076086957,0.108695652,0.369565217,0.032608696,0.336956522,0.27173913,0.673913043,0.380434783,0.815217391,0.576086957,0.097826087,10.60869565,0.065217391,0.065217391,42988,92,0.484410794,0.958333333,0.696969697,1,31.22,11.64428832,10.1868969,-31.15719593,785.5,556,0,0,0,0,0,0,0,0,0
622708,756,1.064516129,0.096774194,0.741935484,0.129032258,0.032258065,0.048387097,1.612903226,3,0.048387097,0.532258065,0.096774194,0.048387097,2.919354839,0.403225806,0.096774194,0.451612903,0.096774194,0.080645161,0.483870968,0.016129032,0.564516129,0.064516129,0.64516129,0.419354839,0.741935484,0.919354839,0.080645161,15.98387097,0.161290323,0.177419355,43045,62,0.666758763,0.96875,0.704545455,1,26.324,10.46515992,7.799407499,-84.02514674,445.9193548,556.3064516,0.558823529,1,751,0,0,0,0,0,0
622708,757,1.356164384,0.150684932,1.109589041,0.356164384,0.054794521,0.068493151,1.315068493,3.02739726,0.054794521,0.520547945,0.04109589,0.054794521,4.164383562,0.479452055,0.068493151,0.369863014,0.02739726,0.109589041,0.479452055,0.01369863,0.684931507,0.273972603,2.657534247,0.575342466,0.726027397,0.835616438,0.095890411,18.93150685,0.123287671,0.301369863,43102,73,0.746551479,0.901234568,0.608333333,1,31.956,12.42959337,8.26975221,-66.93912409,125.5205479,558.2739726,0.487804878,1,758,0,0,0,0,0,0
622708,758,0.580645161,0.215053763,0.989247312,0.193548387,0.053763441,0.053763441,0.978494624,1.279569892,0.032258065,0.35483871,0.064516129,0,2.52688172,0.23655914,0.225806452,0.301075269,0.032258065,0.096774194,0.677419355,0.010752688,0.516129032,0.215053763,7.129032258,0.301075269,0.569892473,0.698924731,0.053763441,13.24731183,0.11827957,0.064516129,43159,93,0.369941069,0.920792079,0.704545455,1,33.246,11.49293953,10.67757548,45.54532895,133.4086022,557.4086022,0.463414634,1,757,0,0,0,0,0,0
622708,759,1.024691358,0.308641975,0.432098765,0.271604938,0.037037037,0.074074074,1.580246914,2.320987654,0.074074074,0.62962963,0.086419753,0.037037037,5.111111111,0.283950617,0.086419753,0.407407407,0.061728395,0.160493827,0.469135802,0.024691358,0.530864198,0.148148148,1.975308642,0.308641975,0.864197531,1,0.222222222,15.81481481,0.086419753,0.271604938,43216,81,0.74612079,0.920454545,0.736363636,1,31.906,12.88260831,8.577377285,32.93998227,401.382716,558.1111111,0.710526316,2,746,762,0,0,0,0,0
622708,760,1.28125,0.197916667,0.572916667,0.208333333,0.041666667,0.052083333,1.09375,2.572916667,0.052083333,0.427083333,0.03125,0.041666667,3.697916667,0.3125,0.583333333,0.1875,0.041666667,0.09375,1.041666667,0,0.46875,0.1875,0.677083333,0.364583333,0.6875,0.583333333,0.114583333,12.44791667,0.104166667,0.145833333,43272,96,0.512712108,0.96,0.727272727,1,32.138,12.05379774,10.34891575,68.65590404,571.6041667,557.71875,0.857142857,4,753,771,772,780,0,0,0
622708,761,1.02247191,0.157303371,0.539325843,0.191011236,0.056179775,0.033707865,0.988764045,2.528089888,0.033707865,0.460674157,0.06741573,0.02247191,3.112359551,0.348314607,0.123595506,0.325842697,0.101123596,0.04494382,0.292134831,0.033707865,0.483146067,0.191011236,0.730337079,0.426966292,0.606741573,0.775280899,0.06741573,10.04494382,0.146067416,0.202247191,43329,89,0.713178448,0.936842105,0.674242424,1,32.138,12.81782082,8.985068404,-41.77453857,8.471910112,558.9775281,0,0,0,0,0,0,0,0,0
622708,762,0.679487179,0.128205128,0.75,0.16025641,0.032051282,0.044871795,1.115384615,2.269230769,0.032051282,0.384615385,0.134615385,0.038461538,3.384615385,0.333333333,1.833333333,0.205128205,0.070512821,0.076923077,1.064102564,0.025641026,0.467948718,0.205128205,6.217948718,0.294871795,0.769230769,0.628205128,0.083333333,15.19871795,0.076923077,0.173076923,43386,156,0.80116498,0.896551724,0.722222222,1,47.454,18.54125043,11.09589162,-83.7772771,391.6217949,557.4038462,0.553571429,3,738,746,759,0,0,0,0
622708,763,1.097345133,0.097345133,0.424778761,0.265486726,0.053097345,0.053097345,1.876106195,1.973451327,0.017699115,0.336283186,0.03539823,0.07079646,4.991150442,0.212389381,4.345132743,0.238938053,0.10619469,0.097345133,1.150442478,0.008849558,0.495575221,0.221238938,0.955752212,0.318584071,1.132743363,0.867256637,0.132743363,10.25663717,0.088495575,0.212389381,43443,113,0.451375008,0.949579832,0.672619048,1,36.273,12.85842254,11.47401219,-6.092183393,470.5752212,559.7522124,0,0,0,0,0,0,0,0,0
622708,764,0.942857143,0.180952381,0.6,0.161904762,0.019047619,0.114285714,1.457142857,2.60952381,0.019047619,0.6,0.057142857,0.019047619,5.523809524,0.238095238,0.114285714,0.361904762,0.00952381,0.038095238,0.495238095,0.00952381,0.752380952,0.19047619,2.028571429,0.457142857,0.933333333,0.828571429,0.038095238,17.24761905,0.104761905,0.076190476,43500,105,0.362096035,0.954545455,0.729166667,1,34.561,12.11422884,11.2921669,42.70287333,529.5047619,559.8666667,1,5,744,747,749,765,782,0,0
622708,765,0.693877551,0.156462585,0.959183673,0.197278912,0.020408163,0.020408163,0.911564626,1.455782313,0.040816327,0.299319728,0.068027211,0.06122449,3.952380952,0.326530612,0.115646259,0.238095238,0.06122449,0.115646259,0.306122449,0.013605442,0.360544218,0.176870748,4.870748299,0.353741497,0.462585034,0.659863946,0.06122449,12.51020408,0.074829932,0.156462585,43557,147,0.777758291,0.913043478,0.617647059,1,44.692,17.58136007,11.05100077,66.78246033,540.5034014,560.7619048,0.642857143,3,749,764,785,0,0,0,0
622708,766,0.439393939,0.212121212,0.681818182,0.090909091,0.045454545,0.045454545,1.015151515,1.03030303,0,0.287878788,0.166666667,0.03030303,1.136363636,0.166666667,2.212121212,0.136363636,0.03030303,0.075757576,1.363636364,0.015151515,0.227272727,0.303030303,8,0.181818182,0.818181818,0.363636364,0.136363636,7.393939394,0.045454545,0.075757576,43614,66,0.880080647,0.825,0.523809524,1,32.692,14.19373528,6.739529512,-18.29252517,729.4242424,558.3636364,0.794871795,3,752,768,776,0,0,0,0
622708,767,1.157894737,0.136842105,0.515789474,0.126315789,0.052631579,0.021052632,1.273684211,1.694736842,0.042105263,0.347368421,0.031578947,0.084210526,6.536842105,0.273684211,0.115789474,0.4,0.031578947,0.063157895,0.368421053,0.010526316,0.4,0.2,1.221052632,0.221052632,0.884210526,0.694736842,0.147368421,10.06315789,0.115789474,0.168421053,43671,95,0.584670291,0.922330097,0.71969697,1,33.064,12.33782714,10.00932148,51.77618735,248.6631579,560.4631579,0.804878049,3,739,770,779,0,0,0,0
622708,768,1.483333333,0.083333333,0.466666667,0.216666667,0.05,0.05,1.016666667,1.683333333,0.033333333,0.416666667,0.016666667,0.016666667,3.116666667,0.25,1.333333333,0.3,0.083333333,0.133333333,1.366666667,0.033333333,0.683333333,0.066666667,0.833333333,0.233333333,0.716666667,0.733333333,0.066666667,8.816666667,0.05,0.1,43728,60,0.31130136,0.952380952,0.666666667,1,25.216,9.093983003,8.642114313,-13.02674766,739.8,559.3,1,5,752,754,766,776,778,0,0
622708,769,1.142857143,0.134920635,0.658730159,0.158730159,0.015873016,0.071428571,1.420634921,2.142857143,0.055555556,0.404761905,0.055555556,0.055555556,10.20634921,0.325396825,0.206349206,0.23015873,0.03968254,0.047619048,0.436507937,0.023809524,0.357142857,0.253968254,5.150793651,0.333333333,0.873015873,0.666666667,0.111111111,13.42063492,0.071428571,0.087301587,43785,126,0.77292076,0.919708029,0.6,1,41.227,16.43597648,10.42866915,47.68241003,349.3333333,561.1587302,0.509433962,3,743,750,775,0,0,0,0
622708,770,0.955223881,0.149253731,0.880597015,0.074626866,0.029850746,0.044776119,0.701492537,1.597014925,0.074626866,0.343283582,0.044776119,0.037313433,2.746268657,0.298507463,0.037313433,0.26119403,0.089552239,0.037313433,0.365671642,0.02238806,0.246268657,0.171641791,1.276119403,0.179104478,0.5,0.514925373,0.037313433,10.13432836,0.074626866,0.097014925,43842,134,0.676107936,0.911564626,0.697916667,1,41.88,15.59424334,11.4898789,-5.932975176,260.0597015,561.4104478,0.611111111,3,767,779,784,0,0,0,0
622708,771,1.650943396,0.132075472,0.547169811,0.216981132,0.009433962,0.037735849,2.198113208,3.396226415,0.08490566,0.688679245,0.056603774,0.094339623,6.5,0.433962264,0.79245283,0.452830189,0.066037736,0.103773585,0.773584906,0.009433962,0.481132075,0.169811321,1.575471698,0.424528302,1.103773585,0.801886792,0.132075472,13.00943396,0.094339623,0.226415094,43899,106,0.536738658,0.963636364,0.741258741,1,33.734,12.7170327,10.72997788,6.784307342,558.1603774,563.1886792,0.363636364,2,753,760,0,0,0,0,0
622708,772,1.223529412,0.176470588,0.482352941,0.211764706,0.023529412,0.011764706,1.117647059,2,0.047058824,0.388235294,0.058823529,0.023529412,4.917647059,0.364705882,0.094117647,0.305882353,0.047058824,0.058823529,0.447058824,0.023529412,0.435294118,0.105882353,0.717647059,0.341176471,0.552941176,0.541176471,0.117647059,11.22352941,0.070588235,0.094117647,43956,85,0.644030654,0.934065934,0.590277778,1,31.882,12.05719489,9.223750282,44.61280462,580.5176471,561.4352941,0.731707317,3,760,780,786,0,0,0,0
622708,773,0.206521739,0.152173913,0.989130435,0.054347826,0.010869565,0.043478261,0.956521739,1.02173913,0.086956522,0.206521739,0.054347826,0.065217391,1.065217391,0.152173913,0.054347826,0.282608696,0.010869565,0.010869565,0.25,0,0.22826087,0.141304348,2.75,0.173913043,0.423913043,0.47826087,0.065217391,10.25,0.043478261,0.065217391,44013,92,0.723867965,0.948453608,0.707692308,1,32.146,13.11736691,9.050176785,23.08616423,769,562.5,0,0,0,0,0,0,0,0,0
622708,774,1.769230769,0.183431953,0.792899408,0.147928994,0.041420118,0.059171598,2.834319527,2.550295858,0.041420118,0.644970414,0.023668639,0.047337278,5.970414201,0.449704142,0.106508876,0.455621302,0.082840237,0.094674556,0.621301775,0.017751479,0.733727811,0.295857988,0.852071006,0.414201183,1.165680473,0.917159763,0.118343195,18.6035503,0.082840237,0.295857988,44070,169,0.640247703,0.938888889,0.704166667,1,45.8,16.87677639,12.96420839,47.74894088,301.3550296,564.0295858,0.142857143,1,790,0,0,0,0,0,0
622708,776,0.551724138,0.218390805,0.609195402,0.08045977,0,0.068965517,0.942528736,1.632183908,0.045977011,0.32183908,0.114942529,0.034482759,1.896551724,0.333333333,4.333333333,0.344827586,0.091954023,0.195402299,2.505747126,0,0.310344828,0.103448276,2.862068966,0.275862069,1.103448276,0.724137931,0.114942529,11.37931034,0.034482759,0.114942529,44183,87,0.679782982,0.896907216,0.608391608,1,33.453,12.59718219,9.238941214,-6.776968066,735.8965517,566.0804598,0.642857143,3,766,768,778,0,0,0,0
622708,777,0.959183673,0.170068027,0.496598639,0.285714286,0.034013605,0.085034014,3.054421769,2.952380952,0.115646259,0.727891156,0.051020408,0.078231293,6.370748299,0.391156463,1.704081633,0.428571429,0.105442177,0.074829932,1.384353741,0.017006803,0.62585034,0.319727891,0.887755102,0.370748299,1.887755102,1.071428571,0.12585034,22.19727891,0.091836735,0.238095238,44240,294,0.768588371,0.948387097,0.691764706,1,63.151,24.37867834,15.59610423,-7.478954666,55.5952381,567.6768707,0,0,0,0,0,0,0,0,0
622708,778,1.101351351,0.189189189,0.641891892,0.243243243,0.033783784,0.027027027,1.804054054,2.574324324,0.047297297,0.47972973,0.040540541,0.02027027,4.675675676,0.364864865,0.101351351,0.371621622,0.040540541,0.054054054,0.358108108,0.027027027,0.418918919,0.202702703,5.709459459,0.277027027,1.310810811,0.75,0.135135135,12.61486486,0.162162162,0.189189189,44297,148,0.675768713,0.95483871,0.660714286,1,42.633,16.17073009,11.91966713,-31.34113178,749.722973,567.2364865,0.425925926,3,754,768,776,0,0,0,0
622708,779,1.408450704,0.14084507,0.633802817,0.14084507,0.028169014,0.098591549,1.338028169,2.14084507,0.042253521,0.394366197,0.042253521,0.098591549,4.85915493,0.323943662,0.070422535,0.436619718,0.042253521,0.112676056,0.338028169,0.014084507,0.492957746,0.225352113,1.746478873,0.126760563,0.915492958,0.788732394,0.084507042,11.45070423,0.098591549,0.126760563,44354,71,0.618590472,0.959459459,0.717171717,1,28.102,10.88024469,8.548755995,-6.91588478,252.3661972,568.8450704,0.861111111,3,767,770,784,0,0,0,0
622708,780,1.254545455,0.218181818,0.515151515,0.16969697,0.03030303,0.03030303,1.884848485,2.503030303,0.03030303,0.521212121,0.072727273,0.042424242,4.36969697,0.363636364,0.490909091,0.36969697,0.048484848,0.133333333,0.606060606,0.006060606,0.406060606,0.2,1.224242424,0.351515152,0.872727273,0.678787879,0.127272727,12.40606061,0.157575758,0.16969697,44411,165,0.590749935,0.93220339,0.693277311,1,45.974,16.38800359,13.22273779,23.26957645,571.9939394,570.2181818,0.614035088,3,760,772,786,0,0,0,0
622708,781,0.496598639,0.102040816,0.700680272,0.047619048,0.047619048,0.006802721,0.707482993,1.455782313,0.034013605,0.244897959,0.074829932,0.020408163,2.013605442,0.25170068,0.156462585,0.176870748,0.034013605,0.034013605,0.510204082,0.013605442,0.197278912,0.217687075,6.721088435,0.170068027,0.292517007,0.571428571,0.068027211,8.258503401,0.054421769,0.081632653,44468,147,0.625938902,0.942307692,0.753846154,1,41.946,15.61111668,12.17467433,58.89396241,595.585034,567.5238095,0.346153846,1,786,0,0,0,0,0,0
622708,782,0.828767123,0.157534247,0.787671233,0.232876712,0.034246575,0.02739726,1.02739726,2.157534247,0.047945205,0.417808219,0.02739726,0.068493151,2.979452055,0.280821918,3.445205479,0.246575342,0.109589041,0.109589041,2.212328767,0.047945205,0.404109589,0.157534247,1.575342466,0.294520548,1.273972603,0.863013699,0.109589041,15.1369863,0.095890411,0.136986301,44525,146,0.456747782,0.966887417,0.802197802,1,40.077,14.5183924,12.91550724,64.79647148,522.6986301,570.4863014,0.38,2,764,791,0,0,0,0,0
622708,783,0.838095238,0.104761905,0.60952381,0.104761905,0.019047619,0.057142857,0.923809524,1.542857143,0.085714286,0.438095238,0.095238095,0.028571429,4.542857143,0.180952381,0.076190476,0.228571429,0.047619048,0.066666667,0.333333333,0.019047619,0.4,0.219047619,1.038095238,0.352380952,0.4,0.714285714,0.133333333,10.93333333,0.114285714,0.095238095,44582,105,0.630469335,0.945945946,0.681818182,1,34.495,13.22141312,10.26264804,12.85329966,644.5619048,569.6761905,0,0,0,0,0,0,0,0,0
622708,784,0.859649123,0.149122807,0.596491228,0.070175439,0.026315789,0.105263158,0.877192982,1.5,0.026315789,0.236842105,0.061403509,0.035087719,3.263157895,0.254385965,0.070175439,0.245614035,0.087719298,0.070175439,0.280701754,0.00877193,0.412280702,0.184210526,4.035087719,0.245614035,0.394736842,0.736842105,0.061403509,9.01754386,0.078947368,0.096491228,44639,114,0.73169285,0.912,0.633333333,1,38.878,14.97696482,10.20881572,31.89531633,260.8333333,572.4298246,0.52,3,770,779,800,0,0,0,0
622708,785,0.329545455,0.125,1.056818182,0.079545455,0.056818182,0.022727273,0.454545455,0.715909091,0.068181818,0.340909091,0.079545455,0,1.113636364,0.238636364,0.045454545,0.181818182,0.034090909,0.034090909,0.272727273,0.011363636,0.329545455,0.215909091,5.863636364,0.204545455,0.443181818,0.897727273,0.147727273,12.01136364,0.056818182,0.170454545,44696,88,0.445426753,0.956521739,0.733333333,1,31.104,11.27574672,10.09538333,-23.75140685,542.6704545,572.5568182,0.307692308,1,765,0,0,0,0,0,0
622708,786,1.418300654,0.202614379,0.882352941,0.222222222,0.052287582,0.08496732,1.751633987,2.751633987,0.045751634,0.653594771,0.058823529,0.065359477,5.281045752,0.326797386,0.098039216,0.346405229,0.065359477,0.032679739,0.470588235,0.006535948,0.450980392,0.248366013,1.45751634,0.333333333,1.333333333,0.91503268,0.235294118,14.49673203,0.052287582,0.150326797,44753,153,0.515471103,0.869318182,0.6375,1,48.19,15.95962387,13.67591281,55.10525693,584.4313725,572.8888889,0.74137931,3,772,780,781,0,0,0,0
622708,787,1.094170404,0.139013453,0.780269058,0.183856502,0.040358744,0.076233184,1.385650224,2.116591928,0.01793722,0.443946188,0.035874439,0.049327354,3.825112108,0.295964126,0.282511211,0.237668161,0.053811659,0.143497758,0.744394619,0.02690583,0.390134529,0.161434978,2.040358744,0.291479821,0.538116592,0.650224215,0.098654709,10.17040359,0.116591928,0.107623318,44810,223,0.651286471,0.952991453,0.690402477,1,51.821,19.46094173,14.76758441,-52.38041402,672.7174888,573.2152466,0.176470588,1,806,0,0,0,0,0,0
622708,788,0.944444444,0.027777778,0.277777778,0.013888889,0.013888889,0.097222222,1.111111111,1.791666667,0.041666667,0.347222222,0.055555556,0.013888889,7.944444444,0.305555556,0.027777778,0.333333333,0.041666667,0.013888889,0.152777778,0,0.208333333,0.097222222,0.638888889,0.222222222,0.583333333,0.305555556,0.055555556,6.402777778,0.111111111,0.097222222,44867,72,0.441620159,0.911392405,0.595041322,1,29.996,10.50843306,9.428188366,-74.10480058,697.8055556,571.6805556,0.461538462,1,792,0,0,0,0,0,0
622708,789,1.352459016,0.172131148,0.819672131,0.262295082,0.040983607,0.057377049,1.557377049,2.295081967,0.040983607,0.516393443,0.032786885,0.057377049,5.803278689,0.237704918,0.049180328,0.385245902,0.040983607,0.040983607,0.368852459,0.008196721,0.409836066,0.180327869,0.942622951,0.286885246,1.040983607,0.631147541,0.131147541,13.77868852,0.114754098,0.098360656,44924,122,0.460762915,0.968253968,0.782051282,1,36.43,13.29956144,11.80367012,39.40341638,205.8770492,574.7704918,0.282608696,1,802,0,0,0,0,0,0
622708,790,1.113095238,0.166666667,0.922619048,0.214285714,0.053571429,0.05952381,2.166666667,2.446428571,0.05952381,0.410714286,0.077380952,0.05952381,3.261904762,0.327380952,0.083333333,0.404761905,0.041666667,0.071428571,0.523809524,0.023809524,0.648809524,0.226190476,3.714285714,0.380952381,1.160714286,0.744047619,0.125,15.35714286,0.136904762,0.178571429,44981,168,0.637549952,0.954545455,0.760180995,1,44.576,16.79297912,12.93746259,13.24628283,287.1369048,574.4107143,0.163636364,1,774,0,0,0,0,0,0
622708,791,1.177083333,0.135416667,0.552083333,0.197916667,0.052083333,0.020833333,1.71875,2.916666667,0.052083333,0.604166667,0.072916667,0.09375,7.072916667,0.604166667,0.447916667,0.28125,0.010416667,0.0625,0.75,0.041666667,0.375,0.25,0.729166667,0.46875,0.666666667,0.760416667,0.104166667,12.625,0.177083333,0.145833333,45038,96,0.695527291,0.941176471,0.738461538,1,32.882,13.13541692,9.437792826,16.28970665,508.7916667,574.2083333,0.166666667,1,782,0,0,0,0,0,0
622708,792,0.414285714,0.171428571,0.242857143,0.114285714,0.028571429,0.014285714,1.714285714,1.3,0.042857143,0.3,0.071428571,0.071428571,6.914285714,0.3,0.085714286,0.2,0.014285714,0.014285714,0.157142857,0,0.242857143,0.228571429,4,0.114285714,0.785714286,0.571428571,0.057142857,10.57142857,0.014285714,0.014285714,45094,70,0.649744032,0.945945946,0.636363636,1,28.59,11.02462793,8.380404791,-47.14594014,691.5571429,575.6428571,0.486486486,1,788,0,0,0,0,0,0
622708,793,1.371428571,0.152380952,0.695238095,0.20952381,0.057142857,0.038095238,1.304761905,2.552380952,0.038095238,0.580952381,0.142857143,0.076190476,4.419047619,0.495238095,0.057142857,0.39047619,0.076190476,0.104761905,0.419047619,0,0.361904762,0.133333333,0.761904762,0.466666667,0.619047619,0.79047619,0.095238095,15.39047619,0.123809524,0.171428571,45151,105,0.686048676,0.954545455,0.75,1,34.288,13.62958731,9.916283167,11.8520451,162.4666667,575.6190476,0,0,0,0,0,0,0,0,0
622708,794,0.554455446,0.178217822,0.732673267,0.128712871,0.01980198,0.069306931,0.940594059,2.04950495,0.108910891,0.475247525,0.02970297,0.02970297,2.128712871,0.306930693,1.326732673,0.356435644,0.02970297,0.04950495,1.069306931,0.00990099,0.485148515,0.207920792,1.613861386,0.267326733,0.405940594,0.623762376,0.059405941,12.0990099,0.059405941,0.287128713,45208,101,0.584684733,0.943925234,0.706293706,1,34.47,12.71351769,10.313976,18.94533724,77.53465347,577.3168317,0.119047619,1,813,0,0,0,0,0,0
622708,795,1.088495575,0.203539823,0.637168142,0.194690265,0.053097345,0.026548673,1.345132743,2.654867257,0.053097345,0.371681416,0.079646018,0.053097345,3.03539823,0.336283186,5.814159292,0.300884956,0.07079646,0.115044248,3.318584071,0.017699115,0.415929204,0.194690265,1.327433628,0.318584071,1.221238938,0.787610619,0.132743363,17,0.07079646,0.17699115,45265,113,0.300646987,0.949579832,0.724358974,1,35.603,12.35174041,11.78029322,-67.44846183,445.1327434,581.4336283,0.377777778,1,808,0,0,0,0,0,0
622708,796,0.934782609,0.086956522,0.666666667,0.202898551,0.050724638,0.057971014,0.876811594,1.52173913,0.050724638,0.31884058,0.057971014,0.028985507,3.333333333,0.195652174,0.028985507,0.268115942,0.072463768,0.079710145,0.485507246,0.007246377,0.34057971,0.202898551,0.739130435,0.231884058,0.420289855,0.652173913,0.072463768,9.971014493,0.086956522,0.108695652,45322,138,0.529573574,0.926174497,0.707692308,1,40.747,14.56391605,12.35404582,-79.34348933,18.93478261,580.1376812,0.346153846,1,815,0,0,0,0,0,0
622708,797,1.208333333,0.111111111,0.583333333,0.083333333,0.055555556,0.055555556,1.277777778,2.263888889,0.069444444,0.777777778,0.083333333,0.027777778,3.888888889,0.375,1.152777778,0.236111111,0.069444444,0.097222222,0.75,0.027777778,0.472222222,0.222222222,1.902777778,0.333333333,0.847222222,1.069444444,0.111111111,11.91666667,0.083333333,0.097222222,45379,72,0.448140101,0.935064935,0.727272727,1,28.011,10.24420662,9.157945141,87.0749895,234.6805556,581.8333333,0.628571429,3,798,800,803,0,0,0,0
622708,798,1.205128205,0.102564103,0.538461538,0.076923077,0.102564103,0.038461538,1.525641026,3.076923077,0.102564103,0.833333333,0.064102564,0.012820513,4.974358974,0.282051282,0.076923077,0.461538462,0.064102564,0.064102564,0.602564103,0.012820513,0.474358974,0.166666667,0.820512821,0.320512821,0.602564103,0.653846154,0.141025641,12.66666667,0.08974359,0.102564103,45436,78,0.633393944,0.866666667,0.65,1,32.758,11.86674087,9.182834277,-26.00812129,226.4230769,582.9230769,0.684210526,2,797,816,0,0,0,0,0
622708,799,0.455555556,0.166666667,0.9,0.133333333,0.033333333,0.022222222,0.677777778,1.344444444,0.011111111,0.277777778,0.077777778,0.055555556,2,0.422222222,0.033333333,0.244444444,0.022222222,0.066666667,0.277777778,0,0.288888889,0.144444444,9.622222222,0.188888889,0.377777778,0.433333333,0.1,7.977777778,0.111111111,0.111111111,45493,90,0.425176939,0.957446809,0.681818182,1,31.311,11.33256314,10.25721909,-35.25605144,379.6111111,583.0444444,0,0,0,0,0,0,0,0,0
622708,800,1.622222222,0.144444444,0.744444444,0.233333333,0.011111111,0.033333333,0.988888889,2.544444444,0.144444444,0.466666667,0.077777778,0.044444444,4.311111111,0.522222222,0.155555556,0.355555556,0.044444444,0.088888889,0.6,0,0.511111111,0.266666667,5.122222222,0.411111111,0.644444444,0.922222222,0.122222222,15.25555556,0.122222222,0.188888889,45550,90,0.851883068,0.9,0.666666667,1,35.967,15.18614112,7.953468493,12.6617496,248.1666667,582.2222222,0.6,3,784,797,803,0,0,0,0
622708,801,1.464285714,0.178571429,0.845238095,0.119047619,0,0.083333333,1.488095238,2.392857143,0.047619048,0.702380952,0.023809524,0.166666667,3.369047619,0.345238095,0.119047619,0.321428571,0.023809524,0.035714286,0.583333333,0,0.30952381,0.285714286,4.845238095,0.321428571,0.845238095,0.797619048,0.047619048,11.10714286,0.095238095,0.166666667,45607,84,0.587049632,0.923076923,0.636363636,1,32.601,11.90304756,9.636123381,36.23060541,123.3571429,585.1071429,0.487804878,1,814,0,0,0,0,0,0
622708,802,1.376811594,0.188405797,0.81884058,0.297101449,0.014492754,0.050724638,1.666666667,2.188405797,0.072463768,0.413043478,0.028985507,0.028985507,4.579710145,0.405797101,0.072463768,0.369565217,0.014492754,0.115942029,0.514492754,0.014492754,0.398550725,0.210144928,3,0.311594203,1.202898551,0.833333333,0.050724638,15.70289855,0.094202899,0.210144928,45664,138,0.634195447,0.951724138,0.71875,1,40.193,15.28115594,11.8149737,-8.050915184,208.3333333,585.8623188,0.269230769,2,789,821,0,0,0,0,0
622708,803,0.642857143,0.154761905,0.726190476,0.19047619,0.023809524,0.047619048,1.214285714,1.535714286,0.047619048,0.44047619,0,0.023809524,2.047619048,0.285714286,0.273809524,0.166666667,0.071428571,0.047619048,0.702380952,0,0.297619048,0.130952381,7.380952381,0.25,0.630952381,0.75,0.142857143,14.28571429,0.083333333,0.107142857,45721,84,0.86531476,0.865979381,0.622222222,1,35.413,15.20416287,7.620765173,-10.0497819,248.1904762,588.9285714,0.477272727,2,797,800,0,0,0,0,0
622708,804,0.890710383,0.147540984,0.765027322,0.114754098,0.038251366,0.054644809,0.956284153,1.857923497,0.043715847,0.382513661,0.043715847,0.06557377,4.218579235,0.338797814,0.18579235,0.333333333,0.06010929,0.081967213,0.306010929,0.027322404,0.262295082,0.169398907,1.240437158,0.180327869,0.360655738,0.606557377,0.142076503,10.57377049,0.043715847,0.180327869,45778,183,0.631674361,0.948186528,0.672794118,1,47.876,17.63746619,13.67316058,-33.35350329,529.863388,587.6393443,0,0,0,0,0,0,0,0,0
622708,805,0.56626506,0.530120482,0.578313253,0.192771084,0,0.096385542,1.024096386,2.144578313,0.084337349,0.602409639,0.048192771,0.048192771,3.361445783,0.361445783,0.096385542,0.21686747,0.060240964,0.048192771,0.530120482,0,0.481927711,0.192771084,4.590361446,0.373493976,0.43373494,0.734939759,0.060240964,9.915662651,0,0.168674699,45835,83,0.785208915,0.922222222,0.709401709,1,32.303,13.45023182,8.328799716,6.376856034,573.0843373,586.4096386,0.45,1,817,0,0,0,0,0,0
622708,806,2.273809524,0.154761905,0.369047619,0.142857143,0.035714286,0.035714286,1.226190476,1.464285714,0.107142857,0.30952381,0.130952381,0.05952381,7.988095238,0.345238095,0.845238095,0.261904762,0.05952381,0.154761905,0.880952381,0.011904762,0.321428571,0.095238095,0.678571429,0.25,0.916666667,0.619047619,0.047619048,8.619047619,0.083333333,0.05952381,45892,84,0.678422328,0.884210526,0.636363636,1,32.783,12.26679236,9.012070523,32.11347203,673.2619048,587.2142857,0.85,3,787,819,823,0,0,0,0
622708,807,1.058252427,0.194174757,0.533980583,0.145631068,0.058252427,0.029126214,1.388349515,2.378640777,0.038834951,0.398058252,0.087378641,0.038834951,4.572815534,0.300970874,1.174757282,0.32038835,0.048543689,0.019417476,0.524271845,0.009708738,0.398058252,0.310679612,8.844660194,0.233009709,0.689320388,0.59223301,0.097087379,9,0.126213592,0.155339806,45949,103,0.399331093,0.962616822,0.78030303,1,32.973,12.0107184,11.0115081,73.57483432,775.8932039,587.6213592,0.261904762,1,835,0,0,0,0,0,0
622708,808,1.25,0.129032258,0.774193548,0.177419355,0.024193548,0.016129032,1.024193548,2.669354839,0.096774194,0.548387097,0.072580645,0.056451613,5.241935484,0.290322581,0.233870968,0.379032258,0.032258065,0.10483871,0.661290323,0.016129032,0.427419355,0.258064516,1.572580645,0.39516129,0.5,0.548387097,0.112903226,15.47580645,0.112903226,0.169354839,46005,124,0.499922093,0.925373134,0.632653061,1,38.994,13.80678314,11.9576459,-51.45111222,437.9193548,588.8951613,0.352941176,1,795,0,0,0,0,0,0
622708,809,0.693693694,0.135135135,0.513513514,0.189189189,0.045045045,0.036036036,1.18018018,1.522522523,0.072072072,0.324324324,0.036036036,0.045045045,2.504504505,0.189189189,0.081081081,0.243243243,0.045045045,0.036036036,0.333333333,0.027027027,0.297297297,0.108108108,3.036036036,0.225225225,0.405405405,0.558558559,0.108108108,8.045045045,0.063063063,0.072072072,46062,111,0.789513447,0.902439024,0.616666667,1,39.06,15.48537144,9.503887538,26.19051351,480.3873874,589.2252252,0.333333333,1,827,0,0,0,0,0,0
622708,810,1.111940299,0.104477612,0.708955224,0.141791045,0.037313433,0.059701493,1.119402985,2.037313433,0.02238806,0.380597015,0.074626866,0.044776119,3.26119403,0.313432836,0.074626866,0.223880597,0.029850746,0.037313433,0.328358209,0.007462687,0.402985075,0.171641791,3.776119403,0.253731343,0.574626866,0.455223881,0.119402985,7.947761194,0.074626866,0.134328358,46119,134,0.616682482,0.937062937,0.644230769,1,40.218,14.89629927,11.72654538,19.40851542,700.3208955,587.8955224,0,0,0,0,0,0,0,0,0
622708,811,1.196078431,0.098039216,0.441176471,0.088235294,0.058823529,0.078431373,1.166666667,1.901960784,0.019607843,0.382352941,0.049019608,0.068627451,3.18627451,0.215686275,0.029411765,0.225490196,0.049019608,0.039215686,0.303921569,0.049019608,0.37254902,0.196078431,6.264705882,0.18627451,0.480392157,0.794117647,0.137254902,8.117647059,0.049019608,0.088235294,46176,102,0.777632058,0.910714286,0.728571429,1,36.066,14.74385377,9.269750389,10.42955562,727.9607843,588.9509804,0.391304348,1,828,0,0,0,0,0,0
622708,812,1.139784946,0.123655914,0.580645161,0.215053763,0.075268817,0.086021505,1.365591398,2.204301075,0.037634409,0.52688172,0.037634409,0.037634409,3.741935484,0.38172043,0.112903226,0.408602151,0.032258065,0.069892473,0.408602151,0.010752688,0.38172043,0.166666667,2.166666667,0.344086022,0.752688172,0.774193548,0.107526882,13.30645161,0.091397849,0.139784946,46233,186,0.749495095,0.916256158,0.652631579,1,50.895,19.37170883,12.82426296,22.49244478,313.6505376,588.2741935,0,0,0,0,0,0,0,0,0
622708,813,1.085714286,0.123809524,0.523809524,0.20952381,0.028571429,0.085714286,0.857142857,2.095238095,0.066666667,0.533333333,0.057142857,0.057142857,7.114285714,0.285714286,0.066666667,0.333333333,0.123809524,0.076190476,0.228571429,0,0.380952381,0.2,2.80952381,0.295238095,0.485714286,0.552380952,0.171428571,10.95238095,0.085714286,0.114285714,46290,105,0.743471716,0.9375,0.7,1,35.876,14.34749109,9.595134021,11.55362049,81.47619048,588.7904762,0.555555556,3,794,829,833,0,0,0,0
622708,814,1.155172414,0.310344828,1,0.24137931,0.068965517,0,1.620689655,2.137931034,0.051724138,0.655172414,0.120689655,0.034482759,5.120689655,0.517241379,2.896551724,0.465517241,0.137931034,0.051724138,1.965517241,0,0.5,0.396551724,13.62068966,0.275862069,1.74137931,0.965517241,0.034482759,11.9137931,0.034482759,0.172413793,46347,58,0.867143741,0.816901408,0.537037037,1,29.69,12.71010351,6.330368239,18.67993083,125.8448276,591.1551724,0.942857143,2,801,830,0,0,0,0,0
622708,815,0.778761062,0.17699115,0.486725664,0.212389381,0.026548673,0.053097345,1.380530973,1.424778761,0.026548673,0.265486726,0.088495575,0,6.274336283,0.238938053,0.10619469,0.212389381,0.008849558,0.053097345,0.371681416,0.017699115,0.433628319,0.097345133,0.495575221,0.407079646,0.389380531,0.575221239,0.061946903,12.55752212,0.061946903,0.10619469,46404,113,0.611057802,0.911290323,0.672619048,1,37.1,13.74808082,10.88278802,-22.62228473,14.19469027,589.9557522,0.446808511,2,796,820,0,0,0,0,0
622708,816,0.636363636,0.103896104,0.688311688,0.155844156,0.064935065,0.038961039,0.766233766,1.233766234,0.064935065,0.324675325,0.12987013,0.051948052,2.324675325,0.337662338,0.155844156,0.181818182,0.038961039,0.051948052,0.61038961,0.025974026,0.298701299,0.12987013,1.714285714,0.311688312,0.441558442,0.74025974,0.12987013,11.18181818,0.090909091,0.090909091,46461,77,0.73817675,0.950617284,0.712962963,1,29.963,12.1886766,8.222570901,-29.54923973,226.0519481,590.7142857,0.972972973,3,798,821,826,0,0,0,0
622708,817,0.720588235,0.044117647,0.588235294,0.235294118,0.044117647,0.029411765,1.117647059,1.558823529,0.029411765,0.279411765,0.014705882,0.029411765,3.264705882,0.191176471,0.705882353,0.235294118,0,0,0.441176471,0,0.558823529,0.176470588,4.705882353,0.25,0.367647059,0.426470588,0.117647059,8,0.029411765,0.132352941,46518,68,0.873333621,0.883116883,0.607142857,1,31.377,13.69797514,6.672592699,11.28941901,574.4117647,592.4558824,0.675675676,2,805,834,0,0,0,0,0
622708,818,0.885714286,0.142857143,0.757142857,0.214285714,0.042857143,0.1,0.857142857,1.985714286,0.057142857,0.5,0.085714286,0.071428571,2.928571429,0.242857143,1.185714286,0.228571429,0.014285714,0.1,0.957142857,0.028571429,0.371428571,0.114285714,0.442857143,0.371428571,0.514285714,0.671428571,0.142857143,14.42857143,0.057142857,0.128571429,46575,70,0.620815325,0.897435897,0.7,1,29.326,10.82758117,8.488356352,-59.11406168,34.51428571,593.4142857,0.472222222,1,820,0,0,0,0,0,0
622708,819,0.584745763,0.177966102,0.525423729,0.203389831,0.059322034,0.110169492,0.855932203,1.813559322,0.033898305,0.474576271,0.144067797,0.059322034,2.338983051,0.228813559,3.923728814,0.355932203,0.06779661,0.13559322,1.898305085,0.016949153,0.466101695,0.186440678,4.533898305,0.237288136,0.669491525,0.847457627,0.110169492,11.97457627,0.101694915,0.144067797,46632,118,0.429746416,0.944,0.648351648,1,37.679,13.11208747,11.83955441,23.30798738,663.5169492,592.2966102,0.38,2,806,823,0,0,0,0,0
622708,820,1.013157895,0.118421053,0.723684211,0.25,0.052631579,0.065789474,1.092105263,2.223684211,0.026315789,0.592105263,0.039473684,0.065789474,3.210526316,0.328947368,0.092105263,0.407894737,0.092105263,0.144736842,0.315789474,0.039473684,0.460526316,0.171052632,0.513157895,0.263157895,0.552631579,0.671052632,0.157894737,15.03947368,0.105263158,0.236842105,46689,76,0.680305205,0.938271605,0.690909091,1,29.88,11.72240084,8.5916868,-70.87120698,27.26315789,594.9736842,0.540540541,2,815,818,0,0,0,0,0
622708,821,0.693333333,0.093333333,0.933333333,0.12,0.026666667,0.066666667,0.64,1.786666667,0.04,0.24,0.08,0.013333333,2.36,0.266666667,0.12,0.266666667,0.053333333,0.066666667,0.386666667,0.026666667,0.266666667,0.186666667,1.786666667,0.24,0.52,0.64,0.08,9.586666667,0.093333333,0.146666667,46746,75,0.617520218,0.949367089,0.619834711,1,29.442,11.2714911,8.865647776,47.10776024,217.8133333,594.84,0.65,3,802,816,826,0,0,0,0
622708,822,1.633027523,0.137614679,0.623853211,0.073394495,0.018348624,0.128440367,0.963302752,2.431192661,0.036697248,0.47706422,0.036697248,0.055045872,15.41284404,0.311926606,0.165137615,0.449541284,0.055045872,0.055045872,0.385321101,0.009174312,0.440366972,0.201834862,1.559633028,0.247706422,0.724770642,0.623853211,0.100917431,12.56880734,0.119266055,0.256880734,46803,109,0.571190199,0.947826087,0.707792208,1,35.049,13.10918911,10.76025493,-7.50311797,266.4678899,594.1284404,0,0,0,0,0,0,0,0,0
622708,823,0.6,0.08,0.76,0.25,0.09,0.08,1.13,1.28,0.04,0.31,0.07,0.01,3.26,0.29,1.21,0.17,0.04,0.09,1.05,0.04,0.39,0.16,0.72,0.25,0.59,0.61,0.09,13.41,0.07,0.08,46860,100,0.649020693,0.961538462,0.714285714,1,33.635,13.02752331,9.910958735,4.378248324,676.39,595.59,0.604651163,3,806,819,842,0,0,0,0
622708,824,1.42,0.18,0.45,0.18,0.03,0.05,1.44,2.74,0.05,0.83,0.07,0.1,4.68,0.35,0.11,0.38,0.05,0.13,0.3,0.01,0.69,0.27,0.62,0.38,0.82,0.79,0.11,12.53,0.1,0.2,46916,100,0.352980554,0.961538462,0.757575758,1,32.973,11.76065956,11.00363364,-12.90663432,555.45,595.39,0,0,0,0,0,0,0,0,0
622708,825,0.422680412,0.134020619,1.030927835,0.268041237,0.010309278,0.051546392,0.917525773,1.443298969,0.030927835,0.288659794,0.051546392,0.041237113,1.845360825,0.278350515,0.051546392,0.226804124,0.020618557,0.030927835,0.381443299,0.020618557,0.298969072,0.195876289,1.072164948,0.164948454,0.381443299,0.649484536,0.072164948,11.16494845,0.144329897,0.082474227,46973,97,0.628862646,0.923809524,0.621794872,1,35.14,13.00365532,10.11055544,47.20806887,171.0515464,596.0206186,0.511111111,2,836,838,0,0,0,0,0
622708,826,0.981818182,0.145454545,0.472727273,0.163636364,0.036363636,0.090909091,0.709090909,1.763636364,0.036363636,0.2,0.018181818,0.054545455,3.763636364,0.254545455,0.109090909,0.6,0,0.072727273,0.381818182,0,0.381818182,0.181818182,2.109090909,0.381818182,0.472727273,0.672727273,0.054545455,8.854545455,0.054545455,0.163636364,47030,55,0.84073122,0.901639344,0.572916667,1,27.176,11.59675083,6.279091939,22.52705182,224.3090909,598.2727273,0.696969697,2,816,821,0,0,0,0,0
622708,827,0.833333333,0.083333333,0.569444444,0.152777778,0.027777778,0.041666667,1.041666667,1.930555556,0.027777778,0.375,0.027777778,0.013888889,3.5,0.222222222,0.361111111,0.263888889,0.041666667,0.069444444,0.666666667,0.013888889,0.416666667,0.194444444,1.722222222,0.277777778,0.375,0.555555556,0.041666667,10.55555556,0.041666667,0.125,47087,72,0.675426825,0.935064935,0.75,1,28.747,11.25129796,8.297011084,1.433649216,483.75,596.5277778,0.771428571,2,809,840,0,0,0,0,0
622708,828,0.759493671,0.215189873,0.734177215,0.164556962,0.025316456,0.050632911,0.886075949,1.810126582,0.037974684,0.367088608,0.050632911,0.063291139,3.620253165,0.291139241,0.113924051,0.316455696,0.050632911,0.037974684,0.35443038,0,0.341772152,0.189873418,6.544303797,0.240506329,0.594936709,0.721518987,0.139240506,8.53164557,0.050632911,0.113924051,47144,79,0.783068244,0.951807229,0.759615385,1,30.434,12.83710018,7.983852021,4.824122973,726.9240506,596.5316456,0.657894737,2,811,839,0,0,0,0,0
622708,829,1.025210084,0.168067227,0.546218487,0.260504202,0.067226891,0.117647059,0.949579832,1.705882353,0.033613445,0.596638655,0.117647059,0.016806723,5.638655462,0.336134454,0.235294118,0.235294118,0.050420168,0.084033613,0.336134454,0.008403361,0.521008403,0.235294118,0.764705882,0.218487395,0.344537815,0.655462185,0.142857143,13.40336134,0.067226891,0.134453782,47201,119,0.601577645,0.959677419,0.762820513,1,37.629,13.9308188,11.12813771,37.97427734,76.05042017,598.2268908,0.565217391,2,813,833,0,0,0,0,0
622708,830,1.507462687,0.089552239,0.597014925,0.223880597,0.014925373,0.074626866,1.194029851,2.611940299,0.044776119,0.567164179,0.074626866,0.029850746,4.656716418,0.388059701,1.701492537,0.298507463,0.029850746,0.119402985,1.686567164,0.059701493,0.343283582,0.119402985,1.597014925,0.298507463,0.835820896,0.686567164,0.059701493,11.40298507,0.119402985,0.223880597,47258,67,0.805258952,0.943661972,0.797619048,1,28.747,12.33997784,7.316660173,-1.904148346,127.2835821,597.119403,0.944444444,2,814,837,0,0,0,0,0
622708,831,1.114285714,0.142857143,0.519047619,0.152380952,0.042857143,0.066666667,2.976190476,2.076190476,0.080952381,0.628571429,0.033333333,0.033333333,9.547619048,0.314285714,0.10952381,0.347619048,0.133333333,0.057142857,0.371428571,0.014285714,0.466666667,0.147619048,1.152380952,0.333333333,1.128571429,0.79047619,0.123809524,14.42380952,0.09047619,0.219047619,47315,210,0.788163566,0.950226244,0.666666667,1,51.912,21.09409958,12.9826976,23.26795983,343.7761905,597.2857143,0,0,0,0,0,0,0,0,0
622708,832,0.75,0.175,0.433333333,0.116666667,0.033333333,0.025,1.133333333,1.708333333,0.033333333,0.316666667,0.033333333,0.041666667,2.758333333,0.25,3.008333333,0.383333333,0.075,0.108333333,1.258333333,0.025,0.425,0.275,5.308333333,0.333333333,1.775,0.591666667,0.141666667,13.36666667,0.075,0.091666667,47372,120,0.351814737,0.94488189,0.710059172,1,36.827,12.9247536,12.09846959,-10.34721331,794.3666667,596.4,0,0,0,0,0,0,0,0,0
622708,833,1.040322581,0.161290323,0.60483871,0.185483871,0.024193548,0.032258065,0.959677419,2.153225806,0.048387097,0.467741935,0.032258065,0.008064516,5.89516129,0.387096774,0.048387097,0.35483871,0.016129032,0.048387097,0.338709677,0.016129032,0.524193548,0.258064516,3.790322581,0.362903226,0.701612903,0.790322581,0.137096774,16.4516129,0.14516129,0.185483871,47429,124,0.718762071,0.925373134,0.632653061,1,39.449,15.29730682,10.63554634,57.87911988,86.37903226,599.5725806,0.44,2,813,829,0,0,0,0,0
622708,834,0.757009346,0.168224299,0.869158879,0.186915888,0,0.056074766,0.906542056,2.065420561,0.065420561,0.373831776,0.074766355,0.028037383,4.336448598,0.299065421,0.130841121,0.355140187,0.093457944,0.074766355,0.214953271,0.009345794,0.448598131,0.299065421,12.13084112,0.280373832,0.598130841,0.598130841,0.093457944,9.271028037,0.112149533,0.205607477,47486,107,0.438264397,0.938596491,0.685897436,1,35.33,12.44882313,11.18957616,-88.96683079,584.4485981,597.9252336,0.422222222,2,817,845,0,0,0,0,0
622708,835,0.572815534,0.145631068,0.815533981,0.097087379,0.019417476,0.058252427,0.40776699,1.281553398,0.048543689,0.106796117,0.077669903,0.038834951,2.252427184,0.233009709,0.029126214,0.174757282,0.029126214,0.058252427,0.281553398,0.019417476,0.155339806,0.155339806,5.737864078,0.184466019,0.446601942,0.291262136,0.058252427,6.932038835,0.038834951,0.097087379,47543,103,0.37652015,0.944954128,0.66025641,1,34.404,12.03964445,11.1536281,8.658951236,769.4563107,597.2912621,0.266666667,1,807,0,0,0,0,0,0
622708,836,0.666666667,0.101851852,1.166666667,0.101851852,0.018518519,0.101851852,0.925925926,1.694444444,0.009259259,0.351851852,0.055555556,0.009259259,2.462962963,0.342592593,0.064814815,0.231481481,0.092592593,0.046296296,0.490740741,0.009259259,0.37037037,0.157407407,1.212962963,0.194444444,0.259259259,0.722222222,0.055555556,12.96296296,0.027777778,0.12037037,47600,108,0.505892809,0.931034483,0.692307692,1,35.603,12.83844168,11.07439295,12.61087517,177.6666667,602.4259259,0.52173913,2,825,838,0,0,0,0,0
622708,837,1.044776119,0.164179104,0.611940299,0.194029851,0,0.059701493,1.134328358,2.611940299,0.074626866,0.402985075,0.074626866,0.029850746,3.552238806,0.328358209,0.119402985,0.328358209,0.074626866,0.074626866,0.28358209,0.014925373,0.52238806,0.298507463,1,0.313432836,0.432835821,0.955223881,0.089552239,12.56716418,0.104477612,0.119402985,47657,67,0.591774706,0.943661972,0.676767677,1,27.275,10.51094494,8.472908493,9.115655737,127.9850746,603.6567164,0.527777778,1,830,0,0,0,0,0,0
622708,838,0.743902439,0.158536585,0.743902439,0.195121951,0.012195122,0.024390244,0.841463415,1.573170732,0.024390244,0.463414634,0.085365854,0.06097561,3.792682927,0.182926829,0.695121951,0.243902439,0.024390244,0.06097561,0.524390244,0,0.365853659,0.219512195,1.365853659,0.219512195,0.573170732,0.43902439,0.06097561,12.52439024,0.085365854,0.158536585,47714,82,0.395973402,0.964705882,0.67768595,1,29.996,10.7650101,9.885099497,57.54085717,167.1219512,606.8170732,0.41025641,2,825,836,0,0,0,0,0
622708,839,0.659574468,0.14893617,0.730496454,0.134751773,0.042553191,0.070921986,0.794326241,2.007092199,0.042553191,0.985815603,0.063829787,0.042553191,2.609929078,0.453900709,0.078014184,0.262411348,0.042553191,0.056737589,0.283687943,0.014184397,0.354609929,0.212765957,2.120567376,0.283687943,0.397163121,0.510638298,0.127659574,9.730496454,0.063829787,0.163120567,47771,141,0.658158417,0.959183673,0.734375,1,40.011,15.523499,11.68732371,1.447305916,716.2624113,604.8439716,0.153846154,2,828,854,0,0,0,0,0
622708,840,1.938461538,0.261538462,0.607692308,0.284615385,0.030769231,0.092307692,3.023076923,3.238461538,0.092307692,0.569230769,0.053846154,0.030769231,5.215384615,0.453846154,1.146153846,0.461538462,0.038461538,0.123076923,0.769230769,0.023076923,0.569230769,0.369230769,4.692307692,0.346153846,1.892307692,0.738461538,0.092307692,13.99230769,0.153846154,0.130769231,47827,130,0.552363834,0.955882353,0.773809524,1,39.217,14.25275705,11.88114302,-5.090660003,481.6461538,606.3153846,0.638297872,2,827,856,0,0,0,0,0
622708,841,0.833333333,0.166666667,0.294871795,0.205128205,0.038461538,0.076923077,1.641025641,1.743589744,0.102564103,0.41025641,0.038461538,0.012820513,7.41025641,0.269230769,0.153846154,0.205128205,0.051282051,0.141025641,0.243589744,0.012820513,0.679487179,0.115384615,0.628205128,0.230769231,0.58974359,0.487179487,0.064102564,10.41025641,0.08974359,0.08974359,47884,78,0.637345032,0.917647059,0.644628099,1,30.087,11.56319742,8.910351965,-52.4292525,599.0128205,605.0384615,0.461538462,1,845,0,0,0,0,0,0
622708,842,0.976470588,0.129411765,0.470588235,0.270588235,0.011764706,0.070588235,1.694117647,1.929411765,0.047058824,0.458823529,0.035294118,0.082352941,6.952941176,0.282352941,0.070588235,0.317647059,0.035294118,0.058823529,0.470588235,0.011764706,0.447058824,0.082352941,0.6,0.282352941,0.988235294,0.764705882,0.164705882,13.63529412,0.105882353,0.129411765,47941,85,0.516075996,0.934065934,0.772727273,1,30.525,11.35497311,9.726020449,25.00354321,672.7647059,606.3058824,0.631578947,2,823,852,0,0,0,0,0
622708,843,0.686868687,0.121212121,0.595959596,0.151515152,0.04040404,0.04040404,1.494949495,2.161616162,0.01010101,0.313131313,0.04040404,0.04040404,3.02020202,0.343434343,0.141414141,0.303030303,0.070707071,0.080808081,0.535353535,0.02020202,0.484848485,0.181818182,7.848484848,0.282828283,0.939393939,0.727272727,0.111111111,11.88888889,0.151515152,0.181818182,47998,99,0.406148532,0.942857143,0.634615385,1,34.859,12.05717588,11.01793262,-81.71762457,528.979798,607.5757576,0.466666667,3,844,850,866,0,0,0,0
622708,844,0.842105263,0.144736842,0.460526316,0.171052632,0.013157895,0.078947368,1.684210526,2.078947368,0.026315789,0.486842105,0.052631579,0.039473684,3.5,0.460526316,2.236842105,0.315789474,0.026315789,0.118421053,1.855263158,0.026315789,0.407894737,0.25,1.118421053,0.289473684,0.776315789,0.776315789,0.092105263,13.48684211,0.144736842,0.131578947,48055,76,0.547473443,0.926829268,0.633333333,1,30.079,10.93106506,9.147367284,-71.57967559,539.1578947,608.75,0.684210526,3,843,850,862,0,0,0,0
622708,845,0.865030675,0.159509202,0.306748466,0.098159509,0.006134969,0.085889571,1.153374233,1.766871166,0.042944785,0.27607362,0.049079755,0.024539877,9.81595092,0.27607362,0.110429448,0.226993865,0.085889571,0.042944785,0.159509202,0,0.45398773,0.171779141,0.435582822,0.306748466,0.429447853,0.429447853,0.049079755,6.705521472,0.061349693,0.079754601,48112,163,0.689440803,0.926136364,0.639215686,1,45.726,17.32498311,12.54921347,-60.15633252,591.5153374,610.4478528,0.483333333,2,834,841,0,0,0,0,0
622708,846,0.903614458,0.13253012,0.469879518,0.180722892,0,0.120481928,1.325301205,1.530120482,0.048192771,0.385542169,0.024096386,0.012048193,6.156626506,0.240963855,0.108433735,0.265060241,0.072289157,0.048192771,0.289156627,0,0.481927711,0.072289157,0.493975904,0.228915663,0.457831325,0.65060241,0.084337349,10.85542169,0.13253012,0.072289157,48169,83,0.655627627,0.943181818,0.691666667,1,30.641,12.00154976,9.062182714,27.12347499,752.7951807,608.686747,0.525,1,855,0,0,0,0,0,0
622708,847,0.887096774,0.185483871,0.870967742,0.153225806,0.008064516,0.032258065,1.225806452,1.830645161,0.040322581,0.362903226,0.064516129,0.008064516,2.491935484,0.362903226,0.483870968,0.25,0.10483871,0.040322581,0.5,0.032258065,0.379032258,0.233870968,2.459677419,0.225806452,0.459677419,0.60483871,0.129032258,10.16935484,0.088709677,0.177419355,48226,124,0.611692499,0.946564885,0.738095238,1,37.563,14.20890635,11.24060365,67.32811026,50.96774194,612.1935484,0.127659574,1,857,0,0,0,0,0,0
622708,848,0.75147929,0.094674556,0.408284024,0.094674556,0.01183432,0.047337278,1.236686391,1.556213018,0.071005917,0.378698225,0.041420118,0.053254438,4.195266272,0.183431953,0.059171598,0.284023669,0.053254438,0.029585799,0.24852071,0.017751479,0.360946746,0.189349112,0.520710059,0.24260355,0.798816568,0.674556213,0.041420118,11.33136095,0.047337278,0.100591716,48283,169,0.565054749,0.85786802,0.621323529,1,49.646,16.62370779,13.71544681,75.51813609,560.9289941,612.1952663,0.295081967,1,849,0,0,0,0,0,0
622708,849,0.507692308,0.015384615,0.476923077,0.092307692,0.030769231,0,1.4,1.169230769,0.061538462,0.830769231,0.015384615,0.030769231,3.184615385,0.276923077,0.092307692,0.153846154,0,0.061538462,0.246153846,0.030769231,0.461538462,0.123076923,0.446153846,0.215384615,0.753846154,0.615384615,0.061538462,11.10769231,0.046153846,0.076923077,48340,65,0.637719345,1,0.722222222,1,26.134,10.48212366,8.074052896,56.69429692,551.4615385,611.4769231,0.823529412,2,848,862,0,0,0,0,0
622708,850,0.75,0.229166667,0.6875,0.166666667,0,0.083333333,0.75,1.833333333,0.020833333,0.354166667,0.104166667,0.020833333,4.25,0.125,1.3125,0.270833333,0.0625,0.083333333,1.166666667,0,0.458333333,0.145833333,0.458333333,0.333333333,0.458333333,0.479166667,0.104166667,10.64583333,0.104166667,0.125,48397,48,0.74629413,0.941176471,0.545454545,1,25.481,10.21688707,6.800526668,-7.830745239,534.2083333,614.1458333,1,4,843,844,862,866,0,0,0
622708,851,0.852631579,0.115789474,0.757894737,0.852631579,0.073684211,0.021052632,2.021052632,2.084210526,0.042105263,0.536842105,0.084210526,0.031578947,6.526315789,0.368421053,0.136842105,0.389473684,0.063157895,0.073684211,0.284210526,0.021052632,0.557894737,0.315789474,1.484210526,0.284210526,0.421052632,0.863157895,0.105263158,20.55789474,0.105263158,0.126315789,48454,95,0.480297818,0.95,0.659722222,1,32.535,11.84661701,10.39073259,-58.25305968,436.6210526,612.6947368,0,0,0,0,0,0,0,0,0
622708,852,0.360824742,0.164948454,0.731958763,0.18556701,0.010309278,0.072164948,0.948453608,1.628865979,0.041237113,0.505154639,0.051546392,0.041237113,1.422680412,0.340206186,3.371134021,0.298969072,0.072164948,0.113402062,2.659793814,0.051546392,0.268041237,0.195876289,4.463917526,0.329896907,0.886597938,0.690721649,0.113402062,15.64948454,0.072164948,0.092783505,48511,97,0.843302776,0.889908257,0.538888889,1,37.952,15.68237483,8.428316199,31.26379244,675.5979381,614.0927835,0.833333333,3,842,859,876,0,0,0,0
622708,853,0.801980198,0.133663366,0.915841584,0.123762376,0.069306931,0.054455446,1.084158416,1.717821782,0.01980198,0.247524752,0.064356436,0.034653465,3.262376238,0.237623762,0.074257426,0.193069307,0.034653465,0.04950495,0.420792079,0.014851485,0.336633663,0.153465347,2.242574257,0.306930693,0.584158416,0.801980198,0.079207921,12.14851485,0.089108911,0.084158416,48568,202,0.758852448,0.918181818,0.70877193,1,51.986,20.26597836,13.19847359,70.02081522,140.0693069,617.5594059,0.378787879,3,864,875,878,0,0,0,0
622708,854,1.345238095,0.119047619,0.845238095,0.095238095,0.083333333,0.083333333,0.880952381,2.428571429,0.083333333,0.428571429,0.154761905,0.023809524,5.392857143,0.488095238,0.047619048,0.416666667,0.023809524,0.119047619,0.333333333,0.011904762,0.464285714,0.285714286,8.011904762,0.357142857,0.714285714,0.642857143,0.142857143,13.36904762,0.119047619,0.166666667,48625,84,0.564320515,0.933333333,0.7,1,30.641,11.55607067,9.540181012,-12.257627,706.6071429,615.4642857,0.425,2,839,865,0,0,0,0,0
622708,855,1.170212766,0.156028369,0.524822695,0.141843972,0.021276596,0.106382979,2.078014184,1.815602837,0.070921986,0.354609929,0.04964539,0.04964539,5.879432624,0.34751773,0.106382979,0.304964539,0.070921986,0.035460993,0.397163121,0.021276596,0.368794326,0.241134752,0.624113475,0.184397163,0.765957447,0.780141844,0.085106383,12.0070922,0.035460993,0.127659574,48682,141,0.69460927,0.875776398,0.629464286,1,44.593,16.47780641,11.85392322,-3.901130573,753.3404255,617.3049645,0.75,4,846,860,870,882,0,0,0
622708,856,2.44198895,0.149171271,0.375690608,0.226519337,0.044198895,0.08839779,2.845303867,2.303867403,0.044198895,0.61878453,0.044198895,0.093922652,6.46961326,0.408839779,0.480662983,0.430939227,0.049723757,0.093922652,0.729281768,0.011049724,0.53038674,0.243093923,0.596685083,0.215469613,2.127071823,0.607734807,0.143646409,8.53038674,0.110497238,0.171270718,48738,181,0.582139596,0.942708333,0.718253968,1,48.86,17.18675749,13.97436103,-11.50969737,483.3535912,617.5248619,0.644067797,2,840,872,0,0,0,0,0
622708,857,0.558823529,0.18627451,1.215686275,0.088235294,0.009803922,0.078431373,0.421568627,1.470588235,0,0.441176471,0.058823529,0.068627451,1.62745098,0.156862745,0.196078431,0.274509804,0.009803922,0.068627451,0.441176471,0.019607843,0.31372549,0.215686275,6.274509804,0.18627451,0.284313725,0.598039216,0.078431373,8.107843137,0.029411765,0.107843137,48795,102,0.53650595,0.935779817,0.713286713,1,34.379,12.49769068,10.54675789,4.46308232,37.84313725,618.2352941,0.261904762,2,847,881,0,0,0,0,0
622708,858,0.919354839,0.080645161,0.25,0.129032258,0.016129032,0.056451613,1.846774194,1,0.048387097,0.282258065,0.056451613,0.032258065,2.475806452,0.209677419,0.096774194,0.225806452,0.032258065,0.064516129,0.258064516,0.016129032,0.403225806,0.241935484,4.758064516,0.14516129,1.846774194,0.524193548,0.080645161,7.241935484,0.072580645,0.185483871,48852,124,0.511275293,0.932330827,0.681318681,1,37.869,13.71455474,11.78652145,-24.71572786,291.7580645,619.0241935,0,0,0,0,0,0,0,0,0
622708,859,0.597402597,0.103896104,0.701298701,0.142857143,0.051948052,0.025974026,0.753246753,1.636363636,0.025974026,0.519480519,0.038961039,0.103896104,2.155844156,0.220779221,3.519480519,0.194805195,0.051948052,0.064935065,2.363636364,0,0.350649351,0.220779221,7.350649351,0.168831169,1.155844156,0.74025974,0.090909091,14.58441558,0.064935065,0.142857143,48909,77,0.865501299,0.855555556,0.592307692,1,33.246,14.46327958,7.244753338,30.09537155,681.2077922,617.9480519,0.904761905,3,852,869,876,0,0,0,0
622708,860,0.965277778,0.131944444,0.666666667,0.152777778,0.027777778,0.097222222,1.493055556,2.395833333,0.069444444,0.555555556,0.076388889,0.020833333,4.298611111,0.375,2.451388889,0.319444444,0.104166667,0.069444444,1.5625,0.034722222,0.486111111,0.215277778,4.715277778,0.291666667,1.159722222,0.784722222,0.166666667,11.36111111,0.055555556,0.208333333,48966,144,0.477052373,0.947368421,0.64,1,41.897,14.69140635,12.91190782,-39.45773641,737.4930556,617.9166667,0.472727273,3,855,870,877,0,0,0,0
622708,861,0.792682927,0.207317073,0.792682927,0.243902439,0.024390244,0.048780488,1.12195122,1.829268293,0.085365854,0.37804878,0.073170732,0,1.62195122,0.292682927,3.036585366,0.304878049,0.048780488,0.158536585,2.926829268,0.012195122,0.487804878,0.134146341,1.280487805,0.195121951,1.146341463,0.743902439,0.146341463,16,0.12195122,0.219512195,49023,82,0.886020857,0.931818182,0.780952381,1,34.172,15.39225085,7.136546043,2.854749523,171.3658537,618.2804878,0.547619048,1,867,0,0,0,0,0,0
622708,862,0.743801653,0.148760331,0.553719008,0.190082645,0.033057851,0.016528926,1.082644628,1.628099174,0.066115702,0.355371901,0.033057851,0.033057851,3.578512397,0.256198347,0.553719008,0.280991736,0.033057851,0.041322314,0.603305785,0,0.371900826,0.165289256,0.892561983,0.272727273,0.685950413,0.619834711,0.107438017,11.21487603,0.082644628,0.132231405,49080,121,0.656781867,0.952755906,0.664835165,1,37.952,14.46625677,10.90872386,57.78370977,543.1322314,619.6198347,0.68,4,844,849,850,866,0,0,0
622708,863,1.103896104,0.116883117,0.675324675,0.155844156,0,0.103896104,1.350649351,2.285714286,0.025974026,0.558441558,0.12987013,0.051948052,7.662337662,0.441558442,0.077922078,0.324675325,0.025974026,0.064935065,0.376623377,0.025974026,0.727272727,0.194805195,1.064935065,0.272727273,0.558441558,0.636363636,0.155844156,10.83116883,0.12987013,0.090909091,49137,77,0.546310861,0.93902439,0.77,1,29.392,10.99713122,9.211004656,-51.38846216,614.3506494,618.974026,0.527777778,2,868,873,0,0,0,0,0
622708,864,1.568965517,0.189655172,0.931034483,0.344827586,0.034482759,0.103448276,1.310344828,2.655172414,0.051724138,0.551724138,0.068965517,0.051724138,7.034482759,0.379310345,0.862068966,0.327586207,0.103448276,0.120689655,0.827586207,0,0.310344828,0.137931034,0.948275862,0.620689655,0.793103448,1.137931034,0.155172414,14.98275862,0.137931034,0.120689655,49194,58,0.74074532,0.920634921,0.659090909,1,27.06,10.87043017,7.302602324,11.56728645,148.5862069,621.0344828,0.90625,3,853,875,878,0,0,0,0
622708,865,0.7125,0.15,0.525,0.2125,0,0.0625,0.9375,2.075,0.0625,0.525,0.0625,0.025,3.8375,0.225,0.0875,0.225,0.0375,0.0375,0.275,0.025,0.475,0.1,0.6875,0.3375,0.6,0.625,0.1,12.55,0.0875,0.1625,49251,80,0.663681886,0.879120879,0.606060606,1,32.32,11.96775865,8.952062304,-80.88304409,699.025,619.825,0.8,2,854,869,0,0,0,0,0
622708,866,1.147826087,0.130434783,0.8,0.2,0.043478261,0.034782609,1.982608696,2.434782609,0.060869565,0.452173913,0.052173913,0.017391304,4.965217391,0.417391304,0.617391304,0.356521739,0.026086957,0.12173913,0.72173913,0,0.486956522,0.095652174,1.417391304,0.330434783,1.069565217,0.930434783,0.095652174,12.9826087,0.139130435,0.2,49308,115,0.449929576,0.966386555,0.804195804,1,35.578,12.88847602,11.51023445,-4.220432584,531.1304348,622.0173913,0.477272727,3,843,850,862,0,0,0,0
622708,867,1.056818182,0.170454545,0.761363636,0.25,0.011363636,0.056818182,1.113636364,2.227272727,0.056818182,0.375,0.022727273,0.034090909,3.284090909,0.227272727,2.454545455,0.306818182,0.056818182,0.181818182,1.431818182,0,0.5,0.193181818,1.045454545,0.340909091,0.545454545,0.840909091,0.090909091,13.36363636,0.079545455,0.193181818,49365,88,0.906970196,0.916666667,0.785714286,1,36.223,16.66072192,7.017409531,-2.034017204,170.3409091,624.1818182,0.545454545,1,861,0,0,0,0,0,0
622708,868,0.952380952,0.174603175,0.428571429,0.206349206,0.015873016,0.015873016,1.253968254,2.80952381,0.126984127,0.46031746,0.047619048,0.047619048,5.714285714,0.396825397,0.476190476,0.349206349,0.063492063,0.063492063,0.555555556,0,0.603174603,0.301587302,0.904761905,0.396825397,0.80952381,1.19047619,0.095238095,11.68253968,0.063492063,0.26984127,49422,63,0.693765215,0.926470588,0.636363636,1,28.102,10.80512493,7.78186438,65.16645258,606.8888889,623.2380952,0.588235294,2,863,873,0,0,0,0,0
622708,869,0.824427481,0.145038168,0.557251908,0.190839695,0.030534351,0.053435115,1.061068702,1.854961832,0.030534351,0.358778626,0.015267176,0.007633588,2.572519084,0.34351145,0.282442748,0.328244275,0.038167939,0.122137405,0.641221374,0.007633588,0.389312977,0.198473282,0.503816794,0.358778626,0.748091603,0.572519084,0.099236641,11.75572519,0.145038168,0.190839695,49479,131,0.706903867,0.922535211,0.682291667,1,41.111,15.77322345,11.15655296,4.540437472,689.0992366,623.7175573,0.607843137,3,859,865,876,0,0,0,0
622708,870,1.1,0.266666667,0.8,0.166666667,0,0.1,1.816666667,2.433333333,0.1,0.716666667,0.133333333,0.033333333,3.583333333,0.366666667,0.066666667,0.35,0.066666667,0.016666667,0.266666667,0.016666667,0.366666667,0.1,1.066666667,0.3,0.65,0.866666667,0.15,14,0.083333333,0.216666667,49536,60,0.59910826,0.983606557,0.75,1,25.001,9.864198482,7.89794836,-13.83036926,746.6,623.6,1,4,855,860,877,882,0,0,0
622708,871,0.863309353,0.172661871,0.776978417,0.287769784,0.021582734,0.100719424,1.323741007,2.028776978,0.043165468,0.395683453,0.057553957,0.028776978,3.208633094,0.316546763,0.302158273,0.35971223,0.050359712,0.122302158,0.755395683,0.021582734,0.402877698,0.194244604,1.179856115,0.230215827,1.230215827,0.81294964,0.09352518,13.89928058,0.071942446,0.107913669,49593,139,0.556219434,0.952054795,0.712820513,1,40.375,14.70716429,12.22217509,-13.00538763,206.2230216,624.7266187,0.333333333,1,888,0,0,0,0,0,0
622708,872,0.588235294,0.107843137,0.225490196,0.039215686,0.009803922,0.009803922,3.529411765,1.31372549,0.078431373,0.284313725,0.058823529,0.058823529,2.31372549,0.392156863,0.18627451,0.196078431,0.029411765,0.058823529,0.362745098,0.049019608,0.392156863,0.049019608,0.852941176,0.235294118,2.725490196,0.392156863,0.049019608,5.960784314,0.058823529,0.107843137,49649,102,0.628139911,0.886956522,0.603550296,1,37.489,13.34188379,10.38132528,46.91150214,489.8431373,626.5392157,0.744680851,2,856,889,0,0,0,0,0
622708,873,0.964285714,0.107142857,0.785714286,0.071428571,0.053571429,0.035714286,0.982142857,1.357142857,0.053571429,0.357142857,0.071428571,0.017857143,6.75,0.285714286,0.053571429,0.482142857,0.017857143,0,0.410714286,0.035714286,0.303571429,0.196428571,4.696428571,0.232142857,0.5,0.803571429,0.142857143,9.678571429,0.071428571,0.142857143,49706,56,0.791146787,0.933333333,0.727272727,1,25.563,10.91236491,6.674289654,21.38484457,613.2142857,626.9642857,0.677419355,2,863,868,0,0,0,0,0
622708,874,0.914285714,0.1,0.6,0.157142857,0.114285714,0.014285714,1.6,2.757142857,0.085714286,0.671428571,0.014285714,0.1,4.728571429,0.514285714,0.057142857,0.5,0.057142857,0.028571429,0.5,0,0.557142857,0.328571429,1.057142857,0.214285714,1.314285714,0.8,0.085714286,16.15714286,0.085714286,0.157142857,49763,70,0.758407755,0.985915493,0.707070707,1,28.284,11.86616174,7.734131536,-59.43575835,793.5142857,626.8571429,0,0,0,0,0,0,0,0,0
622708,875,0.903225806,0.096774194,1.016129032,0.177419355,0.032258065,0.080645161,0.64516129,1.935483871,0,0.483870968,0.064516129,0.048387097,3.080645161,0.258064516,0.016129032,0.241935484,0.064516129,0.064516129,0.370967742,0,0.403225806,0.096774194,1.580645161,0.387096774,0.532258065,0.548387097,0.048387097,13.85483871,0.064516129,0.14516129,49820,62,0.774586978,0.873239437,0.626262626,1,29.301,11.86542633,7.504495358,-15.44362752,151.6935484,626.7903226,0.857142857,3,853,864,878,0,0,0,0
622708,876,0.922222222,0.155555556,0.533333333,0.266666667,0.022222222,0.044444444,1.2,2.011111111,0.055555556,0.344444444,0.044444444,0.055555556,2.822222222,0.277777778,2.166666667,0.344444444,0.055555556,0.1,1.855555556,0.011111111,0.5,0.111111111,0.811111111,0.255555556,1.077777778,0.722222222,0.122222222,13.14444444,0.066666667,0.088888889,49877,90,0.688376395,0.9375,0.692307692,1,33.246,12.81132103,9.292738656,-19.21968202,673.5444444,626.8777778,0.682926829,4,852,859,869,887,0,0,0
622708,877,0.624,0.136,1.024,0.216,0.04,0.04,0.864,1.616,0.088,0.304,0.056,0.032,3.224,0.296,0.048,0.272,0.04,0.056,0.464,0,0.344,0.16,0.864,0.2,0.456,0.496,0.104,11.064,0.104,0.128,49934,125,0.808481735,0.88028169,0.668449198,1,42.426,16.78220862,9.876686724,-0.911002053,739.672,629.704,0.596153846,3,860,870,882,0,0,0,0
622708,878,1.066666667,0.12,0.813333333,0.226666667,0.04,0.066666667,0.893333333,2.386666667,0.053333333,0.533333333,0.04,0.08,4.6,0.413333333,0.12,0.426666667,0.04,0.133333333,0.426666667,0.026666667,0.426666667,0.12,1.16,0.266666667,0.533333333,0.72,0.146666667,13.33333333,0.08,0.146666667,49991,75,0.844595837,0.852272727,0.595238095,1,33.891,14.14615005,7.573910992,-18.04927651,145.6266667,630.04,0.707317073,3,853,864,875,0,0,0,0
622708,879,0.242424242,0.136363636,1.060606061,0.045454545,0.03030303,0.045454545,0.863636364,1.363636364,0.060606061,0.227272727,0.060606061,0.03030303,1.166666667,0.166666667,0.242424242,0.166666667,0.015151515,0.015151515,0.53030303,0,0.348484848,0.151515152,8.833333333,0.166666667,0.5,0.46969697,0.060606061,9.181818182,0.03030303,0.151515152,50048,66,0.419474684,0.904109589,0.66,1,28.466,9.932461977,9.016361558,60.53489713,565.8333333,628.7575758,0.794117647,2,886,892,0,0,0,0,0
622708,880,1.104166667,0.229166667,0.697916667,0.197916667,0.020833333,0.15625,1.9375,2.708333333,0.104166667,0.53125,0.0625,0.0625,5.041666667,0.3125,0.145833333,0.34375,0.083333333,0.0625,0.510416667,0.010416667,0.416666667,0.21875,5.989583333,0.5,0.8125,0.614583333,0.114583333,11.77083333,0.03125,0.15625,50105,96,0.74668343,0.941176471,0.685714286,1,33.734,13.70764277,9.118043874,-17.7086824,647.1979167,628.6770833,0,0,0,0,0,0,0,0,0
622708,881,1.9625,0.2125,0.8875,0.3375,0.05,0.075,1.5625,3.4,0.0625,0.925,0.0375,0.075,5.475,0.3375,0.725,0.5125,0.05,0.0375,0.7375,0,0.6375,0.175,0.85,0.45,0.6125,0.9125,0.1,12.7,0.1375,0.15,50162,80,0.765094504,0.91954023,0.606060606,1,32.047,13.00391805,8.373456991,50.80764607,35.575,629.9,0.69047619,2,857,884,0,0,0,0,0
622708,882,1.297619048,0.166666667,0.571428571,0.119047619,0.011904762,0.119047619,1.30952381,2.107142857,0.047619048,0.630952381,0.035714286,0.083333333,6.523809524,0.380952381,0.047619048,0.369047619,0.035714286,0.023809524,0.261904762,0.011904762,0.535714286,0.166666667,0.773809524,0.285714286,0.392857143,0.845238095,0.142857143,10.27380952,0.107142857,0.130952381,50219,84,0.61548666,0.943820225,0.636363636,1,30.848,11.83497172,9.327701042,39.04514099,752.3809524,630.3214286,0.536585366,3,855,870,877,0,0,0,0
622708,883,1.253333333,0.126666667,0.9,0.166666667,0.053333333,0.1,1.32,2.16,0.04,0.426666667,0.1,0.066666667,3.08,0.286666667,0.106666667,0.353333333,0.026666667,0.113333333,0.446666667,0.026666667,0.52,0.08,1.873333333,0.266666667,0.38,0.653333333,0.16,10.92,0.113333333,0.12,50276,150,0.464135754,0.955414013,0.714285714,1,41.326,14.79817391,13.10769087,-40.38484375,256.2333333,635.3066667,0,0,0,0,0,0,0,0,0
622708,884,1.352941176,0.088235294,0.485294118,0.132352941,0.044117647,0.073529412,1.529411765,2.823529412,0.088235294,0.573529412,0.161764706,0.044117647,6.073529412,0.352941176,0.529411765,0.397058824,0.102941176,0.014705882,0.544117647,0.029411765,0.426470588,0.205882353,0.808823529,0.279411765,0.441176471,0.544117647,0.088235294,9.852941176,0.073529412,0.191176471,50333,68,0.672894071,0.918918919,0.68,1,28.193,11.00326827,8.13954504,41.57789515,39.89705882,635.1911765,0.542857143,1,881,0,0,0,0,0,0
622708,885,1.39516129,0.080645161,0.282258065,0.185483871,0.112903226,0.056451613,1.088709677,1.85483871,0.032258065,0.282258065,0.016129032,0.040322581,12.00806452,0.225806452,0.169354839,0.379032258,0.096774194,0.048387097,0.241935484,0.024193548,0.362903226,0.129032258,0.580645161,0.217741935,0.387096774,0.596774194,0.112903226,8.169354839,0.096774194,0.080645161,50390,124,0.764989087,0.932330827,0.635897436,1,39.085,15.86187107,10.21573086,-55.16579459,422.1612903,633.75,0.442307692,1,891,0,0,0,0,0,0
622708,886,1,0.115853659,0.609756098,0.243902439,0.030487805,0.042682927,2.170731707,2.652439024,0.067073171,0.457317073,0.018292683,0.030487805,5.37195122,0.43902439,0.365853659,0.408536585,0.073170732,0.091463415,0.737804878,0.006097561,0.518292683,0.207317073,2.152439024,0.37804878,1.176829268,0.798780488,0.146341463,13.57926829,0.097560976,0.182926829,50447,164,0.511316886,0.937142857,0.683333333,1,46.164,15.93084787,13.69084722,-65.36313394,557.8597561,634.6829268,0.660714286,3,879,892,917,0,0,0,0
622708,887,0.963302752,0.155963303,0.642201835,0.321100917,0.009174312,0.100917431,1.834862385,2.52293578,0.064220183,0.513761468,0.018348624,0.100917431,3.981651376,0.513761468,4.660550459,0.385321101,0.091743119,0.110091743,2.871559633,0.009174312,0.559633028,0.23853211,0.816513761,0.394495413,0.697247706,0.779816514,0.137614679,15.06422018,0.128440367,0.146788991,50504,109,0.341002597,0.923728814,0.698717949,1,35.603,12.29160064,11.55487102,-26.49741509,668.8440367,634.7522936,0.377777778,1,876,0,0,0,0,0,0
622708,888,1.121387283,0.121387283,0.687861272,0.208092486,0.028901734,0.052023121,1.797687861,2.231213873,0.063583815,0.427745665,0.086705202,0.057803468,3.433526012,0.358381503,0.069364162,0.393063584,0.052023121,0.063583815,0.612716763,0,0.520231214,0.184971098,1.445086705,0.265895954,1.248554913,1.028901734,0.184971098,14.01156069,0.069364162,0.196531792,50560,173,0.716809884,0.955801105,0.739316239,1,45.891,17.94716862,12.51399829,14.69280974,201.5202312,635.867052,0.5,2,871,900,0,0,0,0,0
622708,889,0.32,0.08,0.16,0.03,0.01,0.05,4.2,0.52,0.12,0.12,0.01,0.01,1.41,0.17,0.1,0.06,0.02,0.02,0.47,0.01,0.24,0.16,9.6,0.06,2.41,0.26,0.03,2.16,0.08,0.05,50617,100,0.602435906,0.961538462,0.699300699,1,33.734,12.76753041,10.1906248,58.29638523,492.46,636.42,0.511627907,2,872,901,0,0,0,0,0
622708,890,1.544554455,0.148514851,0.495049505,0.207920792,0.03960396,0.069306931,1.207920792,3.069306931,0.02970297,0.663366337,0.03960396,0.069306931,6.326732673,0.415841584,0.089108911,0.316831683,0.02970297,0.108910891,0.237623762,0.02970297,0.603960396,0.188118812,0.900990099,0.257425743,0.465346535,0.792079208,0.148514851,10.31683168,0.079207921,0.188118812,50674,101,0.582922816,0.961904762,0.706293706,1,33.643,12.67727675,10.30063639,-24.5112218,372.950495,636.4257426,0.022727273,1,906,0,0,0,0,0,0
622708,891,0.877862595,0.160305344,0.312977099,0.106870229,0.038167939,0.053435115,1.58778626,1.709923664,0.045801527,0.366412214,0.022900763,0.030534351,9.099236641,0.366412214,0.114503817,0.534351145,0.030534351,0.061068702,0.175572519,0.015267176,0.374045802,0.236641221,1.083969466,0.312977099,0.65648855,0.633587786,0.083969466,12.91603053,0.083969466,0.122137405,50731,131,0.75872441,0.916083916,0.629807692,1,42.823,16.3464376,10.64826155,-36.26949566,413.9160305,638.2442748,0.4,1,885,0,0,0,0,0,0
622708,892,1.072992701,0.197080292,0.751824818,0.109489051,0.02919708,0.051094891,1.080291971,2.204379562,0.02919708,0.372262774,0.051094891,0.02919708,4.321167883,0.255474453,0.102189781,0.284671533,0.058394161,0.080291971,0.343065693,0.00729927,0.423357664,0.218978102,3.124087591,0.233576642,0.664233577,0.795620438,0.102189781,10.47445255,0.072992701,0.094890511,50788,137,0.812820992,0.913333333,0.611607143,1,42.732,17.6094655,10.25775226,54.0703106,571.2481752,634.9562044,0.654545455,3,879,886,908,0,0,0,0
622708,893,1.118811881,0.168316832,0.712871287,0.227722772,0.02970297,0.128712871,1.524752475,2.95049505,0.03960396,0.267326733,0.03960396,0.03960396,3.702970297,0.396039604,0.118811881,0.316831683,0.04950495,0.108910891,0.306930693,0.01980198,0.485148515,0.227722772,0.782178218,0.475247525,0.712871287,0.732673267,0.118811881,12.95049505,0.059405941,0.227722772,50845,101,0.458764138,0.918181818,0.701388889,1,34.842,12.29840541,10.92784753,-65.203886,632.049505,638.0990099,0.348837209,1,898,0,0,0,0,0,0
622708,894,0.758064516,0.177419355,1.080645161,0.161290323,0.080645161,0.064516129,1.338709677,2.016129032,0.129032258,0.435483871,0.016129032,0.064516129,2.048387097,0.322580645,0.548387097,0.387096774,0.032258065,0.080645161,0.806451613,0,0.290322581,0.129032258,2.14516129,0.532258065,0.677419355,0.677419355,0.193548387,15.38709677,0.096774194,0.258064516,50902,62,0.556324508,0.925373134,0.775,1,26.299,9.892107461,8.219996332,-75.82988886,291.1451613,639.016129,0.548387097,1,896,0,0,0,0,0,0
622708,895,1.217821782,0.108910891,0.603960396,0.178217822,0.02970297,0.064356436,1.584158416,2.732673267,0.04950495,0.658415842,0.034653465,0.03960396,4.178217822,0.336633663,0.069306931,0.326732673,0.054455446,0.054455446,0.331683168,0,0.5,0.277227723,6.683168317,0.287128713,0.806930693,0.811881188,0.123762376,11.92574257,0.108910891,0.163366337,50959,202,0.643915304,0.948356808,0.748148148,1,49.075,18.45448434,14.11946653,-26.50548295,774.7079208,639.8811881,0,0,0,0,0,0,0,0,0
622708,896,0.717647059,0.105882353,0.905882353,0.129411765,0.023529412,0.047058824,0.835294118,2.011764706,0.011764706,0.458823529,0.082352941,0.070588235,2.988235294,0.282352941,0.564705882,0.294117647,0.058823529,0.011764706,0.494117647,0,0.341176471,0.117647059,3.576470588,0.364705882,0.529411765,0.741176471,0.058823529,12.4,0.058823529,0.294117647,51016,85,0.677588769,0.885416667,0.643939394,1,34.172,12.85233846,9.452136606,-67.06108142,284.5764706,640.9058824,0.452380952,1,894,0,0,0,0,0,0
622708,897,0.895833333,0.177083333,0.541666667,0.25,0.020833333,0.03125,1.40625,2.822916667,0.0625,0.572916667,0.072916667,0.072916667,3.427083333,0.354166667,5.291666667,0.322916667,0.0625,0.15625,3.791666667,0.010416667,0.416666667,0.375,4.75,0.447916667,0.739583333,0.770833333,0.104166667,16.22916667,0.083333333,0.25,51073,96,0.418198499,0.941176471,0.727272727,1,32.882,11.71005916,10.63689859,68.22891231,436.84375,639.8958333,0,0,0,0,0,0,0,0,0
622708,898,1.495145631,0.194174757,0.54368932,0.213592233,0.019417476,0.038834951,1.825242718,3.165048544,0.048543689,0.524271845,0.058252427,0.048543689,8.262135922,0.223300971,0.174757282,0.262135922,0.058252427,0.067961165,0.582524272,0.019417476,0.59223301,0.300970874,0.669902913,0.359223301,0.59223301,0.669902913,0.155339806,9.019417476,0.048543689,0.184466019,51130,103,0.526194495,0.927927928,0.609467456,1,35.62,12.63340882,10.74299919,-41.58956316,622.1553398,639.4854369,0.744680851,2,893,910,0,0,0,0,0
622708,899,0.820652174,0.119565217,0.733695652,0.483695652,0.048913043,0.043478261,0.961956522,1.652173913,0.059782609,0.494565217,0.054347826,0.043478261,2.429347826,0.25,0.364130435,0.288043478,0.092391304,0.10326087,0.614130435,0.005434783,0.440217391,0.211956522,1.027173913,0.326086957,0.483695652,0.722826087,0.119565217,15.19565217,0.048913043,0.168478261,51187,184,0.587040676,0.847926267,0.605263158,1,53.963,17.96203306,14.54129746,71.1550477,110.3478261,641.201087,0.367647059,1,909,0,0,0,0,0,0
622708,900,1.015873016,0.134920635,0.706349206,0.087301587,0.023809524,0.071428571,0.833333333,1.76984127,0.047619048,0.357142857,0.03968254,0.055555556,3.896825397,0.293650794,0.063492063,0.238095238,0.023809524,0.063492063,0.349206349,0,0.325396825,0.126984127,2.365079365,0.285714286,0.349206349,0.595238095,0.023809524,8.785714286,0.055555556,0.095238095,51244,126,0.414538691,0.947368421,0.74556213,1,38.489,13.45581421,12.24521732,49.97555387,214.1031746,640.6666667,0.270833333,1,888,0,0,0,0,0,0
622708,901,0.839694656,0.145038168,0.496183206,0.160305344,0.022900763,0.091603053,2.167938931,2.465648855,0.06870229,0.503816794,0.06870229,0.022900763,2.908396947,0.389312977,0.083969466,0.351145038,0.091603053,0.045801527,0.618320611,0.007633588,0.618320611,0.473282443,8.045801527,0.389312977,1.076335878,0.786259542,0.083969466,13.2519084,0.099236641,0.175572519,51301,131,0.56205989,0.963235294,0.727777778,1,38.415,14.27135821,11.80379095,-22.17416962,479.8167939,641.6717557,0.163265306,1,889,0,0,0,0,0,0
622708,902,0.881818182,0.181818182,0.654545455,0.272727273,0.027272727,0.090909091,1.309090909,1.427272727,0.036363636,0.272727273,0.027272727,0.045454545,3.345454545,0.327272727,0.081818182,0.245454545,0.045454545,0.027272727,0.372727273,0.009090909,0.390909091,0.190909091,4.763636364,0.254545455,0.518181818,0.490909091,0.063636364,11.28181818,0.090909091,0.1,51358,110,0.581738159,0.93220339,0.650887574,1,37.654,13.44481989,10.93569545,53.54476296,336.5,641.9090909,0.413043478,1,903,0,0,0,0,0,0
622708,903,0.847222222,0.152777778,0.583333333,0.208333333,0.013888889,0.083333333,0.597222222,1.958333333,0.027777778,0.430555556,0.069444444,0.069444444,4.708333333,0.236111111,0.027777778,0.388888889,0.152777778,0.027777778,0.333333333,0,0.472222222,0.166666667,2.027777778,0.25,0.652777778,0.680555556,0.111111111,10.79166667,0.138888889,0.222222222,51415,72,0.807071113,0.947368421,0.654545455,1,29.69,12.78996393,7.551888525,53.82987855,344.4305556,643.1111111,0.921052632,2,902,913,0,0,0,0,0
622708,904,1.054054054,0.162162162,0.621621622,0.162162162,0.040540541,0.047297297,2.27027027,2.358108108,0.060810811,0.472972973,0.108108108,0.054054054,3.675675676,0.351351351,0.533783784,0.317567568,0.040540541,0.060810811,0.662162162,0.013513514,0.47972973,0.195945946,7.331081081,0.317567568,1.108108108,0.952702703,0.155405405,14.08783784,0.081081081,0.162162162,51471,148,0.675207808,0.919254658,0.685185185,1,44.758,16.28752725,12.01412897,85.31443595,512.1081081,641.8175676,0.472727273,2,905,914,0,0,0,0,0
622708,905,1.341880342,0.213675214,0.735042735,0.247863248,0.025641026,0.051282051,2.487179487,3.034188034,0.111111111,0.521367521,0.068376068,0.05982906,5.572649573,0.324786325,0.478632479,0.452991453,0.076923077,0.05982906,0.811965812,0,0.641025641,0.384615385,10.65811966,0.495726496,1.58974359,0.905982906,0.153846154,16.09401709,0.153846154,0.170940171,51528,117,0.481025264,0.921259843,0.692307692,1,37.836,13.28216335,11.64456203,-37.46179549,524.1880342,641.2222222,0.729166667,3,904,914,915,0,0,0,0
622708,906,0.788235294,0.152941176,0.682352941,0.152941176,0.070588235,0.070588235,0.658823529,1.458823529,0.105882353,0.435294118,0.105882353,0.011764706,2.905882353,0.211764706,0.070588235,0.235294118,0.070588235,0.047058824,0.282352941,0,0.447058824,0.105882353,4.152941176,0.164705882,0.411764706,0.552941176,0.070588235,8.341176471,0.070588235,0.105882353,51585,85,0.686097158,0.934065934,0.653846154,1,32.32,12.42423556,9.038754667,-36.51205688,361.2588235,642.2,0.45,2,890,913,0,0,0,0,0
622708,907,1.13,0.12,0.71,0.17,0.03,0.07,1.02,2.41,0.06,0.49,0.06,0.06,4.25,0.27,0.05,0.32,0.06,0.09,0.36,0,0.42,0.14,0.8,0.19,0.69,0.45,0.02,10.96,0.13,0.09,51642,100,0.526544854,0.952380952,0.699300699,1,33.18,12.32752349,10.48021142,4.879965107,390.62,643.86,0,0,0,0,0,0,0,0,0
622708,908,1.401234568,0.240740741,0.617283951,0.197530864,0.024691358,0.092592593,1.425925926,2.598765432,0.043209877,0.567901235,0.080246914,0.043209877,4.697530864,0.351851852,0.148148148,0.401234568,0.018518519,0.080246914,0.456790123,0,0.586419753,0.185185185,1.395061728,0.358024691,0.87037037,1.024691358,0.111111111,10.9691358,0.117283951,0.203703704,51699,162,0.609407229,0.941860465,0.680672269,1,44.808,16.28424233,12.91108176,-2.015654276,581.6975309,643.1234568,0.172413793,1,892,0,0,0,0,0,0
622708,909,0.610169492,0.084745763,1.050847458,0.220338983,0.016949153,0.101694915,1.084745763,1.559322034,0.050847458,0.474576271,0.084745763,0.033898305,1.389830508,0.13559322,0.033898305,0.322033898,0.050847458,0.050847458,0.457627119,0.016949153,0.288135593,0.118644068,2.593220339,0.203389831,0.559322034,0.627118644,0.101694915,14.37288136,0.118644068,0.13559322,51756,59,0.686609124,0.921875,0.655555556,1,26.233,10.31735238,7.500991284,39.85039307,117.1525424,645.559322,0.71875,1,899,0,0,0,0,0,0
622708,910,1.784090909,0.170454545,0.545454545,0.204545455,0.079545455,0.045454545,1.159090909,2.670454545,0.068181818,0.375,0.034090909,0.022727273,6.943181818,0.306818182,0.136363636,0.443181818,0.102272727,0.068181818,0.431818182,0.022727273,0.375,0.181818182,0.875,0.25,0.511363636,0.647727273,0.113636364,8.761363636,0.113636364,0.159090909,51813,88,0.652713423,0.956521739,0.615384615,1,33.18,12.59429133,9.541496847,-32.44535838,615.3522727,644.6363636,0.477272727,1,898,0,0,0,0,0,0
622708,911,1.317647059,0.152941176,0.6,0.105882353,0.058823529,0.035294118,1.505882353,2.082352941,0.011764706,0.447058824,0.047058824,0.082352941,2.741176471,0.458823529,0.152941176,0.317647059,0.035294118,0.082352941,0.670588235,0.023529412,0.364705882,0.2,2.882352941,0.317647059,0.705882353,0.752941176,0.105882353,11.92941176,0.082352941,0.070588235,51870,85,0.76030946,0.923913043,0.643939394,1,33.064,13.10493839,8.512457206,56.66927567,143.5411765,643.8941176,0.575,3,912,916,920,0,0,0,0
622708,912,1.375,0.1125,0.65,0.175,0.025,0.0625,1.5,2.425,0.025,0.425,0.1125,0.0375,3.1,0.4625,1.2,0.3375,0.075,0.0625,1.3125,0.0125,0.4,0.25,4.1375,0.25,0.85,0.7375,0.1375,15.325,0.1,0.1125,51927,80,0.715871552,0.91954023,0.606060606,1,31.303,12.28622107,8.578632666,-43.8878128,153.15,645.3125,0.6,2,911,916,0,0,0,0,0
622708,913,1.368932039,0.203883495,0.59223301,0.291262136,0.009708738,0.077669903,1.184466019,2.893203883,0.048543689,0.475728155,0.038834951,0.058252427,6.291262136,0.446601942,0.067961165,0.27184466,0.038834951,0.106796117,0.485436893,0,0.611650485,0.262135922,1.990291262,0.300970874,0.45631068,0.611650485,0.13592233,12.95145631,0.116504854,0.155339806,51984,103,0.514798834,0.927927928,0.609467456,1,35.802,12.68808111,10.87763158,40.18126862,352.7475728,646.4466019,0.638297872,2,903,906,0,0,0,0,0
622708,914,1.066666667,0.05,0.683333333,0.2,0.016666667,0.016666667,1.583333333,2.683333333,0.016666667,0.683333333,0,0.016666667,8.266666667,0.35,0.133333333,0.316666667,0.1,0.066666667,0.3,0,0.483333333,0.233333333,0.733333333,0.416666667,1.083333333,0.6,0.183333333,13.81666667,0.116666667,0.033333333,52041,60,0.768605275,0.882352941,0.681818182,1,26.969,11.06977523,7.08159341,12.57846904,518.65,648.6333333,0.71875,3,904,905,915,0,0,0,0
622708,915,1.425742574,0.207920792,0.524752475,0.168316832,0.059405941,0.069306931,1.722772277,2.98019802,0.099009901,0.495049505,0.00990099,0.069306931,4.722772277,0.435643564,1.168316832,0.376237624,0.04950495,0.089108911,0.732673267,0.00990099,0.613861386,0.227722772,0.663366337,0.396039604,0.792079208,0.851485149,0.148514851,14.15841584,0.148514851,0.178217822,52098,101,0.714064446,0.901785714,0.612121212,1,37.183,13.92802937,9.750734407,7.549866838,533.0792079,647.4158416,0.666666667,4,905,914,924,926,0,0,0
622708,916,0.413793103,0.103448276,0.827586207,0.103448276,0.034482759,0.034482759,1.206896552,1.310344828,0.068965517,0.379310345,0.068965517,0,2,0.379310345,0.068965517,0.310344828,0.034482759,0,0.517241379,0,0.379310345,0.24137931,1.310344828,0.24137931,0.620689655,0.586206897,0,13.82758621,0.034482759,0.034482759,52155,29,0.951310845,0.90625,0.402777778,1,22.206,11.53495271,3.555454842,-45.57034722,150.137931,649.7241379,1,3,911,912,920,0,0,0,0
622708,917,1.084337349,0.174698795,0.78313253,0.15060241,0.060240964,0.060240964,1.614457831,2.662650602,0.06626506,0.445783133,0.108433735,0.042168675,4.108433735,0.397590361,0.921686747,0.379518072,0.042168675,0.090361446,0.777108434,0.012048193,0.614457831,0.168674699,2.740963855,0.397590361,1.246987952,0.855421687,0.240963855,14.48795181,0.138554217,0.204819277,52212,166,0.344332785,0.954022989,0.737777778,1,43.377,15.10070064,14.1772575,54.52040435,555.9216867,648.4939759,0.267857143,1,886,0,0,0,0,0,0
622708,918,1.055900621,0.198757764,0.670807453,0.291925466,0.01863354,0.099378882,0.875776398,2.49068323,0.02484472,0.714285714,0.037267081,0.01863354,4.453416149,0.360248447,0.248447205,0.385093168,0.055900621,0.099378882,0.614906832,0.02484472,0.708074534,0.161490683,0.776397516,0.409937888,0.47826087,0.906832298,0.118012422,15.67080745,0.099378882,0.136645963,52269,161,0.367884618,0.941520468,0.715555556,1,43.013,14.95020806,13.9017716,42.83382534,92.59006211,649.7763975,0,0,0,0,0,0,0,0,0
622708,919,0.829457364,0.178294574,0.76744186,0.131782946,0.03875969,0.031007752,1.19379845,2.263565891,0.031007752,0.395348837,0.085271318,0.046511628,3.511627907,0.248062016,0.069767442,0.19379845,0.031007752,0.07751938,0.403100775,0,0.364341085,0.139534884,5.666666667,0.294573643,0.550387597,0.550387597,0.07751938,11.86821705,0.11627907,0.085271318,52326,129,0.613256886,0.948529412,0.708791209,1,39.242,14.68265204,11.59758504,45.66050188,266.0077519,649.751938,0.38,1,921,0,0,0,0,0,0
622708,920,1.041666667,0.166666667,0.75,0.152777778,0.041666667,0.027777778,0.847222222,1.791666667,0.041666667,0.347222222,0.097222222,0.083333333,2.805555556,0.333333333,0.055555556,0.333333333,0.097222222,0.097222222,0.444444444,0.013888889,0.430555556,0.263888889,1.069444444,0.402777778,0.319444444,0.75,0.097222222,14.41666667,0.083333333,0.125,52382,72,0.764770305,0.972972973,0.666666667,1,28.4,12.05176606,7.764989265,-26.71992901,146.3472222,653.1388889,0.842105263,3,911,916,935,0,0,0,0
622708,921,0.846153846,0.159763314,0.656804734,0.112426036,0.029585799,0.082840237,1.201183432,1.905325444,0.01183432,0.355029586,0.053254438,0.065088757,3.337278107,0.337278107,0.059171598,0.266272189,0.023668639,0.071005917,0.372781065,0,0.372781065,0.207100592,3.934911243,0.24852071,0.485207101,0.633136095,0.076923077,11.14792899,0.053254438,0.112426036,52439,169,0.72711438,0.903743316,0.621323529,1,48.447,18.21811967,12.50703674,-35.69847846,277.9467456,655.3668639,0.296875,1,919,0,0,0,0,0,0
622708,922,1.557522124,0.194690265,0.327433628,0.088495575,0.079646018,0.044247788,2.159292035,1.309734513,0.061946903,0.14159292,0.061946903,0.061946903,8.654867257,0.327433628,0.221238938,0.238938053,0.044247788,0.061946903,0.274336283,0,0.238938053,0.185840708,4.584070796,0.123893805,0.96460177,0.451327434,0.079646018,6.10619469,0.03539823,0.061946903,52496,113,0.779101927,0.941666667,0.627777778,1,37.679,15.34924836,9.622401905,-27.8363879,649.920354,653.8938053,0,0,0,0,0,0,0,0,0
622708,923,1.365591398,0.172043011,0.849462366,0.172043011,0.021505376,0.107526882,0.913978495,2.569892473,0.064516129,0.537634409,0.043010753,0.021505376,4.838709677,0.322580645,0.075268817,0.182795699,0.053763441,0.032258065,0.311827957,0,0.569892473,0.150537634,1.623655914,0.311827957,0.35483871,0.64516129,0.172043011,10.60215054,0.139784946,0.23655914,52553,93,0.371237808,0.939393939,0.704545455,1,32.237,11.38911872,10.57522751,-76.6564877,790.0430108,653.6666667,0.317073171,2,934,940,0,0,0,0,0
622708,924,1.245614035,0.105263158,0.543859649,0.122807018,0,0.035087719,1.561403509,1.684210526,0.035087719,0.298245614,0,0,6.666666667,0.385964912,0.280701754,0.245614035,0.087719298,0.035087719,0.350877193,0,0.771929825,0.192982456,0.631578947,0.228070175,0.385964912,0.701754386,0.105263158,11.47368421,0.070175439,0.052631579,52610,57,0.683832,0.93442623,0.7125,1,26.117,10.33328815,7.539575163,-27.37436651,532.7719298,654.8947368,1,3,915,926,933,0,0,0,0
622708,925,1.325581395,0.131782946,0.620155039,0.131782946,0.031007752,0.093023256,1.472868217,2.178294574,0.046511628,0.697674419,0.007751938,0.062015504,6.085271318,0.372093023,0.744186047,0.279069767,0.062015504,0.085271318,0.379844961,0.007751938,0.472868217,0.093023256,0.837209302,0.209302326,0.488372093,0.658914729,0.054263566,10.2248062,0.069767442,0.15503876,52667,129,0.576977547,0.948529412,0.708791209,1,38.969,14.3269837,11.70170732,32.90939577,380.2403101,657.3643411,0.52,2,930,932,0,0,0,0,0
622708,926,1.319444444,0.222222222,0.611111111,0.097222222,0.027777778,0.041666667,2.5,2.333333333,0.013888889,0.416666667,0.041666667,0.083333333,12.02777778,0.305555556,0.125,0.5,0.027777778,0.138888889,0.402777778,0.027777778,0.5,0.305555556,0.986111111,0.402777778,1.083333333,0.805555556,0.069444444,12.65277778,0.097222222,0.166666667,52724,72,0.417816581,0.911392405,0.595041322,1,30.178,10.31478188,9.371303223,63.65774432,526.3194444,659.0972222,0.657894737,3,915,924,933,0,0,0,0
622708,927,0.775510204,0.12244898,0.540816327,0.275510204,0.071428571,0.071428571,1.265306122,2.387755102,0.010204082,0.43877551,0.153061224,0.030612245,2.428571429,0.306122449,5.214285714,0.489795918,0.06122449,0.153061224,2.306122449,0.030612245,0.408163265,0.214285714,1.989795918,0.275510204,0.755102041,0.806122449,0.06122449,15.08163265,0.06122449,0.081632653,52781,98,0.625764546,0.942307692,0.685314685,1,32.907,12.74834091,9.943858993,-22.98418093,205.0408163,658.9693878,0,0,0,0,0,0,0,0,0
622708,928,1.190140845,0.183098592,0.563380282,0.197183099,0.042253521,0.070422535,0.823943662,2.077464789,0.028169014,0.471830986,0.084507042,0.049295775,4.584507042,0.352112676,3.26056338,0.316901408,0.049295775,0.098591549,2.190140845,0.028169014,0.38028169,0.288732394,4.866197183,0.274647887,1.049295775,0.669014085,0.070422535,12.07746479,0.063380282,0.190140845,52838,142,0.604927361,0.953020134,0.676190476,1,40.218,15.20777045,12.10965348,48.3724772,311.2042254,659.9295775,0.314814815,1,942,0,0,0,0,0,0
622708,929,0.555555556,0.011111111,0.577777778,0.111111111,0.011111111,0.033333333,0.744444444,1.122222222,0.066666667,0.266666667,0.055555556,0.022222222,2.988888889,0.2,0.122222222,0.188888889,0.044444444,0.055555556,0.344444444,0,0.2,0.144444444,7.122222222,0.244444444,0.333333333,0.388888889,0.066666667,6.133333333,0.055555556,0.077777778,52895,90,0.825261249,0.918367347,0.714285714,1,34.346,14.61050021,8.251296916,16.43068794,176.9555556,660.0333333,0.512195122,2,938,939,0,0,0,0,0
622708,930,0.840425532,0.180851064,0.904255319,0.234042553,0,0.021276596,1.021276596,2.010638298,0.063829787,0.382978723,0.031914894,0.031914894,4.925531915,0.255319149,0.595744681,0.265957447,0.053191489,0.042553191,0.521276596,0.010638298,0.265957447,0.106382979,0.914893617,0.393617021,0.5,0.627659574,0.117021277,12.17021277,0.095744681,0.117021277,52952,94,0.518897603,0.959183673,0.783333333,1,31.658,11.89552631,10.16872893,0,366.5,661.7021277,0.35,2,925,946,0,0,0,0,0
622708,931,0.884210526,0.126315789,0.757894737,0.221052632,0.010526316,0.105263158,0.557894737,2.063157895,0.042105263,0.336842105,0.031578947,0.063157895,2.410526316,0.189473684,0.021052632,0.263157895,0.031578947,0.052631579,0.273684211,0.031578947,0.547368421,0.105263158,1.010526316,0.305263158,0.431578947,0.673684211,0.063157895,10.12631579,0.084210526,0.189473684,53009,95,0.400404328,0.95959596,0.785123967,1,31.84,11.56640002,10.59873845,-41.65836193,43.69473684,661.2842105,0.375,1,945,0,0,0,0,0,0
622708,932,2.090452261,0.135678392,0.658291457,0.180904523,0.030150754,0.085427136,1.83919598,2.296482412,0.075376884,0.386934673,0.040201005,0.045226131,5.984924623,0.522613065,0.120603015,0.366834171,0.050251256,0.060301508,0.246231156,0.010050251,0.447236181,0.261306533,6.125628141,0.266331658,0.929648241,0.522613065,0.105527638,11.04522613,0.125628141,0.195979899,53066,199,0.738356943,0.943127962,0.654605263,1,50.87,19.70049694,13.28621473,39.43525929,389.919598,662.8090452,0.353846154,1,925,0,0,0,0,0,0
622708,933,1.76744186,0.139534884,0.744186047,0.255813953,0.034883721,0.069767442,2.325581395,2.325581395,0.034883721,0.395348837,0.081395349,0.081395349,8.558139535,0.26744186,0.069767442,0.313953488,0.058139535,0.058139535,0.313953488,0,0.418604651,0.23255814,0.953488372,0.348837209,0.906976744,0.674418605,0.174418605,14.15116279,0.093023256,0.244186047,53123,86,0.715400247,0.934782609,0.651515152,1,31.402,12.67982694,8.859583789,34.78914886,532.8488372,664.0581395,0.523809524,2,924,926,0,0,0,0,0
622708,934,0.968253968,0.142857143,0.746031746,0.19047619,0.047619048,0.031746032,1.317460317,3.174603175,0.047619048,0.761904762,0.126984127,0,3.650793651,0.444444444,0.26984127,0.349206349,0.095238095,0.111111111,0.428571429,0,0.444444444,0.253968254,4.968253968,0.365079365,0.571428571,0.80952381,0.222222222,12.28571429,0.063492063,0.285714286,53180,63,0.793887991,0.863013699,0.572727273,1,29.508,12.04638031,7.324970491,-34.41959801,783.3968254,660.6031746,0.837837838,3,923,937,940,0,0,0,0
622708,935,1.08490566,0.179245283,0.471698113,0.283018868,0.028301887,0.037735849,1.113207547,1.943396226,0.037735849,0.424528302,0.056603774,0.018867925,3.264150943,0.320754717,0.716981132,0.301886792,0.037735849,0.122641509,0.547169811,0,0.481132075,0.160377358,0.650943396,0.301886792,0.575471698,0.632075472,0.113207547,12.23584906,0.113207547,0.150943396,53237,106,0.752079999,0.954954955,0.688311688,1,35.231,14.40981901,9.49710577,30.07810082,142.6037736,664.1320755,0.434782609,3,920,941,947,0,0,0,0
622708,936,1.493421053,0.164473684,0.585526316,0.125,0.046052632,0.013157895,1.578947368,2.796052632,0.039473684,0.546052632,0.052631579,0.105263158,5.828947368,0.368421053,0.394736842,0.421052632,0.039473684,0.039473684,0.381578947,0.006578947,0.506578947,0.223684211,1.006578947,0.361842105,0.901315789,0.822368421,0.138157895,13,0.111842105,0.171052632,53293,152,0.668967707,0.962025316,0.723809524,1,42.451,16.25008919,12.07855265,49.2327424,563.7565789,663.2105263,0,0,0,0,0,0,0,0,0
622708,937,0.967741935,0.161290323,0.870967742,0.064516129,0.080645161,0.032258065,1.516129032,2.370967742,0,0.306451613,0.032258065,0,2.580645161,0.435483871,0.403225806,0.451612903,0.016129032,0.016129032,0.85483871,0,0.435483871,0.177419355,3.564516129,0.209677419,0.35483871,0.758064516,0.096774194,11.35483871,0.048387097,0.129032258,53350,62,0.759303477,0.873239437,0.574074074,1,29.045,11.4819377,7.471718039,-82.68547101,779.9677419,666.5967742,0.777777778,2,934,940,0,0,0,0,0
622708,938,1.176,0.12,0.616,0.168,0.024,0.136,1.152,2.216,0.072,0.592,0.048,0.048,4.008,0.344,0.056,0.416,0.08,0.048,0.328,0.024,0.736,0.248,4.608,0.36,0.752,1.248,0.128,11.064,0.112,0.112,53407,125,0.713980451,0.925925926,0.694444444,1,39.887,15.27936987,10.69808969,67.93471756,164.976,666.768,0.775510204,5,929,939,941,949,950,0,0
622708,939,1.564102564,0.102564103,1.076923077,0.217948718,0.025641026,0.064102564,1.012820513,2.448717949,0.025641026,0.384615385,0.051282051,0.025641026,3.884615385,0.269230769,0.076923077,0.128205128,0.012820513,0.012820513,0.435897436,0,0.525641026,0.320512821,10.08974359,0.243589744,0.5,0.666666667,0.166666667,10.34615385,0.102564103,0.179487179,53464,78,0.537602584,0.906976744,0.65,1,31.65,11.37778797,9.593732072,11.38010067,177.4871795,667.2179487,0.769230769,3,929,938,950,0,0,0,0
622708,940,0.944444444,0.134920635,0.555555556,0.142857143,0.047619048,0.063492063,1.126984127,1.587301587,0.023809524,0.396825397,0.03968254,0.023809524,2.833333333,0.317460317,0.03968254,0.261904762,0.047619048,0.079365079,0.373015873,0.015873016,0.365079365,0.238095238,5.563492063,0.30952381,0.603174603,0.666666667,0.071428571,9.071428571,0.055555556,0.174603175,53521,126,0.66220766,0.875,0.605769231,1,42.426,15.33559891,11.49127664,60.68035798,788.7063492,668.8174603,0.509433962,3,923,934,937,0,0,0,0
622708,941,0.555555556,0.142857143,0.841269841,0.079365079,0.015873016,0.126984127,0.634920635,1.682539683,0.063492063,0.53968254,0.015873016,0.079365079,2.031746032,0.206349206,0.174603175,0.19047619,0.047619048,0.015873016,0.365079365,0,0.444444444,0.142857143,6.015873016,0.19047619,0.365079365,0.571428571,0.095238095,8.761904762,0.031746032,0.031746032,53578,63,0.46275888,0.84,0.63,1,30.31,9.983412306,8.850137172,18.64705534,154.9206349,668.5079365,0.848484848,4,935,938,947,949,0,0,0
622708,942,1.084033613,0.168067227,0.420168067,0.302521008,0.058823529,0.050420168,1.12605042,1.899159664,0.067226891,0.579831933,0.058823529,0.058823529,4.672268908,0.319327731,0.151260504,0.411764706,0.050420168,0.008403361,0.478991597,0.008403361,0.714285714,0.151260504,0.579831933,0.285714286,0.294117647,0.764705882,0.075630252,12.56302521,0.12605042,0.243697479,53635,119,0.505662955,0.952,0.762820513,1,36.893,13.34657643,11.51450676,54.27006073,315.5210084,670.2352941,0.347826087,1,928,0,0,0,0,0,0
622708,943,0.793548387,0.148387097,1.090322581,0.135483871,0.051612903,0.032258065,0.658064516,2.419354839,0.04516129,0.425806452,0.083870968,0.04516129,3.812903226,0.303225806,0.051612903,0.24516129,0.025806452,0.038709677,0.335483871,0.006451613,0.438709677,0.238709677,4.296774194,0.316129032,0.341935484,0.806451613,0.083870968,11.43225806,0.116129032,0.129032258,53692,155,0.413263242,0.93373494,0.688888889,1,43.675,14.96758076,13.62965272,84.67577552,331.4258065,671.7612903,0,0,0,0,0,0,0,0,0
622708,944,0.816901408,0.190140845,0.802816901,0.179577465,0.035211268,0.049295775,1.876760563,1.975352113,0.063380282,0.433098592,0.091549296,0.052816901,2.85915493,0.36971831,0.64084507,0.36971831,0.088028169,0.077464789,1.01056338,0.017605634,0.528169014,0.186619718,1.411971831,0.376760563,1.36971831,0.845070423,0.14084507,16.85211268,0.126760563,0.228873239,53749,284,0.302325746,0.953020134,0.676190476,1,60.521,19.89130486,18.96048469,1.214776537,709.1443662,669.7464789,0.155844156,1,952,0,0,0,0,0,0
622708,945,1.17721519,0.126582278,0.670886076,0.278481013,0.050632911,0.025316456,0.835443038,1.53164557,0.037974684,0.506329114,0.025316456,0.088607595,2.797468354,0.227848101,0.050632911,0.316455696,0.037974684,0.012658228,0.46835443,0,0.506329114,0.164556962,1.088607595,0.303797468,0.367088608,0.784810127,0.151898734,11.82278481,0.050632911,0.151898734,53806,79,0.247964267,0.908045977,0.652892562,1,31.195,10.46275049,10.13599021,-16.65739973,41.89873418,670.2658228,0.421052632,1,931,0,0,0,0,0,0
622708,946,1.177304965,0.163120567,0.666666667,0.170212766,0.035460993,0.106382979,1.531914894,2.460992908,0.042553191,0.404255319,0.056737589,0.063829787,4.524822695,0.375886525,3.631205674,0.269503546,0.09929078,0.134751773,2.687943262,0.014184397,0.361702128,0.156028369,1.134751773,0.312056738,0.886524823,0.85106383,0.170212766,13.14184397,0.113475177,0.120567376,53863,141,0.433270736,0.972413793,0.723076923,1,40.193,14.29806305,12.88632689,15.56162324,369.2978723,672.6524823,0.576923077,3,930,951,956,0,0,0,0
622708,947,1.724637681,0.115942029,0.52173913,0.202898551,0.028985507,0.072463768,0.826086957,2.246376812,0.014492754,0.463768116,0.115942029,0.043478261,3.623188406,0.347826087,0.043478261,0.362318841,0.057971014,0.028985507,0.52173913,0,0.47826087,0.246376812,1.217391304,0.391304348,0.405797101,0.739130435,0.072463768,13.08695652,0.072463768,0.188405797,53920,69,0.693818928,0.971830986,0.784090909,1,28.003,11.16153322,8.037972508,86.68878615,147.7826087,672.0724638,0.714285714,3,935,941,949,0,0,0,0
622708,948,1.172932331,0.135338346,0.443609023,0.180451128,0.015037594,0.060150376,1.518796992,2.518796992,0.037593985,0.481203008,0.022556391,0.015037594,3.421052632,0.315789474,0.052631579,0.353383459,0.037593985,0.07518797,0.293233083,0.037593985,0.496240602,0.172932331,0.609022556,0.428571429,0.684210526,0.654135338,0.180451128,13.11278195,0.082706767,0.120300752,53977,133,0.713080279,0.936619718,0.682051282,1,40.954,15.75823493,11.04782099,33.53182717,682.2481203,671.7669173,0,0,0,0,0,0,0,0,0
622708,949,0.901639344,0.049180328,0.868852459,0.098360656,0.016393443,0.032786885,0.786885246,1.163934426,0.06557377,0.295081967,0,0.049180328,2.213114754,0.262295082,0.081967213,0.163934426,0.032786885,0.032786885,0.360655738,0.016393443,0.196721311,0.147540984,3.557377049,0.245901639,0.508196721,0.557377049,0.081967213,8.721311475,0.081967213,0.147540984,54034,61,0.694334182,0.924242424,0.693181818,1,26.787,10.57328742,7.609095093,18.59951124,156.2131148,675.3934426,0.96969697,5,938,941,947,950,957,0,0
622708,950,0.553571429,0.098214286,0.901785714,0.098214286,0.017857143,0.053571429,0.607142857,1.241071429,0.035714286,0.232142857,0.035714286,0.026785714,3.294642857,0.223214286,1.044642857,0.258928571,0.035714286,0.035714286,0.848214286,0.008928571,0.330357143,0.223214286,6.116071429,0.125,0.357142857,0.616071429,0.080357143,7.651785714,0.098214286,0.107142857,54091,112,0.741947422,0.842105263,0.622222222,1,44.014,15.77349633,10.57546789,26.22578931,169.1875,674.6696429,0.925925926,5,938,939,949,957,958,0,0
622708,951,0.870967742,0.129032258,0.741935484,0.177419355,0.064516129,0.080645161,1.225806452,2.225806452,0.112903226,0.467741935,0.14516129,0.096774194,4.096774194,0.403225806,3.193548387,0.370967742,0.096774194,0.064516129,2.274193548,0.048387097,0.370967742,0.258064516,8.548387097,0.338709677,0.580645161,0.822580645,0.129032258,11.79032258,0.080645161,0.209677419,54148,62,0.747208896,0.849315068,0.574074074,1,30.335,11.80171677,7.843294043,23.56391919,378.8387097,674.7580645,0.833333333,2,946,956,0,0,0,0,0
622708,952,1.152597403,0.12012987,0.564935065,0.142857143,0.035714286,0.094155844,2.977272727,2.269480519,0.094155844,0.37987013,0.058441558,0.045454545,7.792207792,0.37012987,0.081168831,0.331168831,0.064935065,0.064935065,0.311688312,0.016233766,0.464285714,0.188311688,1.996753247,0.373376623,1.25,0.769480519,0.090909091,14.8961039,0.097402597,0.207792208,54204,308,0.660974061,0.947692308,0.669565217,1,62.87,23.09949076,17.33405997,25.07763982,729.1428571,674.1753247,0.148148148,1,944,0,0,0,0,0,0
622708,953,0.926470588,0.196078431,0.710784314,0.181372549,0.053921569,0.088235294,1.480392157,2.269607843,0.06372549,0.426470588,0.068627451,0.034313725,2.401960784,0.387254902,0.073529412,0.318627451,0.053921569,0.102941176,0.602941176,0.034313725,0.431372549,0.25,3.367647059,0.343137255,0.950980392,0.867647059,0.112745098,14.83333333,0.132352941,0.18627451,54261,204,0.734347526,0.935779817,0.666666667,1,50.787,19.78381991,13.42873627,55.10644819,118.8578431,678.872549,0,0,0,0,0,0,0,0,0
622708,954,0.887850467,0.186915888,0.822429907,0.299065421,0.028037383,0.065420561,1.074766355,1.682242991,0.037383178,0.411214953,0.056074766,0.028037383,2.364485981,0.317757009,3.308411215,0.345794393,0.046728972,0.14953271,1.401869159,0,0.476635514,0.289719626,7.934579439,0.289719626,1.205607477,0.682242991,0.112149533,13.92523364,0.168224299,0.158878505,54318,107,0.682883364,0.963963964,0.764285714,1,34.751,13.74025454,10.0376327,4.1140553,80.77570093,679.411215,0,0,0,0,0,0,0,0,0
622708,955,1,0.144144144,0.720720721,0.18018018,0.063063063,0.054054054,1,2.432432432,0.018018018,0.423423423,0.036036036,0.045045045,3.504504505,0.324324324,0.486486486,0.27027027,0.036036036,0.081081081,0.711711712,0.009009009,0.441441441,0.198198198,1.216216216,0.369369369,0.540540541,0.846846847,0.072072072,13.00900901,0.099099099,0.189189189,54375,111,0.64531143,0.965217391,0.656804734,1,35.81,13.71510176,10.47723508,47.43743243,222.972973,681.4234234,0,0,0,0,0,0,0,0,0
622708,956,0.913793103,0.181034483,0.534482759,0.120689655,0.043103448,0.025862069,1.051724138,1.887931034,0.034482759,0.318965517,0.051724138,0.034482759,3.051724138,0.327586207,0.068965517,0.284482759,0.051724138,0.043103448,0.465517241,0.00862069,0.448275862,0.172413793,3.517241379,0.25,0.448275862,0.715517241,0.077586207,8.25,0.068965517,0.24137931,54432,116,0.722756359,0.90625,0.659090909,1,39.151,14.8863305,10.28798647,4.467358998,381.9655172,681.4568966,0.446808511,2,946,951,0,0,0,0,0
622708,957,1.805194805,0.25974026,0.818181818,0.38961039,0.064935065,0.012987013,1.662337662,2.896103896,0.038961039,0.61038961,0.064935065,0.077922078,4.792207792,0.38961039,0.155844156,0.38961039,0.103896104,0.090909091,0.805194805,0.025974026,0.506493506,0.220779221,0.844155844,0.38961039,0.766233766,0.948051948,0.194805195,15.7012987,0.181818182,0.181818182,54489,77,0.604080366,0.9625,0.712962963,1,29.971,11.32833977,9.027819082,-73.8867142,159.5324675,683.3636364,0.810810811,4,949,950,958,968,0,0,0
622708,958,1.441558442,0.116883117,0.753246753,0.233766234,0.012987013,0.051948052,1.467532468,2.220779221,0.025974026,0.324675325,0.103896104,0.038961039,6.896103896,0.324675325,0.467532468,0.454545455,0.038961039,0.064935065,0.844155844,0.025974026,0.441558442,0.194805195,1.025974026,0.376623377,1.207792208,0.935064935,0.090909091,13.53246753,0.090909091,0.194805195,54546,77,0.371664732,0.875,0.7,1,31.997,10.78898024,10.01613345,34.46536543,167.5584416,683.4675325,0.916666667,4,950,957,966,968,0,0,0
622708,959,1.045454545,0.166666667,0.787878788,0.121212121,0.037878788,0.075757576,1.977272727,2.522727273,0.03030303,0.553030303,0.045454545,0.083333333,4.537878788,0.28030303,0.674242424,0.371212121,0.045454545,0.098484848,0.621212121,0.007575758,0.628787879,0.113636364,0.886363636,0.265151515,1.098484848,1,0.113636364,13.4469697,0.106060606,0.25,54603,132,0.631785347,0.96350365,0.785714286,1,38.671,14.81328025,11.48241627,21.33011284,465.7348485,682.8333333,0,0,0,0,0,0,0,0,0
622708,960,0.679069767,0.144186047,0.920930233,0.11627907,0.023255814,0.065116279,0.911627907,1.725581395,0.041860465,0.344186047,0.08372093,0.023255814,2.548837209,0.260465116,0.051162791,0.274418605,0.03255814,0.069767442,0.520930233,0.009302326,0.279069767,0.209302326,3.697674419,0.148837209,0.386046512,0.702325581,0.097674419,10.34883721,0.069767442,0.106976744,54660,215,0.642783941,0.922746781,0.628654971,1,53.227,19.21499847,14.71960196,35.81331751,247.5302326,681.2604651,0.328571429,1,963,0,0,0,0,0,0
622708,961,1.047619048,0.152380952,0.676190476,0.2,0.019047619,0.047619048,1.704761905,2.361904762,0.047619048,0.485714286,0.047619048,0.019047619,5.123809524,0.342857143,1.485714286,0.352380952,0.076190476,0.114285714,0.819047619,0.00952381,0.352380952,0.142857143,0.752380952,0.342857143,0.60952381,0.657142857,0.123809524,11.83809524,0.085714286,0.142857143,54717,105,0.302331696,0.954545455,0.729166667,1,34.197,11.91826996,11.36052809,-17.87902254,751.5904762,685.6952381,0,0,0,0,0,0,0,0,0
622708,962,1.127659574,0.138297872,0.638297872,0.255319149,0.031914894,0.074468085,1.138297872,2.425531915,0.042553191,0.521276596,0.010638298,0.074468085,4.404255319,0.372340426,0.308510638,0.446808511,0.074468085,0.095744681,0.478723404,0.021276596,0.5,0.127659574,1.042553191,0.29787234,0.64893617,1.021276596,0.180851064,13.17021277,0.095744681,0.138297872,54774,94,0.556350027,0.959183673,0.712121212,1,31.865,12.09120929,10.04716668,56.86903916,275.5957447,690.2978723,0,0,0,0,0,0,0,0,0
622708,963,1.079365079,0.158730159,0.738095238,0.198412698,0.023809524,0.055555556,1.103174603,2.476190476,0.007936508,0.634920635,0.055555556,0.03968254,3.357142857,0.333333333,2.436507937,0.26984127,0.023809524,0.079365079,2.603174603,0.015873016,0.301587302,0.19047619,3.841269841,0.293650794,0.912698413,0.753968254,0.150793651,14.84126984,0.142857143,0.150793651,54831,126,0.837318734,0.9,0.605769231,1,43.005,17.67809415,9.664879989,-25.59883026,239.1111111,690.1190476,0.436363636,2,960,977,0,0,0,0,0
622708,964,0.977777778,0.133333333,0.922222222,0.144444444,0.022222222,0.055555556,1.788888889,2.522222222,0.022222222,0.411111111,0.055555556,0.033333333,3.522222222,0.288888889,0.033333333,0.2,0.055555556,0.066666667,0.355555556,0.011111111,0.377777778,0.166666667,2.377777778,0.233333333,0.411111111,0.644444444,0.111111111,10.68888889,0.088888889,0.166666667,54888,90,0.464123286,0.9375,0.681818182,1,31.865,11.4804418,10.16903794,17.67546325,610.1777778,690.7,0.55,3,973,974,988,0,0,0,0
622708,965,0.73943662,0.161971831,0.669014085,0.056338028,0.028169014,0.056338028,1.126760563,1.436619718,0.021126761,0.295774648,0.049295775,0.014084507,2.091549296,0.225352113,0.035211268,0.169014085,0.014084507,0.042253521,0.302816901,0.021126761,0.26056338,0.105633803,3.190140845,0.211267606,0.345070423,0.450704225,0.049295775,8.183098592,0.070422535,0.161971831,54945,142,0.45560389,0.959459459,0.78021978,1,40.168,14.32832044,12.75482182,52.52865744,681.3028169,690.7816901,0,0,0,0,0,0,0,0,0
622708,966,1.168539326,0.269662921,0.764044944,0.146067416,0.033707865,0.08988764,1.483146067,2.337078652,0.04494382,0.359550562,0.056179775,0.06741573,7.078651685,0.247191011,0.078651685,0.235955056,0.033707865,0.033707865,0.359550562,0.011235955,0.404494382,0.191011236,1.033707865,0.314606742,0.876404494,0.595505618,0.123595506,14.06741573,0.08988764,0.224719101,55002,89,0.459428665,0.956989247,0.73553719,1,30.732,11.37906761,10.10705479,57.77117955,169.7640449,693.0674157,0.8,3,958,968,984,0,0,0,0
622708,967,1.148148148,0.157407407,0.592592593,0.185185185,0.037037037,0.074074074,1.083333333,2.425925926,0.083333333,0.555555556,0.064814815,0.027777778,4.62037037,0.37037037,0.194444444,0.324074074,0.037037037,0.064814815,0.435185185,0,0.361111111,0.092592593,0.87037037,0.305555556,0.388888889,0.833333333,0.092592593,10.14814815,0.101851852,0.12962963,55059,108,0.714223616,0.947368421,0.692307692,1,35.603,14.11837961,9.881702161,59.35852909,540.5740741,693.8703704,0,0,0,0,0,0,0,0,0
622708,968,1.760416667,0.145833333,0.75,0.135416667,0.03125,0.041666667,1.583333333,2.53125,0.09375,0.479166667,0.083333333,0,4.760416667,0.291666667,0.052083333,0.354166667,0.0625,0.083333333,0.34375,0.041666667,0.40625,0.177083333,0.947916667,0.322916667,0.666666667,0.635416667,0.145833333,13.9375,0.072916667,0.197916667,55115,96,0.655539479,0.914285714,0.727272727,1,34.933,13.02505768,9.836014336,-61.67020369,161.0104167,695.28125,0.674418605,4,957,958,966,984,0,0,0
622708,969,1.639344262,0.090163934,0.614754098,0.245901639,0.032786885,0.098360656,2.196721311,2.696721311,0.040983607,0.475409836,0.131147541,0.057377049,4.672131148,0.549180328,0.073770492,0.368852459,0.016393443,0.040983607,0.442622951,0,0.540983607,0.180327869,3.401639344,0.385245902,1.221311475,0.795081967,0.114754098,15.43442623,0.090163934,0.155737705,55172,122,0.415075098,0.960629921,0.726190476,1,36.918,13.12864122,11.94426911,65.55745163,351.5245902,694.5983607,0,0,0,0,0,0,0,0,0
622708,970,0.75,0.163043478,0.847826087,0.195652174,0.043478261,0.054347826,0.77173913,1.717391304,0.043478261,0.326086957,0.032608696,0.02173913,3.565217391,0.347826087,0.076086957,0.22826087,0.065217391,0.032608696,0.347826087,0.02173913,0.293478261,0.184782609,1.554347826,0.260869565,0.445652174,0.804347826,0.065217391,11.40217391,0.097826087,0.054347826,55229,92,0.35551153,0.958333333,0.696969697,1,31.22,11.27264227,10.53622192,0,101.5,694.7173913,0,0,0,0,0,0,0,0,0
622708,971,0.90797546,0.159509202,0.877300613,0.09202454,0.049079755,0.09202454,1.349693252,1.895705521,0.055214724,0.423312883,0.042944785,0.036809816,3.09202454,0.257668712,0.061349693,0.36809816,0.042944785,0.061349693,0.26993865,0.036809816,0.484662577,0.245398773,8.006134969,0.282208589,0.54601227,0.791411043,0.153374233,11.63803681,0.104294479,0.098159509,55286,163,0.384861772,0.953216374,0.679166667,1,43.766,15.16768329,13.9993807,-29.61536706,627.3558282,693.3251534,0.293103448,1,974,0,0,0,0,0,0
622708,972,1.333333333,0.088235294,0.656862745,0.235294118,0.049019608,0.078431373,1.745098039,3.578431373,0.088235294,0.745098039,0.068627451,0.049019608,5.264705882,0.421568627,0.68627451,0.254901961,0.039215686,0.029411765,0.931372549,0.039215686,0.490196078,0.225490196,0.754901961,0.362745098,0.735294118,0.598039216,0.12745098,12.58823529,0.088235294,0.18627451,55343,102,0.448437299,0.935779817,0.653846154,1,34.495,12.17612715,10.88319647,30.53685515,734.6960784,694.0588235,0.25,1,989,0,0,0,0,0,0
622708,973,0.563380282,0.154929577,0.788732394,0.084507042,0.014084507,0.028169014,0.577464789,0.929577465,0.056338028,0.281690141,0.098591549,0.014084507,1.38028169,0.154929577,0.070422535,0.183098592,0.070422535,0.056338028,0.225352113,0,0.323943662,0.112676056,2.943661972,0.169014085,0.422535211,0.549295775,0.056338028,8.309859155,0.14084507,0.042253521,55400,71,0.653902927,0.934210526,0.717171717,1,28.656,11.22953816,8.496026662,12.1298659,601.1126761,696.3943662,0.694444444,3,964,982,988,0,0,0,0
622708,974,1.168421053,0.221052632,0.589473684,0.084210526,0.021052632,0.031578947,1.621052632,2.031578947,0.042105263,0.494736842,0.052631579,0.105263158,7.789473684,0.347368421,0.126315789,0.368421053,0.052631579,0.073684211,0.431578947,0.010526316,0.442105263,0.210526316,4.736842105,0.463157895,1.063157895,0.610526316,0.084210526,12.36842105,0.115789474,0.136842105,55457,95,0.633420525,0.913461538,0.56547619,1,36.265,12.96105042,10.0293613,-38.79526043,617.2631579,698.2631579,0.934782609,3,964,971,988,0,0,0,0
622708,975,0.88034188,0.085470085,0.64957265,0.094017094,0.051282051,0.051282051,0.88034188,1.641025641,0.025641026,0.307692308,0.076923077,0.068376068,3.239316239,0.35042735,0.076923077,0.282051282,0.034188034,0.085470085,0.333333333,0,0.324786325,0.196581197,7.316239316,0.162393162,0.487179487,0.47008547,0.128205128,8.581196581,0.034188034,0.153846154,55514,117,0.588986034,0.928571429,0.642857143,1,38.225,13.98295755,11.30023223,-87.14981207,796.5042735,697.7350427,0.408163265,3,987,992,1002,0,0,0,0
622708,976,0.626984127,0.158730159,0.928571429,0.174603175,0.03968254,0.031746032,0.619047619,1.793650794,0.079365079,0.357142857,0.063492063,0.03968254,2.134920635,0.349206349,0.055555556,0.293650794,0.03968254,0.007936508,0.333333333,0.007936508,0.380952381,0.26984127,5.293650794,0.198412698,0.341269841,0.611111111,0.095238095,10.50793651,0.031746032,0.111111111,55571,126,0.821910035,0.933333333,0.605769231,1,40.309,16.94212536,9.6505281,30.64780731,291.5555556,697.3809524,0.226415094,1,990,0,0,0,0,0,0
622708,977,1.247787611,0.123893805,0.539823009,0.221238938,0.026548673,0.061946903,0.96460177,2.097345133,0.079646018,0.610619469,0.061946903,0.044247788,4.884955752,0.309734513,0.088495575,0.274336283,0.017699115,0.044247788,0.522123894,0.017699115,0.415929204,0.17699115,0.539823009,0.256637168,0.522123894,0.778761062,0.14159292,10.43362832,0.03539823,0.115044248,55628,113,0.397298434,0.918699187,0.724358974,1,36.827,12.7674934,11.71659419,-88.3416746,230.1238938,700.0530973,0.021276596,1,963,0,0,0,0,0,0
622708,978,2,0.128571429,0.4,0.128571429,0.042857143,0.057142857,3.9,2.457142857,0.114285714,0.457142857,0.014285714,0.042857143,8.585714286,0.742857143,0.1,0.342857143,0.042857143,0.085714286,0.257142857,0,0.557142857,0.285714286,0.814285714,0.342857143,1.342857143,0.457142857,0.1,9.457142857,0.071428571,0.085714286,55685,70,0.767367464,0.909090909,0.648148148,1,29.789,12.02023724,7.707467369,20.32807583,379.7428571,698.9857143,0.555555556,1,993,0,0,0,0,0,0
622708,979,0.662790698,0.127906977,0.895348837,0.127906977,0.011627907,0.046511628,0.593023256,1.290697674,0.023255814,0.325581395,0.081395349,0,1.465116279,0.26744186,0.069767442,0.360465116,0.011627907,0.046511628,0.209302326,0,0.302325581,0.290697674,6.418604651,0.244186047,0.372093023,0.651162791,0.046511628,9.511627907,0.011627907,0.11627907,55742,86,0.812906349,0.955555556,0.767857143,1,33.246,13.96854049,8.135200118,-2.978690268,432.7093023,698.9186047,0.487804878,1,991,0,0,0,0,0,0
622708,980,0.703389831,0.110169492,1.169491525,0.127118644,0.042372881,0.050847458,0.576271186,1.406779661,0.033898305,0.322033898,0.194915254,0.016949153,1.779661017,0.347457627,0.161016949,0.271186441,0.025423729,0.050847458,0.43220339,0.008474576,0.313559322,0.06779661,3.805084746,0.203389831,0.322033898,0.449152542,0.110169492,9.127118644,0.093220339,0.13559322,55799,118,0.178633157,0.951612903,0.756410256,1,36.066,12.45574723,12.25540583,7.740699324,568.7881356,698.8050847,0.173913043,1,994,0,0,0,0,0,0
622708,981,1.808510638,0.159574468,0.744680851,0.170212766,0.021276596,0.021276596,2.063829787,3.180851064,0.063829787,0.446808511,0.095744681,0.010638298,6.968085106,0.553191489,0.095744681,0.382978723,0.021276596,0.095744681,0.446808511,0.021276596,0.510638298,0.287234043,1.64893617,0.393617021,0.936170213,0.680851064,0.106382979,13.55319149,0.127659574,0.234042553,55856,94,0.802867483,0.94,0.746031746,1,33.618,14.29777884,8.523728574,15.29101534,462.5425532,700.2340426,0.476190476,1,998,0,0,0,0,0,0
622708,982,1.693333333,0.2,0.693333333,0.24,0.053333333,0.026666667,1.986666667,2.693333333,0.066666667,0.653333333,0.066666667,0.16,6.466666667,0.453333333,0.066666667,0.386666667,0.12,0.08,0.32,0.026666667,0.506666667,0.16,1.52,0.306666667,0.746666667,0.813333333,0.093333333,9.44,0.04,0.253333333,55913,75,0.624562465,0.974025974,0.75,1,30.864,11.54719045,9.01806541,-50.7059706,602.5066667,704.0133333,0.694444444,2,973,988,0,0,0,0,0
622708,983,0.842105263,0.236842105,0.394736842,0.052631579,0.026315789,0.039473684,1.171052632,1.407894737,0.065789474,0.276315789,0.039473684,0.092105263,2.671052632,0.25,0.039473684,0.223684211,0.039473684,0.026315789,0.328947368,0.013157895,0.407894737,0.144736842,5.210526316,0.263157895,0.381578947,0.473684211,0.144736842,7.552631579,0.092105263,0.197368421,55970,76,0.732185504,0.904761905,0.575757576,1,32.047,12.36892185,8.42453784,-64.04339851,196.1842105,700.7631579,0.487179487,1,985,0,0,0,0,0,0
622708,984,0.909090909,0.127272727,0.836363636,0.103030303,0.090909091,0.048484848,1.218181818,2.115151515,0.036363636,0.612121212,0.078787879,0.006060606,6.121212121,0.339393939,0.072727273,0.303030303,0.036363636,0.060606061,0.272727273,0.024242424,0.618181818,0.103030303,0.945454545,0.260606061,0.751515152,0.672727273,0.090909091,11.33333333,0.127272727,0.16969697,56026,165,0.924405873,0.850515464,0.551839465,1,56.94,24.20433907,9.23178313,15.3731361,172.2060606,702.0787879,0.884057971,6,966,968,985,995,996,1003,0
622708,985,0.308641975,0.12345679,0.50617284,0.098765432,0.012345679,0.037037037,0.864197531,0.950617284,0.012345679,0.160493827,0.061728395,0.037037037,1.135802469,0.172839506,0.049382716,0.197530864,0.049382716,0,0.432098765,0.024691358,0.209876543,0.135802469,2.654320988,0.111111111,0.320987654,0.518518519,0.074074074,8,0.024691358,0.086419753,56083,81,0.722430097,0.941860465,0.675,1,31.104,12.44355419,8.604020436,-63.01686464,189.4938272,702.8395062,0.825,3,983,984,996,0,0,0,0
622708,986,1.050847458,0.161016949,0.686440678,0.220338983,0.050847458,0.06779661,1.36440678,2.533898305,0.042372881,0.491525424,0.042372881,0.059322034,4.296610169,0.288135593,0.330508475,0.338983051,0.042372881,0.076271186,0.559322034,0,0.483050847,0.161016949,0.771186441,0.330508475,0.610169492,0.525423729,0.110169492,12.83050847,0.152542373,0.211864407,56140,118,0.553587167,0.921875,0.702380952,1,37.381,13.62407172,11.34600758,83.43328942,747.3559322,703.3728814,0.085106383,1,999,0,0,0,0,0,0
622708,987,0.734939759,0.337349398,0.78313253,0.108433735,0.012048193,0.084337349,0.807228916,2.072289157,0.072289157,0.56626506,0.072289157,0.072289157,2.253012048,0.325301205,3.987951807,0.240963855,0.084337349,0.156626506,1.951807229,0.012048193,0.337349398,0.265060241,10.27710843,0.204819277,0.987951807,0.530120482,0.144578313,13.24096386,0.084337349,0.180722892,56197,83,0.744581092,0.922222222,0.638461538,1,32.229,13.03869097,8.703743713,71.6768715,786.4337349,702.4698795,0.571428571,3,975,992,1002,0,0,0,0
622708,988,1.117647059,0.142857143,0.882352941,0.142857143,0.025210084,0.050420168,2.168067227,1.764705882,0.092436975,0.512605042,0.075630252,0.092436975,3.789915966,0.31092437,0.092436975,0.25210084,0.050420168,0.025210084,0.302521008,0.033613445,0.596638655,0.268907563,6.504201681,0.210084034,1.386554622,0.798319328,0.092436975,10.3697479,0.067226891,0.260504202,56254,119,0.754285271,0.952,0.676136364,1,38.87,15.4674229,10.15508736,-77.84462132,611.0168067,704.8067227,0.734693878,4,964,973,974,982,0,0,0
622708,989,1.056338028,0.126760563,0.746478873,0.23943662,0.014084507,0.056338028,2.014084507,2.704225352,0.028169014,0.464788732,0.042253521,0.028169014,4.718309859,0.352112676,0.591549296,0.338028169,0.056338028,0.126760563,1.549295775,0.014084507,0.464788732,0.126760563,0.788732394,0.338028169,1.323943662,0.76056338,0.084507042,14.43661972,0.084507042,0.183098592,56311,71,0.731499345,0.934210526,0.657407407,1,29.045,11.69576378,7.97466465,13.39474768,730.4647887,703.5211268,0.722222222,2,972,999,0,0,0,0,0
622708,990,1.158878505,0.14953271,0.794392523,0.196261682,0.074766355,0.056074766,0.859813084,2,0.046728972,0.457943925,0.056074766,0.018691589,3.401869159,0.429906542,0.308411215,0.457943925,0.093457944,0.168224299,0.719626168,0.009345794,0.308411215,0.205607477,1.46728972,0.308411215,0.495327103,0.672897196,0.214953271,10.98130841,0.074766355,0.093457944,56368,107,0.300079849,0.963963964,0.743055556,1,34.106,12.03059444,11.4761535,45,299.8785047,704.8785047,0.272727273,1,976,0,0,0,0,0,0
622708,991,1.038461538,0.076923077,0.451923077,0.182692308,0.019230769,0.048076923,0.980769231,1.855769231,0.028846154,0.375,0.086538462,0.038461538,3.673076923,0.317307692,0.028846154,0.288461538,0.028846154,0.096153846,0.221153846,0,0.365384615,0.269230769,2.961538462,0.278846154,0.471153846,0.634615385,0.173076923,10.04807692,0.105769231,0.182692308,56425,104,0.698195374,0.888888889,0.675324675,1,38.109,14.15055393,10.13048444,-9.792217137,436.3173077,706.2019231,0.434782609,1,979,0,0,0,0,0,0
622708,992,0.952380952,0.166666667,1.166666667,0.238095238,0.023809524,0.047619048,0.976190476,2.714285714,0.047619048,0.5,0.166666667,0.023809524,1.404761905,0.285714286,2.30952381,0.333333333,0.071428571,0.023809524,1.80952381,0,0.380952381,0.119047619,4.476190476,0.238095238,0.785714286,0.642857143,0.095238095,12.83333333,0.095238095,0.238095238,56482,42,0.542498344,0.893617021,0.583333333,1,23.413,8.543423607,7.176961703,78.62307245,791.952381,705.047619,1,3,975,987,1002,0,0,0,0
622708,993,1.051724138,0.137931034,0.568965517,0.103448276,0.043103448,0.060344828,0.99137931,1.310344828,0.034482759,0.155172414,0.060344828,0.017241379,6.594827586,0.232758621,0.025862069,0.353448276,0.077586207,0.068965517,0.344827586,0.025862069,0.370689655,0.103448276,1.155172414,0.146551724,0.50862069,0.439655172,0.068965517,7.810344828,0.060344828,0.034482759,56539,116,0.892800176,0.828571429,0.555023923,1,44.386,19.23034296,8.662364406,-0.751006159,385.1293103,704.7327586,0.727272727,2,978,1000,0,0,0,0,0
622708,994,0.75,0.204545455,0.931818182,0.125,0.011363636,0.068181818,1.238636364,1.943181818,0.045454545,0.511363636,0.022727273,0.022727273,4.136363636,0.306818182,0.193181818,0.193181818,0.022727273,0.136363636,0.454545455,0.022727273,0.568181818,0.102272727,4.920454545,0.170454545,0.409090909,0.636363636,0.159090909,10.03409091,0.068181818,0.159090909,56596,88,0.622298846,0.916666667,0.666666667,1,32.419,12.22276065,9.567729605,-19.18290713,580.7613636,704.75,0.536585366,2,980,1001,0,0,0,0,0
622708,995,1.482142857,0.571428571,1.053571429,0.178571429,0,0.053571429,1.321428571,2.125,0.035714286,0.410714286,0.053571429,0.035714286,10.10714286,0.428571429,0.178571429,0.339285714,0.107142857,0.053571429,0.321428571,0.017857143,0.482142857,0.178571429,0.964285714,0.196428571,0.571428571,0.660714286,0.107142857,12.5,0.071428571,0.196428571,56653,56,0.555075565,0.965517241,0.777777778,1,24.066,9.354422968,7.781008332,9.819253921,173.1428571,709.4821429,0.833333333,3,984,996,1003,0,0,0,0
622708,996,0.625,0.078125,0.96875,0.140625,0.0625,0.0625,0.875,1.71875,0.03125,0.40625,0.078125,0.015625,2.046875,0.125,0.046875,0.34375,0.0625,0.078125,0.296875,0,0.5,0.140625,0.671875,0.28125,0.375,0.640625,0.078125,11.9375,0.09375,0.1875,56710,64,0.282092245,0.901408451,0.711111111,1,27.804,9.524504612,9.137688633,-42.3298046,180.84375,707.4375,0.764705882,3,984,985,995,0,0,0,0
622708,997,0.837606838,0.11965812,0.658119658,0.213675214,0.034188034,0.076923077,1.025641026,2.393162393,0.051282051,0.487179487,0.076923077,0.034188034,3.307692308,0.35042735,0.068376068,0.367521368,0.085470085,0.111111111,0.376068376,0,0.427350427,0.162393162,0.700854701,0.273504274,0.606837607,0.735042735,0.162393162,13.90598291,0.136752137,0.213675214,56767,117,0.760233532,0.943548387,0.642857143,1,37.77,15.31096283,9.946765292,50.22678391,140.1538462,707.008547,0,0,0,0,0,0,0,0,0
622708,998,0.620253165,0.126582278,1.03164557,0.17721519,0.044303797,0.075949367,1.455696203,1.620253165,0.050632911,0.221518987,0.063291139,0.044303797,2.411392405,0.259493671,0.088607595,0.278481013,0.037974684,0.069620253,0.424050633,0.012658228,0.35443038,0.221518987,4.449367089,0.259493671,0.474683544,0.481012658,0.082278481,9.575949367,0.107594937,0.113924051,56824,158,0.80372263,0.913294798,0.639676113,1,47.016,18.63495713,11.08787676,-4.414539383,463.8037975,709,0.333333333,1,981,0,0,0,0,0,0
622708,999,1.073170732,0.170731707,0.524390244,0.158536585,0.012195122,0.085365854,1.195121951,2.548780488,0.073170732,0.585365854,0.036585366,0.036585366,5.402439024,0.292682927,0.109756098,0.341463415,0.097560976,0.085365854,0.353658537,0.024390244,0.451219512,0.207317073,0.975609756,0.268292683,0.597560976,0.804878049,0.182926829,12.68292683,0.146341463,0.109756098,56881,82,0.777622675,0.891304348,0.585714286,1,32.899,13.11162458,8.243688022,6.393994742,734.7439024,709.5731707,0.5,2,986,989,0,0,0,0,0
622708,1000,1.4,0.133333333,0.5,0.077777778,0.033333333,0.033333333,0.7,1.3,0.033333333,0.422222222,0.088888889,0,7.5,0.244444444,0.1,0.2,0.077777778,0.033333333,0.288888889,0.033333333,0.411111111,0.111111111,1.122222222,0.288888889,0.455555556,0.433333333,0.088888889,8.533333333,0.033333333,0.055555556,56937,90,0.85468949,0.927835052,0.714285714,1,34.718,15.19321748,7.887400133,-12.5974896,381.0444444,710.7777778,0.536585366,1,993,0,0,0,0,0,0
622708,1001,0.879518072,0.192771084,0.710843373,0.192771084,0.036144578,0.012048193,1.614457831,2.578313253,0.036144578,0.530120482,0.024096386,0.036144578,4.927710843,0.361445783,2.385542169,0.265060241,0.120481928,0.120481928,1.638554217,0.012048193,0.373493976,0.180722892,1.168674699,0.421686747,0.481927711,0.530120482,0.204819277,10.28915663,0.108433735,0.144578313,56994,83,0.24183865,0.922222222,0.628787879,1,31.774,10.67229576,10.35550443,-38.47124826,577.6626506,712.4939759,0.45,1,994,0,0,0,0,0,0
622708,1002,0.744897959,0.163265306,0.612244898,0.173469388,0.010204082,0.010204082,1.020408163,2.112244898,0.06122449,0.387755102,0.102040816,0.020408163,3.224489796,0.255102041,0.112244898,0.336734694,0.030612245,0.06122449,0.265306122,0.010204082,0.346938776,0.132653061,3.785714286,0.244897959,0.591836735,0.602040816,0.12244898,9.989795918,0.051020408,0.193877551,57051,98,0.744454632,0.91588785,0.7,1,34.47,13.86108639,9.254673815,-4.546059045,794.877551,711.877551,0.395348837,3,975,987,992,0,0,0,0
622708,1004,1.181818182,0.170454545,0.886363636,0.227272727,0.034090909,0.090909091,1.034090909,2.704545455,0.068181818,0.590909091,0.068181818,0.011363636,3.056818182,0.215909091,0.272727273,0.340909091,0.056818182,0.147727273,0.784090909,0,0.613636364,0.318181818,4.545454545,0.238636364,0.568181818,0.875,0.113636364,18.60227273,0.102272727,0.125,57165,88,0.767042255,0.926315789,0.628571429,1,32.99,13.44708498,8.627603808,12.15139139,260.5909091,713.2386364,0.627906977,3,1006,1009,1010,0,0,0,0
622708,1005,1.284090909,0.136363636,0.659090909,0.261363636,0.034090909,0.113636364,1.488636364,1.806818182,0.056818182,0.454545455,0.068181818,0.034090909,6.681818182,0.25,0.113636364,0.306818182,0.068181818,0.079545455,0.409090909,0,0.409090909,0.147727273,0.590909091,0.431818182,0.545454545,0.715909091,0.056818182,14.95454545,0.068181818,0.193181818,57222,88,0.480501185,0.936170213,0.727272727,1,32.667,11.60750864,10.17971633,-65.13471563,151.3863636,714.7272727,0.435897436,1,1003,0,0,0,0,0,0
622708,1006,0.693069307,0.099009901,0.415841584,0.118811881,0.02970297,0.099009901,1.366336634,1.574257426,0.04950495,0.366336634,0.01980198,0.02970297,5.534653465,0.326732673,0.138613861,0.297029703,0.069306931,0.04950495,0.445544554,0,0.376237624,0.148514851,3.801980198,0.287128713,0.623762376,0.732673267,0.069306931,13.42574257,0.108910891,0.138613861,57279,101,0.751351729,0.943925234,0.655844156,1,34.95,14.12496231,9.32109012,61.82733035,246.9306931,714.5841584,0.4,2,1004,1009,0,0,0,0,0
622708,1007,0.92920354,0.123893805,0.601769912,0.168141593,0.03539823,0.008849558,1.283185841,2.300884956,0.061946903,0.265486726,0.017699115,0.061946903,3.707964602,0.327433628,0.07079646,0.415929204,0.053097345,0.044247788,0.495575221,0,0.353982301,0.256637168,3.646017699,0.168141593,0.575221239,0.734513274,0.097345133,9.017699115,0.079646018,0.123893805,57336,113,0.65678473,0.86259542,0.579487179,1,41.136,14.5255656,10.95341127,9.480891271,480.5929204,719.7079646,0.568627451,2,1015,1019,0,0,0,0,0
622708,1008,0.421568627,0.107843137,0.725490196,0.137254902,0.009803922,0.039215686,0.87254902,1.37254902,0.019607843,0.343137255,0.058823529,0.068627451,1.794117647,0.225490196,0.411764706,0.284313725,0.058823529,0.029411765,0.598039216,0.039215686,0.352941176,0.333333333,7.607843137,0.156862745,0.333333333,0.578431373,0.107843137,9.480392157,0.019607843,0.049019608,57393,102,0.606279401,0.953271028,0.653846154,1,34.222,12.89975744,10.2585542,36.56137979,55.01960784,720.2843137,0,0,0,0,0,0,0,0,0
622708,1009,0.88034188,0.170940171,0.94017094,0.170940171,0.034188034,0.034188034,1.076923077,2.247863248,0.051282051,0.41025641,0.051282051,0.05982906,3.487179487,0.324786325,0.051282051,0.384615385,0.034188034,0.068376068,0.512820513,0.034188034,0.418803419,0.256410256,5.606837607,0.333333333,0.717948718,0.675213675,0.128205128,14.18803419,0.153846154,0.102564103,57450,117,0.591547394,0.959016393,0.65,1,38.035,13.87039427,11.18328596,83.39927707,252.7606838,722.1709402,0.75,3,1004,1006,1010,0,0,0,0
622708,1010,0.934782609,0.163043478,0.956521739,0.141304348,0.054347826,0.130434783,0.760869565,1.804347826,0.054347826,0.510869565,0.086956522,0.010869565,3.304347826,0.27173913,0.108695652,0.336956522,0.010869565,0.032608696,0.336956522,0,0.391304348,0.141304348,3.47826087,0.119565217,0.402173913,0.652173913,0.163043478,17.90217391,0.054347826,0.097826087,57507,92,0.796488522,0.929292929,0.643356643,1,34.371,14.09082803,8.520070575,44.21913759,262.7391304,721,0.619047619,2,1004,1009,0,0,0,0,0
622708,1011,1.256038647,0.198067633,0.458937198,0.164251208,0.038647343,0.06763285,1.550724638,2.231884058,0.033816425,0.594202899,0.086956522,0.043478261,6.439613527,0.338164251,0.164251208,0.285024155,0.024154589,0.057971014,0.333333333,0.004830918,0.753623188,0.1352657,0.671497585,0.342995169,0.415458937,0.536231884,0.101449275,10.90821256,0.077294686,0.164251208,57564,207,0.627941195,0.936651584,0.71875,1,51.267,18.52480559,14.41712981,32.00066658,318.5652174,721.2028986,0,0,0,0,0,0,0,0,0
622708,1012,1.053333333,0.16,0.386666667,0.093333333,0.026666667,0.053333333,2.173333333,2.32,0.066666667,0.626666667,0.066666667,0.026666667,4.64,0.333333333,0.08,0.333333333,0.066666667,0.066666667,0.266666667,0,0.44,0.12,0.84,0.333333333,0.666666667,0.733333333,0.16,10.37333333,0.106666667,0.146666667,57621,75,0.5720827,0.949367089,0.757575758,1,28.383,10.88761881,8.929980774,-4.901053302,566.84,720.04,0.527777778,1,1016,0,0,0,0,0,0
622708,1013,0.642857143,0.098214286,0.482142857,0.089285714,0,0.053571429,0.857142857,2.151785714,0.0625,0.491071429,0.035714286,0.008928571,3.3125,0.285714286,2.839285714,0.276785714,0.026785714,0.071428571,2,0.017857143,0.339285714,0.285714286,6.446428571,0.357142857,0.5,0.535714286,0.080357143,9.303571429,0.0625,0.151785714,57678,112,0.598481743,0.965517241,0.717948718,1,35.049,13.42176552,10.75266552,-39.91504589,730.1428571,722.2321429,0,0,0,0,0,0,0,0,0
622708,1014,1.023809524,0.119047619,0.678571429,0.166666667,0.047619048,0.05952381,1.011904762,2.083333333,0.023809524,0.428571429,0.154761905,0.011904762,5.69047619,0.273809524,0.047619048,0.285714286,0.035714286,0.035714286,0.5,0,0.535714286,0.273809524,9.238095238,0.25,0.428571429,0.738095238,0.214285714,9.880952381,0.047619048,0.083333333,57735,84,0.456482908,0.884210526,0.694214876,1,33.064,11.32536176,10.07653882,-84.08095707,459.1309524,722.9642857,0.65,2,1015,1026,0,0,0,0,0
622708,1015,1.328947368,0.131578947,0.513157895,0.184210526,0.013157895,0.026315789,1.171052632,2.513157895,0.026315789,0.592105263,0.026315789,0.039473684,4.131578947,0.394736842,0.092105263,0.263157895,0.078947368,0.078947368,0.328947368,0,0.473684211,0.171052632,1.210526316,0.276315789,0.552631579,0.684210526,0.092105263,9.210526316,0.039473684,0.223684211,57792,76,0.502516049,0.915662651,0.690909091,1,29.144,10.72130192,9.269293277,18.89864693,467.7763158,722.75,0.837837838,3,1007,1014,1030,0,0,0,0
622708,1016,1.213483146,0.168539326,0.606741573,0.258426966,0.04494382,0.06741573,1.640449438,2.426966292,0.02247191,0.483146067,0.056179775,0.033707865,5.93258427,0.337078652,0.06741573,0.393258427,0.056179775,0.101123596,0.325842697,0.011235955,0.460674157,0.157303371,0.853932584,0.325842697,0.483146067,0.629213483,0.202247191,13.73033708,0.033707865,0.168539326,57848,89,0.799166161,0.881188119,0.706349206,1,34.66,14.22546659,8.551072761,-1.409156595,568.8426966,727.1910112,0.431818182,1,1012,0,0,0,0,0,0
622708,1017,1.384,0.176,0.376,0.152,0.04,0.072,1.472,2.256,0.056,0.336,0.08,0.04,8.648,0.472,0.904,0.496,0.064,0.032,0.968,0.008,0.4,0.232,3.08,0.304,1.176,0.64,0.128,15.152,0.064,0.168,57905,125,0.720521529,0.912408759,0.637755102,1,40.102,15.55585941,10.78693954,50.71880539,228.704,725.568,0.365384615,1,1023,0,0,0,0,0,0
622708,1018,0.968944099,0.124223602,0.776397516,0.236024845,0.068322981,0.055900621,2.074534161,2.416149068,0.043478261,0.577639752,0.068322981,0.043478261,3.192546584,0.459627329,0.074534161,0.316770186,0.068322981,0.086956522,0.527950311,0.01863354,0.590062112,0.260869565,3.043478261,0.298136646,1.614906832,1.049689441,0.136645963,16.34782609,0.074534161,0.124223602,57962,161,0.644168814,0.941520468,0.670833333,1,44.593,16.55408122,12.6619411,-34.3414608,356.7763975,726.8881988,0.473684211,2,1031,1033,0,0,0,0,0
622708,1019,1.125925926,0.088888889,0.703703704,0.192592593,0.02962963,0.074074074,0.896296296,1.837037037,0.014814815,0.37037037,0.059259259,0.051851852,3.525925926,0.244444444,0.088888889,0.251851852,0.059259259,0.02962963,0.318518519,0,0.392592593,0.148148148,4.474074074,0.222222222,0.362962963,0.577777778,0.103703704,8.962962963,0.081481481,0.162962963,58019,135,0.626399912,0.9375,0.68877551,1,40.375,15.00482798,11.69629132,44.67088547,482.6666667,729.4518519,0.921568627,3,1007,1030,1036,0,0,0,0
622708,1020,0.694915254,0.152542373,0.754237288,0.177966102,0.008474576,0.050847458,2.118644068,1.991525424,0.059322034,0.372881356,0.025423729,0.050847458,3.127118644,0.296610169,0.279661017,0.288135593,0.033898305,0.050847458,0.508474576,0.008474576,0.483050847,0.262711864,5.644067797,0.186440678,1.016949153,0.550847458,0.13559322,10.65254237,0.042372881,0.161016949,58076,118,0.516737379,0.951612903,0.698224852,1,36.455,13.34342534,11.42389302,-40.85102783,610.8474576,727.4152542,0.191489362,1,1028,0,0,0,0,0,0
622708,1021,1.046666667,0.113333333,0.64,0.133333333,0.026666667,0.086666667,0.893333333,2.293333333,0.013333333,0.546666667,0.06,0.006666667,2.18,0.186666667,0.1,0.266666667,0.086666667,0.033333333,0.446666667,0.013333333,0.433333333,0.16,0.64,0.206666667,0.473333333,0.66,0.04,9.293333333,0.033333333,0.12,58133,150,0.564356703,0.967741935,0.714285714,1,41.599,15.38594356,12.70157412,29.08466183,16.72666667,728.9933333,0,0,0,0,0,0,0,0,0
622708,1022,1.32967033,0.197802198,0.516483516,0.120879121,0.021978022,0.032967033,0.813186813,3.065934066,0.032967033,0.593406593,0.032967033,0.043956044,5.164835165,0.318681319,0.120879121,0.252747253,0.098901099,0.054945055,0.373626374,0.010989011,0.593406593,0.131868132,0.747252747,0.417582418,0.362637363,0.549450549,0.087912088,10.74725275,0.054945055,0.252747253,58190,91,0.516372145,0.93814433,0.689393939,1,31.774,11.76683878,10.07670061,72.72581647,80.1978022,730.3076923,0.238095238,1,1040,0,0,0,0,0,0
622708,1023,1.211009174,0.128440367,0.302752294,0.155963303,0.009174312,0.110091743,0.972477064,1.724770642,0.018348624,0.357798165,0.064220183,0.04587156,7.082568807,0.422018349,1.52293578,0.330275229,0.036697248,0.055045872,0.642201835,0,0.486238532,0.128440367,0.568807339,0.229357798,0.76146789,0.614678899,0.055045872,11.30275229,0.128440367,0.100917431,58247,109,0.674313544,0.915966387,0.698717949,1,35.785,13.88830303,10.25575006,62.23301097,236.5321101,730.2293578,0.434782609,1,1017,0,0,0,0,0,0
622708,1024,0.849557522,0.221238938,0.477876106,0.265486726,0.044247788,0.026548673,1.469026549,1.654867257,0.07079646,0.513274336,0.017699115,0.008849558,4.681415929,0.265486726,0.097345133,0.238938053,0.061946903,0.10619469,0.265486726,0,0.424778761,0.159292035,1,0.283185841,0.539823009,0.566371681,0.10619469,10.20353982,0.132743363,0.115044248,58304,113,0.575255868,0.949579832,0.724358974,1,35.603,13.36074562,10.92873619,63.50641162,744.159292,729.920354,0,0,0,0,0,0,0,0,0
622708,1025,0.534351145,0.145038168,0.854961832,0.244274809,0.038167939,0.045801527,0.877862595,1.977099237,0.038167939,0.244274809,0.053435115,0.030534351,2.381679389,0.251908397,0.290076336,0.290076336,0.022900763,0.045801527,0.419847328,0.015267176,0.442748092,0.198473282,2.541984733,0.267175573,0.404580153,0.687022901,0.114503817,12.32824427,0.053435115,0.213740458,58361,131,0.321352233,0.95620438,0.775147929,1,38.026,13.34187225,12.63421583,90,168,733.8931298,0,0,0,0,0,0,0,0,0
622708,1026,1.222222222,0.122222222,0.577777778,0.288888889,0,0.077777778,1.055555556,2.833333333,0.133333333,0.477777778,0.055555556,0.033333333,4.111111111,0.377777778,0.177777778,0.277777778,0.066666667,0.088888889,0.433333333,0,0.555555556,0.222222222,1.655555556,0.311111111,0.666666667,0.633333333,0.044444444,11.72222222,0.033333333,0.144444444,58418,90,0.50823096,0.957446809,0.75,1,31.013,11.6180033,10.00566626,20.32071688,456.5666667,732.3111111,0.5,2,1014,1030,0,0,0,0,0
622708,1027,1.881818182,0.136363636,0.681818182,0.154545455,0.036363636,0.054545455,1.5,2.663636364,0.045454545,0.372727273,0.054545455,0.081818182,6.145454545,0.318181818,0.1,0.390909091,0.045454545,0.054545455,0.5,0.009090909,0.445454545,0.163636364,1.054545455,0.227272727,0.7,0.636363636,0.045454545,11.28181818,0.045454545,0.145454545,58475,110,0.744990995,0.948275862,0.654761905,1,35.901,14.59768958,9.737746786,33.07563572,547.8545455,732.5727273,0.29787234,1,1043,0,0,0,0,0,0
622708,1028,0.846774194,0.177419355,0.540322581,0.112903226,0.072580645,0.048387097,0.89516129,1.516129032,0.040322581,0.427419355,0.024193548,0.096774194,7.10483871,0.225806452,0.056451613,0.193548387,0.080645161,0.024193548,0.508064516,0.008064516,0.241935484,0.10483871,1,0.298387097,0.338709677,0.709677419,0.096774194,11.16129032,0.112903226,0.129032258,58532,124,0.375721116,0.96124031,0.794871795,1,36.802,13.10613095,12.14588115,-30.23125063,599.25,732.5564516,0.195652174,1,1020,0,0,0,0,0,0
622708,1029,1.112359551,0.101123596,0.707865169,0.224719101,0.02247191,0.033707865,0.91011236,2.134831461,0.02247191,0.629213483,0.056179775,0.011235955,3.101123596,0.292134831,0.584269663,0.404494382,0.033707865,0.06741573,0.752808989,0.02247191,0.325842697,0.146067416,4.662921348,0.314606742,0.404494382,0.629213483,0.134831461,12.39325843,0.101123596,0.202247191,58589,89,0.84923337,0.881188119,0.593333333,1,35.14,15.0798991,7.962453527,23.44327193,400.1797753,734.1235955,0.488888889,1,1035,0,0,0,0,0,0
622708,1030,1.389162562,0.261083744,0.827586207,0.201970443,0.024630542,0.054187192,1.615763547,2.901477833,0.054187192,0.571428571,0.054187192,0.0591133,5.556650246,0.389162562,0.064039409,0.399014778,0.088669951,0.113300493,0.527093596,0.014778325,0.408866995,0.18226601,1.733990148,0.305418719,0.911330049,0.857142857,0.118226601,13.13793103,0.103448276,0.270935961,58646,203,0.679974118,0.95754717,0.712280702,1,50.506,19.01873408,13.94522267,-71.25996084,470.7142857,736.9408867,0.446153846,3,1015,1019,1026,0,0,0,0
622708,1031,0.753623188,0.217391304,0.710144928,0.173913043,0.014492754,0.115942029,0.811594203,1.956521739,0.028985507,0.579710145,0.072463768,0.028985507,4.028985507,0.333333333,2.463768116,0.202898551,0.014492754,0.086956522,1.942028986,0.014492754,0.405797101,0.188405797,0.724637681,0.173913043,0.898550725,0.797101449,0.115942029,15.23188406,0.115942029,0.115942029,58703,69,0.742477337,0.907894737,0.570247934,1,29.343,11.73701803,7.862290173,-41.19061471,354.1014493,735.9565217,1,3,1018,1033,1039,0,0,0,0
622708,1032,1.544117647,0.191176471,0.485294118,0.25,0.117647059,0.088235294,2.073529412,2.220588235,0.029411765,0.5,0.044117647,0.044117647,5.735294118,0.411764706,1.882352941,0.235294118,0.044117647,0.161764706,1.573529412,0.014705882,0.441176471,0.117647059,0.897058824,0.279411765,0.941176471,1.102941176,0.117647059,13.55882353,0.117647059,0.147058824,58759,68,0.799110354,0.918918919,0.653846154,1,30.914,12.39914103,7.454169746,0.498823579,203.2794118,736.1911765,0.527777778,1,1042,0,0,0,0,0,0
622708,1033,0.881188119,0.148514851,0.584158416,0.217821782,0.04950495,0.01980198,1.346534653,2.138613861,0.03960396,0.435643564,0.02970297,0.04950495,3.910891089,0.504950495,0.059405941,0.247524752,0.079207921,0.069306931,0.366336634,0.00990099,0.514851485,0.158415842,0.752475248,0.316831683,0.623762376,0.544554455,0.108910891,11.51485149,0.128712871,0.099009901,58816,101,0.553778956,0.952830189,0.765151515,1,33.155,12.49318823,10.40262457,57.27558462,364.990099,736.5841584,0.404761905,2,1018,1031,0,0,0,0,0
622708,1034,1.492857143,0.178571429,0.957142857,0.178571429,0.028571429,0.042857143,1.764285714,2.685714286,0.021428571,0.378571429,0.071428571,0.021428571,4.235714286,0.385714286,0.057142857,0.278571429,0.05,0.042857143,0.457142857,0,0.464285714,0.207142857,7.95,0.242857143,0.807142857,0.792857143,0.135714286,11.8,0.107142857,0.114285714,58873,140,0.678484703,0.880503145,0.666666667,1,45.122,16.49234939,12.1155195,53.09068601,496.35,738.1857143,0.763636364,3,1036,1050,1060,0,0,0,0
622708,1035,1.625,0.166666667,0.930555556,0.388888889,0.027777778,0.027777778,1.111111111,2.847222222,0.013888889,0.513888889,0.097222222,0.027777778,7.833333333,0.402777778,0.055555556,0.25,0.083333333,0.027777778,0.375,0.027777778,0.611111111,0.236111111,5.013888889,0.375,0.472222222,0.611111111,0.111111111,12.27777778,0.083333333,0.208333333,58930,72,0.736392934,0.923076923,0.666666667,1,29.971,12.05021235,8.152620546,21.25301622,404.2916667,739.3194444,0.552631579,1,1029,0,0,0,0,0,0
622708,1036,1.288461538,0.134615385,0.990384615,0.115384615,0.057692308,0.009615385,1.057692308,1.817307692,0.048076923,0.451923077,0.048076923,0.076923077,3.548076923,0.25,0.067307692,0.259615385,0.048076923,0.028846154,0.307692308,0,0.288461538,0.221153846,7.269230769,0.201923077,0.384615385,0.586538462,0.105769231,9.884615385,0.076923077,0.144230769,58987,104,0.635152473,0.928571429,0.619047619,1,36.827,13.512391,10.43679216,53.15707436,486.75,738.7403846,0.787234043,2,1019,1034,0,0,0,0,0
622708,1037,0.803738318,0.121495327,0.700934579,0.271028037,0.018691589,0.121495327,1.168224299,1.672897196,0.056074766,0.327102804,0.028037383,0.046728972,3.102803738,0.261682243,0.093457944,0.23364486,0.018691589,0.093457944,0.224299065,0.009345794,0.476635514,0.121495327,0.635514019,0.252336449,0.523364486,0.626168224,0.093457944,9.757009346,0.112149533,0.112149533,59044,107,0.698770956,0.938596491,0.648484848,1,36.728,14.0369679,10.04128149,-13.38971879,269.8130841,738.8971963,0,0,0,0,0,0,0,0,0
622708,1038,0.622340426,0.127659574,1.468085106,0.063829787,0.042553191,0.095744681,0.75,1.521276596,0.042553191,0.271276596,0.063829787,0.04787234,2.053191489,0.271276596,0.04787234,0.393617021,0.053191489,0.074468085,0.414893617,0.010638298,0.335106383,0.212765957,2.276595745,0.218085106,0.377659574,0.563829787,0.106382979,12.29255319,0.106382979,0.085106383,59101,188,0.749512607,0.949494949,0.659649123,1,48.546,19.15286985,12.67900964,29.23809954,682.8723404,739.7074468,0.380952381,2,1047,1055,0,0,0,0,0
622708,1039,0.8,0.157894737,0.484210526,0.168421053,0.010526316,0.126315789,1.821052632,1.736842105,0.021052632,0.5,0.042105263,0.052631579,3.421052632,0.257894737,1.068421053,0.252631579,0.073684211,0.126315789,1.063157895,0.021052632,0.652631579,0.242105263,3.015789474,0.257894737,2.036842105,0.921052632,0.121052632,15.25789474,0.126315789,0.152631579,59158,190,0.660800071,0.969387755,0.703703704,1,48.141,18.25585213,13.70214829,18.22638669,343.6578947,740.9631579,0.274193548,1,1031,0,0,0,0,0,0
622708,1040,1.605042017,0.100840336,0.630252101,0.12605042,0.042016807,0.058823529,1.386554622,2.647058824,0.042016807,0.504201681,0.075630252,0.025210084,5.12605042,0.428571429,0.453781513,0.31092437,0.050420168,0.050420168,0.613445378,0.008403361,0.588235294,0.142857143,1.260504202,0.285714286,0.596638655,0.56302521,0.100840336,10.82352941,0.117647059,0.168067227,59215,119,0.685023652,0.944444444,0.721212121,1,37.1,14.52758596,10.58364894,1.866861246,83.42016807,741.1596639,0.531914894,2,1022,1056,0,0,0,0,0
622708,1041,1.597402597,0.103896104,0.896103896,0.298701299,0.038961039,0.103896104,1.246753247,2.688311688,0.051948052,0.675324675,0.051948052,0.077922078,3.675324675,0.376623377,0.688311688,0.441558442,0.064935065,0.090909091,0.454545455,0.025974026,0.558441558,0.194805195,0.922077922,0.480519481,0.818181818,0.792207792,0.12987013,14.94805195,0.142857143,0.077922078,59272,77,0.775477161,0.916666667,0.712962963,1,30.988,12.82431253,8.096958269,-20.82871392,129.3246753,740.2727273,0.605263158,2,1045,1049,0,0,0,0,0
622708,1043,1.821138211,0.268292683,0.447154472,0.162601626,0.040650407,0.056910569,1.154471545,3.211382114,0.024390244,0.585365854,0.056910569,0.113821138,8.016260163,0.512195122,0.138211382,0.325203252,0.040650407,0.073170732,0.390243902,0.008130081,0.487804878,0.178861789,0.93495935,0.398373984,0.463414634,0.617886179,0.097560976,11.33333333,0.113821138,0.138211382,59386,123,0.817507239,0.917910448,0.657754011,1,40.284,16.71137179,9.6243852,12.49461939,544.9349593,742.9918699,0.26,1,1027,0,0,0,0,0,0
622708,1044,1.682352941,0.082352941,0.317647059,0.211764706,0.035294118,0.082352941,1.917647059,2.905882353,0.023529412,0.564705882,0.023529412,0.094117647,9.941176471,0.494117647,0.082352941,0.411764706,0.047058824,0.070588235,0.4,0.011764706,0.376470588,0.435294118,0.694117647,0.211764706,0.717647059,0.6,0.105882353,12.23529412,0.164705882,0.376470588,59443,85,0.613413763,0.95505618,0.708333333,1,30.641,11.79812944,9.317710859,17.094309,634.8235294,741.3882353,0.435897436,2,1057,1058,0,0,0,0,0
622708,1045,0.868421053,0.140350877,0.728070175,0.315789474,0.070175439,0.035087719,1.026315789,2.236842105,0.043859649,0.438596491,0.061403509,0.043859649,4.307017544,0.298245614,0.096491228,0.342105263,0.043859649,0.105263158,0.631578947,0.01754386,0.5,0.096491228,0.938596491,0.324561404,0.622807018,0.649122807,0.131578947,16.06140351,0.149122807,0.122807018,59500,114,0.559783733,0.93442623,0.674556213,1,36.273,13.36687397,11.0763097,-41.34904279,140.9298246,743.1052632,0.255319149,2,1041,1049,0,0,0,0,0
622708,1046,1.441176471,0.117647059,0.75,0.205882353,0,0.117647059,1.632352941,3.176470588,0.073529412,0.647058824,0.029411765,0.044117647,4.588235294,0.470588235,0.147058824,0.441176471,0.044117647,0.058823529,0.441176471,0,0.485294118,0.279411765,1.088235294,0.455882353,0.514705882,0.779411765,0.088235294,11.98529412,0.088235294,0.161764706,59557,68,0.609911718,0.944444444,0.85,1,27.316,10.59899094,8.399375632,-81.68582193,772.1764706,744.3823529,0.5,3,1048,1052,1059,0,0,0,0
622708,1047,1.518987342,0.151898734,0.708860759,0.164556962,0.025316456,0.025316456,1.518987342,1.82278481,0.063291139,0.620253165,0.075949367,0.037974684,5.278481013,0.35443038,0.443037975,0.379746835,0.063291139,0.139240506,0.493670886,0.012658228,0.544303797,0.17721519,0.797468354,0.341772152,0.962025316,0.696202532,0.17721519,18.50632911,0.088607595,0.240506329,59614,79,0.553828899,0.94047619,0.797979798,1,29.301,11.07201054,9.218893682,-76.6196408,693.9873418,744.7974684,0.583333333,2,1038,1055,0,0,0,0,0
622708,1048,0.923076923,0.115384615,0.923076923,0.346153846,0.057692308,0.096153846,1.576923077,2.403846154,0.076923077,0.557692308,0.038461538,0.038461538,3.230769231,0.307692308,0.096153846,0.384615385,0.019230769,0.019230769,0.423076923,0.019230769,0.75,0.269230769,1.846153846,0.384615385,0.596153846,0.711538462,0.192307692,11.51923077,0,0.192307692,59670,52,0.83056725,0.8125,0.472727273,1,30.98,12.121638,6.750762586,-57.92501585,765.7115385,743.6153846,0.909090909,3,1046,1052,1059,0,0,0,0
622708,1049,1.02739726,0.109589041,0.863013699,0.301369863,0.054794521,0.150684932,1.02739726,2.315068493,0.04109589,0.493150685,0.068493151,0.01369863,2.739726027,0.328767123,0.109589041,0.328767123,0.095890411,0.02739726,0.260273973,0,0.520547945,0.191780822,6.452054795,0.369863014,0.589041096,1,0.150684932,13.90410959,0.109589041,0.109589041,59727,73,0.75217923,0.948051948,0.701923077,1,30.153,12.1688359,8.018758784,3.822288105,128.4246575,747.0136986,0.486486486,2,1041,1045,0,0,0,0,0
622708,1050,1.070707071,0.212121212,0.747474747,0.252525253,0.02020202,0.060606061,0.888888889,2.595959596,0.080808081,0.555555556,0.01010101,0.04040404,3.424242424,0.313131313,0.080808081,0.353535354,0.02020202,0.090909091,0.535353535,0.01010101,0.595959596,0.343434343,5.696969697,0.363636364,0.484848485,0.878787879,0.202020202,13.91919192,0.171717172,0.141414141,59784,99,0.471229659,0.876106195,0.589285714,1,37.572,12.47203646,11.00046772,-68.12043489,502.4242424,746.1212121,0.70212766,2,1034,1060,0,0,0,0,0
622708,1051,1.282758621,0.248275862,0.655172414,0.234482759,0.055172414,0.062068966,1.95862069,2.524137931,0.055172414,0.572413793,0.055172414,0.04137931,7.013793103,0.372413793,0.096551724,0.317241379,0.048275862,0.027586207,0.310344828,0.013793103,0.579310345,0.213793103,0.8,0.255172414,1.317241379,0.786206897,0.15862069,13.4137931,0.131034483,0.220689655,59841,145,0.568553157,0.966666667,0.697115385,1,41.136,15.09840932,12.42065399,84.66160292,727.7931034,746.537931,0,0,0,0,0,0,0,0,0
622708,1052,1.026315789,0.078947368,0.842105263,0.157894737,0.026315789,0.105263158,1.315789474,2.315789474,0,0.368421053,0.157894737,0.026315789,2.236842105,0.315789474,0.105263158,0.289473684,0.052631579,0.078947368,0.447368421,0.026315789,0.368421053,0.157894737,2.052631579,0.394736842,0.552631579,0.763157895,0.131578947,12.81578947,0.026315789,0.105263158,59898,38,0.944745832,0.745098039,0.365384615,1,29.69,14.3444759,4.702173326,-31.48403572,762.3421053,746.2105263,1,4,1046,1048,1059,1061,0,0,0
622708,1053,0.675675676,0.27027027,0.792792793,0.126126126,0.018018018,0.063063063,0.585585586,1.387387387,0.045045045,0.243243243,0.063063063,0.018018018,2.918918919,0.279279279,3.495495495,0.198198198,0.072072072,0.081081081,1.198198198,0.018018018,0.234234234,0.207207207,6.297297297,0.252252252,0.495495495,0.756756757,0.081081081,11.0990991,0.036036036,0.144144144,59955,111,0.556114214,0.956896552,0.660714286,1,35.62,13.17261507,10.94783781,28.86914984,210.4954955,748.1891892,0.319148936,1,1042,0,0,0,0,0,0
622708,1054,0.883870968,0.167741935,0.774193548,0.174193548,0.038709677,0.04516129,1.270967742,2.658064516,0.090322581,0.451612903,0.090322581,0.077419355,3.864516129,0.329032258,4.812903226,0.251612903,0.04516129,0.193548387,1.767741935,0.025806452,0.503225806,0.212903226,2.277419355,0.361290323,1.258064516,0.851612903,0.141935484,15.71612903,0.077419355,0.129032258,60012,155,0.289385493,0.945121951,0.738095238,1,43.443,14.65282348,14.02586784,-28.3586194,63.58064516,748.7354839,0.339622642,2,1056,1076,0,0,0,0,0
622708,1055,1.492753623,0.304347826,0.565217391,0.217391304,0.043478261,0.028985507,1.47826087,3.173913043,0.043478261,0.449275362,0.101449275,0.057971014,5.608695652,0.391304348,0.101449275,0.391304348,0.057971014,0,0.449275362,0,0.52173913,0.101449275,0.884057971,0.246376812,0.753623188,0.768115942,0.115942029,15.49275362,0.086956522,0.217391304,60069,69,0.595916123,0.851851852,0.570247934,1,30.823,11.00551028,8.837938522,-45.31784915,687.5797101,748.9565217,0.710526316,2,1038,1047,0,0,0,0,0
622708,1056,0.490740741,0.157407407,0.972222222,0.074074074,0,0.074074074,0.62962963,1.62962963,0.027777778,0.268518519,0.092592593,0.037037037,1.277777778,0.268518519,1.62037037,0.268518519,0.037037037,0.064814815,1.203703704,0,0.231481481,0.12037037,6.37037037,0.305555556,0.574074074,0.564814815,0.12037037,10.67592593,0.111111111,0.064814815,60126,108,0.545011329,0.907563025,0.692307692,1,37.166,13.28306701,11.13690434,14.91075822,75.06481481,748.8518519,0.97826087,3,1040,1054,1064,0,0,0,0
622708,1057,1.12195122,0.223577236,0.87398374,0.182926829,0.040650407,0.069105691,2.150406504,2.211382114,0.036585366,0.544715447,0.085365854,0.028455285,4.207317073,0.418699187,0.093495935,0.349593496,0.056910569,0.052845528,0.463414634,0.024390244,0.516260163,0.288617886,4.052845528,0.37398374,1.646341463,0.841463415,0.138211382,15.84552846,0.130081301,0.182926829,60183,246,0.636614869,0.857142857,0.616541353,1,61.828,20.60889209,15.89320437,-67.30170492,619.9146341,746.9593496,0.551282051,4,1044,1062,1067,1070,0,0,0
622708,1058,1.488095238,0.035714286,0.25,0.142857143,0.011904762,0.083333333,1.726190476,2.071428571,0.035714286,0.535714286,0.05952381,0.071428571,12.30952381,0.214285714,0.154761905,0.345238095,0.035714286,0.107142857,0.321428571,0,0.571428571,0.238095238,0.607142857,0.404761905,0.738095238,0.761904762,0.071428571,9.857142857,0.166666667,0.095238095,60240,84,0.717490042,0.923076923,0.7,1,32.022,12.56377142,8.751530693,27.65318164,637.952381,749.1547619,0.842105263,2,1044,1070,0,0,0,0,0
622708,1059,0.946428571,0.053571429,0.892857143,0.071428571,0.035714286,0.035714286,1.107142857,2.232142857,0.035714286,0.178571429,0,0.053571429,4.732142857,0.375,0.071428571,0.357142857,0,0.160714286,0.517857143,0,0.464285714,0.160714286,1.339285714,0.285714286,0.696428571,0.732142857,0.125,10.125,0.035714286,0.160714286,60297,56,0.91904949,0.767123288,0.4,1,34.462,15.3601193,6.054070461,-32.17145664,764.1071429,751.1071429,0.904761905,4,1046,1048,1052,1061,0,0,0
622708,1060,1.177083333,0.052083333,0.90625,0.135416667,0.010416667,0.041666667,0.75,2.020833333,0.03125,0.322916667,0.03125,0.0625,4.322916667,0.25,0.041666667,0.260416667,0.010416667,0.052083333,0.239583333,0.010416667,0.416666667,0.1875,2.21875,0.302083333,0.552083333,0.729166667,0.09375,10.71875,0.0625,0.166666667,60354,96,0.728181825,0.96,0.615384615,1,34.768,13.77708106,9.442590941,-51.07782016,496.8333333,752.2604167,0.543478261,2,1034,1050,0,0,0,0,0
622708,1061,1.454545455,0.121212121,0.590909091,0.212121212,0.060606061,0.106060606,1.212121212,2.727272727,0.060606061,0.484848485,0.045454545,0.060606061,6.333333333,0.621212121,0.136363636,0.424242424,0.03030303,0.121212121,0.803030303,0,0.378787879,0.136363636,0.924242424,0.196969697,0.712121212,1.03030303,0.090909091,11.75757576,0.090909091,0.151515152,60411,66,0.703982548,0.929577465,0.66,1,27.639,11.18417132,7.94319164,-38.2148966,758.2575758,752.9242424,0.555555556,2,1052,1059,0,0,0,0,0
622708,1062,0.782608696,0.15942029,0.710144928,0.210144928,0.036231884,0.036231884,1.507246377,2.152173913,0.014492754,0.449275362,0.072463768,0.086956522,3.442028986,0.304347826,0.492753623,0.391304348,0.050724638,0.079710145,0.782608696,0.014492754,0.449275362,0.15942029,0.811594203,0.268115942,0.811594203,1.028985507,0.050724638,14.97101449,0.079710145,0.144927536,60468,138,0.757266463,0.926174497,0.657142857,1,43.948,16.76664779,10.95039899,39.4069327,606.2971014,751.7318841,0.578947368,2,1057,1067,0,0,0,0,0
622708,1063,0.852112676,0.183098592,0.901408451,0.112676056,0.035211268,0.077464789,0.690140845,1.894366197,0.028169014,0.415492958,0.105633803,0.091549296,2.753521127,0.288732394,0.049295775,0.267605634,0.084507042,0.063380282,0.330985915,0,0.35915493,0.154929577,0.676056338,0.246478873,0.436619718,0.676056338,0.070422535,12.63380282,0.091549296,0.190140845,60525,142,0.384679566,0.940397351,0.676190476,1,40.863,14.11210507,13.0261811,-67.22128083,28.92957746,754.9366197,0,0,0,0,0,0,0,0,0
622708,1064,1.32967033,0.10989011,0.769230769,0.197802198,0.010989011,0.032967033,1.186813187,3.010989011,0.021978022,0.692307692,0.10989011,0.087912088,5.032967033,0.516483516,0.857142857,0.406593407,0.054945055,0.098901099,0.835164835,0.010989011,0.472527473,0.153846154,0.725274725,0.549450549,0.824175824,0.868131868,0.142857143,16.37362637,0.142857143,0.186813187,60581,91,0.600511016,0.947916667,0.7,1,32.138,12.1610867,9.72420537,-16.51802515,80.36263736,756.4945055,0.414634146,1,1056,0,0,0,0,0,0
622708,1065,1.142857143,0.196428571,0.446428571,0.071428571,0.053571429,0,1.946428571,1.875,0.089285714,0.517857143,0.053571429,0.017857143,9.392857143,0.339285714,0.089285714,0.232142857,0.089285714,0.035714286,0.339285714,0.017857143,0.910714286,0.25,1.625,0.267857143,1.107142857,0.982142857,0.178571429,14,0.107142857,0.196428571,60638,56,0.688814714,0.918032787,0.691358025,1,26.208,10.28054105,7.452749091,57.8523507,559.2142857,754.5892857,0.741935484,2,1066,1075,0,0,0,0,0
622708,1066,1.548387097,0.258064516,0.698924731,0.161290323,0.053763441,0.053763441,2.365591398,2.634408602,0.053763441,1.021505376,0.096774194,0.11827957,8.387096774,0.494623656,0.193548387,0.451612903,0.032258065,0.086021505,0.505376344,0.032258065,1.204301075,0.268817204,0.892473118,0.344086022,0.946236559,1.268817204,0.215053763,12.92473118,0.215053763,0.258064516,60695,93,0.59271959,0.948979592,0.715384615,1,32.502,12.32175426,9.924050479,81.7303189,566.7956989,755.6774194,0.487804878,2,1065,1075,0,0,0,0,0
622708,1067,0.642857143,0.163265306,0.989795918,0.091836735,0.020408163,0.06122449,1.081632653,1.571428571,0.030612245,0.214285714,0.040816327,0.030612245,2.979591837,0.204081633,0.102040816,0.214285714,0.071428571,0.020408163,0.336734694,0,0.306122449,0.102040816,4.510204082,0.173469388,0.357142857,0.428571429,0.132653061,8.112244898,0.091836735,0.12244898,60752,98,0.85558951,0.933333333,0.680555556,1,37.067,15.81946461,8.189023296,8.678317804,613.2653061,758.244898,0.613636364,2,1057,1062,0,0,0,0,0
622708,1068,0.919753086,0.172839506,0.734567901,0.308641975,0.049382716,0.037037037,1.524691358,1.882716049,0.030864198,0.438271605,0.037037037,0.061728395,3.148148148,0.358024691,0.154320988,0.382716049,0.074074074,0.092592593,0.5,0.018518519,0.37037037,0.197530864,3.938271605,0.395061728,0.969135802,0.845679012,0.148148148,14.40740741,0.092592593,0.197530864,60809,162,0.590526294,0.947368421,0.680672269,1,43.683,16.12706182,13.01483561,87.64256734,232.7654321,757.7962963,0,0,0,0,0,0,0,0,0
622708,1069,1.62195122,0.146341463,0.37804878,0.073170732,0.012195122,0.085365854,1.219512195,2.182926829,0.06097561,0.256097561,0.036585366,0.06097561,7.207317073,0.317073171,0.048780488,0.170731707,0.036585366,0.109756098,0.353658537,0.012195122,0.268292683,0.048780488,3.670731707,0.231707317,0.670731707,0.451219512,0.085365854,6.804878049,0.085365854,0.12195122,60866,82,0.32499341,0.901098901,0.621212121,1,31.956,10.76960482,10.18499061,-11.98802452,369.804878,757.6097561,0.45,2,1072,1091,0,0,0,0,0
622708,1070,1.562874251,0.113772455,0.437125749,0.221556886,0.05988024,0.065868263,1.850299401,2.473053892,0.065868263,0.508982036,0.071856287,0.053892216,12.17365269,0.347305389,0.101796407,0.365269461,0.041916168,0.053892216,0.263473054,0.011976048,0.479041916,0.239520958,0.976047904,0.377245509,1.419161677,0.868263473,0.143712575,12.88023952,0.071856287,0.209580838,60923,167,0.601251774,0.922651934,0.701680672,1,47.016,16.74344803,13.37901351,-14.98963108,636.0598802,759.0718563,0.775862069,3,1057,1058,1090,0,0,0,0
622708,1071,1.461538462,0.164835165,0.461538462,0.186813187,0.032967033,0.098901099,2.648351648,3.10989011,0.043956044,0.351648352,0.021978022,0.065934066,4.659340659,0.527472527,0.076923077,0.373626374,0.065934066,0.021978022,0.43956044,0.021978022,0.549450549,0.274725275,10.26373626,0.32967033,1.340659341,0.956043956,0.142857143,14.53846154,0.142857143,0.120879121,60980,91,0.517745526,0.957894737,0.758333333,1,31.013,11.69798575,10.00803237,-9.495192863,715.6373626,757.6043956,0.025,1,1085,0,0,0,0,0,0
622708,1072,0.967391304,0.119565217,0.347826087,0.097826087,0.02173913,0.043478261,1.489130435,1.336956522,0.054347826,0.206521739,0.010869565,0.032608696,5.97826087,0.445652174,0.02173913,0.163043478,0.054347826,0.086956522,0.108695652,0,0.282608696,0.119565217,0.673913043,0.195652174,0.836956522,0.456521739,0.076086957,5.72826087,0.02173913,0.086956522,61037,92,0.499662817,0.948453608,0.696969697,1,33.064,11.85562643,10.2695806,-48.2788257,361.0978261,759.6413043,0.43902439,1,1069,0,0,0,0,0,0
622708,1073,1.4,0.13,0.77,0.15,0.04,0.11,1.12,2.53,0.02,0.48,0.02,0.03,6.94,0.33,0.36,0.3,0.03,0.08,0.6,0.01,0.28,0.16,0.69,0.33,0.69,0.61,0.05,11.31,0.04,0.18,61094,100,0.71911957,0.943396226,0.699300699,1,34.106,13.66510867,9.495697532,27.30123762,517.39,759.41,0,0,0,0,0,0,0,0,0
622708,1074,0.681818182,0.159090909,0.772727273,0.375,0.045454545,0,1.034090909,1.659090909,0.034090909,0.409090909,0.079545455,0.034090909,4.272727273,0.147727273,0.045454545,0.227272727,0,0.079545455,0.454545455,0,0.318181818,0.102272727,1.772727273,0.340909091,0.454545455,0.647727273,0.113636364,12.02272727,0.079545455,0.068181818,61151,88,0.611106746,0.946236559,0.615384615,1,32.626,12.16243096,9.627150273,12.68975311,282.0681818,759.8522727,0.636363636,2,1078,1082,0,0,0,0,0
622708,1075,1.133333333,0.213333333,0.426666667,0.213333333,0.013333333,0.106666667,2.08,2.68,0.08,0.826666667,0.013333333,0.053333333,10.44,0.426666667,0.546666667,0.253333333,0.066666667,0,0.413333333,0,1.066666667,0.306666667,0.64,0.32,0.826666667,0.946666667,0.12,13.72,0.08,0.173333333,61208,75,0.702231449,0.9375,0.694444444,1,29.599,11.74611177,8.362629342,-9.010680523,558.3333333,762.1466667,0.513513514,2,1065,1066,0,0,0,0,0
622708,1076,1,0.173913043,0.641304348,0.369565217,0.02173913,0.065217391,0.695652174,2.413043478,0.043478261,0.380434783,0.097826087,0.054347826,3.467391304,0.293478261,0.065217391,0.141304348,0.076086957,0.108695652,0.304347826,0.010869565,0.315217391,0.097826087,0.586956522,0.22826087,0.456521739,0.684782609,0.119565217,9.402173913,0.086956522,0.119565217,61265,92,0.557933264,0.948453608,0.707692308,1,32.047,11.95267962,9.919359318,-77.37973537,59.58695652,762.9347826,0.025,1,1054,0,0,0,0,0,0
622708,1077,1.333333333,0.157894737,0.614035088,0.140350877,0.061403509,0.096491228,1.359649123,2.192982456,0.043859649,0.298245614,0.035087719,0.070175439,4.815789474,0.394736842,0.026315789,0.5,0.149122807,0.052631579,0.228070175,0.035087719,0.48245614,0.166666667,0.929824561,0.350877193,0.49122807,0.807017544,0.105263158,10.05263158,0.114035088,0.105263158,61322,114,0.621094229,0.94214876,0.74025974,1,35.975,13.70439367,10.74062529,-5.877134664,476.3947368,761.9649123,0.282608696,1,1095,0,0,0,0,0,0
622708,1078,0.791044776,0.119402985,0.746268657,0.388059701,0.044776119,0.119402985,1.149253731,1.895522388,0.059701493,0.313432836,0.044776119,0.014925373,4.552238806,0.28358209,0.656716418,0.343283582,0.044776119,0.074626866,1.23880597,0.029850746,0.492537313,0.149253731,1.179104478,0.358208955,0.492537313,0.686567164,0.089552239,13.70149254,0.104477612,0.119402985,61379,67,0.723097056,0.893333333,0.609090909,1,28.4,11.36620785,7.851167638,32.3353962,288.1940299,764.9104478,0.621621622,2,1074,1082,0,0,0,0,0
622708,1079,1.252788104,0.234200743,0.851301115,0.178438662,0.029739777,0.048327138,0.996282528,2.576208178,0.040892193,0.520446097,0.048327138,0.048327138,3.587360595,0.345724907,0.066914498,0.282527881,0.055762082,0.074349442,0.546468401,0.007434944,0.572490706,0.289962825,6.171003717,0.412639405,0.855018587,0.873605948,0.152416357,12.17472119,0.104089219,0.144981413,61436,269,0.85748475,0.934027778,0.739010989,1,63.308,26.24661583,13.50413007,-8.697986167,173.8141264,766.1003717,0.051282051,1,1104,0,0,0,0,0,0
622708,1080,0.696428571,0.232142857,0.678571429,0.375,0,0.178571429,1.232142857,2.017857143,0,0.482142857,0.053571429,0,2.5,0.25,0,0.375,0.017857143,0.017857143,0.482142857,0,0.285714286,0.196428571,0.964285714,0.25,0.589285714,0.696428571,0.017857143,11.41071429,0.017857143,0.142857143,61492,56,0.715666319,0.965517241,0.691358025,1,25.836,10.30140445,7.194937164,39.48268434,249.5535714,764.7857143,0.633333333,3,1081,1087,1098,0,0,0,0
622708,1081,1.5,0.163461538,0.701923077,0.25,0.057692308,0.028846154,1.326923077,2.490384615,0.134615385,0.394230769,0.057692308,0.038461538,4.144230769,0.298076923,0.048076923,0.288461538,0.038461538,0.057692308,0.384615385,0,0.423076923,0.269230769,1.240384615,0.278846154,0.740384615,0.778846154,0.105769231,11.95192308,0.105769231,0.096153846,61549,104,0.346821854,0.945454545,0.722222222,1,35.041,12.03335841,11.28646015,-6.728371523,259.0096154,764.8269231,0.444444444,3,1080,1087,1094,0,0,0,0
622708,1082,1.307692308,0.120879121,0.89010989,0.142857143,0.032967033,0.065934066,1.076923077,2.252747253,0.021978022,0.648351648,0.087912088,0.054945055,4.417582418,0.307692308,0.351648352,0.307692308,0.032967033,0.032967033,0.527472527,0.010989011,0.516483516,0.186813187,2.912087912,0.230769231,0.461538462,0.89010989,0.032967033,12.54945055,0.054945055,0.186813187,61606,91,0.473387335,0.93814433,0.631944444,1,33.362,11.79865836,10.39289984,-25.84744217,277.6593407,767.9230769,0.488372093,2,1074,1078,0,0,0,0,0
622708,1083,1.152,0.144,0.592,0.256,0.008,0.072,1.952,2.808,0.024,0.496,0.032,0.088,3.912,0.344,1.128,0.344,0.08,0.072,0.728,0.024,0.536,0.128,3.776,0.288,0.984,0.856,0.072,13.744,0.096,0.216,61663,125,0.305966525,0.954198473,0.686813187,1,37.307,13.00277339,12.37918991,80.93842934,758.032,767.808,0,0,0,0,0,0,0,0,0
622708,1084,1.042553191,0.20212766,0.617021277,0.170212766,0.021276596,0.010638298,1.010638298,2.404255319,0.063829787,0.361702128,0.074468085,0.042553191,5.021276596,0.446808511,0.042553191,0.29787234,0.021276596,0.063829787,0.457446809,0.010638298,0.563829787,0.329787234,6.553191489,0.35106383,0.680851064,0.489361702,0.127659574,12.12765957,0.117021277,0.085106383,61720,94,0.779204823,0.895238095,0.626666667,1,35.876,14.41192242,9.032951548,83.6950839,308.1276596,767.4893617,0.422222222,1,1089,0,0,0,0,0,0
622708,1085,1.094117647,0.170588235,0.670588235,0.176470588,0.058823529,0.052941176,1.952941176,2.052941176,0.064705882,0.405882353,0.035294118,0.070588235,5.164705882,0.411764706,0.117647059,0.323529412,0.035294118,0.047058824,0.464705882,0.023529412,0.429411765,0.211764706,1.188235294,0.211764706,1.635294118,0.576470588,0.141176471,13.75882353,0.082352941,0.241176471,61777,170,0.46294051,0.960451977,0.708333333,1,43.956,15.70132237,13.91748497,64.43777835,726.3882353,767.8411765,0.228070175,3,1071,1114,1117,0,0,0,0
622708,1086,1.096774194,0.204301075,0.779569892,0.204301075,0.010752688,0.048387097,1.172043011,2.161290323,0.037634409,0.489247312,0.091397849,0.043010753,3.456989247,0.338709677,0.209677419,0.225806452,0.053763441,0.069892473,0.505376344,0,0.456989247,0.215053763,3.096774194,0.23655914,0.596774194,0.725806452,0.123655914,11.34946237,0.102150538,0.129032258,61834,186,0.698583357,0.907317073,0.611842105,1,50.415,18.7394194,13.40859204,-27.29132115,778.2204301,767.3709677,0.261538462,1,1107,0,0,0,0,0,0
622708,1087,0.787878788,0.151515152,1.666666667,0.151515152,0,0,0.272727273,1.272727273,0.03030303,0.121212121,0.151515152,0.03030303,1,0.212121212,0,0.272727273,0.060606061,0.060606061,0.272727273,0,0.121212121,0.151515152,6.090909091,0.272727273,0.060606061,0.393939394,0.090909091,7.484848485,0.03030303,0.03030303,61891,33,0.908710632,0.868421053,0.6,1,22.462,10.58314148,4.417685026,0.482426003,251.8484848,769.8787879,1,4,1080,1081,1094,1098,0,0,0
622708,1089,1.306666667,0.32,0.4,0.106666667,0.026666667,0.053333333,0.986666667,1.573333333,0.04,0.44,0.066666667,0.026666667,5.546666667,0.426666667,0.146666667,0.306666667,0.04,0.053333333,0.293333333,0,0.533333333,0.08,2.266666667,0.28,0.493333333,0.493333333,0.12,9.506666667,0.12,0.093333333,62005,75,0.584841192,0.949367089,0.757575758,1,29.938,11.08865289,8.994536577,88.31722478,314.7733333,771.3066667,0.942857143,2,1084,1088,0,0,0,0,0
622708,1090,0.961267606,0.144366197,1.098591549,0.492957746,0.028169014,0.066901408,1.545774648,2.042253521,0.056338028,0.436619718,0.063380282,0.031690141,5.267605634,0.302816901,0.39084507,0.327464789,0.059859155,0.073943662,0.647887324,0.01056338,0.422535211,0.225352113,4.25,0.281690141,0.728873239,0.926056338,0.151408451,16.71126761,0.088028169,0.186619718,62062,284,0.727664221,0.934210526,0.645454545,1,60.902,23.16333926,15.88851063,-31.67852372,630.834507,771.1197183,0.282051282,1,1070,0,0,0,0,0,0
622708,1091,1.2125,0.20625,0.95,0.15625,0.04375,0.06875,0.9375,1.66875,0.05,0.28125,0.075,0.075,8.15,0.43125,0.1125,0.28125,0.03125,0.05625,0.38125,0.0125,0.475,0.15,6.44375,0.28125,0.58125,0.65,0.1375,10.73125,0.06875,0.15625,62119,160,0.550855506,0.963855422,0.769230769,1,42.798,15.71467317,13.11547612,-88.27860543,374.375,771.625,0.094339623,2,1069,1105,0,0,0,0,0
622708,1092,1.212121212,0.191919192,0.636363636,0.191919192,0.02020202,0.04040404,2.595959596,2.686868687,0.03030303,0.424242424,0.050505051,0.050505051,5.828282828,0.474747475,1.242424242,0.252525253,0.060606061,0.212121212,0.97979798,0,0.414141414,0.393939394,12.71717172,0.323232323,2.060606061,0.717171717,0.151515152,13.51515152,0.101010101,0.191919192,62176,99,0.545516184,0.925233645,0.6875,1,33.825,12.49995081,10.47621237,-65.57687762,582.5858586,772.0808081,0.431818182,1,1099,0,0,0,0,0,0
622708,1093,0.902097902,0.160839161,0.475524476,0.097902098,0.062937063,0.034965035,1.13986014,2.020979021,0.062937063,0.468531469,0.027972028,0.027972028,2.559440559,0.265734266,0.041958042,0.265734266,0.055944056,0.048951049,0.468531469,0.013986014,0.286713287,0.090909091,2.286713287,0.202797203,0.58041958,0.713286713,0.090909091,11.84615385,0.041958042,0.125874126,62233,143,0.476661982,0.966216216,0.680952381,1,40.673,14.57420436,12.81198863,65.05157568,42.02797203,772.4895105,0.648148148,2,1097,1102,0,0,0,0,0
622708,1094,0.706896552,0.120689655,0.982758621,0.24137931,0.034482759,0.068965517,0.75862069,1.551724138,0,0.275862069,0.120689655,0.017241379,2.620689655,0.310344828,0.396551724,0.275862069,0.086206897,0.017241379,0.586206897,0.017241379,0.293103448,0.189655172,3.620689655,0.172413793,0.206896552,0.620689655,0.068965517,9.724137931,0.137931034,0.103448276,62290,58,0.707213466,0.966666667,0.828571429,1,25.166,10.41738682,7.365093322,-5.895715688,254.4827586,774.6034483,1,4,1081,1087,1098,1113,0,0,0
622708,1095,1.074626866,0.126865672,0.671641791,0.21641791,0.02238806,0.074626866,1.76119403,2.865671642,0.037313433,0.597014925,0.074626866,0.037313433,4.447761194,0.276119403,0.76119403,0.268656716,0.037313433,0.082089552,0.597014925,0,0.410447761,0.194029851,1.28358209,0.320895522,0.850746269,0.828358209,0.097014925,10.70895522,0.089552239,0.201492537,62346,134,0.586776154,0.95035461,0.687179487,1,39.275,14.65712699,11.86859665,-22.57076913,468.2761194,770.7686567,0.230769231,1,1077,0,0,0,0,0,0
622708,1096,0.479166667,0.078125,0.708333333,0.104166667,0.041666667,0.046875,1.505208333,1.578125,0.057291667,0.260416667,0.083333333,0.020833333,1.942708333,0.494791667,0.208333333,0.234375,0.046875,0.114583333,0.520833333,0.010416667,0.427083333,0.255208333,6.317708333,0.145833333,1.317708333,0.598958333,0.114583333,12.78125,0.078125,0.1875,62403,192,0.765748186,0.96,0.721804511,1,48.339,19.60289606,12.60741656,-19.16126639,690.0104167,773.8333333,0.064516129,1,1111,0,0,0,0,0,0
622708,1097,1.268292683,0.130081301,0.642276423,0.292682927,0.016260163,0.081300813,1.276422764,2.024390244,0.056910569,0.479674797,0.048780488,0.032520325,4.227642276,0.260162602,0.081300813,0.341463415,0.040650407,0.081300813,0.37398374,0.032520325,0.479674797,0.162601626,1.016260163,0.325203252,0.536585366,0.634146341,0.203252033,12.36585366,0.113821138,0.170731707,62460,123,0.841901359,0.884892086,0.657754011,1,42.244,17.67985654,9.540606633,5.59403437,28.54471545,774.4065041,0.660377358,3,1093,1110,1115,0,0,0,0
622708,1098,1.113636364,0.147727273,0.659090909,0.284090909,0.034090909,0.068181818,0.954545455,2.113636364,0.022727273,0.443181818,0.102272727,0,4.193181818,0.284090909,0.306818182,0.329545455,0.056818182,0.068181818,0.409090909,0.034090909,0.465909091,0.170454545,2.761363636,0.318181818,0.602272727,0.897727273,0.113636364,15.45454545,0.090909091,0.090909091,62517,88,0.653132148,0.956521739,0.727272727,1,32.113,12.43664601,9.417574931,-51.35314493,246.5,776.5454545,0.825,6,1080,1087,1094,1113,1118,1123,0
622708,1099,1.695652174,0.195652174,0.543478261,0.141304348,0.043478261,0.108695652,1.72826087,2.717391304,0.032608696,0.77173913,0.086956522,0.119565217,7.869565217,0.391304348,0.554347826,0.445652174,0.097826087,0.141304348,0.760869565,0.02173913,0.608695652,0.152173913,1.097826087,0.402173913,0.760869565,0.869565217,0.119565217,14.4673913,0.195652174,0.206521739,62574,92,0.629877393,0.93877551,0.643356643,1,33.263,12.48611052,9.697894358,-67.5086673,574.8586957,776.0543478,0.785714286,2,1092,1116,0,0,0,0,0
622708,1100,1.598039216,0.117647059,0.784313725,0.323529412,0.029411765,0.039215686,1.088235294,2.333333333,0.039215686,0.588235294,0.049019608,0,3.833333333,0.460784314,0.196078431,0.196078431,0.068627451,0.078431373,0.568627451,0.019607843,0.519607843,0.18627451,0.725490196,0.392156863,0.529411765,0.705882353,0.147058824,13.14705882,0.039215686,0.215686275,62631,102,0.346555356,0.944444444,0.772727273,1,33.436,11.84540464,11.11133925,-2.381820845,93.10784314,778.0490196,0,0,0,0,0,0,0,0,0
622708,1101,1.229357798,0.174311927,0.541284404,0.28440367,0.055045872,0.064220183,1.009174312,2.064220183,0.027522936,0.403669725,0.064220183,0.027522936,4.981651376,0.330275229,0.055045872,0.256880734,0.04587156,0.100917431,0.302752294,0,0.587155963,0.174311927,0.80733945,0.266055046,0.431192661,0.71559633,0.064220183,11.41284404,0.128440367,0.128440367,62688,109,0.404875299,0.96460177,0.825757576,1,34.263,12.36966632,11.31047543,-15.01705635,524.3853211,777.1009174,0,0,0,0,0,0,0,0,0
622708,1102,1.928571429,0.125,0.5625,0.169642857,0.035714286,0.035714286,0.803571429,2.571428571,0.071428571,0.821428571,0.035714286,0.080357143,8.526785714,0.285714286,0.160714286,0.5625,0.035714286,0.116071429,0.375,0.026785714,0.616071429,0.205357143,0.803571429,0.401785714,0.303571429,0.589285714,0.080357143,11.86607143,0.125,0.125,62745,112,0.808545959,0.941176471,0.615384615,1,37.944,15.87060014,9.338785339,44.6123082,49.29464286,778.5535714,0.469387755,1,1093,0,0,0,0,0,0
622708,1103,1.484848485,0.202020202,0.545454545,0.151515152,0.01010101,0.070707071,1.02020202,2.121212121,0.01010101,0.464646465,0.03030303,0.080808081,4.878787879,0.434343434,0.131313131,0.393939394,0.02020202,0.04040404,0.323232323,0,0.454545455,0.181818182,0.747474747,0.272727273,0.434343434,0.646464646,0.070707071,10.85858586,0.131313131,0.171717172,62802,99,0.598521447,0.951923077,0.634615385,1,33.66,12.6633082,10.14466209,-56.33097435,123.8888889,778.8181818,0,0,0,0,0,0,0,0,0
622708,1104,0.974137931,0.120689655,0.5,0.318965517,0.051724138,0.051724138,1.103448276,2.034482759,0.034482759,0.379310345,0.051724138,0.00862069,2.456896552,0.310344828,0.086206897,0.215517241,0.051724138,0.060344828,0.456896552,0.00862069,0.560344828,0.146551724,0.560344828,0.224137931,0.560344828,0.672413793,0.129310345,12.81034483,0.094827586,0.163793103,62859,116,0.550938088,0.958677686,0.69047619,1,36.182,13.4332574,11.21067281,-5.835234386,162.8534483,778.7155172,0.083333333,1,1079,0,0,0,0,0,0
622708,1105,0.950617284,0.049382716,0.456790123,0.148148148,0.012345679,0.049382716,0.901234568,1.740740741,0.037037037,0.407407407,0.049382716,0,3.604938272,0.222222222,0.987654321,0.296296296,0.086419753,0.111111111,0.691358025,0.012345679,0.234567901,0.111111111,2.543209877,0.24691358,0.382716049,0.654320988,0.037037037,8.160493827,0.074074074,0.12345679,62916,81,0.572955544,0.952941176,0.75,1,31.261,11.5406935,9.458595986,6.039789812,386.7530864,777.6419753,0.594594595,2,1091,1119,0,0,0,0,0
622708,1106,0.834645669,0.078740157,0.771653543,0.11023622,0.031496063,0.062992126,0.795275591,1.968503937,0.023622047,0.291338583,0.118110236,0.023622047,2.472440945,0.299212598,0.68503937,0.322834646,0.039370079,0.031496063,0.551181102,0.023622047,0.25984252,0.102362205,1.125984252,0.196850394,0.385826772,0.653543307,0.070866142,8.724409449,0.181102362,0.102362205,62973,127,0.736644082,0.927007299,0.661458333,1,40.747,15.83525917,10.70907911,25.87552114,408.1968504,776.2440945,0.392156863,1,1120,0,0,0,0,0,0
622708,1107,1.105691057,0.154471545,0.796747967,0.195121951,0.081300813,0.105691057,1.837398374,2.829268293,0.056910569,0.62601626,0.048780488,0.073170732,3.317073171,0.390243902,0.585365854,0.528455285,0.048780488,0.073170732,1.073170732,0.008130081,0.479674797,0.317073171,1.170731707,0.284552846,1.008130081,0.853658537,0.154471545,14.15447154,0.089430894,0.203252033,63030,123,0.64465414,0.92481203,0.683333333,1,38.878,14.60918116,11.16834435,-11.77897408,782.1788618,778.7154472,0.34,1,1086,0,0,0,0,0,0
622708,1109,1.494505495,0.208791209,0.736263736,0.318681319,0.032967033,0.054945055,1.032967033,2.32967033,0.054945055,0.362637363,0.021978022,0.010989011,5.494505495,0.406593407,0.054945055,0.384615385,0.021978022,0.076923077,0.274725275,0.010989011,0.549450549,0.153846154,1,0.32967033,0.461538462,0.813186813,0.10989011,10.47252747,0.076923077,0.21978022,63144,91,0.566655529,0.919191919,0.758333333,1,32.667,12.09710731,9.967469626,-88.12571555,336.3956044,779.3406593,0.666666667,2,1108,1125,0,0,0,0,0
622708,1110,0.716981132,0.141509434,0.79245283,0.20754717,0.018867925,0.047169811,1.018867925,1.820754717,0.075471698,0.29245283,0.047169811,0.018867925,2.528301887,0.216981132,0.018867925,0.245283019,0.037735849,0.066037736,0.405660377,0.018867925,0.386792453,0.113207547,2.613207547,0.245283019,0.349056604,0.58490566,0.103773585,10.23584906,0.037735849,0.094339623,63201,106,0.40930147,0.898305085,0.679487179,1,36.521,12.48873582,11.39471262,10.76850071,26.52830189,782.9245283,0.666666667,2,1097,1115,0,0,0,0,0
622708,1111,0.630573248,0.140127389,0.707006369,0.178343949,0.031847134,0.050955414,1.573248408,1.872611465,0.038216561,0.343949045,0.050955414,0.044585987,2.515923567,0.535031847,0.496815287,0.312101911,0.025477707,0.159235669,0.49044586,0.01910828,0.363057325,0.222929936,5.178343949,0.25477707,0.955414013,0.656050955,0.146496815,11.27388535,0.057324841,0.101910828,63258,157,0.673465727,0.93452381,0.71040724,1,43.931,16.71161366,12.35353311,6.118926955,708.4840764,780.7070064,0.285714286,2,1096,1117,0,0,0,0,0
622708,1112,0.788461538,0.083333333,0.397435897,0.179487179,0.038461538,0.044871795,1.012820513,1.634615385,0.044871795,0.717948718,0.044871795,0.025641026,6.66025641,0.288461538,0.256410256,0.256410256,0.102564103,0.051282051,0.358974359,0.012820513,0.897435897,0.211538462,0.58974359,0.243589744,0.692307692,1.032051282,0.115384615,10.91666667,0.115384615,0.108974359,63314,156,0.768748376,0.891428571,0.666666667,1,46.809,18.38399693,11.75751014,6.524534874,546.0769231,780.3205128,0.403508772,1,1122,0,0,0,0,0,0
622708,1113,0.982608696,0.2,1.226086957,0.269565217,0.060869565,0.034782609,0.730434783,1.643478261,0.017391304,0.182608696,0.086956522,0.060869565,5.07826087,0.295652174,0.139130435,0.339130435,0.017391304,0.060869565,0.547826087,0.008695652,0.391304348,0.182608696,1.243478261,0.182608696,0.4,0.730434783,0.147826087,12.10434783,0.095652174,0.139130435,63371,115,0.493489716,0.927419355,0.68452381,1,37.1,13.12562129,11.41603053,-19.39337793,257.0695652,783.4434783,0.638297872,3,1094,1098,1123,0,0,0,0
622708,1114,0.726495726,0.102564103,0.435897436,0.153846154,0.05982906,0.025641026,1.136752137,1.717948718,0.076923077,0.358974359,0.051282051,0.051282051,7.367521368,0.307692308,0.085470085,0.256410256,0.068376068,0.051282051,0.247863248,0,0.341880342,0.102564103,5.538461538,0.247863248,0.692307692,0.41025641,0.051282051,8.538461538,0.051282051,0.145299145,63428,117,0.454569981,0.928571429,0.692307692,1,39.49,13.49504137,12.02018215,21.89971691,728.7179487,782.2051282,0.456521739,2,1085,1117,0,0,0,0,0
622708,1115,0.6484375,0.1875,0.7109375,0.1015625,0.015625,0.03125,0.7734375,2.1328125,0.0546875,0.3203125,0.0859375,0.046875,1.890625,0.3671875,0.0859375,0.265625,0.0625,0.078125,0.546875,0.0078125,0.3515625,0.140625,3.8046875,0.2734375,0.453125,0.59375,0.09375,11.9375,0.0703125,0.125,63485,128,0.299572153,0.96969697,0.820512821,1,38.365,13.17409084,12.5690529,-32.6751549,15.359375,782.8125,0.644444444,3,1097,1110,1131,0,0,0,0
622708,1116,0.557692308,0.086538462,0.855769231,0.115384615,0.019230769,0.057692308,0.817307692,1.307692308,0.067307692,0.182692308,0.028846154,0.009615385,5.182692308,0.163461538,0.028846154,0.192307692,0.028846154,0.038461538,0.25,0.019230769,0.298076923,0.153846154,1.048076923,0.115384615,0.346153846,0.538461538,0.076923077,8.557692308,0.057692308,0.067307692,63542,104,0.461582643,0.971962617,0.666666667,1,34.123,12.33885749,10.94576608,-0.940822445,568.8269231,783.6923077,0.369565217,1,1099,0,0,0,0,0,0
622708,1117,1.638888889,0.097222222,0.597222222,0.236111111,0.055555556,0.125,1.791666667,2.125,0.097222222,0.541666667,0.041666667,0.125,8.333333333,0.291666667,0.680555556,0.430555556,0.069444444,0.027777778,0.347222222,0,0.5,0.152777778,2.069444444,0.166666667,0.819444444,0.763888889,0.055555556,11.61111111,0.166666667,0.111111111,63599,72,0.782777738,0.972972973,0.692307692,1,30.616,12.53750004,7.802103635,77.73091791,720.25,783.5555556,0.810810811,3,1085,1111,1114,0,0,0,0
622708,1119,1.087912088,0.142857143,0.648351648,0.230769231,0.010989011,0.032967033,1.197802198,2.648351648,0.076923077,0.538461538,0.043956044,0.098901099,6.681318681,0.43956044,0.494505495,0.384615385,0.054945055,0.098901099,0.692307692,0,0.241758242,0.164835165,1.725274725,0.384615385,0.340659341,0.648351648,0.131868132,10.8021978,0.065934066,0.164835165,63713,91,0.866425663,0.85046729,0.65,1,37.323,15.8002145,7.889143297,10.1559265,387.1428571,784.6153846,0.880952381,4,1105,1132,1133,1146,0,0,0
622708,1120,1.028301887,0.094339623,0.679245283,0.150943396,0.037735849,0.056603774,0.79245283,2.113207547,0.056603774,0.377358491,0.066037736,0.075471698,5.122641509,0.339622642,0.103773585,0.443396226,0.066037736,0.037735849,0.41509434,0.009433962,0.386792453,0.179245283,1.962264151,0.235849057,0.556603774,0.575471698,0.141509434,11.49056604,0.075471698,0.08490566,63770,106,0.64658701,0.834645669,0.627218935,1,40.739,13.91638519,10.61597868,-29.30002551,403.5849057,785.4528302,0.857142857,3,1106,1133,1138,0,0,0,0
622708,1121,1.230769231,0.153846154,0.659340659,0.296703297,0.043956044,0.054945055,1.901098901,2.736263736,0.098901099,0.571428571,0.076923077,0.010989011,3.428571429,0.395604396,0.186813187,0.505494505,0.065934066,0.010989011,0.428571429,0,0.571428571,0.21978022,7.032967033,0.417582418,1.054945055,0.857142857,0.153846154,13.61538462,0.065934066,0.142857143,63827,91,0.529678178,0.947916667,0.689393939,1,31.774,11.79809322,10.00712729,33.32961093,294.7912088,786.7912088,0.357142857,1,1135,0,0,0,0,0,0
622708,1122,1.307692308,0.115384615,0.515384615,0.061538462,0.038461538,0.030769231,1.653846154,1.830769231,0.030769231,0.430769231,0.046153846,0.038461538,8.215384615,0.315384615,0.1,0.307692308,0.076923077,0.038461538,0.392307692,0.015384615,0.376923077,0.230769231,0.676923077,0.276923077,0.807692308,0.669230769,0.138461538,11.5,0.069230769,0.184615385,63884,130,0.733226316,0.948905109,0.738636364,1,39.614,15.80201249,10.74512645,-7.17507114,551.0076923,788.8307692,0.52,2,1112,1151,0,0,0,0,0
622708,1123,0.694915254,0.050847458,1.050847458,0.305084746,0.033898305,0.06779661,0.949152542,1.525423729,0.033898305,0.355932203,0.06779661,0.016949153,3.796610169,0.254237288,0.288135593,0.322033898,0.016949153,0.050847458,0.508474576,0.016949153,0.389830508,0.254237288,6.508474576,0.13559322,0.355932203,0.745762712,0.084745763,12.33898305,0.13559322,0.169491525,63941,59,0.801296938,0.907692308,0.536363636,1,28.119,11.63593464,6.961393901,-39.45197271,249.8644068,787.6610169,1,4,1098,1113,1118,1128,0,0,0
622708,1124,0.983333333,0.191666667,0.8,0.225,0.025,0.075,0.833333333,2.208333333,0.058333333,0.641666667,0.083333333,0.05,3.05,0.241666667,0.883333333,0.3,0.083333333,0.058333333,1.025,0.016666667,0.591666667,0.183333333,3.541666667,0.358333333,0.475,0.85,0.1,13.83333333,0.1,0.141666667,63998,120,0.163917587,0.94488189,0.710059172,1,36.736,12.53375181,12.36422074,-8.826368682,81.26666667,789.85,0,0,0,0,0,0,0,0,0
622708,1125,0.989010989,0.120879121,0.538461538,0.120879121,0.010989011,0.10989011,1.428571429,2.164835165,0.087912088,0.395604396,0.010989011,0.10989011,5.681318681,0.384615385,0.318681319,0.351648352,0.054945055,0.120879121,0.692307692,0.021978022,0.505494505,0.164835165,0.681318681,0.318681319,0.461538462,0.615384615,0.142857143,10.04395604,0.076923077,0.087912088,64055,91,0.585628293,0.947916667,0.689393939,1,31.865,12.11000826,9.816127257,41.73097705,343.3186813,788.1758242,0.642857143,2,1109,1139,0,0,0,0,0
622708,1126,0.94,0.13,0.79,0.13,0.02,0.08,0.97,1.93,0.05,0.41,0.16,0.05,2.64,0.18,0.05,0.34,0.05,0.06,0.59,0.05,0.39,0.16,4.22,0.23,0.38,0.89,0.07,12.77,0.09,0.12,64112,100,0.572193786,0.934579439,0.757575758,1,35.206,12.70695454,10.42120785,46.23505962,583.43,789.35,0.357142857,1,1130,0,0,0,0,0,0
622708,1127,1.133333333,0.133333333,0.622222222,0.244444444,0.033333333,0.055555556,0.966666667,2.144444444,0.055555556,0.344444444,0.022222222,0.077777778,2.811111111,0.244444444,0.6,0.233333333,0.066666667,0.055555556,0.844444444,0,0.266666667,0.122222222,0.677777778,0.3,0.411111111,0.766666667,0.166666667,9.911111111,0.044444444,0.111111111,64168,90,0.617861403,0.947368421,0.681818182,1,31.592,12.1958302,9.589423048,52.4382323,139.9222222,790.5222222,0,0,0,0,0,0,0,0,0
622708,1128,0.714285714,0.207792208,0.948051948,0.194805195,0.012987013,0.090909091,1.467532468,2.584415584,0.038961039,0.454545455,0.142857143,0.012987013,4.25974026,0.25974026,0.038961039,0.337662338,0.025974026,0.12987013,0.350649351,0.012987013,0.285714286,0.207792208,3.207792208,0.480519481,0.636363636,0.701298701,0.116883117,12.1038961,0.194805195,0.090909091,64225,77,0.74648924,0.916666667,0.658119658,1,31.377,12.49118012,8.311599852,-10.8931096,245.0779221,792.5584416,0.641025641,2,1118,1123,0,0,0,0,0
622708,1129,1.433962264,0.179245283,0.622641509,0.132075472,0.018867925,0.075471698,0.886792453,3.132075472,0.009433962,0.566037736,0.056603774,0.037735849,5.29245283,0.367924528,0.075471698,0.320754717,0.066037736,0.141509434,0.443396226,0,0.433962264,0.273584906,0.839622642,0.273584906,0.481132075,0.735849057,0.132075472,11.38679245,0.08490566,0.169811321,64282,106,0.556829719,0.972477064,0.679487179,1,34.768,12.92270479,10.73394324,-65.39225572,483.9811321,790.4339623,0.377777778,2,1134,1142,0,0,0,0,0
622708,1130,1.336842105,0.157894737,0.557894737,0.105263158,0.010526316,0.105263158,0.894736842,1.842105263,0.042105263,0.410526316,0.063157895,0.063157895,10.66315789,0.315789474,0.115789474,0.378947368,0.063157895,0.042105263,0.305263158,0,0.484210526,0.168421053,0.578947368,0.273684211,0.515789474,0.757894737,0.073684211,10.4,0.115789474,0.2,64339,95,0.410010214,0.95959596,0.863636364,1,32.551,11.66751147,10.64171472,-89.76918841,593.0736842,789.7789474,0.526315789,2,1126,1143,0,0,0,0,0
622708,1131,1.146067416,0.157303371,0.97752809,0.247191011,0.04494382,0.146067416,0.887640449,1.662921348,0.04494382,0.258426966,0.056179775,0.011235955,3.97752809,0.134831461,0.033707865,0.280898876,0.078651685,0.056179775,0.337078652,0.033707865,0.348314607,0.134831461,1.292134831,0.213483146,0.662921348,0.943820225,0.123595506,11.48314607,0.056179775,0.157303371,64396,89,0.692715718,0.978021978,0.684615385,1,32.411,12.78523107,9.220845975,19.26192652,12.79775281,792.6179775,0.365853659,1,1115,0,0,0,0,0,0
622708,1132,1.563636364,0.2,0.581818182,0.2,0.036363636,0.109090909,1.363636364,2.818181818,0.072727273,0.672727273,0.072727273,0.090909091,8.781818182,0.472727273,0.109090909,0.2,0.072727273,0.127272727,0.490909091,0.018181818,0.490909091,0.181818182,0.945454545,0.509090909,0.618181818,0.618181818,0.054545455,12.21818182,0.054545455,0.181818182,64453,55,0.762181105,0.887096774,0.625,1,27.705,11.14416286,7.214328253,-1.702223514,387.6727273,790.9090909,1,4,1119,1133,1146,1149,0,0,0
622708,1133,0.603174603,0.19047619,0.666666667,0.095238095,0.031746032,0.031746032,0.80952381,1.904761905,0.031746032,0.555555556,0.047619048,0.031746032,2.920634921,0.26984127,0,0.301587302,0.063492063,0.015873016,0.253968254,0.015873016,0.492063492,0.253968254,0.793650794,0.174603175,0.428571429,0.603174603,0.142857143,8.285714286,0.031746032,0.111111111,64510,63,0.719248644,0.954545455,0.7,1,26.696,10.91015505,7.579860255,53.97193725,395.6190476,791.4444444,1,7,1119,1120,1132,1138,1146,1148,1149
622708,1134,1.418181818,0.236363636,0.745454545,0.345454545,0,0.036363636,0.727272727,2.2,0.090909091,0.690909091,0.181818182,0.054545455,6.327272727,0.418181818,0.090909091,0.454545455,0.072727273,0.109090909,0.436363636,0.018181818,0.363636364,0.236363636,1.181818182,0.309090909,0.545454545,0.963636364,0.109090909,12.65454545,0.090909091,0.090909091,64567,55,0.757399903,0.859375,0.611111111,1,26.696,11.00577785,7.186236842,49.29018337,491.9090909,792.1818182,0.852941176,2,1129,1142,0,0,0,0,0
622708,1135,1.55,0.233333333,0.4,0.183333333,0.033333333,0.066666667,1.3,2.166666667,0.05,0.316666667,0,0.1,4.533333333,0.316666667,0.05,0.266666667,0.016666667,0.1,0.383333333,0.016666667,0.5,0.1,0.916666667,0.266666667,0.566666667,0.583333333,0.116666667,11.21666667,0.1,0.066666667,64624,60,0.817934301,0.9375,0.606060606,1,27.912,11.8526054,6.818941806,-49.0108327,290.5,794.2166667,0.942857143,2,1121,1145,0,0,0,0,0
622708,1136,0.731707317,0.219512195,0.81300813,0.243902439,0.06504065,0.056910569,1.552845528,2.016260163,0.024390244,0.422764228,0.048780488,0.024390244,2.609756098,0.390243902,0.170731707,0.455284553,0.048780488,0.073170732,0.495934959,0.024390244,0.341463415,0.300813008,3.235772358,0.300813008,1.471544715,0.926829268,0.097560976,16.05691057,0.073170732,0.211382114,64681,123,0.560308528,0.917910448,0.675824176,1,38.969,13.97512607,11.57537306,-70.63336328,213.1056911,795.195122,0.354166667,1,1141,0,0,0,0,0,0
622708,1137,0.963302752,0.128440367,0.550458716,0.385321101,0.036697248,0.073394495,1.541284404,2.440366972,0.036697248,0.495412844,0.027522936,0.027522936,3.917431193,0.256880734,1.19266055,0.412844037,0.055045872,0.110091743,1.082568807,0.009174312,0.568807339,0.247706422,0.825688073,0.220183486,0.403669725,0.724770642,0.155963303,14.26605505,0.100917431,0.211009174,64738,109,0.677603304,0.956140351,0.644970414,1,35.256,13.8366994,10.1758907,44.57076148,273.0825688,795.266055,0.127659574,1,1145,0,0,0,0,0,0
622708,1138,1.227272727,0.151515152,0.96969697,0.106060606,0,0.151515152,0.939393939,2.621212121,0.075757576,0.5,0.015151515,0,4.560606061,0.484848485,0.136363636,0.393939394,0.015151515,0.106060606,0.515151515,0,0.545454545,0.242424242,5.045454545,0.212121212,0.424242424,0.696969697,0.166666667,11.04545455,0.121212121,0.166666667,64795,66,0.499048611,0.868421053,0.66,1,30.36,10.30847852,8.933059378,-17.48688968,403.9848485,794.2878788,0.921052632,3,1120,1133,1148,0,0,0,0
622708,1139,0.455696203,0.107594937,0.417721519,0.082278481,0.044303797,0.050632911,1.436708861,1.443037975,0.03164557,0.367088608,0.025316456,0.056962025,4.481012658,0.278481013,0.069620253,0.272151899,0.037974684,0.03164557,0.265822785,0.006329114,0.575949367,0.221518987,3.563291139,0.310126582,0.683544304,0.620253165,0.139240506,11.46202532,0.069620253,0.101265823,64852,158,0.759893879,0.929411765,0.663865546,1,44.874,17.7661398,11.54882848,28.0536257,348.8544304,796,0.315789474,1,1125,0,0,0,0,0,0
622708,1140,0.606060606,0.143939394,0.787878788,0.159090909,0.007575758,0.022727273,0.810606061,1.659090909,0.037878788,0.318181818,0.060606061,0.037878788,3.25,0.340909091,0.954545455,0.234848485,0.053030303,0.083333333,0.825757576,0.022727273,0.287878788,0.257575758,6.575757576,0.272727273,0.537878788,0.515151515,0.060606061,9.515151515,0.098484848,0.106060606,64909,132,0.366856377,0.96350365,0.725274725,1,38.142,13.50846318,12.5666206,-5.437746766,635.719697,795.8409091,0,0,0,0,0,0,0,0,0
622708,1141,0.829059829,0.11965812,0.888888889,0.162393162,0,0.05982906,0.923076923,1.726495726,0.017094017,0.341880342,0.05982906,0.111111111,2.504273504,0.188034188,1.623931624,0.264957265,0.085470085,0.128205128,1.726495726,0.017094017,0.444444444,0.247863248,7.905982906,0.307692308,0.555555556,0.709401709,0.153846154,12.56410256,0.085470085,0.102564103,64966,117,0.499910625,0.966942149,0.75,1,36.711,13.28613803,11.50681854,47.31147487,202.8974359,798.1025641,0.347826087,1,1136,0,0,0,0,0,0
622708,1142,1.848837209,0.139534884,0.872093023,0.197674419,0.046511628,0.081395349,0.825581395,2.953488372,0.046511628,0.465116279,0.081395349,0.034883721,6.860465116,0.395348837,0.034883721,0.197674419,0.058139535,0.058139535,0.302325581,0.011627907,0.38372093,0.11627907,0.76744186,0.279069767,0.453488372,0.825581395,0.186046512,10.06976744,0.058139535,0.151162791,65023,86,0.64667551,0.934782609,0.651515152,1,31.956,12.21098341,9.314113479,20.04989359,495.0348837,798.3139535,0.463414634,2,1129,1134,0,0,0,0,0
622708,1143,1.083333333,0.083333333,0.527777778,0.208333333,0.055555556,0.138888889,1.402777778,1.5,0.027777778,0.25,0.125,0.027777778,4.972222222,0.347222222,0.111111111,0.166666667,0.041666667,0.125,0.236111111,0.013888889,0.361111111,0.222222222,3.361111111,0.194444444,1.291666667,0.527777778,0.152777778,10.43055556,0.125,0.125,65080,72,0.690956559,0.911392405,0.666666667,1,29.326,11.40921636,8.247680074,-12.81865588,602.8333333,796.7916667,0.555555556,2,1130,1150,0,0,0,0,0
622708,1144,0.6625,0.175,0.8,0.125,0.0375,0.025,1.0875,2.225,0.0375,0.2125,0.025,0.025,5.375,0.5,0.025,0.225,0.0625,0.0875,0.4375,0.025,0.375,0.1125,2.8125,0.225,0.525,0.5875,0.1125,9.5125,0.025,0.125,65136,80,0.73363854,0.888888889,0.683760684,1,32.394,12.90113411,8.766835541,-81.59064764,776.6,796.775,0.5,1,1147,0,0,0,0,0,0
622708,1145,0.5390625,0.078125,0.625,0.15625,0.0546875,0.0390625,0.875,1.5859375,0.03125,0.3359375,0.03125,0.0625,2.84375,0.2890625,0.1015625,0.265625,0.0078125,0.109375,0.4921875,0.0078125,0.3828125,0.109375,1.46875,0.234375,0.3046875,0.6328125,0.1171875,10.6640625,0.03125,0.078125,65193,128,0.439517842,0.941176471,0.60952381,1,40.491,13.82707397,12.41994602,26.44991181,284.828125,800.5078125,0.452830189,2,1135,1137,0,0,0,0,0
622708,1146,1.730769231,0.102564103,0.897435897,0.166666667,0.115384615,0.064102564,1.256410256,3.205128205,0.025641026,0.756410256,0.064102564,0.038461538,5.346153846,0.487179487,0.871794872,0.5,0.051282051,0.076923077,1.653846154,0,0.525641026,0.256410256,0.948717949,0.653846154,0.58974359,0.756410256,0.153846154,15.48717949,0.153846154,0.166666667,65250,78,0.691872806,0.951219512,0.709090909,1,29.599,11.8793254,8.57710345,-33.75218058,384.0512821,796.7179487,0.657894737,4,1119,1132,1133,1149,0,0,0
622708,1147,0.935897436,0.205128205,0.782051282,0.179487179,0.025641026,0,1.166666667,2.294871795,0.025641026,0.320512821,0.08974359,0.012820513,3.012820513,0.217948718,0.064102564,0.243589744,0.012820513,0.025641026,0.371794872,0.012820513,0.333333333,0.141025641,2.051282051,0.346153846,0.538461538,0.807692308,0.115384615,8.5,0.115384615,0.102564103,65307,78,0.787753325,0.975,0.75,1,31.17,13.03403551,8.028846316,-88.88488567,770.025641,797.5,0.5,1,1144,0,0,0,0,0,0
622708,1148,0.935897436,0.128205128,1.153846154,0.128205128,0.064102564,0.025641026,0.807692308,1.448717949,0.051282051,0.320512821,0.038461538,0,3.884615385,0.346153846,0.141025641,0.230769231,0.038461538,0.012820513,0.333333333,0,0.358974359,0.205128205,1.717948718,0.256410256,0.423076923,0.743589744,0.08974359,11.3974359,0.128205128,0.179487179,65364,78,0.793458841,0.876404494,0.590909091,1,31.857,13.17423901,8.018156895,-36.21621109,400.6538462,800.2564103,0.829268293,3,1133,1138,1149,0,0,0,0
622708,1149,1.275229358,0.110091743,0.743119266,0.174311927,0.009174312,0.073394495,0.880733945,2.110091743,0.073394495,0.403669725,0.055045872,0.04587156,6.165137615,0.293577982,0.385321101,0.23853211,0.073394495,0.091743119,0.532110092,0.018348624,0.339449541,0.183486239,1.055045872,0.385321101,0.559633028,0.678899083,0.036697248,12.21100917,0.119266055,0.165137615,65421,109,0.492994029,0.915966387,0.698717949,1,36.455,12.85516002,11.1844095,83.18316455,392.1926606,803.440367,0.625,4,1132,1133,1146,1148,0,0,0
622708,1150,1,0.070588235,0.294117647,0.035294118,0.035294118,0.023529412,1.152941176,1,0.047058824,0.176470588,0.094117647,0.023529412,9.235294118,0.329411765,0.082352941,0.305882353,0.011764706,0.094117647,0.2,0,0.305882353,0.164705882,2.905882353,0.129411765,0.764705882,0.576470588,0.117647059,8.035294118,0.070588235,0.058823529,65478,85,0.702617287,0.923913043,0.708333333,1,33.039,12.65433392,9.004418451,-47.24133037,600.5176471,804.1058824,0.435897436,1,1143,0,0,0,0,0,0
622708,1151,1.008,0.136,0.424,0.152,0.056,0.064,1.512,2,0.048,0.456,0.016,0.048,5.824,0.352,0.088,0.336,0.064,0.04,0.272,0,0.376,0.144,2.208,0.216,0.864,0.64,0.056,12.848,0.056,0.072,65535,125,0.660760118,0.905797101,0.694444444,1,40.838,14.97107689,11.2372475,8.908995977,554.264,802.696,0.06,1,1122,0,0,0,0,0,0
