ImageId,CellId,Cell_141Pr_AQP4,Cell_143Nd_SQSTM1,Cell_145Nd_UBQLN2,Cell_147Sm_Glutaminase,Cell_149Sm_C9orf72,Cell_150Nd_PDL1,Cell_151Eu_MAP2,Cell_152Sm_ATXN2,Cell_153Eu_ORF1,Cell_154Sm_pTDP43,Cell_155Gd_FoxP3,Cell_156Gd_CH24H,Cell_158Gd_GFAP,Cell_159Tb_IL6ST,Cell_160Gd_IBA1,Cell_161Dy_CX3CR1,Cell_162Dy_pTBK1,Cell_163Dy_CD4,Cell_164Dy_TMEM119,Cell_165Ho_PD1,Cell_166Er_GAD67,Cell_167Er_CD8,Cell_168Er_FUS,Cell_169Tm_ChAT,Cell_170Er_APOE,Cell_171Yb_TREM2,Cell_172Yb_PDL2,Cell_174Yb_MHCclassII,Cell_175Lu_TDP43,Cell_176Yb_TBK1,Cell_1_ALS_F_FrontalCrtx_240511_1_cellmasked,Area,Eccentricity,Solidity,Extent,EulerNumber,Perimeter,MajorAxisLength,MinorAxisLength,Orientation,X_position,Y_position,Percent_Touching,Number_Neighbors,neighbour_4_CellId1,neighbour_4_CellId2,neighbour_4_CellId3,neighbour_4_CellId4,neighbour_4_CellId5,neighbour_4_CellId6
562861,1,0.819672131,0.213114754,0.573770492,0.032786885,0.114754098,0.114754098,3.262295082,2.114754098,0.06557377,0.31147541,0.06557377,0.114754098,8.770491803,0.31147541,0.360655738,0.37704918,0.049180328,0.049180328,0.475409836,0,0.37704918,0.131147541,0.770491803,0.573770492,1.360655738,0.557377049,0.114754098,9.68852459,0.163934426,0.180327869,83,61,0.792463679,0.871428571,0.635416667,1,29.235,11.59422928,7.071541979,9.986317263,376.0655738,5.491803279,0.342857143,1,3,0,0,0,0,0
562861,3,1.057142857,0.2,0.552380952,0.142857143,0.085714286,0.152380952,4.838095238,2.476190476,0.142857143,0.4,0.057142857,0.019047619,7.047619048,0.647619048,0.219047619,0.466666667,0.161904762,0.076190476,0.542857143,0.038095238,0.323809524,0.152380952,1.4,0.295238095,2.752380952,0.523809524,0.20952381,12.37142857,0.342857143,0.238095238,249,105,0.591614772,0.963302752,0.795454545,1,34.172,12.96257746,10.45069943,56.02226359,366.0666667,9.40952381,0.380952381,2,1,14,0,0,0,0
562861,4,0.384615385,0.138461538,0.584615385,0.084615385,0.138461538,0.092307692,2.761538462,2.053846154,0.046153846,0.346153846,0.069230769,0.046153846,3.9,0.253846154,0.107692308,0.276923077,0.053846154,0.069230769,0.323076923,0.023076923,0.361538462,0.184615385,3.730769231,0.292307692,0.838461538,0.515384615,0.138461538,9.138461538,0.169230769,0.153846154,332,130,0.732794447,0.896551724,0.666666667,1,43.187,16.02618981,10.90502199,-30.0858981,340.5307692,9.607692308,0,0,0,0,0,0,0,0
562861,5,0.729411765,0.117647059,0.270588235,0.047058824,0.141176471,0.141176471,3.129411765,2.494117647,0.047058824,0.164705882,0.035294118,0.082352941,4.835294118,0.4,0.141176471,0.282352941,0.047058824,0.023529412,0.352941176,0.011764706,0.376470588,0.141176471,5.741176471,0.258823529,1.294117647,0.435294118,0.152941176,6.635294118,0.188235294,0.152941176,415,85,0.726396246,0.95505618,0.643939394,1,31.857,12.76905463,8.775866593,-47.28249144,407.6,8.729411765,0.512195122,1,10,0,0,0,0,0
562861,6,0.917647059,0.211764706,0.670588235,0.094117647,0.129411765,0.141176471,4.329411765,2.470588235,0.082352941,0.317647059,0.129411765,0.070588235,7.894117647,0.541176471,0.705882353,0.458823529,0.105882353,0.058823529,0.423529412,0.023529412,0.505882353,0.176470588,1.317647059,0.317647059,0.741176471,0.588235294,0.141176471,15.82352941,0.317647059,0.152941176,498,85,0.776273853,0.858585859,0.607142857,1,34.834,13.79230731,8.69461304,-8.873390033,179.1529412,11.55294118,0.418604651,1,2,0,0,0,0,0
562861,7,1.454545455,0.247933884,0.388429752,0.082644628,0.074380165,0.099173554,4.165289256,2.049586777,0.066115702,0.330578512,0.090909091,0.041322314,6.024793388,0.438016529,1.198347107,0.314049587,0.090909091,0.099173554,0.537190083,0.05785124,0.479338843,0.107438017,0.570247934,0.380165289,1.504132231,0.876033058,0.239669421,10.26446281,0.140495868,0.140495868,581,121,0.577390155,0.96031746,0.715976331,1,36.918,13.83405864,11.29507139,39.13967399,202.9917355,10.7768595,0.354166667,1,13,0,0,0,0,0
562861,8,1.107142857,0.276785714,0.464285714,0.098214286,0.178571429,0.098214286,6.535714286,2.669642857,0.089285714,0.276785714,0.080357143,0.089285714,4.089285714,0.357142857,0.544642857,0.526785714,0.116071429,0.044642857,0.392857143,0.071428571,0.383928571,0.223214286,3.919642857,0.4375,2.464285714,0.625,0.1875,11.63392857,0.285714286,0.241071429,664,112,0.496197756,0.957264957,0.783216783,1,34.842,12.87991264,11.18246289,-14.11002382,507.0267857,13.13392857,0,0,0,0,0,0,0,0
562861,9,0.716981132,0.235849057,0.283018868,0.075471698,0.113207547,0.094339623,2.764150943,3.29245283,0.066037736,0.320754717,0.028301887,0.08490566,8.367924528,0.490566038,3.08490566,0.273584906,0.08490566,0.141509434,1.028301887,0.018867925,0.386792453,0.122641509,2.424528302,0.216981132,1.41509434,0.745283019,0.20754717,10.24528302,0.226415094,0.235849057,747,106,0.736914799,0.938053097,0.627218935,1,36.728,14.42213507,9.749156134,40.3816524,546.0943396,12.83018868,0.5,4,15,16,18,24,0,0
562861,10,0.7,0.2,0.3,0.066666667,0.155555556,0.111111111,3.555555556,2.2,0.044444444,0.311111111,0.077777778,0.088888889,5.155555556,0.333333333,0.1,0.444444444,0.044444444,0.033333333,0.288888889,0,0.3,0.111111111,3.766666667,0.255555556,1.766666667,0.455555556,0.133333333,7.733333333,0.188888889,0.322222222,830,90,0.69374266,0.947368421,0.576923077,1,33.379,12.85501645,9.258478077,-34.72297671,402.8888889,14.84444444,0.431818182,1,5,0,0,0,0,0
562861,11,1.848101266,0.164556962,0.46835443,0.139240506,0.088607595,0.050632911,3.911392405,2.202531646,0.037974684,0.341772152,0.025316456,0.025316456,10.70886076,0.379746835,0.430379747,0.291139241,0.075949367,0.025316456,0.405063291,0.037974684,0.265822785,0.113924051,0.594936709,0.253164557,0.898734177,0.430379747,0.126582278,8.974683544,0.17721519,0.17721519,913,79,0.318220058,0.929411765,0.79,1,29.764,10.42917618,9.887035011,68.95286489,218.3164557,15.32911392,0.5,2,13,28,0,0,0,0
562861,12,0.527472527,0.098901099,0.450549451,0.142857143,0.054945055,0.087912088,4.78021978,1.934065934,0.131868132,0.21978022,0.043956044,0.065934066,4.175824176,0.373626374,0.087912088,0.263736264,0.054945055,0.10989011,0.318681319,0.021978022,0.32967033,0.076923077,1.648351648,0.43956044,0.769230769,0.582417582,0.197802198,13.3956044,0.186813187,0.175824176,995,91,0.924596734,0.866666667,0.473958333,1,41.963,18.1708488,6.922136596,-32.69268912,470.021978,14.62637363,0.596153846,2,17,22,0,0,0,0
562861,13,1.977272727,0.136363636,0.261363636,0.056818182,0.068181818,0.113636364,3.204545455,2,0.056818182,0.181818182,0.113636364,0.068181818,6.886363636,0.409090909,0.340909091,0.284090909,0.045454545,0.034090909,0.318181818,0.022727273,0.306818182,0.136363636,0.738636364,0.284090909,1.125,0.534090909,0.215909091,8.829545455,0.227272727,0.125,1078,88,0.518083497,0.88,0.611111111,1,35.694,12.26265049,10.48861343,82.02528767,210.5,17.32954545,0.955555556,4,7,11,28,30,0,0
562861,14,0.934579439,0.102803738,0.327102804,0.074766355,0.102803738,0.065420561,2.411214953,2.542056075,0.028037383,0.289719626,0.093457944,0.056074766,7.785046729,0.392523364,0.280373832,0.336448598,0.130841121,0.037383178,0.271028037,0.018691589,0.280373832,0.14953271,0.962616822,0.317757009,0.803738318,0.626168224,0.130841121,8.476635514,0.168224299,0.196261682,1161,107,0.676002627,0.946902655,0.694805195,1,35.512,13.70880497,10.10200758,8.544304066,375.317757,18.57009346,0.088888889,1,3,0,0,0,0,0
562861,16,1.13253012,0.108433735,0.385542169,0.072289157,0.084337349,0.13253012,4.987951807,3.34939759,0.048192771,0.253012048,0.024096386,0.048192771,28.27710843,0.65060241,0.469879518,0.698795181,0.072289157,0.084337349,0.373493976,0.048192771,0.530120482,0.13253012,1.036144578,0.421686747,2.21686747,0.903614458,0.144578313,17.39759036,0.313253012,0.204819277,1327,83,0.790438028,0.855670103,0.576388889,1,36.637,14.08467244,8.627453672,-50.45367166,557.313253,18.20481928,0.755555556,3,9,15,26,0,0,0
562861,17,0.696428571,0.303571429,0.517857143,0.142857143,0.089285714,0.142857143,5.071428571,1.714285714,0.196428571,0.428571429,0.053571429,0.089285714,3.642857143,0.25,0.089285714,0.285714286,0.089285714,0.053571429,0.285714286,0.017857143,0.214285714,0.160714286,1.392857143,0.428571429,0.696428571,0.803571429,0.107142857,16.58928571,0.160714286,0.178571429,1410,56,0.796630959,0.767123288,0.583333333,1,33.519,12.0822694,7.303320758,-24.75137498,465.7142857,18.14285714,0.918918919,2,12,22,0,0,0,0
562861,18,0.931034483,0.137931034,0.379310345,0.103448276,0.068965517,0.068965517,2.379310345,2.793103448,0.034482759,0.413793103,0,0,9.413793103,0.482758621,2.482758621,0.482758621,0.103448276,0.172413793,0.724137931,0.034482759,0.448275862,0.068965517,0.655172414,0.551724138,1,0.517241379,0.24137931,10.65517241,0.068965517,0.172413793,1493,29,0.612449855,0.878787879,0.604166667,1,19.476,7.473340314,5.907746066,7.257900234,546.6896552,20.13793103,1,3,9,15,24,0,0,0
562861,19,0.990196078,0.12745098,0.37254902,0.088235294,0.078431373,0.117647059,1.921568627,2.196078431,0.088235294,0.166666667,0.058823529,0.068627451,5.911764706,0.352941176,0.254901961,0.362745098,0.12745098,0.019607843,0.274509804,0,0.245098039,0.12745098,0.882352941,0.441176471,0.745098039,0.460784314,0.166666667,7.519607843,0.245098039,0.117647059,1576,102,0.61613005,0.944444444,0.713286713,1,34.197,12.94906552,10.19925944,26.9227557,731.4509804,20.73529412,0.093023256,1,29,0,0,0,0,0
562861,20,2.260869565,0.119565217,0.293478261,0.086956522,0.086956522,0.108695652,3.293478261,2.347826087,0.02173913,0.195652174,0.043478261,0.086956522,12.07608696,0.445652174,0.706521739,0.380434783,0.02173913,0.043478261,0.391304348,0.02173913,0.369565217,0.282608696,14.80434783,0.282608696,1.630434783,0.5,0.152173913,7.847826087,0.27173913,0.141304348,1659,92,0.302862036,0.948453608,0.760330579,1,31.567,11.17333848,10.64857605,70.23284768,115.1521739,21.2826087,0,0,0,0,0,0,0,0
562861,21,0.907216495,0.257731959,0.422680412,0.12371134,0.092783505,0.06185567,2.154639175,2.731958763,0.072164948,0.164948454,0.041237113,0.06185567,7.907216495,0.360824742,0.206185567,0.298969072,0.051546392,0.051546392,0.237113402,0.010309278,0.226804124,0.154639175,0.989690722,0.268041237,0.649484536,0.474226804,0.206185567,8.072164948,0.144329897,0.144329897,1742,97,0.602352194,0.96039604,0.734848485,1,32.51,12.51947117,9.993422976,36.17478947,702.8247423,22.27835052,0,0,0,0,0,0,0,0
562861,22,0.861313869,0.109489051,0.372262774,0.182481752,0.087591241,0.116788321,3.343065693,2.364963504,0.080291971,0.270072993,0.065693431,0.051094891,6.394160584,0.321167883,0.306569343,0.240875912,0.03649635,0.072992701,0.270072993,0.02919708,0.262773723,0.131386861,1.051094891,0.350364964,0.729927007,0.467153285,0.116788321,10.13138686,0.204379562,0.072992701,1825,137,0.82203544,0.907284768,0.691919192,1,43.898,17.86842179,10.17492856,-5.105021459,470.8248175,25.19708029,0.698113208,3,12,17,31,0,0,0
562861,23,1.325842697,0.112359551,0.415730337,0.078651685,0.123595506,0.056179775,1.775280899,2.606741573,0.056179775,0.325842697,0.123595506,0.033707865,5.786516854,0.438202247,0.943820225,0.303370787,0.134831461,0.056179775,0.303370787,0.033707865,0.258426966,0.033707865,2.471910112,0.337078652,0.651685393,0.528089888,0.08988764,9.528089888,0.179775281,0.202247191,1908,89,0.499232046,0.956989247,0.741666667,1,30.922,11.5159357,9.978193563,-16.06801628,767.4719101,24.35955056,0.3,1,32,0,0,0,0,0
562861,24,0.512820513,0.102564103,0.256410256,0.102564103,0.064102564,0.102564103,1.692307692,1.717948718,0.08974359,0.141025641,0.012820513,0.038461538,5.782051282,0.269230769,0.128205128,0.179487179,0.025641026,0.076923077,0.243589744,0.012820513,0.282051282,0.115384615,2.833333333,0.269230769,0.384615385,0.346153846,0.153846154,6.371794872,0.102564103,0.102564103,1991,78,0.667961244,0.939759036,0.644628099,1,30.451,11.70704995,8.712340455,-38.43250892,544.3846154,26.12820513,0.5,3,9,15,18,0,0,0
562861,25,0.513157895,0.223684211,0.421052632,0.105263158,0.065789474,0.026315789,1.578947368,2.052631579,0.065789474,0.171052632,0.052631579,0.026315789,3.184210526,0.394736842,0.486842105,0.25,0.039473684,0.026315789,0.328947368,0.026315789,0.276315789,0.078947368,3.815789474,0.368421053,0.697368421,0.592105263,0.184210526,8.75,0.197368421,0.144736842,2074,76,0.610936862,0.938271605,0.690909091,1,29.88,11.26525479,8.91846929,57.11937276,57.94736842,25.60526316,0.459459459,1,27,0,0,0,0,0
562861,26,0.791666667,0.104166667,0.3125,0.114583333,0.15625,0.114583333,3.989583333,3.145833333,0.145833333,0.21875,0.0625,0.125,16.1875,0.458333333,1.8125,0.541666667,0.104166667,0.09375,0.8125,0,0.46875,0.09375,1.15625,0.333333333,1.15625,0.5625,0.15625,12.9375,0.25,0.208333333,2157,96,0.589526002,0.842105263,0.671328671,1,38.663,12.89540685,10.41625714,-1.984375924,560.6666667,26.71875,0.866666667,5,15,16,36,40,41,0
562861,27,0.838095238,0.20952381,0.466666667,0.076190476,0.152380952,0.142857143,3.676190476,2.276190476,0.057142857,0.20952381,0.085714286,0.057142857,3.904761905,0.352380952,0.276190476,0.561904762,0.057142857,0.076190476,0.304761905,0.057142857,0.428571429,0.104761905,1.333333333,0.238095238,1.676190476,0.380952381,0.161904762,8.80952381,0.228571429,0.104761905,2240,105,0.789798295,0.875,0.576923077,1,37.861,15.13973535,9.286208827,58.79335343,66.0952381,26.18095238,0.361702128,1,25,0,0,0,0,0
562861,28,1.236842105,0.105263158,0.254385965,0.070175439,0.131578947,0.087719298,2.929824561,2.175438596,0.131578947,0.149122807,0.105263158,0.061403509,5.052631579,0.403508772,0.789473684,0.254385965,0.070175439,0.070175439,0.48245614,0,0.385964912,0.096491228,1.298245614,0.473684211,1.043859649,0.50877193,0.087719298,8.614035088,0.201754386,0.157894737,2323,114,0.394299258,0.897637795,0.730769231,1,39.283,13.16771274,12.10089227,50.88179621,214.122807,27.92982456,0.804347826,4,11,13,30,35,0,0
562861,29,1.804347826,0.119565217,0.391304348,0.010869565,0.108695652,0.108695652,2.576086957,2.5,0.076086957,0.152173913,0.010869565,0.043478261,7.52173913,0.467391304,1.282608696,0.347826087,0.032608696,0.032608696,0.413043478,0.032608696,0.358695652,0.076086957,0.52173913,0.293478261,0.880434783,0.47826087,0.130434783,6.880434783,0.206521739,0.086956522,2406,92,0.591546844,0.958333333,0.696969697,1,31.956,12.13975198,9.787925498,55.47246343,720.923913,30.07608696,0.097560976,1,19,0,0,0,0,0
562861,30,1.163461538,0.153846154,0.394230769,0.076923077,0.105769231,0.057692308,2.701923077,2.144230769,0.067307692,0.269230769,0.028846154,0.038461538,4.673076923,0.394230769,3.576923077,0.346153846,0.076923077,0.105769231,0.730769231,0.019230769,0.403846154,0.144230769,2.009615385,0.317307692,0.721153846,0.740384615,0.173076923,10.39423077,0.259615385,0.153846154,2489,104,0.465366737,0.99047619,0.787878788,1,34.354,12.44045117,11.01126674,-80.19792329,204.7019231,29.75961538,0.404761905,3,13,28,35,0,0,0
562861,31,1.93814433,0.134020619,0.268041237,0.144329897,0.092783505,0.041237113,2.288659794,2.969072165,0.072164948,0.206185567,0.030927835,0.030927835,10.83505155,0.474226804,0.18556701,0.257731959,0.06185567,0.041237113,0.309278351,0.010309278,0.278350515,0.06185567,0.804123711,0.319587629,0.690721649,0.432989691,0.103092784,6.907216495,0.18556701,0.113402062,2572,97,0.684810195,0.923809524,0.62987013,1,34.677,13.28990266,9.684637556,-12.39545724,481.7628866,31.57731959,0.355555556,1,22,0,0,0,0,0
562861,32,1.481012658,0.265822785,0.316455696,0.088607595,0.101265823,0.227848101,3.050632911,2.53164557,0.075949367,0.17721519,0.037974684,0.037974684,6.075949367,0.430379747,3.759493671,0.53164557,0.037974684,0.101265823,0.544303797,0.012658228,0.278481013,0.088607595,0.746835443,0.367088608,0.936708861,0.569620253,0.202531646,8.556962025,0.240506329,0.17721519,2655,79,0.349554004,0.929411765,0.718181818,1,30.153,10.52584341,9.861833394,-75.5622783,759.3417722,30.29113924,0.810810811,2,23,33,0,0,0,0
562861,33,1.876190476,0.2,0.419047619,0.171428571,0.20952381,0.095238095,4.352380952,2.80952381,0.095238095,0.314285714,0.047619048,0.066666667,3.742857143,0.619047619,0.4,0.380952381,0.104761905,0.085714286,0.40952381,0.028571429,0.495238095,0.123809524,1.847619048,0.457142857,2,0.723809524,0.238095238,11.48571429,0.171428571,0.171428571,2738,105,0.486670973,0.897435897,0.621301775,1,37.844,12.89484393,11.26474675,-59.0908903,751.5238095,33.63809524,0.416666667,1,32,0,0,0,0,0
562861,34,1.171052632,0.210526316,0.434210526,0.052631579,0.131578947,0.144736842,8.881578947,2.907894737,0.131578947,0.276315789,0.092105263,0.092105263,29.93421053,0.368421053,0.552631579,0.473684211,0.052631579,0.039473684,0.263157895,0.026315789,0.631578947,0.263157895,15.89473684,0.381578947,3.907894737,0.618421053,0.197368421,12.64473684,0.302631579,0.236842105,2820,76,0.709764953,0.95,0.633333333,1,29.624,11.89380554,8.378455479,29.81471031,612.8815789,33.55263158,0.641025641,2,42,43,0,0,0,0
562861,35,1.407407407,0.259259259,0.333333333,0.037037037,0.148148148,0.148148148,4.111111111,2.333333333,0.074074074,0.296296296,0.12962963,0,6.037037037,0.333333333,2.12962963,0.5,0.092592593,0.092592593,0.703703704,0.018518519,0.444444444,0.111111111,0.87037037,0.296296296,1.722222222,0.740740741,0.222222222,10.88888889,0.240740741,0.148148148,2903,54,0.784970927,0.964285714,0.6,1,26.134,11.01146416,6.82196103,44.11621628,215.0925926,36.2037037,0.970588235,4,28,30,38,50,0,0
562861,36,1.146666667,0.253333333,0.293333333,0.08,0.08,0.133333333,3.2,1.92,0.053333333,0.28,0.186666667,0.093333333,17.29333333,0.333333333,0.16,0.4,0.106666667,0.053333333,0.213333333,0.013333333,0.32,0.12,0.84,0.373333333,1.053333333,0.64,0.2,10.09333333,0.226666667,0.093333333,2986,75,0.722139451,0.903614458,0.625,1,31.468,12.02447992,8.31790401,62.5866716,554.6533333,35.21333333,0.702702703,4,15,26,40,45,0,0
562861,37,0.712643678,0.229885057,0.344827586,0.011494253,0.091954023,0.114942529,2.298850575,2.540229885,0.103448276,0.183908046,0.068965517,0.057471264,4.793103448,0.436781609,4.114942529,0.287356322,0.045977011,0.172413793,0.482758621,0.034482759,0.275862069,0.172413793,8.942528736,0.32183908,1.528735632,0.620689655,0.137931034,8.712643678,0.172413793,0.091954023,3069,87,0.288499241,0.956043956,0.790909091,1,30.525,10.83161162,10.37105284,-74.47983381,626.5632184,36.96551724,0.394736842,1,42,0,0,0,0,0
562861,38,1.215053763,0.204301075,0.591397849,0.161290323,0.129032258,0.096774194,4.301075269,2.430107527,0.182795699,0.268817204,0.11827957,0.064516129,5.430107527,0.440860215,1.107526882,0.505376344,0.043010753,0.053763441,0.88172043,0.096774194,0.430107527,0.204301075,1.483870968,0.268817204,2.107526882,0.935483871,0.161290323,13.97849462,0.268817204,0.182795699,3152,93,0.71346985,0.939393939,0.664285714,1,34.371,13.3886883,9.381265526,25.99700097,221.3978495,39.21505376,0.930232558,4,35,39,50,51,0,0
562861,39,0.75,0.239583333,0.28125,0.0625,0.104166667,0.041666667,2.0625,1.979166667,0.072916667,0.229166667,0.125,0.104166667,4.677083333,0.333333333,0.5,0.302083333,0.104166667,0.03125,0.364583333,0.020833333,0.270833333,0.145833333,0.520833333,0.291666667,0.385416667,0.416666667,0.145833333,6.770833333,0.28125,0.15625,3235,96,0.539616139,0.932038835,0.671328671,1,33.85,12.19167764,10.26430962,10.0213993,234.0208333,38.75,0.181818182,1,38,0,0,0,0,0
562861,40,0.87037037,0.314814815,0.888888889,0.148148148,0.166666667,0.111111111,3.074074074,3.444444444,0.092592593,0.351851852,0.055555556,0.055555556,5.296296296,1.018518519,0.185185185,0.703703704,0.12962963,0.092592593,0.203703704,0.074074074,0.87037037,0.203703704,3.777777778,0.574074074,0.981481481,1.148148148,0.296296296,11.42592593,0.425925926,0.259259259,3318,54,0.773370366,0.666666667,0.446280992,1,34.991,11.88835389,7.536675157,58.44552274,560.5555556,36.74074074,1,4,26,36,41,45,0,0
562861,41,0.628571429,0.371428571,0.714285714,0.142857143,0.085714286,0.171428571,3.028571429,2.9,0.085714286,0.428571429,0.085714286,0.028571429,4.142857143,1.085714286,0.271428571,0.471428571,0.071428571,0.1,0.5,0.028571429,0.428571429,0.171428571,9.242857143,0.271428571,0.757142857,0.728571429,0.142857143,10.22857143,0.3,0.357142857,3401,70,0.569014673,0.909090909,0.648148148,1,29.88,10.85624944,8.927391037,89.30374059,567.2428571,37.94285714,0.837837838,5,26,40,45,48,52,0
562861,42,0.760683761,0.205128205,0.435897436,0.11965812,0.205128205,0.068376068,8.205128205,2.948717949,0.111111111,0.358974359,0.085470085,0.068376068,35.82051282,0.632478632,0.837606838,0.47008547,0.085470085,0.051282051,0.367521368,0.025641026,0.52991453,0.153846154,4.52991453,0.512820513,3.188034188,0.666666667,0.256410256,11.25641026,0.256410256,0.11965812,3484,117,0.725116693,0.928571429,0.609375,1,39.35,15.08177305,10.3857012,74.82945991,617.4444444,41.32478632,0.9,4,34,37,43,53,0,0
562861,43,0.468085106,0.20212766,0.744680851,0.085106383,0.138297872,0.106382979,2.776595745,2.787234043,0.053191489,0.287234043,0.117021277,0.053191489,6.436170213,0.382978723,0.14893617,0.414893617,0.021276596,0.063829787,0.5,0.021276596,0.393617021,0.127659574,2.265957447,0.404255319,1.095744681,0.563829787,0.244680851,11.74468085,0.212765957,0.106382979,3567,94,0.680128825,0.949494949,0.723076923,1,34.47,13.00536364,9.534136036,-12.02015542,605.8191489,40.09574468,0.681818182,3,34,42,53,0,0,0
562861,44,1.081818182,0.136363636,0.272727273,0.163636364,0.109090909,0.081818182,3.063636364,2.290909091,0.136363636,0.145454545,0.054545455,0.036363636,11.13636364,0.318181818,0.1,0.263636364,0.145454545,0.045454545,0.409090909,0.036363636,0.418181818,0.109090909,0.618181818,0.418181818,0.754545455,0.472727273,0.127272727,10.11818182,0.163636364,0.127272727,3650,110,0.458977153,0.924369748,0.705128205,1,35.785,12.69959026,11.28292645,-13.84053078,139.9181818,42.47272727,0.272727273,1,47,0,0,0,0,0
562861,45,1.06779661,0.203389831,0.847457627,0.084745763,0.084745763,0.169491525,3.677966102,2.271186441,0.06779661,0.288135593,0.118644068,0.06779661,10.88135593,0.847457627,0.203389831,0.610169492,0.203389831,0.084745763,0.525423729,0.033898305,0.372881356,0.322033898,2.610169492,0.389830508,1.593220339,0.661016949,0.220338983,13.44067797,0.288135593,0.322033898,3733,59,0.790024573,0.967213115,0.702380952,1,26.969,11.29378672,6.923940305,1.625147108,558.7457627,43.71186441,0.909090909,5,36,40,41,48,52,0
562861,46,1.030075188,0.195488722,0.338345865,0.060150376,0.135338346,0.082706767,2.330827068,2.120300752,0.045112782,0.293233083,0.090225564,0.067669173,12.12030075,0.406015038,2.62406015,0.390977444,0.090225564,0.112781955,1.443609023,0.037593985,0.330827068,0.112781955,0.887218045,0.308270677,1.097744361,0.721804511,0.135338346,11.09022556,0.203007519,0.127819549,3816,133,0.344318536,0.977941176,0.730769231,1,38.961,13.56320839,12.73385737,0.506169365,119.406015,45.7518797,0.265306122,1,47,0,0,0,0,0
562861,47,1.352272727,0.090909091,0.363636364,0.079545455,0.181818182,0.079545455,2.613636364,2.681818182,0.045454545,0.306818182,0,0.056818182,15.64772727,0.363636364,0.204545455,0.397727273,0.022727273,0.079545455,0.295454545,0.056818182,0.375,0.102272727,0.852272727,0.295454545,1.090909091,0.568181818,0.136363636,11.18181818,0.204545455,0.181818182,3899,88,0.590606662,0.977777778,0.814814815,1,30.707,11.85906729,9.56978801,85.78598503,129.9545455,45.30681818,0.710526316,2,44,46,0,0,0,0
562861,48,0.747126437,0.103448276,0.402298851,0.068965517,0.103448276,0.114942529,3.218390805,2.32183908,0.091954023,0.218390805,0.045977011,0.022988506,3.24137931,0.827586207,0.344827586,0.425287356,0.103448276,0.057471264,0.24137931,0.011494253,0.379310345,0.137931034,2.137931034,0.275862069,0.75862069,0.689655172,0.195402299,8.850574713,0.183908046,0.103448276,3982,87,0.852562885,0.756521739,0.494318182,1,41.988,16.3419925,8.540728145,-5.367894886,572.3448276,44.68965517,0.79245283,3,41,45,52,0,0,0
562861,49,0.577981651,0.19266055,0.458715596,0.091743119,0.201834862,0.100917431,7.449541284,2.660550459,0.073394495,0.302752294,0.073394495,0.064220183,3.917431193,0.486238532,0.082568807,0.403669725,0.146788991,0.100917431,0.403669725,0.018348624,0.357798165,0.119266055,7.495412844,0.330275229,2.376146789,0.541284404,0.119266055,8.385321101,0.293577982,0.155963303,4065,109,0.585019979,0.947826087,0.648809524,1,35.438,13.28763704,10.77652451,74.09042924,676.6972477,46.25688073,0.375,1,54,0,0,0,0,0
562861,50,1.097345133,0.10619469,0.185840708,0.044247788,0.026548673,0.053097345,2.415929204,1.469026549,0.07079646,0.212389381,0.044247788,0.044247788,9.185840708,0.407079646,0.327433628,0.283185841,0.061946903,0.053097345,0.336283186,0.008849558,0.168141593,0.017699115,0.522123894,0.221238938,0.601769912,0.336283186,0.115044248,6.761061947,0.203539823,0.088495575,4148,113,0.423057093,0.918699187,0.724358974,1,36.918,12.79798785,11.59629553,1.887162285,207.0884956,47.68141593,0.108695652,3,35,38,67,0,0,0
562861,51,1.053763441,0.247311828,0.387096774,0.086021505,0.11827957,0.11827957,3.11827957,2.322580645,0.032258065,0.397849462,0.064516129,0.032258065,8.215053763,0.35483871,1.096774194,0.52688172,0.043010753,0.075268817,0.623655914,0.021505376,0.569892473,0.129032258,0.752688172,0.462365591,0.741935484,0.870967742,0.172043011,11.4516129,0.311827957,0.172043011,4231,93,0.584630165,0.939393939,0.715384615,1,32.783,12.19096925,9.890532446,-5.643099013,222.827957,48.11827957,0.575,2,38,67,0,0,0,0
562861,52,1,0.112,0.32,0.112,0.08,0.128,3.168,2.088,0.104,0.344,0.04,0.048,6.608,0.488,0.584,0.432,0.064,0.064,0.4,0.024,0.448,0.128,0.624,0.32,0.904,0.752,0.136,9.672,0.168,0.176,4314,125,0.817877045,0.844594595,0.668449198,1,45.726,17.61772287,10.13711495,8.474534886,566.488,50.712,0.586206897,3,41,45,48,0,0,0
562861,53,1.2421875,0.203125,0.546875,0.078125,0.1328125,0.1015625,5.8515625,2.6953125,0.0546875,0.1484375,0.1015625,0.109375,39.9921875,0.46875,0.453125,0.3671875,0.09375,0.140625,0.3515625,0.03125,0.4140625,0.140625,0.765625,0.421875,1.78125,0.6796875,0.15625,11.34375,0.3125,0.125,4397,128,0.825722347,0.888888889,0.684491979,1,43.187,17.4007338,9.815349758,-0.483542826,610.3125,50.8515625,0.907407407,4,42,43,58,59,0,0
562861,54,1.076923077,0.175824176,0.428571429,0.032967033,0.131868132,0.153846154,2.065934066,2.736263736,0.098901099,0.208791209,0.021978022,0.021978022,10.15384615,0.307692308,0.43956044,0.417582418,0.076923077,0.175824176,0.626373626,0.010989011,0.362637363,0.076923077,0.78021978,0.318681319,0.626373626,0.637362637,0.175824176,7.472527473,0.175824176,0.098901099,4480,91,0.643977867,0.93814433,0.689393939,1,32.419,12.46117859,9.533351415,37.86263262,684.7802198,50.62637363,0.414634146,1,49,0,0,0,0,0
562861,55,1.042105263,0.115789474,0.357894737,0.094736842,0.084210526,0.084210526,2.305263158,2.178947368,0.126315789,0.347368421,0.105263158,0.021052632,6.368421053,0.431578947,0.084210526,0.421052632,0.084210526,0.063157895,0.326315789,0.010526316,0.421052632,0.115789474,0.852631579,0.473684211,0.926315789,0.4,0.242105263,8.410526316,0.273684211,0.189473684,4563,95,0.553868482,0.940594059,0.664335664,1,32.907,12.1917996,10.15094319,7.568164516,454.1473684,53.81052632,0,0,0,0,0,0,0,0
562861,56,0.698630137,0.260273973,0.369863014,0.136986301,0.232876712,0.04109589,4.931506849,2.479452055,0.068493151,0.191780822,0.068493151,0.082191781,2.698630137,1.246575342,0.205479452,0.506849315,0.136986301,0.301369863,0.273972603,0.01369863,0.657534247,0.191780822,3.205479452,0.452054795,3.356164384,1.219178082,0.287671233,12.35616438,0.246575342,0.273972603,4646,73,0.634992675,0.858823529,0.608333333,1,32.014,11.71494439,9.050007251,64.51827855,15.09589041,57.15068493,0.487179487,2,63,68,0,0,0,0
562861,57,0.833333333,0.088888889,0.5,0.166666667,0.144444444,0.188888889,1.944444444,2.566666667,0.033333333,0.222222222,0.066666667,0.1,6.866666667,0.355555556,10.75555556,0.4,0.1,0.144444444,1.466666667,0.077777778,0.444444444,0.111111111,3.622222222,0.288888889,1.822222222,0.622222222,0.222222222,10.65555556,0.188888889,0.144444444,4728,90,0.593842975,0.957446809,0.75,1,31.104,11.999108,9.654253832,23.76449415,234.3333333,58.37777778,0.225,1,64,0,0,0,0,0
562861,58,1.049107143,0.209821429,0.486607143,0.075892857,0.111607143,0.09375,3.40625,2.196428571,0.080357143,0.236607143,0.09375,0.058035714,5.0625,0.508928571,8.941964286,0.348214286,0.066964286,0.183035714,1.040178571,0.040178571,0.459821429,0.183035714,1.919642857,0.303571429,1.794642857,0.861607143,0.196428571,11.16964286,0.272321429,0.21875,4811,224,0.742643816,0.842105263,0.572890026,1,64.433,22.22785085,14.88569421,67.80909943,592.7142857,54.88839286,0.430379747,2,53,66,0,0,0,0
562861,59,0.695121951,0.085365854,0.207317073,0.109756098,0.06097561,0.097560976,2.829268293,2.195121951,0.06097561,0.170731707,0.06097561,0.048780488,9.231707317,0.43902439,2.353658537,0.195121951,0.048780488,0.097560976,0.743902439,0.024390244,0.243902439,0.073170732,0.609756098,0.268292683,0.682926829,0.93902439,0.109756098,6.280487805,0.12195122,0.146341463,4894,82,0.686935605,0.942528736,0.700854701,1,31.286,12.16637108,8.841524398,-5.403653578,613.2317073,58.70731707,0.473684211,1,53,0,0,0,0,0
562861,60,0.55952381,0.25,0.345238095,0.071428571,0.119047619,0.05952381,2.023809524,2.238095238,0.130952381,0.333333333,0.011904762,0.05952381,5.416666667,0.404761905,0.107142857,0.297619048,0.05952381,0.035714286,0.476190476,0.023809524,0.238095238,0.071428571,1.952380952,0.214285714,0.55952381,0.607142857,0.154761905,10.58333333,0.154761905,0.083333333,4977,84,0.55287424,0.954545455,0.7,1,30.178,11.41806165,9.51426782,15.39856887,194.2261905,59.3452381,0.384615385,1,69,0,0,0,0,0
562861,61,0.704347826,0.147826087,0.434782609,0.104347826,0.12173913,0.113043478,2.208695652,2.391304348,0.043478261,0.4,0.060869565,0.043478261,3.443478261,0.452173913,1.756521739,0.260869565,0.069565217,0.07826087,1,0.017391304,0.391304348,0.130434783,0.808695652,0.260869565,0.747826087,0.704347826,0.156521739,7.626086957,0.165217391,0.165217391,5060,115,0.477321921,0.942622951,0.737179487,1,35.975,13.0127093,11.43463857,-84.48774523,424.5043478,59.97391304,0,0,0,0,0,0,0,0
562861,62,0.943661972,0.133802817,0.394366197,0.112676056,0.105633803,0.105633803,2.669014085,2.802816901,0.112676056,0.232394366,0.077464789,0.035211268,4.795774648,0.5,0.992957746,0.35915493,0.084507042,0.063380282,0.478873239,0.063380282,0.394366197,0.105633803,0.774647887,0.436619718,0.753521127,0.514084507,0.183098592,9.922535211,0.302816901,0.091549296,5143,142,0.655198339,0.934210526,0.682692308,1,42.36,15.63760138,11.81353395,17.38091179,763.8380282,60.14788732,0,0,0,0,0,0,0,0
562861,64,0.514563107,0.203883495,0.359223301,0.038834951,0.038834951,0.077669903,2.067961165,1.970873786,0.029126214,0.281553398,0.067961165,0.058252427,4.786407767,0.368932039,0.601941748,0.310679612,0.058252427,0.126213592,0.475728155,0.009708738,0.466019417,0.097087379,0.718446602,0.359223301,0.902912621,0.854368932,0.165048544,11.32038835,0.223300971,0.165048544,5309,103,0.682543523,0.962616822,0.735714286,1,34.288,13.4915705,9.860246154,8.678653637,246.9514563,61.51456311,0.162790698,1,57,0,0,0,0,0
562861,65,1.256410256,0.196581197,0.358974359,0.11965812,0.051282051,0.102564103,2.145299145,2.52991453,0.05982906,0.196581197,0.068376068,0.102564103,7.598290598,0.358974359,2.401709402,0.435897436,0.076923077,0.085470085,0.452991453,0.008547009,0.324786325,0.128205128,0.692307692,0.239316239,0.615384615,0.769230769,0.170940171,7.495726496,0.188034188,0.196581197,5392,117,0.718264422,0.928571429,0.642857143,1,37.588,14.80591331,10.30151379,-34.5213351,475.2136752,62.03418803,0,0,0,0,0,0,0,0
562861,67,1.113744076,0.156398104,0.322274882,0.061611374,0.132701422,0.09478673,3.720379147,3.383886256,0.118483412,0.303317536,0.09478673,0.075829384,25.69194313,0.563981043,0.407582938,0.597156398,0.066350711,0.104265403,0.417061611,0.061611374,0.611374408,0.222748815,6.516587678,0.549763033,2.232227488,0.734597156,0.218009479,14.26066351,0.28436019,0.18957346,5558,211,0.530878308,0.954751131,0.689542484,1,51.06,18.15759687,15.38762032,-38.72677495,217.4881517,61.22274882,0.196969697,2,50,51,0,0,0,0
562861,69,0.738738739,0.225225225,0.297297297,0.072072072,0.108108108,0.099099099,2.225225225,2.09009009,0.108108108,0.171171171,0.099099099,0.09009009,3.963963964,0.432432432,0.198198198,0.36036036,0.054054054,0.036036036,0.477477477,0.036036036,0.441441441,0.108108108,1.351351351,0.522522523,0.801801802,0.720720721,0.135135135,10.77477477,0.225225225,0.144144144,5724,111,0.43587145,0.932773109,0.711538462,1,36.546,12.71466209,11.44330946,-84.8363095,188.5855856,67.93693694,0.382978723,2,60,71,0,0,0,0
562861,70,0.930232558,0.23255814,0.356589147,0.085271318,0.093023256,0.108527132,3.542635659,2.635658915,0.046511628,0.201550388,0.054263566,0.07751938,5.093023256,0.333333333,0.658914729,0.434108527,0.085271318,0.069767442,0.643410853,0.015503876,0.294573643,0.139534884,1.19379845,0.410852713,1.031007752,0.635658915,0.131782946,8.031007752,0.186046512,0.178294574,5807,129,0.515567025,0.908450704,0.708791209,1,41.045,14.02158293,12.01438286,5.517694254,659.1085271,70.02325581,0.31372549,1,82,0,0,0,0,0
562861,71,0.659090909,0.159090909,0.522727273,0.170454545,0.090909091,0.056818182,2.488636364,3.045454545,0.125,0.295454545,0.045454545,0.045454545,6.056818182,0.397727273,2.875,0.477272727,0.068181818,0.056818182,1,0.045454545,0.511363636,0.125,0.761363636,0.352272727,0.602272727,0.386363636,0.079545455,10.27272727,0.306818182,0.125,5890,88,0.449621782,0.956521739,0.727272727,1,30.459,11.27070343,10.0672069,-43.68113606,200.9772727,72.27272727,0.1,1,69,0,0,0,0,0
562861,72,0.873737374,0.121212121,0.308080808,0.025252525,0.090909091,0.095959596,2.166666667,2.025252525,0.060606061,0.191919192,0.050505051,0.045454545,4.742424242,0.348484848,0.121212121,0.237373737,0.075757576,0.055555556,0.308080808,0.035353535,0.303030303,0.060606061,0.611111111,0.191919192,0.601010101,0.404040404,0.095959596,7.388888889,0.181818182,0.106060606,5973,198,0.65665577,0.956521739,0.733333333,1,50.291,18.46437935,13.92565814,28.21002297,349.4141414,74.36363636,0,0,0,0,0,0,0,0
562861,73,1.420560748,0.429906542,1.028037383,0.065420561,0.14953271,0.205607477,3.186915888,3.598130841,0.121495327,0.579439252,0.112149533,0.102803738,2.654205607,1.607476636,0.186915888,0.364485981,0.093457944,0.065420561,0.317757009,0.046728972,1.186915888,0.775700935,2.429906542,0.570093458,0.579439252,1.46728972,0.186915888,5.906542056,0.401869159,0.158878505,6056,107,0.431310445,0.938596491,0.685897436,1,35.33,12.51454087,11.29066358,33.50571827,34.90654206,74.8317757,0.239130435,1,75,0,0,0,0,0
562861,74,0.846153846,0.163461538,0.5,0.048076923,0.057692308,0.115384615,2.432692308,2.567307692,0.096153846,0.326923077,0.105769231,0.076923077,6.009615385,0.384615385,0.221153846,0.317307692,0.048076923,0.125,0.423076923,0.009615385,0.307692308,0.086538462,1.009615385,0.375,0.846153846,0.817307692,0.192307692,9.990384615,0.240384615,0.163461538,6139,104,0.622960709,0.945454545,0.675324675,1,34.677,13.10856058,10.25421251,4.285242386,556.3557692,73.41346154,0,0,0,0,0,0,0,0
562861,75,0.931623932,0.179487179,0.752136752,0.153846154,0.153846154,0.102564103,4.008547009,3.521367521,0.102564103,0.316239316,0.136752137,0.068376068,4.264957265,0.948717949,0.179487179,0.512820513,0.111111111,0.179487179,0.393162393,0.025641026,0.811965812,0.504273504,1.615384615,0.418803419,1.025641026,1.487179487,0.239316239,10.92307692,0.316239316,0.179487179,6222,117,0.69546706,0.943548387,0.709090909,1,37.745,14.53747747,10.44602042,17.13613092,21.76923077,75.20512821,0.574468085,2,68,73,0,0,0,0
562861,76,0.684210526,0.210526316,0.381578947,0.078947368,0.157894737,0.092105263,3.407894737,2.315789474,0.039473684,0.197368421,0.078947368,0.092105263,2.526315789,0.657894737,0.289473684,0.210526316,0.078947368,0.039473684,0.302631579,0.026315789,0.447368421,0.118421053,2.052631579,0.25,0.986842105,0.605263158,0.157894737,9.355263158,0.328947368,0.131578947,6305,76,0.601382161,0.915662651,0.575757576,1,32.345,11.39659209,9.105438436,52.70327473,627.3552632,76.13157895,0.8,3,81,83,89,0,0,0
562861,77,1.328571429,0.128571429,0.385714286,0.085714286,0.114285714,0.092857143,2.55,2.278571429,0.107142857,0.164285714,0.05,0.014285714,5.657142857,0.828571429,0.142857143,0.278571429,0.071428571,0.085714286,0.257142857,0.028571429,0.485714286,0.321428571,1.271428571,0.371428571,1.142857143,0.535714286,0.157142857,6.85,0.207142857,0.157142857,6388,140,0.582373979,0.933333333,0.625,1,43.005,15.18472841,12.34398457,31.43153865,51.59285714,77.72857143,0.407407407,2,84,92,0,0,0,0
562861,78,0.991561181,0.185654008,0.375527426,0.139240506,0.105485232,0.067510549,4.012658228,2.194092827,0.139240506,0.240506329,0.088607595,0.046413502,5.966244726,0.662447257,0.139240506,0.421940928,0.097046414,0.080168776,0.291139241,0.025316456,0.392405063,0.189873418,2.455696203,0.23628692,0.725738397,0.76371308,0.198312236,9.151898734,0.219409283,0.156118143,6471,237,0.859089249,0.874538745,0.580882353,1,63.143,25.3660729,12.98301088,-65.31931245,450.5864979,82.39662447,0.2,1,100,0,0,0,0,0
562861,79,1.3,0.166666667,0.4,0.091666667,0.1,0.108333333,3.708333333,2.65,0.075,0.516666667,0.033333333,0.05,9.075,0.575,0.175,0.466666667,0.15,0.175,0.3,0.016666667,0.35,0.2,8.891666667,0.266666667,1.65,0.675,0.208333333,8.466666667,0.241666667,0.275,6554,120,0.654612418,0.916030534,0.666666667,1,38.787,14.49966374,10.96123352,1.813732863,154.625,78.79166667,0,0,0,0,0,0,0,0
562861,80,1.032967033,0.472527473,0.307692308,0.098901099,0.175824176,0.230769231,4.32967033,3.857142857,0.10989011,0.450549451,0.032967033,0.021978022,6.285714286,0.494505495,0.208791209,0.538461538,0.120879121,0.054945055,0.362637363,0.043956044,0.681318681,0.197802198,1.56043956,0.43956044,1.703296703,0.406593407,0.10989011,10.53846154,0.230769231,0.296703297,6636,91,0.294810299,0.947916667,0.689393939,1,31.956,11.14543542,10.65008546,62.49349005,333.4615385,81.81318681,0,0,0,0,0,0,0,0
562861,81,1.447761194,0.164179104,0.298507463,0.194029851,0.044776119,0.044776119,4.28358209,2.582089552,0.059701493,0.328358209,0.119402985,0.074626866,6.537313433,0.582089552,0.313432836,0.611940299,0.119402985,0.134328358,0.552238806,0.029850746,0.537313433,0.298507463,1.298507463,0.23880597,3.074626866,0.731343284,0.223880597,9.537313433,0.298507463,0.179104478,6719,67,0.68643192,0.881578947,0.62037037,1,30.724,11.18162011,8.131207868,26.02632855,631.8059701,81.67164179,0.972222222,4,76,83,89,90,0,0
562861,82,1.08490566,0.179245283,0.273584906,0.08490566,0.103773585,0.132075472,2.886792453,2.320754717,0.066037736,0.216981132,0.018867925,0.056603774,6.188679245,0.339622642,0.641509434,0.443396226,0.047169811,0.056603774,0.58490566,0.056603774,0.386792453,0.047169811,0.566037736,0.339622642,0.867924528,0.452830189,0.141509434,10.40566038,0.113207547,0.264150943,6802,106,0.807131025,0.913793103,0.6625,1,37.77,15.34151434,9.057205836,-5.773619961,658.5566038,79.97169811,0.361702128,1,70,0,0,0,0,0
562861,83,0.446666667,0.3,0.526666667,0.106666667,0.2,0.126666667,3.913333333,4.553333333,0.133333333,0.566666667,0.106666667,0.053333333,3.54,1.353333333,1.16,0.446666667,0.133333333,0.213333333,0.346666667,0.04,0.9,0.353333333,3.18,0.526666667,0.806666667,0.88,0.233333333,8.673333333,0.4,0.253333333,6885,150,0.631758437,0.882352941,0.630252101,1,48.166,16.28184353,12.62112049,72.93676775,618.6466667,80.80666667,0.533333333,3,76,81,89,0,0,0
562861,84,1.396825397,0.182539683,0.341269841,0.071428571,0.063492063,0.095238095,5.261904762,2.071428571,0.111111111,0.261904762,0.095238095,0.119047619,9.238095238,0.484126984,0.166666667,0.412698413,0.126984127,0.198412698,0.206349206,0.023809524,0.468253968,0.166666667,1.841269841,0.333333333,2.214285714,0.753968254,0.214285714,8.896825397,0.238095238,0.198412698,6968,126,0.872948814,0.887323944,0.538461538,1,44.312,18.72702897,9.135266001,28.54042122,60.23809524,82.44444444,0.857142857,3,77,88,92,0,0,0
562861,85,0.428571429,0.255102041,0.418367347,0.040816327,0.040816327,0.051020408,2.93877551,2.285714286,0.071428571,0.275510204,0.020408163,0.020408163,6.693877551,0.346938776,0.091836735,0.346938776,0.040816327,0.020408163,0.234693878,0,0.204081633,0.102040816,0.571428571,0.275510204,0.846938776,0.357142857,0.081632653,5.755102041,0.183673469,0.06122449,7051,98,0.56036899,0.951456311,0.753846154,1,33.064,12.35479348,10.23277217,79.44507094,255.377551,84.96938776,0,0,0,0,0,0,0,0
562861,86,0.892156863,0.284313725,0.421568627,0.137254902,0.107843137,0.078431373,6.235294118,3.264705882,0.088235294,0.205882353,0.117647059,0.049019608,8.196078431,0.705882353,0.12745098,0.558823529,0.058823529,0.049019608,0.460784314,0.029411765,0.274509804,0.166666667,3.617647059,0.529411765,1.696078431,0.696078431,0.18627451,10.55882353,0.264705882,0.18627451,7134,102,0.646882609,0.935779817,0.662337662,1,34.313,13.15963903,10.03540379,1.510867249,211.2941176,86.03921569,0,0,0,0,0,0,0,0
562861,87,1.228571429,0.152380952,0.447619048,0.133333333,0.066666667,0.104761905,4.323809524,2.038095238,0.114285714,0.314285714,0.066666667,0.066666667,6.971428571,0.361904762,3.99047619,0.447619048,0.057142857,0.095238095,1.019047619,0,0.342857143,0.123809524,0.866666667,0.323809524,1.352380952,0.714285714,0.171428571,11.4952381,0.161904762,0.20952381,7217,105,0.360361966,0.972222222,0.729166667,1,33.734,12.04224834,11.23316038,-49.15621857,414.5238095,87.74285714,0.340909091,1,94,0,0,0,0,0
562861,88,0.596638655,0.134453782,0.210084034,0.067226891,0.117647059,0.058823529,3.605042017,2.067226891,0.092436975,0.226890756,0.058823529,0.025210084,1.705882353,0.546218487,0.134453782,0.386554622,0.092436975,0.521008403,0.235294118,0.025210084,0.336134454,0.18487395,0.957983193,0.361344538,2.033613445,0.865546218,0.176470588,8.823529412,0.260504202,0.151260504,7300,119,0.834644548,0.901515152,0.636363636,1,41.665,17.27498839,9.514872903,12.25707769,64.18487395,89.12605042,0.941176471,5,84,92,96,97,98,0
562861,89,0.692857143,0.185714286,0.678571429,0.078571429,0.078571429,0.135714286,3.471428571,2.971428571,0.071428571,0.4,0.078571429,0.121428571,5.9,0.764285714,0.385714286,0.614285714,0.078571429,0.128571429,0.328571429,0.071428571,0.478571429,0.2,4.385714286,0.485714286,1.8,0.907142857,0.207142857,14.55,0.307142857,0.207142857,7383,140,0.476863882,0.903225806,0.666666667,1,44.593,14.55492458,12.7934462,49.55574183,624.35,91.9,0.618181818,4,76,81,83,90,0,0
562861,90,1.727272727,0.149350649,0.253246753,0.071428571,0.207792208,0.097402597,3.961038961,2.461038961,0.071428571,0.376623377,0.155844156,0.051948052,10.45454545,0.37012987,0.194805195,0.37012987,0.116883117,0.272727273,0.402597403,0.019480519,0.435064935,0.142857143,0.584415584,0.409090909,3.201298701,0.688311688,0.188311688,7.344155844,0.24025974,0.142857143,7466,154,0.80723419,0.78974359,0.592307692,1,56.08,20.08382376,11.854101,71.76389934,635.6818182,90.67532468,0.857142857,4,81,89,95,101,0,0
562861,91,0.769230769,0.145299145,0.769230769,0.05982906,0.162393162,0.170940171,1.863247863,3.128205128,0.042735043,0.316239316,0.128205128,0.068376068,6.111111111,0.47008547,0.47008547,0.384615385,0.102564103,0.034188034,0.444444444,0.025641026,0.324786325,0.102564103,2.307692308,0.316239316,0.572649573,0.504273504,0.247863248,9.316239316,0.205128205,0.222222222,7549,117,0.723116467,0.943548387,0.709090909,1,38.051,14.89005425,10.28494943,1.718372026,782.8974359,91.2991453,0,0,0,0,0,0,0,0
562861,92,1.024096386,0.34939759,1.060240964,0.120481928,0.204819277,0.072289157,4.457831325,4,0.060240964,0.602409639,0.096385542,0.048192771,3.457831325,1.421686747,0.084337349,0.518072289,0.120481928,0.096385542,0.240963855,0.072289157,0.855421687,0.277108434,3.722891566,0.457831325,1.084337349,1.289156627,0.228915663,10.51807229,0.253012048,0.192771084,7632,83,0.668499587,0.943181818,0.691666667,1,30.55,12.07118866,8.977494052,22.69796713,48.53012048,92.30120482,0.575,5,77,84,88,96,97,0
562861,93,1.049261084,0.142857143,0.256157635,0.088669951,0.137931034,0.147783251,4.689655172,2.916256158,0.068965517,0.24137931,0.078817734,0.108374384,25.59605911,0.507389163,0.325123153,0.522167488,0.083743842,0.054187192,0.290640394,0.044334975,0.354679803,0.123152709,5.586206897,0.384236453,2.600985222,0.748768473,0.197044335,13.15270936,0.275862069,0.201970443,7715,203,0.701042005,0.898230088,0.676666667,1,56.039,19.64651056,14.01031924,76.54251579,494.5665025,93.98029557,0,0,0,0,0,0,0,0
562861,94,0.834645669,0.133858268,0.456692913,0.11023622,0.149606299,0.102362205,3.346456693,2.535433071,0.062992126,0.244094488,0.133858268,0.05511811,6.519685039,0.417322835,0.157480315,0.496062992,0.141732283,0.05511811,0.299212598,0.031496063,0.188976378,0.133858268,1.11023622,0.291338583,0.929133858,0.582677165,0.173228346,13.77165354,0.275590551,0.204724409,7798,127,0.590406991,0.927007299,0.705555556,1,39.06,14.35602553,11.5868298,65.020291,422.6535433,94.62992126,0.326530612,1,87,0,0,0,0,0
562861,95,1.35,0.166666667,0.2,0.066666667,0.1,0.1,4.1,1.766666667,0.083333333,0.216666667,0.116666667,0.083333333,6.7,0.366666667,1.766666667,0.233333333,0.1,0.066666667,0.5,0.05,0.166666667,0.1,0.6,0.183333333,0.95,0.4,0.15,6.983333333,0.2,0.066666667,7881,60,0.797958136,0.857142857,0.625,1,30.31,12.29326488,7.409309058,68.77005506,644.2166667,94.6,0.914285714,3,90,101,104,0,0,0
562861,97,0.91959799,0.286432161,0.542713568,0.090452261,0.100502513,0.08040201,3.457286432,2.547738693,0.070351759,0.316582915,0.045226131,0.045226131,4.135678392,0.497487437,0.206030151,0.417085427,0.08040201,0.150753769,0.271356784,0.020100503,0.59798995,0.170854271,0.829145729,0.452261307,1.135678392,1.010050251,0.180904523,8.582914573,0.266331658,0.130653266,8047,199,0.628268475,0.829166667,0.592261905,1,61.059,18.99175568,14.77552151,85.22451892,60.00502513,101.9045226,0.767123288,5,88,92,96,98,107,0
562861,98,0.671875,0.25,0.296875,0.0546875,0.1328125,0.0625,3.4375,2.6171875,0.078125,0.203125,0.078125,0.0625,4.34375,0.484375,0.203125,0.4296875,0.0859375,0.3515625,0.3203125,0.0078125,0.578125,0.1953125,1.328125,0.4375,1.84375,0.640625,0.1796875,10.671875,0.21875,0.203125,8130,128,0.730383861,0.895104895,0.60952381,1,42.608,15.93072501,10.88127313,33.25374925,72.515625,96.828125,0.846153846,3,88,97,107,0,0,0
562861,99,0.78125,0.1640625,0.3203125,0.140625,0.09375,0.1015625,3.375,2.1640625,0.1015625,0.109375,0.0390625,0.0703125,18.96875,0.328125,0.1875,0.3359375,0.0703125,0.0859375,0.265625,0,0.21875,0.0234375,0.59375,0.296875,0.6796875,0.3984375,0.1484375,7.3046875,0.109375,0.1796875,8213,128,0.634473074,0.948148148,0.711111111,1,38.605,14.66213644,11.33302453,-8.187709952,221.6953125,97.65625,0,0,0,0,0,0,0,0
562861,100,1.05952381,0.154761905,0.238095238,0.113095238,0.107142857,0.083333333,4.107142857,2.047619048,0.101190476,0.279761905,0.041666667,0.077380952,8.547619048,0.428571429,0.226190476,0.345238095,0.077380952,0.053571429,0.172619048,0.029761905,0.357142857,0.119047619,0.738095238,0.30952381,0.958333333,0.589285714,0.142857143,5.755952381,0.166666667,0.125,8296,168,0.667702912,0.928176796,0.617647059,1,46.115,17.12556914,12.74875058,-27.50559759,462.4107143,96.55952381,0.220338983,1,78,0,0,0,0,0
562861,101,0.916666667,0.027777778,0.111111111,0.055555556,0.138888889,0.138888889,2.972222222,2.583333333,0.055555556,0.222222222,0.055555556,0.055555556,7.833333333,0.277777778,0.388888889,0.527777778,0.083333333,0.166666667,0.527777778,0.055555556,0.416666667,0.333333333,0.777777778,0.444444444,0.833333333,0.75,0.194444444,9.944444444,0.277777778,0.25,8379,36,0.778469724,0.87804878,0.666666667,1,21.064,9.127545987,5.729197738,-79.96056764,638.6388889,96.5,1,3,90,95,104,0,0,0
562861,102,0.76635514,0.168224299,0.401869159,0.102803738,0.102803738,0.112149533,3.317757009,2.242990654,0.065420561,0.289719626,0.065420561,0.065420561,4.504672897,0.439252336,0.710280374,0.429906542,0.056074766,0.056074766,0.579439252,0.018691589,0.364485981,0.168224299,5.411214953,0.411214953,1.289719626,0.46728972,0.158878505,10.90654206,0.38317757,0.214953271,8461,107,0.648460251,0.922413793,0.685897436,1,37.679,13.55988977,10.32244596,-61.20676391,437.1495327,96.04672897,0,0,0,0,0,0,0,0
562861,103,2.5,0.16,0.29,0.12,0.13,0.18,4.19,2.96,0.08,0.24,0.12,0.04,15.38,0.52,0.2,0.51,0.05,0.07,0.4,0.03,0.47,0.13,1.75,0.27,1.44,0.47,0.17,8.31,0.27,0.18,8544,100,0.303470822,0.952380952,0.757575758,1,33.155,11.62277994,11.07465815,-20.98566448,547,99.09,0,0,0,0,0,0,0,0
562861,104,1.138297872,0.180851064,0.223404255,0.063829787,0.095744681,0.106382979,3.457446809,2.063829787,0.085106383,0.244680851,0.074468085,0.074468085,5.606382979,0.414893617,3.138297872,0.468085106,0.053191489,0.085106383,0.531914894,0,0.595744681,0.117021277,0.446808511,0.29787234,1.010638298,0.574468085,0.127659574,7.223404255,0.223404255,0.085106383,8627,94,0.819362468,0.839285714,0.556213018,1,38.39,15.27733404,8.758125935,42.54614684,648.8723404,99.11702128,0.854166667,3,95,101,106,0,0,0
562861,105,1.546391753,0.144329897,0.422680412,0.144329897,0.092783505,0.113402062,3.237113402,2.628865979,0.113402062,0.257731959,0.113402062,0.082474227,15.25773196,0.422680412,0.835051546,0.350515464,0.072164948,0.072164948,0.783505155,0.020618557,0.24742268,0.092783505,0.907216495,0.381443299,1.113402062,0.845360825,0.175257732,13.13402062,0.144329897,0.103092784,8710,97,0.550094473,0.96039604,0.673611111,1,32.99,12.26567305,10.24309339,45,738,104,0,0,0,0,0,0,0,0
562861,106,0.8,0.169230769,0.184615385,0.076923077,0.153846154,0.123076923,2.861538462,2.015384615,0.107692308,0.230769231,0.061538462,0.061538462,11.12307692,0.230769231,0.138461538,0.384615385,0.030769231,0.061538462,0.169230769,0.015384615,0.276923077,0.184615385,0.6,0.153846154,0.738461538,0.492307692,0.153846154,9.723076923,0.153846154,0.092307692,8793,65,0.753048997,0.928571429,0.677083333,1,27.73,11.36749076,7.479404725,18.50897421,652.7692308,104.6923077,0.558823529,1,104,0,0,0,0,0
562861,108,0.812865497,0.216374269,0.461988304,0.111111111,0.111111111,0.122807018,4.01754386,2.368421053,0.099415205,0.304093567,0.099415205,0.029239766,5.830409357,0.438596491,0.152046784,0.421052632,0.122807018,0.210526316,0.368421053,0.058479532,0.32748538,0.111111111,1.152046784,0.421052632,1.807017544,0.502923977,0.116959064,10.69005848,0.251461988,0.169590643,8959,171,0.570295729,0.929347826,0.718487395,1,45.461,16.46015913,13.52102417,78.04747412,334.1871345,109.994152,0,0,0,0,0,0,0,0
562861,109,1.516483516,0.098901099,0.175824176,0.043956044,0.021978022,0.076923077,4.395604396,1.747252747,0.087912088,0.164835165,0,0.043956044,11.35164835,0.340659341,2.208791209,0.296703297,0.043956044,0,0.384615385,0.010989011,0.241758242,0.076923077,0.615384615,0.120879121,1.516483516,0.230769231,0.076923077,4.395604396,0.120879121,0.10989011,9042,91,0.828858211,0.928571429,0.583333333,1,34.586,14.81709751,8.289554496,39.45111898,99.48351648,108.0659341,0.52173913,2,107,113,0,0,0,0
562861,110,1.143939394,0.121212121,0.348484848,0.022727273,0.060606061,0.098484848,1.916666667,2.015151515,0.053030303,0.21969697,0.060606061,0.03030303,6.643939394,0.287878788,0.166666667,0.303030303,0.053030303,0.068181818,0.363636364,0.022727273,0.257575758,0.053030303,0.583333333,0.295454545,0.575757576,0.356060606,0.136363636,6.303030303,0.174242424,0.083333333,9125,132,0.337440369,0.942857143,0.673469388,1,39.457,13.59087152,12.79372486,-21.80477362,621.9772727,109.6136364,0,0,0,0,0,0,0,0
562861,111,1.130434783,0.25,0.467391304,0.25,0.260869565,0.076086957,5.413043478,3.413043478,0.043478261,0.315217391,0.043478261,0.065217391,7.445652174,0.630434783,0.152173913,0.413043478,0.02173913,0.086956522,0.326086957,0.010869565,0.423913043,0.108695652,1.445652174,0.641304348,2.315217391,0.663043478,0.25,14.15217391,0.27173913,0.369565217,9208,92,0.54231213,0.929292929,0.58974359,1,34.123,12.0821919,10.15118091,25.5920858,695.2173913,110.1086957,0.454545455,1,117,0,0,0,0,0
562861,112,0.98019802,0.089108911,0.405940594,0.099009901,0.089108911,0.118811881,2.138613861,2.237623762,0.079207921,0.178217822,0.00990099,0.01980198,6.455445545,0.336633663,0.178217822,0.316831683,0.03960396,0.03960396,0.297029703,0.01980198,0.346534653,0.099009901,1.04950495,0.376237624,0.584158416,0.297029703,0.099009901,7.712871287,0.178217822,0.148514851,9291,101,0.680925217,0.935185185,0.706293706,1,34.652,13.47092423,9.865471158,55.00049603,593.5742574,110.4059406,0.522727273,2,115,116,0,0,0,0
562861,113,1.204819277,0.060240964,0.024096386,0.024096386,0.012048193,0.024096386,3.807228916,1,0.024096386,0.13253012,0,0.048192771,14.63855422,0.120481928,0.903614458,0.228915663,0.012048193,0.024096386,0.180722892,0.024096386,0.144578313,0.024096386,0.337349398,0.180722892,1.144578313,0.277108434,0.13253012,2.518072289,0.096385542,0.096385542,9374,83,0.634249657,0.922222222,0.638461538,1,31.493,11.86118914,9.17022103,10.75661726,105.4698795,112.8674699,0.45,1,109,0,0,0,0,0
562861,114,0.87755102,0.244897959,0.642857143,0.030612245,0.12244898,0.132653061,3.285714286,2.469387755,0.051020408,0.214285714,0.040816327,0.020408163,7.602040816,0.43877551,0.193877551,0.306122449,0.081632653,0.040816327,0.387755102,0.051020408,0.448979592,0.081632653,0.693877551,0.489795918,0.755102041,0.510204082,0.112244898,11.56122449,0.255102041,0.132653061,9457,98,0.337874243,0.951456311,0.680555556,1,33.461,11.65148033,10.9662715,-73.12592632,209.7040816,113.0816327,0,0,0,0,0,0,0,0
562861,115,0.54,0.1,0.62,0.06,0.12,0.06,1.7,2.98,0.16,0.24,0.08,0.06,6.28,0.34,0.12,0.46,0.06,0.06,0.24,0.04,0.42,0.04,5.62,0.38,0.84,0.54,0.12,10.16,0.18,0.2,9540,50,0.794487922,0.892857143,0.555555556,1,27.796,11.17166038,6.784325395,43.89190291,597.36,116,0.909090909,2,112,116,0,0,0,0
562861,116,0.712765957,0.14893617,0.319148936,0.021276596,0.063829787,0.085106383,1.861702128,2.20212766,0.074468085,0.191489362,0.053191489,0.021276596,5.35106383,0.319148936,0.14893617,0.29787234,0.031914894,0.053191489,0.106382979,0,0.223404255,0.127659574,1.340425532,0.329787234,0.553191489,0.393617021,0.106382979,6.372340426,0.180851064,0.085106383,9623,94,0.808436062,0.878504673,0.626666667,1,36.364,14.87156124,8.753163104,78.08944726,604.1276596,111.4574468,0.4375,2,112,115,0,0,0,0
562861,117,1.263157895,0.144736842,0.368421053,0.144736842,0.144736842,0.118421053,4.434210526,2.657894737,0.078947368,0.315789474,0.118421053,0.105263158,6.618421053,0.578947368,0.144736842,0.407894737,0.065789474,0.092105263,0.302631579,0.039473684,0.434210526,0.223684211,0.934210526,0.421052632,1.460526316,0.473684211,0.223684211,13.02631579,0.210526316,0.144736842,9706,76,0.82608923,0.863636364,0.531468531,1,33.908,13.83710825,7.797754807,30.95957652,700.5394737,115.2631579,0.951219512,2,111,120,0,0,0,0
562861,118,0.862745098,0.215686275,0.274509804,0.049019608,0.098039216,0.078431373,1.980392157,2.049019608,0.039215686,0.215686275,0.029411765,0.058823529,6.480392157,0.323529412,0.264705882,0.431372549,0.068627451,0.078431373,0.450980392,0.009803922,0.323529412,0.117647059,0.558823529,0.235294118,0.774509804,0.696078431,0.117647059,7.441176471,0.225490196,0.156862745,9789,102,0.667731525,0.953271028,0.708333333,1,34.106,13.3033181,9.903019033,42.38115077,642.7058824,116.7843137,0,0,0,0,0,0,0,0
562861,119,0.822916667,0.104166667,0.395833333,0.052083333,0.239583333,0.114583333,2.177083333,2.177083333,0.010416667,0.302083333,0.0625,0.083333333,10.60416667,0.4375,0.177083333,0.302083333,0.083333333,0.052083333,0.28125,0.0625,0.40625,0.21875,1.072916667,0.270833333,0.885416667,0.5,0.135416667,7.052083333,0.114583333,0.125,9872,96,0.54764934,0.95049505,0.727272727,1,32.328,12.17838496,10.18975157,26.18577623,302.53125,117.8958333,0,0,0,0,0,0,0,0
562861,120,1.206349206,0.222222222,0.317460317,0.047619048,0.063492063,0.079365079,2.507936508,2.349206349,0.079365079,0.238095238,0.063492063,0.079365079,8.015873016,0.380952381,1.603174603,0.285714286,0.063492063,0.047619048,0.841269841,0.031746032,0.158730159,0.047619048,0.634920635,0.317460317,1.095238095,0.507936508,0.174603175,7.158730159,0.126984127,0.142857143,9955,63,0.803400581,0.887323944,0.583333333,1,28.954,12.03290363,7.164859136,17.54359085,701.7619048,121.3492063,0.555555556,1,117,0,0,0,0,0
562861,121,0.891089109,0.128712871,0.425742574,0.089108911,0.178217822,0.079207921,4.564356436,2.910891089,0.059405941,0.405940594,0.069306931,0.118811881,9.841584158,0.465346535,0.455445545,0.514851485,0.04950495,0.099009901,0.366336634,0.02970297,0.326732673,0.118811881,1.297029703,0.207920792,2.178217822,0.752475248,0.099009901,9.168316832,0.138613861,0.118811881,10038,101,0.499543237,0.952830189,0.706293706,1,33.18,12.26690684,10.62668592,-4.952278714,154.6237624,123.0891089,0,0,0,0,0,0,0,0
562861,122,0.832116788,0.189781022,0.437956204,0.094890511,0.131386861,0.116788321,2.832116788,3.233576642,0.087591241,0.299270073,0.116788321,0.051094891,6.948905109,0.416058394,0.291970803,0.386861314,0.087591241,0.051094891,0.394160584,0.03649635,0.459854015,0.248175182,1.744525547,0.408759124,0.948905109,0.664233577,0.167883212,9.744525547,0.270072993,0.189781022,10121,137,0.487124377,0.951388889,0.652380952,1,40.119,14.26393926,12.45716325,38.9787652,21.83211679,124.1240876,0,0,0,0,0,0,0,0
562861,123,0.913669065,0.115107914,0.273381295,0.064748201,0.122302158,0.165467626,4.791366906,2.143884892,0.107913669,0.26618705,0.057553957,0.050359712,9.09352518,0.287769784,0.848920863,0.287769784,0.035971223,0.09352518,0.474820144,0.014388489,0.330935252,0.107913669,0.676258993,0.316546763,0.985611511,0.611510791,0.115107914,8.697841727,0.215827338,0.143884892,10204,139,0.668210605,0.914473684,0.661904762,1,42.062,15.63012617,11.62837885,-40.16586577,131.4604317,125.1079137,0.358490566,1,133,0,0,0,0,0
562861,124,0.770642202,0.100917431,0.339449541,0.128440367,0.082568807,0.119266055,2.47706422,2.935779817,0.036697248,0.339449541,0.055045872,0.091743119,6.091743119,0.486238532,0.302752294,0.403669725,0.082568807,0.055045872,0.311926606,0,0.394495413,0.055045872,0.587155963,0.330275229,0.816513761,0.513761468,0.055045872,8.174311927,0.266055046,0.128440367,10287,109,0.412672111,0.96460177,0.698717949,1,34.495,12.42725578,11.31973434,-30.2985895,243.9266055,124.8807339,0.304347826,1,134,0,0,0,0,0
562861,125,0.761904762,0.076190476,0.428571429,0.066666667,0.085714286,0.114285714,2.457142857,1.647619048,0.133333333,0.2,0.057142857,0.038095238,7.019047619,0.2,0.133333333,0.20952381,0.066666667,0.028571429,0.133333333,0.019047619,0.247619048,0.161904762,0.638095238,0.2,0.704761905,0.380952381,0.104761905,5.733333333,0.180952381,0.104761905,10369,105,0.673837363,0.945945946,0.673076923,1,35.049,13.57902026,10.03326238,-47.87703754,52.76190476,126.5333333,0,0,0,0,0,0,0,0
562861,126,0.832369942,0.138728324,0.265895954,0.092485549,0.098265896,0.075144509,2.820809249,2.843930636,0.12716763,0.410404624,0.086705202,0.057803468,8.705202312,0.583815029,0.294797688,0.369942197,0.104046243,0.358381503,0.260115607,0.034682081,0.514450867,0.086705202,1.023121387,0.450867052,1.884393064,0.520231214,0.213872832,6.624277457,0.219653179,0.138728324,10452,173,0.362883622,0.945355191,0.720833333,1,44.965,15.46636759,14.41209443,12.02231656,338.4971098,128.2254335,0,0,0,0,0,0,0,0
562861,127,1.132743363,0.185840708,0.831858407,0.14159292,0.168141593,0.132743363,3.911504425,2.716814159,0.115044248,0.345132743,0.061946903,0.07079646,13.43362832,0.619469027,0.300884956,0.610619469,0.10619469,0.03539823,0.601769912,0.044247788,0.469026549,0.265486726,1.522123894,0.292035398,0.743362832,0.902654867,0.159292035,16.24778761,0.212389381,0.212389381,10535,113,0.740798744,0.933884298,0.753333333,1,37.563,14.78956369,9.93454989,1.897966417,410.1504425,129.2389381,0,0,0,0,0,0,0,0
562861,128,0.768518519,0.203703704,0.25,0.055555556,0.148148148,0.212962963,6.981481481,2.972222222,0.157407407,0.305555556,0.138888889,0.12962963,9.083333333,0.509259259,0.111111111,0.555555556,0.111111111,0.074074074,0.481481481,0.055555556,0.462962963,0.203703704,3.722222222,0.388888889,2.824074074,0.712962963,0.12037037,12.88888889,0.333333333,0.222222222,10618,108,0.595683249,0.955752212,0.692307692,1,34.495,13.17230417,10.58025076,34.05330734,355.1018519,129.5277778,0.326086957,1,138,0,0,0,0,0
562861,129,1.527559055,0.181102362,0.543307087,0.094488189,0.086614173,0.062992126,3.992125984,2.299212598,0.086614173,0.409448819,0.125984252,0.094488189,6.74015748,0.543307087,0.165354331,0.614173228,0.149606299,0.417322835,0.330708661,0.023622047,0.401574803,0.299212598,7.543307087,0.401574803,1.543307087,1.05511811,0.299212598,14.56692913,0.244094488,0.236220472,10701,127,0.500177156,0.940740741,0.647959184,1,39.639,13.95773617,12.08632616,29.95152634,767.2755906,133.7244094,0.392156863,1,146,0,0,0,0,0
562861,130,1.107843137,0.264705882,0.421568627,0.068627451,0.088235294,0.12745098,2.421568627,2.607843137,0.068627451,0.18627451,0.088235294,0.166666667,5.970588235,0.431372549,0.18627451,0.323529412,0.088235294,0.029411765,0.196078431,0.019607843,0.303921569,0.107843137,0.705882353,0.254901961,0.911764706,0.470588235,0.166666667,11.60784314,0.205882353,0.137254902,10784,102,0.613121295,0.944444444,0.653846154,1,34.859,13.00487732,10.27370721,47.81516655,565.5588235,134.0294118,0.454545455,2,136,140,0,0,0,0
562861,131,1.382978723,0.223404255,0.457446809,0.053191489,0.095744681,0.074468085,2.446808511,2.968085106,0.074468085,0.234042553,0.085106383,0.053191489,9.117021277,0.361702128,0.127659574,0.404255319,0.106382979,0.053191489,0.372340426,0.053191489,0.29787234,0.074468085,0.819148936,0.29787234,0.723404255,0.446808511,0.063829787,7.489361702,0.159574468,0.127659574,10867,94,0.345808591,0.94,0.712121212,1,32.328,11.38285688,10.6805924,-85.42735619,686.893617,132.7234043,0,0,0,0,0,0,0,0
562861,132,0.607843137,0.147058824,0.529411765,0.078431373,0.107843137,0.098039216,2.62745098,2.5,0.058823529,0.176470588,0.068627451,0.107843137,4.892156863,0.362745098,2.441176471,0.392156863,0.039215686,0.078431373,0.647058824,0.068627451,0.31372549,0.098039216,2.343137255,0.294117647,0.87254902,0.480392157,0.147058824,8.147058824,0.215686275,0.12745098,10950,102,0.638368114,0.944444444,0.713286713,1,34.47,13.14802841,10.12044794,4.658369465,793.8823529,133.4705882,0.302325581,1,144,0,0,0,0,0
562861,133,1.104477612,0.179104478,0.5,0.141791045,0.059701493,0.074626866,6.111940299,2.320895522,0.074626866,0.417910448,0.097014925,0.067164179,10.89552239,0.529850746,1.291044776,0.432835821,0.044776119,0.082089552,0.514925373,0.02238806,0.305970149,0.179104478,1.925373134,0.320895522,2.179104478,0.776119403,0.208955224,16.6641791,0.231343284,0.26119403,11033,134,0.721243674,0.964028777,0.697916667,1,39.639,15.79260505,10.93924424,-72.14214079,125.7164179,134.4776119,0.365384615,1,123,0,0,0,0,0
562861,134,0.974358974,0.273504274,0.803418803,0.068376068,0.188034188,0.162393162,3.333333333,2.615384615,0.094017094,0.324786325,0.094017094,0.102564103,3.974358974,0.666666667,0.341880342,0.444444444,0.076923077,0.094017094,0.538461538,0.017094017,0.341880342,0.230769231,2.752136752,0.264957265,1.290598291,0.547008547,0.094017094,10.21367521,0.247863248,0.188034188,11116,117,0.805107074,0.928571429,0.73125,1,38.762,16.02991793,9.507817149,-4.027920804,243.7264957,134.7606838,0.29787234,1,124,0,0,0,0,0
562861,135,1.14159292,0.185840708,0.300884956,0.044247788,0.079646018,0.061946903,2.486725664,2.097345133,0.03539823,0.159292035,0.053097345,0.017699115,12.92920354,0.353982301,0.159292035,0.238938053,0.061946903,0.07079646,0.292035398,0.017699115,0.247787611,0.115044248,0.814159292,0.292035398,0.840707965,0.433628319,0.132743363,8.07079646,0.203539823,0.061946903,11199,113,0.573303268,0.965811966,0.79020979,1,35.024,13.30261133,10.89940482,67.9451596,520.1150442,135.1504425,0,0,0,0,0,0,0,0
562861,136,0.45,0.225,0.5625,0.075,0.1125,0.1375,1.5375,2.15,0.0875,0.2125,0.0625,0.025,2.1125,0.5625,0.3875,0.3625,0.075,0.0375,0.4875,0,0.2375,0.225,3.825,0.2875,0.675,0.425,0.1625,12.475,0.2625,0.225,11282,80,0.618824567,0.963855422,0.666666667,1,30.36,11.58321062,9.098950402,12.58676226,577.8875,135.2625,0.794871795,3,130,140,141,0,0,0
562861,137,1.164473684,0.085526316,0.414473684,0.078947368,0.105263158,0.092105263,3.710526316,2.486842105,0.078947368,0.315789474,0.059210526,0.046052632,10.27631579,0.335526316,0.289473684,0.276315789,0.059210526,0.039473684,0.401315789,0.013157895,0.348684211,0.203947368,1.980263158,0.335526316,1.407894737,0.578947368,0.125,8.177631579,0.203947368,0.157894737,11365,152,0.626467174,0.962025316,0.723809524,1,41.599,15.86338514,12.36468072,-32.20279355,153.0986842,137.9276316,0.12962963,1,152,0,0,0,0,0
562861,138,0.49122807,0.166666667,0.377192982,0.105263158,0.122807018,0.157894737,2.710526316,2.473684211,0.052631579,0.254385965,0.096491228,0.096491228,20.02631579,0.421052632,1.815789474,0.412280702,0.114035088,0.070175439,0.745614035,0.00877193,0.298245614,0.070175439,0.754385965,0.49122807,0.938596491,0.763157895,0.114035088,9.061403509,0.280701754,0.184210526,11448,114,0.746478552,0.919354839,0.626373626,1,38.142,15.07535274,10.03128257,35.17769661,360.0789474,138.2105263,0.306122449,1,128,0,0,0,0,0
562861,139,0.615384615,0.182692308,0.490384615,0.086538462,0.105769231,0.125,3.096153846,2.269230769,0.125,0.269230769,0.096153846,0.067307692,2.461538462,0.798076923,0.451923077,0.307692308,0.115384615,0.115384615,0.682692308,0.019230769,0.413461538,0.144230769,2.413461538,0.365384615,1.028846154,0.865384615,0.173076923,15.29807692,0.317307692,0.153846154,11531,104,0.800760596,0.936936937,0.77037037,1,35.975,15.01660612,8.994714768,6.013070636,488.0480769,139.1826923,0.52173913,2,147,148,0,0,0,0
562861,140,1.05,0.2875,0.675,0.1,0.1,0.1375,2.1,2.425,0.125,0.1,0.0625,0.05,7.425,0.45,6.6875,0.525,0.1,0.0875,0.975,0.0375,0.3625,0.125,3.5375,0.35,1.0625,0.5125,0.0625,10.0875,0.1375,0.1125,11614,80,0.575675736,0.909090909,0.555555556,1,32.345,11.56579157,9.457094276,52.19523162,570.45,141.0375,0.714285714,3,130,136,141,0,0,0
562861,141,0.821100917,0.224770642,0.504587156,0.114678899,0.142201835,0.123853211,4.660550459,2.922018349,0.064220183,0.298165138,0.064220183,0.068807339,6.45412844,0.600917431,0.848623853,0.403669725,0.100917431,0.123853211,0.614678899,0.02293578,0.371559633,0.151376147,1.275229358,0.339449541,1.467889908,0.665137615,0.201834862,12.59633028,0.233944954,0.201834862,11697,218,0.640253245,0.865079365,0.546365915,1,60.447,20.01010575,15.37104094,45.35422695,586.912844,139.9954128,0.337662338,3,136,140,158,0,0,0
562861,142,1,0.092783505,0.268041237,0.072164948,0.092783505,0.082474227,2.484536082,1.917525773,0.06185567,0.175257732,0.020618557,0.072164948,5.93814433,0.309278351,0.103092784,0.216494845,0.06185567,0.030927835,0.226804124,0.051546392,0.226804124,0.072164948,0.597938144,0.226804124,0.690721649,0.515463918,0.092783505,5.742268041,0.154639175,0.06185567,11780,97,0.598923278,0.923809524,0.678321678,1,33.734,12.55155386,10.0513648,-8.971582837,270.8453608,142.0515464,0,0,0,0,0,0,0,0
562861,143,1.543478261,0.108695652,0.195652174,0.043478261,0.108695652,0.076086957,3.282608696,1.630434783,0.119565217,0.173913043,0.076086957,0.032608696,12.4673913,0.22826087,0.130434783,0.326086957,0.065217391,0.097826087,0.260869565,0.043478261,0.260869565,0.02173913,0.641304348,0.336956522,0.956521739,0.445652174,0.152173913,7.141304348,0.206521739,0.141304348,11863,92,0.572849699,0.92,0.638888889,1,33.089,12.14155541,9.95195254,-32.59773071,721.25,142.3369565,0,0,0,0,0,0,0,0
562861,144,0.56043956,0.054945055,0.263736264,0.021978022,0.10989011,0.098901099,4.43956044,2.43956044,0.076923077,0.505494505,0.065934066,0.087912088,24.37362637,0.43956044,2.406593407,0.362637363,0.065934066,0.087912088,0.989010989,0,0.516483516,0.175824176,0.879120879,0.296703297,1.274725275,0.582417582,0.197802198,10.46153846,0.197802198,0.131868132,11946,91,0.813775121,0.919191919,0.65,1,34.462,14.3751211,8.354531159,-21.99545021,794.1648352,142.7142857,0.80952381,2,132,149,0,0,0,0
562861,145,0.380813953,0.093023256,0.186046512,0.058139535,0.072674419,0.046511628,1.511627907,1.188953488,0.049418605,0.101744186,0.029069767,0.031976744,4.005813953,0.235465116,0.151162791,0.159883721,0.01744186,0.043604651,0.162790698,0.011627907,0.223837209,0.066860465,0.334302326,0.151162791,0.325581395,0.261627907,0.049418605,3.744186047,0.063953488,0.10755814,12029,344,0.294823575,0.942465753,0.59826087,1,68.147,21.72251914,20.75699019,65.82919254,389.7122093,139.2180233,0.370786517,1,153,0,0,0,0,0
562861,146,1.046783626,0.204678363,0.549707602,0.111111111,0.105263158,0.122807018,4.362573099,2.567251462,0.128654971,0.30994152,0.111111111,0.128654971,10.73684211,0.619883041,3.777777778,0.543859649,0.076023392,0.245614035,0.713450292,0.01754386,0.444444444,0.16374269,3.783625731,0.403508772,1.187134503,0.953216374,0.175438596,14.07602339,0.245614035,0.18128655,12112,171,0.807912461,0.93442623,0.59375,1,48.373,19.40177105,11.43351249,51.86264467,772.5497076,143.2923977,0.396825397,2,129,159,0,0,0,0
562861,147,0.808641975,0.203703704,0.475308642,0.080246914,0.098765432,0.061728395,4.234567901,1.777777778,0.104938272,0.209876543,0.012345679,0.067901235,5.851851852,0.438271605,0.851851852,0.271604938,0.086419753,0.067901235,0.62962963,0.012345679,0.419753086,0.12345679,0.919753086,0.333333333,1.401234568,0.660493827,0.203703704,8.333333333,0.228395062,0.185185185,12194,162,0.544835793,0.936416185,0.680672269,1,45.263,15.82545733,13.27032265,-88.60208066,498.0123457,146.8209877,0.368421053,2,139,148,0,0,0,0
562861,148,0.821428571,0.192857143,0.642857143,0.092857143,0.15,0.128571429,3.328571429,2.085714286,0.135714286,0.278571429,0.092857143,0.05,4.6,0.414285714,0.214285714,0.5,0.1,0.085714286,0.571428571,0.028571429,0.364285714,0.192857143,1.442857143,0.371428571,1.078571429,0.592857143,0.2,12.69285714,0.335714286,0.15,12277,140,0.814524536,0.921052632,0.68627451,1,43.923,17.85782534,10.35984427,-7.187737796,483.0428571,147.3642857,0.462962963,2,139,147,0,0,0,0
562861,149,0.770833333,0.166666667,0.291666667,0.0625,0.118055556,0.104166667,6.277777778,2.840277778,0.152777778,0.229166667,0.097222222,0.069444444,18.64583333,0.5625,2.326388889,0.479166667,0.0625,0.159722222,0.430555556,0.020833333,0.458333333,0.173611111,5.923611111,0.493055556,1.756944444,0.736111111,0.201388889,14.92361111,0.340277778,0.194444444,12360,144,0.797002114,0.883435583,0.615384615,1,45.337,17.99227504,10.86691157,-13.90927007,788.1944444,148.7916667,0.396551724,1,144,0,0,0,0,0
562861,150,0.981595092,0.122699387,0.509202454,0.116564417,0.17791411,0.153374233,6.239263804,2.748466258,0.165644172,0.239263804,0.049079755,0.09202454,5.312883436,0.527607362,0.110429448,0.466257669,0.098159509,0.079754601,0.429447853,0.024539877,0.325153374,0.18404908,2.779141104,0.472392638,2.619631902,0.680981595,0.214723926,13.12883436,0.282208589,0.159509202,12443,163,0.762858059,0.926136364,0.612781955,1,47.686,18.4001357,11.89690199,-23.28628997,295.1595092,149.8895706,0.338709677,1,163,0,0,0,0,0
562861,151,0.663934426,0.06557377,0.426229508,0.073770492,0.114754098,0.098360656,6.459016393,2.360655738,0.147540984,0.245901639,0.081967213,0.090163934,17.45901639,0.598360656,0.213114754,0.467213115,0.114754098,0.032786885,0.270491803,0.016393443,0.319672131,0.139344262,2.147540984,0.393442623,3.524590164,0.991803279,0.147540984,12.7704918,0.245901639,0.163934426,12526,122,0.704685844,0.945736434,0.693181818,1,38.506,14.92015556,10.58614068,-6.504386955,331.4754098,148.1229508,0,0,0,0,0,0,0,0
562861,152,0.673913043,0.163043478,0.597826087,0.097826087,0.163043478,0.119565217,3.206521739,2.010869565,0.152173913,0.25,0.152173913,0.097826087,5.260869565,0.619565217,0.456521739,0.423913043,0.163043478,0.119565217,0.956521739,0.010869565,0.402173913,0.152173913,2.184782609,0.391304348,1.293478261,0.543478261,0.25,8.369565217,0.239130435,0.206521739,12609,92,0.647976169,0.948453608,0.707692308,1,32.328,12.52382281,9.538902516,9.979750216,148.4565217,150.4673913,0.146341463,1,137,0,0,0,0,0
562861,153,0.520547945,0.073059361,0.210045662,0.068493151,0.01826484,0.0456621,1.707762557,1.442922374,0.02283105,0.146118721,0.0456621,0.03652968,7.159817352,0.296803653,0.452054795,0.251141553,0.068493151,0.04109589,0.251141553,0.00456621,0.210045662,0.082191781,0.589041096,0.191780822,0.392694064,0.283105023,0.063926941,4.844748858,0.155251142,0.095890411,12692,219,0.734720329,0.842307692,0.579365079,1,61.555,21.86167504,14.83030741,-51.64892466,382.0776256,151.9817352,0.425,1,145,0,0,0,0,0
562861,154,1.02970297,0.128712871,0.277227723,0.089108911,0.178217822,0.089108911,2.02970297,2.831683168,0.03960396,0.336633663,0.02970297,0.04950495,8.217821782,0.455445545,0.168316832,0.297029703,0.079207921,0.069306931,0.138613861,0.01980198,0.465346535,0.118811881,0.405940594,0.366336634,0.465346535,0.336633663,0.118811881,5.287128713,0.178217822,0.079207921,12775,101,0.497921825,0.952830189,0.706293706,1,33.271,12.24846023,10.62213318,-5.774847046,556.2772277,153.0891089,0,0,0,0,0,0,0,0
562861,155,0.801886792,0.141509434,0.547169811,0.094339623,0.094339623,0.028301887,3.018867925,2.462264151,0.075471698,0.301886792,0.075471698,0.094339623,3.962264151,0.349056604,0.160377358,0.358490566,0.113207547,0.056603774,0.349056604,0.028301887,0.386792453,0.188679245,1.943396226,0.471698113,0.924528302,0.962264151,0.160377358,11.12264151,0.254716981,0.188679245,12858,106,0.473309829,0.92173913,0.736111111,1,36.248,12.58555612,11.08656635,-30.94617367,730.6415094,153.754717,0.409090909,1,165,0,0,0,0,0
562861,156,1.647058824,0.088235294,0.37254902,0.058823529,0.098039216,0.098039216,2.539215686,2.039215686,0.068627451,0.166666667,0.049019608,0.058823529,9.578431373,0.352941176,0.137254902,0.284313725,0.058823529,0.068627451,0.196078431,0.029411765,0.215686275,0.12745098,2.058823529,0.411764706,0.931372549,0.470588235,0.166666667,7.666666667,0.225490196,0.264705882,12941,102,0.26942888,0.953271028,0.708333333,1,33.552,11.686051,11.25390423,-69.45929622,688.7941176,154.2745098,0,0,0,0,0,0,0,0
562861,157,0.625,0.091666667,0.25,0.075,0.108333333,0.058333333,2.058333333,2.291666667,0.058333333,0.241666667,0.066666667,0.033333333,4.233333333,0.316666667,1.583333333,0.333333333,0.141666667,0.116666667,0.858333333,0.008333333,0.341666667,0.175,0.7,0.308333333,0.666666667,0.675,0.133333333,9,0.2,0.133333333,13024,120,0.621646749,0.9375,0.714285714,1,38.597,14.1079866,11.05075375,65.12141126,262.9083333,156.1666667,0,0,0,0,0,0,0,0
562861,158,0.878787879,0.151515152,0.353535354,0.060606061,0.151515152,0.131313131,2.929292929,2.222222222,0.080808081,0.323232323,0.070707071,0.04040404,5.95959596,0.404040404,0.111111111,0.484848485,0.090909091,0.070707071,0.525252525,0.060606061,0.353535354,0.080808081,0.868686869,0.373737374,1.060606061,0.545454545,0.171717172,10.01010101,0.151515152,0.181818182,13107,99,0.538907597,0.942857143,0.692307692,1,33.734,12.38545138,10.43306935,18.09271899,592.3434343,155.040404,0.046511628,1,141,0,0,0,0,0
562861,159,0.86407767,0.106796117,0.349514563,0.106796117,0.126213592,0.116504854,3.029126214,1.611650485,0.058252427,0.155339806,0.058252427,0.029126214,8.029126214,0.40776699,0.611650485,0.252427184,0.058252427,0.067961165,0.378640777,0.009708738,0.223300971,0.097087379,0.650485437,0.262135922,1,0.368932039,0.155339806,8.300970874,0.223300971,0.116504854,13190,103,0.625307104,0.953703704,0.72027972,1,33.734,13.04809529,10.18245656,26.29817083,761.2135922,157.0097087,0.068181818,1,146,0,0,0,0,0
562861,160,0.972727273,0.218181818,0.309090909,0.154545455,0.063636364,0.081818182,3.827272727,1.854545455,0.1,0.263636364,0.090909091,0.045454545,7.009090909,0.3,0.063636364,0.418181818,0.072727273,0.081818182,0.318181818,0.027272727,0.409090909,0.172727273,4.218181818,0.209090909,1.190909091,0.7,0.1,7.081818182,0.172727273,0.163636364,13273,110,0.741890562,0.93220339,0.666666667,1,36.645,14.59469282,9.786047833,-2.727334436,90.07272727,157.8363636,0,0,0,0,0,0,0,0
562861,162,0.659793814,0.092783505,0.164948454,0.051546392,0.082474227,0.103092784,2.453608247,1.597938144,0.051546392,0.237113402,0.051546392,0.092783505,3.670103093,0.309278351,0.577319588,0.360824742,0.030927835,0.051546392,0.463917526,0.020618557,0.319587629,0.092783505,0.515463918,0.381443299,0.742268041,0.443298969,0.206185567,8.329896907,0.154639175,0.144329897,13439,97,0.405824106,0.950980392,0.734848485,1,32.51,11.68756807,10.68186686,32.92641137,210.1134021,161.0206186,0,0,0,0,0,0,0,0
562861,163,1.160839161,0.307692308,0.482517483,0.111888112,0.146853147,0.167832168,8.531468531,3.363636364,0.160839161,0.293706294,0.132867133,0.132867133,5.118881119,0.482517483,0.153846154,0.566433566,0.132867133,0.027972028,0.461538462,0.034965035,0.482517483,0.216783217,3.797202797,0.447552448,2.741258741,0.573426573,0.181818182,14.90909091,0.321678322,0.160839161,13522,143,0.621096648,0.959731544,0.794444444,1,40.813,15.37851592,12.05266551,5.238830942,299.9160839,160.3216783,0.4,1,150,0,0,0,0,0
562861,164,0.546296296,0.166666667,0.25,0.046296296,0.027777778,0.092592593,1.074074074,1.648148148,0.046296296,0.148148148,0.027777778,0.046296296,3.555555556,0.25,0.194444444,0.222222222,0.046296296,0.046296296,0.166666667,0.018518519,0.388888889,0.074074074,0.518518519,0.25,0.240740741,0.601851852,0.111111111,4.638888889,0.175925926,0.083333333,13605,108,0.646353704,0.955752212,0.692307692,1,35.14,13.52992351,10.32384489,34.614204,467.5925926,161.8333333,0.155555556,1,166,0,0,0,0,0
562861,165,0.806896552,0.137931034,0.510344828,0.082758621,0.144827586,0.096551724,2.579310345,2.406896552,0.027586207,0.268965517,0.04137931,0.055172414,6.427586207,0.455172414,0.682758621,0.331034483,0.131034483,0.055172414,0.572413793,0.020689655,0.413793103,0.179310345,1.806896552,0.255172414,0.834482759,0.662068966,0.124137931,11.75862069,0.282758621,0.2,13688,145,0.790491454,0.935483871,0.671296296,1,43.104,17.53460977,10.73947627,-1.600338443,726.2206897,162.7310345,0.327272727,1,155,0,0,0,0,0
562861,166,0.451612903,0.15483871,0.251612903,0.070967742,0.070967742,0.058064516,1.303225806,4.019354839,0.038709677,0.496774194,0.064516129,0.058064516,4.24516129,0.432258065,0.109677419,0.206451613,0.032258065,0.025806452,0.141935484,0.006451613,0.529032258,0.109677419,0.283870968,0.335483871,0.258064516,0.264516129,0.109677419,3.980645161,0.225806452,0.070967742,13771,155,0.689812169,0.950920245,0.701357466,1,43.104,16.6247501,12.03612586,-18.03053858,479.4580645,170.5354839,0.127272727,1,164,0,0,0,0,0
562861,167,0.427350427,0.196581197,0.341880342,0.094017094,0.05982906,0.034188034,1.854700855,1.564102564,0.025641026,0.205128205,0.05982906,0.008547009,3.581196581,0.256410256,0.188034188,0.256410256,0.05982906,0.034188034,0.282051282,0.017094017,0.179487179,0.051282051,0.777777778,0.179487179,0.709401709,0.35042735,0.188034188,6.897435897,0.213675214,0.11965812,13854,117,0.648517678,0.959016393,0.75974026,1,36.066,14.05548103,10.69902645,15.73083022,75.77777778,174.017094,0,0,0,0,0,0,0,0
562861,170,1.42,0.13,0.31,0.12,0.06,0.09,1.37,2.38,0.05,0.2,0.11,0.08,22.08,0.5,0.29,0.35,0.05,0.06,0.22,0.06,0.23,0.09,0.69,0.3,0.94,0.45,0.18,7.06,0.17,0.16,14102,100,0.362204294,0.961538462,0.757575758,1,32.328,11.73939237,10.94227277,0,276.5,178,0,0,0,0,0,0,0,0
562861,171,0.541284404,0.128440367,0.422018349,0.082568807,0.146788991,0.137614679,2.183486239,1.908256881,0.082568807,0.183486239,0.128440367,0.082568807,4.935779817,0.357798165,0.211009174,0.211009174,0.082568807,0.036697248,0.339449541,0.027522936,0.321100917,0.082568807,0.95412844,0.330275229,0.688073394,0.366972477,0.165137615,9.52293578,0.165137615,0.091743119,14185,109,0.370761912,0.96460177,0.756944444,1,34.288,12.29619814,11.41982288,50.46057101,510.5688073,179.2018349,0,0,0,0,0,0,0,0
562861,172,0.410852713,0.209302326,0.782945736,0.139534884,0.07751938,0.085271318,2.534883721,2.689922481,0.03875969,0.294573643,0.07751938,0.023255814,6.147286822,0.310077519,0.170542636,0.418604651,0.031007752,0.062015504,0.372093023,0.015503876,0.441860465,0.100775194,2.426356589,0.317829457,0.720930233,0.488372093,0.100775194,10.72868217,0.162790698,0.201550388,14268,129,0.79880759,0.955555556,0.758823529,1,40.077,16.64204261,10.01162978,8.907155112,377.0852713,180.8139535,0,0,0,0,0,0,0,0
562861,173,0.84375,0.083333333,0.333333333,0.052083333,0.104166667,0.135416667,1.802083333,1.916666667,0.041666667,0.125,0.03125,0.03125,6.46875,0.3125,0.145833333,0.302083333,0.052083333,0.052083333,0.166666667,0.041666667,0.364583333,0.020833333,0.447916667,0.25,0.729166667,0.34375,0.104166667,5.520833333,0.09375,0.135416667,14351,96,0.477201494,0.95049505,0.615384615,1,33.751,11.89011364,10.44895944,-20.75108245,691,179.5833333,0,0,0,0,0,0,0,0
562861,174,0.756756757,0.108108108,0.558558559,0.144144144,0.126126126,0.126126126,3.603603604,3.018018018,0.099099099,0.252252252,0.099099099,0.108108108,10.00900901,0.324324324,0.216216216,0.396396396,0.09009009,0.063063063,0.531531532,0.036036036,0.468468468,0.117117117,1.225225225,0.306306306,1.099099099,0.603603604,0.108108108,9.963963964,0.288288288,0.153153153,14434,111,0.540539437,0.932773109,0.660714286,1,35.719,13.05128963,10.98029372,7.02174759,657.3513514,181.6126126,0,0,0,0,0,0,0,0
562861,175,0.651785714,0.098214286,0.366071429,0.053571429,0.080357143,0.044642857,1.464285714,1.991071429,0.089285714,0.196428571,0.035714286,0.053571429,3.910714286,0.491071429,0.196428571,0.232142857,0.017857143,0.053571429,0.276785714,0.017857143,0.303571429,0.107142857,1.785714286,0.151785714,0.633928571,0.410714286,0.071428571,6.0625,0.160714286,0.098214286,14517,112,0.768423677,0.965517241,0.615384615,1,36.844,15.05511249,9.634390437,38.38768188,325.5,182.6964286,0,0,0,0,0,0,0,0
562861,176,0.616161616,0.252525253,0.333333333,0.101010101,0.171717172,0.050505051,3.01010101,2.373737374,0.050505051,0.262626263,0.070707071,0.060606061,5.696969697,0.313131313,0.393939394,0.454545455,0.070707071,0.03030303,0.454545455,0.03030303,0.444444444,0.060606061,0.686868687,0.343434343,0.656565657,0.484848485,0.181818182,8.575757576,0.292929293,0.191919192,14600,99,0.572413306,0.961165049,0.692307692,1,32.907,12.49487277,10.24536144,-16.24302874,191.1010101,184,0,0,0,0,0,0,0,0
562861,177,1.371212121,0.143939394,0.424242424,0.060606061,0.098484848,0.136363636,2.878787879,3.098484848,0.113636364,0.310606061,0.045454545,0.090909091,9.318181818,0.5,0.174242424,0.386363636,0.060606061,0.090909091,0.318181818,0.03030303,0.348484848,0.053030303,0.613636364,0.416666667,0.992424242,0.53030303,0.113636364,9.757575758,0.227272727,0.128787879,14683,132,0.809327924,0.897959184,0.554621849,1,43.857,17.4134096,10.22788899,28.57860614,717.6590909,183.3257576,0.654545455,2,169,179,0,0,0,0
562861,178,1.027027027,0.18018018,0.459459459,0.072072072,0.108108108,0.135135135,3.279279279,2.711711712,0.153153153,0.27027027,0.054054054,0.072072072,7.081081081,0.54954955,0.171171171,0.576576577,0.099099099,0.045045045,0.45045045,0.009009009,0.45045045,0.117117117,1.45045045,0.378378378,1.315315315,0.693693694,0.252252252,11.61261261,0.342342342,0.198198198,14766,111,0.332608611,0.940677966,0.711538462,1,35.694,12.38193995,11.67697366,25.69544495,524.7927928,185.7837838,0,0,0,0,0,0,0,0
562861,179,1.790123457,0.222222222,0.407407407,0.086419753,0.098765432,0.185185185,6.148148148,2.765432099,0.148148148,0.24691358,0.135802469,0.086419753,9.419753086,0.469135802,0.962962963,0.49382716,0.074074074,0.148148148,0.765432099,0.061728395,0.382716049,0.209876543,4.925925926,0.395061728,2.333333333,0.62962963,0.160493827,10.40740741,0.222222222,0.160493827,14849,81,0.560175143,0.941860465,0.736363636,1,29.417,11.2481996,9.317718306,37.22212017,723.8148148,189.345679,0.447368421,1,177,0,0,0,0,0
562861,180,0.982758621,0.137931034,0.465517241,0.198275862,0.181034483,0.146551724,5.586206897,2.836206897,0.120689655,0.336206897,0.146551724,0.146551724,7.284482759,0.49137931,0.181034483,0.431034483,0.103448276,0.112068966,0.620689655,0.025862069,0.396551724,0.120689655,5.586206897,0.448275862,2.336206897,0.715517241,0.129310345,10.94827586,0.293103448,0.24137931,14932,116,0.65120273,0.950819672,0.69047619,1,37.58,14.05987834,10.67009535,-25.27567125,24.73275862,195.8275862,0,0,0,0,0,0,0,0
562861,181,1.164948454,0.134020619,0.443298969,0.092783505,0.072164948,0.103092784,4.484536082,2.257731959,0.092783505,0.24742268,0.030927835,0.06185567,6.659793814,0.484536082,2.804123711,0.515463918,0.051546392,0.092783505,0.989690722,0.020618557,0.412371134,0.164948454,4.298969072,0.278350515,1.680412371,0.762886598,0.216494845,10.88659794,0.24742268,0.206185567,15015,97,0.518864843,0.950980392,0.734848485,1,32.237,12.10126394,10.34484158,27.52707017,446.185567,195.8865979,0,0,0,0,0,0,0,0
562861,182,0.945054945,0.142857143,0.252747253,0.065934066,0.065934066,0.054945055,2.241758242,2.32967033,0.076923077,0.208791209,0.10989011,0.10989011,6.21978022,0.351648352,0.56043956,0.32967033,0.065934066,0.142857143,0.285714286,0,0.461538462,0.164835165,0.538461538,0.417582418,0.604395604,0.43956044,0.065934066,8.175824176,0.153846154,0.164835165,15098,91,0.532836478,0.957894737,0.758333333,1,31.195,11.78748397,9.974783789,14.12852044,706.6263736,195.8791209,0.325,2,185,188,0,0,0,0
562861,183,1.336283186,0.159292035,0.238938053,0.07079646,0.044247788,0.123893805,4.362831858,2.362831858,0.097345133,0.150442478,0.079646018,0.061946903,8.168141593,0.362831858,0.132743363,0.380530973,0.053097345,0.044247788,0.345132743,0,0.318584071,0.168141593,7.115044248,0.292035398,1.548672566,0.637168142,0.10619469,8.637168142,0.212389381,0.132743363,15181,113,0.445894642,0.918699187,0.724358974,1,37.29,12.90996428,11.55552123,62.70083725,258.3893805,197.8495575,0,0,0,0,0,0,0,0
562861,184,1.758241758,0.153846154,0.384615385,0.131868132,0.120879121,0.098901099,4.78021978,2.703296703,0.142857143,0.230769231,0.076923077,0.087912088,5.120879121,0.549450549,0.230769231,0.406593407,0.076923077,0.010989011,0.483516484,0.032967033,0.285714286,0.230769231,4.098901099,0.417582418,1.967032967,0.549450549,0.153846154,10.97802198,0.175824176,0.098901099,15264,91,0.794887433,0.93814433,0.722222222,1,33.709,14.08124678,8.543894028,-6.7013655,95.65934066,199.3736264,0.404761905,1,186,0,0,0,0,0
562861,185,1.881188119,0.108910891,0.386138614,0.089108911,0.158415842,0.168316832,3.356435644,3.247524752,0.069306931,0.306930693,0.03960396,0.089108911,18.98019802,0.475247525,0.297029703,0.386138614,0.059405941,0.089108911,0.336633663,0,0.514851485,0.148514851,2.316831683,0.346534653,2.079207921,0.811881188,0.188118812,13.14851485,0.297029703,0.158415842,15347,101,0.636395062,0.90990991,0.647435897,1,37.158,13.66347912,10.5395062,59.69700548,707.7623762,206.3366337,0.933333333,3,182,188,189,0,0,0
562861,186,0.605263158,0.131578947,0.328947368,0.092105263,0.157894737,0.131578947,3.263157895,1.960526316,0.078947368,0.144736842,0.118421053,0.078947368,3.328947368,0.342105263,0.631578947,0.381578947,0.039473684,0.052631579,0.328947368,0,0.421052632,0.092105263,0.631578947,0.394736842,1.105263158,0.631578947,0.092105263,8.776315789,0.223684211,0.131578947,15430,76,0.776371549,0.915662651,0.703703704,1,30.525,12.6089757,7.947128585,-15.72714846,96.64473684,206.6578947,0.459459459,1,184,0,0,0,0,0
562861,187,0.778947368,0.231578947,0.494736842,0.136842105,0.242105263,0.105263158,2.157894737,1.873684211,0.105263158,0.221052632,0.042105263,0.084210526,3.273684211,0.315789474,3.821052632,0.4,0.052631579,0.168421053,1.073684211,0.021052632,0.410526316,0.147368421,1.452631579,0.305263158,1.368421053,0.757894737,0.136842105,10.73684211,0.2,0.126315789,15513,95,0.083660421,0.95959596,0.785123967,1,31.658,11.07232998,11.03351396,90,490.2315789,206,0,0,0,0,0,0,0,0
562861,188,1.487804878,0.146341463,0.317073171,0.073170732,0.109756098,0.085365854,2.073170732,2.719512195,0.036585366,0.231707317,0.048780488,0.048780488,14.46341463,0.43902439,0.243902439,0.390243902,0.036585366,0.06097561,0.243902439,0,0.463414634,0.097560976,0.707317073,0.219512195,1.06097561,0.365853659,0.12195122,7.158536585,0.182926829,0.134146341,15596,82,0.583654196,0.987951807,0.759259259,1,31.352,11.67937057,9.483676079,89.98532984,699.6707317,206.1829268,0.486486486,2,182,185,0,0,0,0
562861,189,2.165048544,0.203883495,0.436893204,0.155339806,0.155339806,0.145631068,3.087378641,3.504854369,0.126213592,0.32038835,0.077669903,0.077669903,17.30097087,0.67961165,0.223300971,0.611650485,0.126213592,0.077669903,0.495145631,0.029126214,0.59223301,0.252427184,6.223300971,0.45631068,2.330097087,0.815533981,0.233009709,13.60194175,0.194174757,0.203883495,15679,103,0.701091635,0.936363636,0.609467456,1,35.893,13.90624,9.916139076,38.73204644,712.6699029,212.9805825,0.489361702,1,185,0,0,0,0,0
562861,190,0.990825688,0.119266055,0.486238532,0.055045872,0.137614679,0.146788991,2.669724771,2.935779817,0.064220183,0.385321101,0.073394495,0.091743119,4.614678899,0.532110092,4.917431193,0.311926606,0.036697248,0.073394495,0.917431193,0.04587156,0.366972477,0.128440367,0.871559633,0.366972477,0.862385321,0.605504587,0.220183486,8.688073394,0.23853211,0.174311927,15762,109,0.579112067,0.973214286,0.698717949,1,35.322,13.20776997,10.76760735,-55.3430096,780.853211,213.3394495,0.326086957,1,194,0,0,0,0,0
562861,191,0.619047619,0.123809524,0.476190476,0.114285714,0.142857143,0.123809524,2.266666667,2.371428571,0.057142857,0.266666667,0.057142857,0.047619048,6.695238095,0.342857143,4.476190476,0.438095238,0.057142857,0.114285714,0.361904762,0.047619048,0.466666667,0.2,7.447619048,0.285714286,1.247619048,0.504761905,0.257142857,10.66666667,0.295238095,0.266666667,15845,105,0.709905513,0.921052632,0.625,1,36.182,13.95519233,9.828599083,26.95766076,292.9714286,216.5809524,0,0,0,0,0,0,0,0
562861,192,1.568807339,0.266055046,0.541284404,0.100917431,0.100917431,0.146788991,4.990825688,2.605504587,0.091743119,0.229357798,0.082568807,0.073394495,6.95412844,0.550458716,0.137614679,0.403669725,0.018348624,0.119266055,0.431192661,0.018348624,0.385321101,0.146788991,1.614678899,0.422018349,2.504587156,0.587155963,0.23853211,11.69724771,0.128440367,0.220183486,15927,109,0.712806723,0.939655172,0.707792208,1,35.421,14.1752042,9.941928559,22.00992458,476.3302752,216.0183486,0,0,0,0,0,0,0,0
562861,193,0.56,0.12,0.21,0.08,0.08,0.08,3.55,1.94,0.1,0.26,0.03,0.03,7.33,0.49,0.19,0.36,0.05,0.07,0.37,0,0.19,0.12,1.8,0.26,1.08,0.53,0.12,7.69,0.24,0.1,16010,100,0.690093802,0.943396226,0.649350649,1,34.222,13.40515187,9.701575643,-16.54821971,172.31,218.87,0,0,0,0,0,0,0,0
562861,194,1.433333333,0.166666667,0.344444444,0.066666667,0.044444444,0.111111111,2.655555556,2.1,0.033333333,0.211111111,0.077777778,0.044444444,6.277777778,0.3,0.322222222,0.322222222,0.055555556,0.077777778,0.244444444,0,0.255555556,0.055555556,0.366666667,0.322222222,0.444444444,0.255555556,0.133333333,5.777777778,0.144444444,0.1,16093,90,0.620898224,0.947368421,0.681818182,1,31.493,12.20792614,9.569685731,48.4476729,787.9555556,220.6444444,0.380952381,1,190,0,0,0,0,0
562861,195,0.751515152,0.145454545,0.266666667,0.090909091,0.084848485,0.078787879,5.012121212,2.327272727,0.084848485,0.218181818,0.072727273,0.060606061,9.842424242,0.442424242,0.890909091,0.345454545,0.060606061,0.078787879,0.690909091,0.042424242,0.345454545,0.096969697,0.818181818,0.393939394,1.151515152,0.757575758,0.218181818,11.61818182,0.218181818,0.139393939,16176,165,0.523285104,0.93220339,0.736607143,1,44.303,15.87027617,13.52397761,-6.814920904,247.4,222.2,0,0,0,0,0,0,0,0
562861,196,0.280701754,0.105263158,0.263157895,0.052631579,0.087719298,0.052631579,1.947368421,1.99122807,0.061403509,0.219298246,0.035087719,0.026315789,4.254385965,0.368421053,0.675438596,0.263157895,0.070175439,0.026315789,0.473684211,0.00877193,0.192982456,0.087719298,0.798245614,0.236842105,0.605263158,0.49122807,0.140350877,7.140350877,0.175438596,0.061403509,16259,114,0.551497276,0.95,0.678571429,1,36.728,13.40192913,11.17957692,-83.63349502,625.5789474,224.2894737,0.361702128,2,198,201,0,0,0,0
562861,197,0.758333333,0.175,0.283333333,0.083333333,0.133333333,0.041666667,3.1,2.841666667,0.075,0.2,0.041666667,0.066666667,5.016666667,0.283333333,0.141666667,0.333333333,0.066666667,0.125,0.291666667,0.025,0.291666667,0.1,0.741666667,0.35,0.925,0.441666667,0.141666667,8.958333333,0.25,0.15,16342,120,0.509198416,0.902255639,0.769230769,1,39.614,13.72028379,11.80835069,-25.15583129,697.05,223.525,0.387755102,1,200,0,0,0,0,0
562861,198,0.771186441,0.152542373,0.381355932,0.118644068,0.110169492,0.144067797,6.118644068,2.881355932,0.059322034,0.330508475,0.110169492,0.093220339,15.42372881,0.43220339,1.237288136,0.483050847,0.177966102,0.110169492,0.720338983,0.06779661,0.457627119,0.186440678,5.644067797,0.347457627,2.686440678,0.898305085,0.144067797,15.93220339,0.36440678,0.194915254,16425,118,0.750215494,0.907692308,0.602040816,1,39.358,15.38433682,10.17202197,-38.10223198,637.6271186,228.3644068,0.68627451,3,196,201,202,0,0,0
562861,199,0.974683544,0.164556962,0.487341772,0.139240506,0.113924051,0.056962025,4.860759494,2.348101266,0.101265823,0.259493671,0.088607595,0.037974684,7.107594937,0.379746835,0.196202532,0.316455696,0.120253165,0.088607595,0.417721519,0.006329114,0.348101266,0.208860759,1.329113924,0.424050633,1.575949367,0.626582278,0.183544304,9.417721519,0.253164557,0.158227848,16508,158,0.758877121,0.946107784,0.705357143,1,44.303,17.69568483,11.52402879,34.06427955,402.7405063,230.6265823,0,0,0,0,0,0,0,0
562861,200,0.650793651,0.111111111,0.365079365,0.063492063,0.126984127,0.206349206,2.444444444,1.873015873,0.063492063,0.317460317,0.095238095,0.079365079,4.825396825,0.365079365,0.253968254,0.317460317,0.031746032,0.111111111,0.349206349,0.015873016,0.26984127,0.126984127,0.634920635,0.365079365,0.682539683,0.603174603,0.158730159,11.15873016,0.126984127,0.063492063,16591,63,0.693149851,0.913043478,0.715909091,1,26.696,10.71553986,7.723691582,0.339136316,695.7142857,231.5396825,0.558823529,1,197,0,0,0,0,0
562861,201,0.827586207,0.172413793,0.333333333,0.183908046,0.149425287,0.068965517,4.413793103,2.977011494,0.091954023,0.402298851,0.068965517,0.045977011,8.287356322,0.505747126,2.356321839,0.390804598,0.045977011,0.16091954,0.91954023,0.034482759,0.436781609,0.091954023,1.068965517,0.505747126,1.620689655,0.827586207,0.229885057,14.32183908,0.183908046,0.183908046,16674,87,0.6318755,0.956043956,0.604166667,1,32.064,12.15384788,9.420081674,-39.7212055,631.9885057,234.6321839,0.642857143,3,196,198,202,0,0,0
562861,202,0.779069767,0.209302326,0.476744186,0.093023256,0.069767442,0.093023256,5.372093023,3.372093023,0.058139535,0.372093023,0.11627907,0.081395349,18.86046512,0.511627907,0.209302326,0.581395349,0.093023256,0.069767442,0.453488372,0.081395349,0.465116279,0.127906977,1.034883721,0.488372093,1.988372093,0.651162791,0.151162791,14.56976744,0.279069767,0.186046512,16757,86,0.781565989,0.934782609,0.597222222,1,33.089,13.48726162,8.413658279,40.33449111,643.255814,238.3488372,0.837209302,3,198,201,207,0,0,0
562861,203,1.028037383,0.158878505,0.327102804,0.065420561,0.046728972,0.018691589,2.102803738,2.224299065,0.046728972,0.130841121,0.056074766,0.046728972,7.654205607,0.411214953,0.121495327,0.401869159,0.037383178,0.056074766,0.289719626,0.018691589,0.336448598,0.056074766,0.85046729,0.373831776,0.579439252,0.495327103,0.121495327,6.962616822,0.08411215,0.158878505,16840,107,0.644410642,0.938596491,0.694805195,1,34.958,13.47164904,10.3014955,0.026561231,579.046729,241.046729,0,0,0,0,0,0,0,0
562861,204,0.904255319,0.138297872,0.20212766,0.074468085,0.042553191,0.053191489,3.372340426,1.691489362,0.053191489,0.095744681,0.053191489,0.010638298,7.372340426,0.340425532,0.521276596,0.159574468,0.042553191,0.031914894,0.287234043,0,0.20212766,0.031914894,0.680851064,0.223404255,0.659574468,0.287234043,0.180851064,6.29787234,0.20212766,0.085106383,16923,94,0.505867491,0.949494949,0.712121212,1,32.51,11.9161299,10.27898711,-52.69129162,388.5425532,243.0212766,0,0,0,0,0,0,0,0
562861,205,0.642857143,0.204081633,0.326530612,0.06122449,0.112244898,0.06122449,2.316326531,2.489795918,0.051020408,0.336734694,0.071428571,0.081632653,7.275510204,0.387755102,0.112244898,0.336734694,0.112244898,0.020408163,0.255102041,0.020408163,0.255102041,0.153061224,0.591836735,0.275510204,0.714285714,0.479591837,0.12244898,6.744897959,0.295918367,0.204081633,17006,98,0.586474543,0.960784314,0.753846154,1,32.328,12.46819082,10.09883135,0,707,244.5,0,0,0,0,0,0,0,0
562861,206,0.808219178,0.130136986,0.287671233,0.102739726,0.082191781,0.061643836,5.123287671,2.047945205,0.02739726,0.287671233,0.095890411,0.054794521,13.54109589,0.267123288,0.205479452,0.417808219,0.102739726,0.095890411,0.267123288,0.04109589,0.363013699,0.150684932,3.568493151,0.273972603,1.650684932,0.657534247,0.089041096,9.294520548,0.198630137,0.191780822,17089,146,0.356168902,0.948051948,0.744897959,1,40.838,14.18393256,13.25377285,4.054446276,26.48630137,243.2876712,0,0,0,0,0,0,0,0
562861,207,0.682352941,0.129411765,0.447058824,0.070588235,0.141176471,0.129411765,3.058823529,2,0,0.188235294,0.094117647,0.023529412,6.258823529,0.294117647,0.164705882,0.235294118,0.070588235,0.058823529,0.270588235,0,0.494117647,0.070588235,0.529411765,0.341176471,0.929411765,0.329411765,0.211764706,8.458823529,0.2,0.129411765,17172,85,0.760468111,0.923913043,0.643939394,1,32.791,13.28899388,8.629544107,31.19016651,645.9294118,245.1058824,0.69047619,2,202,212,0,0,0,0
562861,208,1.484210526,0.210526316,0.410526316,0.168421053,0.168421053,0.136842105,4.378947368,2.663157895,0.052631579,0.231578947,0.094736842,0.094736842,4.736842105,0.484210526,2.315789474,0.526315789,0.073684211,0.136842105,1.273684211,0.010526316,0.442105263,0.157894737,1.336842105,0.442105263,2.115789474,0.610526316,0.210526316,12.10526316,0.326315789,0.2,17255,95,0.58258548,0.940594059,0.664335664,1,33.089,12.32090103,10.0140518,-4.401859714,784.0631579,245.4315789,0.209302326,1,213,0,0,0,0,0
562861,209,1.733333333,0.123809524,0.371428571,0.085714286,0.133333333,0.085714286,3.60952381,3.142857143,0.057142857,0.257142857,0.085714286,0.047619048,8.00952381,0.60952381,0.314285714,0.342857143,0.076190476,0.057142857,0.333333333,0.028571429,0.257142857,0.114285714,0.676190476,0.4,0.714285714,0.438095238,0.152380952,8.095238095,0.114285714,0.142857143,17338,105,0.393531306,0.913043478,0.729166667,1,35.603,12.21161614,11.22627568,14.0104048,768.3904762,248.6,0,0,0,0,0,0,0,0
562861,210,1.520833333,0.260416667,0.458333333,0.114583333,0.197916667,0.083333333,2.75,2.541666667,0.052083333,0.458333333,0.09375,0.052083333,5.9375,1.177083333,0.541666667,0.416666667,0.083333333,0.125,0.395833333,0.03125,0.4375,0.114583333,4.208333333,0.291666667,0.583333333,0.635416667,0.25,10.66666667,0.21875,0.177083333,17421,96,0.606755989,0.932038835,0.671328671,1,33.089,12.51751026,9.950020561,-1.920687298,617.8854167,248.78125,0,0,0,0,0,0,0,0
562861,211,1.288461538,0.211538462,0.298076923,0.057692308,0.105769231,0.086538462,5.134615385,2.298076923,0.115384615,0.163461538,0.105769231,0.105769231,9.346153846,0.423076923,0.432692308,0.490384615,0.086538462,0.086538462,0.557692308,0.038461538,0.278846154,0.086538462,1.240384615,0.307692308,1.932692308,0.663461538,0.230769231,9.144230769,0.259615385,0.201923077,17504,104,0.344694723,0.962962963,0.787878788,1,33.527,11.94905828,11.21675831,-11.47596078,79.59615385,251.75,0,0,0,0,0,0,0,0
562861,212,0.682539683,0.111111111,0.317460317,0.071428571,0.095238095,0.071428571,2.206349206,2.111111111,0.087301587,0.206349206,0.055555556,0.063492063,5.571428571,0.238095238,0.119047619,0.277777778,0.063492063,0.03968254,0.333333333,0.023809524,0.277777778,0.071428571,0.555555556,0.349206349,0.817460317,0.46031746,0.103174603,7.277777778,0.23015873,0.158730159,17587,126,0.756757596,0.947368421,0.715909091,1,38.878,15.74721889,10.29388773,18.19374372,655.7222222,251.0079365,0.204081633,1,207,0,0,0,0,0
562861,213,1.436781609,0.149425287,0.379310345,0.068965517,0.091954023,0.091954023,5.620689655,2.873563218,0.091954023,0.298850575,0.034482759,0.045977011,4.310344828,0.390804598,0.183908046,0.356321839,0.137931034,0.091954023,0.540229885,0.022988506,0.379310345,0.114942529,2.264367816,0.32183908,2.264367816,0.597701149,0.114942529,9.229885057,0.195402299,0.264367816,17670,87,0.646351226,0.97752809,0.805555556,1,30.707,12.13079596,9.256282958,1.691328511,794.6896552,251.2643678,0.552631579,2,208,216,0,0,0,0
562861,214,1.145833333,0.135416667,0.354166667,0.09375,0.15625,0.0625,4.40625,2.0625,0.145833333,0.291666667,0.052083333,0.020833333,4.885416667,0.375,0.0625,0.416666667,0.09375,0.0625,0.395833333,0.020833333,0.385416667,0.15625,1.0625,0.375,1.354166667,0.489583333,0.15625,8.03125,0.197916667,0.145833333,17753,96,0.426916929,0.95049505,0.666666667,1,32.262,11.73787791,10.61445555,-45,114.5833333,254.5833333,0.272727273,1,217,0,0,0,0,0
562861,215,1.485148515,0.188118812,0.247524752,0.03960396,0.089108911,0.089108911,2.643564356,1.930693069,0.148514851,0.207920792,0.089108911,0.069306931,6.534653465,0.316831683,0.574257426,0.306930693,0.01980198,0.089108911,0.297029703,0.03960396,0.316831683,0.099009901,0.663366337,0.405940594,0.722772277,0.435643564,0.138613861,7.861386139,0.237623762,0.178217822,17835,101,0.521019014,0.961904762,0.706293706,1,32.998,12.35486579,10.54543479,4.040820877,467.039604,254.3465347,0,0,0,0,0,0,0,0
562861,216,1.785123967,0.231404959,0.438016529,0.123966942,0.107438017,0.181818182,5.47107438,2.900826446,0.107438017,0.280991736,0.082644628,0.099173554,6.20661157,0.429752066,0.132231405,0.479338843,0.082644628,0.123966942,0.347107438,0.049586777,0.47107438,0.231404959,2.933884298,0.289256198,1.991735537,0.570247934,0.214876033,10.00826446,0.256198347,0.140495868,17918,121,0.664537559,0.923664122,0.672222222,1,39.151,14.59146892,10.90354613,27.62706837,791.4049587,261.553719,0.25,1,213,0,0,0,0,0
562861,217,0.741071429,0.133928571,0.357142857,0.071428571,0.107142857,0.169642857,2.008928571,2.25,0.080357143,0.321428571,0.080357143,0.071428571,4.830357143,0.383928571,0.651785714,0.375,0.071428571,0.098214286,0.785714286,0.017857143,0.348214286,0.107142857,4.633928571,0.392857143,0.705357143,0.526785714,0.133928571,9.767857143,0.178571429,0.321428571,18001,112,0.654452225,0.918032787,0.717948718,1,37.29,13.9607628,10.55577961,28.01559463,110.3125,265.4375,0.234042553,1,214,0,0,0,0,0
562861,218,0.682926829,0.138211382,0.382113821,0.056910569,0.130081301,0.12195122,2.382113821,2.430894309,0.073170732,0.235772358,0.056910569,0.089430894,4.609756098,0.349593496,0.113821138,0.341463415,0.06504065,0.056910569,0.365853659,0.048780488,0.37398374,0.081300813,2.032520325,0.390243902,0.569105691,0.487804878,0.18699187,7.203252033,0.12195122,0.170731707,18084,123,0.604944805,0.946153846,0.732142857,1,37.96,14.17709729,11.2887605,18.3537212,183.3739837,264.0650407,0,0,0,0,0,0,0,0
562861,219,0.803030303,0.174242424,0.454545455,0.045454545,0.196969697,0.083333333,3.560606061,2.954545455,0.083333333,0.212121212,0.083333333,0.03030303,6.212121212,0.560606061,0.143939394,0.348484848,0.060606061,0.098484848,0.333333333,0.037878788,0.401515152,0.121212121,1.772727273,0.446969697,1.204545455,0.568181818,0.181818182,12.31060606,0.25,0.234848485,18167,132,0.669054127,0.949640288,0.733333333,1,39.341,15.11303731,11.23221608,16.627663,30.81060606,265.9090909,0,0,0,0,0,0,0,0
562861,220,0.909090909,0.287878788,0.424242424,0.090909091,0.106060606,0.151515152,5.984848485,2.772727273,0.121212121,0.348484848,0.106060606,0.03030303,5.893939394,0.454545455,0.454545455,0.560606061,0.060606061,0.060606061,0.303030303,0.045454545,0.287878788,0.212121212,5.045454545,0.393939394,2.757575758,0.742424242,0.227272727,14.65151515,0.242424242,0.242424242,18250,66,0.833279688,0.929577465,0.55,1,29.434,12.72020379,7.032385822,-38.67250949,651.0151515,265.9090909,0.552631579,1,221,0,0,0,0,0
562861,221,0.909090909,0.272727273,0.424242424,0.106060606,0.075757576,0.106060606,6.166666667,2.393939394,0.090909091,0.636363636,0.090909091,0.045454545,7.363636364,0.454545455,1.151515152,0.46969697,0.045454545,0.090909091,0.287878788,0.045454545,0.621212121,0.151515152,6.545454545,0.621212121,2.409090909,0.818181818,0.136363636,15.43939394,0.303030303,0.227272727,18333,66,0.859372744,0.942857143,0.55,1,29.707,13.15076675,6.724640253,-37.74768876,646.8030303,269.8484848,0.974358974,2,220,224,0,0,0,0
562861,222,0.473684211,0.094736842,0.4,0.094736842,0.042105263,0.094736842,1.863157895,1.905263158,0.063157895,0.189473684,0.031578947,0.063157895,3.821052632,0.305263158,1.484210526,0.284210526,0.073684211,0.063157895,0.873684211,0.042105263,0.284210526,0.063157895,0.652631579,0.305263158,1.115789474,0.621052632,0.178947368,7.410526316,0.147368421,0.063157895,18416,95,0.617766371,0.940594059,0.664335664,1,32.998,12.50893454,9.836546931,8.858143905,353.0526316,271.9894737,0,0,0,0,0,0,0,0
562861,223,0.460784314,0.196078431,0.294117647,0.029411765,0.088235294,0.098039216,2.12745098,2.068627451,0.068627451,0.254901961,0.029411765,0.049019608,8.754901961,0.411764706,0.470588235,0.37254902,0.166666667,0.068627451,0.696078431,0,0.284313725,0.068627451,0.637254902,0.421568627,0.617647059,0.607843137,0.147058824,7.980392157,0.176470588,0.156862745,18499,102,0.764077369,0.918918919,0.653846154,1,36.455,14.36154168,9.264984108,51.88004443,383.4509804,274.0392157,0,0,0,0,0,0,0,0
562861,224,0.826347305,0.143712575,0.305389222,0.107784431,0.113772455,0.089820359,8.778443114,2.898203593,0.155688623,0.269461078,0.065868263,0.131736527,29.08982036,0.419161677,0.814371257,0.473053892,0.101796407,0.083832335,0.22754491,0.023952096,0.592814371,0.209580838,3.353293413,0.45508982,3.502994012,0.850299401,0.155688623,12.56287425,0.347305389,0.161676647,18582,167,0.615855221,0.902702703,0.65234375,1,47.529,16.75462113,13.20028482,-48.61248138,638.8562874,274.5928144,0.31147541,1,221,0,0,0,0,0
562861,225,0.527777778,0.175925926,0.268518519,0.092592593,0.12037037,0.083333333,2.046296296,2.666666667,0.064814815,0.231481481,0.037037037,0.037037037,6.175925926,0.388888889,0.240740741,0.259259259,0.083333333,0.046296296,0.212962963,0.037037037,0.333333333,0.083333333,0.62037037,0.259259259,0.583333333,0.583333333,0.101851852,7.453703704,0.203703704,0.203703704,18665,108,0.628246388,0.947368421,0.692307692,1,34.867,13.41021835,10.43334358,52.12903668,718.6574074,278.1574074,0.239130435,1,230,0,0,0,0,0
562861,226,0.871287129,0.277227723,0.297029703,0.128712871,0.099009901,0.118811881,1.752475248,2.653465347,0.079207921,0.356435644,0.069306931,0.04950495,5.108910891,0.495049505,0.178217822,0.465346535,0.03960396,0.01980198,0.603960396,0.04950495,0.297029703,0.128712871,1.722772277,0.326732673,0.900990099,0.524752475,0.168316832,11.73267327,0.247524752,0.217821782,18748,101,0.698096646,0.90990991,0.655844156,1,35.876,13.56021141,9.709159401,15.64784694,791.3564356,280.1089109,0.325581395,1,232,0,0,0,0,0
562861,227,0.786666667,0.173333333,0.393333333,0.06,0.14,0.1,5.093333333,2.353333333,0.126666667,0.253333333,0.06,0.066666667,5.046666667,0.4,0.7,0.42,0.053333333,0.073333333,0.38,0.033333333,0.426666667,0.186666667,3.686666667,0.36,1.933333333,0.673333333,0.153333333,9.913333333,0.28,0.18,18831,150,0.762233029,0.943396226,0.694444444,1,43.013,17.31874355,11.21046979,7.047580393,275.5666667,280.8933333,0,0,0,0,0,0,0,0
562861,228,0.81981982,0.144144144,0.288288288,0.135135135,0.063063063,0.09009009,6.396396396,2.297297297,0.126126126,0.306306306,0.027027027,0.036036036,6.378378378,0.459459459,0.576576577,0.432432432,0.135135135,0.054054054,0.369369369,0.036036036,0.45045045,0.153153153,4.927927928,0.378378378,1.900900901,0.666666667,0.18018018,10.37837838,0.324324324,0.162162162,18914,111,0.698599672,0.932773109,0.60989011,1,36.943,14.24949717,10.19569694,-49.52526897,490.6396396,282.4864865,0,0,0,0,0,0,0,0
562861,229,0.447619048,0.152380952,0.323809524,0.104761905,0.095238095,0.085714286,2.885714286,2.638095238,0.085714286,0.304761905,0.095238095,0.057142857,8.714285714,0.39047619,0.504761905,0.304761905,0.085714286,0.057142857,0.457142857,0.038095238,0.295238095,0.095238095,0.619047619,0.361904762,0.476190476,0.485714286,0.066666667,7.180952381,0.20952381,0.133333333,18997,105,0.780887479,0.9375,0.583333333,1,36.753,14.792566,9.240497495,-23.71124277,355.0571429,286.6,0,0,0,0,0,0,0,0
562861,230,1.111111111,0.264957265,0.393162393,0.102564103,0.094017094,0.085470085,3.811965812,2.478632479,0.034188034,0.213675214,0.085470085,0.017094017,5.264957265,0.427350427,7.965811966,0.401709402,0.068376068,0.085470085,0.94017094,0.042735043,0.435897436,0.102564103,6.811965812,0.299145299,2.025641026,0.615384615,0.162393162,8.461538462,0.222222222,0.264957265,19080,117,0.821007106,0.928571429,0.688235294,1,39.457,16.33475182,9.325803386,1.893290961,707.017094,286.2136752,0.5,3,225,239,240,0,0,0
562861,231,0.927272727,0.154545455,0.4,0.136363636,0.109090909,0.072727273,3.654545455,2.581818182,0.1,0.290909091,0.063636364,0.027272727,4.409090909,0.5,0.181818182,0.372727273,0.045454545,0.027272727,0.409090909,0.009090909,0.318181818,0.109090909,4.627272727,0.309090909,1.409090909,0.709090909,0.236363636,11.16363636,0.3,0.281818182,19163,110,0.608794599,0.948275862,0.705128205,1,34.958,13.37848167,10.61352259,-31.22660989,431.9545455,289.2363636,0.02173913,1,238,0,0,0,0,0
562861,232,2.11627907,0.151162791,0.290697674,0.127906977,0.104651163,0.220930233,3.790697674,2.627906977,0.11627907,0.162790698,0.081395349,0.081395349,24.53488372,0.395348837,0.255813953,0.337209302,0.069767442,0.069767442,0.395348837,0.023255814,0.337209302,0.139534884,1.046511628,0.406976744,1.220930233,0.581395349,0.127906977,10.12790698,0.290697674,0.162790698,19246,86,0.412235573,0.955555556,0.781818182,1,30.434,11.04858433,10.06611429,-37.89782673,788.9651163,289.3488372,0.368421053,1,226,0,0,0,0,0
562861,233,0.621359223,0.184466019,0.54368932,0.058252427,0.155339806,0.126213592,4.310679612,2.378640777,0.048543689,0.252427184,0.038834951,0.097087379,4.932038835,0.388349515,0.533980583,0.349514563,0.067961165,0.048543689,0.398058252,0.029126214,0.27184466,0.126213592,1.116504854,0.368932039,1.776699029,0.737864078,0.194174757,10.48543689,0.194174757,0.13592233,19329,103,0.521864586,0.971698113,0.78030303,1,33.337,12.48444457,10.64958506,55.75289817,307.6893204,290.6213592,0.547619048,2,235,237,0,0,0,0
562861,234,1.236842105,0.201754386,0.298245614,0.096491228,0.105263158,0.087719298,7.394736842,2.385964912,0.087719298,0.210526316,0.043859649,0.043859649,8.149122807,0.5,0.263157895,0.271929825,0.052631579,0.043859649,0.298245614,0.052631579,0.421052632,0.228070175,8.728070175,0.289473684,2.394736842,0.631578947,0.122807018,9.307017544,0.192982456,0.175438596,19412,114,0.379061686,0.94214876,0.730769231,1,35.975,12.67584024,11.7298601,9.156121712,594.8421053,293.0087719,0,0,0,0,0,0,0,0
562861,235,0.576086957,0.076086957,0.467391304,0.054347826,0.108695652,0.152173913,2.717391304,2.141304348,0.076086957,0.141304348,0.065217391,0.054347826,8.902173913,0.47826087,0.923913043,0.25,0.032608696,0.076086957,0.510869565,0.032608696,0.315217391,0.130434783,0.793478261,0.434782609,0.847826087,0.445652174,0.119565217,9.717391304,0.293478261,0.130434783,19495,92,0.60600723,0.893203883,0.544378698,1,35.438,12.61401804,10.0339359,36.62552257,316.7826087,294.4565217,0.804347826,4,233,237,243,246,0,0
562861,236,0.651162791,0.100775194,0.255813953,0.069767442,0.069767442,0.054263566,3.968992248,1.937984496,0.054263566,0.100775194,0.062015504,0.046511628,8.829457364,0.294573643,0.124031008,0.162790698,0.093023256,0.046511628,0.240310078,0,0.302325581,0.108527132,0.666666667,0.224806202,0.88372093,0.348837209,0.15503876,5.627906977,0.201550388,0.108527132,19578,129,0.8220659,0.921428571,0.632352941,1,40.863,17.23481826,9.813373794,21.65108569,553.5581395,298,0,0,0,0,0,0,0,0
562861,237,0.602564103,0.320512821,0.794871795,0.128205128,0.141025641,0.064102564,2.025641026,2.525641026,0.038461538,0.384615385,0.08974359,0.064102564,3.923076923,0.320512821,0.294871795,0.384615385,0.115384615,0.076923077,0.679487179,0.025641026,0.294871795,0.217948718,5.730769231,0.333333333,0.679487179,0.679487179,0.102564103,9.820512821,0.320512821,0.192307692,19660,78,0.789572278,0.906976744,0.75,1,31.567,13.02951593,7.995661128,1.351575777,306.8333333,299.525641,0.825,4,233,235,243,246,0,0
562861,238,1.044642857,0.071428571,0.232142857,0.0625,0.053571429,0.071428571,3.607142857,2.196428571,0.0625,0.223214286,0.044642857,0.089285714,12.98214286,0.571428571,0.232142857,0.392857143,0.0625,0.0625,0.366071429,0.017857143,0.321428571,0.107142857,0.642857143,0.276785714,1.241071429,0.508928571,0.142857143,9.758928571,0.151785714,0.142857143,19743,112,0.566807429,0.949152542,0.783216783,1,35.396,13.24609091,10.91279615,-21.66335802,443.5892857,299.3125,0.022727273,1,231,0,0,0,0,0
562861,239,0.64,0.12,0.68,0.08,0.12,0.106666667,3.866666667,1.213333333,0.093333333,0.186666667,0.066666667,0.013333333,3.333333333,0.293333333,1.8,0.453333333,0.026666667,0.053333333,0.28,0,0.28,0.24,5.613333333,0.346666667,0.333333333,0.426666667,0.12,7.333333333,0.146666667,0.133333333,19826,75,0.655887195,0.949367089,0.757575758,1,30.062,11.4162216,8.617636697,-62.16832871,707.1066667,299.1866667,0.540540541,2,230,240,0,0,0,0
562861,240,0.444444444,0.171717172,0.676767677,0.171717172,0.080808081,0.070707071,3.747474747,1.828282828,0.151515152,0.454545455,0.080808081,0.04040404,2.747474747,0.323232323,0.797979798,0.222222222,0.070707071,0.04040404,0.282828283,0.04040404,0.202020202,0.212121212,9.777777778,0.333333333,0.535353535,0.333333333,0.121212121,8.343434343,0.171717172,0.212121212,19909,99,0.86622406,0.804878049,0.55,1,40.466,16.85158941,8.419993719,-69.45981164,713.1515152,296.4545455,0.62,2,230,239,0,0,0,0
562861,241,0.794642857,0.107142857,0.330357143,0.071428571,0.142857143,0.080357143,2.464285714,2.741071429,0.053571429,0.151785714,0.071428571,0.071428571,8.741071429,0.446428571,0.276785714,0.571428571,0.0625,0.053571429,0.339285714,0.017857143,0.410714286,0.133928571,3.375,0.392857143,2.0625,0.508928571,0.133928571,10.36607143,0.133928571,0.142857143,19992,112,0.753715018,0.941176471,0.678787879,1,37.406,14.86240049,9.76759031,21.21100443,150.9017857,300.8839286,0,0,0,0,0,0,0,0
562861,242,0.74015748,0.188976378,0.448818898,0.133858268,0.141732283,0.11023622,2.566929134,2.968503937,0.125984252,0.236220472,0.070866142,0.031496063,6.566929134,0.456692913,6.960629921,0.448818898,0.078740157,0.133858268,0.937007874,0.062992126,0.283464567,0.149606299,3.724409449,0.322834646,1.094488189,0.984251969,0.220472441,11.54330709,0.220472441,0.141732283,20075,127,0.546518334,0.962121212,0.75147929,1,37.381,13.97868867,11.70641283,42.79497081,486.9448819,303.007874,0,0,0,0,0,0,0,0
562861,243,1.0625,0.204545455,0.568181818,0.051136364,0.096590909,0.096590909,4.431818182,2.835227273,0.136363636,0.340909091,0.102272727,0.045454545,7.176136364,0.693181818,0.289772727,0.340909091,0.107954545,0.210227273,0.301136364,0.017045455,0.545454545,0.193181818,3.948863636,0.386363636,1.522727273,1.130681818,0.210227273,10.58522727,0.284090909,0.278409091,20158,176,0.761471958,0.936170213,0.712550607,1,48.703,18.81124558,12.193409,12.26878865,323.4772727,301.9602273,0.93442623,6,235,237,246,247,250,251
562861,245,1.584158416,0.227722772,0.415841584,0.059405941,0.099009901,0.099009901,2.811881188,2.267326733,0.059405941,0.297029703,0.099009901,0.04950495,11.27722772,0.465346535,0.455445545,0.356435644,0.059405941,0.089108911,0.603960396,0.04950495,0.247524752,0.118811881,0.653465347,0.346534653,0.95049505,0.683168317,0.207920792,7.900990099,0.188118812,0.148514851,20324,101,0.542800436,0.971153846,0.765151515,1,33.337,12.45108158,10.45718663,13.3511558,783.4356436,303.4950495,0.268292683,1,244,0,0,0,0,0
562861,246,0.71,0.09,0.42,0.09,0.19,0.07,5.14,2.64,0.18,0.17,0.05,0.05,4.51,0.46,2.16,0.43,0.11,0.14,0.73,0.03,0.43,0.07,1.57,0.32,1.98,0.68,0.17,10.58,0.26,0.17,20407,100,0.660441184,0.925925926,0.699300699,1,34.495,13.13017015,9.859153031,19.39235174,309.08,307.9,0.590909091,4,235,237,243,250,0,0
562861,247,1.306451613,0.096774194,0.491935484,0.161290323,0.153225806,0.112903226,3.387096774,2.491935484,0.10483871,0.25,0.056451613,0.032258065,4.822580645,1.016129032,0.241935484,0.5,0.080645161,0.169354839,0.39516129,0.032258065,0.459677419,0.209677419,3.274193548,0.5,0.983870968,0.774193548,0.193548387,8.943548387,0.338709677,0.137096774,20490,124,0.729015579,0.892086331,0.59047619,1,42.327,15.6809053,10.73353427,-43.29086304,337.2177419,305.6854839,0.692307692,4,243,251,256,260,0,0
562861,248,0.926229508,0.163934426,0.467213115,0.090163934,0.147540984,0.098360656,3.614754098,2.114754098,0.081967213,0.213114754,0.032786885,0.073770492,5.344262295,0.418032787,0.483606557,0.401639344,0.114754098,0.06557377,0.360655738,0.016393443,0.31147541,0.18852459,4.032786885,0.352459016,1.770491803,0.491803279,0.180327869,8.885245902,0.204918033,0.172131148,20573,122,0.662620567,0.960629921,0.677777778,1,37.489,14.4957556,10.85667243,-27.05375255,584.7213115,309.557377,0,0,0,0,0,0,0,0
562861,249,0.663043478,0.130434783,0.282608696,0.054347826,0.097826087,0.152173913,3.423913043,2.630434783,0.043478261,0.239130435,0.065217391,0.02173913,4.945652174,0.413043478,0.826086957,0.391304348,0.065217391,0.097826087,0.445652174,0.043478261,0.347826087,0.054347826,0.858695652,0.315217391,1.217391304,0.641304348,0.173913043,9.608695652,0.27173913,0.065217391,20656,92,0.516850525,0.93877551,0.696969697,1,32.146,11.83684431,10.1332343,-52.16270225,410.2608696,310.4891304,0,0,0,0,0,0,0,0
562861,250,0.833333333,0.214285714,0.30952381,0.107142857,0.226190476,0.130952381,3.464285714,2.369047619,0.071428571,0.226190476,0.05952381,0.083333333,5.404761905,0.392857143,0.083333333,0.511904762,0.047619048,0.142857143,0.404761905,0.011904762,0.30952381,0.130952381,0.714285714,0.345238095,1.119047619,1,0.30952381,10.4047619,0.321428571,0.273809524,20739,84,0.470858732,0.965517241,0.763636364,1,30.343,11.11179261,9.802919258,-28.85795389,320.25,312.3452381,0.684210526,3,243,246,251,0,0,0
562861,252,0.630434783,0.163043478,0.347826087,0.141304348,0.086956522,0.097826087,2.043478261,1.891304348,0.086956522,0.315217391,0.032608696,0.043478261,6.793478261,0.380434783,1.826086957,0.260869565,0.032608696,0.065217391,0.804347826,0.043478261,0.25,0.152173913,2.554347826,0.282608696,1.402173913,0.423913043,0.141304348,10.68478261,0.173913043,0.206521739,20905,92,0.608104376,0.929292929,0.643356643,1,32.899,12.24828078,9.723384449,-84.12525288,653.0869565,313.0652174,0,0,0,0,0,0,0,0
562861,253,0.365384615,0.211538462,0.701923077,0.028846154,0.086538462,0.057692308,1.519230769,1.894230769,0.038461538,0.365384615,0.057692308,0.048076923,3.509615385,0.317307692,0.096153846,0.326923077,0.076923077,0.067307692,0.201923077,0.009615385,0.288461538,0.163461538,5.836538462,0.240384615,0.413461538,0.423076923,0.134615385,7.951923077,0.144230769,0.134615385,20988,104,0.698181238,0.945454545,0.727272727,1,34.66,13.72113508,9.823249526,-22.35926778,455.7980769,312.3269231,0,0,0,0,0,0,0,0
562861,254,0.796875,0.125,0.3125,0.09375,0.171875,0.125,3.890625,3.234375,0.125,0.28125,0.0625,0.140625,21.125,0.625,1.03125,0.59375,0.140625,0.15625,0.671875,0.0625,0.5625,0.265625,10.515625,0.5625,2.390625,0.765625,0.234375,17.53125,0.203125,0.234375,21071,64,0.284777547,0.888888889,0.711111111,1,27.341,9.429708705,9.039258703,-21.81960338,214.203125,313.234375,0.727272727,3,259,265,266,0,0,0
562861,255,0.8,0.12,0.37,0.06,0.09,0.08,2.36,2.55,0.07,0.23,0.1,0.08,4.79,0.45,1.82,0.39,0.11,0.08,0.42,0.04,0.17,0.1,0.75,0.37,0.92,0.48,0.18,7.54,0.23,0.08,21154,100,0.601345944,0.952380952,0.699300699,1,33.37,12.72329391,10.16576896,11.04581501,247.2,313.99,0,0,0,0,0,0,0,0
562861,256,1.339622642,0.150943396,0.169811321,0.132075472,0.075471698,0.056603774,2.547169811,3.075471698,0.018867925,0.188679245,0.075471698,0.056603774,36.60377358,0.301886792,0.773584906,0.566037736,0.094339623,0.094339623,0.41509434,0.037735849,0.320754717,0.056603774,1.377358491,0.41509434,1.471698113,0.962264151,0.169811321,11.88679245,0.264150943,0.075471698,21237,53,0.498937986,0.85483871,0.588888889,1,26.878,9.386230972,8.13446153,-21.01572731,340.8679245,314.1886792,0.875,3,247,251,260,0,0,0
562861,257,0.80952381,0.226190476,0.404761905,0.119047619,0.154761905,0.107142857,2.654761905,3.166666667,0.05952381,0.285714286,0.047619048,0.035714286,7.154761905,0.642857143,0.166666667,0.428571429,0.142857143,0.047619048,0.488095238,0.023809524,0.369047619,0.071428571,3.773809524,0.357142857,1.273809524,0.476190476,0.202380952,10.64285714,0.214285714,0.214285714,21320,84,0.680218411,0.913043478,0.587412587,1,32.436,12.31988226,9.030590617,-32.57721989,434.1904762,313.6071429,0.452380952,1,262,0,0,0,0,0
562861,258,0.691358025,0.160493827,0.345679012,0.12345679,0.12345679,0.12345679,5.358024691,2.234567901,0.098765432,0.259259259,0.074074074,0.049382716,5.24691358,0.654320988,0.617283951,0.345679012,0.049382716,0.061728395,0.345679012,0.037037037,0.469135802,0.160493827,1.555555556,0.382716049,1.740740741,0.691358025,0.12345679,9.617283951,0.358024691,0.12345679,21403,81,0.527825335,0.952941176,0.736363636,1,31.096,11.15333567,9.473118433,2.709272265,199.3580247,313.9753086,0.605263158,2,259,264,0,0,0,0
562861,259,0.711111111,0.088888889,0.222222222,0.133333333,0.111111111,0.2,2.777777778,2.488888889,0.088888889,0.377777778,0,0.088888889,15.11111111,0.577777778,0.266666667,0.533333333,0.066666667,0.044444444,0.466666667,0,0.4,0.155555556,1.288888889,0.4,0.844444444,0.444444444,0.111111111,11.22222222,0.288888889,0.266666667,21486,45,0.668944988,0.9,0.714285714,1,22.842,9.052948488,6.729164475,-87.65200796,207.2222222,314.1777778,1,4,254,258,264,265,0,0
562861,260,0.677777778,0.133333333,0.466666667,0.1,0.155555556,0.133333333,2.388888889,2.133333333,0.1,0.266666667,0.088888889,0.066666667,12.16666667,0.533333333,1.3,0.522222222,0.1,0.066666667,0.777777778,0.066666667,0.411111111,0.111111111,0.588888889,0.311111111,0.888888889,0.622222222,0.144444444,12.95555556,0.311111111,0.177777778,21568,90,0.509488332,0.918367347,0.576923077,1,35.339,11.90176735,10.24120378,-73.2428953,334.6777778,318.9,0.577777778,3,247,251,256,0,0,0
562861,261,0.921052632,0.157894737,0.473684211,0.052631579,0.122807018,0.149122807,6.043859649,2.605263158,0.114035088,0.271929825,0.052631579,0.061403509,4.324561404,0.412280702,0.798245614,0.622807018,0.078947368,0.096491228,0.640350877,0.035087719,0.412280702,0.122807018,2.473684211,0.403508772,2.99122807,0.719298246,0.122807018,12.66666667,0.149122807,0.228070175,21651,114,0.486559035,0.926829268,0.730769231,1,36.645,13.01953065,11.37448302,57.81476629,567.2894737,316.0877193,0,0,0,0,0,0,0,0
562861,262,0.77037037,0.185185185,0.355555556,0.088888889,0.103703704,0.088888889,4.585185185,2.355555556,0.103703704,0.281481481,0.103703704,0.044444444,6,0.496296296,0.548148148,0.407407407,0.096296296,0.096296296,0.318518519,0.02962963,0.362962963,0.140740741,1.266666667,0.281481481,1.762962963,0.481481481,0.17037037,9.659259259,0.155555556,0.185185185,21734,135,0.584614704,0.957446809,0.692307692,1,39.92,14.76608092,11.97988487,24.40678342,425.4296296,319.1481481,0.346153846,1,257,0,0,0,0,0
562861,263,0.635416667,0.104166667,0.385416667,0.114583333,0.052083333,0.052083333,1.90625,1.958333333,0.0625,0.25,0.052083333,0.010416667,5.447916667,0.25,0.177083333,0.114583333,0.0625,0.0625,0.229166667,0,0.364583333,0.15625,0.833333333,0.25,0.625,0.447916667,0.21875,6.270833333,0.09375,0.197916667,21817,96,0.621178709,0.96,0.671328671,1,32.626,12.57676061,9.856016683,26.44803253,696.21875,318.2395833,0,0,0,0,0,0,0,0
562861,264,0.711340206,0.216494845,0.463917526,0.051546392,0.164948454,0.18556701,5.12371134,1.226804124,0.103092784,0.24742268,0.06185567,0.113402062,1.278350515,0.649484536,0.113402062,0.340206186,0.020618557,0.092783505,0.463917526,0.041237113,0.371134021,0.216494845,2.567010309,0.226804124,2.12371134,0.783505155,0.216494845,8.319587629,0.226804124,0.082474227,21900,97,0.843923724,0.91509434,0.718518519,1,38.018,15.53260326,8.332669808,2.798762327,200.6494845,321.9175258,0.695652174,5,258,259,265,270,273,0
562861,265,0.612244898,0.142857143,0.306122449,0.204081633,0.204081633,0.081632653,4.448979592,2.387755102,0.020408163,0.285714286,0.12244898,0.06122449,8.163265306,0.551020408,0.163265306,0.326530612,0.12244898,0.12244898,0.408163265,0.020408163,0.408163265,0.12244898,1.204081633,0.346938776,1.612244898,0.571428571,0.163265306,12.12244898,0.183673469,0.265306122,21983,49,0.507020546,0.924528302,0.765625,1,24.405,8.864037655,7.64021515,44.26269241,210.6938776,320.9387755,1,6,254,259,264,266,270,273
562861,266,0.584158416,0.148514851,0.405940594,0.168316832,0.059405941,0.089108911,3.326732673,2.247524752,0.059405941,0.267326733,0.069306931,0.059405941,17.08910891,0.613861386,0.217821782,0.564356436,0.079207921,0.108910891,0.465346535,0,0.415841584,0.138613861,0.95049505,0.366336634,1.633663366,0.792079208,0.128712871,12.62376238,0.287128713,0.128712871,22066,101,0.50680782,0.901785714,0.647435897,1,36.43,12.52809518,10.79995803,71.25117778,219.3960396,320.8613861,0.681818182,3,254,265,270,0,0,0
562861,267,0.635514019,0.112149533,0.38317757,0.037383178,0.093457944,0.102803738,2.429906542,2.635514019,0.130841121,0.252336449,0.037383178,0.056074766,5.710280374,0.411214953,0.056074766,0.420560748,0.065420561,0.074766355,0.457943925,0.046728972,0.345794393,0.196261682,1.046728972,0.299065421,0.700934579,0.607476636,0.112149533,7.91588785,0.214953271,0.14953271,22149,107,0.60725525,0.955357143,0.685897436,1,34.958,13.20855354,10.49428566,24.78615356,51.34579439,328.317757,0,0,0,0,0,0,0,0
562861,268,0.628318584,0.17699115,0.424778761,0.053097345,0.14159292,0.079646018,2.097345133,2.300884956,0.044247788,0.212389381,0.07079646,0.03539823,7.353982301,0.371681416,0.221238938,0.221238938,0.079646018,0.03539823,0.283185841,0,0.345132743,0.088495575,0.433628319,0.247787611,0.787610619,0.451327434,0.115044248,6.787610619,0.14159292,0.079646018,22232,113,0.64339841,0.941666667,0.684848485,1,37.216,13.84142194,10.59604458,-3.369831907,349.8053097,327.2212389,0,0,0,0,0,0,0,0
562861,269,0.746987952,0.13253012,0.493975904,0.108433735,0.168674699,0.096385542,2.13253012,2.421686747,0.048192771,0.192771084,0.048192771,0.084337349,5.240963855,0.506024096,0.710843373,0.457831325,0.13253012,0.060240964,0.831325301,0.024096386,0.385542169,0.072289157,0.86746988,0.301204819,0.686746988,0.78313253,0.180722892,10.20481928,0.277108434,0.204819277,22315,83,0.606222072,0.976470588,0.754545455,1,30.798,11.70507026,9.308988727,33.88482781,579.7228916,327.0481928,0.540540541,2,272,276,0,0,0,0
562861,270,0.671232877,0.191780822,0.369863014,0.150684932,0.054794521,0.095890411,2.876712329,1.342465753,0.109589041,0.219178082,0.04109589,0.068493151,4.438356164,0.328767123,0.945205479,0.369863014,0.068493151,0.150684932,0.657534247,0.054794521,0.438356164,0.095890411,0.602739726,0.383561644,0.589041096,0.589041096,0.178082192,8.068493151,0.301369863,0.082191781,22398,73,0.660955352,0.879518072,0.608333333,1,31.104,11.63976989,8.734776969,-13.19153895,214,328.4520548,0.825,4,264,265,266,273,0,0
562861,271,0.694267516,0.248407643,0.573248408,0.101910828,0.159235669,0.171974522,2.50955414,3.006369427,0.031847134,0.592356688,0.152866242,0.101910828,3.617834395,0.433121019,13.0955414,0.363057325,0.108280255,0.076433121,1.01910828,0.006369427,0.356687898,0.140127389,2.025477707,0.305732484,2.649681529,0.853503185,0.222929936,11.14649682,0.242038217,0.171974522,22481,157,0.731918635,0.951515152,0.769607843,1,43.17,17.21606207,11.73088765,0.393525611,290.7770701,329.6942675,0,0,0,0,0,0,0,0
562861,272,1,0.162162162,0.135135135,0.094594595,0.081081081,0.121621622,2.324324324,2.513513514,0.094594595,0.27027027,0.054054054,0.067567568,4.135135135,0.391891892,0.716216216,0.324324324,0.027027027,0.013513514,0.459459459,0,0.310810811,0.094594595,0.932432432,0.27027027,1.013513514,0.472972973,0.108108108,7.662162162,0.175675676,0.054054054,22564,74,0.658804487,0.925,0.672727273,1,29.417,11.44165041,8.607716023,-62.8143927,588.1486486,329.472973,0.621621622,2,269,276,0,0,0,0
562861,273,0.397435897,0.179487179,0.307692308,0.012820513,0.102564103,0.115384615,2.512820513,1.474358974,0.064102564,0.333333333,0.025641026,0.025641026,3.948717949,0.294871795,1.025641026,0.243589744,0.012820513,0.064102564,0.820512821,0,0.333333333,0.076923077,0.653846154,0.192307692,0.666666667,0.551282051,0.064102564,7.012820513,0.346153846,0.102564103,22647,78,0.703227879,0.928571429,0.6,1,31.303,12.15134678,8.639176443,-21.10158712,205.5641026,331.4871795,0.975,4,264,265,270,277,0,0
562861,274,1.232323232,0.141414141,0.262626263,0.050505051,0.131313131,0.121212121,2.696969697,2.01010101,0.070707071,0.202020202,0.080808081,0.050505051,8.666666667,0.262626263,0.242424242,0.353535354,0.050505051,0.060606061,0.242424242,0,0.424242424,0.090909091,0.646464646,0.252525253,0.676767677,0.262626263,0.131313131,7.939393939,0.171717172,0.101010101,22730,99,0.513513474,0.961165049,0.75,1,32.882,12.2000027,10.46859698,-3.072984754,794.6666667,330.2121212,0,0,0,0,0,0,0,0
562861,275,2.163934426,0.147540984,0.31147541,0.098360656,0.073770492,0.073770492,2.139344262,2.262295082,0.081967213,0.229508197,0.049180328,0.06557377,12.40163934,0.385245902,0.68852459,0.245901639,0.040983607,0.081967213,0.409836066,0,0.418032787,0.147540984,8.352459016,0.491803279,0.93442623,0.418032787,0.155737705,10.45081967,0.18852459,0.196721311,22813,122,0.79779515,0.938461538,0.625641026,1,38.903,16.18457202,9.758141383,61.33571578,443.8852459,332.1393443,0,0,0,0,0,0,0,0
562861,276,1.209090909,0.136363636,0.363636364,0.1,0.109090909,0.090909091,4.3,2.927272727,0.090909091,0.318181818,0.072727273,0.054545455,7.236363636,0.536363636,0.3,0.354545455,0.1,0.145454545,0.390909091,0.009090909,0.454545455,0.181818182,1.218181818,0.481818182,1.481818182,0.554545455,0.154545455,14.63636364,0.3,0.136363636,22896,110,0.807842786,0.94017094,0.6875,1,37.009,15.5806955,9.183231176,-15.79923969,582.4363636,336.2636364,0.489361702,2,269,272,0,0,0,0
562861,277,0.558823529,0.132352941,0.205882353,0.088235294,0.132352941,0.029411765,4.264705882,1.955882353,0.029411765,0.308823529,0.073529412,0.044117647,8.470588235,0.779411765,0.176470588,0.338235294,0.147058824,0.132352941,0.264705882,0,0.294117647,0.147058824,5.323529412,0.323529412,0.720588235,0.426470588,0.176470588,6.205882353,0.132352941,0.161764706,22979,68,0.794249034,0.871794872,0.515151515,1,31.485,12.81587107,7.786825301,-47.64814552,199.8235294,335.8529412,0.902439024,2,273,280,0,0,0,0
562861,278,0.955882353,0.147058824,0.5,0.147058824,0.132352941,0.191176471,6.985294118,2.279411765,0.147058824,0.220588235,0.058823529,0.058823529,2.676470588,0.397058824,0.220588235,0.470588235,0.117647059,0.088235294,0.455882353,0.088235294,0.455882353,0.161764706,5.367647059,0.441176471,2.235294118,0.852941176,0.235294118,15.11764706,0.25,0.323529412,23062,68,0.822331886,0.85,0.653846154,1,30.732,12.9439217,7.365196887,-84.39633803,501.0882353,337.8676471,0.526315789,1,279,0,0,0,0,0
562861,279,1.253164557,0.164556962,0.316455696,0.101265823,0.215189873,0.215189873,8.265822785,2.544303797,0.113924051,0.240506329,0.164556962,0.075949367,4.35443038,0.481012658,0.113924051,0.506329114,0.063291139,0.101265823,0.240506329,0.101265823,0.481012658,0.265822785,10.82278481,0.253164557,2.443037975,0.810126582,0.215189873,13.27848101,0.265822785,0.253164557,23145,79,0.616005266,0.975308642,0.731481481,1,29.971,11.55075266,9.099013399,-83.23520599,494.4683544,337.6962025,0.526315789,1,278,0,0,0,0,0
562861,280,0.506097561,0.158536585,0.43902439,0.06097561,0.140243902,0.073170732,2.780487805,1.884146341,0.030487805,0.323170732,0.079268293,0.042682927,8.932926829,0.43902439,0.213414634,0.353658537,0.103658537,0.048780488,0.304878049,0.012195122,0.451219512,0.268292683,7.567073171,0.323170732,0.542682927,0.75,0.182926829,11.48170732,0.280487805,0.140243902,23228,164,0.681802032,0.931818182,0.650793651,1,46.561,17.29579687,12.65251071,19.71316903,190.4390244,339.9390244,0.338983051,1,277,0,0,0,0,0
562861,281,0.79047619,0.123809524,0.342857143,0.095238095,0.180952381,0.047619048,1.647619048,2,0.00952381,0.161904762,0.152380952,0.028571429,4.304761905,0.342857143,0.142857143,0.142857143,0.057142857,0.057142857,0.304761905,0,0.276190476,0.133333333,0.733333333,0.323809524,0.723809524,0.514285714,0.152380952,7.066666667,0.171428571,0.095238095,23311,105,0.563511763,0.963302752,0.673076923,1,34.495,12.85759295,10.6217609,44.29507561,233.1333333,339.9428571,0.066666667,1,286,0,0,0,0,0
562861,282,0.798076923,0.192307692,0.557692308,0.076923077,0.105769231,0.057692308,2.451923077,2.365384615,0.096153846,0.221153846,0.057692308,0.009615385,8.625,0.326923077,0.375,0.451923077,0.057692308,0.067307692,0.346153846,0.019230769,0.413461538,0.067307692,0.615384615,0.317307692,0.644230769,0.461538462,0.105769231,8.903846154,0.240384615,0.115384615,23394,104,0.508296992,0.912280702,0.666666667,1,36.554,12.76882442,10.99627975,22.34705526,607.1826923,340.1730769,0,0,0,0,0,0,0,0
562861,283,0.29787234,0.212765957,0.521276596,0.095744681,0.053191489,0.14893617,1.287234043,1.914893617,0.063829787,0.138297872,0.074468085,0.042553191,2.382978723,0.265957447,1.670212766,0.35106383,0.053191489,0.085106383,0.382978723,0.021276596,0.29787234,0.191489362,4.872340426,0.234042553,0.436170213,0.659574468,0.212765957,7.627659574,0.085106383,0.138297872,23476,94,0.518897603,0.959183673,0.783333333,1,31.658,11.89552631,10.16872893,0,80.5,343.2978723,0,0,0,0,0,0,0,0
562861,284,0.989130435,0.108695652,0.173913043,0.054347826,0.130434783,0.032608696,2.989130435,1.804347826,0.065217391,0.152173913,0.054347826,0.032608696,7.326086957,0.315217391,0.47826087,0.347826087,0.119565217,0.043478261,0.336956522,0.010869565,0.260869565,0.054347826,0.456521739,0.293478261,0.695652174,0.347826087,0.152173913,4.673913043,0.141304348,0.141304348,23559,92,0.655799985,0.93877551,0.643356643,1,32.535,12.55701397,9.479725394,29.9821499,371.0652174,345.1304348,0,0,0,0,0,0,0,0
562861,285,0.713114754,0.131147541,0.262295082,0.073770492,0.114754098,0.12295082,2.18852459,1.672131148,0.106557377,0.262295082,0.049180328,0.057377049,6.278688525,0.229508197,0.131147541,0.418032787,0.081967213,0.049180328,0.319672131,0.016393443,0.221311475,0.139344262,4.491803279,0.31147541,0.745901639,0.483606557,0.12295082,6.926229508,0.172131148,0.098360656,23642,122,0.822414495,0.93129771,0.652406417,1,40.863,16.80455508,9.559922158,-14.30196139,287.4508197,349.7704918,0,0,0,0,0,0,0,0
562861,286,1.033898305,0.194915254,0.254237288,0.06779661,0.144067797,0.093220339,3.618644068,2.423728814,0.13559322,0.322033898,0.059322034,0.076271186,3.322033898,0.389830508,0.838983051,0.389830508,0.076271186,0.06779661,0.677966102,0.033898305,0.398305085,0.110169492,3.923728814,0.338983051,1.127118644,0.779661017,0.144067797,10.6779661,0.237288136,0.228813559,23725,118,0.627220792,0.951612903,0.766233766,1,36.893,13.98421812,10.89148939,-68.10244805,224.1610169,351.5084746,0.066666667,1,281,0,0,0,0,0
562861,287,0.687830688,0.174603175,0.349206349,0.063492063,0.105820106,0.121693122,3.084656085,2.137566138,0.095238095,0.291005291,0.068783069,0.058201058,8.830687831,0.35978836,0.185185185,0.386243386,0.042328042,0.058201058,0.439153439,0.015873016,0.465608466,0.164021164,0.867724868,0.333333333,1.222222222,0.576719577,0.158730159,11.69312169,0.201058201,0.132275132,23808,189,0.655309252,0.949748744,0.75,1,49.654,18.07419894,13.65253954,-23.51528475,470.6772487,354.3650794,0,0,0,0,0,0,0,0
562861,288,0.8,0.136842105,0.252631579,0.073684211,0.094736842,0.052631579,2.747368421,1.884210526,0.073684211,0.357894737,0.031578947,0.084210526,4.915789474,0.315789474,1.021052632,0.389473684,0.105263158,0.105263158,0.463157895,0.021052632,0.231578947,0.136842105,0.4,0.336842105,0.652631579,0.421052632,0.157894737,7.8,0.2,0.042105263,23891,95,0.46813694,0.95959596,0.664335664,1,32.626,11.80169852,10.4286409,77.78628499,98.25263158,355.8947368,0,0,0,0,0,0,0,0
562861,289,0.815217391,0.173913043,0.282608696,0.054347826,0.086956522,0.076086957,2.119565217,2.206521739,0.076086957,0.163043478,0.010869565,0.065217391,6.173913043,0.391304348,0.326086957,0.25,0.054347826,0.010869565,0.467391304,0,0.293478261,0.141304348,0.358695652,0.282608696,0.554347826,0.304347826,0.152173913,5.054347826,0.130434783,0.097826087,23974,92,0.665446612,0.93877551,0.707692308,1,32.146,12.63023242,9.427779494,7.856440666,626,364.5,0,0,0,0,0,0,0,0
562861,290,0.96875,0.213541667,0.328125,0.09375,0.125,0.098958333,4,2.515625,0.052083333,0.395833333,0.083333333,0.041666667,9.713541667,0.692708333,1.15625,0.526041667,0.130208333,0.166666667,0.671875,0.036458333,0.484375,0.203125,2.541666667,0.411458333,1.932291667,0.796875,0.145833333,12.28645833,0.307291667,0.197916667,24057,192,0.697867468,0.955223881,0.705882353,1,48.248,18.5689675,13.29959435,55.92935889,64.76041667,365.0625,0.37704918,2,292,296,0,0,0,0
562861,291,0.902912621,0.213592233,0.398058252,0.126213592,0.174757282,0.145631068,1.611650485,2.213592233,0.038834951,0.213592233,0.009708738,0.097087379,7.533980583,0.359223301,0.087378641,0.330097087,0.116504854,0.038834951,0.242718447,0.029126214,0.368932039,0.077669903,1,0.349514563,0.427184466,0.339805825,0.155339806,6.40776699,0.27184466,0.155339806,24140,103,0.526246015,0.953703704,0.72027972,1,33.825,12.50967893,10.63738487,-3.57833601,490.5048544,372.2427184,0,0,0,0,0,0,0,0
562861,292,0.707865169,0.112359551,0.258426966,0.101123596,0.04494382,0.112359551,2.584269663,2.08988764,0.078651685,0.123595506,0.04494382,0.101123596,6.685393258,0.224719101,1.584269663,0.359550562,0.033707865,0.06741573,0.337078652,0.011235955,0.224719101,0.06741573,0.573033708,0.235955056,1.08988764,0.662921348,0.146067416,9.393258427,0.179775281,0.168539326,24223,89,0.59365056,0.917525773,0.577922078,1,33.85,12.29978991,9.897923117,-11.64490017,69.4494382,375.5842697,0.666666667,2,290,296,0,0,0,0
562861,293,1.26,0.22,0.45,0.14,0.1,0.08,5.47,2.74,0.12,0.34,0.07,0.09,9.74,0.56,1.91,0.48,0.12,0.15,0.77,0.07,0.41,0.2,2.56,0.41,2.38,0.67,0.14,11.37,0.3,0.18,24306,100,0.622657611,0.952380952,0.714285714,1,35.206,13.00376831,10.17537599,-10.34733294,650.63,373.2,0.511627907,2,294,299,0,0,0,0
562861,294,0.979452055,0.102739726,0.246575342,0.068493151,0.068493151,0.109589041,3.047945205,1.97260274,0.089041096,0.130136986,0.047945205,0.089041096,17.7739726,0.376712329,0.219178082,0.294520548,0.061643836,0.061643836,0.205479452,0.006849315,0.260273973,0.164383562,0.705479452,0.280821918,0.767123288,0.308219178,0.164383562,6.95890411,0.136986301,0.109589041,24389,146,0.599151701,0.906832298,0.613445378,1,44.13,15.59168577,12.48325748,18.89904579,662.2671233,375.4109589,0.464285714,2,293,299,0,0,0,0
562861,295,0.959016393,0.163934426,0.418032787,0.057377049,0.098360656,0.032786885,3.508196721,2.278688525,0.098360656,0.303278689,0.016393443,0.049180328,5.827868852,0.319672131,0.663934426,0.352459016,0.049180328,0.06557377,0.229508197,0.008196721,0.286885246,0.147540984,1.573770492,0.270491803,1.467213115,0.557377049,0.163934426,8.385245902,0.213114754,0.090163934,24472,122,0.682856835,0.960629921,0.739393939,1,38.225,14.65653387,10.70736332,17.61512018,209.647541,377.0163934,0,0,0,0,0,0,0,0
562861,296,0.540540541,0.162162162,0.324324324,0.054054054,0.063063063,0.045045045,2.711711712,2.513513514,0.054054054,0.189189189,0.036036036,0.045045045,5.783783784,0.306306306,0.243243243,0.297297297,0.054054054,0.081081081,0.351351351,0.018018018,0.243243243,0.153153153,0.495495495,0.162162162,0.603603604,0.54954955,0.135135135,7.414414414,0.216216216,0.081081081,24555,111,0.831830508,0.917355372,0.616666667,1,39.267,16.41808214,9.112523766,-24.90159171,59.55855856,378.1261261,0.450980392,2,290,292,0,0,0,0
562861,297,1.143884892,0.136690647,0.309352518,0.064748201,0.143884892,0.158273381,2.151079137,1.805755396,0.079136691,0.208633094,0.100719424,0.064748201,7.460431655,0.273381295,0.201438849,0.230215827,0.050359712,0.035971223,0.352517986,0.021582734,0.316546763,0.100719424,0.54676259,0.302158273,0.517985612,0.438848921,0.172661871,7.928057554,0.179856115,0.172661871,24638,139,0.697607082,0.952054795,0.712820513,1,40.565,15.8300951,11.34195503,-35.17235517,178.971223,379.2158273,0,0,0,0,0,0,0,0
562861,298,0.650485437,0.145631068,0.223300971,0.097087379,0.194174757,0.116504854,3.310679612,2.203883495,0.087378641,0.223300971,0.087378641,0.077669903,9.019417476,0.349514563,1.242718447,0.378640777,0.058252427,0.087378641,1.194174757,0.038834951,0.436893204,0.097087379,0.805825243,0.310679612,1.262135922,0.621359223,0.145631068,9.961165049,0.291262136,0.13592233,24721,103,0.728294147,0.953703704,0.735714286,1,34.379,13.91088002,9.532634281,19.58997136,326.592233,383.6019417,0,0,0,0,0,0,0,0
562861,299,0.985915493,0.161971831,0.35915493,0.126760563,0.091549296,0.084507042,2.943661972,2.556338028,0.105633803,0.246478873,0.112676056,0.112676056,7.795774648,0.5,0.584507042,0.352112676,0.084507042,0.028169014,0.507042254,0.035211268,0.38028169,0.112676056,0.774647887,0.352112676,0.76056338,0.5,0.169014085,9.535211268,0.204225352,0.14084507,24804,142,0.766250886,0.953020134,0.717171717,1,42.881,16.99190246,10.91800249,-10.22189891,653.3732394,384.5140845,0.423076923,2,293,294,0,0,0,0
562861,300,0.747663551,0.242990654,0.373831776,0.074766355,0.121495327,0.028037383,5.738317757,2.308411215,0.112149533,0.242990654,0.074766355,0.112149533,7.093457944,0.495327103,1.14953271,0.411214953,0.074766355,0.093457944,0.654205607,0.009345794,0.317757009,0.14953271,2.23364486,0.252336449,2.691588785,0.542056075,0.14953271,10.57009346,0.23364486,0.140186916,24887,107,0.371504521,0.946902655,0.633136095,1,35.992,12.28554454,11.40628219,5.891670428,569.9906542,387.7757009,0.340425532,1,309,0,0,0,0,0
562861,301,0.892086331,0.366906475,0.395683453,0.107913669,0.143884892,0.100719424,2.474820144,3.136690647,0.064748201,0.388489209,0.079136691,0.007194245,7.330935252,0.45323741,0.143884892,0.496402878,0.09352518,0.079136691,0.345323741,0.007194245,0.410071942,0.223021583,0.870503597,0.402877698,0.834532374,0.726618705,0.244604317,9.942446043,0.26618705,0.258992806,24970,139,0.649844024,0.952054795,0.712820513,1,40.375,15.39094717,11.69816016,-49.9402177,226.6043165,389.2014388,0.254901961,1,303,0,0,0,0,0
562861,302,0.795698925,0.161290323,0.311827957,0.064516129,0.129032258,0.086021505,2.634408602,2.612903226,0.043010753,0.290322581,0.096774194,0.021505376,6.408602151,0.387096774,0.451612903,0.559139785,0.043010753,0.086021505,0.333333333,0.021505376,0.301075269,0.086021505,0.741935484,0.290322581,0.806451613,0.505376344,0.150537634,8.043010753,0.247311828,0.290322581,25053,93,0.788675928,0.93,0.664285714,1,34.47,14.06109747,8.644891256,81.61909065,533.6236559,392.3978495,0.619047619,4,305,308,314,315,0,0
562861,303,0.98,0.1,0.36,0.13,0.07,0.16,2.18,2.74,0.06,0.23,0.03,0.05,8.68,0.32,0.15,0.38,0.05,0.05,0.23,0.01,0.41,0.18,0.52,0.44,0.71,0.37,0.22,8.75,0.26,0.11,25136,100,0.738927035,0.934579439,0.699300699,1,34.106,13.87562163,9.349192005,64.92645595,238.02,391.1,0.295454545,1,301,0,0,0,0,0
562861,304,0.584269663,0.157303371,0.516853933,0.06741573,0.146067416,0.123595506,1.247191011,2.730337079,0.02247191,0.134831461,0.123595506,0.078651685,3.853932584,0.415730337,7.606741573,0.325842697,0.056179775,0.123595506,1.191011236,0.02247191,0.292134831,0.08988764,3.842696629,0.179775281,1.247191011,0.584269663,0.134831461,8.808988764,0.123595506,0.146067416,25219,89,0.543167241,0.956989247,0.674242424,1,31.311,11.71487164,9.836093578,30.96190699,347.2022472,392.7977528,0,0,0,0,0,0,0,0
562861,305,0.661971831,0.267605634,0.408450704,0.056338028,0.126760563,0.14084507,5.197183099,3.323943662,0.084507042,0.436619718,0.042253521,0.084507042,5.971830986,0.464788732,0.154929577,0.394366197,0.084507042,0,0.323943662,0,0.507042254,0.14084507,6.732394366,0.591549296,1.408450704,0.352112676,0.112676056,8.943661972,0.154929577,0.267605634,25301,71,0.566556779,0.855421687,0.645454545,1,31.931,11.2277423,9.251914569,0.597774414,541.5633803,392.971831,0.789473684,3,302,308,315,0,0,0
562861,306,0.789473684,0.210526316,0.4,0.115789474,0.115789474,0.094736842,2.505263158,2.515789474,0.094736842,0.2,0.063157895,0.063157895,4.473684211,0.4,7.231578947,0.421052632,0.105263158,0.063157895,0.821052632,0,0.336842105,0.189473684,5.768421053,0.378947368,2.726315789,0.915789474,0.252631579,10,0.168421053,0.221052632,25384,95,0.691764235,0.931372549,0.730769231,1,34.371,13.08070611,9.44588432,-16.2989637,425.1157895,396.0947368,0.43902439,2,307,313,0,0,0,0
562861,307,0.655172414,0.16091954,0.275862069,0.137931034,0.114942529,0.068965517,5.114942529,2.816091954,0.16091954,0.218390805,0.114942529,0.126436782,4.413793103,0.551724138,0.195402299,0.471264368,0.103448276,0.045977011,0.32183908,0.022988506,0.356321839,0.252873563,8.287356322,0.436781609,1.873563218,0.712643678,0.172413793,10.83908046,0.195402299,0.183908046,25467,87,0.396270066,0.966666667,0.719008264,1,30.914,11.06077213,10.15527092,64.96009739,412.6321839,398.091954,0.435897436,2,306,313,0,0,0,0
562861,308,0.52,0.12,0.34,0.08,0.2,0.06,2.48,1.96,0.18,0.2,0.1,0.04,3.54,0.36,1.9,0.38,0.06,0.16,0.88,0.02,0.4,0.08,0.58,0.44,0.86,0.52,0.08,7.26,0.32,0.12,25550,50,0.855470965,0.833333333,0.549450549,1,30.616,11.89182005,6.158188261,-6.366247216,544.62,398.56,1,4,302,305,309,315,0,0
562861,309,0.826530612,0.107142857,0.260204082,0.040816327,0.12755102,0.091836735,4.423469388,2.102040816,0.102040816,0.244897959,0.045918367,0.076530612,17.96428571,0.413265306,0.244897959,0.397959184,0.040816327,0.056122449,0.306122449,0.025510204,0.31122449,0.066326531,0.68877551,0.290816327,1.173469388,0.612244898,0.137755102,9.933673469,0.198979592,0.142857143,25633,196,0.737872329,0.920187793,0.653333333,1,51.697,19.65421787,13.26542396,5.26364083,561.8112245,397.0714286,0.615384615,3,300,308,321,0,0,0
562861,310,1.459259259,0.118518519,0.22962963,0.051851852,0.125925926,0.103703704,3.051851852,1.933333333,0.059259259,0.259259259,0.059259259,0.066666667,6.681481481,0.377777778,0.37037037,0.303703704,0.059259259,0.059259259,0.185185185,0.02962963,0.362962963,0.162962963,5.103703704,0.259259259,1.037037037,0.355555556,0.059259259,6.896296296,0.162962963,0.088888889,25716,135,0.733083476,0.957446809,0.68877551,1,40.747,16.15822058,10.98983074,-42.5380646,100.3037037,400.6888889,0.442307692,2,319,323,0,0,0,0
562861,311,0.974358974,0.115384615,0.217948718,0.038461538,0.08974359,0.08974359,2.820512821,2.256410256,0.064102564,0.217948718,0.025641026,0.038461538,4.5,0.282051282,0.166666667,0.333333333,0.051282051,0.038461538,0.230769231,0.076923077,0.269230769,0.08974359,0.551282051,0.192307692,0.628205128,0.448717949,0.166666667,6.794871795,0.269230769,0.141025641,25799,78,0.763504121,0.917647059,0.590909091,1,31.683,12.72057887,8.214987433,42.5425641,188.8076923,401.7948718,0.487804878,1,317,0,0,0,0,0
562861,312,1.095744681,0.085106383,0.170212766,0.053191489,0.138297872,0.053191489,4.617021277,1.680851064,0.159574468,0.127659574,0.010638298,0.031914894,7.829787234,0.382978723,0.20212766,0.234042553,0.042553191,0.053191489,0.244680851,0.031914894,0.329787234,0.106382979,3.840425532,0.319148936,1.382978723,0.414893617,0.138297872,9.5,0.159574468,0.106382979,25882,94,0.54733544,0.959183673,0.712121212,1,32.047,12.03868013,10.07533183,36.14109197,354.0319149,403.8297872,0,0,0,0,0,0,0,0
562861,314,0.645669291,0.165354331,0.511811024,0.133858268,0.236220472,0.094488189,4.299212598,2.68503937,0.094488189,0.220472441,0.11023622,0.031496063,4.448818898,0.488188976,2.023622047,0.385826772,0.070866142,0.11023622,1.464566929,0.039370079,0.37007874,0.094488189,0.811023622,0.440944882,1.984251969,0.661417323,0.181102362,12.03937008,0.267716535,0.196850394,26048,127,0.418075499,0.940740741,0.697802198,1,38.233,13.43537359,12.20485841,-44.48835625,525.1181102,401.6535433,0.183673469,1,302,0,0,0,0,0
562861,315,0.712643678,0.137931034,0.195402299,0.057471264,0.183908046,0.137931034,2.793103448,1.482758621,0.045977011,0.16091954,0.045977011,0.057471264,6.103448276,0.229885057,3.045977011,0.459770115,0.091954023,0.068965517,0.712643678,0,0.287356322,0.103448276,0.643678161,0.252873563,0.850574713,0.91954023,0.137931034,7.83908046,0.287356322,0.103448276,26131,87,0.743136609,0.887755102,0.621428571,1,34.743,13.41139798,8.974099241,-16.79430684,540.8045977,403.4942529,0.5,3,302,305,308,0,0,0
562861,316,0.995049505,0.173267327,0.287128713,0.084158416,0.108910891,0.03960396,3.02970297,1.935643564,0.099009901,0.262376238,0.064356436,0.084158416,11.98019802,0.405940594,0.45049505,0.381188119,0.074257426,0.054455446,0.311881188,0.054455446,0.346534653,0.113861386,0.712871287,0.287128713,1.202970297,0.445544554,0.148514851,7.638613861,0.143564356,0.079207921,26214,202,0.692181071,0.952830189,0.63125,1,52.921,19.49042916,14.06670824,-64.79256166,793.5445545,405.3960396,0,0,0,0,0,0,0,0
562861,317,0.792,0.192,0.496,0.096,0.112,0.072,3.128,2.48,0.056,0.168,0.104,0.072,4.84,0.504,0.312,0.328,0.032,0.04,0.4,0.016,0.32,0.232,1.944,0.312,1.056,0.648,0.224,8.968,0.24,0.224,26297,125,0.669513888,0.919117647,0.600961538,1,40.4,14.89805587,11.06626902,67.53711243,195.608,406.848,0.653846154,2,311,329,0,0,0,0
562861,318,0.743801653,0.198347107,0.396694215,0.115702479,0.049586777,0.074380165,2.685950413,2.305785124,0.115702479,0.20661157,0.074380165,0.049586777,6.355371901,0.314049587,0.421487603,0.305785124,0.132231405,0.074380165,0.719008264,0.033057851,0.347107438,0.05785124,0.702479339,0.619834711,0.636363636,0.371900826,0.140495868,8.32231405,0.239669421,0.066115702,26380,121,0.753973996,0.96031746,0.75625,1,37.745,15.38225333,10.10466782,5.733112254,674.5950413,404.4876033,0,0,0,0,0,0,0,0
562861,319,1.147058824,0.169117647,0.551470588,0.110294118,0.102941176,0.102941176,3.536764706,2.316176471,0.080882353,0.448529412,0.125,0.051470588,7.536764706,0.522058824,0.132352941,0.272058824,0.080882353,0.102941176,0.227941176,0.044117647,0.404411765,0.227941176,5.397058824,0.316176471,0.742647059,0.639705882,0.205882353,11.83823529,0.227941176,0.095588235,26463,136,0.759263813,0.918918919,0.604444444,1,42.269,16.62859552,10.82160662,44.14589316,111.9558824,403.6397059,0.444444444,2,310,328,0,0,0,0
562861,320,0.430107527,0.150537634,0.376344086,0.086021505,0.086021505,0.053763441,1.623655914,2.301075269,0.086021505,0.290322581,0.096774194,0.043010753,3.397849462,0.419354839,0.64516129,0.344086022,0.064516129,0.075268817,0.408602151,0,0.333333333,0.096774194,2.76344086,0.365591398,0.440860215,0.602150538,0.150537634,8.752688172,0.129032258,0.11827957,26546,93,0.678551935,0.948979592,0.715384615,1,32.601,12.90771568,9.481393908,14.06737222,213.6774194,406.7956989,0.5,2,325,329,0,0,0,0
562861,321,1.06122449,0.142857143,0.238095238,0.12244898,0.183673469,0.088435374,3.863945578,1.931972789,0.115646259,0.19047619,0.06122449,0.054421769,18.16326531,0.326530612,0.19047619,0.272108844,0.047619048,0.088435374,0.299319728,0.040816327,0.319727891,0.108843537,0.619047619,0.231292517,1.639455782,0.476190476,0.108843537,10.65306122,0.217687075,0.19047619,26629,147,0.784114328,0.948387097,0.720588235,1,43.832,17.56865122,10.90339313,-19.85452801,560.3741497,407.7278912,0.654545455,2,309,326,0,0,0,0
562861,322,0.674074074,0.118518519,0.414814815,0.088888889,0.162962963,0.118518519,2.081481481,2.577777778,0.074074074,0.392592593,0.051851852,0.051851852,5.296296296,0.481481481,0.155555556,0.488888889,0.111111111,0.044444444,0.414814815,0.014814815,0.340740741,0.148148148,0.688888889,0.325925926,0.777777778,0.703703704,0.140740741,10.07407407,0.311111111,0.17037037,26712,135,0.702220873,0.944055944,0.767045455,1,40.077,15.64485104,11.138495,2.649359507,710.4962963,407.9555556,0,0,0,0,0,0,0,0
562861,323,0.835164835,0.153846154,0.505494505,0.087912088,0.065934066,0.087912088,3.054945055,3.494505495,0.076923077,0.384615385,0.021978022,0.043956044,5.857142857,0.648351648,0.131868132,0.384615385,0.087912088,0.076923077,0.362637363,0.010989011,0.450549451,0.120879121,0.769230769,0.483516484,0.692307692,0.395604396,0.098901099,8.978021978,0.175824176,0.131868132,26795,91,0.537482559,0.93814433,0.689393939,1,32.51,11.82610255,9.972655044,28.73939635,96.94505495,411.8241758,0.275,1,310,0,0,0,0,0
562861,324,1.087912088,0.153846154,0.472527473,0.054945055,0.076923077,0.175824176,5.626373626,2.318681319,0.098901099,0.307692308,0.054945055,0.021978022,5.32967033,0.527472527,0.681318681,0.406593407,0.054945055,0.065934066,0.417582418,0.021978022,0.384615385,0.10989011,1.967032967,0.340659341,1.351648352,0.604395604,0.10989011,9.802197802,0.263736264,0.197802198,26878,91,0.459866464,0.93814433,0.689393939,1,31.683,11.57014613,10.27415188,-25.62795767,123.7362637,413.032967,0.5,2,328,339,0,0,0,0
562861,325,0.552941176,0.070588235,0.388235294,0.105882353,0.164705882,0.117647059,2.152941176,2.129411765,0.082352941,0.282352941,0.035294118,0.035294118,4.282352941,0.282352941,0.141176471,0.305882353,0.070588235,0.047058824,0.282352941,0.011764706,0.305882353,0.094117647,0.835294118,0.211764706,0.658823529,0.811764706,0.105882353,10.07058824,0.258823529,0.141176471,26961,85,0.765058487,0.904255319,0.653846154,1,33.064,13.35986127,8.603226953,8.536452267,216.4352941,413.8235294,0.512195122,2,320,329,0,0,0,0
562861,326,0.822429907,0.242990654,0.280373832,0.08411215,0.168224299,0.08411215,2.719626168,2.224299065,0.093457944,0.261682243,0.065420561,0.074766355,11.46728972,0.504672897,1.018691589,0.364485981,0.093457944,0.121495327,0.654205607,0.018691589,0.392523364,0.121495327,1.345794393,0.271028037,1.672897196,0.663551402,0.317757009,10.57009346,0.345794393,0.186915888,27044,107,0.57951675,0.946902655,0.685897436,1,35.694,13.06691695,10.64901892,39.63175778,571.9719626,414.2056075,0.295454545,1,321,0,0,0,0,0
562861,327,0.565217391,0.119565217,0.326086957,0.032608696,0.119565217,0.097826087,1.52173913,2.086956522,0.032608696,0.173913043,0.02173913,0.02173913,3.793478261,0.369565217,0.456521739,0.304347826,0.076086957,0.097826087,0.467391304,0.032608696,0.304347826,0.119565217,6.576086957,0.184782609,0.434782609,0.47826087,0.141304348,8.086956522,0.282608696,0.086956522,27127,92,0.311255466,0.958333333,0.760330579,1,31.013,11.15921325,10.60489359,-45,466.8804348,412.8804348,0,0,0,0,0,0,0,0
562861,328,1.069767442,0.186046512,0.523255814,0.069767442,0.11627907,0.081395349,2.453488372,2.279069767,0.093023256,0.139534884,0.069767442,0.046511628,6.558139535,0.313953488,1.639534884,0.546511628,0.093023256,0.093023256,0.779069767,0.034883721,0.290697674,0.069767442,0.906976744,0.290697674,0.720930233,0.372093023,0.186046512,8.290697674,0.174418605,0.127906977,27209,86,0.652069918,0.934782609,0.597222222,1,32.816,12.37801948,9.384504861,-48.00883507,115.4186047,415.8023256,0.511627907,2,319,324,0,0,0,0
562861,329,0.505154639,0.175257732,0.257731959,0.103092784,0.103092784,0.030927835,2.268041237,2.195876289,0.082474227,0.206185567,0.010309278,0.041237113,3.422680412,0.484536082,0.134020619,0.268041237,0.06185567,0.072164948,0.288659794,0.041237113,0.206185567,0.092783505,0.762886598,0.278350515,0.422680412,0.515463918,0.134020619,8.360824742,0.206185567,0.144329897,27292,97,0.407375673,0.950980392,0.673611111,1,32.626,11.72089323,10.70423087,29.58261749,202.6804124,415.5051546,0.511627907,3,317,320,325,0,0,0
562861,330,0.731343284,0.104477612,0.447761194,0.119402985,0.074626866,0.044776119,2.179104478,1.47761194,0.089552239,0.104477612,0.044776119,0.134328358,3.985074627,0.328358209,0.074626866,0.328358209,0.014925373,0.044776119,0.358208955,0,0.179104478,0.029850746,0.567164179,0.298507463,0.388059701,0.402985075,0.253731343,7.686567164,0.194029851,0.179104478,27375,67,0.735484687,0.957142857,0.697916667,1,27.829,11.44405546,7.75382074,-85.69157135,301.8208955,418.2686567,0.583333333,1,331,0,0,0,0,0
562861,331,0.850877193,0.122807018,0.298245614,0.070175439,0.087719298,0.043859649,2.798245614,1.578947368,0.078947368,0.105263158,0.035087719,0.026315789,6.5,0.192982456,0.210526316,0.289473684,0.070175439,0.052631579,0.236842105,0.035087719,0.192982456,0.052631579,0.526315789,0.210526316,0.868421053,0.377192982,0.114035088,5.815789474,0.105263158,0.078947368,27458,114,0.753553331,0.857142857,0.633333333,1,40.375,15.6725884,10.30295241,76.65686032,308.8070175,418.9473684,0.411764706,1,330,0,0,0,0,0
562861,332,0.386363636,0.113636364,0.329545455,0.068181818,0.056818182,0.056818182,2.886363636,2.863636364,0.090909091,0.25,0.056818182,0.056818182,3.590909091,0.284090909,0.113636364,0.443181818,0.090909091,0.011363636,0.261363636,0.011363636,0.386363636,0.136363636,0.784090909,0.272727273,0.579545455,0.545454545,0.170454545,8.727272727,0.159090909,0.147727273,27541,88,0.495331364,0.956521739,0.733333333,1,30.368,11.42034336,9.920899275,0,422.5,418.5,0,0,0,0,0,0,0,0
562861,333,1.24137931,0.146551724,0.422413793,0.181034483,0.103448276,0.051724138,3.698275862,2.232758621,0.034482759,0.189655172,0.068965517,0.068965517,8.198275862,0.482758621,0.215517241,0.301724138,0.094827586,0.086206897,0.370689655,0.00862069,0.387931034,0.094827586,0.870689655,0.362068966,1.793103448,0.49137931,0.163793103,10.85344828,0.25862069,0.120689655,27624,116,0.707483401,0.943089431,0.703030303,1,36.918,14.60553449,10.32216882,9.470599699,667.9051724,419.3965517,0.229166667,1,343,0,0,0,0,0
562861,334,0.827272727,0.127272727,0.390909091,0.154545455,0.072727273,0.154545455,3.581818182,2.490909091,0.063636364,0.309090909,0.072727273,0.081818182,5.181818182,0.536363636,1.081818182,0.527272727,0.1,0.118181818,0.518181818,0.036363636,0.336363636,0.063636364,0.927272727,0.3,1.081818182,0.609090909,0.181818182,11.37272727,0.245454545,0.309090909,27707,110,0.393986768,0.948275862,0.705128205,1,35.14,12.43121766,11.42573244,-87.96427994,533.6636364,419.5636364,0.386363636,2,337,340,0,0,0,0
562861,335,0.567010309,0.134020619,0.793814433,0.072164948,0.12371134,0.06185567,3.195876289,2.835051546,0.103092784,0.278350515,0.06185567,0.06185567,3.804123711,0.309278351,0.18556701,0.381443299,0.041237113,0.051546392,0.309278351,0,0.298969072,0.164948454,7.06185567,0.319587629,1.391752577,0.371134021,0.12371134,8.474226804,0.237113402,0.268041237,27790,97,0.53159367,0.96039604,0.808333333,1,32.303,12.13066257,10.27466525,-8.409766125,639.371134,421.5979381,0,0,0,0,0,0,0,0
562861,336,0.756756757,0.135135135,0.423423423,0.126126126,0.117117117,0.108108108,2.495495495,2.459459459,0.045045045,0.261261261,0.09009009,0.045045045,6.261261261,0.513513514,0.189189189,0.45045045,0.009009009,0.126126126,0.477477477,0.036036036,0.306306306,0.306306306,8.828828829,0.558558559,1.306306306,0.63963964,0.117117117,12.12612613,0.279279279,0.162162162,27873,111,0.515437325,0.948717949,0.711538462,1,35.421,12.93242288,11.08214597,-19.96281696,478.9099099,422.8918919,0,0,0,0,0,0,0,0
562861,337,1.304964539,0.269503546,0.354609929,0.113475177,0.191489362,0.127659574,6.992907801,3.056737589,0.092198582,0.503546099,0.113475177,0.085106383,8.170212766,0.503546099,0.29787234,0.446808511,0.078014184,0.056737589,0.446808511,0.04964539,0.411347518,0.262411348,5.418439716,0.425531915,2.397163121,0.730496454,0.226950355,12.69503546,0.29787234,0.226950355,27956,141,0.749932874,0.927631579,0.63800905,1,43.377,16.82104202,11.12735368,13.5926386,519.6879433,421.4468085,0.436363636,3,334,340,344,0,0,0
562861,338,0.980582524,0.194174757,0.417475728,0.067961165,0.203883495,0.097087379,3.485436893,2.174757282,0.145631068,0.223300971,0.029126214,0.165048544,7.844660194,0.475728155,0.213592233,0.427184466,0.126213592,0.087378641,0.59223301,0.009708738,0.330097087,0.174757282,1.281553398,0.339805825,1.436893204,0.553398058,0.233009709,9.048543689,0.262135922,0.242718447,28039,103,0.658161967,0.936363636,0.668831169,1,35.719,13.38825098,10.07969777,8.291740349,173.0291262,422.776699,0,0,0,0,0,0,0,0
562861,339,0.784482759,0.155172414,0.517241379,0.086206897,0.129310345,0.068965517,2.353448276,2.25862069,0.086206897,0.267241379,0.051724138,0.034482759,3.853448276,0.396551724,0.077586207,0.293103448,0.060344828,0.094827586,0.336206897,0.025862069,0.267241379,0.086206897,0.655172414,0.310344828,0.681034483,0.612068966,0.137931034,9.422413793,0.24137931,0.163793103,28122,116,0.515537321,0.950819672,0.69047619,1,36.091,13.26642606,11.36756436,-3.295952866,130.3189655,424.8793103,0.083333333,1,324,0,0,0,0,0
562861,340,0.979591837,0.142857143,0.469387755,0.020408163,0.081632653,0.040816327,3.530612245,1.714285714,0.040816327,0.244897959,0.163265306,0.040816327,7.591836735,0.346938776,0.12244898,0.306122449,0.040816327,0.040816327,0.469387755,0,0.224489796,0.06122449,0.632653061,0.408163265,1.102040816,0.489795918,0.102040816,9.510204082,0.285714286,0.183673469,28205,49,0.74247287,0.907407407,0.636363636,1,25.191,9.976075758,6.68273508,9.631228928,526.4285714,426.3673469,1,3,334,337,344,0,0,0
562861,341,0.685393258,0.08988764,0.797752809,0.08988764,0.123595506,0.101123596,3.112359551,2.505617978,0.056179775,0.258426966,0.06741573,0.101123596,7.101123596,0.438202247,0.179775281,0.325842697,0.04494382,0.04494382,0.292134831,0.033707865,0.280898876,0.123595506,1.191011236,0.393258427,0.820224719,0.539325843,0.235955056,10.86516854,0.325842697,0.191011236,28288,89,0.726765913,0.927083333,0.622377622,1,33.825,13.17472008,9.049520515,-46.35883223,112.3820225,429.6853933,0.523809524,2,346,353,0,0,0,0
562861,342,1.007692308,0.238461538,0.492307692,0.069230769,0.123076923,0.092307692,3.007692308,2.646153846,0.069230769,0.246153846,0.061538462,0.053846154,5.207692308,0.592307692,0.207692308,0.4,0.1,0.046153846,0.438461538,0.023076923,0.4,0.153846154,1.284615385,0.330769231,1.007692308,0.453846154,0.146153846,11.74615385,0.223076923,0.2,28371,130,0.469789223,0.955882353,0.773809524,1,38.514,13.78031897,12.16497091,-0.341700406,435.6846154,428.4153846,0,0,0,0,0,0,0,0
562861,343,1.324786325,0.239316239,0.341880342,0.085470085,0.145299145,0.153846154,2.837606838,2.820512821,0.068376068,0.264957265,0.068376068,0.094017094,7.735042735,0.376068376,0.205128205,0.393162393,0.085470085,0.076923077,0.333333333,0.05982906,0.384615385,0.076923077,0.598290598,0.478632479,1,0.658119658,0.188034188,9.179487179,0.333333333,0.111111111,28454,117,0.705608856,0.951219512,0.709090909,1,37.1,14.59168409,10.33968981,17.00272408,667.974359,430.4102564,0.276595745,1,333,0,0,0,0,0
562861,344,0.8,0.109090909,0.354545455,0.036363636,0.090909091,0.127272727,2.454545455,2.554545455,0.054545455,0.336363636,0.045454545,0.081818182,8.736363636,0.290909091,0.454545455,0.218181818,0.018181818,0.081818182,0.509090909,0.009090909,0.281818182,0.172727273,0.709090909,0.436363636,0.818181818,0.445454545,0.163636364,10.40909091,0.254545455,0.136363636,28537,110,0.732848059,0.93220339,0.666666667,1,36.918,14.62540594,9.951014022,-14.23254265,525.0545455,433.4636364,0.489361702,3,337,340,358,0,0,0
562861,345,0.789915966,0.100840336,0.361344538,0.075630252,0.100840336,0.092436975,2.798319328,2.394957983,0.075630252,0.31092437,0.033613445,0.050420168,3.411764706,0.344537815,0.596638655,0.268907563,0.033613445,0.084033613,0.571428571,0.025210084,0.285714286,0.142857143,0.781512605,0.361344538,0.739495798,0.554621849,0.159663866,8.840336134,0.168067227,0.142857143,28620,119,0.776645602,0.838028169,0.583333333,1,42.244,16.32153317,10.28155039,14.08783646,399.8571429,433.697479,0.41509434,1,348,0,0,0,0,0
562861,346,0.304878049,0.109756098,0.56097561,0.06097561,0.134146341,0.097560976,4.219512195,1.646341463,0.097560976,0.329268293,0.12195122,0.06097561,6.097560976,0.256097561,0.134146341,0.5,0.06097561,0.024390244,0.37804878,0.036585366,0.353658537,0.195121951,2.804878049,0.353658537,0.914634146,0.536585366,0.170731707,11.1097561,0.280487805,0.134146341,28703,82,0.466778757,0.911111111,0.67768595,1,33.246,11.17704334,9.88468792,14.80534315,104.5487805,434.3658537,0.85,3,341,353,354,0,0,0
562861,347,0.772058824,0.110294118,0.294117647,0.044117647,0.110294118,0.102941176,4.816176471,1.816176471,0.102941176,0.183823529,0.022058824,0.066176471,6.875,0.375,0.220588235,0.360294118,0.066176471,0.066176471,0.463235294,0.036764706,0.338235294,0.088235294,1.382352941,0.205882353,1.25,0.529411765,0.161764706,8.198529412,0.264705882,0.088235294,28786,136,0.735193385,0.964539007,0.727272727,1,40.284,16.07341684,10.89548493,2.728225378,215.2573529,436.1838235,0,0,0,0,0,0,0,0
562861,348,0.652173913,0.144927536,0.202898551,0.072463768,0.115942029,0.086956522,2.347826087,3.463768116,0.086956522,0.492753623,0.086956522,0.014492754,4.144927536,0.347826087,0.985507246,0.463768116,0.115942029,0.15942029,0.463768116,0.014492754,0.405797101,0.115942029,0.739130435,0.362318841,0.797101449,0.492753623,0.15942029,8.144927536,0.289855072,0.086956522,28869,69,0.736321862,0.945205479,0.784090909,1,27.804,11.4927849,7.776379682,19.25137899,404.7681159,439.3043478,0.588235294,1,345,0,0,0,0,0
562861,349,1.179856115,0.129496403,0.179856115,0.079136691,0.107913669,0.129496403,8.611510791,3.467625899,0.086330935,0.323741007,0.071942446,0.158273381,39.61151079,0.517985612,1.014388489,0.741007194,0.071942446,0.115107914,0.410071942,0.035971223,0.431654676,0.143884892,1.525179856,0.424460432,2.913669065,0.935251799,0.251798561,19.26618705,0.388489209,0.201438849,28952,139,0.798702853,0.885350318,0.743315508,1,45.635,17.63944463,10.61410621,-87.7758786,491.0431655,437.0215827,0.344827586,1,350,0,0,0,0,0
562861,350,1.289473684,0.171052632,0.355263158,0.052631579,0.144736842,0.078947368,5.605263158,2.842105263,0.065789474,0.223684211,0.039473684,0.078947368,24.05263158,0.355263158,0.394736842,0.355263158,0.105263158,0.052631579,0.460526316,0.052631579,0.368421053,0.118421053,1.328947368,0.315789474,1.802631579,0.657894737,0.171052632,14.94736842,0.25,0.302631579,29034,76,0.622404731,0.904761905,0.633333333,1,30.087,11.45037095,8.962154581,-65.51418064,499.2105263,437.5,0.538461538,1,349,0,0,0,0,0
562861,351,1.037777778,0.233333333,0.422222222,0.124444444,0.146666667,0.142222222,3.757777778,2.58,0.104444444,0.582222222,0.084444444,0.077777778,9.733333333,0.502222222,0.493333333,0.446666667,0.124444444,0.213333333,0.373333333,0.022222222,0.784444444,0.22,1.597777778,0.582222222,0.964444444,1.002222222,0.233333333,9.726666667,0.404444444,0.248888889,29117,450,0.719745746,0.898203593,0.6,1,83.48,30.1839299,20.95482373,30.7814286,704.1644444,439.3133333,0.444444444,2,355,362,0,0,0,0
562861,352,0.423728814,0.101694915,0.533898305,0.076271186,0.076271186,0.093220339,2.211864407,1.813559322,0.101694915,0.372881356,0.101694915,0.050847458,5.237288136,0.457627119,0.322033898,0.398305085,0.050847458,0.101694915,0.347457627,0.025423729,0.322033898,0.203389831,6.161016949,0.398305085,0.847457627,0.542372881,0.186440678,9.466101695,0.271186441,0.101694915,29200,118,0.326225753,0.983333333,0.698224852,1,35.984,12.7017981,12.00690674,-29.41882155,85.51694915,441.1610169,0.604166667,2,354,365,0,0,0,0
562861,353,0.849315068,0.171232877,0.410958904,0.095890411,0.143835616,0.130136986,10.20547945,2.828767123,0.136986301,0.294520548,0.068493151,0.130136986,23.70547945,0.609589041,0.890410959,0.438356164,0.116438356,0.054794521,1.01369863,0.01369863,0.51369863,0.226027397,7.417808219,0.48630137,3.363013699,0.904109589,0.219178082,16.49315068,0.253424658,0.212328767,29283,146,0.597396638,0.879518072,0.648888889,1,46.073,15.9791678,12.81442841,18.55426006,109.9452055,441.5205479,0.596491228,3,341,346,354,0,0,0
562861,354,0.486238532,0.183486239,0.541284404,0.128440367,0.137614679,0.055045872,3.623853211,2.055045872,0.082568807,0.183486239,0.110091743,0.027522936,7.183486239,0.357798165,0.119266055,0.412844037,0.036697248,0.091743119,0.376146789,0.027522936,0.256880734,0.137614679,3.275229358,0.403669725,0.623853211,0.504587156,0.155963303,10.35779817,0.201834862,0.119266055,29366,109,0.704304458,0.939655172,0.726666667,1,36.43,14.15713418,10.05012184,78.26934615,96.30275229,442.7522936,0.644444444,3,346,352,353,0,0,0
562861,355,1.147435897,0.153846154,0.564102564,0.16025641,0.128205128,0.128205128,3.58974359,2.525641026,0.096153846,0.525641026,0.083333333,0.064102564,7.288461538,0.826923077,0.224358974,0.435897436,0.147435897,0.096153846,0.384615385,0.032051282,0.532051282,0.237179487,3.224358974,0.493589744,0.884615385,0.91025641,0.217948718,11.48717949,0.371794872,0.16025641,29449,156,0.898629044,0.901734104,0.590909091,1,51.441,21.72620129,9.531486343,69.15650855,716.6538462,443.9102564,0.46969697,1,351,0,0,0,0,0
562861,356,0.427083333,0.15625,0.322916667,0.072916667,0.0625,0.135416667,2.21875,2.03125,0.041666667,0.21875,0.072916667,0.0625,4.052083333,0.28125,1.21875,0.333333333,0.083333333,0.072916667,0.416666667,0,0.375,0.083333333,0.59375,0.333333333,0.458333333,0.541666667,0.125,7.875,0.197916667,0.104166667,29532,96,0.652496969,0.923076923,0.738461538,1,34.098,12.84821559,9.736266429,6.073277476,242.5520833,444.5729167,0,0,0,0,0,0,0,0
562861,357,1.119402985,0.119402985,0.380597015,0.067164179,0.111940299,0.104477612,2.895522388,2.71641791,0.082089552,0.26119403,0.044776119,0.059701493,7.865671642,0.380597015,0.634328358,0.298507463,0.029850746,0.082089552,0.402985075,0.029850746,0.253731343,0.119402985,0.597014925,0.350746269,0.910447761,0.746268657,0.186567164,8.194029851,0.23880597,0.134328358,29615,134,0.65839083,0.937062937,0.744444444,1,40.54,15.22142226,11.4568028,64.37086912,557.5074627,446.0298507,0.32,1,359,0,0,0,0,0
562861,358,0.452380952,0.107142857,0.369047619,0,0.130952381,0.130952381,2.345238095,1.964285714,0.023809524,0.238095238,0.095238095,0.023809524,6.785714286,0.380952381,0.75,0.107142857,0.05952381,0.071428571,0.25,0.023809524,0.297619048,0.083333333,0.607142857,0.226190476,0.535714286,0.416666667,0.095238095,6.857142857,0.19047619,0.05952381,29698,84,0.408642786,0.954545455,0.694214876,1,29.996,10.94920174,9.993275147,34.31863033,527.8452381,445.7738095,0.55,2,344,371,0,0,0,0
562861,359,1.505747126,0.137931034,0.528735632,0.057471264,0.149425287,0.057471264,5.643678161,2.310344828,0.08045977,0.183908046,0.034482759,0.08045977,6.701149425,0.574712644,0.206896552,0.356321839,0.114942529,0.08045977,0.448275862,0.011494253,0.356321839,0.206896552,1.862068966,0.367816092,2.08045977,0.609195402,0.172413793,9.149425287,0.264367816,0.126436782,29781,87,0.742535033,0.90625,0.659090909,1,34.164,13.30203635,8.909800117,37.05884976,567.6321839,445.183908,0.825,2,357,370,0,0,0,0
562861,360,0.710843373,0.144578313,0.481927711,0.036144578,0.120481928,0.096385542,2.13253012,1.891566265,0.048192771,0.180722892,0.060240964,0.036144578,5.951807229,0.397590361,2.361445783,0.34939759,0.024096386,0.060240964,0.56626506,0.036144578,0.204819277,0.108433735,2.228915663,0.253012048,1.43373494,0.638554217,0.144578313,7.891566265,0.277108434,0.084337349,29864,83,0.579975549,0.912087912,0.691666667,1,31.286,11.60044401,9.450114739,82.95906206,582.3975904,446.1686747,0.368421053,1,370,0,0,0,0,0
562861,361,0.687022901,0.106870229,0.251908397,0.045801527,0.06870229,0.061068702,3.419847328,1.503816794,0.045801527,0.106870229,0.106870229,0.030534351,6.442748092,0.251908397,0.083969466,0.190839695,0.038167939,0.061068702,0.145038168,0.038167939,0.320610687,0.083969466,0.541984733,0.190839695,0.732824427,0.473282443,0.106870229,6.79389313,0.267175573,0.114503817,29947,131,0.475806192,0.95620438,0.671794872,1,39.912,14.00736138,12.32017682,-14.29169676,140.6030534,447,0,0,0,0,0,0,0,0
562861,362,0.980769231,0.125,0.192307692,0.086538462,0.076923077,0.086538462,2.192307692,2.278846154,0.067307692,0.326923077,0.115384615,0.067307692,3.913461538,0.269230769,0.163461538,0.384615385,0.048076923,0.067307692,0.259615385,0,0.432692308,0.048076923,0.701923077,0.365384615,0.5,0.538461538,0.153846154,8.471153846,0.173076923,0.144230769,30030,104,0.572838723,0.945454545,0.675324675,1,34.586,12.82602985,10.51308754,-3.918611623,687.2403846,446.9230769,0.311111111,1,351,0,0,0,0,0
562861,363,0.739837398,0.12195122,0.382113821,0.06504065,0.089430894,0.056910569,2.975609756,2.536585366,0.138211382,0.292682927,0.081300813,0.056910569,7.073170732,0.43902439,0.130081301,0.471544715,0.097560976,0.06504065,0.422764228,0.024390244,0.341463415,0.113821138,1.390243902,0.390243902,1.308943089,0.609756098,0.227642276,10.69918699,0.268292683,0.211382114,30113,123,0.592314595,0.938931298,0.630769231,1,38.622,14.17311965,11.41937865,-70.83861567,54.53658537,444.8943089,0,0,0,0,0,0,0,0
562861,364,0.836065574,0.131147541,0.286885246,0.163934426,0.090163934,0.073770492,2.926229508,2.754098361,0.057377049,0.303278689,0.049180328,0.057377049,7.098360656,0.409836066,0.459016393,0.245901639,0.049180328,0.106557377,0.37704918,0.032786885,0.295081967,0.12295082,0.56557377,0.467213115,0.844262295,0.459016393,0.196721311,7.221311475,0.196721311,0.106557377,30196,122,0.559344341,0.853146853,0.677777778,1,43.807,14.42933283,11.96098488,-66.1158238,771.3606557,447.4344262,0.519230769,2,367,372,0,0,0,0
562861,365,0.681034483,0.25862069,0.318965517,0.086206897,0.163793103,0.086206897,2.551724138,2.560344828,0.051724138,0.198275862,0.060344828,0.120689655,8.275862069,0.413793103,0.784482759,0.465517241,0.043103448,0.086206897,0.517241379,0.017241379,0.362068966,0.060344828,0.75,0.353448276,0.646551724,0.413793103,0.129310345,10.06896552,0.206896552,0.077586207,30279,116,0.628786943,0.943089431,0.703030303,1,37.671,13.91849865,10.82271328,-9.107916601,75.97413793,447.9310345,0.276595745,1,352,0,0,0,0,0
562861,366,0.948979592,0.183673469,0.306122449,0.071428571,0.12244898,0.010204082,4.357142857,2.418367347,0.102040816,0.204081633,0.030612245,0.051020408,5.785714286,0.346938776,3.295918367,0.397959184,0.102040816,0.142857143,1.255102041,0.010204082,0.448979592,0.326530612,14.89795918,0.418367347,1.836734694,0.530612245,0.183673469,8.704081633,0.183673469,0.295918367,30362,98,0.56036899,0.951456311,0.753846154,1,33.064,12.35479348,10.23277217,-10.55492906,424.0306122,450.377551,0,0,0,0,0,0,0,0
562861,367,0.87804878,0.097560976,0.414634146,0.109756098,0.036585366,0.097560976,3.158536585,3.06097561,0.036585366,0.268292683,0.085365854,0.024390244,6.890243902,0.475609756,0.134146341,0.463414634,0.048780488,0.073170732,0.353658537,0.048780488,0.304878049,0.170731707,1.341463415,0.365853659,1.231707317,0.536585366,0.109756098,7.817073171,0.097560976,0.12195122,30445,82,0.601529872,0.976190476,0.745454545,1,30.36,11.57295305,9.245057091,56.96353451,760.6341463,449.6829268,0.55,2,364,372,0,0,0,0
562861,368,1.223214286,0.366071429,0.464285714,0.053571429,0.151785714,0.071428571,3,2.285714286,0.080357143,0.303571429,0.071428571,0.080357143,14.47321429,0.357142857,0.696428571,0.303571429,0.125,0.053571429,0.464285714,0.008928571,0.294642857,0.142857143,0.669642857,0.267857143,0.5625,0.464285714,0.160714286,9.321428571,0.339285714,0.160714286,30528,112,0.818417335,0.918032787,0.636363636,1,39.267,16.00771714,9.19842297,17.65207424,452.4732143,449.7767857,0,0,0,0,0,0,0,0
562861,369,0.898734177,0.17721519,0.493670886,0.101265823,0.075949367,0.063291139,2.810126582,2.949367089,0.063291139,0.341772152,0,0.050632911,6.164556962,0.46835443,6.886075949,0.481012658,0.063291139,0.050632911,1.075949367,0.025316456,0.417721519,0.151898734,1.063291139,0.367088608,1.582278481,1.088607595,0.164556962,13.11392405,0.227848101,0.189873418,30611,79,0.752430312,0.877777778,0.675213675,1,32.51,12.72139473,8.379224788,-84.80283778,543.0506329,451.7974684,0.475,1,371,0,0,0,0,0
562861,370,0.755555556,0.133333333,0.4,0.055555556,0.077777778,0.166666667,2.8,3.022222222,0.044444444,0.344444444,0.044444444,0.1,6.111111111,0.411111111,1.733333333,0.4,0.044444444,0.077777778,0.577777778,0.022222222,0.366666667,0.111111111,1.244444444,0.3,0.755555556,0.444444444,0.211111111,7.7,0.211111111,0.177777778,30694,90,0.737101946,0.9375,0.681818182,1,33.064,13.32879332,9.007352794,43.79194486,573.5888889,449.9666667,0.714285714,2,359,360,0,0,0,0
562861,371,0.770114943,0.172413793,0.390804598,0.091954023,0.103448276,0.103448276,2.850574713,3.413793103,0.137931034,0.333333333,0.08045977,0.034482759,7.206896552,0.459770115,3.655172414,0.390804598,0.057471264,0.16091954,0.896551724,0.034482759,0.32183908,0.137931034,1,0.528735632,1.218390805,0.827586207,0.229885057,11.08045977,0.287356322,0.195402299,30777,87,0.476764717,0.925531915,0.659090909,1,32.874,11.57128659,10.171519,-1.333626674,534.9425287,451.7701149,0.775,2,358,369,0,0,0,0
562861,372,0.9375,0.1375,0.26875,0.06875,0.1,0.1,2.0375,2.5625,0.0625,0.28125,0.06875,0.0375,7.9625,0.35625,0.48125,0.30625,0.03125,0.1,0.3875,0.00625,0.3625,0.0625,0.60625,0.3125,0.94375,0.41875,0.125,6.65625,0.18125,0.11875,30860,160,0.629079458,0.946745562,0.7239819,1,44.386,16.39620168,12.74543986,7.399535481,767.5625,458.0875,0.732142857,3,364,367,390,0,0,0
562861,374,1.050724638,0.166666667,0.239130435,0.065217391,0.137681159,0.123188406,4.079710145,1.724637681,0.101449275,0.166666667,0.086956522,0.130434783,12.20289855,0.355072464,0.130434783,0.31884058,0.115942029,0.036231884,0.297101449,0.036231884,0.449275362,0.202898551,5.855072464,0.152173913,1.644927536,0.449275362,0.268115942,6.833333333,0.18115942,0.15942029,31025,138,0.715586667,0.951724138,0.676470588,1,41.144,15.99198765,11.17078653,-4.077007508,309.8985507,458.5072464,0,0,0,0,0,0,0,0
562861,375,0.852071006,0.230769231,0.431952663,0.130177515,0.136094675,0.177514793,4.786982249,2.852071006,0.112426036,0.266272189,0.076923077,0.053254438,7.124260355,0.473372781,0.24852071,0.355029586,0.118343195,0.065088757,0.426035503,0.029585799,0.455621302,0.201183432,1.26035503,0.372781065,1.639053254,0.680473373,0.224852071,12.36686391,0.25443787,0.094674556,31108,169,0.710154425,0.866666667,0.592982456,1,53.475,18.44653986,12.98721158,28.05448323,268.1301775,458.6508876,0.390625,1,378,0,0,0,0,0
562861,376,1.116883117,0.12987013,0.409090909,0.090909091,0.149350649,0.168831169,2.383116883,2.948051948,0.045454545,0.246753247,0.064935065,0.032467532,7,0.519480519,6.402597403,0.461038961,0.058441558,0.220779221,0.857142857,0.045454545,0.357142857,0.116883117,1.961038961,0.409090909,1.097402597,1.12987013,0.168831169,13.31818182,0.246753247,0.246753247,31191,154,0.589365453,0.922155689,0.684444444,1,43.931,15.81628215,12.7774453,-37.31438365,609.9480519,462.025974,0.345454545,2,373,380,0,0,0,0
562861,377,1.257142857,0.161904762,0.238095238,0.104761905,0.104761905,0.057142857,3.876190476,2.295238095,0.076190476,0.133333333,0.095238095,0.038095238,10.2952381,0.40952381,0.133333333,0.352380952,0.047619048,0.114285714,0.266666667,0.019047619,0.247619048,0.095238095,1.333333333,0.266666667,2.171428571,0.59047619,0.114285714,8.847619048,0.152380952,0.114285714,31274,105,0.75024869,0.9375,0.625,1,35.901,14.40375338,9.523124124,31.96617319,40.35238095,460.6,0,0,0,0,0,0,0,0
562861,378,0.838150289,0.173410405,0.369942197,0.092485549,0.115606936,0.115606936,4.052023121,2.271676301,0.092485549,0.196531792,0.10982659,0.052023121,5.965317919,0.375722543,0.265895954,0.404624277,0.075144509,0.057803468,0.468208092,0.034682081,0.358381503,0.202312139,1.549132948,0.335260116,1.809248555,0.693641618,0.23699422,11.07514451,0.23699422,0.138728324,31357,173,0.716970035,0.901041667,0.67578125,1,51.052,18.16956701,12.6660776,55.03772231,279.6936416,461.4393064,0.666666667,3,375,388,406,0,0,0
562861,379,0.7,0.23,0.4,0.06,0.16,0.14,4.44,2.84,0.14,0.32,0.09,0.05,6.65,0.49,0.39,0.52,0.13,0.1,0.45,0.04,0.46,0.16,4.54,0.5,1.27,0.47,0.21,12.84,0.24,0.16,31440,100,0.431305584,0.943396226,0.694444444,1,34.379,11.99573135,10.82261965,15.57849364,514.52,460.39,0.476190476,2,382,393,0,0,0,0
562861,381,1.210526316,0.15037594,0.458646617,0.090225564,0.142857143,0.090225564,3.939849624,2.917293233,0.127819549,0.360902256,0.135338346,0.060150376,6.503759398,0.368421053,0.240601504,0.293233083,0.067669173,0.067669173,0.263157895,0.022556391,0.338345865,0.135338346,2.413533835,0.443609023,1.639097744,0.691729323,0.157894737,11.30075188,0.278195489,0.22556391,31606,133,0.238621863,0.95,0.678571429,1,39.548,13.34489505,12.95939521,-29.94499024,729.7293233,460.9849624,0.3,1,398,0,0,0,0,0
562861,382,0.703703704,0.197530864,0.308641975,0.061728395,0.074074074,0.160493827,2.567901235,2.814814815,0.061728395,0.296296296,0.049382716,0.061728395,10,0.617283951,0.209876543,0.296296296,0.086419753,0.024691358,0.358024691,0.024691358,0.358024691,0.172839506,0.617283951,0.382716049,0.864197531,0.728395062,0.135802469,9.543209877,0.296296296,0.185185185,31689,81,0.296636511,0.941860465,0.736363636,1,29.599,10.49045041,10.01828007,-3.689576759,524.5308642,462.7407407,0.513513514,2,379,393,0,0,0,0
562861,383,0.708333333,0.114583333,0.833333333,0.15625,0.166666667,0.09375,5.083333333,1.96875,0.135416667,0.208333333,0.145833333,0.041666667,2.958333333,0.479166667,0.166666667,0.354166667,0.052083333,0.041666667,0.302083333,0.010416667,0.395833333,0.09375,1.989583333,0.333333333,0.510416667,0.59375,0.083333333,11.73958333,0.197916667,0.197916667,31772,96,0.306434816,0.914285714,0.666666667,1,35.049,11.55613979,11.00019292,-7.576076969,150.3541667,463.4166667,0.577777778,2,387,403,0,0,0,0
562861,384,1.044776119,0.149253731,0.328358209,0.074626866,0.104477612,0.089552239,3.492537313,1.71641791,0.059701493,0.28358209,0.134328358,0.074626866,7.656716418,0.253731343,0.223880597,0.462686567,0.029850746,0.044776119,0.492537313,0.029850746,0.194029851,0.164179104,0.582089552,0.328358209,1.552238806,0.611940299,0.194029851,9.164179104,0.23880597,0.089552239,31855,67,0.586197862,0.827160494,0.609090909,1,31.65,10.77942877,8.73314744,-47.92552806,121.9552239,464.3880597,0.777777778,3,386,391,395,0,0,0
562861,385,0.738636364,0.125,0.363636364,0.034090909,0.079545455,0.125,3.477272727,1.988636364,0.090909091,0.465909091,0.045454545,0.034090909,4.420454545,0.397727273,1.511363636,0.181818182,0.068181818,0.056818182,0.454545455,0.011363636,0.340909091,0.193181818,6.920454545,0.340909091,0.75,0.454545455,0.227272727,7.477272727,0.215909091,0.159090909,31938,88,0.465707128,0.936170213,0.666666667,1,31.501,11.3691342,10.06098921,-30.40830419,542.6477273,466.7840909,0,0,0,0,0,0,0,0
562861,386,1.178082192,0.04109589,0.301369863,0.109589041,0.02739726,0.109589041,3.315068493,1.452054795,0.082191781,0.191780822,0.068493151,0.123287671,7.287671233,0.342465753,0.095890411,0.301369863,0.082191781,0.01369863,0.315068493,0.04109589,0.342465753,0.123287671,0.315068493,0.383561644,0.808219178,0.493150685,0.219178082,9.095890411,0.136986301,0.123287671,32021,73,0.698315933,0.960526316,0.675925926,1,29.318,11.6161726,8.314736397,-87.81488374,115.0547945,466.890411,0.611111111,2,384,395,0,0,0,0
562861,387,0.760416667,0.125,0.739583333,0.104166667,0.135416667,0.114583333,2.583333333,1.729166667,0.135416667,0.291666667,0.114583333,0.104166667,4.197916667,0.302083333,0.625,0.25,0.083333333,0.03125,0.614583333,0.03125,0.322916667,0.166666667,1.8125,0.3125,0.770833333,0.697916667,0.114583333,11.21875,0.1875,0.145833333,32104,96,0.873557336,0.888888889,0.64,1,39.424,16.22211472,7.895648034,65.34897482,157.65625,467.5833333,0.489361702,2,383,403,0,0,0,0
562861,388,0.79787234,0.085106383,0.234042553,0.085106383,0.074468085,0.095744681,2.404255319,2.191489362,0.085106383,0.223404255,0.042553191,0,7.521276596,0.340425532,1.053191489,0.244680851,0.042553191,0.14893617,0.5,0.042553191,0.265957447,0.138297872,0.595744681,0.382978723,0.574468085,0.574468085,0.085106383,7,0.117021277,0.095744681,32187,94,0.636045707,0.930693069,0.712121212,1,32.882,12.54369418,9.679358972,30.04659278,291.2765957,466.7340426,0.268292683,2,378,406,0,0,0,0
562861,389,0.643564356,0.188118812,0.405940594,0.089108911,0.04950495,0.079207921,4.099009901,2.346534653,0.089108911,0.198019802,0.108910891,0.079207921,3.267326733,0.465346535,0.376237624,0.237623762,0.059405941,0.069306931,0.653465347,0.059405941,0.415841584,0.168316832,1.594059406,0.257425743,1.227722772,0.465346535,0.217821782,9.603960396,0.247524752,0.158415842,32270,101,0.691629678,0.926605505,0.655844156,1,34.958,13.50301819,9.752585979,-13.50278684,353.4158416,467,0,0,0,0,0,0,0,0
562861,390,1.614213198,0.14213198,0.289340102,0.081218274,0.192893401,0.101522843,3.208121827,2.233502538,0.050761421,0.284263959,0.111675127,0.076142132,14.84771574,0.406091371,0.355329949,0.324873096,0.045685279,0.045685279,0.406091371,0.015228426,0.335025381,0.126903553,0.76142132,0.263959391,0.898477157,0.431472081,0.14213198,9.817258883,0.203045685,0.203045685,32353,197,0.361275674,0.942583732,0.684027778,1,50.597,16.55070781,15.43285735,-16.87123755,778.5126904,468.0964467,0.206349206,1,372,0,0,0,0,0
562861,391,1.326086957,0.108695652,0.456521739,0.043478261,0.173913043,0.130434783,2.804347826,1.47826087,0.02173913,0.108695652,0,0.02173913,7.434782609,0.47826087,0.239130435,0.239130435,0.02173913,0.02173913,0.217391304,0.043478261,0.326086957,0.086956522,0.652173913,0.217391304,0.673913043,0.434782609,0.282608696,7.739130435,0.152173913,0.347826087,32436,46,0.67700912,0.884615385,0.575,1,23.81,9.300714237,6.845089686,59.38720531,128.3478261,468.4347826,0.933333333,3,384,395,402,0,0,0
562861,392,1.588235294,0.132352941,0.147058824,0.102941176,0.117647059,0.147058824,2.852941176,3.044117647,0.117647059,0.132352941,0.058823529,0.102941176,21.89705882,0.632352941,0.25,0.441176471,0.044117647,0.014705882,0.294117647,0.073529412,0.279411765,0.073529412,2.5,0.338235294,2.691176471,0.911764706,0.102941176,14.19117647,0.235294118,0.176470588,32519,68,0.833158974,0.957746479,0.747252747,1,29.21,12.79163038,7.074200956,-1.858504153,443.2647059,467.3529412,0.555555556,1,401,0,0,0,0,0
562861,393,0.579545455,0.113636364,0.352272727,0.011363636,0.102272727,0.102272727,2.636363636,2.761363636,0.068181818,0.125,0.056818182,0.102272727,12.22727273,0.375,0.261363636,0.386363636,0.181818182,0.022727273,0.363636364,0.034090909,0.443181818,0.159090909,1.079545455,0.420454545,1.045454545,0.477272727,0.170454545,11.42045455,0.204545455,0.090909091,32602,88,0.679258808,0.936170213,0.666666667,1,31.865,12.53671201,9.200678093,-32.82524091,518.5340909,469.7727273,0.523809524,2,379,382,0,0,0,0
562861,394,0.761904762,0.257142857,0.561904762,0.066666667,0.114285714,0.085714286,4.047619048,2.742857143,0.076190476,0.180952381,0.095238095,0.104761905,5.314285714,0.466666667,0.638095238,0.514285714,0.076190476,0.076190476,0.323809524,0,0.314285714,0.085714286,1.076190476,0.371428571,1.380952381,0.504761905,0.180952381,8.257142857,0.238095238,0.066666667,32685,105,0.674886349,0.9375,0.75,1,34.933,13.56114771,10.007065,1.83374162,14.15238095,469.7238095,0,0,0,0,0,0,0,0
562861,395,0.763636364,0.090909091,0.272727273,0.072727273,0.145454545,0.072727273,2.981818182,1.836363636,0.054545455,0.454545455,0.090909091,0.036363636,5.381818182,0.345454545,0.054545455,0.363636364,0,0.018181818,0.418181818,0,0.563636364,0.109090909,0.454545455,0.490909091,0.709090909,0.654545455,0.145454545,8.309090909,0.345454545,0.2,32768,55,0.627362689,0.916666667,0.6875,1,25.563,9.747035586,7.590281759,31.27889111,121.1090909,472.6727273,0.935483871,5,384,386,391,402,413,0
562861,396,0.710144928,0.202898551,0.31884058,0.101449275,0.086956522,0.086956522,3.231884058,2.942028986,0.072463768,0.217391304,0.043478261,0.043478261,4.434782609,0.463768116,0.275362319,0.536231884,0.072463768,0.072463768,0.420289855,0.028985507,0.434782609,0.130434783,3,0.434782609,0.652173913,0.47826087,0.188405797,8.420289855,0.188405797,0.275362319,32850,69,0.7826336,0.841463415,0.638888889,1,31.286,12.63947107,7.86785144,2.089633974,374.5942029,470.057971,0.538461538,2,400,404,0,0,0,0
562861,397,0.683333333,0.283333333,0.366666667,0.066666667,0.15,0.083333333,2.766666667,2.4,0.033333333,0.266666667,0.033333333,0.05,4.266666667,0.466666667,0.35,0.283333333,0.033333333,0.15,0.433333333,0,0.433333333,0.1,1.716666667,0.383333333,0.933333333,0.733333333,0.133333333,7.95,0.366666667,0.116666667,32933,60,0.840119008,0.952380952,0.625,1,28.375,12.27262311,6.656696699,-72.20540325,391.4,470.9166667,0.852941176,2,399,400,0,0,0,0
562861,398,1.23853211,0.155963303,0.275229358,0.064220183,0.155963303,0.137614679,4.678899083,3.229357798,0.165137615,0.385321101,0.091743119,0.073394495,11.6146789,0.458715596,0.220183486,0.366972477,0.073394495,0.04587156,0.348623853,0.009174312,0.385321101,0.183486239,4.660550459,0.376146789,1.724770642,0.568807339,0.110091743,7.52293578,0.201834862,0.073394495,33016,109,0.354751885,0.956140351,0.756944444,1,34.834,12.25287501,11.45595391,-15.57152519,737.412844,470.0825688,0.302325581,1,381,0,0,0,0,0
562861,399,0.754716981,0.220125786,0.289308176,0.176100629,0.163522013,0.150943396,5.427672956,2.48427673,0.113207547,0.213836478,0.094339623,0.056603774,4.188679245,0.496855346,1.081761006,0.446540881,0.119496855,0.075471698,0.566037736,0.050314465,0.446540881,0.157232704,4.389937107,0.41509434,1.628930818,0.578616352,0.106918239,11.25786164,0.238993711,0.13836478,33099,159,0.761700263,0.929824561,0.709821429,1,44.667,17.82261037,11.54779603,27.85028784,402.3396226,470.4716981,0.25,1,397,0,0,0,0,0
562861,400,0.670731707,0.231707317,0.512195122,0.073170732,0.134146341,0.146341463,3.365853659,2.695121951,0.048780488,0.304878049,0.109756098,0.036585366,4.756097561,0.475609756,0.158536585,0.365853659,0.012195122,0.048780488,0.365853659,0.024390244,0.512195122,0.182926829,3.280487805,0.402439024,1.670731707,0.585365854,0.170731707,13.36585366,0.243902439,0.170731707,33182,82,0.779784542,0.931818182,0.585714286,1,33.172,13.19935496,8.263429461,-81.77185792,386.1463415,474.8414634,0.575,3,396,397,404,0,0,0
562861,401,1.082568807,0.146788991,0.458715596,0.100917431,0.100917431,0.100917431,3.348623853,2.660550459,0.055045872,0.266055046,0.082568807,0.04587156,10.85321101,0.385321101,0.330275229,0.348623853,0.055045872,0.091743119,0.403669725,0.036697248,0.504587156,0.064220183,0.642201835,0.339449541,1.128440367,0.80733945,0.137614679,12.13761468,0.357798165,0.220183486,33265,109,0.817377598,0.923728814,0.726666667,1,37.538,15.85323672,9.13308618,-10.74821667,443.733945,474.1926606,0.391304348,1,392,0,0,0,0,0
562861,402,1.045977011,0.229885057,0.379310345,0.103448276,0.068965517,0.08045977,2.229885057,2.264367816,0.045977011,0.183908046,0.114942529,0.045977011,4.011494253,0.344827586,0.206896552,0.367816092,0.034482759,0.08045977,0.390804598,0.011494253,0.32183908,0.068965517,0.862068966,0.333333333,0.459770115,0.609195402,0.206896552,9.931034483,0.275862069,0.149425287,33348,87,0.830069866,0.935483871,0.621428571,1,33.362,14.30413922,7.976837831,24.00543589,131.9195402,473.8735632,0.604651163,3,391,395,413,0,0,0
562861,403,1.155555556,0.144444444,0.644444444,0.066666667,0.122222222,0.077777778,2.488888889,2.422222222,0.044444444,0.266666667,0.133333333,0.022222222,4.477777778,0.511111111,1.888888889,0.388888889,0.033333333,0.188888889,1.466666667,0.033333333,0.322222222,0.166666667,6.988888889,0.3,1.211111111,0.688888889,0.144444444,11.36666667,0.244444444,0.111111111,33431,90,0.612715666,0.957446809,0.75,1,31.84,12.18910832,9.633094127,68.35811775,147.3777778,473.2222222,0.475,2,383,387,0,0,0,0
562861,404,0.898305085,0.220338983,0.474576271,0.033898305,0.033898305,0.13559322,7.084745763,3.237288136,0.101694915,0.237288136,0.016949153,0.016949153,4.186440678,0.593220339,0.186440678,0.440677966,0.186440678,0.169491525,0.355932203,0.033898305,0.322033898,0.169491525,8.593220339,0.525423729,1.627118644,0.474576271,0.186440678,10.38983051,0.186440678,0.271186441,33514,59,0.717208576,0.936507937,0.670454545,1,26.878,10.6273876,7.405786064,-3.047449393,374.1864407,475.9661017,0.96969697,3,396,400,411,0,0,0
562861,405,1.020408163,0.198979592,0.418367347,0.096938776,0.107142857,0.137755102,3.336734694,2.566326531,0.12244898,0.270408163,0.071428571,0.06122449,5.714285714,0.37755102,2.142857143,0.428571429,0.086734694,0.137755102,1.020408163,0.015306122,0.413265306,0.153061224,4.428571429,0.413265306,1.382653061,0.882653061,0.209183673,12.26530612,0.204081633,0.183673469,33597,196,0.829571757,0.878923767,0.666666667,1,55.758,21.69698177,12.11559733,-4.91934877,473.8622449,472.9285714,0.183098592,1,408,0,0,0,0,0
562861,406,0.494949495,0.202020202,0.555555556,0.111111111,0.202020202,0.131313131,2.868686869,2.494949495,0.090909091,0.343434343,0.141414141,0.02020202,6.333333333,0.505050505,0.202020202,0.313131313,0.03030303,0.060606061,0.454545455,0.03030303,0.272727273,0.191919192,0.888888889,0.333333333,0.626262626,0.575757576,0.151515152,12.07070707,0.202020202,0.171717172,33680,99,0.22312669,0.942857143,0.6875,1,33.089,11.46675672,11.17767353,-11.77378087,280.7272727,474.7070707,0.395348837,2,378,388,0,0,0,0
562861,407,1.281481481,0.02962963,0.214814815,0.066666667,0.088888889,0.051851852,5.740740741,1.844444444,0.074074074,0.140740741,0.051851852,0.081481481,9.422222222,0.318518519,0.088888889,0.274074074,0.02962963,0.088888889,0.422222222,0.014814815,0.266666667,0.148148148,4.888888889,0.207407407,2.007407407,0.451851852,0.155555556,8.081481481,0.185185185,0.133333333,33763,135,0.746267488,0.957446809,0.703125,1,40.284,16.17478456,10.76668355,30.06054511,423.4888889,474.6814815,0.333333333,2,414,420,0,0,0,0
562861,408,0.730769231,0.211538462,0.596153846,0.134615385,0.125,0.115384615,3.173076923,2.471153846,0.105769231,0.211538462,0.105769231,0.067307692,6.567307692,0.490384615,0.278846154,0.413461538,0.076923077,0.067307692,0.644230769,0.009615385,0.471153846,0.125,3.067307692,0.307692308,0.894230769,0.692307692,0.182692308,9.692307692,0.211538462,0.067307692,33846,104,0.704534288,0.928571429,0.727272727,1,35.512,13.81435778,9.803634579,71.97809023,458.9903846,474.8557692,0.282608696,1,405,0,0,0,0,0
562861,409,0.597826087,0.163043478,0.402173913,0.054347826,0.065217391,0.108695652,2.130434783,2.086956522,0.130434783,0.195652174,0.108695652,0.032608696,4.739130435,0.239130435,1.130434783,0.304347826,0.02173913,0.032608696,0.793478261,0.043478261,0.217391304,0.086956522,0.663043478,0.456521739,0.739130435,0.391304348,0.141304348,8.445652174,0.304347826,0.445652174,33929,92,0.475111311,0.948453608,0.696969697,1,31.501,11.6309209,10.23434624,-61.53810383,81.19565217,479.4130435,0.023809524,1,427,0,0,0,0,0
562861,410,0.610526316,0.252631579,0.389473684,0.105263158,0.178947368,0.073684211,2.326315789,2.084210526,0.084210526,0.231578947,0.063157895,0.042105263,3.757894737,0.442105263,0.105263158,0.294736842,0.010526316,0.063157895,0.252631579,0.042105263,0.242105263,0.042105263,0.863157895,0.263157895,0.642105263,0.452631579,0.052631579,7.431578947,0.105263158,0.221052632,34012,95,0.606763443,0.95,0.730769231,1,32.51,12.41525467,9.868668164,-2.895727211,601.2631579,478.8,0.146341463,1,424,0,0,0,0,0
562861,411,0.84375,0.1875,0.322916667,0.09375,0.177083333,0.114583333,4.458333333,2.479166667,0.072916667,0.28125,0.03125,0.03125,4.708333333,0.416666667,0.177083333,0.479166667,0.041666667,0.083333333,0.333333333,0.03125,0.395833333,0.09375,2.354166667,0.4375,1.552083333,0.552083333,0.145833333,9.260416667,0.229166667,0.166666667,34095,96,0.658356829,0.897196262,0.623376623,1,34.768,12.97816543,9.768742667,4.951580277,369.0833333,482.4583333,0.363636364,1,404,0,0,0,0,0
562861,412,1.555555556,0.148148148,0.283950617,0.061728395,0.111111111,0.135802469,2.938271605,1.901234568,0.037037037,0.185185185,0.12345679,0.098765432,6.49382716,0.345679012,2.481481481,0.308641975,0.037037037,0.135802469,0.839506173,0.024691358,0.259259259,0.086419753,0.49382716,0.333333333,0.740740741,0.49382716,0.061728395,8,0.111111111,0.12345679,34178,81,0.630555376,0.91011236,0.613636364,1,31.493,11.70684353,9.086199449,38.16596255,490.5802469,481.2345679,0.487179487,2,419,423,0,0,0,0
562861,413,0.607142857,0.1,0.457142857,0.078571429,0.128571429,0.1,1.935714286,2.157142857,0.078571429,0.264285714,0.064285714,0.035714286,3.5,0.371428571,0.464285714,0.228571429,0.064285714,0.078571429,0.507142857,0.042857143,0.242857143,0.142857143,1.4,0.221428571,0.614285714,0.435714286,0.157142857,8.171428571,0.171428571,0.107142857,34261,140,0.741533625,0.909090909,0.625,1,43.104,16.69736401,11.20252375,35.60003591,123.0714286,484.2928571,0.363636364,3,395,402,422,0,0,0
562861,414,0.957142857,0.114285714,0.271428571,0.042857143,0.1,0.057142857,5.628571429,1.842857143,0.057142857,0.357142857,0.028571429,0.071428571,14.48571429,0.3,0.314285714,0.285714286,0.1,0.042857143,0.328571429,0.014285714,0.457142857,0.071428571,1.485714286,0.328571429,1.185714286,0.5,0.185714286,9.671428571,0.142857143,0.042857143,34344,70,0.503527026,0.833333333,0.578512397,1,32.204,10.83563374,9.361765158,46.72622548,424.4,484.0714286,0.710526316,3,407,420,428,0,0,0
562861,415,0.405660377,0.188679245,0.377358491,0.047169811,0.103773585,0.066037736,1.443396226,1.566037736,0.047169811,0.198113208,0.056603774,0.066037736,4,0.264150943,0.132075472,0.264150943,0.066037736,0.018867925,0.358490566,0.009433962,0.349056604,0.122641509,3.79245283,0.235849057,0.764150943,0.518867925,0.08490566,6.716981132,0.122641509,0.150943396,34427,106,0.633168312,0.946428571,0.679487179,1,34.867,13.34869157,10.33207602,-41.36283499,195.990566,484.7264151,0,0,0,0,0,0,0,0
562861,416,0.472,0.128,0.392,0.112,0.088,0.064,3.744,2.88,0.096,0.24,0.088,0.064,14.344,0.352,0.776,0.336,0.112,0.112,0.424,0.056,0.352,0.096,0.824,0.432,0.96,0.64,0.184,11.824,0.256,0.24,34510,125,0.771521643,0.925925926,0.595238095,1,42.153,16.3938351,10.42980832,-34.97012621,252.864,484,0.326923077,1,418,0,0,0,0,0
562861,417,0.440559441,0.195804196,0.377622378,0.097902098,0.118881119,0.06993007,2.958041958,2.006993007,0.055944056,0.258741259,0.055944056,0.055944056,5.629370629,0.244755245,0.118881119,0.335664336,0.104895105,0.055944056,0.27972028,0.034965035,0.27972028,0.104895105,0.559440559,0.307692308,0.608391608,0.482517483,0.167832168,8.174825175,0.188811189,0.216783217,34593,143,0.760030794,0.947019868,0.722222222,1,43.096,16.93440692,11.00545195,5.709207858,296.4055944,484.4405594,0,0,0,0,0,0,0,0
562861,418,1.040540541,0.094594595,0.256756757,0.094594595,0.135135135,0.108108108,6.337837838,3.351351351,0.121621622,0.22972973,0.094594595,0.094594595,26.37837838,0.581081081,1.864864865,0.5,0.121621622,0.027027027,0.756756757,0.013513514,0.418918919,0.297297297,10.77027027,0.351351351,2.391891892,0.959459459,0.162162162,13.22972973,0.283783784,0.175675676,34675,74,0.721257706,0.902439024,0.685185185,1,30.616,11.90416904,8.245622891,70.47361453,262.4594595,485.3648649,0.444444444,1,416,0,0,0,0,0
562861,419,1.358208955,0.208955224,0.313432836,0.059701493,0.134328358,0.104477612,2.492537313,2.23880597,0.104477612,0.298507463,0.029850746,0.029850746,7.23880597,0.402985075,0.388059701,0.402985075,0.104477612,0.074626866,0.373134328,0.059701493,0.268656716,0.089552239,0.567164179,0.358208955,0.567164179,0.47761194,0.164179104,7.865671642,0.149253731,0.104477612,34758,67,0.618453147,0.893333333,0.609090909,1,29.971,10.86015173,8.534142618,80.53486373,483.1492537,486.1641791,0.702702703,3,412,423,440,0,0,0
562861,420,1.376623377,0.077922078,0.337662338,0.090909091,0.142857143,0.116883117,10.97402597,3.012987013,0.12987013,0.116883117,0.038961039,0.12987013,21.97402597,0.545454545,0.220779221,0.519480519,0.077922078,0.077922078,0.285714286,0.038961039,0.441558442,0.25974026,8.142857143,0.337662338,2.584415584,0.857142857,0.246753247,17.02597403,0.298701299,0.246753247,34841,77,0.548573834,0.93902439,0.777777778,1,31.352,11.16661296,9.33642873,1.578944024,416.0779221,485.6623377,0.72972973,3,407,414,428,0,0,0
562861,421,0.835526316,0.368421053,0.644736842,0.065789474,0.144736842,0.098684211,3.236842105,2.960526316,0.072368421,0.407894737,0.105263158,0.052631579,10.03289474,0.631578947,0.592105263,0.401315789,0.105263158,0.144736842,0.407894737,0.032894737,0.539473684,0.315789474,5.855263158,0.388157895,0.638157895,0.835526316,0.309210526,11.85526316,0.269736842,0.263157895,34924,152,0.409306495,0.932515337,0.723809524,1,43.675,14.77293903,13.4787845,40.02637441,644.2302632,486.2302632,0.303571429,1,425,0,0,0,0,0
562861,422,0.694444444,0.185185185,0.425925926,0.111111111,0.185185185,0.111111111,3.407407407,2.546296296,0.092592593,0.342592593,0.092592593,0.037037037,2.268518519,0.444444444,0.537037037,0.5,0.12962963,0.101851852,0.518518519,0.027777778,0.296296296,0.083333333,1.157407407,0.37962963,1.712962963,0.555555556,0.12962963,10.74074074,0.222222222,0.240740741,35007,108,0.757391146,0.870967742,0.701298701,1,38.572,15.0186943,9.806628372,-7.300394106,136.8796296,489.0833333,0.586956522,2,413,433,0,0,0,0
562861,423,1.470588235,0.141176471,0.141176471,0.105882353,0.082352941,0.094117647,3.611764706,1.964705882,0.058823529,0.2,0.094117647,0.047058824,7.717647059,0.282352941,0.094117647,0.270588235,0.047058824,0.035294118,0.317647059,0.023529412,0.235294118,0.070588235,0.364705882,0.2,0.576470588,0.388235294,0.117647059,6.882352941,0.094117647,0.152941176,35090,85,0.371817643,0.934065934,0.702479339,1,31.286,11.00161123,10.21285941,-15.34272987,490.3647059,491.4941176,0.692307692,4,412,419,440,456,0,0
562861,425,0.707070707,0.151515152,0.464646465,0.050505051,0.141414141,0.141414141,2.292929293,2.090909091,0.141414141,0.242424242,0.04040404,0.03030303,4.282828283,0.303030303,3.606060606,0.303030303,0.080808081,0.04040404,0.898989899,0.04040404,0.282828283,0.151515152,0.97979798,0.404040404,0.858585859,0.747474747,0.161616162,11.01010101,0.222222222,0.111111111,35256,99,0.697465717,0.961165049,0.6875,1,33.362,13.35906608,9.573349226,45,653.8383838,490.8383838,0.409090909,1,421,0,0,0,0,0
562861,426,0.376811594,0.188405797,0.434782609,0.057971014,0.15942029,0.072463768,3.536231884,2.536231884,0.086956522,0.289855072,0.072463768,0.101449275,24.53623188,0.492753623,0.304347826,0.434782609,0,0.101449275,0.304347826,0,0.391304348,0.130434783,4.594202899,0.449275362,1.927536232,0.550724638,0.289855072,9.739130435,0.188405797,0.202898551,35339,69,0.673388507,0.958333333,0.696969697,1,27.457,11.04199152,8.163220584,16.97157126,22.7826087,492.0289855,0.638888889,2,436,442,0,0,0,0
562861,427,1,0.164835165,0.318681319,0.054945055,0.120879121,0.054945055,2.615384615,2.340659341,0.043956044,0.296703297,0.065934066,0,5.131868132,0.384615385,0.307692308,0.384615385,0.054945055,0.10989011,0.274725275,0,0.263736264,0.032967033,0.56043956,0.186813187,0.582417582,0.450549451,0.10989011,6.21978022,0.164835165,0.098901099,35422,91,0.517745526,0.957894737,0.758333333,1,31.013,11.69798575,10.00803237,-9.495192863,78.63736264,492.6043956,0.025,1,409,0,0,0,0,0
562861,428,0.631147541,0.139344262,0.37704918,0.073770492,0.196721311,0.073770492,3.704918033,2.43442623,0.073770492,0.172131148,0.073770492,0.06557377,8.696721311,0.31147541,0.467213115,0.442622951,0.114754098,0.049180328,0.360655738,0.040983607,0.418032787,0.139344262,0.786885246,0.475409836,0.959016393,0.56557377,0.114754098,9.87704918,0.196721311,0.12295082,35505,122,0.743044082,0.917293233,0.693181818,1,40.441,15.56474582,10.41658904,21.84742564,415.5737705,494.4754098,0.918367347,5,414,420,438,450,453,0
562861,429,0.569343066,0.226277372,0.299270073,0.065693431,0.153284672,0.116788321,3.919708029,2.058394161,0.065693431,0.313868613,0.03649635,0.051094891,3.861313869,0.627737226,3.299270073,0.401459854,0.04379562,0.116788321,0.883211679,0.01459854,0.437956204,0.233576642,3.401459854,0.321167883,0.766423358,0.810218978,0.233576642,11.2919708,0.270072993,0.167883212,35588,137,0.694758652,0.925675676,0.619909502,1,42.269,15.81009447,11.37129893,10.63390961,210.8029197,494.9124088,0.333333333,1,446,0,0,0,0,0
562861,430,0.475609756,0.170731707,0.43902439,0.097560976,0.12195122,0.134146341,6.682926829,2.37804878,0.134146341,0.365853659,0.158536585,0.036585366,3.353658537,0.390243902,0.646341463,0.670731707,0.109756098,0.073170732,0.707317073,0.036585366,0.512195122,0.268292683,7.987804878,0.524390244,2.256097561,0.62195122,0.146341463,11.34146341,0.219512195,0.219512195,35671,82,0.715355442,0.921348315,0.573426573,1,32.527,12.56430312,8.779441922,-26.40910726,284.5487805,494.2682927,0.476190476,1,443,0,0,0,0,0
562861,431,0.9140625,0.203125,0.2734375,0.0703125,0.1328125,0.140625,3.3125,3.8359375,0.0703125,0.28125,0.09375,0.0546875,8.0703125,0.65625,1.234375,0.515625,0.0703125,0.1640625,0.2734375,0.03125,0.3515625,0.2265625,0.7890625,0.296875,1.0625,0.65625,0.1640625,10.4609375,0.21875,0.1953125,35754,128,0.571140256,0.914285714,0.666666667,1,41.508,14.6428525,12.01962191,-87.70637273,227.625,498.6328125,0.339622642,1,446,0,0,0,0,0
562861,432,0.558441558,0.181818182,0.493506494,0,0.051948052,0.064935065,3,2.480519481,0.116883117,0.246753247,0.090909091,0.077922078,6.168831169,0.363636364,0.090909091,0.402597403,0.051948052,0.103896104,0.467532468,0.051948052,0.337662338,0.103896104,1.376623377,0.532467532,1.168831169,0.961038961,0.272727273,10.36363636,0.311688312,0.12987013,35837,77,0.410714169,0.950617284,0.7,1,29.417,10.64403587,9.704850352,21.01766039,446.012987,494.7922078,0.789473684,2,434,447,0,0,0,0
562861,433,0.569620253,0.151898734,0.392405063,0.101265823,0.050632911,0.113924051,1.316455696,1.658227848,0.063291139,0.341772152,0.113924051,0.050632911,2.46835443,0.253164557,0.164556962,0.253164557,0.075949367,0.037974684,0.291139241,0.012658228,0.329113924,0.126582278,0.746835443,0.240506329,0.518987342,0.367088608,0.063291139,6.82278481,0.17721519,0.139240506,35920,79,0.548072308,0.975308642,0.797979798,1,28.929,11.05774328,9.249038796,-10.57244889,135.5949367,496.7721519,0.527777778,1,422,0,0,0,0,0
562861,434,0.517241379,0.149425287,0.75862069,0.103448276,0.114942529,0.114942529,2.333333333,2.597701149,0.034482759,0.229885057,0.172413793,0.057471264,3.517241379,0.551724138,0.425287356,0.367816092,0.126436782,0.114942529,0.563218391,0.045977011,0.379310345,0.103448276,3.655172414,0.344827586,0.655172414,0.528735632,0.16091954,10.05747126,0.275862069,0.218390805,36003,87,0.651623096,0.90625,0.608391608,1,33.825,12.54185613,9.513536004,78.7473981,453.6091954,497.6321839,0.428571429,2,432,447,0,0,0,0
562861,435,1.111111111,0.211111111,0.333333333,0.2,0.111111111,0.155555556,5.477777778,2.288888889,0.144444444,0.277777778,0.044444444,0.044444444,6.766666667,0.5,0.533333333,0.411111111,0.055555556,0.055555556,0.666666667,0.022222222,0.422222222,0.144444444,11.88888889,0.355555556,2.233333333,0.733333333,0.188888889,8.433333333,0.211111111,0.166666667,36086,90,0.614504317,0.947368421,0.681818182,1,31.493,12.17967052,9.608705994,55.74838166,612.8777778,494.8555556,0.452380952,1,424,0,0,0,0,0
562861,437,0.821705426,0.178294574,0.387596899,0.093023256,0.085271318,0.031007752,3,2.465116279,0.108527132,0.19379845,0.054263566,0.03875969,3.643410853,0.410852713,2.341085271,0.348837209,0.015503876,0.124031008,0.88372093,0.031007752,0.379844961,0.124031008,0.860465116,0.387596899,0.92248062,0.511627907,0.139534884,9.395348837,0.263565891,0.170542636,36252,129,0.757721403,0.895833333,0.658163265,1,42.823,16.23255464,10.5930109,56.60422011,354.8604651,499.5271318,0,0,0,0,0,0,0,0
562861,438,0.610169492,0.211864407,0.466101695,0.177966102,0.084745763,0.084745763,3.211864407,1.677966102,0.059322034,0.220338983,0.144067797,0.033898305,4.830508475,0.415254237,1.237288136,0.338983051,0.110169492,0.101694915,1.279661017,0.033898305,0.220338983,0.237288136,0.93220339,0.415254237,0.703389831,0.601694915,0.144067797,8.144067797,0.271186441,0.118644068,36335,118,0.814552095,0.944,0.694117647,1,39.242,16.308553,9.460435202,6.450188957,397.8220339,497.4152542,0.653061224,6,428,444,452,453,454,455
562861,439,1.03164557,0.139240506,0.32278481,0.107594937,0.069620253,0.056962025,2.740506329,5.170886076,0.056962025,0.575949367,0.075949367,0.075949367,3.803797468,0.594936709,0.126582278,0.398734177,0.069620253,0.050632911,0.227848101,0.012658228,0.670886076,0.132911392,0.639240506,0.563291139,0.537974684,0.392405063,0.158227848,5.696202532,0.227848101,0.107594937,36418,158,0.816801021,0.902857143,0.593984962,1,47.231,19.19075083,11.07151808,-24.30077477,752.5696203,495.1329114,0,0,0,0,0,0,0,0
562861,440,0.755102041,0.214285714,0.520408163,0.102040816,0.102040816,0.193877551,1.928571429,1.775510204,0.06122449,0.183673469,0.051020408,0.051020408,5.673469388,0.397959184,0.12244898,0.306122449,0.071428571,0.06122449,0.408163265,0.010204082,0.244897959,0.081632653,1.224489796,0.244897959,0.397959184,0.43877551,0.12244898,9.265306122,0.316326531,0.112244898,36501,98,0.490999459,0.942307692,0.742424242,1,32.791,12.06826545,10.51338865,11.66711853,481.2653061,498.0612245,0.452380952,3,419,423,456,0,0,0
562861,441,0.823170732,0.146341463,0.298780488,0.073170732,0.103658537,0.115853659,2.396341463,3.853658537,0.067073171,0.274390244,0.091463415,0.042682927,5.585365854,0.475609756,0.56097561,0.286585366,0.067073171,0.097560976,0.487804878,0.042682927,0.445121951,0.182926829,0.62195122,0.457317073,0.493902439,0.487804878,0.164634146,6.31097561,0.219512195,0.12195122,36583,164,0.577126625,0.916201117,0.602941176,1,47.711,16.50796563,13.48130731,61.55445387,506.3719512,499.945122,0.163934426,1,456,0,0,0,0,0
562861,442,1.1875,0.234375,0.34375,0.078125,0.171875,0.140625,5.875,3.28125,0.09375,0.296875,0.203125,0.046875,20.515625,0.625,0.1875,0.453125,0.03125,0.015625,0.25,0.03125,0.40625,0.234375,1.90625,0.453125,3.53125,0.609375,0.203125,14.5,0.328125,0.25,36666,64,0.769813518,0.876712329,0.52892562,1,30.178,11.61409581,7.412915773,-47.25905091,20.6875,500.21875,0.583333333,2,426,436,0,0,0,0
562861,443,0.652631579,0.178947368,0.368421053,0.073684211,0.136842105,0.084210526,5.231578947,2.336842105,0.073684211,0.242105263,0.021052632,0.021052632,8.357894737,0.621052632,0.315789474,0.378947368,0.126315789,0.105263158,0.326315789,0.084210526,0.357894737,0.115789474,1.957894737,0.263157895,2.4,0.694736842,0.147368421,8.757894737,0.178947368,0.105263158,36749,95,0.363426328,0.969387755,0.659722222,1,33.081,11.65560507,10.85862907,63.08735503,279,500.6736842,0.522727273,2,430,461,0,0,0,0
562861,444,0.648648649,0.135135135,0.337837838,0.121621622,0.067567568,0.094594595,6.783783784,2.581081081,0.189189189,0.256756757,0.081081081,0.040540541,11.27027027,0.391891892,0.094594595,0.351351351,0.108108108,0.067567568,0.418918919,0.013513514,0.459459459,0.337837838,11.31081081,0.513513514,2.891891892,0.378378378,0.189189189,9.689189189,0.256756757,0.148648649,36832,74,0.80930534,0.902439024,0.711538462,1,32.138,13.01870971,7.647036119,2.324962972,382.6486486,497.8918919,0.585365854,3,438,452,454,0,0,0
562861,445,0.510638298,0.191489362,0.340425532,0.010638298,0.117021277,0.095744681,2.755319149,2.180851064,0.063829787,0.29787234,0.053191489,0.042553191,5.670212766,0.29787234,0.861702128,0.372340426,0.074468085,0.042553191,0.457446809,0.021276596,0.212765957,0.117021277,0.627659574,0.308510638,0.755319149,0.425531915,0.138297872,8.191489362,0.14893617,0.127659574,36915,94,0.573968828,0.949494949,0.723076923,1,32.328,12.17415583,9.969138016,1.381701808,194.0531915,500.3829787,0.048780488,1,451,0,0,0,0,0
562861,446,0.707317073,0.219512195,0.402439024,0.182926829,0.134146341,0.024390244,3.195121951,1.951219512,0.036585366,0.353658537,0.158536585,0.012195122,3.43902439,0.719512195,0.231707317,0.317073171,0.146341463,0.207317073,0.43902439,0.024390244,0.487804878,0.158536585,0.658536585,0.268292683,0.743902439,1.024390244,0.134146341,10.32926829,0.329268293,0.219512195,36998,82,0.578040862,0.942528736,0.683333333,1,31.005,11.60607655,9.470649228,-66.00959248,218.7073171,501.695122,0.743589744,2,429,431,0,0,0,0
562861,447,0.804347826,0.097826087,0.413043478,0.108695652,0.141304348,0.086956522,3.032608696,2.391304348,0.086956522,0.423913043,0.076086957,0.02173913,7.652173913,0.47826087,3.152173913,0.510869565,0.065217391,0.130434783,0.706521739,0.02173913,0.358695652,0.108695652,0.739130435,0.369565217,0.543478261,0.489130435,0.152173913,9.434782609,0.282608696,0.173913043,37081,92,0.340067573,0.93877551,0.638888889,1,33.941,11.35478947,10.6780554,-27.90212027,439.1086957,500.5543478,0.409090909,3,432,434,450,0,0,0
562861,448,1.371428571,0.180952381,0.4,0.066666667,0.104761905,0.10952381,2.147619048,2.404761905,0.028571429,0.2,0.061904762,0.071428571,18.52380952,0.404761905,0.9,0.385714286,0.095238095,0.057142857,0.366666667,0.033333333,0.271428571,0.1,0.633333333,0.39047619,0.766666667,0.438095238,0.142857143,8.242857143,0.219047619,0.138095238,37164,210,0.678996657,0.954545455,0.666666667,1,51.54,19.245534,14.12894255,6.21315983,577.252381,500.2857143,0,0,0,0,0,0,0,0
562861,449,1.262135922,0.145631068,0.330097087,0.048543689,0.087378641,0.077669903,2.631067961,2.45631068,0.126213592,0.223300971,0.077669903,0.029126214,6.912621359,0.398058252,0.194174757,0.291262136,0.087378641,0.038834951,0.194174757,0,0.242718447,0.087378641,0.582524272,0.339805825,0.563106796,0.417475728,0.145631068,6.747572816,0.184466019,0.203883495,37247,103,0.577753449,0.953703704,0.72027972,1,33.461,12.7560992,10.41167283,15.85513377,775.8543689,500.8737864,0,0,0,0,0,0,0,0
562861,450,1.059782609,0.233695652,0.451086957,0.114130435,0.130434783,0.157608696,4.434782609,2.505434783,0.135869565,0.309782609,0.081521739,0.048913043,6.35326087,0.434782609,0.157608696,0.538043478,0.054347826,0.092391304,0.461956522,0.048913043,0.391304348,0.222826087,1.092391304,0.47826087,1.266304348,0.625,0.184782609,11.97826087,0.25,0.25,37330,184,0.594147946,0.934010152,0.636678201,1,49.464,17.45864074,14.04295856,47.86350972,423.2391304,502.6956522,0.612903226,4,428,447,453,462,0,0
562861,451,1.176470588,0.117647059,0.470588235,0.137254902,0.088235294,0.12745098,2.960784314,2.068627451,0.049019608,0.352941176,0.098039216,0.039215686,9.460784314,0.411764706,2.950980392,0.37254902,0.078431373,0.107843137,1.196078431,0,0.382352941,0.088235294,0.784313725,0.411764706,1.235294118,0.833333333,0.117647059,12.59803922,0.274509804,0.196078431,37413,102,0.669296434,0.927272727,0.607142857,1,35.628,13.40592415,9.960541052,27.33084747,179.5686275,502.8333333,0.044444444,1,445,0,0,0,0,0
562861,452,0.53968254,0.095238095,0.507936508,0.158730159,0.142857143,0.111111111,6.206349206,2.952380952,0.095238095,0.507936508,0.047619048,0.079365079,8.920634921,0.619047619,0.619047619,0.428571429,0.095238095,0.063492063,0.317460317,0.047619048,0.396825397,0.333333333,6.206349206,0.396825397,2.158730159,0.650793651,0.111111111,11.04761905,0.26984127,0.238095238,37496,63,0.59039847,0.768292683,0.403846154,1,37.274,11.66567551,9.415505717,34.06312826,383.3333333,504.2698413,0.825,3,438,444,454,0,0,0
562861,453,0.385714286,0.171428571,0.771428571,0.042857143,0.057142857,0.071428571,3.742857143,1.585714286,0.157142857,0.328571429,0.042857143,0.014285714,3.557142857,0.328571429,0.328571429,0.314285714,0.042857143,0.042857143,0.328571429,0.042857143,0.285714286,0.085714286,4.914285714,0.214285714,0.528571429,0.571428571,0.171428571,8.371428571,0.142857143,0.142857143,37579,70,0.790320895,0.897435897,0.578512397,1,30.633,12.39145715,7.592160782,-40.19828563,409.5714286,502.4285714,1,5,428,438,450,455,459,0
562861,454,0.526315789,0.2,0.494736842,0.073684211,0.084210526,0.105263158,3.515789474,2.284210526,0.063157895,0.221052632,0.063157895,0.073684211,9.831578947,0.452631579,0.126315789,0.357894737,0.063157895,0.063157895,0.4,0.031578947,0.347368421,0.084210526,1.4,0.378947368,1.178947368,0.536842105,0.168421053,8.368421053,0.242105263,0.147368421,37662,95,0.295528027,0.922330097,0.71969697,1,35.57,11.65550348,11.13489957,-5.87995383,391.1789474,505.9894737,0.837209302,4,438,444,452,455,0,0
562861,455,0.611764706,0.270588235,1.247058824,0.047058824,0.223529412,0.117647059,5.035294118,1.6,0.094117647,0.282352941,0.070588235,0.105882353,2.976470588,0.352941176,0.811764706,0.388235294,0.035294118,0.070588235,0.517647059,0.047058824,0.4,0.282352941,13.23529412,0.352941176,0.447058824,0.423529412,0.141176471,8.623529412,0.164705882,0.164705882,37745,85,0.686246107,0.894736842,0.653846154,1,34.28,12.51438117,9.102578237,58.2979132,401.2352941,506.0588235,0.976190476,4,438,453,454,459,0,0
562861,456,0.702898551,0.115942029,0.34057971,0.123188406,0.15942029,0.079710145,2.710144928,2.144927536,0.065217391,0.144927536,0.072463768,0.036231884,4.311594203,0.362318841,0.608695652,0.268115942,0.057971014,0.079710145,0.420289855,0.043478261,0.297101449,0.101449275,0.753623188,0.355072464,0.942028986,0.442028986,0.202898551,9.434782609,0.224637681,0.137681159,37828,138,0.605985234,0.945205479,0.704081633,1,39.92,14.95124027,11.8933512,41.92862916,492.3768116,505.384058,0.365384615,3,423,440,441,0,0,0
562861,457,0.737864078,0.116504854,0.291262136,0.029126214,0.194174757,0.126213592,2.203883495,2.029126214,0.087378641,0.310679612,0.038834951,0.058252427,9.766990291,0.242718447,0.27184466,0.213592233,0.048543689,0.077669903,0.27184466,0.019417476,0.165048544,0.165048544,0.59223301,0.300970874,0.660194175,0.330097087,0.155339806,7.796116505,0.165048544,0.097087379,37911,103,0.56531312,0.944954128,0.715277778,1,34.197,12.71274728,10.48644522,31.33961506,257.223301,509.2912621,0,0,0,0,0,0,0,0
562861,458,0.515384615,0.130769231,0.476923077,0.107692308,0.123076923,0.092307692,3.338461538,1.915384615,0.046153846,0.261538462,0.084615385,0.084615385,4.038461538,0.415384615,0.561538462,0.423076923,0.069230769,0.076923077,0.407692308,0.023076923,0.307692308,0.261538462,6.192307692,0.376923077,0.607692308,0.492307692,0.161538462,9.361538462,0.2,0.161538462,37994,130,0.586215843,0.955882353,0.722222222,1,38.324,14.36703755,11.63952608,7.893600234,461.7923077,509.8,0,0,0,0,0,0,0,0
562861,459,0.608108108,0.067567568,0.756756757,0.067567568,0.067567568,0.054054054,4.081081081,1.554054054,0.135135135,0.148648649,0.121621622,0.054054054,3.27027027,0.162162162,0.121621622,0.378378378,0.067567568,0.067567568,0.175675676,0.027027027,0.283783784,0.067567568,2.027027027,0.405405405,0.391891892,0.27027027,0.121621622,7.959459459,0.189189189,0.121621622,38077,74,0.734118312,0.948717949,0.685185185,1,29.136,11.91900811,8.093263703,25.88933303,408.1486486,510.5540541,0.621621622,2,453,455,0,0,0,0
562861,460,1.101449275,0.130434783,0.369565217,0.188405797,0.210144928,0.144927536,3.427536232,2.144927536,0.137681159,0.369565217,0.072463768,0.057971014,7.123188406,0.949275362,1.144927536,0.492753623,0.130434783,0.094202899,0.637681159,0.057971014,0.536231884,0.195652174,1.282608696,0.579710145,1.427536232,0.731884058,0.239130435,8.528985507,0.297101449,0.173913043,38160,138,0.448830145,0.93877551,0.704081633,1,42.087,14.18426713,12.6753035,-45.48698028,328.442029,513.2826087,0,0,0,0,0,0,0,0
562861,461,0.865384615,0.125,0.298076923,0.105769231,0.086538462,0.096153846,3.144230769,2.615384615,0.019230769,0.240384615,0.038461538,0.086538462,9.307692308,0.375,1.288461538,0.346153846,0.048076923,0.105769231,0.451923077,0.019230769,0.298076923,0.125,0.538461538,0.278846154,0.971153846,0.365384615,0.201923077,9.730769231,0.173076923,0.173076923,38243,104,0.457969447,0.936936937,0.666666667,1,35.049,12.412504,11.03431803,59.71888298,281.6923077,513.9230769,0.133333333,2,443,476,0,0,0,0
562861,462,0.552941176,0.141176471,0.294117647,0.105882353,0.117647059,0.141176471,2.517647059,2.564705882,0.070588235,0.411764706,0.117647059,0.047058824,5.364705882,0.388235294,0.705882353,0.294117647,0.035294118,0.023529412,0.447058824,0.047058824,0.494117647,0.105882353,0.517647059,0.447058824,0.470588235,0.411764706,0.105882353,7.258823529,0.176470588,0.2,38326,85,0.640381227,0.95505618,0.787037037,1,30.434,11.95442168,9.181679808,9.493393787,423.7058824,515.0941176,0.342105263,1,450,0,0,0,0,0
562861,463,1.4,0.17,0.27,0.07,0.13,0.13,5.22,2.69,0.06,0.22,0.08,0.09,10.64,0.47,0.32,0.6,0.06,0.06,0.45,0,0.33,0.12,4,0.34,1.9,0.42,0.14,8.21,0.19,0.21,38408,100,0.669600509,0.925925926,0.649350649,1,34.586,13.2089259,9.810552652,18.51428391,736.46,516.07,0,0,0,0,0,0,0,0
562861,464,1.14516129,0.201612903,0.35483871,0.088709677,0.112903226,0.112903226,3.306451613,2.290322581,0.088709677,0.217741935,0.072580645,0.088709677,7.814516129,0.435483871,2.508064516,0.411290323,0.088709677,0.112903226,1,0.024193548,0.435483871,0.137096774,6.60483871,0.346774194,1.629032258,0.685483871,0.193548387,9.25,0.225806452,0.14516129,38491,124,0.592111746,0.946564885,0.688888889,1,38.051,14.14087041,11.3955034,1.596236306,512.483871,518.4354839,0.12244898,1,477,0,0,0,0,0
562861,465,0.666666667,0.155555556,0.444444444,0.133333333,0.1,0.1,3.066666667,1.955555556,0.077777778,0.166666667,0.044444444,0.111111111,4.822222222,0.277777778,1.688888889,0.3,0.033333333,0.144444444,0.866666667,0.066666667,0.277777778,0.155555556,0.644444444,0.3,0.811111111,0.577777778,0.111111111,8.744444444,0.211111111,0.155555556,38574,90,0.635557258,0.967741935,0.833333333,1,31.17,12.2491495,9.45700163,0.526635255,549.5222222,518.0666667,0.394736842,1,475,0,0,0,0,0
562861,466,1.349593496,0.243902439,0.495934959,0.113821138,0.12195122,0.105691057,7.195121951,3.154471545,0.138211382,0.178861789,0.089430894,0.097560976,12.70731707,0.772357724,0.260162602,0.406504065,0.073170732,0.073170732,0.390243902,0.024390244,0.390243902,0.195121951,4.06504065,0.487804878,1.991869919,0.577235772,0.113821138,10.09756098,0.317073171,0.276422764,38657,123,0.736294788,0.92481203,0.62755102,1,39.176,15.51728696,10.49994149,-48.81578782,608.5528455,517.2601626,0.403846154,1,472,0,0,0,0,0
562861,467,0.84375,0.104166667,0.25,0.09375,0.0625,0.09375,2.489583333,2.072916667,0.041666667,0.208333333,0.083333333,0.0625,8.770833333,0.40625,0.166666667,0.21875,0.010416667,0.03125,0.333333333,0.010416667,0.197916667,0.0625,0.65625,0.34375,0.770833333,0.395833333,0.135416667,7.5,0.1875,0.166666667,38740,96,0.528973657,0.932038835,0.671328671,1,33.18,12.10412498,10.27202337,-5.960949603,124.78125,520.4479167,0,0,0,0,0,0,0,0
562861,468,0.65,0.107142857,0.45,0.096428571,0.107142857,0.078571429,3.914285714,2.114285714,0.128571429,0.25,0.085714286,0.060714286,4.321428571,0.5,1.421428571,0.407142857,0.089285714,0.117857143,0.996428571,0.014285714,0.314285714,0.110714286,1.6,0.342857143,1.367857143,0.553571429,0.132142857,10.64285714,0.225,0.171428571,38823,280,0.644607999,0.930232558,0.676328502,1,62.225,21.98441739,16.80737865,-74.9258297,214.2321429,528.5607143,0.1875,1,502,0,0,0,0,0
562861,469,0.721518987,0.202531646,0.253164557,0.063291139,0.17721519,0.075949367,2.151898734,2.35443038,0.101265823,0.316455696,0.101265823,0.050632911,3.075949367,0.35443038,0.126582278,0.278481013,0.012658228,0.037974684,0.303797468,0.050632911,0.35443038,0.050632911,0.64556962,0.240506329,0.46835443,0.367088608,0.17721519,7.594936709,0.202531646,0.088607595,38906,79,0.679626452,0.929411765,0.675213675,1,31.377,12.01680779,8.815029966,6.852541189,61.51898734,522.3417722,0.473684211,1,481,0,0,0,0,0
562861,470,0.829268293,0.329268293,0.341463415,0.085365854,0.085365854,0.109756098,3.292682927,2.536585366,0.085365854,0.231707317,0.134146341,0.085365854,6.682926829,0.219512195,0.280487805,0.426829268,0.06097561,0.182926829,0.451219512,0.06097561,0.268292683,0.048780488,0.719512195,0.475609756,0.804878049,0.597560976,0.085365854,9.231707317,0.219512195,0.170731707,38989,82,0.714803398,0.911111111,0.683333333,1,33.155,12.67344035,8.862859527,61.0932068,475.1097561,522.2195122,0.375,1,473,0,0,0,0,0
562861,471,1.471698113,0.339622642,0.471698113,0.160377358,0.179245283,0.160377358,2.216981132,2.556603774,0.188679245,0.396226415,0.056603774,0.056603774,5.245283019,0.5,0.20754717,0.377358491,0.08490566,0.075471698,0.462264151,0.037735849,0.254716981,0.122641509,2.150943396,0.367924528,0.839622642,0.556603774,0.198113208,7.330188679,0.301886792,0.141509434,39072,106,0.532633032,0.905982906,0.679487179,1,37.373,12.95289403,10.96263389,-1.26886317,494.0660377,522.7169811,0.266666667,1,473,0,0,0,0,0
562861,472,1.008695652,0.130434783,0.660869565,0.052173913,0.104347826,0.069565217,3.034782609,2.556521739,0.07826087,0.2,0.113043478,0.034782609,7.113043478,0.539130435,1.67826087,0.4,0.043478261,0.069565217,0.8,0.017391304,0.339130435,0.113043478,1.495652174,0.382608696,0.92173913,0.756521739,0.165217391,11.90434783,0.32173913,0.182608696,39155,115,0.458751481,0.912698413,0.68452381,1,38.415,13.08273565,11.62485599,-7.114269327,600.2695652,522.7478261,0.375,1,466,0,0,0,0,0
562861,473,1.023255814,0.244186047,0.325581395,0.081395349,0.127906977,0.104651163,2.5,2.534883721,0.034883721,0.302325581,0.093023256,0.023255814,6.441860465,0.406976744,0.069767442,0.395348837,0.081395349,0.046511628,0.38372093,0,0.441860465,0.104651163,0.779069767,0.38372093,0.76744186,0.418604651,0.151162791,8.511627907,0.220930233,0.058139535,39238,86,0.437201084,0.934782609,0.716666667,1,31.377,11.20340844,10.07593978,-61.73111913,483.4767442,523.3953488,0.743589744,2,470,471,0,0,0,0
562861,474,1,0.125,0.196428571,0.089285714,0.125,0.107142857,2.928571429,2.883928571,0.071428571,0.607142857,0.035714286,0.044642857,3.544642857,0.401785714,0.116071429,0.294642857,0.0625,0.125,0.330357143,0.008928571,0.901785714,0.169642857,0.580357143,0.428571429,0.410714286,0.339285714,0.098214286,6.857142857,0.267857143,0.116071429,39321,112,0.506310416,0.949152542,0.662721893,1,35.901,12.97417564,11.18829721,-43.0975252,20.48214286,528.0982143,0.043478261,1,483,0,0,0,0,0
562861,475,0.745098039,0.176470588,0.343137255,0.117647059,0.205882353,0.088235294,4.549019608,2.568627451,0.117647059,0.235294118,0.058823529,0.098039216,9.362745098,0.421568627,2.588235294,0.392156863,0.058823529,0.078431373,0.833333333,0.029411765,0.431372549,0.166666667,1.107843137,0.284313725,1.725490196,0.62745098,0.176470588,11.89215686,0.205882353,0.176470588,39404,102,0.45982092,0.927272727,0.653846154,1,35.512,12.32659049,10.94615617,20.1507127,551.0392157,527.0588235,0.613636364,3,465,479,496,0,0,0
562861,476,0.641509434,0.179245283,0.490566038,0.160377358,0.160377358,0.113207547,3.367924528,1.943396226,0.198113208,0.29245283,0.056603774,0.103773585,5.018867925,0.41509434,1.698113208,0.433962264,0.066037736,0.047169811,0.481132075,0.056603774,0.349056604,0.169811321,0.830188679,0.349056604,1.056603774,0.528301887,0.160377358,8.141509434,0.169811321,0.113207547,39487,106,0.584483192,0.938053097,0.741258741,1,35.239,13.05858047,10.59580815,-12.53459111,282.3113208,527.6132075,0.043478261,1,461,0,0,0,0,0
562861,477,1.292035398,0.159292035,0.654867257,0.088495575,0.115044248,0.17699115,3.628318584,2.362831858,0.123893805,0.300884956,0.079646018,0.026548673,12.2300885,0.681415929,0.221238938,0.362831858,0.123893805,0.053097345,0.336283186,0.017699115,0.566371681,0.212389381,1.008849558,0.345132743,0.831858407,0.902654867,0.115044248,11.53097345,0.318584071,0.221238938,39570,113,0.831568314,0.80141844,0.504464286,1,45.445,17.05997044,9.475491214,43.63536832,521.3362832,527.6548673,0.636363636,4,464,478,488,498,0,0
562861,478,1.320754717,0.169811321,0.622641509,0.132075472,0.056603774,0.132075472,3.754716981,2.075471698,0.075471698,0.20754717,0.094339623,0.132075472,11.98113208,0.830188679,0.320754717,0.471698113,0.132075472,0.132075472,0.603773585,0,0.358490566,0.301886792,1.679245283,0.358490566,0.849056604,0.924528302,0.150943396,15.26415094,0.41509434,0.264150943,39653,53,0.6766003,0.946428571,0.6625,1,24.546,9.781307017,7.202470145,38.01621524,527.8301887,529.6226415,1,3,477,488,492,0,0,0
562861,479,0.554455446,0.217821782,0.584158416,0.099009901,0.168316832,0.079207921,3.059405941,2.237623762,0.069306931,0.207920792,0.089108911,0.079207921,16.83168317,0.475247525,0.297029703,0.356435644,0.059405941,0.00990099,0.683168317,0.01980198,0.277227723,0.227722772,1.04950495,0.376237624,0.96039604,0.623762376,0.168316832,11.73267327,0.396039604,0.198019802,39736,101,0.501066794,0.918181818,0.701388889,1,35.851,12.73431474,11.02038566,35.16195214,562,529.1584158,0.840909091,3,475,480,496,0,0,0
562861,480,1.10619469,0.185840708,0.495575221,0.097345133,0.115044248,0.168141593,3.902654867,3.17699115,0.088495575,0.230088496,0.123893805,0.168141593,42.61061947,0.716814159,0.539823009,0.548672566,0.079646018,0.10619469,0.504424779,0.03539823,0.362831858,0.292035398,6.398230088,0.398230088,1.663716814,0.522123894,0.097345133,12.53097345,0.274336283,0.283185841,39819,113,0.617232313,0.957627119,0.668639053,1,36.356,13.72176589,10.79602408,-46.44884555,572.4955752,528.9646018,0.70212766,2,479,482,0,0,0,0
562861,481,0.746031746,0.120634921,0.298412698,0.047619048,0.085714286,0.073015873,2.019047619,1.577777778,0.06031746,0.177777778,0.022222222,0.038095238,3.752380952,0.2,0.126984127,0.225396825,0.034920635,0.034920635,0.26984127,0.00952381,0.26984127,0.079365079,0.387301587,0.253968254,0.380952381,0.307936508,0.111111111,5.517460317,0.19047619,0.082539683,39902,315,0.633616781,0.915697674,0.652173913,1,66.765,23.22071033,17.96463429,-29.40242307,69.16825397,533.7396825,0.481927711,2,469,494,0,0,0,0
562861,482,0.756756757,0.155405405,0.351351351,0.087837838,0.175675676,0.114864865,3.783783784,2.810810811,0.074324324,0.22972973,0.087837838,0.141891892,17.63513514,0.466216216,0.364864865,0.452702703,0.067567568,0.094594595,0.554054054,0.040540541,0.527027027,0.195945946,0.966216216,0.398648649,0.905405405,0.560810811,0.148648649,11.57432432,0.256756757,0.155405405,39985,148,0.626745282,0.90797546,0.660714286,1,44.692,16.07835495,12.52864324,43.61133981,581.1418919,535.2905405,0.350877193,1,480,0,0,0,0,0
562861,483,0.6875,0.125,0.575,0.1375,0.0375,0.0875,4.9,2.725,0.1875,0.175,0.0875,0.05,3.3625,0.5125,0.0375,0.3875,0.075,0.0375,0.425,0.0375,0.3875,0.1375,2.4375,0.425,1.65,0.6,0.1625,10.15,0.2125,0.25,40068,80,0.484343928,0.91954023,0.727272727,1,29.971,10.9845908,9.610173343,-48.9290767,8.85,532.925,0.081081081,2,474,504,0,0,0,0
562861,484,1.084507042,0.183098592,0.197183099,0.042253521,0.14084507,0.183098592,2.76056338,2.309859155,0.056338028,0.295774648,0.056338028,0.014084507,8.253521127,0.211267606,0.535211268,0.253521127,0.028169014,0.070422535,0.394366197,0.042253521,0.436619718,0.169014085,0.690140845,0.281690141,0.633802817,0.676056338,0.126760563,10.74647887,0.197183099,0.154929577,40151,71,0.792125692,0.91025641,0.739583333,1,29.946,12.49132174,7.624178155,3.132353261,115.6901408,533.4225352,0.485714286,1,495,0,0,0,0,0
562861,485,0.569620253,0.164556962,0.392405063,0.101265823,0.120253165,0.101265823,2.96835443,2.329113924,0.063291139,0.259493671,0.050632911,0.088607595,4.588607595,0.487341772,2.734177215,0.278481013,0.101265823,0.101265823,0.443037975,0.012658228,0.32278481,0.120253165,0.537974684,0.303797468,0.772151899,0.537974684,0.202531646,9.018987342,0.17721519,0.158227848,40234,158,0.270742548,0.934911243,0.702222222,1,44.138,14.70763271,14.15832898,-63.31822444,238.0822785,533.9367089,0,0,0,0,0,0,0,0
562861,486,1.238709677,0.122580645,0.387096774,0.058064516,0.077419355,0.051612903,3.561290323,1.896774194,0.058064516,0.225806452,0.077419355,0.083870968,6.935483871,0.387096774,0.141935484,0.35483871,0.032258065,0.064516129,0.277419355,0.019354839,0.387096774,0.070967742,0.6,0.219354839,0.948387097,0.438709677,0.174193548,7.625806452,0.193548387,0.15483871,40316,155,0.817269019,0.950920245,0.741626794,1,44.386,18.59541643,10.71572631,1.496329848,358.2064516,534.6064516,0,0,0,0,0,0,0,0
562861,487,0.773195876,0.268041237,0.329896907,0.082474227,0.092783505,0.072164948,3.020618557,3.030927835,0.072164948,0.412371134,0.144329897,0.06185567,4.804123711,0.463917526,0.577319588,0.268041237,0.072164948,0.082474227,0.226804124,0.030927835,0.237113402,0.072164948,1.082474227,0.412371134,0.690721649,0.628865979,0.113402062,7.927835052,0.164948454,0.175257732,40399,97,0.668541988,0.941747573,0.692857143,1,33.734,13.0079114,9.673650678,7.297157899,391.7010309,534.628866,0.023809524,1,506,0,0,0,0,0
562861,488,1.704225352,0.098591549,0.366197183,0.154929577,0.14084507,0.126760563,5.084507042,3.112676056,0.098591549,0.352112676,0.070422535,0.056338028,22.56338028,0.521126761,0.464788732,0.464788732,0.014084507,0.098591549,0.38028169,0.070422535,0.507042254,0.225352113,0.873239437,0.422535211,1.577464789,0.816901408,0.309859155,13.88732394,0.394366197,0.197183099,40482,71,0.718253626,0.739583333,0.496503497,1,37.282,13.01626014,9.056471447,-74.71901729,525.9859155,537.6056338,1,5,477,478,492,498,499,0
562861,489,0.45112782,0.203007519,0.398496241,0.127819549,0.052631579,0.060150376,2.30075188,2.496240602,0.052631579,0.270676692,0.052631579,0.082706767,4.669172932,0.398496241,0.511278195,0.488721805,0.052631579,0.097744361,0.616541353,0.022556391,0.278195489,0.07518797,0.796992481,0.270676692,0.77443609,0.578947368,0.135338346,7.646616541,0.22556391,0.15037594,40565,133,0.712334617,0.93006993,0.692708333,1,40.59,15.72409076,11.03579595,3.976312364,607.2857143,536.1879699,0,0,0,0,0,0,0,0
562861,490,0.769230769,0.144230769,0.519230769,0.028846154,0.067307692,0.076923077,1.961538462,2.673076923,0.067307692,0.307692308,0.067307692,0.067307692,6.894230769,0.384615385,0.394230769,0.240384615,0.038461538,0.067307692,0.336538462,0,0.278846154,0.125,0.682692308,0.326923077,0.826923077,0.644230769,0.163461538,8.384615385,0.278846154,0.125,40648,104,0.752144317,0.912280702,0.675324675,1,36.728,14.33262713,9.445178726,17.00786905,663.5192308,535.8942308,0.377777778,1,500,0,0,0,0,0
562861,491,1.698529412,0.161764706,0.198529412,0.058823529,0.102941176,0.088235294,3.264705882,2.154411765,0.132352941,0.169117647,0.044117647,0.125,12.36029412,0.382352941,0.213235294,0.294117647,0.095588235,0.080882353,0.154411765,0.051470588,0.286764706,0.088235294,0.654411765,0.294117647,0.919117647,0.352941176,0.117647059,7.426470588,0.191176471,0.117647059,40731,136,0.492869115,0.957746479,0.697435897,1,39.639,14.23002115,12.38159067,-15.05840933,696.1985294,536.4852941,0,0,0,0,0,0,0,0
562861,492,1.328358209,0.268656716,0.492537313,0.119402985,0.089552239,0.104477612,3.358208955,2.462686567,0.149253731,0.567164179,0.104477612,0.074626866,15.70149254,0.611940299,0.552238806,0.47761194,0.089552239,0.059701493,0.656716418,0.014925373,0.611940299,0.253731343,0.910447761,0.462686567,1.537313433,1.104477612,0.194029851,12.17910448,0.402985075,0.149253731,40814,67,0.831842236,0.881578947,0.558333333,1,31.377,13.26080166,7.359906126,56.68149433,533.0149254,535.880597,0.948717949,3,478,488,499,0,0,0
562861,493,0.46835443,0.17721519,0.443037975,0.050632911,0.164556962,0.088607595,3.848101266,2.506329114,0.088607595,0.164556962,0.063291139,0.088607595,5.848101266,0.46835443,0.594936709,0.379746835,0.037974684,0.063291139,0.620253165,0.025316456,0.341772152,0.164556962,1.620253165,0.35443038,1.392405063,0.493670886,0.139240506,9.962025316,0.215189873,0.139240506,40897,79,0.843266455,0.887640449,0.552447552,1,32.899,14.20288596,7.633990889,28.2168805,624.6835443,536.556962,0.488372093,1,497,0,0,0,0,0
562861,494,1.224489796,0.071428571,0.306122449,0.06122449,0.183673469,0.081632653,2.387755102,2.163265306,0.030612245,0.183673469,0.030612245,0.071428571,9.275510204,0.489795918,0.826530612,0.275510204,0.06122449,0.040816327,0.673469388,0.030612245,0.336734694,0.051020408,0.683673469,0.204081633,0.581632653,0.336734694,0.173469388,5.93877551,0.091836735,0.173469388,40980,98,0.683364929,0.837606838,0.579881657,1,39.912,14.08293948,10.28162971,36.91829557,82.79591837,537.4285714,0.48,1,481,0,0,0,0,0
562861,495,1.065217391,0.141304348,0.25,0.141304348,0.152173913,0.152173913,3.586956522,2.5,0.065217391,0.532608696,0.108695652,0.076086957,8.423913043,0.402173913,0.119565217,0.369565217,0.097826087,0.065217391,0.467391304,0.02173913,0.347826087,0.130434783,0.684782609,0.347826087,0.565217391,0.532608696,0.152173913,10.2173913,0.195652174,0.119565217,41063,92,0.739719385,0.958333333,0.73015873,1,33.891,13.42671327,9.035043082,-5.5151081,115.8804348,540.4782609,0.425,1,484,0,0,0,0,0
562861,496,0.429906542,0.14953271,0.906542056,0.121495327,0.112149533,0.140186916,2.327102804,2.065420561,0.065420561,0.261682243,0.102803738,0.046728972,2.710280374,0.364485981,0.130841121,0.485981308,0.028037383,0.037383178,0.373831776,0.074766355,0.261682243,0.074766355,3.252336449,0.364485981,0.710280374,0.420560748,0.065420561,11.87850467,0.252336449,0.158878505,41146,107,0.596809976,0.955357143,0.685897436,1,35.512,13.19418925,10.58678801,-66.1855754,559.5700935,539.2429907,0.311111111,2,475,479,0,0,0,0
562861,497,0.76,0.12,0.506666667,0.12,0.133333333,0.106666667,4.28,2.733333333,0.173333333,0.453333333,0.106666667,0.053333333,6.666666667,0.413333333,0.12,0.28,0.026666667,0.093333333,0.6,0.04,0.373333333,0.146666667,1.093333333,0.533333333,1.573333333,0.52,0.186666667,9.546666667,0.146666667,0.213333333,41229,75,0.847020055,0.914634146,0.641025641,1,31.377,13.61004398,7.234567688,21.39670126,628.28,541.6,0.564102564,1,493,0,0,0,0,0
562861,498,1.885245902,0.147540984,0.450819672,0.090163934,0.155737705,0.073770492,3.081967213,3.327868852,0.098360656,0.196721311,0.147540984,0.114754098,21.08196721,0.62295082,0.295081967,0.475409836,0.057377049,0.098360656,0.459016393,0.024590164,0.483606557,0.18852459,2.704918033,0.631147541,1.909836066,0.803278689,0.221311475,17.14754098,0.336065574,0.18852459,41312,122,0.371525342,0.960629921,0.721893491,1,37.836,13.17233234,12.22949385,37.51905088,518.6065574,542.0163934,0.458333333,2,477,488,0,0,0,0
562861,499,1.438596491,0.157894737,0.561403509,0.157894737,0.140350877,0.157894737,2.719298246,2.070175439,0.175438596,0.350877193,0.052631579,0.035087719,26.29824561,0.578947368,0.631578947,0.456140351,0.228070175,0.052631579,0.578947368,0.035087719,0.543859649,0.157894737,0.666666667,0.333333333,1.140350877,1.140350877,0.157894737,9.649122807,0.105263158,0.105263158,41395,57,0.900463936,0.814285714,0.47107438,1,30.823,13.59974559,5.91494664,41.38171675,537.3333333,539.1052632,1,4,488,492,503,508,0,0
562861,500,1.727272727,0.145454545,0.254545455,0.1,0.127272727,0.109090909,2.690909091,3.336363636,0.090909091,0.272727273,0.136363636,0.118181818,23.33636364,0.563636364,0.536363636,0.427272727,0.063636364,0.081818182,0.427272727,0.045454545,0.418181818,0.154545455,1.872727273,0.363636364,1.536363636,0.718181818,0.209090909,14.39090909,0.218181818,0.245454545,41478,110,0.409941998,0.94017094,0.705128205,1,35.694,12.60689885,11.49889859,27.85443091,667.4727273,544.3818182,0.652173913,2,490,501,0,0,0,0
562861,501,0.955128205,0.153846154,0.333333333,0.147435897,0.096153846,0.147435897,2.852564103,2.217948718,0.121794872,0.282051282,0.076923077,0.057692308,7.397435897,0.435897436,2.865384615,0.384615385,0.083333333,0.115384615,0.737179487,0.032051282,0.314102564,0.128205128,0.967948718,0.371794872,0.807692308,0.743589744,0.141025641,11.98076923,0.262820513,0.115384615,41561,156,0.539222515,0.945454545,0.75,1,43.377,15.54170256,13.08865204,-82.95872268,678.7179487,541.9615385,0.535714286,2,500,513,0,0,0,0
562861,502,0.822916667,0.145833333,0.34375,0.09375,0.145833333,0.104166667,3.270833333,1.666666667,0.09375,0.177083333,0.041666667,0.052083333,7.78125,0.3125,0.25,0.291666667,0.072916667,0,0.322916667,0.020833333,0.375,0.135416667,0.614583333,0.375,1.072916667,0.4375,0.145833333,11.30208333,0.125,0.208333333,41644,96,0.638235136,0.95049505,0.671328671,1,32.808,12.70499551,9.780832598,-32.27837639,222.1770833,541.875,0.279069767,1,468,0,0,0,0,0
562861,503,0.931034483,0.137931034,0.264367816,0.068965517,0.103448276,0.16091954,2.965517241,2.75862069,0.08045977,0.32183908,0.022988506,0.045977011,14.93103448,0.505747126,0.528735632,0.528735632,0.114942529,0.126436782,0.666666667,0.034482759,0.310344828,0.183908046,0.666666667,0.344827586,0.770114943,0.793103448,0.218390805,10.79310345,0.367816092,0.126436782,41727,87,0.629361683,0.805555556,0.557692308,1,37.745,12.89450472,10.02048108,32.11802031,542.1264368,543.0229885,0.733333333,2,499,508,0,0,0,0
562861,504,0.542857143,0.152380952,0.723809524,0.104761905,0.114285714,0.066666667,3.066666667,1.552380952,0.047619048,0.219047619,0.076190476,0.057142857,3.571428571,0.485714286,0.333333333,0.371428571,0.028571429,0.104761905,0.276190476,0.038095238,0.380952381,0.19047619,2.961904762,0.39047619,0.333333333,0.419047619,0.161904762,9.838095238,0.171428571,0.142857143,41810,105,0.922323039,0.92920354,0.504807692,1,40.946,18.90694042,7.30601489,-53.94431787,12.14285714,547.5619048,0.396226415,2,483,507,0,0,0,0
562861,505,0.477941176,0.176470588,0.286764706,0.022058824,0.095588235,0.080882353,1.661764706,2.580882353,0.022058824,0.345588235,0.095588235,0.029411765,3.529411765,0.338235294,0.110294118,0.235294118,0.051470588,0.051470588,0.220588235,0.044117647,0.492647059,0.095588235,0.411764706,0.294117647,0.264705882,0.382352941,0.191176471,7.404411765,0.139705882,0.183823529,41893,136,0.644383158,0.957746479,0.708333333,1,39.912,15.13595452,11.57450653,19.26244825,41.74264706,544.4338235,0,0,0,0,0,0,0,0
562861,506,0.503875969,0.217054264,0.790697674,0.100775194,0.11627907,0.139534884,1.813953488,2.395348837,0.085271318,0.255813953,0.062015504,0.062015504,3.341085271,0.542635659,0.751937984,0.23255814,0.100775194,0.093023256,0.201550388,0.007751938,0.310077519,0.178294574,6.596899225,0.279069767,0.310077519,0.682170543,0.108527132,9.976744186,0.209302326,0.147286822,41976,129,0.801951564,0.928057554,0.632352941,1,41.045,16.79348158,10.03224219,16.94965897,398.8682171,545.6589147,0.019230769,1,487,0,0,0,0,0
562861,507,0.5,0.157894737,1.473684211,0.210526316,0.236842105,0.210526316,4.131578947,1.447368421,0.210526316,0.447368421,0.210526316,0.026315789,1.868421053,0.5,0.052631579,0.447368421,0.052631579,0.078947368,0.578947368,0.026315789,0.5,0.157894737,11.05263158,0.631578947,0.236842105,0.447368421,0.131578947,15.57894737,0.236842105,0.263157895,42059,38,0.892107213,0.808510638,0.493506494,1,25.191,11.1957238,5.058494156,-69.6282534,5.789473684,547.2894737,0.75862069,1,504,0,0,0,0,0
562861,508,0.730769231,0.064102564,0.384615385,0.038461538,0.115384615,0.076923077,3.064102564,2.538461538,0.064102564,0.243589744,0.115384615,0.076923077,6.743589744,0.320512821,0.128205128,0.320512821,0.038461538,0.025641026,0.576923077,0.064102564,0.461538462,0.192307692,0.679487179,0.474358974,0.782051282,0.551282051,0.217948718,11.26923077,0.192307692,0.102564103,42141,78,0.761347766,0.917647059,0.722222222,1,31.079,12.73808325,8.258656278,-16.89302162,536.2820513,549.2051282,0.5,2,499,503,0,0,0,0
562861,509,0.813084112,0.121495327,0.700934579,0.08411215,0.140186916,0.093457944,2.785046729,2.065420561,0.065420561,0.280373832,0.121495327,0.009345794,4.102803738,0.364485981,0.280373832,0.327102804,0.056074766,0.065420561,0.644859813,0.056074766,0.299065421,0.14953271,4.177570093,0.336448598,0.953271028,0.682242991,0.205607477,12.12149533,0.177570093,0.168224299,42224,107,0.548881684,0.938596491,0.748251748,1,35.785,12.93512444,10.81247119,-0.022238446,709.2897196,547.0280374,0.511111111,3,515,521,522,0,0,0
562861,510,0.857142857,0.142857143,0.314285714,0.066666667,0.057142857,0.076190476,1.980952381,2.80952381,0.104761905,0.20952381,0.028571429,0.133333333,5.561904762,0.514285714,0.676190476,0.247619048,0.057142857,0.047619048,0.171428571,0.019047619,0.361904762,0.038095238,0.495238095,0.304761905,0.533333333,0.276190476,0.123809524,5.066666667,0.114285714,0.171428571,42307,105,0.722175057,0.9375,0.734265734,1,34.842,13.98287499,9.672099143,32.66761626,418.7904762,549.1333333,0.295454545,1,525,0,0,0,0,0
562861,511,0.732758621,0.224137931,0.25,0.060344828,0.137931034,0.094827586,5.965517241,2.387931034,0.094827586,0.181034483,0.051724138,0.068965517,4.189655172,0.5,0.172413793,0.379310345,0.086206897,0.051724138,0.318965517,0,0.439655172,0.155172414,4.586206897,0.224137931,2.318965517,0.50862069,0.146551724,9.620689655,0.103448276,0.224137931,42390,116,0.641722096,0.935483871,0.69047619,1,37.191,14.01620309,10.74954831,20.7616617,311.9741379,550.862069,0.369565217,1,523,0,0,0,0,0
562861,512,0.598360656,0.106557377,0.336065574,0.06557377,0.131147541,0.114754098,4.18852459,2.778688525,0.106557377,0.327868852,0.081967213,0.073770492,7.442622951,0.401639344,0.131147541,0.31147541,0.114754098,0.057377049,0.31147541,0.032786885,0.336065574,0.090163934,1.098360656,0.245901639,1.139344262,0.540983607,0.139344262,8.327868852,0.270491803,0.18852459,42473,122,0.745260766,0.924242424,0.635416667,1,39.366,15.39951138,10.26798022,-0.536858536,632.5655738,552.5737705,0,0,0,0,0,0,0,0
562861,513,1.211538462,0.173076923,0.413461538,0.144230769,0.048076923,0.048076923,3.432692308,2.413461538,0.048076923,0.298076923,0.115384615,0.096153846,9.038461538,0.778846154,1.153846154,0.471153846,0.057692308,0.105769231,0.605769231,0.048076923,0.384615385,0.105769231,1.269230769,0.336538462,0.798076923,0.673076923,0.211538462,9.923076923,0.259615385,0.163461538,42556,104,0.789448298,0.904347826,0.65,1,38.043,15.11796841,9.279666943,-1.052256467,686.3846154,551.875,0.854166667,4,501,515,520,526,0,0
562861,514,0.869565217,0.206521739,0.315217391,0.054347826,0.130434783,0.097826087,2.641304348,2.25,0.108695652,0.326086957,0.086956522,0.119565217,4.826086957,0.434782609,0.119565217,0.326086957,0.119565217,0.076086957,0.304347826,0.010869565,0.326086957,0.119565217,0.608695652,0.489130435,0.967391304,0.554347826,0.173913043,10.98913043,0.206521739,0.119565217,42639,92,0.639430356,0.958333333,0.707692308,1,32.047,12.44045152,9.564828996,19.73622992,76.76086957,553.1521739,0.219512195,1,516,0,0,0,0,0
562861,515,0.549019608,0.176470588,0.441176471,0.078431373,0.049019608,0.078431373,2.450980392,2.617647059,0.137254902,0.245098039,0.088235294,0.029411765,3.882352941,0.470588235,0.774509804,0.392156863,0.088235294,0.098039216,0.578431373,0.068627451,0.460784314,0.215686275,2.441176471,0.37254902,1.323529412,0.921568627,0.147058824,16.65686275,0.274509804,0.245098039,42722,102,0.721534682,0.918918919,0.653846154,1,36.149,13.91328388,9.633255762,29.20713177,698.8823529,553.8627451,0.933333333,5,509,513,521,526,527,0
562861,516,0.641666667,0.116666667,0.325,0.041666667,0.133333333,0.075,2.366666667,2.083333333,0.041666667,0.275,0.066666667,0.016666667,5.783333333,0.225,0.108333333,0.275,0.041666667,0.041666667,0.3,0.025,0.35,0.1,0.616666667,0.375,0.558333333,0.525,0.1,7.5,0.208333333,0.075,42805,120,0.811665356,0.916030534,0.64171123,1,40.466,16.42510998,9.594279885,-15.36525589,91.20833333,555.0166667,0.18,1,514,0,0,0,0,0
562861,517,0.716312057,0.19858156,0.312056738,0.028368794,0.113475177,0.14893617,5.04964539,2.843971631,0.113475177,0.205673759,0.035460993,0.070921986,22.06382979,0.574468085,0.354609929,0.482269504,0.070921986,0.14893617,0.843971631,0.042553191,0.439716312,0.113475177,1.028368794,0.375886525,2.411347518,0.730496454,0.163120567,14.80141844,0.276595745,0.226950355,42888,141,0.804586084,0.94,0.652777778,1,43.774,17.64590004,10.47877127,-15.30980892,607.0638298,552.9574468,0,0,0,0,0,0,0,0
562861,518,0.881818182,0.209090909,0.445454545,0.118181818,0.1,0.163636364,2.772727273,2.609090909,0.1,0.327272727,0.072727273,0.009090909,3.827272727,0.372727273,0.990909091,0.336363636,0.045454545,0.045454545,0.790909091,0.045454545,0.272727273,0.245454545,6.7,0.363636364,0.872727273,0.709090909,0.163636364,10.24545455,0.218181818,0.190909091,42971,110,0.873185406,0.909090909,0.528846154,1,40.574,17.39392154,8.477591935,-32.52557148,503.7545455,558.0727273,0.470588235,3,531,534,535,0,0,0
562861,519,0.852631579,0.157894737,0.442105263,0.084210526,0.063157895,0.084210526,2.757894737,2.652631579,0.052631579,0.305263158,0.094736842,0.042105263,9.052631579,0.526315789,0.421052632,0.347368421,0.094736842,0.105263158,0.473684211,0.042105263,0.410526316,0.063157895,0.715789474,0.4,0.621052632,0.515789474,0.157894737,8.063157895,0.210526316,0.105263158,43054,95,0.606048051,0.931372549,0.664335664,1,32.998,12.44855693,9.901931183,7.188658331,574.9684211,557.3473684,0.093023256,1,538,0,0,0,0,0
562861,520,0.654320988,0.24691358,0.50617284,0.049382716,0.098765432,0.135802469,2.456790123,2.641975309,0.049382716,0.259259259,0.111111111,0.061728395,14.72839506,0.49382716,0.209876543,0.432098765,0.086419753,0.049382716,0.24691358,0,0.308641975,0.148148148,0.75308642,0.308641975,0.617283951,0.37037037,0.098765432,9.24691358,0.160493827,0.185185185,43137,81,0.521351343,0.941860465,0.675,1,31.212,11.19901125,9.556588027,7.08074975,680.2592593,558.8148148,0.585365854,2,513,526,0,0,0,0
562861,521,0.97029703,0.168316832,0.594059406,0.069306931,0.168316832,0.227722772,2.663366337,3.247524752,0.178217822,0.504950495,0.059405941,0.02970297,3.801980198,0.524752475,2.178217822,0.366336634,0.099009901,0.128712871,0.683168317,0.00990099,0.524752475,0.099009901,2.861386139,0.356435644,1.782178218,0.910891089,0.217821782,19.57425743,0.336633663,0.237623762,43220,101,0.805716193,0.918181818,0.701388889,1,36.339,14.91261161,8.832766625,-88.73470095,706.9306931,559.4455446,0.933333333,4,509,515,522,527,0,0
562861,522,0.839506173,0.160493827,0.469135802,0.074074074,0.12345679,0.098765432,5.987654321,3.185185185,0.12345679,0.407407407,0.135802469,0.074074074,6.481481481,0.543209877,0.135802469,0.530864198,0.061728395,0.086419753,0.703703704,0.012345679,0.592592593,0.111111111,3.222222222,0.320987654,2.12345679,0.716049383,0.209876543,13.28395062,0.234567901,0.197530864,43303,81,0.696948856,0.931034483,0.675,1,31.286,12.29287248,8.815474982,-77.84828499,714.382716,557.0493827,0.9,3,509,521,528,0,0,0
562861,523,0.427272727,0.245454545,0.390909091,0.072727273,0.145454545,0.063636364,2.236363636,1.809090909,0.054545455,0.354545455,0.109090909,0.009090909,5.145454545,0.290909091,0.118181818,0.272727273,0.036363636,0.045454545,0.327272727,0.036363636,0.263636364,0.127272727,0.445454545,0.272727273,0.590909091,0.281818182,0.136363636,7.336363636,0.181818182,0.145454545,43386,110,0.74224915,0.948275862,0.733333333,1,36.43,14.59205806,9.778488573,2.256960343,317.4818182,558.8818182,0.4,1,511,0,0,0,0,0
562861,524,0.566929134,0.125984252,0.275590551,0.102362205,0.05511811,0.086614173,2.566929134,2.149606299,0.078740157,0.157480315,0.031496063,0.031496063,4.409448819,0.275590551,0.346456693,0.251968504,0.039370079,0.047244094,0.149606299,0.023622047,0.440944882,0.165354331,0.527559055,0.346456693,0.57480315,0.401574803,0.102362205,5.842519685,0.165354331,0.212598425,43469,127,0.314264898,0.927007299,0.647959184,1,39.457,13.20971342,12.54044769,51.51016274,204.2047244,559.0629921,0,0,0,0,0,0,0,0
562861,525,0.803571429,0.136904762,0.279761905,0.107142857,0.113095238,0.136904762,2.755952381,2.714285714,0.071428571,0.226190476,0.06547619,0.023809524,7.095238095,0.422619048,0.160714286,0.339285714,0.041666667,0.107142857,0.25,0.011904762,0.303571429,0.130952381,0.583333333,0.321428571,0.613095238,0.416666667,0.148809524,6.553571429,0.196428571,0.178571429,43552,168,0.750159432,0.938547486,0.760180995,1,45.585,18.10248582,11.97039556,17.05563006,417.6488095,560.797619,0.527272727,4,510,530,541,543,0,0
562861,526,0.793103448,0.114942529,0.252873563,0.08045977,0.091954023,0.137931034,3.172413793,2.770114943,0.114942529,0.16091954,0.103448276,0.057471264,4.528735632,0.505747126,0.655172414,0.379310345,0.068965517,0.114942529,0.471264368,0.034482759,0.413793103,0.068965517,0.977011494,0.436781609,0.701149425,0.712643678,0.229885057,10.73563218,0.24137931,0.183908046,43635,87,0.61973948,0.935483871,0.659090909,1,32.32,12.0353343,9.445421886,36.28649357,689.8275862,561.7126437,0.875,4,513,515,520,527,0,0
562861,527,0.796116505,0.262135922,0.524271845,0.165048544,0.145631068,0.184466019,2.893203883,1.854368932,0.087378641,0.27184466,0,0.058252427,4.048543689,0.388349515,1.922330097,0.378640777,0.038834951,0.038834951,0.533980583,0.009708738,0.417475728,0.165048544,3.912621359,0.427184466,1.32038835,0.631067961,0.203883495,13.98058252,0.252427184,0.155339806,43718,103,0.442743705,0.88034188,0.66025641,1,38.018,12.69727132,11.3849856,-37.04532998,699.2524272,564.6990291,0.70212766,3,515,521,526,0,0,0
562861,528,0.557894737,0.126315789,0.431578947,0.084210526,0.115789474,0.126315789,5.810526316,2.231578947,0.084210526,0.231578947,0.052631579,0.010526316,3.431578947,0.315789474,0.178947368,0.347368421,0.042105263,0.042105263,0.284210526,0.021052632,0.4,0.242105263,10.34736842,0.378947368,1.884210526,0.452631579,0.168421053,8.978947368,0.189473684,0.189473684,43801,95,0.301777528,0.931372549,0.659722222,1,33.453,11.43655866,10.90336769,38.12045264,721.1157895,564.0315789,0.333333333,1,522,0,0,0,0,0
562861,529,1,0.096774194,0.462365591,0.053763441,0.107526882,0.086021505,2.505376344,1.838709677,0.043010753,0.268817204,0.053763441,0.086021505,5.784946237,0.462365591,0.129032258,0.204301075,0.043010753,0.075268817,0.333333333,0.032258065,0.301075269,0.258064516,0.720430108,0.290322581,0.64516129,0.23655914,0.161290323,7.946236559,0.172043011,0.139784946,43884,93,0.452462852,0.939393939,0.645833333,1,32.808,11.68295814,10.41866639,44.01736971,140.1397849,561.9354839,0,0,0,0,0,0,0,0
562861,530,0.554455446,0.198019802,0.336633663,0.089108911,0.148514851,0.138613861,2.158415842,2.554455446,0.02970297,0.168316832,0.059405941,0.059405941,6.613861386,0.534653465,0.287128713,0.396039604,0.108910891,0.059405941,0.405940594,0.03960396,0.336633663,0.089108911,0.712871287,0.227722772,0.851485149,0.475247525,0.128712871,8.306930693,0.207920792,0.138613861,43967,101,0.623632244,0.971153846,0.776923077,1,34.164,12.94194828,10.1169522,-2.316059347,403.6732673,562.5940594,0.512195122,2,525,541,0,0,0,0
562861,531,0.666666667,0.358974359,1.307692308,0.256410256,0.230769231,0.153846154,4.128205128,1.820512821,0.102564103,0.256410256,0.153846154,0.051282051,4.025641026,0.333333333,0.102564103,0.487179487,0.076923077,0.076923077,0.461538462,0.025641026,0.358974359,0.256410256,11.23076923,0.384615385,0.538461538,0.538461538,0.256410256,15.76923077,0.179487179,0.205128205,44049,39,0.854842722,0.75,0.557142857,1,26.597,11.05709218,5.737383534,-19.29724317,501.3589744,563.0769231,1,3,518,534,535,0,0,0
562861,532,0.964285714,0.221428571,0.335714286,0.092857143,0.114285714,0.135714286,4.335714286,2.728571429,0.085714286,0.221428571,0.057142857,0.071428571,10.4,0.692857143,0.757142857,0.464285714,0.085714286,0.107142857,0.592857143,0.05,0.464285714,0.185714286,1.042857143,0.4,2.192857143,0.585714286,0.228571429,9.021428571,0.292857143,0.142857143,44132,140,0.634887718,0.952380952,0.673076923,1,40.863,15.36350256,11.86990994,-15.54262278,791.0285714,564.0214286,0,0,0,0,0,0,0,0
562861,533,0.533333333,0.15,0.241666667,0.1,0.058333333,0.091666667,3.033333333,2.291666667,0.041666667,0.25,0.025,0.066666667,6.666666667,0.275,0.641666667,0.3,0.05,0.083333333,0.441666667,0.008333333,0.25,0.108333333,0.491666667,0.233333333,0.45,0.533333333,0.141666667,7.566666667,0.241666667,0.133333333,44215,120,0.465077589,0.96,0.769230769,1,36.248,13.19862799,11.68434838,-15.68775159,160.0333333,564.8583333,0,0,0,0,0,0,0,0
562861,534,0.754716981,0.216981132,0.924528302,0.283018868,0.179245283,0.160377358,5.188679245,1.933962264,0.122641509,0.29245283,0.160377358,0.08490566,6.452830189,0.433962264,0.113207547,0.320754717,0.113207547,0.075471698,0.311320755,0,0.301886792,0.094339623,2.037735849,0.367924528,0.556603774,0.698113208,0.20754717,16.1509434,0.254716981,0.169811321,44298,106,0.782265428,0.905982906,0.642424242,1,38.233,15.13790822,9.43008821,-76.92394422,494.1037736,565.6603774,0.489795918,3,518,531,535,0,0,0
562861,535,0.59375,0.140625,1.03125,0.15625,0.1875,0.046875,4.265625,1.78125,0.0625,0.125,0.125,0.0625,4.109375,0.296875,0.0625,0.46875,0.03125,0,0.234375,0.046875,0.4375,0.0625,2.921875,0.296875,0.171875,0.5,0.109375,13.984375,0.109375,0.1875,44381,64,0.582100611,0.914285714,0.711111111,1,26.969,10.16709045,8.267031723,18.22791468,502.84375,568.9375,0.727272727,3,518,531,534,0,0,0
562861,536,0.659090909,0.136363636,0.318181818,0.090909091,0.113636364,0.034090909,2.306818182,2.284090909,0.056818182,0.181818182,0.079545455,0.034090909,5.034090909,0.284090909,0.102272727,0.284090909,0.045454545,0.011363636,0.25,0.034090909,0.295454545,0.022727273,0.477272727,0.295454545,0.590909091,0.386363636,0.079545455,8.579545455,0.204545455,0.102272727,44464,88,0.371352937,0.946236559,0.666666667,1,31.129,11.09745295,10.3038939,-21.27235104,760.4431818,569.2159091,0,0,0,0,0,0,0,0
562861,537,0.381443299,0.12371134,0.257731959,0.020618557,0.092783505,0.092783505,2.577319588,2.93814433,0.06185567,0.350515464,0.06185567,0.06185567,6.793814433,0.474226804,0.804123711,0.350515464,0.051546392,0.051546392,0.639175258,0.030927835,0.381443299,0.12371134,0.690721649,0.360824742,0.824742268,0.577319588,0.237113402,7.082474227,0.195876289,0.12371134,44547,97,0.40282089,0.941747573,0.734848485,1,32.973,11.70153029,10.71016291,18.09815736,47.26804124,570.2989691,0,0,0,0,0,0,0,0
562861,538,0.966386555,0.235294118,0.319327731,0.075630252,0.025210084,0.100840336,2.638655462,3.739495798,0.058823529,0.226890756,0.050420168,0.075630252,6.100840336,0.56302521,0.714285714,0.361344538,0.067226891,0.100840336,0.352941176,0.016806723,0.445378151,0.142857143,0.445378151,0.361344538,0.579831933,0.428571429,0.100840336,7.672268908,0.25210084,0.109243697,44630,119,0.677467121,0.9296875,0.661111111,1,37.497,14.48221555,10.65243793,-9.331890122,578.0840336,569.3445378,0.244897959,2,519,540,0,0,0,0
562861,539,0.684491979,0.144385027,0.342245989,0.069518717,0.096256684,0.080213904,3.673796791,2.79144385,0.096256684,0.411764706,0.128342246,0.016042781,5.219251337,0.368983957,1.582887701,0.374331551,0.085561497,0.139037433,0.609625668,0.021390374,0.390374332,0.171122995,2.647058824,0.438502674,1.374331551,0.545454545,0.112299465,10.01604278,0.203208556,0.165775401,44713,187,0.49718824,0.954081633,0.73046875,1,46.47,16.65050892,14.44669251,39.5299589,104.8770053,570.5561497,0,0,0,0,0,0,0,0
562861,540,1,0.134831461,0.505617978,0.123595506,0.078651685,0.146067416,3.303370787,2.550561798,0.08988764,0.213483146,0.08988764,0.101123596,10.12359551,0.573033708,1.146067416,0.393258427,0.06741573,0.146067416,1.359550562,0.06741573,0.483146067,0.06741573,1,0.280898876,0.876404494,0.573033708,0.191011236,11.25842697,0.202247191,0.213483146,44796,89,0.622377369,0.898989899,0.570512821,1,34.859,12.60250547,9.864199366,67.42816759,591.494382,570.4157303,0.627906977,2,538,542,0,0,0,0
562861,541,0.654867257,0.203539823,0.407079646,0.07079646,0.10619469,0.123893805,2.752212389,2.699115044,0.044247788,0.221238938,0.088495575,0.061946903,5.088495575,0.495575221,2.424778761,0.345132743,0.061946903,0.150442478,0.778761062,0.008849558,0.327433628,0.159292035,0.840707965,0.336283186,0.840707965,0.654867257,0.185840708,9.398230088,0.17699115,0.150442478,44879,113,0.682945786,0.933884298,0.724358974,1,37.745,14.30992489,10.45295744,40.69086966,406.539823,571.9911504,0.723404255,3,525,530,543,0,0,0
562861,542,2,0.25,0.375,0.1,0.1125,0.0375,3.3625,2.675,0.05,0.2125,0.0625,0.05,7.975,0.675,0.3375,0.5375,0.1,0.0625,0.375,0.0375,0.575,0.1125,5.175,0.3125,0.6125,0.475,0.1125,9.4875,0.3,0.2125,44962,80,0.548313678,0.898876404,0.661157025,1,31.104,11.30276999,9.452198534,49.75813766,598.85,573.025,0.487179487,1,540,0,0,0,0,0
562861,543,0.609375,0.125,0.40625,0.046875,0.203125,0.046875,2.578125,2.34375,0.078125,0.25,0.03125,0.03125,3.921875,0.328125,0.40625,0.328125,0.09375,0.0625,0.453125,0.078125,0.421875,0.1875,1.078125,0.3125,0.59375,0.390625,0.109375,10.109375,0.109375,0.078125,45045,64,0.848898512,0.780487805,0.492307692,1,32.99,13.79257919,7.290148809,21.96951209,414.953125,574.25,0.857142857,3,525,541,547,0,0,0
562861,544,0.88,0.1,0.36,0.1,0.1,0.1,3.36,2.65,0.03,0.37,0.05,0.05,3.33,0.32,0.25,0.42,0.04,0.04,0.43,0.08,0.41,0.06,0.74,0.19,0.62,0.47,0.18,9.11,0.12,0.13,45128,100,0.520217848,0.925925926,0.699300699,1,33.643,12.35874112,10.55478017,-74.2765962,281.97,575.13,0.395348837,1,546,0,0,0,0,0
562861,545,0.564102564,0.141025641,0.371794872,0.064102564,0.038461538,0.076923077,4.628205128,2.012820513,0.038461538,0.282051282,0.051282051,0,3.333333333,0.217948718,0.102564103,0.41025641,0.076923077,0.102564103,0.307692308,0.025641026,0.320512821,0.230769231,7.91025641,0.333333333,1.397435897,0.576923077,0.115384615,9.205128205,0.243589744,0.128205128,45211,78,0.60277911,0.928571429,0.644628099,1,30.732,11.43327433,9.122702256,-31.01227649,353.2179487,575.3974359,0.512820513,1,548,0,0,0,0,0
562861,546,1.127906977,0.139534884,0.255813953,0.058139535,0.058139535,0.034883721,2.709302326,1.674418605,0.151162791,0.197674419,0.046511628,0.093023256,4.755813953,0.26744186,0.534883721,0.290697674,0.058139535,0.081395349,0.406976744,0,0.348837209,0.290697674,0.860465116,0.372093023,0.674418605,0.395348837,0.174418605,6.011627907,0.174418605,0.11627907,45294,86,0.333443828,0.934782609,0.651515152,1,31.956,11.00603646,10.37616064,-19.65474021,273.2906977,578.1627907,0.6,2,544,560,0,0,0,0
562861,547,0.626666667,0.253333333,0.92,0.053333333,0.186666667,0.133333333,1.826666667,2.48,0.08,0.413333333,0.093333333,0.026666667,3.093333333,0.44,0.28,0.32,0.066666667,0.093333333,0.186666667,0,0.4,0.266666667,12.30666667,0.36,0.6,0.64,0.186666667,12.18666667,0.213333333,0.226666667,45377,75,0.727256324,0.925925926,0.694444444,1,29.417,11.92833739,8.18720481,-0.64974618,417.5333333,579.8,0.513513514,1,543,0,0,0,0,0
562861,548,0.696721311,0.229508197,0.393442623,0.106557377,0.12295082,0.098360656,5.114754098,2.155737705,0.155737705,0.385245902,0.073770492,0.081967213,3.778688525,0.286885246,0.303278689,0.336065574,0.049180328,0.057377049,0.237704918,0.024590164,0.614754098,0.5,16.77868852,0.393442623,1.950819672,0.5,0.155737705,8.040983607,0.278688525,0.245901639,45460,122,0.750450452,0.897058824,0.580952381,1,42.054,15.7870068,10.43405451,-41.18842601,345.7295082,579.557377,0.807692308,3,545,551,564,0,0,0
562861,549,0.620192308,0.129807692,0.365384615,0.081730769,0.149038462,0.086538462,4.629807692,2.692307692,0.125,0.278846154,0.072115385,0.076923077,12.59615385,0.4375,1.629807692,0.475961538,0.134615385,0.105769231,0.802884615,0.043269231,0.480769231,0.144230769,0.822115385,0.519230769,1.480769231,0.673076923,0.216346154,12.14903846,0.225961538,0.149038462,45543,208,0.733048807,0.828685259,0.582633053,1,60.538,20.94872274,14.24881929,9.396811654,746.5096154,581.1586538,0.384615385,2,556,568,0,0,0,0
562861,550,0.561983471,0.157024793,0.404958678,0.115702479,0.090909091,0.157024793,3.785123967,2.132231405,0.05785124,0.26446281,0.066115702,0.090909091,5.512396694,0.58677686,0.157024793,0.396694215,0.132231405,0.090909091,0.32231405,0.049586777,0.297520661,0.099173554,2.099173554,0.305785124,0.768595041,0.421487603,0.173553719,10.65289256,0.26446281,0.099173554,45626,121,0.54931183,0.896296296,0.720238095,1,41.111,14.01332414,11.70977811,24.14698786,93.18181818,583.9669421,0.530612245,2,552,565,0,0,0,0
562861,551,0.448979592,0.163265306,0.612244898,0.132653061,0.132653061,0.12244898,2.765306122,4.336734694,0.071428571,0.326530612,0.091836735,0.030612245,5.734693878,0.663265306,2.530612245,0.408163265,0.06122449,0.06122449,0.979591837,0.051020408,0.5,0.183673469,0.836734694,0.448979592,0.795918367,0.551020408,0.204081633,11.31632653,0.306122449,0.234693878,45709,98,0.745373553,0.942307692,0.628205128,1,34.586,13.91004766,9.273092002,43.0178612,335.6428571,583.1020408,0.666666667,3,548,564,567,0,0,0
562861,552,0.580645161,0.139784946,0.376344086,0.086021505,0.064516129,0.075268817,2.849462366,2.225806452,0.096774194,0.182795699,0.086021505,0.010752688,2.483870968,0.795698925,0.107526882,0.387096774,0.11827957,0.064516129,0.365591398,0,0.322580645,0.225806452,5.215053763,0.204301075,0.462365591,0.838709677,0.172043011,10.27956989,0.301075269,0.161290323,45792,93,0.769710992,0.902912621,0.664285714,1,35.504,13.92591055,8.890196902,-85.80044043,83.48387097,585.1827957,0.604651163,2,550,566,0,0,0,0
562861,553,0.912408759,0.145985401,0.357664234,0.087591241,0.058394161,0.109489051,2.99270073,2.656934307,0.072992701,0.226277372,0.102189781,0.00729927,6.562043796,0.503649635,0.102189781,0.321167883,0.087591241,0.051094891,0.321167883,0.00729927,0.357664234,0.087591241,0.715328467,0.364963504,0.729927007,0.401459854,0.204379562,10.01459854,0.226277372,0.218978102,45874,137,0.664482177,0.931972789,0.611607143,1,42.476,15.49408992,11.57879712,-25.20447318,143.2481752,584.8321168,0,0,0,0,0,0,0,0
562861,554,0.432098765,0.098765432,0.259259259,0.024691358,0.135802469,0.037037037,3.777777778,2.530864198,0.098765432,0.358024691,0.135802469,0.012345679,4.37037037,0.358024691,1.012345679,0.358024691,0.086419753,0.049382716,0.259259259,0.037037037,0.456790123,0.222222222,2.679012346,0.50617284,0.777777778,0.790123457,0.234567901,10.25925926,0.209876543,0.283950617,45957,81,0.743154574,0.91011236,0.613636364,1,31.683,12.68624419,8.488616918,-51.63799223,218.3950617,584.9382716,0.512195122,1,559,0,0,0,0,0
562861,555,1.093023256,0.313953488,0.465116279,0.104651163,0.162790698,0.174418605,7.88372093,2.779069767,0.093023256,0.186046512,0.046511628,0.023255814,6.26744186,0.418604651,0.127906977,0.395348837,0.046511628,0.058139535,0.418604651,0.034883721,0.325581395,0.093023256,3.930232558,0.313953488,2.313953488,0.558139535,0.151162791,8.825581395,0.127906977,0.209302326,46040,86,0.723533916,0.914893617,0.651515152,1,32.783,12.91163247,8.912755699,-50.54731241,528.3372093,585.5116279,0.512195122,1,558,0,0,0,0,0
562861,557,0.844720497,0.211180124,0.267080745,0.062111801,0.118012422,0.124223602,2.819875776,2.559006211,0.093167702,0.229813665,0.068322981,0.031055901,5.813664596,0.416149068,1.02484472,0.366459627,0.074534161,0.055900621,1.273291925,0.02484472,0.428571429,0.055900621,0.652173913,0.329192547,0.583850932,0.50931677,0.118012422,8.633540373,0.260869565,0.124223602,46206,161,0.809425157,0.936046512,0.706140351,1,46.189,18.92438005,11.11283224,-8.890108177,166.5465839,588.8012422,0,0,0,0,0,0,0,0
562861,558,0.527777778,0.125,0.583333333,0.055555556,0.097222222,0.111111111,2.888888889,2.125,0.069444444,0.152777778,0.166666667,0.083333333,4.069444444,0.416666667,0.527777778,0.416666667,0.083333333,0.097222222,0.569444444,0.013888889,0.333333333,0.097222222,1.833333333,0.319444444,1.25,0.458333333,0.111111111,11.875,0.194444444,0.152777778,46289,72,0.745756135,0.9,0.595041322,1,30.087,12.14658704,8.092287352,-50.41573922,521.8611111,588.3333333,0.5,1,555,0,0,0,0,0
562861,559,0.810126582,0.303797468,0.481012658,0.113924051,0.101265823,0.17721519,5.632911392,3.050632911,0.126582278,0.291139241,0.126582278,0.139240506,5.278481013,0.46835443,0.582278481,0.430379747,0.037974684,0.075949367,0.392405063,0.025316456,0.316455696,0.291139241,6.721518987,0.303797468,1.088607595,0.683544304,0.202531646,10.74683544,0.215189873,0.215189873,46372,79,0.70175584,0.908045977,0.598484848,1,32.047,12.35741289,8.803637611,-35.83193975,214.1898734,590.7848101,0.804878049,2,554,573,0,0,0,0
562861,560,0.746153846,0.184615385,0.496153846,0.115384615,0.130769231,0.096153846,4.961538462,2.526923077,0.107692308,0.303846154,0.065384615,0.053846154,4.469230769,0.461538462,0.792307692,0.396153846,0.088461538,0.069230769,0.434615385,0.057692308,0.423076923,0.130769231,4.026923077,0.384615385,1.353846154,0.584615385,0.119230769,10.31153846,0.215384615,0.176923077,46455,260,0.8665237,0.905923345,0.742857143,1,61.72,26.31988003,13.13719782,-1.638448517,272.1923077,590.8884615,0.320512821,2,546,579,0,0,0,0
562861,561,0.462264151,0.245283019,0.20754717,0.037735849,0.113207547,0.066037736,1.933962264,5.235849057,0.066037736,0.433962264,0.037735849,0.047169811,4.160377358,0.518867925,0.547169811,0.405660377,0.066037736,0.066037736,0.235849057,0.028301887,0.613207547,0.198113208,0.735849057,0.537735849,0.5,0.622641509,0.169811321,4.566037736,0.226415094,0.160377358,46538,106,0.598155583,0.946428571,0.736111111,1,34.47,13.04882677,10.45706875,52.62427049,597.3018868,588.490566,0,0,0,0,0,0,0,0
562861,562,0.788990826,0.155963303,0.486238532,0.091743119,0.119266055,0.082568807,2.697247706,2.174311927,0.110091743,0.293577982,0.100917431,0.064220183,5.201834862,0.541284404,0.165137615,0.366972477,0.100917431,0.082568807,0.321100917,0.027522936,0.532110092,0.183486239,0.596330275,0.293577982,1.073394495,0.568807339,0.247706422,6.660550459,0.23853211,0.064220183,46621,109,0.320551618,0.939655172,0.698717949,1,35.694,12.26871551,11.62130826,89.00703139,66.69724771,591.2477064,0,0,0,0,0,0,0,0
562861,563,0.467741935,0.129032258,0.290322581,0.056451613,0.120967742,0.048387097,1.903225806,2.040322581,0.080645161,0.185483871,0.048387097,0.040322581,3.241935484,0.306451613,0.088709677,0.411290323,0.032258065,0.096774194,0.241935484,0.016129032,0.379032258,0.064516129,0.387096774,0.274193548,0.435483871,0.282258065,0.161290323,7.790322581,0.185483871,0.10483871,46704,124,0.688932783,0.932330827,0.681318681,1,40.309,14.95301924,10.83832568,27.74889237,363.233871,592.9274194,0.307692308,3,576,580,581,0,0,0
562861,564,0.841059603,0.278145695,0.370860927,0.092715232,0.112582781,0.125827815,6.278145695,2.933774834,0.112582781,0.251655629,0.086092715,0.033112583,5.225165563,0.509933775,0.801324503,0.364238411,0.105960265,0.052980132,0.350993377,0.033112583,0.40397351,0.132450331,1.132450331,0.42384106,1.947019868,0.61589404,0.178807947,10.40397351,0.251655629,0.152317881,46787,151,0.489584018,0.904191617,0.592156863,1,46.76,15.38760721,13.4173184,-83.77148004,340.9072848,592.4834437,0.783333333,4,548,551,567,576,0,0
562861,565,0.67032967,0.10989011,0.384615385,0.076923077,0.131868132,0.076923077,2.296703297,2.384615385,0.065934066,0.252747253,0.120879121,0.021978022,7.186813187,0.824175824,0.252747253,0.252747253,0.098901099,0.054945055,0.241758242,0.032967033,0.406593407,0.10989011,1.208791209,0.428571429,0.56043956,0.494505495,0.21978022,8.021978022,0.186813187,0.164835165,46870,91,0.904433973,0.91,0.7109375,1,38.059,16.98643547,7.246644866,79.8917166,92.8021978,596.7252747,1,4,550,566,569,572,0,0
562861,566,0.69047619,0.178571429,0.297619048,0.035714286,0.154761905,0.011904762,3.05952381,2.678571429,0.107142857,0.345238095,0.083333333,0.071428571,8.035714286,0.44047619,0.202380952,0.416666667,0.095238095,0.130952381,0.392857143,0.023809524,0.345238095,0.19047619,0.654761905,0.476190476,0.857142857,0.595238095,0.154761905,8.916666667,0.321428571,0.047619048,46953,84,0.672213901,0.903225806,0.636363636,1,33.527,12.46193389,9.226279856,30.67814749,80.58333333,596.3809524,0.731707317,3,552,565,572,0,0,0
562861,567,0.457142857,0.128571429,0.4,0.071428571,0.042857143,0.128571429,5.3,2.8,0.114285714,0.314285714,0.042857143,0.057142857,4.942857143,0.471428571,2.828571429,0.485714286,0.057142857,0.114285714,0.614285714,0.042857143,0.414285714,0.2,0.871428571,0.414285714,1.714285714,0.657142857,0.3,13.04285714,0.242857143,0.228571429,47036,70,0.894808166,0.909090909,0.48951049,1,33.263,14.87653193,6.641640061,-48.2434919,333.5857143,596.1428571,0.595238095,2,551,564,0,0,0,0
562861,569,0.682352941,0.2,0.282352941,0.070588235,0.129411765,0.047058824,3.129411765,2.823529412,0.058823529,0.494117647,0.094117647,0.023529412,4.847058824,0.741176471,0.211764706,0.482352941,0.058823529,0.070588235,0.376470588,0.035294118,0.388235294,0.117647059,1.2,0.376470588,0.564705882,0.411764706,0.247058824,9.035294118,0.305882353,0.117647059,47202,85,0.882600942,0.885416667,0.708333333,1,35.272,15.6660142,7.364952634,77.77939577,98.58823529,598.4823529,0.951219512,2,565,574,0,0,0,0
562861,571,0.53968254,0.126984127,0.365079365,0.079365079,0.158730159,0.126984127,3.587301587,2.095238095,0.142857143,0.253968254,0.142857143,0.031746032,5.761904762,0.476190476,1.476190476,0.428571429,0.095238095,0.079365079,1.142857143,0.015873016,0.333333333,0.126984127,0.904761905,0.380952381,1.650793651,0.888888889,0.238095238,9.714285714,0.222222222,0.142857143,47368,63,0.857705856,0.863013699,0.525,1,30.451,13.07911394,6.72450486,-63.388697,735.8888889,598.7777778,0.973684211,2,568,577,0,0,0,0
562861,572,0.526315789,0.105263158,0.302631579,0.039473684,0.052631579,0.078947368,2.671052632,2.460526316,0.105263158,0.25,0.052631579,0.039473684,4.236842105,0.25,0.921052632,0.434210526,0.065789474,0.078947368,0.855263158,0.013157895,0.276315789,0.118421053,0.763157895,0.381578947,0.763157895,0.565789474,0.105263158,7.486842105,0.131578947,0.078947368,47451,76,0.747944887,0.873563218,0.575757576,1,34.718,13.09119641,8.68942345,45.32861516,85.35526316,601.2105263,0.825,2,565,566,0,0,0,0
562861,573,0.539393939,0.212121212,0.363636364,0.096969697,0.157575758,0.121212121,3.309090909,2.666666667,0.096969697,0.236363636,0.066666667,0.072727273,3.551515152,0.345454545,4.454545455,0.303030303,0.078787879,0.151515152,1.115151515,0.018181818,0.351515152,0.16969697,1.921212121,0.442424242,1.248484848,0.6,0.218181818,9.090909091,0.224242424,0.16969697,47534,165,0.517776006,0.926966292,0.6875,1,46.288,15.9907332,13.68033167,-33.20508354,210.1878788,601.0666667,0.24137931,1,559,0,0,0,0,0
562861,574,0.663366337,0.108910891,0.633663366,0.03960396,0.118811881,0.128712871,3.207920792,2.564356436,0.03960396,0.376237624,0.089108911,0.03960396,3.277227723,0.841584158,8.356435644,0.514851485,0.03960396,0.148514851,1.445544554,0,0.366336634,0.217821782,1.95049505,0.306930693,0.851485149,0.732673267,0.178217822,14.51485149,0.356435644,0.198019802,47617,101,0.614938396,0.918181818,0.721428571,1,36.215,13.10000248,10.33033643,-72.75550961,106.4851485,599.6534653,0.860465116,3,569,575,585,0,0,0
562861,575,0.5,0.149122807,0.377192982,0.078947368,0.157894737,0.043859649,3.157894737,2.289473684,0.070175439,0.385964912,0.035087719,0.061403509,2.561403509,0.833333333,0.771929825,0.350877193,0.096491228,0.105263158,0.763157895,0.035087719,0.447368421,0.149122807,2.236842105,0.359649123,0.570175439,0.754385965,0.149122807,10.0877193,0.254385965,0.175438596,47700,114,0.614779722,0.857142857,0.584615385,1,42.608,14.26027036,11.24705899,24.13368897,117.0350877,600.3333333,0.76,3,574,578,585,0,0,0
562861,576,1.167938931,0.198473282,0.374045802,0.083969466,0.038167939,0.099236641,4.778625954,3.091603053,0.122137405,0.351145038,0.099236641,0.038167939,5.297709924,0.770992366,0.625954198,0.442748092,0.038167939,0.061068702,0.41221374,0.030534351,0.290076336,0.190839695,1.045801527,0.572519084,0.778625954,0.610687023,0.183206107,10.88549618,0.236641221,0.305343511,47782,131,0.744311839,0.949275362,0.671794872,1,40.309,15.92469226,10.63502272,27.75041882,350.7862595,602.8931298,0.339622642,3,563,564,581,0,0,0
562861,577,0.652631579,0.094736842,0.347368421,0.147368421,0.126315789,0.168421053,3.789473684,2.368421053,0.073684211,0.221052632,0.147368421,0.094736842,4.305263158,0.526315789,0.2,0.347368421,0.063157895,0.042105263,0.484210526,0.021052632,0.473684211,0.105263158,1,0.378947368,1.631578947,0.557894737,0.210526316,9.694736842,0.178947368,0.221052632,47865,95,0.388452027,0.940594059,0.659722222,1,33.734,11.71074706,10.79108977,-69.03485191,729.3368421,601.8421053,0.441860465,1,571,0,0,0,0,0
562861,578,0.393617021,0.234042553,0.627659574,0.127659574,0.127659574,0.127659574,2.063829787,2.457446809,0.074468085,0.244680851,0.085106383,0.063829787,2.595744681,1.127659574,0.521276596,0.329787234,0.138297872,0.053191489,0.776595745,0.021276596,0.468085106,0.265957447,7.244680851,0.382978723,0.638297872,1.053191489,0.212765957,11.24468085,0.20212766,0.223404255,47948,94,0.683348454,0.921568627,0.61038961,1,35.223,13.17724538,9.620606503,16.66652796,126.4361702,603.4361702,0.818181818,2,575,588,0,0,0,0
562861,579,0.741721854,0.139072848,0.682119205,0.086092715,0.145695364,0.099337748,2.649006623,2.132450331,0.086092715,0.231788079,0.046357616,0.046357616,5.450331126,0.350993377,0.59602649,0.450331126,0.059602649,0.132450331,0.543046358,0.026490066,0.278145695,0.072847682,0.894039735,0.410596026,0.708609272,0.496688742,0.119205298,11.10596026,0.225165563,0.19205298,48031,151,0.695997597,0.937888199,0.719047619,1,43.195,16.56789103,11.89647659,39.70380601,268.1192053,603.7086093,0.25,1,560,0,0,0,0,0
562861,580,0.72972973,0.135135135,0.351351351,0.135135135,0.094594595,0.067567568,4.121621622,1.932432432,0.121621622,0.216216216,0.081081081,0.013513514,8.445945946,0.432432432,1.027027027,0.391891892,0.081081081,0.148648649,0.810810811,0.027027027,0.405405405,0.094594595,1.108108108,0.554054054,1.513513514,0.756756757,0.121621622,9.756756757,0.189189189,0.148648649,48114,74,0.689755981,0.902439024,0.611570248,1,30.823,11.80043333,8.544008281,-53.41908637,371.5540541,602.7162162,0.564102564,2,563,581,0,0,0,0
562861,581,0.752808989,0.101123596,0.258426966,0.033707865,0.157303371,0.078651685,3.056179775,2.696629213,0.08988764,0.292134831,0.033707865,0.078651685,9.808988764,0.595505618,0.348314607,0.337078652,0.06741573,0.056179775,0.505617978,0,0.258426966,0.168539326,0.898876404,0.337078652,1.325842697,0.831460674,0.179775281,8.741573034,0.247191011,0.101123596,48197,89,0.66821602,0.917525773,0.622377622,1,34.586,12.74784205,9.483977692,-33.03754122,364.752809,606.1123596,0.590909091,3,563,576,580,0,0,0
562861,582,0.634146341,0.231707317,0.585365854,0.12195122,0.06097561,0.085365854,3.134146341,2.146341463,0.06097561,0.182926829,0.012195122,0.097560976,5.43902439,0.280487805,0.182926829,0.341463415,0.073170732,0.048780488,0.804878049,0.024390244,0.426829268,0.134146341,0.646341463,0.37804878,0.829268293,0.451219512,0.085365854,8.707317073,0.195121951,0.243902439,48280,82,0.54209539,0.931818182,0.683333333,1,31.195,11.41418637,9.591534356,15.84434355,388.1463415,606.3780488,0.435897436,1,570,0,0,0,0,0
562861,583,1.266666667,0.125925926,0.407407407,0.103703704,0.059259259,0.103703704,3.659259259,2.125925926,0.111111111,0.281481481,0.081481481,0.111111111,17.34814815,0.42962963,0.244444444,0.355555556,0.096296296,0.081481481,0.274074074,0.022222222,0.340740741,0.059259259,0.555555556,0.259259259,0.592592593,0.6,0.222222222,7.088888889,0.185185185,0.140740741,48363,135,0.839835581,0.813253012,0.576923077,1,51.027,19.37364418,10.51680563,64.10135472,757.9185185,606.9407407,0.85,3,587,592,594,0,0,0
562861,584,0.93814433,0.164948454,0.288659794,0.051546392,0.041237113,0.103092784,2.041237113,2.113402062,0.06185567,0.175257732,0.020618557,0.020618557,6.824742268,0.360824742,0.195876289,0.340206186,0.041237113,0.030927835,0.257731959,0.010309278,0.268041237,0.072164948,0.494845361,0.371134021,0.690721649,0.350515464,0.103092784,9.041237113,0.175257732,0.113402062,48446,97,0.725380065,0.932692308,0.692857143,1,33.825,13.48999682,9.285820097,8.738016197,590.6597938,606.7525773,0,0,0,0,0,0,0,0
562861,585,0.55952381,0.345238095,0.452380952,0.095238095,0.166666667,0.05952381,3.523809524,2.833333333,0.047619048,0.297619048,0.071428571,0.130952381,4.452380952,0.44047619,1.654761905,0.523809524,0.071428571,0.119047619,1,0.035714286,0.452380952,0.119047619,0.869047619,0.511904762,0.702380952,0.726190476,0.178571429,14.39285714,0.416666667,0.285714286,48529,84,0.436918005,0.943820225,0.763636364,1,30.616,11.00680474,9.900635587,16.96189014,111.2738095,609.6904762,0.621621622,3,574,575,595,0,0,0
562861,586,0.486725664,0.168141593,0.309734513,0.132743363,0.07079646,0.07079646,2.920353982,2.672566372,0.061946903,0.221238938,0.053097345,0.026548673,4.212389381,0.371681416,0.159292035,0.353982301,0.07079646,0.061946903,0.230088496,0.03539823,0.336283186,0.044247788,0.442477876,0.469026549,0.566371681,0.433628319,0.132743363,7.743362832,0.238938053,0.132743363,48612,113,0.743533298,0.941666667,0.733766234,1,37.075,14.88993677,9.956884517,26.43208947,192.6725664,609.079646,0.434782609,2,598,599,0,0,0,0
562861,587,0.803418803,0.11965812,0.35042735,0.076923077,0.102564103,0.145299145,3.427350427,2.495726496,0.085470085,0.239316239,0.051282051,0.111111111,10.35897436,0.632478632,0.094017094,0.555555556,0.153846154,0.05982906,0.282051282,0.034188034,0.393162393,0.111111111,0.769230769,0.316239316,0.683760684,0.58974359,0.136752137,9.991452991,0.230769231,0.239316239,48695,117,0.660335924,0.806896552,0.52,1,44.047,15.05732268,11.30760288,43.26072197,766.3504274,608.8974359,0.660714286,2,583,594,0,0,0,0
562861,588,0.739130435,0.130434783,0.52173913,0.097826087,0.054347826,0.097826087,2.902173913,2.413043478,0.010869565,0.239130435,0.043478261,0.065217391,7.923913043,0.467391304,8.804347826,0.293478261,0.076086957,0.206521739,1.586956522,0.043478261,0.380434783,0.152173913,1.065217391,0.369565217,1.77173913,1.076086957,0.173913043,14,0.260869565,0.097826087,48778,92,0.682980487,0.910891089,0.597402597,1,34.677,13.04916047,9.531584657,13.03371673,132.673913,610.0217391,0.866666667,3,578,595,596,0,0,0
562861,590,0.577586207,0.112068966,0.793103448,0.163793103,0.206896552,0.043103448,2.318965517,1.801724138,0.120689655,0.344827586,0.094827586,0.060344828,3.560344828,0.336206897,0.163793103,0.344827586,0.043103448,0.051724138,0.5,0.060344828,0.448275862,0.215517241,3.00862069,0.267241379,0.818965517,0.560344828,0.172413793,12.70689655,0.344827586,0.146551724,48944,116,0.788135436,0.950819672,0.725,1,38.142,15.63006554,9.620334354,12.01479471,448.8103448,612.5,0,0,0,0,0,0,0,0
562861,591,1.090909091,0.136363636,0.303030303,0.037878788,0.068181818,0.037878788,2.083333333,2.818181818,0.068181818,0.166666667,0.053030303,0.053030303,15.02272727,0.424242424,0.242424242,0.318181818,0.045454545,0.136363636,0.424242424,0.045454545,0.356060606,0.113636364,0.871212121,0.356060606,0.818181818,0.545454545,0.189393939,9.5,0.265151515,0.098484848,49027,132,0.544390069,0.956521739,0.725274725,1,38.969,14.24700362,11.95084533,-70.61327224,554.3484848,611.469697,0,0,0,0,0,0,0,0
562861,592,0.853658537,0.178861789,0.333333333,0.097560976,0.06504065,0.089430894,3,1.422764228,0.146341463,0.154471545,0.105691057,0.073170732,7.43902439,0.43902439,0.268292683,0.195121951,0.081300813,0.138211382,0.414634146,0.032520325,0.398373984,0.12195122,0.536585366,0.37398374,0.682926829,0.479674797,0.227642276,7.463414634,0.37398374,0.243902439,49110,123,0.873960441,0.931818182,0.683333333,1,41.483,18.07220694,8.78303954,77.77281606,748.9593496,612.2113821,0.42,1,583,0,0,0,0,0
562861,593,0.6,0.171428571,0.523809524,0.180952381,0.085714286,0.076190476,3.428571429,2.904761905,0.076190476,0.238095238,0.085714286,0.028571429,4.304761905,0.552380952,7.228571429,0.419047619,0.085714286,0.152380952,1.247619048,0.028571429,0.457142857,0.076190476,1.8,0.438095238,1.533333333,0.714285714,0.238095238,10.7047619,0.257142857,0.2,49193,105,0.210976854,0.921052632,0.729166667,1,35.628,11.82826836,11.56202654,-89.34568648,521.2666667,615.5904762,0,0,0,0,0,0,0,0
562861,594,0.555555556,0.111111111,0.402777778,0.013888889,0.027777778,0.069444444,3.958333333,2.291666667,0.069444444,0.222222222,0.097222222,0.027777778,9.861111111,0.666666667,0.166666667,0.527777778,0.097222222,0.041666667,0.263888889,0.041666667,0.291666667,0.263888889,0.875,0.166666667,0.583333333,0.763888889,0.138888889,9.611111111,0.333333333,0.055555556,49276,72,0.6405629,0.947368421,0.666666667,1,28.582,11.04871451,8.484370904,24.019777,760.5138889,617.8055556,0.611111111,2,583,587,0,0,0,0
562861,595,0.891891892,0.144144144,0.324324324,0.144144144,0.09009009,0.099099099,3.333333333,2.855855856,0.09009009,0.243243243,0.09009009,0.117117117,18.18018018,0.63963964,0.702702703,0.54954955,0.018018018,0.063063063,0.54954955,0.045045045,0.36036036,0.126126126,4.972972973,0.396396396,1.855855856,0.666666667,0.171171171,13.0990991,0.279279279,0.216216216,49359,111,0.889838587,0.853846154,0.502262443,1,42.36,18.30994194,8.354377067,-29.42405146,124.3783784,617.2612613,0.796296296,4,585,588,596,601,0,0
562861,596,0.469879518,0.13253012,0.361445783,0.120481928,0.096385542,0.048192771,3.21686747,2.493975904,0.036144578,0.313253012,0.024096386,0.084337349,8.56626506,0.277108434,1.168674699,0.361445783,0.048192771,0.108433735,0.506024096,0.036144578,0.337349398,0.156626506,0.759036145,0.397590361,0.771084337,0.518072289,0.120481928,11.27710843,0.289156627,0.108433735,49442,83,0.679905977,0.943181818,0.638461538,1,31.394,12.13588801,8.899238182,-18.34894873,138.2168675,617.1927711,0.487179487,2,588,595,0,0,0,0
562861,597,0.778761062,0.212389381,0.274336283,0.03539823,0.159292035,0.061946903,4.053097345,2.778761062,0.03539823,0.283185841,0.03539823,0.053097345,5.902654867,0.398230088,0.194690265,0.442477876,0.061946903,0.044247788,0.274336283,0.008849558,0.345132743,0.150442478,0.654867257,0.353982301,0.566371681,0.442477876,0.132743363,6.575221239,0.14159292,0.256637168,49525,113,0.443744215,0.949579832,0.668639053,1,36.364,12.80867799,11.47854144,32.2909719,354.3097345,617.4867257,0,0,0,0,0,0,0,0
562861,598,0.275,0.1375,0.425,0.0625,0.0125,0.1,2.7125,2.1125,0.0625,0.3375,0.1,0.05,5.5,0.3875,0.1375,0.3125,0.05,0.025,0.225,0.0125,0.3,0.125,0.7125,0.3875,0.7875,0.3125,0.175,8.7375,0.175,0.1375,49608,80,0.49794895,0.963855422,0.727272727,1,30.525,11.06638411,9.596838507,-49.44965082,183,619.1375,0.473684211,3,586,599,611,0,0,0
562861,599,0.402061856,0.113402062,0.443298969,0.020618557,0.103092784,0.103092784,2.711340206,2.288659794,0.072164948,0.24742268,0.082474227,0.072164948,7.783505155,0.340206186,0.113402062,0.381443299,0.051546392,0.103092784,0.340206186,0.010309278,0.24742268,0.144329897,0.556701031,0.319587629,0.927835052,0.505154639,0.268041237,8.505154639,0.24742268,0.154639175,49690,97,0.775203055,0.843478261,0.577380952,1,39.49,14.80584309,9.353030776,35.61061926,192.5360825,617.7319588,1,5,586,598,602,605,611,0
562861,600,0.742857143,0.135714286,0.335714286,0.078571429,0.15,0.107142857,4.242857143,2.414285714,0.085714286,0.192857143,0.107142857,0.028571429,6.007142857,0.4,0.285714286,0.464285714,0.1,0.092857143,0.4,0.014285714,0.342857143,0.114285714,1.55,0.378571429,1.357142857,0.528571429,0.107142857,11.2,0.2,0.192857143,49773,140,0.669588695,0.952380952,0.729166667,1,40.102,15.57113352,11.56518078,9.935605269,571.6571429,619.5071429,0,0,0,0,0,0,0,0
562861,601,0.862745098,0.18627451,0.284313725,0.078431373,0.098039216,0.068627451,3.245098039,2.931372549,0.068627451,0.264705882,0.107843137,0.039215686,24.20588235,0.656862745,0.901960784,0.333333333,0.068627451,0.117647059,0.549019608,0.049019608,0.343137255,0.254901961,1.529411765,0.362745098,1.509803922,0.607843137,0.12745098,11.97058824,0.352941176,0.166666667,49856,102,0.826026068,0.894736842,0.56043956,1,38.878,15.75613391,8.880659909,-49.49590004,121.8921569,624.1176471,0.530612245,1,595,0,0,0,0,0
562861,602,0.60952381,0.180952381,0.304761905,0.095238095,0.161904762,0.057142857,4.457142857,2.914285714,0.076190476,0.295238095,0.076190476,0.104761905,8.571428571,0.514285714,0.171428571,0.419047619,0.066666667,0.057142857,0.352380952,0.038095238,0.419047619,0.152380952,0.704761905,0.428571429,1.028571429,0.6,0.20952381,10.24761905,0.295238095,0.180952381,49939,105,0.619216708,0.889830508,0.583333333,1,37.58,13.3645914,10.49414633,15.4766727,200.1238095,622.352381,0.8125,5,599,605,607,611,613,0
562861,603,0.364485981,0.14953271,0.588785047,0.056074766,0.196261682,0.112149533,1.728971963,2.990654206,0.065420561,0.308411215,0.093457944,0.102803738,4.822429907,0.364485981,1.074766355,0.271028037,0.112149533,0.065420561,0.53271028,0,0.327102804,0.112149533,1.672897196,0.261682243,0.457943925,0.476635514,0.14953271,8.327102804,0.23364486,0.186915888,50022,107,0.687521409,0.963963964,0.764285714,1,34.751,13.77114098,10.00010832,-86.06367101,420.7383178,627.6448598,0.159090909,1,620,0,0,0,0,0
562861,604,0.775362319,0.18115942,0.434782609,0.152173913,0.101449275,0.108695652,3.942028986,2.224637681,0.057971014,0.231884058,0.130434783,0.043478261,6.775362319,0.391304348,5.043478261,0.369565217,0.072463768,0.123188406,0.543478261,0.036231884,0.34057971,0.210144928,11.39130435,0.398550725,1.543478261,0.753623188,0.173913043,10.04347826,0.231884058,0.231884058,50105,138,0.636520422,0.945205479,0.663461538,1,41.409,15.26800098,11.77559611,-29.58774304,614.4927536,628.2681159,0.634615385,3,609,614,623,0,0,0
562861,605,0.488888889,0.266666667,0.444444444,0.111111111,0.244444444,0.066666667,5.488888889,3,0.133333333,0.2,0.111111111,0.088888889,7.666666667,0.488888889,0.311111111,0.155555556,0.044444444,0.066666667,0.311111111,0,0.4,0.155555556,1.155555556,0.4,1.933333333,0.511111111,0.155555556,13.02222222,0.244444444,0.111111111,50188,45,0.593396818,0.957446809,0.714285714,1,22.189,8.70595169,7.007508159,-65.56743113,194.5333333,628.8222222,1,5,599,602,607,611,613,0
562861,606,0.518867925,0.141509434,0.566037736,0.056603774,0.047169811,0.113207547,5.150943396,2.339622642,0.08490566,0.198113208,0.094339623,0.08490566,7.537735849,0.367924528,0.160377358,0.330188679,0.028301887,0.066037736,0.509433962,0.047169811,0.396226415,0.094339623,2.29245283,0.462264151,0.58490566,0.5,0.160377358,10.16981132,0.254716981,0.188679245,50271,106,0.50591225,0.946428571,0.679487179,1,34.958,12.62222634,10.88774247,-42.70159122,163.5283019,629.9528302,0,0,0,0,0,0,0,0
562861,607,0.436619718,0.253521127,0.323943662,0.056338028,0.084507042,0.126760563,4.281690141,2.112676056,0.084507042,0.183098592,0.028169014,0.056338028,9.549295775,0.309859155,0.38028169,0.408450704,0.042253521,0.028169014,0.295774648,0.056338028,0.338028169,0.084507042,0.549295775,0.38028169,1.436619718,0.464788732,0.112676056,8.295774648,0.169014085,0.352112676,50354,71,0.569526109,0.87654321,0.58677686,1,30.36,10.8425578,8.912292389,-22.68547521,204.1408451,630.4788732,0.820512821,4,602,605,613,617,0,0
562861,608,0.789915966,0.151260504,0.428571429,0.016806723,0.092436975,0.067226891,2.394957983,2.453781513,0.067226891,0.18487395,0.18487395,0,5.806722689,0.336134454,0.369747899,0.336134454,0.075630252,0.075630252,0.68907563,0.025210084,0.462184874,0.075630252,0.504201681,0.268907563,0.81512605,0.605042017,0.168067227,9.857142857,0.218487395,0.168067227,50437,119,0.468427453,0.944444444,0.762820513,1,36.43,13.17521311,11.64032666,66.2304793,557.3193277,632.302521,0.282608696,1,615,0,0,0,0,0
562861,609,0.897727273,0.136363636,0.704545455,0.056818182,0.079545455,0.147727273,3.988636364,2.409090909,0.045454545,0.147727273,0.113636364,0.068181818,4.602272727,0.454545455,0.113636364,0.465909091,0.102272727,0.045454545,0.465909091,0.022727273,0.170454545,0.136363636,6.715909091,0.159090909,1.636363636,0.534090909,0.125,8.943181818,0.181818182,0.159090909,50520,88,0.413216031,0.936170213,0.666666667,1,31.675,11.23058206,10.22693894,65.71086298,605.4772727,633.2954545,0.675,2,604,624,0,0,0,0
562861,610,1.337078652,0.258426966,0.404494382,0.112359551,0.06741573,0.056179775,6.056179775,2.786516854,0.101123596,0.213483146,0.056179775,0.02247191,6.741573034,0.426966292,0.191011236,0.483146067,0.191011236,0.134831461,0.471910112,0.08988764,0.460674157,0.179775281,10.94382022,0.337078652,2.786516854,0.561797753,0.168539326,8.91011236,0.202247191,0.157303371,50603,89,0.371627449,0.946808511,0.674242424,1,31.592,11.1786411,10.37804858,8.43697864,692.5842697,633.1910112,0,0,0,0,0,0,0,0
562861,611,0.631284916,0.245810056,0.491620112,0.117318436,0.134078212,0.061452514,6.916201117,2.38547486,0.111731844,0.262569832,0.078212291,0.078212291,4.932960894,0.553072626,0.212290503,0.446927374,0.078212291,0.055865922,0.441340782,0.027932961,0.38547486,0.150837989,1.843575419,0.424581006,2.642458101,0.698324022,0.217877095,13.23463687,0.318435754,0.17877095,50686,179,0.630565414,0.937172775,0.621527778,1,49.456,17.82236439,13.83258054,-55.60500709,187.5307263,633.8882682,0.523809524,6,598,599,602,605,613,631
562861,612,0.840425532,0.095744681,0.255319149,0.031914894,0.138297872,0.117021277,4.106382979,1.70212766,0.074468085,0.191489362,0.095744681,0.031914894,8.957446809,0.276595745,0.138297872,0.212765957,0.042553191,0.021276596,0.29787234,0.010638298,0.340425532,0.085106383,0.606382979,0.372340426,0.808510638,0.457446809,0.180851064,7.680851064,0.14893617,0.085106383,50769,94,0.556353998,0.94,0.712121212,1,32.51,12.10450635,10.05818366,-20.10313356,275.4893617,635,0.487804878,2,619,625,0,0,0,0
562861,613,0.519480519,0.142857143,0.220779221,0.012987013,0.103896104,0.116883117,5.779220779,2.207792208,0.064935065,0.38961039,0.025974026,0.077922078,11.32467532,0.194805195,2.038961039,0.402597403,0.194805195,0.103896104,0.38961039,0.012987013,0.402597403,0.103896104,0.675324675,0.324675325,1.402597403,0.584415584,0.12987013,10.44155844,0.155844156,0.168831169,50852,77,0.735021217,0.905882353,0.658119658,1,31.741,12.41172287,8.415695547,76.76150843,198.1428571,637.025974,1,6,602,605,607,611,617,628
562861,614,0.890909091,0.181818182,0.472727273,0.036363636,0.054545455,0.090909091,2.927272727,2.418181818,0.072727273,0.109090909,0.054545455,0.054545455,5.327272727,0.309090909,1.054545455,0.454545455,0.054545455,0.090909091,0.345454545,0.036363636,0.363636364,0.054545455,0.672727273,0.290909091,0.727272727,0.454545455,0.127272727,7.963636364,0.127272727,0.163636364,50935,55,0.900999788,0.859375,0.5,1,29.409,13.30349699,5.771316767,39.47533892,619.1818182,635.8363636,1,2,604,623,0,0,0,0
562861,615,1.024096386,0.168674699,0.337349398,0.108433735,0.108433735,0.108433735,3.084337349,2.530120482,0.072289157,0.313253012,0.036144578,0.036144578,5.698795181,0.397590361,0.168674699,0.313253012,0.060240964,0.072289157,0.361445783,0.012048193,0.373493976,0.060240964,0.78313253,0.385542169,0.78313253,0.43373494,0.13253012,8.554216867,0.168674699,0.168674699,51018,83,0.655929792,0.93258427,0.691666667,1,31.377,12.15190864,9.172526832,-12.19476254,547.0843373,635.4216867,0.775,3,608,616,621,0,0,0
562861,616,0.87037037,0.148148148,0.407407407,0.074074074,0.074074074,0.166666667,3.481481481,2.268518519,0.037037037,0.527777778,0.138888889,0.027777778,4.333333333,0.407407407,0.342592593,0.398148148,0.083333333,0.055555556,0.37962963,0.018518519,0.425925926,0.203703704,6.935185185,0.435185185,0.814814815,0.537037037,0.157407407,8.592592593,0.148148148,0.157407407,51101,108,0.338727259,0.955752212,0.75,1,34.197,12.16657507,11.4473432,68.23305835,533.3148148,636.4259259,0.363636364,2,615,621,0,0,0,0
562861,617,0.584615385,0.184615385,0.307692308,0.046153846,0.076923077,0.184615385,3.938461538,2.215384615,0.076923077,0.123076923,0.138461538,0.092307692,8.8,0.307692308,0.215384615,0.153846154,0.107692308,0.061538462,0.353846154,0,0.507692308,0.076923077,0.523076923,0.492307692,0.692307692,0.661538462,0.276923077,9.138461538,0.246153846,0.092307692,51184,65,0.764205953,0.866666667,0.677083333,1,29.417,11.69264557,7.541432445,6.175682692,206.4923077,638.6153846,0.828571429,4,607,613,628,632,0,0
562861,618,0.795698925,0.161290323,0.462365591,0.053763441,0.075268817,0.075268817,3.172043011,2.64516129,0.075268817,0.322580645,0.075268817,0.086021505,6.096774194,0.35483871,0.182795699,0.301075269,0.064516129,0.086021505,0.301075269,0.010752688,0.376344086,0.172043011,0.774193548,0.311827957,0.623655914,0.76344086,0.258064516,9.666666667,0.247311828,0.150537634,51267,93,0.42189316,0.958762887,0.645833333,1,32.163,11.53276987,10.45613453,-36.43810211,751.5698925,638.2688172,0,0,0,0,0,0,0,0
562861,619,0.880434783,0.086956522,0.163043478,0.076086957,0.097826087,0.076086957,5.706521739,1.717391304,0.152173913,0.130434783,0.043478261,0.032608696,6.554347826,0.336956522,0.108695652,0.336956522,0.054347826,0.043478261,0.326086957,0.010869565,0.456521739,0.173913043,3.543478261,0.326086957,2.108695652,0.413043478,0.097826087,7.25,0.195652174,0.097826087,51350,92,0.81680621,0.828828829,0.511111111,1,38.043,15.12213247,8.724141768,-66.38657544,265.9456522,639.1956522,0.85106383,3,612,622,625,0,0,0
562861,620,0.975308642,0.172839506,0.395061728,0.098765432,0.074074074,0.037037037,3.382716049,1.987654321,0.037037037,0.283950617,0.049382716,0.024691358,9.555555556,0.864197531,0.135802469,0.320987654,0.024691358,0.111111111,0.234567901,0.037037037,0.358024691,0.12345679,1.283950617,0.148148148,1.037037037,0.481481481,0.209876543,7.382716049,0.172839506,0.12345679,51433,81,0.590312086,0.880434783,0.613636364,1,33.271,11.73285064,9.470464887,20.51706233,425.345679,639.382716,0.69047619,2,603,626,0,0,0,0
562861,621,1.039473684,0.157894737,0.473684211,0.026315789,0.078947368,0.105263158,2.447368421,3.105263158,0.065789474,0.460526316,0.092105263,0.052631579,6.776315789,0.618421053,0.407894737,0.421052632,0.144736842,0.118421053,0.486842105,0.039473684,0.539473684,0.065789474,0.684210526,0.342105263,0.644736842,0.486842105,0.197368421,7.75,0.289473684,0.157894737,51515,76,0.582003063,0.926829268,0.633333333,1,29.996,11.15867467,9.074084634,73.38457862,541.1052632,641.7368421,0.641025641,2,615,616,0,0,0,0
562861,622,0.597014925,0.179104478,0.28358209,0.119402985,0.119402985,0.104477612,5.164179104,2.089552239,0.044776119,0.28358209,0.104477612,0.014925373,5.313432836,0.417910448,1.686567164,0.313432836,0.089552239,0.044776119,1.253731343,0,0.492537313,0.149253731,2.089552239,0.328358209,1.208955224,0.776119403,0.134328358,9.194029851,0.208955224,0.208955224,51598,67,0.77811821,0.971014493,0.62037037,1,29.326,12.06665956,7.579284428,-67.26248792,260.4029851,642.0149254,0.594594595,1,619,0,0,0,0,0
562861,623,0.819672131,0.131147541,0.31147541,0.114754098,0.098360656,0.098360656,2.467213115,2.262295082,0.049180328,0.180327869,0.073770492,0.057377049,4.647540984,0.295081967,0.901639344,0.393442623,0.057377049,0.098360656,0.31147541,0.008196721,0.286885246,0.090163934,0.704918033,0.31147541,0.631147541,0.508196721,0.131147541,7.672131148,0.114754098,0.139344262,51681,122,0.877096454,0.80794702,0.512605042,1,46.644,19.16720197,9.206280875,51.41341526,622.1147541,640.9016393,0.403508772,2,604,614,0,0,0,0
562861,624,0.628571429,0.142857143,0.704761905,0.066666667,0.133333333,0.057142857,1.752380952,2.171428571,0.085714286,0.114285714,0.057142857,0.019047619,4.780952381,0.419047619,0.161904762,0.352380952,0.057142857,0.066666667,0.257142857,0.019047619,0.276190476,0.133333333,1.504761905,0.276190476,0.371428571,0.361904762,0.161904762,7.60952381,0.123809524,0.066666667,51764,105,0.386915263,0.945945946,0.729166667,1,35.14,12.17332177,11.22520594,57.99756476,598.9047619,642.8571429,0.288888889,1,609,0,0,0,0,0
562861,625,0.879120879,0.10989011,0.10989011,0.076923077,0.076923077,0.10989011,4.736263736,1.824175824,0.043956044,0.131868132,0.021978022,0.043956044,7.43956044,0.340659341,2.164835165,0.197802198,0.076923077,0.043956044,0.824175824,0,0.395604396,0.197802198,0.934065934,0.285714286,0.978021978,0.593406593,0.142857143,8.351648352,0.252747253,0.087912088,51847,91,0.638026596,0.947916667,0.842592593,1,32.576,12.4057101,9.552574508,-1.336344151,275.3846154,643.9340659,0.575,2,612,619,0,0,0,0
562861,626,0.966292135,0.078651685,0.449438202,0.04494382,0.078651685,0.101123596,2.95505618,2.179775281,0.06741573,0.247191011,0.112359551,0.011235955,4.853932584,0.438202247,0.146067416,0.348314607,0.06741573,0.101123596,0.359550562,0.02247191,0.494382022,0.157303371,0.752808989,0.438202247,0.674157303,0.797752809,0.247191011,11.82022472,0.269662921,0.224719101,51930,89,0.78348459,0.839622642,0.526627219,1,37.406,14.49034516,9.004462989,48.39856334,431.8764045,642.6404494,0.489795918,1,620,0,0,0,0,0
562861,627,1.018867925,0.157232704,0.459119497,0.081761006,0.088050314,0.113207547,5.433962264,2.358490566,0.094339623,0.169811321,0.075471698,0.050314465,6.534591195,0.477987421,1.628930818,0.364779874,0.081761006,0.056603774,0.503144654,0.025157233,0.389937107,0.169811321,2.635220126,0.383647799,2.34591195,0.622641509,0.125786164,11.80503145,0.194968553,0.113207547,52013,159,0.623615406,0.935294118,0.668067227,1,44.99,16.32474563,12.76156462,15.88211998,37.25157233,645.3522013,0,0,0,0,0,0,0,0
562861,628,0.433962264,0.188679245,0.226415094,0.056603774,0.113207547,0.075471698,5.566037736,2.660377358,0.20754717,0.245283019,0.056603774,0.113207547,12.03773585,0.509433962,1.094339623,0.320754717,0.056603774,0.132075472,0.490566038,0.018867925,0.452830189,0.113207547,0.773584906,0.41509434,1.169811321,0.58490566,0.150943396,9,0.169811321,0.132075472,52096,53,0.868552716,0.929824561,0.736111111,1,27.151,12.04711122,5.970509655,6.77882253,203.7735849,644.2075472,1,3,613,617,632,0,0,0
562861,629,0.59223301,0.13592233,0.281553398,0.019417476,0.077669903,0.106796117,2.242718447,1.805825243,0.13592233,0.174757282,0.048543689,0.048543689,5.398058252,0.252427184,0.058252427,0.262135922,0.087378641,0.038834951,0.242718447,0.019417476,0.300970874,0.077669903,0.504854369,0.32038835,0.45631068,0.446601942,0.13592233,5.339805825,0.087378641,0.155339806,52179,103,0.362808186,0.953703704,0.66025641,1,34.032,11.95222308,11.13784452,2.521494802,482.1456311,644.6213592,0,0,0,0,0,0,0,0
562861,630,0.333333333,0.28125,0.354166667,0.072916667,0.125,0.114583333,2.854166667,2.947916667,0.104166667,0.28125,0.041666667,0.0625,4.395833333,0.364583333,0.59375,0.28125,0.0625,0.104166667,0.614583333,0.020833333,0.375,0.145833333,0.645833333,0.541666667,0.71875,0.416666667,0.125,8.375,0.15625,0.166666667,52262,96,0.509467653,0.96,0.8,1,33.13,12.07312419,10.38880033,-0.946692923,174.875,648.5625,0.55,2,631,635,0,0,0,0
562861,631,0.541353383,0.15037594,0.443609023,0.097744361,0.105263158,0.090225564,4.165413534,2.390977444,0.142857143,0.248120301,0.07518797,0.052631579,5.105263158,0.428571429,0.609022556,0.330827068,0.097744361,0.127819549,0.684210526,0.037593985,0.413533835,0.218045113,5.661654135,0.541353383,1.210526316,0.601503759,0.233082707,10.36842105,0.293233083,0.203007519,52345,133,0.804015299,0.875,0.711229947,1,45.031,17.65806319,10.4996364,-9.284308309,187.6240602,649.1954887,0.527272727,3,611,630,643,0,0,0
562861,632,0.428571429,0.180952381,0.476190476,0.104761905,0.123809524,0.114285714,6.19047619,2.657142857,0.142857143,0.323809524,0.057142857,0.066666667,5.79047619,0.40952381,0.20952381,0.447619048,0.066666667,0.028571429,0.352380952,0.019047619,0.4,0.142857143,5.714285714,0.428571429,1.580952381,0.476190476,0.142857143,9.771428571,0.171428571,0.171428571,52428,105,0.716102895,0.92920354,0.625,1,36.546,14.13603501,9.866877953,22.96707496,206.9142857,650.2666667,0.47826087,3,617,628,643,0,0,0
562861,633,0.814159292,0.10619469,0.238938053,0.044247788,0.115044248,0.097345133,1.96460177,1.442477876,0.07079646,0.283185841,0.008849558,0.044247788,3.681415929,0.265486726,0.088495575,0.256637168,0.07079646,0.026548673,0.230088496,0.017699115,0.353982301,0.053097345,0.522123894,0.159292035,0.513274336,0.398230088,0.115044248,7.008849558,0.150442478,0.168141593,52511,113,0.554456539,0.941666667,0.724358974,1,36.637,13.25327731,11.02954545,30.66123955,10.90265487,650.9734513,0,0,0,0,0,0,0,0
562861,634,0.559633028,0.146788991,0.431192661,0.119266055,0.091743119,0.064220183,3.110091743,2.366972477,0.073394495,0.311926606,0.100917431,0.100917431,3.706422018,0.385321101,3.660550459,0.321100917,0.027522936,0.110091743,1.467889908,0.091743119,0.403669725,0.146788991,2.036697248,0.266055046,1.23853211,0.752293578,0.201834862,9.990825688,0.211009174,0.174311927,52594,109,0.595404362,0.956140351,0.762237762,1,35.024,13.2220374,10.62293115,9.525749887,73.18348624,650.4954128,0.23255814,2,646,656,0,0,0,0
562861,635,0.680327869,0.172131148,0.360655738,0.081967213,0.106557377,0.057377049,5.221311475,2.409836066,0.073770492,0.262295082,0.12295082,0.016393443,2.163934426,0.475409836,0.204918033,0.508196721,0.073770492,0.073770492,0.360655738,0.040983607,0.393442623,0.196721311,1.442622951,0.344262295,1.967213115,0.524590164,0.163934426,10.3442623,0.270491803,0.131147541,52677,122,0.457362633,0.945736434,0.67032967,1,37.315,13.32225213,11.84721615,-4.595200768,161.5983607,652.0327869,0.24,2,630,640,0,0,0,0
562861,636,0.647058824,0.151260504,0.260504202,0.084033613,0.12605042,0.067226891,4.075630252,2.058823529,0.058823529,0.151260504,0.100840336,0.025210084,4.890756303,0.369747899,1.159663866,0.268907563,0.042016807,0.092436975,0.226890756,0.033613445,0.394957983,0.193277311,11.14285714,0.285714286,1.403361345,0.462184874,0.117647059,6.369747899,0.168067227,0.134453782,52760,119,0.534727945,0.952,0.708333333,1,36.918,13.49738236,11.40561574,66.77406898,407.9663866,650.8991597,0,0,0,0,0,0,0,0
562861,637,0.4375,0.153409091,0.522727273,0.107954545,0.073863636,0.068181818,2.357954545,2.403409091,0.045454545,0.295454545,0.056818182,0.034090909,3.073863636,0.363636364,0.090909091,0.210227273,0.0625,0.090909091,0.329545455,0.022727273,0.414772727,0.159090909,3.971590909,0.329545455,0.511363636,0.625,0.136363636,11,0.210227273,0.085227273,52843,176,0.829327643,0.936170213,0.698412698,1,49.72,20.43131398,11.41625443,-10.90237004,301.8181818,654.5170455,0,0,0,0,0,0,0,0
562861,638,0.787878788,0.101010101,0.383838384,0.070707071,0.131313131,0.090909091,3.252525253,2.464646465,0.131313131,0.161616162,0.111111111,0.060606061,4.777777778,0.656565657,0.101010101,0.373737374,0.050505051,0.050505051,0.333333333,0.03030303,0.444444444,0.101010101,0.909090909,0.222222222,0.606060606,0.505050505,0.141414141,9.595959596,0.171717172,0.131313131,52926,99,0.681627321,0.933962264,0.707142857,1,34.867,13.32089401,9.746891828,-4.376962644,343.1515152,653.8787879,0.133333333,2,658,660,0,0,0,0
562861,639,0.610526316,0.073684211,0.231578947,0.063157895,0.084210526,0.084210526,4.642105263,2.178947368,0.052631579,0.273684211,0.042105263,0.042105263,17.04210526,0.389473684,0.8,0.210526316,0.031578947,0.063157895,0.273684211,0.010526316,0.378947368,0.147368421,0.6,0.347368421,1.336842105,0.389473684,0.178947368,9.126315789,0.242105263,0.210526316,53009,95,0.319137777,0.940594059,0.71969697,1,33.18,11.4259883,10.82850429,14.77958217,740.3684211,655.2421053,0,0,0,0,0,0,0,0
562861,640,0.568,0.176,0.408,0.072,0.104,0.096,4.2,2.936,0.104,0.152,0.096,0.04,4.464,0.416,0.248,0.344,0.088,0.088,0.264,0.016,0.352,0.176,1.432,0.368,1.6,0.488,0.112,7.28,0.16,0.096,53092,125,0.533552851,0.946969697,0.73964497,1,37.844,13.84781767,11.71202341,-28.02798359,146.672,654.144,0.125,1,635,0,0,0,0,0
562861,641,0.951351351,0.167567568,0.313513514,0.07027027,0.081081081,0.07027027,2.486486486,2.8,0.075675676,0.156756757,0.054054054,0.081081081,9.978378378,0.4,0.6,0.421621622,0.064864865,0.043243243,0.583783784,0.016216216,0.351351351,0.081081081,0.745945946,0.394594595,0.67027027,0.47027027,0.227027027,8.751351351,0.237837838,0.156756757,53175,185,0.686999052,0.925,0.640138408,1,49.472,18.42387523,13.38786208,-39.99380183,504.6054054,654.1243243,0.111111111,1,654,0,0,0,0,0
562861,642,0.77443609,0.127819549,0.278195489,0.045112782,0.112781955,0.097744361,2.744360902,2.120300752,0.097744361,0.285714286,0.090225564,0.052631579,4.37593985,0.210526316,0.789473684,0.338345865,0.07518797,0.060150376,0.30075188,0.045112782,0.323308271,0.060150376,0.473684211,0.270676692,0.511278195,0.443609023,0.135338346,7.473684211,0.172932331,0.105263158,53258,133,0.799880772,0.89261745,0.651960784,1,42.798,17.30098173,10.38333882,-15.33025738,117.2330827,659.0676692,0.471698113,2,647,662,0,0,0,0
562861,643,0.505376344,0.150537634,0.376344086,0.107526882,0.150537634,0.107526882,4.795698925,2.494623656,0.107526882,0.376344086,0.107526882,0.075268817,5.688172043,0.483870968,0.268817204,0.47311828,0.075268817,0.064516129,0.612903226,0.075268817,0.430107527,0.075268817,2.47311828,0.333333333,1.35483871,0.612903226,0.11827957,9.172043011,0.225806452,0.215053763,53341,93,0.722365483,0.920792079,0.65034965,1,33.271,13.22928701,9.148203668,24.53947553,194.311828,658.2258065,0.404761905,2,631,632,0,0,0,0
562861,644,1.041958042,0.153846154,0.27972028,0.062937063,0.146853147,0.104895105,2.440559441,2.048951049,0.153846154,0.230769231,0.055944056,0.062937063,12.54545455,0.258741259,0.48951049,0.237762238,0.062937063,0.020979021,0.384615385,0.020979021,0.335664336,0.153846154,0.755244755,0.230769231,0.741258741,0.482517483,0.20979021,8.405594406,0.244755245,0.104895105,53423,143,0.503754769,0.916666667,0.638392857,1,43.187,14.87577109,12.85038586,-2.368097513,555.993007,658.7202797,0,0,0,0,0,0,0,0
562861,645,0.511278195,0.127819549,0.338345865,0.07518797,0.105263158,0.037593985,3.210526316,1.781954887,0.07518797,0.15037594,0.105263158,0.045112782,6.977443609,0.30075188,1.646616541,0.398496241,0.07518797,0.060150376,0.360902256,0.015037594,0.428571429,0.097744361,0.62406015,0.353383459,1,0.496240602,0.142857143,9.165413534,0.22556391,0.097744361,53506,133,0.336492892,0.95,0.678571429,1,39.366,13.54220456,12.75250452,22.48764645,50.78947368,660,0,0,0,0,0,0,0,0
562861,646,0.549019608,0.245098039,0.392156863,0.058823529,0.166666667,0.098039216,2.411764706,2.480392157,0.078431373,0.37254902,0.078431373,0.107843137,3.862745098,0.578431373,0.333333333,0.431372549,0.049019608,0.058823529,0.490196078,0.029411765,0.323529412,0.166666667,4.637254902,0.470588235,1.058823529,0.578431373,0.215686275,9.931372549,0.215686275,0.31372549,53589,102,0.473488028,0.871794872,0.603550296,1,37.654,12.51544086,11.02360349,-58.6584532,80.04901961,661.5098039,0.533333333,2,634,656,0,0,0,0
562861,647,0.836956522,0.086956522,0.326086957,0.054347826,0.065217391,0.086956522,4.097826087,3.010869565,0.097826087,0.184782609,0.054347826,0.076086957,9.510869565,0.326086957,0.108695652,0.608695652,0.043478261,0.086956522,0.217391304,0.032608696,0.326086957,0.097826087,0.663043478,0.282608696,0.576086957,0.586956522,0.119565217,9.576086957,0.326086957,0.141304348,53672,92,0.630961909,0.948453608,0.766666667,1,32.303,12.43239617,9.64522465,13.10029557,104.5326087,660.3695652,0.55,2,642,662,0,0,0,0
562861,648,0.494382022,0.174157303,0.735955056,0.303370787,0.196629213,0.112359551,3.752808989,2.404494382,0.101123596,0.359550562,0.129213483,0.08988764,3.123595506,0.511235955,0.123595506,0.45505618,0.04494382,0.084269663,0.297752809,0.04494382,0.382022472,0.207865169,3.146067416,0.337078652,0.43258427,0.702247191,0.196629213,11.26404494,0.303370787,0.230337079,53755,178,0.520392134,0.956989247,0.74789916,1,46.71,16.51024787,14.09855325,83.72092907,274.4662921,660.7865169,0.526315789,2,657,663,0,0,0,0
562861,649,1.214285714,0.089285714,0.232142857,0.044642857,0.142857143,0.151785714,2.8125,2.544642857,0.116071429,0.276785714,0.044642857,0.035714286,9.589285714,0.348214286,1.383928571,0.410714286,0.0625,0.0625,0.321428571,0.017857143,0.276785714,0.080357143,0.6875,0.276785714,0.75,0.464285714,0.125,6.553571429,0.1875,0.133928571,53838,112,0.512828773,0.910569106,0.615384615,1,38.341,13.26875567,11.39110618,71.59535537,701.4196429,660.0446429,0,0,0,0,0,0,0,0
562861,650,0.991735537,0.181818182,0.247933884,0.041322314,0.05785124,0.157024793,3.380165289,2.504132231,0.115702479,0.289256198,0.016528926,0.033057851,6.760330579,0.438016529,0.380165289,0.330578512,0.082644628,0.05785124,0.26446281,0.024793388,0.347107438,0.132231405,2.454545455,0.330578512,0.743801653,0.421487603,0.107438017,8.148760331,0.173553719,0.157024793,53921,121,0.767813809,0.870503597,0.620512821,1,41.971,16.05677399,10.28714233,59.40974639,768.446281,659.4545455,0.384615385,1,653,0,0,0,0,0
562861,651,0.736842105,0.144736842,0.289473684,0.118421053,0.105263158,0.039473684,4.934210526,2.513157895,0.105263158,0.184210526,0.052631579,0.092105263,6.197368421,0.460526316,0.171052632,0.236842105,0.039473684,0.157894737,0.289473684,0.039473684,0.302631579,0.210526316,5.552631579,0.381578947,1.421052632,0.315789474,0.157894737,9.960526316,0.157894737,0.184210526,54004,76,0.788816556,0.904761905,0.64957265,1,31.584,12.77797831,7.853712222,1.929223611,360.1315789,660.2236842,0.609756098,2,658,661,0,0,0,0
562861,652,0.512953368,0.150259067,0.694300518,0.051813472,0.134715026,0.155440415,2.797927461,2.373056995,0.10880829,0.331606218,0.088082902,0.046632124,4.466321244,0.352331606,0.212435233,0.445595855,0.103626943,0.062176166,0.440414508,0.025906736,0.347150259,0.202072539,6.176165803,0.378238342,0.725388601,0.554404145,0.14507772,9.720207254,0.269430052,0.222797927,54087,193,0.614381572,0.955445545,0.667820069,1,48.265,17.75267372,14.00702026,-45.88518487,607.388601,661.5181347,0.016129032,1,668,0,0,0,0,0
562861,653,1.2,0.08,0.253333333,0.053333333,0.146666667,0.08,3.186666667,2.666666667,0.04,0.333333333,0.146666667,0.08,9.36,0.32,0.133333333,0.413333333,0.053333333,0.053333333,0.346666667,0.026666667,0.44,0.066666667,0.693333333,0.24,0.44,0.613333333,0.16,8.4,0.253333333,0.106666667,54170,75,0.550124844,0.914634146,0.75,1,29.764,10.90308369,9.104973571,44.48355122,776.4133333,661.1066667,0.527777778,1,650,0,0,0,0,0
562861,654,1.37,0.18,0.36,0.08,0.07,0.07,2.99,2.18,0.07,0.2,0.04,0.08,12.27,0.35,0.15,0.34,0.05,0.07,0.19,0.03,0.28,0.16,4.95,0.29,1.71,0.45,0.1,9.31,0.3,0.16,54253,100,0.55111474,0.952380952,0.699300699,1,33.734,12.43148551,10.37319789,11.06354515,491.25,661.49,0.166666667,1,641,0,0,0,0,0
562861,655,0.555555556,0.161616162,0.313131313,0.060606061,0.101010101,0.060606061,3.828282828,2.595959596,0.03030303,0.232323232,0.050505051,0.02020202,3.656565657,0.444444444,0.151515152,0.373737374,0.04040404,0.060606061,0.252525253,0.02020202,0.383838384,0.101010101,0.727272727,0.272727273,0.626262626,0.474747475,0.141414141,6.575757576,0.131313131,0.181818182,54336,99,0.532040286,0.951923077,0.6875,1,33.089,12.28891924,10.40526191,35.46907963,254.2222222,663.1818182,0.069767442,1,663,0,0,0,0,0
562861,656,0.730769231,0.134615385,0.278846154,0.048076923,0.144230769,0.086538462,2.586538462,1.875,0.057692308,0.278846154,0.048076923,0.038461538,4.519230769,0.240384615,0.105769231,0.375,0.105769231,0.076923077,0.317307692,0,0.317307692,0.125,0.548076923,0.221153846,0.75,0.451923077,0.163461538,7.644230769,0.201923077,0.105769231,54419,104,0.444757628,0.971962617,0.722222222,1,34.834,12.44406767,11.14554122,53.59530574,70.97115385,664.2980769,0.454545455,2,634,646,0,0,0,0
562861,657,0.4625,0.175,0.7125,0.075,0.1375,0.15,3.125,1.525,0.0625,0.125,0.025,0.05,3.7125,0.4125,0.0875,0.2,0.05,0.0125,0.325,0.025,0.3625,0.0625,0.7,0.2125,0.3375,0.3875,0.1625,8.275,0.2,0.1625,54502,80,0.709262719,0.930232558,0.661157025,1,30.269,12.1649375,8.575602741,46.78672692,282.925,666.875,0.575,2,648,666,0,0,0,0
562861,658,0.888888889,0.222222222,0.414141414,0.111111111,0.101010101,0.080808081,5.404040404,2.515151515,0.202020202,0.404040404,0.090909091,0.050505051,4.606060606,0.565656566,0.484848485,0.474747475,0.101010101,0.090909091,0.404040404,0.01010101,0.404040404,0.151515152,4.656565657,0.353535354,1.606060606,0.575757576,0.141414141,13.49494949,0.282828283,0.080808081,54585,99,0.824109184,0.916666667,0.585798817,1,37.009,15.29221845,8.661986243,-42.863748,352.7979798,664.9494949,0.723404255,4,638,651,661,670,0,0
562861,659,0.589041096,0.109589041,0.424657534,0.068493151,0.068493151,0.04109589,2.595890411,2.04109589,0.082191781,0.219178082,0.054794521,0.047945205,5.01369863,0.267123288,0.952054795,0.280821918,0.054794521,0.034246575,0.321917808,0.02739726,0.253424658,0.109589041,0.5,0.328767123,0.698630137,0.431506849,0.150684932,8.061643836,0.143835616,0.116438356,54668,146,0.415201131,0.935897436,0.695238095,1,41.88,14.49631017,13.18772306,-66.17741148,684.609589,664.8972603,0,0,0,0,0,0,0,0
562861,660,0.625,0.204545455,0.340909091,0.068181818,0.079545455,0.079545455,8.25,2.840909091,0.136363636,0.375,0.090909091,0.090909091,4.420454545,0.386363636,0.136363636,0.454545455,0.102272727,0.102272727,0.397727273,0.056818182,0.545454545,0.079545455,0.818181818,0.352272727,1.204545455,0.659090909,0.25,8.784090909,0.375,0.147727273,54751,88,0.663367407,0.926315789,0.676923077,1,32.419,12.40698933,9.284073795,-7.868276799,338.2954545,665.5568182,0.43902439,2,638,667,0,0,0,0
562861,661,0.527777778,0.152777778,0.263888889,0.055555556,0.055555556,0.152777778,4.430555556,2.083333333,0.055555556,0.236111111,0.069444444,0.055555556,4.694444444,0.458333333,0.138888889,0.25,0.125,0.041666667,0.361111111,0.013888889,0.291666667,0.138888889,1.277777778,0.333333333,0.930555556,0.694444444,0.208333333,11.73611111,0.208333333,0.138888889,54834,72,0.596931079,0.911392405,0.654545455,1,29.136,10.81896531,8.679974939,9.143060993,363.5138889,667.4444444,0.714285714,3,651,658,670,0,0,0
562861,662,0.506097561,0.237804878,0.524390244,0.103658537,0.12195122,0.103658537,4.768292683,2.451219512,0.103658537,0.201219512,0.073170732,0.048780488,3.036585366,0.408536585,0.134146341,0.390243902,0.079268293,0.103658537,0.323170732,0.036585366,0.408536585,0.243902439,11.03658537,0.390243902,1.768292683,0.652439024,0.170731707,12.54268293,0.268292683,0.176829268,54917,164,0.774873534,0.953488372,0.759259259,1,46.627,18.48525908,11.68483341,11.50548552,112.1890244,668.6463415,0.448275862,2,642,647,0,0,0,0
562861,663,0.772357724,0.154471545,0.276422764,0.097560976,0.130081301,0.12195122,3.390243902,2.260162602,0.089430894,0.243902439,0.032520325,0.105691057,5.601626016,0.43902439,0.12195122,0.349593496,0.073170732,0.073170732,0.284552846,0.056910569,0.357723577,0.081300813,0.642276423,0.308943089,0.528455285,0.520325203,0.162601626,8.796747967,0.18699187,0.195121951,55000,123,0.778485239,0.917910448,0.698863636,1,40.466,16.12577363,10.12155006,3.078805963,265.195122,671.0406504,0.32,2,648,655,0,0,0,0
562861,664,0.746478873,0.253521127,0.309859155,0.070422535,0.14084507,0.070422535,3.704225352,2.450704225,0.14084507,0.309859155,0.056338028,0.112676056,5.323943662,0.521126761,0.084507042,0.422535211,0.014084507,0.126760563,0.464788732,0,0.450704225,0.23943662,1.633802817,0.295774648,1.253521127,0.61971831,0.309859155,11.81690141,0.267605634,0.126760563,55083,71,0.764744529,0.87654321,0.537878788,1,31.493,12.30812515,7.930538746,-34.78011586,307.2253521,669.1126761,0.55,1,665,0,0,0,0,0
562861,665,0.675324675,0.155844156,0.311688312,0.051948052,0.155844156,0.090909091,3.727272727,2.571428571,0.051948052,0.25974026,0.12987013,0.064935065,7.571428571,0.519480519,0.220779221,0.337662338,0.116883117,0.103896104,0.324675325,0.012987013,0.350649351,0.181818182,0.935064935,0.454545455,0.662337662,0.493506494,0.090909091,10.32467532,0.298701299,0.376623377,55166,77,0.747123718,0.875,0.538461538,1,34.115,12.98969926,8.634058265,-55.35103567,303.5714286,674.5454545,0.795454545,2,664,666,0,0,0,0
562861,666,0.697478992,0.151260504,0.512605042,0.058823529,0.176470588,0.075630252,2.605042017,1.831932773,0.067226891,0.243697479,0.12605042,0.050420168,4.647058824,0.294117647,0.31092437,0.226890756,0.058823529,0.092436975,0.428571429,0.033613445,0.243697479,0.109243697,0.966386555,0.369747899,1.067226891,0.630252101,0.084033613,8.764705882,0.142857143,0.142857143,55248,119,0.733376308,0.92248062,0.661111111,1,39.341,15.14833147,10.29818281,-67.91244889,294.4033613,672.4201681,0.489795918,2,657,665,0,0,0,0
562861,667,0.96460177,0.10619469,0.265486726,0.053097345,0.061946903,0.053097345,1.584070796,1.946902655,0.079646018,0.221238938,0.017699115,0.061946903,11.07079646,0.238938053,0.194690265,0.362831858,0.044247788,0.053097345,0.194690265,0,0.327433628,0.123893805,0.557522124,0.185840708,0.82300885,0.442477876,0.10619469,7.82300885,0.168141593,0.07079646,55331,113,0.676395895,0.926229508,0.672619048,1,37.588,14.1897236,10.45127418,23.09576904,340.7256637,674.3628319,0.333333333,1,660,0,0,0,0,0
562861,668,0.957264957,0.111111111,0.358974359,0.068376068,0.042735043,0.085470085,3.700854701,2.128205128,0.068376068,0.324786325,0.085470085,0.05982906,6.871794872,0.495726496,0.153846154,0.435897436,0.042735043,0.042735043,0.324786325,0.008547009,0.376068376,0.102564103,1.205128205,0.188034188,1.256410256,0.658119658,0.162393162,8.452991453,0.145299145,0.162393162,55414,117,0.811542301,0.966942149,0.6,1,38.341,16.08025939,9.395593797,36.30459583,616.8547009,674.3418803,0.46,3,652,669,676,0,0,0
562861,669,0.781818182,0.172727273,0.218181818,0.054545455,0.063636364,0.063636364,3.163636364,1.881818182,0.145454545,0.190909091,0.054545455,0.090909091,5.718181818,0.372727273,0.118181818,0.272727273,0.018181818,0.009090909,0.263636364,0.054545455,0.281818182,0.190909091,0.490909091,0.345454545,1.072727273,0.481818182,0.1,9.109090909,0.163636364,0.090909091,55497,110,0.712330783,0.916666667,0.650887574,1,36.918,14.39727676,10.10464083,-37.54125152,630.5272727,673.5454545,0.520833333,2,668,676,0,0,0,0
562861,670,0.587628866,0.12371134,0.237113402,0.12371134,0.020618557,0.051546392,2.536082474,2.226804124,0.041237113,0.195876289,0.072164948,0.103092784,6.443298969,0.391752577,0.154639175,0.443298969,0.06185567,0.030927835,0.350515464,0,0.340206186,0.103092784,0.608247423,0.278350515,0.75257732,0.618556701,0.144329897,9.340206186,0.206185567,0.051546392,55580,97,0.712421317,0.932692308,0.692857143,1,34.495,13.52568031,9.491673187,-11.04041522,357.3608247,674.9484536,0.555555556,3,658,661,683,0,0,0
562861,671,0.770833333,0.145833333,0.302083333,0.083333333,0.104166667,0.083333333,2.145833333,2.479166667,0.0625,0.145833333,0.041666667,0.052083333,5.041666667,0.489583333,0.03125,0.322916667,0.052083333,0.03125,0.197916667,0.020833333,0.3125,0.0625,0.489583333,0.114583333,0.708333333,0.458333333,0.1875,6.15625,0.145833333,0.083333333,55663,96,0.721853407,0.95049505,0.761904762,1,33.618,13.40374893,9.276010765,1.142544598,233.5520833,676.7395833,0,0,0,0,0,0,0,0
562861,672,0.725490196,0.12745098,0.676470588,0.058823529,0.098039216,0.107843137,2.421568627,2.303921569,0.049019608,0.284313725,0.088235294,0.029411765,4.666666667,0.549019608,0.098039216,0.411764706,0.088235294,0.098039216,0.450980392,0.009803922,0.362745098,0.12745098,3.87254902,0.421568627,0.696078431,0.62745098,0.215686275,12.54901961,0.215686275,0.245098039,55746,102,0.631993777,0.86440678,0.653846154,1,38.324,13.51141493,10.470988,76.4956305,720.1078431,678.6862745,0.382978723,1,677,0,0,0,0,0
562861,673,0.829694323,0.19650655,0.384279476,0.087336245,0.11790393,0.091703057,4.925764192,2.917030568,0.07860262,0.296943231,0.074235808,0.065502183,5.292576419,0.371179039,2.375545852,0.454148472,0.109170306,0.187772926,1.043668122,0.030567686,0.410480349,0.170305677,5.061135371,0.423580786,1.969432314,0.938864629,0.165938865,10.59825328,0.23580786,0.139737991,55829,229,0.778438863,0.930894309,0.641456583,1,55.832,21.74531717,13.64997983,27.09204888,381.720524,679.1441048,0.328571429,2,683,695,0,0,0,0
562861,674,0.848484848,0.171717172,0.757575758,0.080808081,0.111111111,0.191919192,2.353535354,1.919191919,0.080808081,0.181818182,0.131313131,0.01010101,6.050505051,0.404040404,0.101010101,0.313131313,0.050505051,0.050505051,0.505050505,0.02020202,0.252525253,0.161616162,1.434343434,0.323232323,0.616161616,0.434343434,0.101010101,10.58585859,0.222222222,0.101010101,55912,99,0.587847471,0.933962264,0.761538462,1,34.379,12.62491634,10.21320113,89.74357011,410.6262626,678.2020202,0.214285714,1,690,0,0,0,0,0
562861,675,0.664383562,0.184931507,0.424657534,0.04109589,0.171232877,0.123287671,4.253424658,2.664383562,0.116438356,0.349315068,0.075342466,0.061643836,6.089041096,0.554794521,0.164383562,0.5,0.061643836,0.020547945,0.342465753,0.04109589,0.349315068,0.178082192,1.164383562,0.397260274,1.075342466,0.575342466,0.130136986,10.40410959,0.273972603,0.171232877,55995,146,0.600281288,0.935897436,0.701923077,1,42.36,15.36855965,12.29160429,-12.58055185,584.109589,679.9315068,0.185185185,1,691,0,0,0,0,0
562861,676,0.576923077,0.115384615,0.528846154,0.105769231,0.201923077,0.125,4.221153846,2.153846154,0.086538462,0.182692308,0.067307692,0.038461538,4.75,0.432692308,0.134615385,0.384615385,0.028846154,0.009615385,0.355769231,0.009615385,0.423076923,0.096153846,1.192307692,0.528846154,1.634615385,0.567307692,0.182692308,11.53846154,0.182692308,0.173076923,56078,104,0.630633148,0.945454545,0.619047619,1,35.43,13.2418133,10.27672068,2.990506987,624.4615385,680.5961538,0.630434783,2,668,669,0,0,0,0
562861,677,0.826086957,0.163043478,0.369565217,0.163043478,0.130434783,0.086956522,2.434782609,2,0.02173913,0.27173913,0.076086957,0.054347826,7.293478261,0.347826087,0.097826087,0.402173913,0.108695652,0.043478261,0.369565217,0.010869565,0.326086957,0.152173913,0.97826087,0.402173913,0.652173913,0.586956522,0.108695652,7.880434783,0.206521739,0.173913043,56161,92,0.612008605,0.929292929,0.707692308,1,33.635,12.37364048,9.785707229,-76.47083633,728.5,680.7173913,0.761904762,2,672,694,0,0,0,0
562861,678,0.371794872,0.198717949,0.570512821,0.051282051,0.115384615,0.121794872,2.480769231,2.673076923,0.051282051,0.307692308,0.057692308,0.019230769,4.544871795,0.384615385,0.16025641,0.423076923,0.153846154,0.057692308,0.41025641,0.006410256,0.365384615,0.134615385,2.102564103,0.371794872,0.621794872,0.525641026,0.153846154,11.06410256,0.211538462,0.198717949,56244,156,0.509702772,0.951219512,0.696428571,1,42.732,15.29480294,13.15889226,-83.55407431,173.0897436,681.5641026,0,0,0,0,0,0,0,0
562861,679,0.660194175,0.13592233,0.427184466,0.077669903,0.106796117,0.106796117,3.388349515,2.514563107,0.029126214,0.242718447,0.038834951,0.106796117,13.33980583,0.446601942,0.165048544,0.32038835,0.038834951,0.058252427,0.368932039,0.019417476,0.27184466,0.077669903,0.611650485,0.262135922,0.970873786,0.475728155,0.077669903,8.252427184,0.145631068,0.281553398,56327,103,0.613310828,0.936363636,0.668831169,1,34.867,13.0456257,10.3039785,-11.18595596,194.815534,681.2330097,0.333333333,1,687,0,0,0,0,0
562861,680,0.669421488,0.136363636,0.355371901,0.078512397,0.070247934,0.08677686,2.863636364,1.975206612,0.061983471,0.210743802,0.02892562,0.05785124,2.851239669,0.41322314,0.161157025,0.247933884,0.05785124,0.074380165,0.297520661,0.012396694,0.301652893,0.082644628,2.834710744,0.227272727,0.698347107,0.462809917,0.123966942,6.818181818,0.17768595,0.17768595,56410,242,0.645830253,0.9453125,0.677871148,1,56.039,20.41591596,15.58716456,12.30367899,129.4132231,684.4545455,0,0,0,0,0,0,0,0
562861,681,1.084158416,0.074257426,0.262376238,0.064356436,0.133663366,0.069306931,2.559405941,2.198019802,0.059405941,0.227722772,0.079207921,0.034653465,11.19306931,0.425742574,0.316831683,0.262376238,0.059405941,0.01980198,0.292079208,0.02970297,0.400990099,0.113861386,0.603960396,0.301980198,0.846534653,0.49009901,0.113861386,6.96039604,0.158415842,0.163366337,56493,202,0.659963711,0.905829596,0.70877193,1,52.499,18.88966013,14.191754,1.643404547,427.0891089,684.5693069,0.086956522,1,690,0,0,0,0,0
562861,682,0.539473684,0.131578947,0.473684211,0.052631579,0.065789474,0.065789474,2.197368421,2.078947368,0.039473684,0.276315789,0.171052632,0.065789474,4.092105263,0.342105263,0.144736842,0.486842105,0.131578947,0.065789474,0.381578947,0.052631579,0.223684211,0.105263158,0.789473684,0.381578947,1.013157895,0.434210526,0.236842105,10.34210526,0.131578947,0.171052632,56576,76,0.798010635,0.938271605,0.64957265,1,31.749,13.06272403,7.872163977,19.47863057,58.44736842,685.1842105,0.575,2,686,689,0,0,0,0
562861,683,0.584,0.256,0.704,0.152,0.064,0.136,2.256,2.408,0.08,0.24,0.12,0.064,3.872,0.488,0.288,0.28,0.096,0.032,0.4,0.04,0.448,0.16,1.224,0.384,0.92,0.528,0.184,11.064,0.16,0.2,56659,125,0.653126304,0.954198473,0.73964497,1,37.472,14.58058344,11.04113206,44.23778943,363.104,686.24,0.229166667,2,670,673,0,0,0,0
562861,684,0.967391304,0.097826087,0.315217391,0.054347826,0.108695652,0.141304348,2.554347826,1.663043478,0.032608696,0.293478261,0.076086957,0.02173913,5.597826087,0.380434783,1.456521739,0.380434783,0.043478261,0.043478261,1.239130435,0,0.304347826,0.141304348,0.543478261,0.380434783,0.706521739,0.760869565,0.108695652,9.804347826,0.173913043,0.173913043,56742,92,0.481565021,0.948453608,0.696969697,1,32.138,11.68218526,10.23838826,-17.01208603,471.6956522,686.2826087,0.43902439,1,696,0,0,0,0,0
562861,685,0.519083969,0.175572519,0.236641221,0.045801527,0.045801527,0.083969466,2.145038168,2.213740458,0.022900763,0.175572519,0.061068702,0.022900763,5.870229008,0.351145038,0.427480916,0.198473282,0.061068702,0.091603053,0.221374046,0.015267176,0.320610687,0.076335878,0.519083969,0.251908397,0.58778626,0.396946565,0.145038168,5.763358779,0.160305344,0.145038168,56825,131,0.496426982,0.929078014,0.623809524,1,40.4,14.096563,12.23692302,34.92587397,688.9465649,686.5419847,0,0,0,0,0,0,0,0
562861,686,0.38028169,0.126760563,0.394366197,0.183098592,0.098591549,0.056338028,2.070422535,2.070422535,0.070422535,0.112676056,0.098591549,0.042253521,3.042253521,0.295774648,0.042253521,0.281690141,0.070422535,0.014084507,0.267605634,0.028169014,0.281690141,0.042253521,0.746478873,0.281690141,0.591549296,0.295774648,0.028169014,9.718309859,0.309859155,0.169014085,56908,71,0.481732264,0.898734177,0.645454545,1,28.863,10.34669452,9.066999307,-26.88567396,67.85915493,687.7464789,0.567567568,2,682,689,0,0,0,0
562861,687,0.605263158,0.184210526,0.368421053,0.087719298,0.122807018,0.096491228,3.403508772,2.368421053,0.070175439,0.175438596,0.035087719,0.052631579,12.94736842,0.473684211,0.201754386,0.236842105,0.078947368,0.035087719,0.359649123,0.00877193,0.403508772,0.140350877,0.570175439,0.210526316,0.956140351,0.403508772,0.122807018,7.50877193,0.175438596,0.149122807,56991,114,0.621529596,0.95,0.633333333,1,37.125,13.81336822,10.82126395,-0.985900443,204.2982456,687.6754386,0.3125,1,679,0,0,0,0,0
562861,688,0.491071429,0.071428571,0.25,0.080357143,0.071428571,0.053571429,4.357142857,2.241071429,0.071428571,0.383928571,0.035714286,0.098214286,11.375,0.366071429,0.6875,0.357142857,0.035714286,0.089285714,0.419642857,0.008928571,0.455357143,0.125,0.482142857,0.401785714,1.321428571,0.526785714,0.1875,8.526785714,0.196428571,0.116071429,57074,112,0.535731509,0.949152542,0.783216783,1,36.885,13.17535036,11.12511286,26.89744848,566.8482143,688.7232143,0.522727273,3,691,699,702,0,0,0
562861,689,0.276923077,0.092307692,0.569230769,0.061538462,0.138461538,0.092307692,1.907692308,1.969230769,0.184615385,0.4,0.076923077,0.030769231,4,0.353846154,0.107692308,0.230769231,0.076923077,0.015384615,0.338461538,0,0.338461538,0.092307692,0.676923077,0.307692308,0.630769231,0.4,0.215384615,8.369230769,0.246153846,0.123076923,57156,65,0.684020113,0.955882353,0.656565657,1,27.267,10.78197288,7.865051882,17.99931553,60.13846154,692.2153846,0.647058824,2,682,686,0,0,0,0
562861,690,1.144329897,0.195876289,0.432989691,0.06185567,0.12371134,0.092783505,3.587628866,2.494845361,0.06185567,0.237113402,0.103092784,0.113402062,15.95876289,0.391752577,0.556701031,0.402061856,0.041237113,0.113402062,0.494845361,0.010309278,0.391752577,0.206185567,1.030927835,0.298969072,2.721649485,0.690721649,0.164948454,11.82474227,0.195876289,0.134020619,57239,97,0.59798586,0.941747573,0.678321678,1,33.271,12.51198137,10.02843628,-16.88413393,411.3608247,690.5051546,0.357142857,3,674,681,695,0,0,0
562861,691,0.568807339,0.073394495,0.339449541,0.119266055,0.19266055,0.165137615,4.082568807,2.330275229,0.055045872,0.174311927,0.110091743,0.073394495,8.321100917,0.366972477,3.47706422,0.330275229,0.073394495,0.128440367,1.19266055,0,0.247706422,0.082568807,0.706422018,0.321100917,1.743119266,0.770642202,0.155963303,8.577981651,0.155963303,0.100917431,57322,109,0.59911578,0.886178862,0.644970414,1,39.267,13.59945067,10.88856884,-52.65273906,578.3577982,691.587156,0.86,5,675,688,699,702,704,0
562861,692,0.68115942,0.101449275,0.260869565,0.065217391,0.072463768,0.094202899,3.420289855,2.5,0.065217391,0.210144928,0.065217391,0.057971014,5.695652174,0.384057971,1.623188406,0.297101449,0.043478261,0.057971014,0.224637681,0.02173913,0.333333333,0.123188406,0.898550725,0.253623188,1.188405797,0.362318841,0.202898551,7.231884058,0.15942029,0.15942029,57405,138,0.616830339,0.913907285,0.707692308,1,41.392,15.20331743,11.96647246,18.0044308,13.57971014,692.2246377,0,0,0,0,0,0,0,0
562861,693,0.521276596,0.106382979,0.64893617,0.074468085,0.138297872,0.053191489,2.170212766,2.244680851,0.170212766,0.180851064,0.031914894,0.021276596,9.425531915,0.446808511,0.180851064,0.319148936,0.042553191,0.085106383,0.404255319,0.021276596,0.319148936,0.127659574,3.861702128,0.35106383,0.574468085,0.436170213,0.063829787,8.478723404,0.234042553,0.117021277,57488,94,0.589605368,0.949494949,0.783333333,1,32.212,12.25553652,9.898692301,78.34095704,184.7340426,692.6914894,0,0,0,0,0,0,0,0
562861,694,1.743801653,0.181818182,0.404958678,0.140495868,0.107438017,0.099173554,4.148760331,2.438016529,0.148760331,0.256198347,0.099173554,0.099173554,14.21487603,0.52892562,0.239669421,0.388429752,0.074380165,0.123966942,0.454545455,0.049586777,0.404958678,0.173553719,2.049586777,0.314049587,1.553719008,0.900826446,0.272727273,13,0.26446281,0.165289256,57571,121,0.521632353,0.937984496,0.720238095,1,38.936,13.7050013,11.6927011,-14.5343228,736.1570248,690.4793388,0.695652174,3,677,700,703,0,0,0
562861,695,0.74,0.148,0.436,0.104,0.08,0.116,3.944,2.292,0.12,0.292,0.052,0.044,3.912,0.568,0.896,0.316,0.08,0.08,0.72,0.028,0.38,0.112,0.916,0.284,1.508,0.652,0.132,10.24,0.264,0.148,57654,250,0.65271642,0.939849624,0.661375661,1,57.544,21.03318257,15.93478791,-35.54118926,392.504,691.556,0.263157895,2,673,690,0,0,0,0
562861,696,0.625,0.135416667,0.364583333,0.052083333,0.125,0.052083333,2.645833333,1.677083333,0.0625,0.354166667,0.083333333,0.03125,5.041666667,0.354166667,0.21875,0.291666667,0.0625,0.083333333,0.333333333,0.03125,0.302083333,0.114583333,0.625,0.302083333,0.708333333,0.635416667,0.114583333,9.979166667,0.260416667,0.104166667,57737,96,0.751379605,0.932038835,0.615384615,1,34.586,13.88291916,9.160924723,-51.91347197,466.9791667,693.4895833,0.422222222,1,684,0,0,0,0,0
562861,697,0.547619048,0.087301587,0.23015873,0.071428571,0.063492063,0.03968254,2.722222222,2.166666667,0.03968254,0.238095238,0.087301587,0.055555556,3.96031746,0.174603175,0.222222222,0.30952381,0.055555556,0.055555556,0.206349206,0.015873016,0.380952381,0.142857143,0.928571429,0.420634921,0.738095238,0.507936508,0.142857143,5.817460317,0.19047619,0.134920635,57820,126,0.46181527,0.961832061,0.692307692,1,37.861,13.57947956,12.04467423,30.96949996,604.8968254,692.8730159,0,0,0,0,0,0,0,0
562861,698,0.592814371,0.095808383,0.365269461,0.041916168,0.131736527,0.095808383,2.317365269,2.215568862,0.071856287,0.173652695,0.065868263,0.053892216,3.796407186,0.359281437,0.988023952,0.419161677,0.065868263,0.089820359,0.437125749,0.065868263,0.293413174,0.233532934,3.425149701,0.413173653,1.203592814,0.431137725,0.125748503,10.16167665,0.203592814,0.185628743,57903,167,0.552073244,0.927777778,0.65234375,1,46.305,16.2514253,13.55036721,-54.73299657,274.8383234,697.7065868,0,0,0,0,0,0,0,0
562861,699,0.313953488,0.151162791,0.220930233,0.104651163,0.104651163,0.104651163,5.546511628,1.76744186,0.046511628,0.139534884,0.058139535,0.034883721,10.43023256,0.558139535,1.453488372,0.302325581,0.034883721,0.127906977,1.046511628,0.034883721,0.313953488,0.174418605,0.639534884,0.348837209,1.220930233,0.488372093,0.093023256,10.77906977,0.139534884,0.104651163,57986,86,0.774338555,0.955555556,0.735042735,1,33.701,13.53268137,8.56309543,67.10089673,565.8604651,699.9534884,0.780487805,3,688,691,702,0,0,0
562861,700,1.61971831,0.154929577,0.352112676,0.112676056,0.098591549,0.084507042,3.647887324,2.746478873,0.014084507,0.281690141,0.028169014,0.028169014,9.112676056,0.394366197,1.056338028,0.450704225,0.084507042,0.042253521,0.61971831,0.070422535,0.295774648,0.183098592,0.718309859,0.38028169,0.873239437,0.845070423,0.169014085,10.57746479,0.225352113,0.154929577,58069,71,0.618684066,0.946666667,0.806818182,1,29.367,10.9496793,8.60250477,5.894327767,733.8309859,699.1830986,0.666666667,2,694,703,0,0,0,0
562861,701,0.838095238,0.142857143,0.504761905,0.114285714,0.152380952,0.152380952,1.857142857,2.161904762,0.057142857,0.228571429,0.047619048,0.019047619,5.219047619,0.495238095,0.123809524,0.371428571,0.066666667,0.076190476,0.428571429,0.00952381,0.419047619,0.114285714,1.771428571,0.295238095,0.476190476,0.476190476,0.133333333,8.361904762,0.276190476,0.133333333,58152,105,0.438189528,0.92920354,0.673076923,1,35.231,12.34734188,11.09881084,-48.26796407,230.047619,699.3142857,0,0,0,0,0,0,0,0
562861,702,0.582417582,0.208791209,0.357142857,0.126373626,0.131868132,0.098901099,4.478021978,2.56043956,0.104395604,0.357142857,0.032967033,0.043956044,8.10989011,0.543956044,0.807692308,0.478021978,0.054945055,0.076923077,0.615384615,0.027472527,0.510989011,0.115384615,3.230769231,0.521978022,0.93956044,0.681318681,0.21978022,12.67032967,0.32967033,0.263736264,58235,182,0.833814973,0.85046729,0.594771242,1,53.657,21.56026492,11.90221513,54.06677226,572.1923077,704.4230769,0.925373134,5,688,691,699,704,712,0
562861,703,1.883495146,0.155339806,0.349514563,0.087378641,0.067961165,0.067961165,3.300970874,2.174757282,0.106796117,0.184466019,0.097087379,0.048543689,11.06796117,0.310679612,0.300970874,0.427184466,0.126213592,0.077669903,0.378640777,0.029126214,0.388349515,0.145631068,0.582524272,0.281553398,0.883495146,0.776699029,0.165048544,10.80582524,0.368932039,0.233009709,58318,103,0.634152969,0.919642857,0.715277778,1,35.967,13.16747323,10.18119054,46.22851932,743.8446602,699.0485437,0.477272727,2,694,700,0,0,0,0
562861,704,0.628205128,0.179487179,0.474358974,0.025641026,0.08974359,0.179487179,5.423076923,2.58974359,0.051282051,0.358974359,0.141025641,0.051282051,7.41025641,0.666666667,1.756410256,0.205128205,0.102564103,0.08974359,0.666666667,0.051282051,0.358974359,0.179487179,5.448717949,0.243589744,0.794871795,0.628205128,0.269230769,10.28205128,0.192307692,0.217948718,58401,78,0.822429133,0.928571429,0.65,1,31.286,13.4645621,7.659552837,57.77583769,582.5128205,702.6666667,0.625,3,691,702,712,0,0,0
562861,705,0.752,0.168,0.376,0.128,0.088,0.096,5.064,2.552,0.088,0.232,0.104,0.08,5.432,0.384,0.336,0.36,0.08,0.072,0.384,0.016,0.4,0.176,6.52,0.36,1.496,0.552,0.144,9.376,0.24,0.176,58484,125,0.70479386,0.954198473,0.710227273,1,38.324,15.06698745,10.68870413,6.829846585,425.432,703.056,0,0,0,0,0,0,0,0
562861,706,0.634615385,0.211538462,0.25,0.038461538,0.134615385,0.105769231,4.903846154,2.192307692,0.057692308,0.125,0.067307692,0.019230769,6.240384615,0.365384615,0.576923077,0.230769231,0.125,0.067307692,0.413461538,0.057692308,0.355769231,0.134615385,2.288461538,0.394230769,1.365384615,0.365384615,0.163461538,5.990384615,0.163461538,0.192307692,58567,104,0.67725668,0.95412844,0.742857143,1,34.106,13.48883679,9.924368829,0,500.5,702.3461538,0,0,0,0,0,0,0,0
562861,707,0.443037975,0.143459916,0.383966245,0.050632911,0.105485232,0.160337553,2.459915612,1.561181435,0.05907173,0.253164557,0.101265823,0.042194093,3.021097046,0.464135021,1.122362869,0.388185654,0.113924051,0.063291139,0.620253165,0.054852321,0.400843882,0.172995781,4.485232068,0.265822785,1.092827004,0.670886076,0.122362869,9.371308017,0.257383966,0.194092827,58650,237,0.465353778,0.951807229,0.774509804,1,54.608,18.62634043,16.48663532,-32.71403789,205.2658228,704.5864979,0.231884058,1,710,0,0,0,0,0
562861,708,0.611940299,0.223880597,0.679104478,0.134328358,0.156716418,0.082089552,2.268656716,2.134328358,0.089552239,0.320895522,0.082089552,0.104477612,5.253731343,0.373134328,0.134328358,0.305970149,0.119402985,0.067164179,0.619402985,0.052238806,0.328358209,0.149253731,1.119402985,0.417910448,0.791044776,0.619402985,0.164179104,9.567164179,0.313432836,0.208955224,58733,134,0.514475672,0.95035461,0.687179487,1,39.846,14.21648782,12.19070904,-12.83798605,109.7462687,707.619403,0,0,0,0,0,0,0,0
562861,709,0.473684211,0.120300752,0.503759398,0.112781955,0.142857143,0.082706767,1.654135338,1.84962406,0.082706767,0.180451128,0.082706767,0.067669173,3.015037594,0.270676692,0.135338346,0.323308271,0.052631579,0.060150376,0.263157895,0.022556391,0.240601504,0.157894737,1.481203008,0.353383459,0.368421053,0.571428571,0.15037594,7.812030075,0.240601504,0.142857143,58816,133,0.800144283,0.917241379,0.591111111,1,43.212,17.10481057,10.25959493,42.91786594,463.6315789,710.9699248,0,0,0,0,0,0,0,0
562861,710,1.133333333,0.181818182,0.472727273,0.084848485,0.084848485,0.109090909,4.757575758,2.278787879,0.103030303,0.424242424,0.096969697,0.054545455,5.939393939,0.696969697,0.278787879,0.315151515,0.078787879,0.048484848,0.315151515,0.078787879,0.472727273,0.248484848,6.412121212,0.436363636,2.187878788,0.781818182,0.206060606,12.23636364,0.272727273,0.290909091,58899,165,0.780189657,0.926966292,0.620300752,1,46.313,18.55703929,11.60822683,73.59432904,217.4242424,712.8666667,0.274193548,1,707,0,0,0,0,0
562861,711,0.627659574,0.106382979,0.361702128,0.106382979,0.127659574,0.053191489,3.255319149,2.734042553,0.063829787,0.127659574,0.042553191,0.031914894,6.489361702,0.5,0.180851064,0.29787234,0.085106383,0.053191489,0.5,0.021276596,0.340425532,0.074468085,1.308510638,0.319148936,1.20212766,0.563829787,0.14893617,6.680851064,0.234042553,0.20212766,58982,94,0.50863181,0.959183673,0.783333333,1,31.658,11.84786108,10.20082044,0,660.2340426,711.5,0,0,0,0,0,0,0,0
562861,712,0.662650602,0.060240964,0.301204819,0.048192771,0.13253012,0.036144578,3.096385542,2.168674699,0.120481928,0.084337349,0.060240964,0.048192771,7.144578313,0.21686747,1.204819277,0.144578313,0.012048193,0.108433735,0.554216867,0.048192771,0.325301205,0.060240964,0.361445783,0.21686747,0.614457831,0.722891566,0.084337349,6.891566265,0.168674699,0.120481928,59064,83,0.655623787,0.954022989,0.691666667,1,30.459,11.94878724,9.022382389,16.28931264,576.5301205,714.0843373,0.461538462,2,702,704,0,0,0,0
562861,713,0.37962963,0.12037037,0.694444444,0.111111111,0.166666667,0.12962963,2.935185185,1.611111111,0.12037037,0.240740741,0.101851852,0.074074074,3.009259259,0.388888889,0.259259259,0.240740741,0.092592593,0.074074074,0.296296296,0,0.185185185,0.148148148,4.490740741,0.462962963,0.592592593,0.5,0.111111111,8.796296296,0.222222222,0.25,59147,108,0.704476885,0.812030075,0.6,1,42.426,15.04110342,10.67507619,-14.79464522,514.4444444,714.8518519,0.480769231,2,717,722,0,0,0,0
562861,714,0.854271357,0.115577889,0.216080402,0.085427136,0.100502513,0.045226131,3.291457286,2.743718593,0.025125628,0.221105528,0.065326633,0.055276382,7.201005025,0.432160804,0.969849246,0.452261307,0.070351759,0.100502513,0.713567839,0.050251256,0.422110553,0.115577889,1.366834171,0.457286432,0.804020101,0.43718593,0.165829146,9,0.266331658,0.125628141,59230,199,0.716302154,0.912844037,0.650326797,1,52.466,19.54095809,13.63548992,41.8978062,591.638191,715.9547739,0,0,0,0,0,0,0,0
562861,715,0.536144578,0.174698795,0.427710843,0.144578313,0.162650602,0.144578313,5.102409639,2.777108434,0.138554217,0.289156627,0.036144578,0.036144578,6.56626506,0.554216867,0.740963855,0.572289157,0.126506024,0.168674699,0.638554217,0.024096386,0.445783133,0.186746988,4.927710843,0.481927711,2.331325301,0.789156627,0.204819277,11.79518072,0.355421687,0.21686747,59313,166,0.789371681,0.878306878,0.614814815,1,50.316,19.32559579,11.8642845,20.32931715,349.1204819,716.0783133,0.375,1,721,0,0,0,0,0
562861,716,0.648648649,0.153153153,0.765765766,0.018018018,0.081081081,0.081081081,2.279279279,2.153153153,0.081081081,0.306306306,0.108108108,0.054054054,6.765765766,0.36036036,0.27027027,0.315315315,0.054054054,0.117117117,0.387387387,0.054054054,0.405405405,0.099099099,1.342342342,0.234234234,0.585585586,0.522522523,0.144144144,10.26126126,0.225225225,0.171171171,59396,111,0.099652389,0.948717949,0.711538462,1,35.14,11.99349173,11.93379187,18.43494882,49.05405405,719.4954955,0,0,0,0,0,0,0,0
562861,718,0.825503356,0.154362416,0.389261745,0.073825503,0.11409396,0.10738255,4.771812081,2.44966443,0.10738255,0.255033557,0.067114094,0.046979866,5.322147651,0.429530201,0.731543624,0.302013423,0.046979866,0.053691275,0.295302013,0.006711409,0.510067114,0.100671141,3.174496644,0.33557047,1.516778523,0.483221477,0.147651007,9.100671141,0.134228188,0.046979866,59562,149,0.440917242,0.949044586,0.662222222,1,42.178,14.68473764,13.18025341,-43.76544901,736.6241611,722.1610738,0,0,0,0,0,0,0,0
562861,719,0.588235294,0.176470588,0.338235294,0.117647059,0.191176471,0.088235294,2.882352941,2.411764706,0.117647059,0.308823529,0.073529412,0.102941176,7.558823529,0.382352941,2.352941176,0.382352941,0.132352941,0.191176471,1.073529412,0.029411765,0.367647059,0.117647059,1.75,0.514705882,1.308823529,0.720588235,0.102941176,13.05882353,0.308823529,0.264705882,59645,68,0.802475079,0.957746479,0.708333333,1,29.301,12.43206927,7.418037157,-76.6858503,89.07352941,722.4411765,0.555555556,2,720,730,0,0,0,0
562861,720,0.386666667,0.186666667,0.48,0.106666667,0.12,0.146666667,1.946666667,2.413333333,0.066666667,0.16,0.093333333,0.093333333,4.013333333,0.413333333,3.573333333,0.226666667,0.04,0.253333333,1.186666667,0.053333333,0.333333333,0.16,2.453333333,0.453333333,1.146666667,0.666666667,0.146666667,12.22666667,0.226666667,0.16,59728,75,0.731448953,0.882352941,0.641025641,1,31.84,12.42425,8.472048869,-78.34395785,95.4,722.08,0.487179487,1,719,0,0,0,0,0
562861,721,0.619047619,0.238095238,0.317460317,0.079365079,0.079365079,0.047619048,2.873015873,2.761904762,0.031746032,0.26984127,0.095238095,0.142857143,22.31746032,0.412698413,1.142857143,0.523809524,0.031746032,0.047619048,0.666666667,0.031746032,0.26984127,0.158730159,3.142857143,0.365079365,1.412698413,0.571428571,0.206349206,11.49206349,0.253968254,0.19047619,59811,63,0.851659813,0.926470588,0.65625,1,28.648,12.5884129,6.597524188,17.13596713,352.4285714,722.5714286,1,2,715,726,0,0,0,0
562861,722,1,0.147368421,0.526315789,0.073684211,0.105263158,0.147368421,3.326315789,1.968421053,0.052631579,0.168421053,0.094736842,0.052631579,4.094736842,0.336842105,0.147368421,0.221052632,0.042105263,0.031578947,0.252631579,0.073684211,0.136842105,0.126315789,1.252631579,0.263157895,0.494736842,0.473684211,0.221052632,9.652631579,0.221052632,0.210526316,59894,95,0.793256615,0.855855856,0.539772727,1,39.548,15.21239432,9.262636191,-2.976900487,511.7894737,724.0421053,0.489795918,2,713,717,0,0,0,0
562861,723,0.929577465,0.218309859,0.345070423,0.035211268,0.063380282,0.077464789,4.091549296,2.267605634,0.063380282,0.246478873,0.056338028,0.070422535,3.443661972,0.288732394,0.316901408,0.366197183,0.077464789,0.056338028,0.352112676,0.007042254,0.35915493,0.11971831,3.936619718,0.457746479,1,0.422535211,0.133802817,8.288732394,0.204225352,0.147887324,59977,142,0.567203718,0.959459459,0.728205128,1,40.863,14.96809767,12.32738885,-16.93005351,152.5915493,722.6760563,0,0,0,0,0,0,0,0
562861,724,0.715517241,0.137931034,0.310344828,0.060344828,0.112068966,0.094827586,2.818965517,1.784482759,0.043103448,0.172413793,0.094827586,0.051724138,4.836206897,0.370689655,0.129310345,0.387931034,0.043103448,0.034482759,0.181034483,0.025862069,0.370689655,0.060344828,0.612068966,0.353448276,0.810344828,0.448275862,0.206896552,7.948275862,0.163793103,0.172413793,60060,116,0.622785563,0.950819672,0.637362637,1,37.216,13.89519619,10.87149833,-32.97423281,187.3793103,725.7068966,0,0,0,0,0,0,0,0
562861,725,0.5625,0.1375,0.2375,0.0625,0.1125,0.125,6.0375,2.2,0.0625,0.3125,0.075,0.0625,13.075,0.425,0.15,0.3375,0.0875,0.075,0.3,0.05,0.4,0.25,7.4625,0.225,2.15,0.5125,0.175,10.7,0.35,0.1625,60143,80,0.675292822,0.952380952,0.740740741,1,29.88,11.85347538,8.742527563,-0.769126166,427.55,725.675,0.473684211,1,736,0,0,0,0,0
562861,726,0.824742268,0.216494845,0.453608247,0.18556701,0.195876289,0.113402062,3.917525773,3.969072165,0.103092784,0.360824742,0.051546392,0.113402062,23.06185567,0.597938144,0.226804124,0.597938144,0.092783505,0.082474227,0.412371134,0.051546392,0.742268041,0.340206186,17.67010309,0.618556701,2.010309278,0.628865979,0.164948454,14.91752577,0.257731959,0.206185567,60226,97,0.857214591,0.81512605,0.497435897,1,41.31,16.76098046,8.631223816,27.39367583,355.4639175,728.0721649,0.846153846,2,721,729,0,0,0,0
562861,727,0.943925234,0.177570093,0.261682243,0.093457944,0.056074766,0.121495327,2.747663551,1.158878505,0.065420561,0.14953271,0.056074766,0.065420561,5.355140187,0.205607477,0.130841121,0.205607477,0.046728972,0.018691589,0.401869159,0.037383178,0.271028037,0.112149533,0.448598131,0.186915888,0.934579439,0.439252336,0.102803738,6.579439252,0.14953271,0.065420561,60309,107,0.63030444,0.955357143,0.694805195,1,35.322,13.34721783,10.36208669,-4.969976335,245.8598131,729.5233645,0,0,0,0,0,0,0,0
562861,728,0.4,0.1,0.25,0.09,0.03,0.07,6.61,2.33,0.04,0.3,0.05,0.1,2.66,0.45,0.14,0.42,0.1,0.05,0.25,0.03,0.39,0.09,0.95,0.39,2.26,0.67,0.15,12.7,0.19,0.16,60392,100,0.456377824,0.917431193,0.641025641,1,35.438,12.14876396,10.80980115,-20.4115942,316.85,728.92,0.545454545,2,731,733,0,0,0,0
562861,729,0.485436893,0.184466019,0.504854369,0.097087379,0.155339806,0.097087379,3.504854369,2.300970874,0.106796117,0.300970874,0.038834951,0.087378641,8.631067961,0.330097087,0.796116505,0.281553398,0.077669903,0.087378641,0.436893204,0.029126214,0.349514563,0.155339806,1.32038835,0.398058252,0.504854369,0.59223301,0.184466019,11.39805825,0.291262136,0.097087379,60475,103,0.553698345,0.895652174,0.609467456,1,38.035,13.00444734,10.8290286,13.6484962,361.8446602,733.0291262,0.826086957,2,726,738,0,0,0,0
562861,730,0.567567568,0.189189189,0.351351351,0.081081081,0.135135135,0.114864865,3.959459459,2.405405405,0.067567568,0.22972973,0.040540541,0.047297297,6.337837838,0.432432432,0.283783784,0.310810811,0.060810811,0.060810811,0.324324324,0.033783784,0.459459459,0.209459459,4.932432432,0.445945946,1.081081081,0.432432432,0.141891892,9.797297297,0.216216216,0.243243243,60558,148,0.668177137,0.942675159,0.669683258,1,43.402,16.08789097,11.96942671,8.258122834,77.68918919,730.9797297,0.017857143,1,719,0,0,0,0,0
562861,731,0.463917526,0.18556701,0.268041237,0.113402062,0.072164948,0.092783505,3.278350515,2.567010309,0.072164948,0.237113402,0.06185567,0.06185567,13.6185567,0.505154639,0.824742268,0.329896907,0.030927835,0.041237113,0.494845361,0.010309278,0.329896907,0.092783505,0.87628866,0.340206186,1.103092784,0.474226804,0.164948454,10.53608247,0.154639175,0.268041237,60641,97,0.70039283,0.91509434,0.678321678,1,36.149,13.43096908,9.586455988,27.03213085,328.3092784,730.2061856,0.75,2,728,735,0,0,0,0
562861,732,0.716666667,0.091666667,0.283333333,0.091666667,0.133333333,0.158333333,4.091666667,2.683333333,0.1,0.2,0.033333333,0.066666667,3.45,0.466666667,0.408333333,0.316666667,0.083333333,0.116666667,0.291666667,0.016666667,0.333333333,0.108333333,1.341666667,0.366666667,1.575,0.475,0.191666667,8.475,0.133333333,0.175,60724,120,0.482005979,0.94488189,0.769230769,1,36.711,13.31967282,11.67027012,9.770393454,567.55,731.2833333,0,0,0,0,0,0,0,0
562861,733,0.336633663,0.118811881,0.326732673,0.059405941,0.148514851,0.059405941,3.346534653,2.485148515,0.03960396,0.227722772,0.059405941,0.02970297,3.653465347,0.346534653,0.089108911,0.257425743,0.099009901,0.01980198,0.277227723,0.00990099,0.415841584,0.03960396,0.564356436,0.415841584,0.801980198,0.495049505,0.099009901,10.14851485,0.188118812,0.079207921,60807,101,0.82523439,0.87826087,0.63125,1,38.804,15.64367961,8.835400145,4.771495735,305.5346535,733.0594059,0.708333333,2,728,737,0,0,0,0
562861,734,0.711340206,0.164948454,0.381443299,0.092783505,0.092783505,0.041237113,6.144329897,2.835051546,0.072164948,0.268041237,0.072164948,0.030927835,5.298969072,0.484536082,0.226804124,0.505154639,0.041237113,0.092783505,0.329896907,0.041237113,0.432989691,0.164948454,6.484536082,0.226804124,1.927835052,0.567010309,0.278350515,10.39175258,0.268041237,0.195876289,60889,97,0.656480001,0.950980392,0.673611111,1,32.907,12.90887365,9.737724013,-39.06140056,451.1958763,733.5773196,0,0,0,0,0,0,0,0
562861,736,0.573913043,0.217391304,0.269565217,0.113043478,0.086956522,0.147826087,4.947826087,2.530434783,0.060869565,0.2,0.060869565,0.060869565,10.1826087,0.417391304,0.417391304,0.426086957,0.060869565,0.104347826,0.469565217,0.034782609,0.330434783,0.2,1.113043478,0.452173913,1.286956522,0.669565217,0.2,10.2,0.208695652,0.226086957,61055,115,0.659546322,0.912698413,0.631868132,1,39.176,14.3909153,10.81713182,-42.00910989,430.026087,734.6695652,0.352941176,1,725,0,0,0,0,0
562861,737,0.513888889,0.097222222,0.305555556,0.027777778,0.083333333,0.097222222,2.625,1.986111111,0.041666667,0.208333333,0.069444444,0.013888889,2.611111111,0.277777778,1.833333333,0.152777778,0.013888889,0.097222222,0.430555556,0.055555556,0.263888889,0.041666667,0.458333333,0.402777778,0.805555556,0.347222222,0.111111111,7.722222222,0.166666667,0.097222222,61138,72,0.911226698,0.791208791,0.5,1,38.572,16.93656507,6.976259438,-15.12145797,304.7916667,739.5277778,0.978723404,2,733,739,0,0,0,0
562861,738,0.687943262,0.120567376,0.29787234,0.070921986,0.092198582,0.063829787,2.836879433,2.283687943,0.070921986,0.170212766,0.042553191,0.070921986,6.680851064,0.354609929,0.127659574,0.269503546,0.035460993,0.078014184,0.319148936,0.042553191,0.304964539,0.04964539,0.460992908,0.219858156,0.836879433,0.475177305,0.106382979,7.907801418,0.29787234,0.113475177,61221,141,0.720785833,0.898089172,0.63800905,1,43.766,16.48453374,11.42638371,15.63832706,371.3617021,738.4893617,0.446428571,2,729,742,0,0,0,0
562861,739,0.869565217,0.156521739,0.408695652,0.07826087,0.12173913,0.056521739,4.686956522,2.673913043,0.073913043,0.369565217,0.047826087,0.047826087,6.730434783,0.552173913,0.795652174,0.369565217,0.073913043,0.069565217,0.491304348,0.060869565,0.547826087,0.169565217,2.443478261,0.395652174,1.213043478,0.760869565,0.152173913,8.47826087,0.217391304,0.160869565,61304,230,0.729469921,0.8984375,0.638888889,1,59.678,21.37481992,14.62065236,-31.96306054,304.4608696,748.2869565,0.486842105,2,737,743,0,0,0,0
562861,740,0.869918699,0.113821138,0.276422764,0.073170732,0.056910569,0.097560976,2.390243902,1.739837398,0.056910569,0.178861789,0.097560976,0.016260163,3.178861789,0.37398374,0.62601626,0.357723577,0.032520325,0.113821138,0.479674797,0.032520325,0.260162602,0.097560976,0.512195122,0.382113821,0.577235772,0.349593496,0.097560976,7.804878049,0.227642276,0.105691057,61387,123,0.59517312,0.946153846,0.675824176,1,37.406,14.08234864,11.3165403,-31.83590127,159.5772358,745.7886179,0,0,0,0,0,0,0,0
562861,741,0.717171717,0.161616162,0.292929293,0.090909091,0.080808081,0.111111111,2.252525253,2.070707071,0.060606061,0.222222222,0.04040404,0.03030303,4.353535354,0.313131313,0.575757576,0.343434343,0.01010101,0.131313131,0.373737374,0.01010101,0.202020202,0.090909091,0.494949495,0.161616162,0.515151515,0.595959596,0.151515152,9.696969697,0.161616162,0.111111111,61470,99,0.505284452,0.916666667,0.75,1,34.354,12.31912897,10.63082746,76.63434654,386.959596,747.020202,0.390243902,1,742,0,0,0,0,0
562861,742,0.723684211,0.223684211,0.328947368,0.052631579,0.052631579,0.065789474,2.763157895,1.75,0.105263158,0.210526316,0.078947368,0.052631579,4.776315789,0.276315789,0.921052632,0.276315789,0.026315789,0.065789474,0.447368421,0.013157895,0.355263158,0.078947368,0.605263158,0.328947368,0.710526316,0.342105263,0.197368421,7.407894737,0.223684211,0.065789474,61553,76,0.592698778,0.987012987,0.767676768,1,29.21,11.16196922,8.990120248,64.18350576,378.5,748.3026316,0.611111111,2,738,741,0,0,0,0
562861,743,0.782945736,0.19379845,0.302325581,0.131782946,0.139534884,0.07751938,3.682170543,2.279069767,0.069767442,0.279069767,0.07751938,0.03875969,6.534883721,0.534883721,0.341085271,0.395348837,0.093023256,0.062015504,0.387596899,0.031007752,0.449612403,0.170542636,0.790697674,0.410852713,1.604651163,0.627906977,0.19379845,9.674418605,0.286821705,0.131782946,61636,129,0.506448726,0.948529412,0.763313609,1,38.969,13.87435512,11.96344128,39.7931881,321.8527132,748.1705426,0.1875,1,739,0,0,0,0,0
562861,744,0.377777778,0.133333333,0.344444444,0.111111111,0.122222222,0.055555556,5.722222222,2.111111111,0.122222222,0.177777778,0.055555556,0.033333333,2.222222222,0.377777778,0.122222222,0.433333333,0.044444444,0.077777778,0.233333333,0.022222222,0.322222222,0.122222222,3.966666667,0.366666667,0.777777778,0.466666667,0.155555556,8.511111111,0.222222222,0.166666667,61719,90,0.783428433,0.9375,0.714285714,1,34.28,13.83193466,8.596298571,-86.31190796,639.7,748.9777778,0.547619048,2,745,754,0,0,0,0
562861,745,0.288288288,0.108108108,0.45045045,0.144144144,0.171171171,0.117117117,4.207207207,1.531531532,0.09009009,0.378378378,0.072072072,0.045045045,2.945945946,0.297297297,0.162162162,0.243243243,0.045045045,0.09009009,0.27027027,0.027027027,0.306306306,0.135135135,8.441441441,0.351351351,0.738738739,0.531531532,0.108108108,9.72972973,0.189189189,0.243243243,61802,111,0.708781208,0.956896552,0.720779221,1,35.967,14.29259162,10.08239975,-28.86627524,649,747.9009009,0.533333333,2,744,754,0,0,0,0
562861,746,1.634920635,0.111111111,0.253968254,0.079365079,0.142857143,0.031746032,3.619047619,2.19047619,0.095238095,0.206349206,0.079365079,0.126984127,14.96825397,0.507936508,0.111111111,0.26984127,0.095238095,0.142857143,0.317460317,0.047619048,0.349206349,0.285714286,11.87301587,0.412698413,1.206349206,0.634920635,0.158730159,10.25396825,0.26984127,0.158730159,61885,63,0.638010034,0.969230769,0.7,1,27.151,10.47324555,8.064692844,25.35420465,13.84126984,750.3968254,0.764705882,2,751,757,0,0,0,0
562861,747,0.690909091,0.2,0.209090909,0.090909091,0.127272727,0.1,2.681818182,2.218181818,0.072727273,0.118181818,0.072727273,0.045454545,4.109090909,0.318181818,1.754545455,0.454545455,0.063636364,0.054545455,0.563636364,0.036363636,0.3,0.218181818,0.6,0.545454545,0.727272727,0.481818182,0.063636364,9.490909091,0.218181818,0.163636364,61968,110,0.831516125,0.887096774,0.528846154,1,40.863,16.61118295,9.227522343,-30.30840352,528.7272727,749.2818182,0.423076923,1,749,0,0,0,0,0
562861,748,0.543859649,0.114035088,0.228070175,0.087719298,0.070175439,0.105263158,3.201754386,1.842105263,0.070175439,0.236842105,0.070175439,0.01754386,9.587719298,0.333333333,0.131578947,0.298245614,0.061403509,0.061403509,0.192982456,0.00877193,0.368421053,0.061403509,0.456140351,0.184210526,0.596491228,0.359649123,0.105263158,6.535087719,0.210526316,0.087719298,62051,114,0.590003561,0.966101695,0.74025974,1,35.876,13.4969255,10.89742633,4.674927168,684.0701754,751.5877193,0,0,0,0,0,0,0,0
562861,749,0.75,0.078125,0.34375,0.078125,0.171875,0.171875,2.765625,1.65625,0.09375,0.390625,0.078125,0.046875,5.09375,0.296875,0.703125,0.328125,0.046875,0.0625,0.328125,0.0625,0.34375,0.125,0.484375,0.5625,0.671875,0.5625,0.234375,9.3125,0.140625,0.109375,62134,64,0.718343261,0.901408451,0.646464646,1,28.474,11.03796016,7.678985677,-31.43567749,523.421875,753.78125,0.558823529,1,747,0,0,0,0,0
562861,750,0.802816901,0.126760563,0.352112676,0.070422535,0.11971831,0.091549296,3.943661972,2.5,0.112676056,0.211267606,0.042253521,0.049295775,4.014084507,0.436619718,0.823943662,0.443661972,0.063380282,0.056338028,0.443661972,0.042253521,0.288732394,0.105633803,1.338028169,0.345070423,1.507042254,0.598591549,0.098591549,9.633802817,0.232394366,0.154929577,62217,142,0.684274013,0.959459459,0.739583333,1,41.872,16.01577901,11.67910617,17.7268589,408.2676056,755.056338,0,0,0,0,0,0,0,0
562861,751,1.254237288,0.101694915,0.254237288,0.06779661,0.186440678,0.050847458,3.474576271,1.644067797,0.084745763,0.152542373,0.050847458,0.016949153,8.016949153,0.389830508,0.118644068,0.288135593,0.06779661,0.06779661,0.254237288,0.016949153,0.355932203,0.13559322,5.220338983,0.338983051,1.101694915,0.559322034,0.169491525,10.45762712,0.203389831,0.152542373,62300,59,0.842941774,0.855072464,0.614583333,1,29.02,12.54390309,6.748680075,66.62377322,19.03389831,753.5762712,0.742857143,2,746,757,0,0,0,0
562861,752,1.440366972,0.330275229,0.275229358,0.064220183,0.137614679,0.110091743,4.23853211,2.816513761,0.055045872,0.623853211,0.055045872,0.027522936,3.587155963,0.623853211,0.19266055,0.440366972,0.146788991,0.082568807,0.211009174,0.027522936,0.366972477,0.211009174,5.568807339,0.348623853,1.119266055,0.385321101,0.100917431,7.76146789,0.19266055,0.293577982,62383,109,0.646763625,0.947826087,0.707792208,1,35.512,13.59207918,10.3665498,10.40656885,188.7522936,754.1284404,0,0,0,0,0,0,0,0
562861,753,0.388235294,0.158823529,0.423529412,0.064705882,0.158823529,0.064705882,2.394117647,2.388235294,0.070588235,0.317647059,0.052941176,0.035294118,2.905882353,0.335294118,0.564705882,0.305882353,0.088235294,0.064705882,0.423529412,0.029411765,0.417647059,0.164705882,0.458823529,0.464705882,0.423529412,0.435294118,0.176470588,8.076470588,0.229411765,0.147058824,62466,170,0.835429415,0.934065934,0.653846154,1,48.331,20.0311108,11.00905353,72.62247484,431.5941176,755.8823529,0.101694915,1,766,0,0,0,0,0
562861,755,0.739130435,0.217391304,0.362318841,0.130434783,0.144927536,0.043478261,4.463768116,2.31884058,0.028985507,0.15942029,0.101449275,0.057971014,4.811594203,0.449275362,0.971014493,0.333333333,0.043478261,0.028985507,0.52173913,0.057971014,0.362318841,0.072463768,0.695652174,0.260869565,1.289855072,0.724637681,0.188405797,10.17391304,0.217391304,0.347826087,62632,69,0.800896957,0.841463415,0.638888889,1,31.17,12.70961567,7.61054571,-77.01001863,144.3043478,756.7681159,0.486486486,1,756,0,0,0,0,0
562861,756,0.696202532,0.139240506,0.278481013,0.025316456,0.088607595,0.037974684,2.772151899,2.746835443,0.088607595,0.17721519,0.050632911,0.012658228,4.025316456,0.481012658,0.683544304,0.316455696,0.101265823,0.037974684,0.341772152,0,0.379746835,0.075949367,0.759493671,0.405063291,0.670886076,0.493670886,0.113924051,8.734177215,0.215189873,0.101265823,62715,79,0.426915527,0.963414634,0.658333333,1,31.278,10.84239164,9.804682693,80.06701932,137.4177215,757.6962025,0.675675676,2,755,759,0,0,0,0
562861,757,1.534883721,0.168604651,0.244186047,0.046511628,0.093023256,0.023255814,2.936046512,2.122093023,0.098837209,0.296511628,0.052325581,0.104651163,14.29069767,0.26744186,0.23255814,0.296511628,0.046511628,0.063953488,0.279069767,0.029069767,0.284883721,0.162790698,0.639534884,0.302325581,0.848837209,0.389534884,0.087209302,7.377906977,0.191860465,0.162790698,62797,172,0.801613389,0.919786096,0.597222222,1,48.637,19.50679855,11.66199842,-47.47229977,11.69186047,760.7616279,0.365079365,2,746,751,0,0,0,0
562861,758,1.043478261,0.139130435,0.191304348,0.095652174,0.130434783,0.052173913,3.747826087,2.339130435,0.086956522,0.217391304,0.052173913,0.086956522,14.11304348,0.27826087,0.373913043,0.260869565,0.043478261,0.095652174,0.252173913,0.034782609,0.347826087,0.130434783,4.347826087,0.4,1.234782609,0.556521739,0.173913043,8.713043478,0.208695652,0.086956522,62880,115,0.842761265,0.92,0.58974359,1,39.184,16.69236428,8.98529132,54.57314959,713.5304348,761.8173913,0,0,0,0,0,0,0,0
562861,759,0.693069307,0.108910891,0.356435644,0.079207921,0.059405941,0.118811881,2.742574257,2.059405941,0.079207921,0.198019802,0.04950495,0.01980198,3.306930693,0.277227723,0.108910891,0.336633663,0.00990099,0.03960396,0.207920792,0.01980198,0.366336634,0.069306931,0.534653465,0.287128713,0.801980198,0.386138614,0.108910891,5.475247525,0.207920792,0.118811881,62963,101,0.52632967,0.918181818,0.647435897,1,34.776,12.4927397,10.62233405,-49.45573211,126.3564356,761.3663366,0.2,1,756,0,0,0,0,0
562861,760,0.865546218,0.235294118,0.705882353,0.168067227,0.18487395,0.142857143,2.226890756,1.663865546,0.092436975,0.504201681,0.142857143,0.12605042,11.1512605,0.56302521,0.285714286,0.378151261,0.176470588,0.100840336,0.907563025,0.058823529,0.596638655,0.243697479,0.705882353,0.453781513,0.941176471,0.983193277,0.168067227,6.058823529,0.386554622,0.117647059,63046,119,0.548014068,0.944444444,0.708333333,1,36.645,13.5591367,11.34179909,16.93185809,296.5966387,763.4705882,0,0,0,0,0,0,0,0
562861,761,0.628865979,0.12371134,0.195876289,0.134020619,0.030927835,0.082474227,2.536082474,2.092783505,0.06185567,0.257731959,0.010309278,0.030927835,3.268041237,0.453608247,0.134020619,0.24742268,0.082474227,0.051546392,0.340206186,0.010309278,0.350515464,0.12371134,2.907216495,0.18556701,0.618556701,0.422680412,0.154639175,6.536082474,0.175257732,0.154639175,63129,97,0.598464411,0.950980392,0.678321678,1,33.271,12.49735037,10.01224465,22.29308849,174.1443299,763.2164948,0,0,0,0,0,0,0,0
562861,762,0.883333333,0.158333333,0.275,0.066666667,0.1,0.05,3.15,1.916666667,0.066666667,0.141666667,0.091666667,0.041666667,8.058333333,0.358333333,2.133333333,0.35,0.058333333,0.1,0.3,0.025,0.333333333,0.066666667,0.741666667,0.316666667,1.508333333,0.65,0.15,7.25,0.141666667,0.116666667,63212,120,0.722218867,0.902255639,0.727272727,1,39.705,15.17710053,10.49746305,-84.55416452,273.1416667,763.9333333,0.375,1,763,0,0,0,0,0
562861,763,0.643835616,0.109589041,0.191780822,0.068493151,0.082191781,0.095890411,2.876712329,1.630136986,0.054794521,0.205479452,0.04109589,0.095890411,4.849315068,0.232876712,1.04109589,0.205479452,0.04109589,0.02739726,0.356164384,0.082191781,0.178082192,0.109589041,0.369863014,0.232876712,0.794520548,0.410958904,0.136986301,7.246575342,0.082191781,0.054794521,63295,73,0.676151956,0.948051948,0.829545455,1,28.077,11.38646942,8.389120206,84.93246031,281.109589,764.8493151,0.529411765,1,762,0,0,0,0,0
562861,764,0.695187166,0.155080214,0.481283422,0.101604278,0.080213904,0.122994652,2.657754011,2.22459893,0.090909091,0.20855615,0.048128342,0.090909091,4.49197861,0.304812834,0.106951872,0.22459893,0.096256684,0.042780749,0.299465241,0.026737968,0.245989305,0.13368984,1,0.352941176,0.71657754,0.513368984,0.229946524,9.294117647,0.171122995,0.122994652,63378,187,0.451467741,0.894736842,0.611111111,1,53.062,17.13566179,15.28993581,73.70752682,211.0802139,768.8235294,0,0,0,0,0,0,0,0
562861,765,0.388888889,0.175925926,0.361111111,0.055555556,0.064814815,0.101851852,2.546296296,2.583333333,0.064814815,0.259259259,0.064814815,0.064814815,5.564814815,0.407407407,0.083333333,0.25,0.055555556,0.027777778,0.388888889,0.037037037,0.351851852,0.046296296,0.509259259,0.398148148,0.555555556,0.444444444,0.175925926,9.287037037,0.222222222,0.148148148,63461,108,0.765056034,0.955752212,0.72,1,36.248,14.729737,9.485416145,19.18810989,622.9722222,769.6388889,0,0,0,0,0,0,0,0
562861,766,0.680412371,0.092783505,0.618556701,0.082474227,0.082474227,0.164948454,2.670103093,2.268041237,0.072164948,0.350515464,0.030927835,0.072164948,4.134020619,0.298969072,3.432989691,0.226804124,0.134020619,0.216494845,1.113402062,0.010309278,0.309278351,0.103092784,0.721649485,0.350515464,1.257731959,0.721649485,0.082474227,11.49484536,0.226804124,0.144329897,63544,97,0.590948526,0.932692308,0.678321678,1,33.825,12.49821356,10.08242469,18.38886762,425,771.3917526,0.142857143,1,753,0,0,0,0,0
562861,767,0.379310345,0.094827586,0.49137931,0.094827586,0.129310345,0.086206897,2.517241379,1.99137931,0.103448276,0.224137931,0.094827586,0.051724138,4.577586207,0.379310345,0.24137931,0.336206897,0.051724138,0.086206897,0.336206897,0.00862069,0.353448276,0.146551724,7.853448276,0.396551724,0.379310345,0.594827586,0.155172414,8.844827586,0.163793103,0.103448276,63627,116,0.67931191,0.943089431,0.69047619,1,36.736,14.33738789,10.52148728,53.69984843,671.9051724,771.7155172,0.375,3,771,775,779,0,0,0
562861,768,0.46,0.09,0.26,0.06,0.1,0.12,2.55,2.5,0.09,0.29,0.04,0.07,6.65,0.34,0.58,0.29,0.03,0.1,0.35,0.02,0.31,0.09,0.58,0.37,0.94,0.5,0.2,9.45,0.32,0.11,63710,100,0.737449682,0.961538462,0.641025641,1,34.305,13.86835578,9.366716315,36.50002484,656.34,773.37,0.422222222,1,771,0,0,0,0,0
562861,769,0.454545455,0.136363636,0.354545455,0.109090909,0.136363636,0.145454545,3.036363636,2.490909091,0.090909091,0.472727273,0.072727273,0.045454545,4.318181818,0.363636364,0.6,0.445454545,0.109090909,0.118181818,0.490909091,0.054545455,0.5,0.109090909,0.672727273,0.418181818,0.554545455,0.863636364,0.127272727,11.37272727,0.3,0.163636364,63793,110,0.648159541,0.94017094,0.654761905,1,37.861,13.74690905,10.46833405,30.08802513,42.65454545,776.9272727,0,0,0,0,0,0,0,0
562861,770,0.741935484,0.129032258,0.387096774,0.107526882,0.139784946,0.107526882,3.333333333,2.430107527,0.075268817,0.225806452,0.053763441,0.032258065,5.666666667,0.376344086,0.172043011,0.215053763,0.064516129,0.043010753,0.322580645,0.043010753,0.279569892,0.075268817,0.52688172,0.215053763,0.806451613,0.451612903,0.11827957,7.064516129,0.193548387,0.064516129,63876,93,0.573818216,0.958762887,0.645833333,1,32.444,12.12958712,9.933921948,-48.63958045,485.5698925,776.5913978,0,0,0,0,0,0,0,0
562861,771,0.492957746,0.112676056,0.295774648,0.056338028,0.070422535,0.070422535,3.323943662,1.873239437,0.042253521,0.23943662,0.028169014,0.070422535,5.225352113,0.352112676,0.521126761,0.338028169,0.112676056,0.042253521,0.309859155,0.084507042,0.23943662,0.084507042,0.591549296,0.352112676,0.507042254,0.76056338,0.154929577,9.85915493,0.169014085,0.098591549,63959,71,0.760059119,0.845238095,0.496503497,1,32.618,12.75570575,8.289345557,56.24489545,660.943662,779.5774648,0.880952381,3,767,768,775,0,0,0
562861,772,0.681481481,0.162962963,0.303703704,0.118518519,0.155555556,0.044444444,4.948148148,2.296296296,0.081481481,0.340740741,0.066666667,0.044444444,2.6,0.481481481,1.2,0.407407407,0.096296296,0.074074074,0.407407407,0.014814815,0.422222222,0.22962963,8.059259259,0.392592593,1.8,0.755555556,0.214814815,11.0962963,0.303703704,0.133333333,64042,135,0.574572267,0.964285714,0.741758242,1,38.878,14.56072527,11.91728171,-29.59305667,106.2,779.8296296,0,0,0,0,0,0,0,0
562861,773,0.265822785,0.189873418,0.746835443,0.101265823,0.126582278,0.17721519,1.860759494,2.417721519,0.101265823,0.265822785,0.050632911,0.025316456,2.291139241,0.493670886,0.075949367,0.303797468,0.063291139,0.012658228,0.240506329,0,0.35443038,0.101265823,2.696202532,0.202531646,0.405063291,0.632911392,0.164556962,13.4556962,0.215189873,0.227848101,64125,79,0.520648962,0.94047619,0.658333333,1,30.178,11.01031677,9.400287469,0.116217982,193.1139241,778.4810127,0.512820513,2,777,783,0,0,0,0
562861,774,0.952830189,0.113207547,0.254716981,0.037735849,0.08490566,0.066037736,4.952830189,2.367924528,0.113207547,0.169811321,0.056603774,0.075471698,4.839622642,0.481132075,0.349056604,0.443396226,0.103773585,0.037735849,0.339622642,0,0.330188679,0.122641509,2.386792453,0.273584906,1.811320755,0.490566038,0.169811321,6.924528302,0.179245283,0.122641509,64208,106,0.584284841,0.946428571,0.679487179,1,35.14,13.01024146,10.55844399,43.05004126,269.5566038,781.745283,0.227272727,1,788,0,0,0,0,0
562861,775,0.480769231,0.096153846,0.442307692,0.096153846,0.115384615,0.173076923,3.461538462,2.692307692,0.115384615,0.192307692,0.038461538,0.096153846,8.307692308,0.288461538,0.903846154,0.211538462,0.076923077,0.115384615,0.5,0.076923077,0.326923077,0.019230769,0.75,0.346153846,0.769230769,0.461538462,0.096153846,10.82692308,0.25,0.057692308,64291,52,0.832626468,0.912280702,0.590909091,1,26.506,11.32379304,6.271512492,56.24949924,666.2115385,781.7692308,1,4,767,771,779,781,0,0
562861,776,0.511494253,0.172413793,0.712643678,0.08045977,0.120689655,0.068965517,2.068965517,2.431034483,0.068965517,0.206896552,0.086206897,0.074712644,3.051724138,0.385057471,0.183908046,0.413793103,0.086206897,0.045977011,0.362068966,0.028735632,0.362068966,0.16091954,2.856321839,0.327586207,0.362068966,0.482758621,0.137931034,9.804597701,0.17816092,0.183908046,64374,174,0.717168774,0.945652174,0.704453441,1,47.223,17.97349678,12.52572139,15.50580272,127.8390805,784.3045977,0,0,0,0,0,0,0,0
562861,777,0.571428571,0.085714286,0.385714286,0.085714286,0.114285714,0.071428571,3.171428571,2.385714286,0.1,0.242857143,0.1,0.042857143,2.957142857,0.3,0.457142857,0.357142857,0.057142857,0.1,0.4,0.042857143,0.514285714,0.128571429,0.657142857,0.557142857,0.571428571,0.785714286,0.085714286,12.75714286,0.214285714,0.171428571,64457,70,0.623230629,0.875,0.636363636,1,29.88,10.96036554,8.571423388,29.90699256,198.4142857,784.6285714,0.648648649,2,773,783,0,0,0,0
562861,778,0.417475728,0.184466019,0.708737864,0.077669903,0.067961165,0.058252427,1.563106796,1.990291262,0.019417476,0.203883495,0.067961165,0.048543689,3.077669903,0.339805825,0.097087379,0.262135922,0.019417476,0.038834951,0.262135922,0.038834951,0.330097087,0.174757282,2.097087379,0.233009709,0.32038835,0.339805825,0.165048544,6.640776699,0.174757282,0.13592233,64540,103,0.312572128,0.944954128,0.66025641,1,34.495,11.90577467,11.30922426,12.98115622,245.3495146,784.7087379,0,0,0,0,0,0,0,0
562861,779,0.738461538,0.107692308,0.384615385,0.123076923,0.169230769,0.107692308,3.507692308,2.846153846,0.030769231,0.246153846,0.092307692,0.046153846,7.969230769,0.553846154,2.507692308,0.353846154,0.061538462,0.107692308,0.646153846,0.015384615,0.4,0.292307692,0.923076923,0.584615385,1.230769231,0.8,0.246153846,10,0.384615385,0.292307692,64622,65,0.590868154,0.915492958,0.722222222,1,27.341,10.29174685,8.303053425,-62.36093623,674.2153846,783.6615385,0.666666667,4,767,775,781,789,0,0
562861,780,0.453608247,0.134020619,0.329896907,0.082474227,0.06185567,0.082474227,2.288659794,2.051546392,0.092783505,0.288659794,0.103092784,0.041237113,4.402061856,0.360824742,2.81443299,0.309278351,0.072164948,0.092783505,1.144329897,0.072164948,0.216494845,0.12371134,0.690721649,0.319587629,0.484536082,0.628865979,0.103092784,10.16494845,0.18556701,0.113402062,64705,97,0.562139386,0.932692308,0.678321678,1,33.734,12.38346264,10.24165,-15.00187188,697.2886598,786.4123711,0,0,0,0,0,0,0,0
562861,781,0.620689655,0.172413793,0.655172414,0.068965517,0.086206897,0.103448276,4.362068966,2.879310345,0.068965517,0.224137931,0.051724138,0.068965517,5.879310345,0.5,0.379310345,0.672413793,0.051724138,0.068965517,0.413793103,0.068965517,0.275862069,0.034482759,0.74137931,0.413793103,0.948275862,0.568965517,0.103448276,9.844827586,0.137931034,0.086206897,64788,58,0.742833771,0.816901408,0.527272727,1,29.781,11.25823791,7.537119026,-48.73552626,669.8965517,788.4482759,0.771428571,3,775,779,789,0,0,0
562861,782,0.862068966,0.120689655,0.408045977,0.086206897,0.132183908,0.16091954,5.155172414,2.655172414,0.166666667,0.270114943,0.068965517,0.051724138,4.971264368,0.482758621,4.195402299,0.362068966,0.109195402,0.132183908,1.189655172,0.040229885,0.454022989,0.172413793,3.775862069,0.436781609,2.068965517,0.798850575,0.16091954,13.48850575,0.304597701,0.212643678,64871,174,0.586824907,0.961325967,0.787330317,1,45.13,16.62586234,13.4621911,7.175662207,545.1436782,786.0517241,0.267857143,1,790,0,0,0,0,0
562861,783,0.488888889,0.111111111,0.344444444,0.044444444,0.044444444,0.144444444,3.1,2.011111111,0.066666667,0.4,0.055555556,0.066666667,5.022222222,0.588888889,1.6,0.333333333,0.066666667,0.1,0.566666667,0.011111111,0.377777778,0.088888889,1.055555556,0.444444444,0.511111111,0.577777778,0.1,9.9,0.177777778,0.155555556,64954,90,0.369595623,0.909090909,0.681818182,1,33.709,11.43054182,10.62117603,-20.70302234,189.6333333,788.0666667,0.463414634,2,773,777,0,0,0,0
562861,784,0.632352941,0.125,0.647058824,0.044117647,0.132352941,0.088235294,2.720588235,2.382352941,0.132352941,0.235294118,0.051470588,0.095588235,4.544117647,0.426470588,2.301470588,0.389705882,0.088235294,0.117647059,0.926470588,0.058823529,0.338235294,0.125,1.669117647,0.264705882,1.308823529,0.720588235,0.176470588,10.95588235,0.316176471,0.235294118,65037,136,0.535477772,0.912751678,0.653846154,1,42.426,14.8708051,12.55912835,-26.62586368,722.6691176,792.1985294,0.358490566,1,785,0,0,0,0,0
562861,785,0.796875,0.078125,0.28125,0.0625,0.1875,0.09375,2.171875,2.21875,0.140625,0.21875,0.09375,0.09375,8.109375,0.28125,0.875,0.390625,0.078125,0.09375,0.359375,0.03125,0.28125,0.015625,0.796875,0.171875,0.953125,0.421875,0.078125,6.359375,0.171875,0.0625,65120,64,0.614539851,0.876712329,0.646464646,1,28.284,10.40471471,8.208131465,-69.15959065,731.046875,789.875,0.575757576,1,784,0,0,0,0,0
562861,786,0.845588235,0.169117647,0.397058824,0.088235294,0.139705882,0.051470588,3.610294118,2.764705882,0.051470588,0.227941176,0.022058824,0.066176471,3.345588235,0.463235294,0.764705882,0.352941176,0.161764706,0.058823529,0.375,0.014705882,0.279411765,0.110294118,0.602941176,0.389705882,0.713235294,0.426470588,0.154411765,7.772058824,0.227941176,0.191176471,65203,136,0.607618311,0.937931034,0.647619048,1,40.309,14.91521768,11.84610109,35.57289829,98.63970588,793.5441176,0,0,0,0,0,0,0,0
562861,787,0.555555556,0.155555556,0.3,0.044444444,0.088888889,0.088888889,2.333333333,1.588888889,0.077777778,0.222222222,0.055555556,0.044444444,5.144444444,0.288888889,0.644444444,0.244444444,0.055555556,0.055555556,0.566666667,0.011111111,0.377777778,0.066666667,0.755555556,0.266666667,0.6,0.444444444,0.155555556,8.511111111,0.188888889,0.055555556,65286,90,0.533771846,0.9375,0.681818182,1,31.592,11.73000792,9.919229395,14.94835596,470.5888889,791.2444444,0,0,0,0,0,0,0,0
562861,788,0.954954955,0.126126126,0.27027027,0.081081081,0.081081081,0.099099099,2.711711712,2.027027027,0.072072072,0.252252252,0.099099099,0.027027027,6.441441441,0.315315315,0.135135135,0.378378378,0.09009009,0.045045045,0.288288288,0.018018018,0.441441441,0.036036036,0.513513514,0.342342342,0.945945946,0.423423423,0.135135135,7.207207207,0.207207207,0.099099099,65369,111,0.690412305,0.925,0.660714286,1,37.034,14.14639993,10.23373343,35.73368812,267.7747748,793.8108108,0.224489796,1,774,0,0,0,0,0
562861,789,0.349056604,0.160377358,0.273584906,0.037735849,0.037735849,0.075471698,2.339622642,2.009433962,0.075471698,0.198113208,0.037735849,0.066037736,3.349056604,0.396226415,1.924528302,0.311320755,0.094339623,0.066037736,0.783018868,0.018867925,0.349056604,0.094339623,0.528301887,0.264150943,0.990566038,0.462264151,0.141509434,7.91509434,0.198113208,0.141509434,65452,106,0.644186481,0.938053097,0.688311688,1,34.958,13.39290784,10.24381294,17.70277089,680.4245283,795.0188679,0.133333333,2,779,781,0,0,0,0
562861,790,0.685714286,0.1,0.4,0.1,0.057142857,0.114285714,2.571428571,1.985714286,0.071428571,0.257142857,0.028571429,0.014285714,6.728571429,0.4,4.771428571,0.371428571,0.057142857,0.057142857,1.414285714,0.014285714,0.342857143,0.185714286,0.842857143,0.285714286,0.785714286,0.857142857,0.142857143,10.55714286,0.2,0.185714286,65535,70,0.828437023,0.886075949,0.673076923,1,30.616,13.14014813,7.359563416,-0.663155066,548.5,795.2,0.394736842,1,782,0,0,0,0,0
