ImageId,CellId,Cell_141Pr_AQP4,Cell_143Nd_SQSTM1,Cell_145Nd_UBQLN2,Cell_147Sm_Glutaminase,Cell_149Sm_C9orf72,Cell_150Nd_PDL1,Cell_151Eu_MAP2,Cell_152Sm_ATXN2,Cell_153Eu_ORF1,Cell_154Sm_pTDP43,Cell_155Gd_FoxP3,Cell_156Gd_CH24H,Cell_158Gd_GFAP,Cell_159Tb_IL6ST,Cell_160Gd_IBA1,Cell_161Dy_CX3CR1,Cell_162Dy_pTBK1,Cell_163Dy_CD4,Cell_164Dy_TMEM119,Cell_165Ho_PD1,Cell_166Er_GAD67,Cell_167Er_CD8,Cell_168Er_FUS,Cell_169Tm_ChAT,Cell_170Er_APOE,Cell_171Yb_TREM2,Cell_172Yb_PDL2,Cell_174Yb_MHCclassII,Cell_175Lu_TDP43,Cell_176Yb_TBK1,Cell_CellMasked,Area,Eccentricity,Solidity,Extent,EulerNumber,Perimeter,MajorAxisLength,MinorAxisLength,Orientation,X_position,Y_position,Percent_Touching,Number_Neighbors,neighbour_4_CellId1,neighbour_4_CellId2,neighbour_4_CellId3,neighbour_4_CellId4,Selection,Sel01
65535,44,1.15384615384615,0.192307692307692,0.692307692307692,0.615384615384615,0.153846153846154,0.0384615384615385,3.03846153846154,1.88461538461538,0.0769230769230769,NaN,0.192307692307692,0.0384615384615385,2.5,0.653846153846154,0.115384615384615,0.538461538461538,0.192307692307692,0.0769230769230769,0.884615384615385,0,1.03846153846154,0.692307692307692,0.807692307692308,0.307692307692308,0.846153846153846,NaN,0.461538461538462,14.6538461538462,0.461538461538462,0.0769230769230769,1934,1143,0.759527018280199,0.962962962962963,0.742857142857143,44,15.366,7.2376633145465,4.70792451263487,20.4515395780146,723.961538461538,4.92307692307692,0,0,0,0,0,0,0,0
65535,88,1.04761904761905,0.19047619047619,0.571428571428571,0.0952380952380952,0.0476190476190476,0.142857142857143,2.23809523809524,4.14285714285714,0.0476190476190476,1.28571428571429,0.142857142857143,0.0952380952380952,11.047619047619,0.857142857142857,0.238095238095238,0.857142857142857,0.142857142857143,0.0476190476190476,2.80952380952381,0,0.714285714285714,0.80952380952381,1.71428571428571,0.80952380952381,0.952380952380952,2.0952380952381,0.19047619047619,18.9047619047619,0.285714285714286,0.19047619047619,3868,923,0.586516213277359,0.91304347826087,0.7,44,14.787,5.97499958006844,4.83937613996657,-5.6217705511066,1095.04761904762,4.42857142857143,0,0,0,0,0,0,0,1
65535,132,0.75,0.171875,0.4375,0.375,0.078125,0.078125,1.734375,2.578125,0.0625,1.0625,0.109375,0.09375,4.203125,0.46875,0.265625,0.515625,0.078125,0.125,2.203125,0.015625,1.1875,0.546875,0.65625,0.5625,0.953125,1.78125,0.21875,12.3125,0.34375,0.109375,5802,2813,0.836439638181842,0.727272727272727,0.447552447552448,44,39.606,14.2516124025641,7.81072527642257,-48.4394329438089,1050.953125,10.71875,0.214285714285714,44,527,0,0,0,0,1
65535,176,0.76,0.08,0.76,0.12,0.12,0,1.8,4.56,0.12,1.2,0.16,0.04,8.44,NaN,0.04,1.08,0.28,0.24,1.44,0.04,0.6,0.32,3.08,0.4,1.28,2.04,0.4,18.16,0.44,0.16,7736,1099,0.803702711901228,44,0.595238095238095,44,16.491,7.51628300283156,4.47242176991527,38.596085382175,1104.8,7.84,0,0,0,0,0,0,0,0
65535,220,0.547169811320755,0.264150943396226,0.358490566037736,0.30188679245283,0.0943396226415094,0.207547169811321,1.58490566037736,3.32075471698113,0.0754716981132075,1.64150943396226,0.0754716981132075,0.0188679245283019,1.33962264150943,0.471698113207547,0.0754716981132075,0.735849056603774,0.0943396226415094,0.0943396226415094,1.18867924528302,0.0188679245283019,1.20754716981132,0.452830188679245,0.60377358490566,1.0188679245283,0.886792452830189,1.37735849056604,0.150943396226415,10.9056603773585,0.339622641509434,0.169811320754717,9670,2330,0.84504842032514,0.946428571428571,0.736111111111111,44,25.927,11.4788182852514,6.13760689304564,-2.84183681043382,1329.77358490566,8.45283018867925,0.419354838709677,88,264,483,0,0,0,1
65535,264,0.121951219512195,0.195121951219512,0.804878048780488,0.365853658536585,0.0975609756097561,0.0731707317073171,1.24390243902439,4.53658536585366,0.0487804878048781,0.780487804878049,0.146341463414634,0.0975609756097561,1.41463414634146,0.975609756097561,0.219512195121951,0.902439024390244,0.24390243902439,0.146341463414634,1.48780487804878,0.024390243902439,NaN,0.536585365853659,2.09756097560976,0.707317073170732,0.48780487804878,1.95121951219512,0.219512195121951,12.6341463414634,0.268292682926829,0.0975609756097561,11604,1802,0.651314250224848,0.911111111111111,0.732142857142857,44,20.973,8.43391017235052,6.39971943585863,19.8379923679868,1320.41463414634,10.8048780487805,0.36,44,220,0,0,0,0,0
65535,308,0.339285714285714,0.267857142857143,0.375,0.428571428571429,0.178571428571429,0.0535714285714286,1.48214285714286,4.73214285714286,0.0357142857142857,1.64285714285714,0.107142857142857,0.0714285714285714,3.07142857142857,0.571428571428571,0.392857142857143,1.375,0.142857142857143,0.160714285714286,1.08928571428571,0,2.125,0.428571428571429,0.625,1.14285714285714,0.589285714285714,2.125,0.178571428571429,8.94642857142857,0.410714285714286,0.0892857142857143,13538,2461,0.429545889110482,0.96551724137931,0.777777777777778,44,23.694,8.9549135222221,8.0866901649024,0,46855,12.6785714285714,0,0,0,0,0,0,0,0
65535,352,0.263157894736842,0.105263157894737,0.596491228070175,0.385964912280702,0.0175438596491228,0.192982456140351,1.35087719298246,2.64912280701754,0.12280701754386,1.03508771929825,0.105263157894737,0.0526315789473684,2.19298245614035,0.719298245614035,0.0350877192982456,0.526315789473684,0.0350877192982456,0.12280701754386,1.07017543859649,0,1.24561403508772,0.666666666666667,1.42105263157895,0.543859649122807,0.824561403508772,2.08771929824561,0.245614035087719,14.3333333333333,0.421052631578947,0.245614035087719,15472,2505,0.730438852199034,0.919354838709677,0.791666666666667,44,26.39,10.597246472031,7.23768724610288,-66.3142363958958,570.684210526316,13.140350877193,0,0,0,0,0,0,0,1
65535,396,0.862068965517241,0.310344827586207,0.586206896551724,0.379310344827586,0.103448275862069,0.0689655172413793,3.6551724137931,3.43103448275862,0.0862068965517241,0.96551724137931,0.103448275862069,0.0344827586206897,2.17241379310345,0.672413793103448,1.55172413793103,0.568965517241379,0.103448275862069,0.310344827586207,3.18965517241379,0.0172413793103448,0.96551724137931,0.482758620689655,0.844827586206897,0.431034482758621,0.844827586206897,2.24137931034483,0.224137931034483,16.7931034482759,0.379310344827586,0.396551724137931,17406,2549,0.852741857839054,0.966666666666667,0.69047619047619,44,26.597,12.0193571391473,6.27810182166794,-16.152828908015,455.103448275862,15.2068965517241,0,0,0,0,0,0,0,1
65535,440,0.4,0.114285714285714,0.471428571428571,0.285714285714286,0.0571428571428571,0.0714285714285714,1.41428571428571,3.24285714285714,0.0857142857142857,NaN,0.1,0.0142857142857143,5.05714285714286,0.785714285714286,0.157142857142857,0.942857142857143,0.1,0.1,1.37142857142857,0.0428571428571429,1.28571428571429,0.471428571428571,1.22857142857143,0.728571428571429,1.24285714285714,1.44285714285714,0.185714285714286,15.4285714285714,0.442857142857143,0.0857142857142857,19340,3077,0.732898665684494,0.958904109589041,0.795454545454545,44,28.168,11.615257763187,7.90229911559996,-3.55114047310757,1135.2,15.8142857142857,0,0,0,0,0,0,0,0
65535,483,0.576923076923077,0.0384615384615385,0.269230769230769,0.230769230769231,0.0384615384615385,0.0384615384615385,5.07692307692308,3.30769230769231,0.115384615384615,NaN,0.192307692307692,0.0384615384615385,0.807692307692308,0.769230769230769,0.0769230769230769,0.846153846153846,0.0769230769230769,0.153846153846154,1.34615384615385,0,1.73076923076923,0.461538461538462,2.34615384615385,0.346153846153846,0.307692307692308,1.96153846153846,0.307692307692308,9.53846153846154,0.153846153846154,0.115384615384615,21230,1143,0.767543008244447,0.866666666666667,0.742857142857143,44,18.55,7.75039613839843,4.96798415871586,-80.8794723919157,1330.15384615385,747,0.0869565217391304,44,220,0,0,0,0,0
65535,527,0.622222222222222,0.2,0.511111111111111,0.533333333333333,0.133333333333333,0.133333333333333,1.17777777777778,1.37777777777778,0.0666666666666667,NaN,0.2,0.0888888888888889,1.77777777777778,0.533333333333333,0.111111111111111,0.377777777777778,0.111111111111111,0.111111111111111,1.97777777777778,0.0222222222222222,1.13333333333333,0.488888888888889,0.355555555555556,0.422222222222222,0.488888888888889,1.88888888888889,0.244444444444444,7.31111111111111,0.244444444444444,0.0888888888888889,23164,1978,0.880794595448768,0.865384615384615,0.642857142857143,44,25.472,11.5260565400152,5.45757110487519,62.7479038051586,1046.4,18.5555555555556,0.225806451612903,44,132,0,0,0,0,0
65535,571,0.777777777777778,0.296296296296296,0.444444444444444,0.407407407407407,0.0740740740740741,0.0740740740740741,1.40740740740741,2.92592592592593,0,0.592592592592593,0.148148148148148,0.111111111111111,1.85185185185185,0.814814814814815,0.222222222222222,0.62962962962963,0.111111111111111,0.111111111111111,1.51851851851852,0.0740740740740741,1.18518518518519,0.703703703703704,0.555555555555556,0.555555555555556,0.777777777777778,2.48148148148148,0.296296296296296,12.5925925925926,0.481481481481481,0.222222222222222,25098,1187,0.760913668835906,0.931034482758621,0.675,44,16.954,7.51605186126537,4.87681380014308,-13.6608070675589,1427.66666666667,20.962962962963,0,0,0,0,0,0,0,1
65535,615,0.342857142857143,0.142857142857143,0.5,0.2,0.1,0.0571428571428571,1.8,3.57142857142857,0.0428571428571429,1.45714285714286,0.242857142857143,0.0428571428571429,3.3,0.485714285714286,0.114285714285714,0.642857142857143,0.0571428571428571,0.142857142857143,1.82857142857143,0.0142857142857143,1.31428571428571,0.542857142857143,1.34285714285714,0.585714285714286,1.34285714285714,1.91428571428571,0.242857142857143,16.7571428571429,0.385714285714286,0.157142857142857,27032,3077,0.325639444074096,0.813953488372093,0.53030303030303,44,38.663,11.0455659064551,10.4435165740285,-25.0546291587258,690.214285714286,22.4857142857143,0,0,0,0,0,0,0,1
65535,659,0.116666666666667,0.166666666666667,NaN,0.766666666666667,0.0833333333333333,0.1,1.9,3.81666666666667,0.133333333333333,1.68333333333333,0.216666666666667,0.05,1.91666666666667,0.6,0.1,0.9,0.0833333333333333,0.166666666666667,1.48333333333333,0.0166666666666667,1.5,0.75,3.08333333333333,0.666666666666667,1.3,2.18333333333333,0.25,19.5833333333333,0.466666666666667,0.283333333333333,28966,2637,0.644907276199999,0.967741935483871,0.740740740740741,44,24.918,10.1444131153951,7.75297751331561,-46.3123576561652,373.983333333333,24.1666666666667,0.03125,44,923,0,0,0,0,0
65535,703,0.2,0.142857142857143,0.685714285714286,0.371428571428571,0.142857142857143,0.0857142857142857,1.25714285714286,2.6,0.0571428571428571,1.22857142857143,0.257142857142857,0,1.57142857142857,0.285714285714286,1.11428571428571,0.6,0.257142857142857,0.228571428571429,1.57142857142857,0.0571428571428571,0.628571428571429,0.428571428571429,0.657142857142857,0.485714285714286,0.485714285714286,2.42857142857143,0.285714285714286,12.5714285714286,0.371428571428571,0.142857142857143,30899,1538,0.87443618601824,0.921052631578947,0.648148148148148,44,19.774,9.77865714717186,4.74402314017621,24.8547746971194,9538,25.4285714285714,0,0,0,0,0,0,0,0
65535,747,0.75,0.178571428571429,0.785714285714286,0.0714285714285714,0.178571428571429,0.107142857142857,12.3571428571429,2.92857142857143,0.142857142857143,0.821428571428571,0.0357142857142857,0.0357142857142857,1.71428571428571,0.714285714285714,0.142857142857143,0.928571428571429,0.0714285714285714,0.0714285714285714,0.964285714285714,0,0.785714285714286,0.142857142857143,1.39285714285714,0.571428571428571,0.642857142857143,2.71428571428571,0.535714285714286,22.5714285714286,0.214285714285714,0.678571428571429,32833,1231,0.63309493484762,0.96551724137931,0.8,44,16.193,6.87399364606082,5.32098084982982,8.00662083544285,237.714285714286,24.9285714285714,0,0,0,0,0,0,0,1
65535,791,0.24,0.16,0.8,0.4,0.12,0.04,0.56,1.36,0,0.84,0.16,0,2.48,0.48,0.08,0.48,0.16,0.04,1.16,0,0.88,0.44,2.72,0.32,0.52,1.36,0.24,8.8,0.28,0.16,34767,1099,0.86935907249591,44,0.595238095238095,44,16.772,8.22525198816375,4.06476277264429,36.0183800233113,18856,24.84,0,0,0,0,0,0,0,0
65535,835,0.433962264150943,0.0754716981132075,0.773584905660377,0.0566037735849057,0.150943396226415,0.0566037735849057,1.66037735849057,3.35849056603774,0.113207547169811,1.20754716981132,0.0754716981132075,0,3.52830188679245,0.641509433962264,0.0566037735849057,0.981132075471698,0.132075471698113,0.150943396226415,0.924528301886792,0.0566037735849057,1.15094339622642,0.660377358490566,4.83018867924528,0.528301886792453,1.18867924528302,1.88679245283019,0.226415094339623,16.6603773584906,0.320754716981132,0.207547169811321,36701,2330,0.614236439245013,0.854838709677419,0.654320987654321,44,28.375,9.77948283194524,7.71720545915705,70.2350215759384,1314.09433962264,27.2075471698113,0.323529411764706,44,1055,0,0,0,0,1
65535,879,1.14285714285714,0.285714285714286,0.666666666666667,0.19047619047619,0.19047619047619,0,1.9047619047619,3.23809523809524,0.0952380952380952,0.952380952380952,0.0476190476190476,0.0476190476190476,2.14285714285714,0.904761904761905,0.761904761904762,0.714285714285714,0.0476190476190476,0.238095238095238,1.85714285714286,0.0476190476190476,0.904761904761905,0.571428571428571,0.904761904761905,0.476190476190476,0.904761904761905,2.23809523809524,0.142857142857143,18.3809523809524,0.238095238095238,0.333333333333333,38635,923,0.827012246207894,44,0.75,44,14.415,7.02376916856849,3.9486499888815,18.434948822922,1271.85714285714,25.5714285714286,0,0,0,0,0,0,0,1
65535,923,0.214285714285714,0.0357142857142857,0.857142857142857,1.71428571428571,0.0357142857142857,0.178571428571429,4.5,4.42857142857143,0.142857142857143,0.678571428571429,0.25,0.0714285714285714,1.71428571428571,0.928571428571429,0.0714285714285714,1.32142857142857,0.0357142857142857,0.142857142857143,0.714285714285714,0,0.714285714285714,1.28571428571429,3.57142857142857,0.714285714285714,0.285714285714286,NaN,0.25,39.25,0.392857142857143,NaN,40569,1231,0.85917331320435,44,0.875,44,17.21,8.48715046506033,4.34274492067071,0.527809257163443,363.714285714286,27.3928571428571,0.05,44,659,0,0,0,0,0
65535,967,0.523809523809524,0.0476190476190476,NaN,0.523809523809524,0.142857142857143,0.238095238095238,2.57142857142857,1.47619047619048,0,1.38095238095238,0.0952380952380952,0.0952380952380952,1.66666666666667,0.428571428571429,0,0.238095238095238,0,0.142857142857143,1.85714285714286,0,1.66666666666667,0.80952380952381,0.80952380952381,0.666666666666667,0.857142857142857,NaN,0.142857142857143,13.6190476190476,0.428571428571429,0.0476190476190476,42503,923,0.799479028891512,0.91304347826087,0.7,44,14.423,6.93804291400924,4.16764075438449,26.7677451278644,782.190476190476,27.8095238095238,0.888888888888889,44,1187,0,0,0,0,0
65535,1011,0.340909090909091,0.181818181818182,1.18181818181818,1.45454545454545,0.193181818181818,0.102272727272727,3.34090909090909,3.34090909090909,0.113636363636364,1.125,0.25,0.0454545454545455,2.21590909090909,0.693181818181818,0.113636363636364,1.22727272727273,0.0681818181818182,0.0795454545454545,1.25,0.0113636363636364,1.11363636363636,0.784090909090909,3.89772727272727,0.863636363636364,0.636363636363636,2.86363636363636,0.284090909090909,24.8636363636364,0.409090909090909,0.295454545454545,44437,3868,0.806957701553099,0.907216494845361,0.628571428571429,44,34.859,14.1668076843876,8.36704744211425,22.5694939341943,794.625,28.4318181818182,0.422222222222222,88,1187,1231,0,0,0,1
65535,1055,0.59375,0.21875,0.6875,0.5,0.09375,0.0625,1.0625,1.6875,0.125,1.34375,0.1875,0.0625,2.75,0.53125,0.09375,0.5,0.15625,0,1.5,0,1.1875,0.8125,2.375,0.46875,1.0625,2.34375,0.1875,12.5625,0.25,0.125,46371,1407,0.748539281996218,0.941176470588235,0.666666666666667,44,19.559,8.18819004367387,5.42951061103548,-38.5714599824528,1306.15625,27.875,0.363636363636364,44,835,0,0,0,0,1
65535,1099,0.785714285714286,0.25,0.857142857142857,0.785714285714286,0.107142857142857,0.178571428571429,5.71428571428571,2.96428571428571,0.107142857142857,NaN,0.25,0.0357142857142857,2.60714285714286,0.571428571428571,0.392857142857143,1.07142857142857,0.0714285714285714,0.25,1.64285714285714,0,1.10714285714286,1.21428571428571,3.5,0.428571428571429,0.642857142857143,3.75,0.464285714285714,16.7857142857143,0.571428571428571,0.214285714285714,48305,1231,0.715334861447856,0.933333333333333,0.666666666666667,44,17.144,7.38999725495134,5.16399575294534,46.2556816335815,450.714285714286,30.0714285714286,0,0,0,0,0,0,0,0
65535,1143,0.355769230769231,0.105769230769231,0.384615384615385,0.519230769230769,0.0480769230769231,0.0769230769230769,1.68269230769231,3.81730769230769,0.0769230769230769,0.951923076923077,0.0480769230769231,0.0192307692307692,3.91346153846154,0.557692307692308,0.153846153846154,0.894230769230769,0.105769230769231,0.0961538461538462,0.971153846153846,0,1.23076923076923,0.567307692307692,1.29807692307692,0.817307692307692,0.826923076923077,1.90384615384615,0.288461538461538,15.1730769230769,0.346153846153846,0.115384615384615,50239,4571,0.826353307023247,0.866666666666667,0.63030303030303,44,39.978,16.0811370887,9.05612504016565,24.4404043435874,26.4519230769231,31.0288461538462,0,0,0,0,0,0,0,1
65535,1187,0.785714285714286,0.0714285714285714,0.714285714285714,0.285714285714286,0.214285714285714,0.0357142857142857,4.53571428571429,2.92857142857143,0,0.928571428571429,0.0714285714285714,0.0714285714285714,3.03571428571429,1.28571428571429,0.0357142857142857,0.928571428571429,0.0714285714285714,0.107142857142857,2.35714285714286,0,1.71428571428571,0.5,1.10714285714286,0.714285714285714,0.928571428571429,1.60714285714286,0.142857142857143,17.9285714285714,0.285714285714286,0.321428571428571,52173,1231,0.814807533750974,44,0.8,44,16.656,7.94221823549554,4.60435457631012,25.0006910750096,784.035714285714,31.0714285714286,0.8,88,967,1011,0,0,0,1
65535,1231,0.303030303030303,0.303030303030303,1.27272727272727,2.06060606060606,0.212121212121212,0,NaN,3.6969696969697,0.121212121212121,0.696969696969697,0.212121212121212,0,1.27272727272727,0.727272727272727,0.0303030303030303,1.33333333333333,0.181818181818182,0.212121212121212,1.18181818181818,0,0.787878787878788,0.757575757575758,2.57575757575758,0.727272727272727,0.363636363636364,2.21212121212121,0.272727272727273,25.3333333333333,0.393939393939394,0.454545454545455,54107,1450,0.671582667275506,44,0.785714285714286,44,17.88,7.64481239781214,5.66426804404607,-60.054656516498,802.69696969697,32.1515151515151,0.5,44,1011,0,0,0,0,0
65535,1275,0.294117647058824,0.117647058823529,0.617647058823529,1.58823529411765,0.176470588235294,0.0588235294117647,2.17647058823529,2.14705882352941,0.117647058823529,0.735294117647059,0.147058823529412,0.0588235294117647,1.23529411764706,0.529411764705882,0.352941176470588,0.676470588235294,0.0882352941176471,0.0588235294117647,1.29411764705882,0.0294117647058824,0.705882352941177,0.676470588235294,0.794117647058823,0.382352941176471,0.558823529411765,1.88235294117647,0.205882352941176,16.0294117647059,0.352941176470588,0.176470588235294,56041,1494,0.789616327279832,0.918918918918919,0.708333333333333,44,19.749,8.74904032169967,5.3684189528814,71.8641482067912,837.588235294118,1319,0,0,0,0,0,0,0,1
65535,1319,0.354838709677419,0.258064516129032,0.935483870967742,0.419354838709677,0.0967741935483871,0.129032258064516,1.48387096774194,2.48387096774194,0.0967741935483871,0.806451612903226,0.0967741935483871,0,1.35483870967742,0.419354838709677,0.161290322580645,0.870967741935484,0.0967741935483871,0.032258064516129,1.64516129032258,0,1.41935483870968,0.645161290322581,0.741935483870968,0.645161290322581,0.67741935483871,3.16129032258065,0.354838709677419,11.7096774193548,0.354838709677419,0.225806451612903,57975,1363,0.741386526278194,0.96875,0.775,44,17.599,7.76630435836833,5.21179794374174,12.3172318679555,312.387096774194,33.0322580645161,0,0,0,0,0,0,0,1
65535,1363,0.5,0,0.65,0.2,0.15,0.05,NaN,3.55,0,0.45,0.05,0.15,NaN,NaN,0,0.95,0.15,0,0.75,0,1.1,0.35,0.55,0.3,0.95,2.15,0.1,15.5,0.25,0.05,59909,879,0.383661650001981,44,0.8,44,12.645,5.3416601664027,4.93288286231625,26.565051177078,377.05,34.1,0,0,0,0,0,0,0,0
65535,1407,0.35,0.25,0.4,0.45,0.4,0,1.3,2.3,0.1,0.55,0.05,0.05,0.75,0.7,0.4,0.55,0.1,0.05,0.9,0,0.7,0.5,0.5,0.5,0.85,1.7,0.25,12.2,0.15,0.1,61843,879,0.77023250014818,44,0.833333333333333,44,13.29,6.43580498564395,4.10451956426415,11.1951406425828,1360.45,33.65,0,0,0,0,0,0,0,1
65535,1450,0.25,0.3,0.5,0.15,0.05,0,1.2,2.5,0,0.9,0.05,0.05,1.45,0.35,0.15,0.35,0.1,0.1,0.85,0.05,1.9,0.4,1.05,0.65,0.7,1.45,0.25,13.4,0.05,0.1,63733,879,0.555713413086475,44,0.666666666666667,44,13.216,5.67505595012031,4.71809353761356,26.0119828480783,328.3,35.15,0,0,0,0,0,0,0,1
65535,1494,0.447368421052632,0.184210526315789,0.868421052631579,0.394736842105263,0.289473684210526,0.105263157894737,1.52631578947368,2.63157894736842,0.0789473684210526,1.5,0.157894736842105,0.105263157894737,1.71052631578947,0.526315789473684,0.263157894736842,0.421052631578947,0.0526315789473684,0.105263157894737,1.07894736842105,0.0789473684210526,1.39473684210526,0.736842105263158,0.815789473684211,0.421052631578947,0.657894736842105,2.05263157894737,0.421052631578947,11.9473684210526,0.394736842105263,0.131578947368421,1494,1670,0.641394689155908,0.926829268292683,0.678571428571429,44,19.865,8.0926814609059,6.20879494409448,28.6026551943279,898.815789473684,35.1578947368421,0,0,0,0,0,0,0,1
65535,1538,0.341463414634146,0.195121951219512,1.02439024390244,0.585365853658537,0.024390243902439,0.024390243902439,2.02439024390244,2.21951219512195,0.0487804878048781,0.878048780487805,0.121951219512195,0,1.60975609756098,0.609756097560976,0.219512195121951,0.878048780487805,0.0487804878048781,0.0731707317073171,1.09756097560976,0,0.926829268292683,0.536585365853659,2.82926829268293,0.585365853658537,0.463414634146341,1.63414634146341,0.317073170731707,16.0487804878049,0.341463414634146,0.146341463414634,1538,1802,0.519165705024682,0.911111111111111,0.640625,44,21.271,8.11214499561198,6.93323620598593,77.3225246856913,649.585365853659,35.780487804878,0,0,0,0,0,0,0,1
65535,1582,0.4,0.1,0.24,0.1,0.04,0.04,1.48,2.82,0.06,0.88,0.16,0.02,1.26,0.52,0.04,0.44,0.02,0.1,0.98,0,0.94,0.36,1.42,0.72,0.7,1.22,0.2,9.76,0.3,0.1,1582,2198,0.48423511016404,0.961538461538462,0.78125,44,22.47,8.68011833800551,7.59456465538922,70.0865844396033,951.48,40.32,0,0,0,0,0,0,0,1
65535,1626,0.25,0.1,0.15,0.3,0.2,0.05,1.2,2.6,0.05,0.8,0.1,0,1.2,0.35,0,0.6,0.25,0.1,NaN,0,0.95,0.4,0.6,0.55,0.25,1.7,0.4,NaN,0.35,0.15,1626,879,0.701632085402785,0.952380952380952,0.833333333333333,44,13.472,6.09590424717579,4.34357204106606,12.2738193346256,752.25,39.55,0,0,0,0,0,0,0,0
65535,1670,0.4,0.2,0.5,0.15,0.15,0.05,1.6,1.6,0,1.05,0.05,0.15,1.8,0.45,0,0.6,0.1,0.05,1.4,0,1.5,0.6,0.65,0.4,1.3,2.35,0.4,9.9,0.55,0.05,1670,879,0.546056388532177,0.909090909090909,0.666666666666667,44,14.051,5.81908403636356,4.87492847582458,-32.8343790415325,1148.55,39.75,0.764705882352941,44,1758,0,0,0,0,1
65535,1714,0.166666666666667,0.196078431372549,1.36274509803922,2.13725490196078,0.245098039215686,0.0784313725490196,3.18627450980392,3.36274509803922,0.186274509803922,0.980392156862745,0.245098039215686,0.0392156862745098,1.27450980392157,0.627450980392157,0.176470588235294,1.1078431372549,0.156862745098039,0.107843137254902,1.13725490196078,0.0196078431372549,0.980392156862745,0.558823529411765,2.64705882352941,0.794117647058823,0.166666666666667,2.96078431372549,0.274509803921569,25.4411764705882,0.235294117647059,0.343137254901961,1714,4483,0.89248600689005,0.829268292682927,0.485714285714286,44,43.625,19.0277379990233,8.58293843397917,38.4999663808535,1327.55882352941,40.6960784313725,0,0,0,0,0,0,0,1
65535,1758,0.464285714285714,0.25,0.571428571428571,0.535714285714286,0.0714285714285714,0.142857142857143,2.25,2.60714285714286,0.0714285714285714,1.39285714285714,0.178571428571429,0.142857142857143,1.85714285714286,0.607142857142857,0.178571428571429,0.714285714285714,0.0714285714285714,0,1.60714285714286,0.0714285714285714,1.5,0.678571428571429,0.75,0.571428571428571,1.32142857142857,1.85714285714286,0.357142857142857,16.5,0.214285714285714,0.214285714285714,1758,1231,0.310151887085638,0.933333333333333,0.666666666666667,44,16.772,6.28306918392634,5.97323230881147,-57.7316725309357,50283,40.5714285714286,0.6,44,1670,0,0,0,0,0
65535,1802,0.733333333333333,0.2,0.633333333333333,0.266666666666667,0.133333333333333,0.0666666666666667,26.0333333333333,3.63333333333333,0.233333333333333,1.93333333333333,0.0666666666666667,0.0333333333333333,3.1,1.2,0.133333333333333,0.933333333333333,0.0333333333333333,0.2,1.2,0,2.23333333333333,0.7,1.7,0.966666666666667,0.633333333333333,3.2,0.333333333333333,18.4,0.466666666666667,0.233333333333333,1802,1319,0.57316662956209,0.967741935483871,0.714285714285714,44,16.772,6.93357727076591,5.68164252535074,27.4036011737931,79.7666666666667,42.7,0,0,0,0,0,0,0,1
65535,1846,1.04347826086957,0.173913043478261,0.608695652173913,NaN,0.130434782608696,0.0869565217391304,3.17391304347826,2.08695652173913,0.0869565217391304,NaN,0.217391304347826,0.0434782608695652,1.91304347826087,0.608695652173913,0.0869565217391304,1.17391304347826,0.173913043478261,0.0434782608695652,2.04347826086957,0,1.56521739130435,0.956521739130435,0.782608695652174,0.565217391304348,0.652173913043478,2.95652173913043,0.304347826086957,14.2173913043478,0.434782608695652,0.0869565217391304,1846,1011,0.822264937681471,0.958333333333333,0.638888888888889,44,15.548,7.38033524137734,4.20018485260913,41.7935291732036,1057.69565217391,43.9565217391304,0.578947368421053,88,1934,2154,0,0,0,0
65535,1890,1.30555555555556,0.166666666666667,0.527777777777778,0.25,0.0555555555555556,0.0277777777777778,1.97222222222222,4.22222222222222,0.111111111111111,1.11111111111111,0.0833333333333333,0.0555555555555556,2.19444444444444,0.666666666666667,0.361111111111111,0.888888888888889,0.0277777777777778,0.25,1.08333333333333,0.0555555555555556,0.972222222222222,0.277777777777778,1.11111111111111,0.527777777777778,0.805555555555556,1.58333333333333,0.25,23.2777777777778,0.416666666666667,0.25,1890,1582,0.692141651509171,0.972972972972973,0.75,44,18.55,8.06791967706883,5.82311532466648,-8.28118018977301,438.666666666667,44.75,0,0,0,0,0,0,0,1
65535,1934,0.551724137931034,0.0689655172413793,0.689655172413793,NaN,0.103448275862069,0,4.10344827586207,2.20689655172414,0.137931034482759,0.862068965517241,0.0689655172413793,0.206896551724138,1.41379310344828,0.689655172413793,0.172413793103448,0.724137931034483,0.0344827586206897,0.137931034482759,1.41379310344828,0.0344827586206897,0.724137931034483,0.379310344827586,NaN,0.620689655172414,0.344827586206897,2.20689655172414,0.206896551724138,14.8965517241379,0.586206896551724,0.379310344827586,1934,1275,0.577859936753167,44,0.805555555555556,44,16.565,6.85251029423333,5.59258001823587,-35.3648192708326,1065.55172413793,46.7241379310345,0.05,44,1846,0,0,0,0,0
65535,1978,0.648648648648649,0.216216216216216,0.486486486486487,0.378378378378378,0.135135135135135,0.0810810810810811,2.40540540540541,3.64864864864865,0,1.08108108108108,0.108108108108108,0.0540540540540541,1.45945945945946,0.351351351351351,0.378378378378378,0.540540540540541,0.243243243243243,0.0540540540540541,1.43243243243243,0.027027027027027,0.864864864864865,0.486486486486487,0.756756756756757,0.648648648648649,0.675675675675676,2.27027027027027,0.162162162162162,14.4864864864865,0.27027027027027,0.216216216216216,1978,1626,0.8808480800577,0.948717948717949,0.74,44,21.155,10.1536841587316,4.80674442742709,-10.91003174586,389.621621621622,49.027027027027,0,0,0,0,0,0,0,1
65535,2022,0.28,0.12,0.4,0.36,0.08,0.02,1.82,2.96,0.08,0.94,0.1,0.04,2.8,0.7,0.06,0.74,0.12,0.16,1.94,0.08,1.34,0.46,1.22,0.76,1.62,2.04,0.3,16.16,0.32,0.2,2022,2198,0.81647681036077,0.980392156862745,0.833333333333333,44,24.223,10.7241976497729,6.19191823551252,10.0070810139046,31603,48.68,0,0,0,0,0,0,0,0
65535,2066,0.380952380952381,0.0476190476190476,0.428571428571429,0.428571428571429,0.142857142857143,0.142857142857143,1.85714285714286,2.66666666666667,0.0476190476190476,0.571428571428571,0.0476190476190476,0.0952380952380952,0.857142857142857,0.333333333333333,0.0952380952380952,0.380952380952381,0.0476190476190476,0.0476190476190476,1.33333333333333,0,0.761904761904762,0.857142857142857,0.571428571428571,0.333333333333333,0.619047619047619,1.47619047619048,0.571428571428571,8.23809523809524,0.380952380952381,0.0952380952380952,2066,923,0.534778785486726,0.954545454545455,0.7,44,13.588,5.778544947881,4.88282483568906,8.39132207263537,263.095238095238,49.9047619047619,0,0,0,0,0,0,0,1
65535,2110,0.179487179487179,0.153846153846154,1.30769230769231,0.128205128205128,0.179487179487179,0.0256410256410256,1.20512820512821,3.17948717948718,0.0769230769230769,0.82051282051282,0.179487179487179,0.0512820512820513,NaN,0.692307692307692,0.256410256410256,0.948717948717949,0.153846153846154,0.153846153846154,0.974358974358974,0.0512820512820513,0.641025641025641,0.41025641025641,1.76923076923077,0.41025641025641,0.512820512820513,1.64102564102564,0.333333333333333,17.7948717948718,0.230769230769231,0.179487179487179,2110,1714,0.875731625279692,0.906976744186046,0.65,44,21.734,10.3814762116799,5.01215822790593,-11.3177855137787,915.538461538462,50.8205128205128,0,0,0,0,0,0,0,0
65535,2154,0.266666666666667,0.25,1.16666666666667,1.15,0.133333333333333,0.0833333333333333,5.08333333333333,2.73333333333333,0.116666666666667,1.26666666666667,0.283333333333333,0.0333333333333333,1.8,0.766666666666667,0.0833333333333333,0.983333333333333,0.2,0.216666666666667,2.5,0.0166666666666667,1.01666666666667,0.966666666666667,1.23333333333333,0.766666666666667,0.383333333333333,3.05,0.383333333333333,20.8,0.366666666666667,0.216666666666667,2154,2637,0.671670639580048,0.923076923076923,0.75,44,26.696,10.3809415341832,7.6907193405416,83.2327790892388,1055.66666666667,51.0833333333333,0.303030303030303,44,1846,0,0,0,0,1
65535,2198,0.166666666666667,0.272727272727273,1.03030303030303,1.12878787878788,0.227272727272727,0.0454545454545455,4.37878787878788,3.56818181818182,0.159090909090909,1.04545454545455,0.234848484848485,0.0984848484848485,1.47727272727273,0.848484848484849,0.916666666666667,1.13636363636364,0.0757575757575758,0.136363636363636,1.96969696969697,0.0303030303030303,1.16666666666667,0.727272727272727,2.97727272727273,0.840909090909091,0.522727272727273,2.51515151515152,0.272727272727273,20.7954545454545,0.371212121212121,0.356060606060606,2198,5802,0.704385641258576,0.88,0.628571428571429,44,46.536,15.8676972295842,11.2631690115228,62.2643910908471,507.462121212121,50.9924242424242,0,0,0,0,0,0,0,1
65535,2242,0.314285714285714,0.0857142857142857,1.11428571428571,2.2,0.2,0,2.85714285714286,1.8,0.142857142857143,1.4,0.428571428571429,0.0285714285714286,1.22857142857143,0.685714285714286,0.0857142857142857,0.6,0.0857142857142857,0.0857142857142857,1.2,0.0571428571428571,0.771428571428571,0.6,1.48571428571429,0.285714285714286,0.428571428571429,2.37142857142857,0.0571428571428571,17.4571428571429,0.457142857142857,0.0857142857142857,2242,1538,0.593215733293531,44,0.833333333333333,44,17.971,7.50866677632245,6.04480364720872,21.1926635427302,800.914285714286,50.4571428571429,0,0,0,0,0,0,0,1
65535,2286,0.76,0.24,0.8,0.08,0.08,0.08,26.2,2.6,0.56,0.48,0.08,0.16,3.28,0.6,0.16,0.68,0.12,0.08,1.4,0.08,1.24,0.24,1.44,0.56,0.88,2.12,0.2,12.04,0.36,0.24,2286,1099,0.85129183860387,0.961538461538462,0.694444444444444,44,16.193,7.9646816418021,4.17900861585702,47.2996822818326,857.52,54.6,0,0,0,0,0,0,0,1
65535,2330,0.103896103896104,0.12987012987013,1.06493506493506,0.857142857142857,0.0779220779220779,0.0909090909090909,4.71428571428571,2.93506493506493,0.0649350649350649,1.03896103896104,0.233766233766234,0.103896103896104,1.51948051948052,0.636363636363636,0.194805194805195,1.14285714285714,0.12987012987013,0.0779220779220779,1.62337662337662,0.038961038961039,1.19480519480519,0.675324675324675,1.7012987012987,0.61038961038961,0.415584415584416,2.55844155844156,0.363636363636364,21.9350649350649,0.38961038961039,0.207792207792208,2330,3384,0.902292639774448,0.885057471264368,0.592307692307692,44,33.908,15.5506519009785,6.70426085225883,27.4938242988369,1277.14285714286,53.6363636363636,0.534883720930233,44,2593,0,0,0,0,1
65535,2374,0.136363636363636,0.136363636363636,0.5,0.409090909090909,0.0909090909090909,0.136363636363636,0.863636363636364,1.86363636363636,0.0909090909090909,1.18181818181818,0,0,0.818181818181818,0.272727272727273,0.318181818181818,0.227272727272727,0.0454545454545455,0.181818181818182,2.09090909090909,0,0.681818181818182,0.409090909090909,0.363636363636364,0.318181818181818,0.136363636363636,1.31818181818182,0.136363636363636,8.13636363636364,0.181818181818182,0.136363636363636,2374,967,0.589127124460086,0.956521739130435,0.733333333333333,44,13.869,6.05578399197549,4.89331790632293,15.6477661966736,920.590909090909,58.2727272727273,0,0,0,0,0,0,0,1
65535,2417,0.805194805194805,0.12987012987013,0.38961038961039,0.181818181818182,0.0779220779220779,0.0909090909090909,15.2857142857143,2.96103896103896,0.0909090909090909,1.24675324675325,0.0909090909090909,0.103896103896104,2.93506493506493,0.818181818181818,0.116883116883117,0.805194805194805,0.103896103896104,0.194805194805195,1.25974025974026,0.025974025974026,1.5974025974026,0.467532467532468,0.935064935064935,0.688311688311688,1.1038961038961,2.36363636363636,0.25974025974026,14.1558441558442,0.467532467532468,0.194805194805195,2417,3384,0.684543649534582,0.895348837209302,0.7,44,31.65,12.0173985694516,8.76034554587695,-71.2099925450172,1209.41558441558,59.7402597402597,0.564102564102564,88,2549,3165,0,0,0,1
65535,2461,0.222222222222222,0.259259259259259,0.481481481481481,0.481481481481481,0.0740740740740741,0.148148148148148,1.18518518518519,2.14814814814815,0.111111111111111,0.888888888888889,0.111111111111111,0.037037037037037,1.25925925925926,0.481481481481481,0.148148148148148,0.62962962962963,0.111111111111111,0.222222222222222,2.44444444444444,0,0.703703703703704,0.592592592592593,0.814814814814815,0.37037037037037,1.18518518518519,NaN,0.444444444444444,13.962962962963,0.407407407407407,0.111111111111111,2461,1187,0.594660242185167,0.870967741935484,0.642857142857143,44,18.36,7.04352895028838,5.66283606262168,41.1174169907873,1315.11111111111,59.5555555555556,0,0,0,0,0,0,0,0
65535,2505,0.608695652173913,0.173913043478261,0.565217391304348,NaN,0.173913043478261,0,0.91304347826087,3.08695652173913,0,0.608695652173913,0.0434782608695652,0.0869565217391304,0.869565217391304,0.173913043478261,0.0434782608695652,0.608695652173913,0.0869565217391304,0.173913043478261,0.652173913043478,0,0.478260869565217,0.217391304347826,1.30434782608696,0.565217391304348,0.521739130434783,1.56521739130435,0.130434782608696,13.5217391304348,0.130434782608696,0.130434782608696,2505,1011,0.648696104381233,44,0.766666666666667,44,13.96,6.31801602260435,4.80831057667418,19.1365579754993,688.695652173913,59.2173913043478,0,0,0,0,0,0,0,0
65535,2549,0.585365853658537,0.121951219512195,0.853658536585366,0.146341463414634,0.146341463414634,0.0975609756097561,18.1707317073171,3.29268292682927,0.463414634146341,1.21951219512195,0.0487804878048781,0.0731707317073171,4.41463414634146,0.75609756097561,0.121951219512195,0.585365853658537,0.024390243902439,0.0975609756097561,1.90243902439024,0.0731707317073171,NaN,0.48780487804878,0.75609756097561,0.48780487804878,0.75609756097561,3.29268292682927,0.365853658536585,19.8536585365854,0.414634146341463,0.0975609756097561,2549,1802,0.641437770886919,0.953488372093023,0.732142857142857,44,19.956,8.36850444336539,6.42010797149928,23.611071777514,1216.46341463415,58.2682926829268,0.576923076923077,44,2417,0,0,0,0,0
65535,2593,0.0952380952380952,0.219047619047619,1.37142857142857,0.676190476190476,0.19047619047619,0.0857142857142857,4.97142857142857,3.60952380952381,0.104761904761905,1.0952380952381,0.171428571428571,0.0476190476190476,1.56190476190476,0.914285714285714,0.0571428571428571,0.914285714285714,0.0380952380952381,0.0761904761904762,1.73333333333333,0.00952380952380952,0.933333333333333,0.80952380952381,6.48571428571429,0.714285714285714,0.39047619047619,2.78095238095238,0.457142857142857,23.7142857142857,0.371428571428571,0.285714285714286,2593,4615,0.914471299875186,0.777777777777778,0.504807692307692,44,45.147,19.6537848638279,7.95291908246691,25.2329707439711,1273.97142857143,61.1809523809524,0.568965517241379,88,2330,3077,0,0,0,1
65535,2637,0.185185185185185,0.037037037037037,1.03703703703704,0.259259259259259,0.0740740740740741,0.185185185185185,1.55555555555556,2.62962962962963,0.0740740740740741,0.666666666666667,0.0740740740740741,0,1.88888888888889,0.851851851851852,0.037037037037037,0.666666666666667,0.111111111111111,0.037037037037037,0.962962962962963,0,0.518518518518518,0.444444444444444,4.03703703703704,0.666666666666667,0.222222222222222,NaN,0.148148148148148,14.5925925925926,0.259259259259259,0.148148148148148,2637,1187,0.647985808276358,0.964285714285714,0.642857142857143,44,16.4,6.87970624857469,5.23994483805769,-28.7692569613829,43.0740740740741,59.9259259259259,0,0,0,0,0,0,0,0
65535,2681,0.375,0.166666666666667,0.708333333333333,0.5,0.208333333333333,0.125,1.5,1.95833333333333,0.0416666666666667,1.08333333333333,0.208333333333333,0.0833333333333333,1.20833333333333,0.625,0.125,0.25,0.25,0.0833333333333333,2.54166666666667,0,1.75,0.958333333333333,0.75,0.333333333333333,0.75,2.70833333333333,0.25,10.0416666666667,0.25,0.208333333333333,2681,1055,0.697387489404041,44,0.8,44,14.696,6.63377148878266,4.75438607453428,27.9487214939173,160.291666666667,60.0416666666667,0,0,0,0,0,0,0,1
65535,2725,0.159420289855072,0.130434782608696,0.695652173913043,0.869565217391304,0.173913043478261,0.0869565217391304,2.89855072463768,3.08695652173913,0.173913043478261,0.768115942028985,0.0434782608695652,0.072463768115942,1.53623188405797,0.623188405797101,0.202898550724638,0.768115942028985,0.101449275362319,0.0869565217391304,1.1304347826087,0.0579710144927536,0.956521739130435,0.652173913043478,7.39130434782609,0.463768115942029,0.289855072463768,2.15942028985507,0.347826086956522,21.304347826087,0.347826086956522,0.391304347826087,2725,3033,0.753174168604802,0.958333333333333,0.71875,44,28.284,11.7228014081606,7.71150676019985,-7.50277993085215,763.536231884058,60.3913043478261,0,0,0,0,0,0,0,1
65535,2769,0.5,0.230769230769231,0.769230769230769,0.384615384615385,0.0384615384615385,0.0384615384615385,1.57692307692308,2.69230769230769,0.0769230769230769,1.26923076923077,0,0,1.11538461538462,0.346153846153846,0.0769230769230769,0.576923076923077,0.115384615384615,0.0384615384615385,1.65384615384615,NaN,0.807692307692308,0.692307692307692,0.615384615384615,0.461538461538462,0.538461538461538,2.65384615384615,0.423076923076923,14.9615384615385,0.384615384615385,0.0769230769230769,2769,1143,0.626749963291772,0.962962962962963,0.866666666666667,44,15.25,6.61202513682238,5.15222509143286,17.1078510662187,1139.53846153846,59.8461538461538,0,0,0,0,0,0,0,0
65535,2813,0.138157894736842,0.210526315789474,1.40131578947368,1.63157894736842,0.151315789473684,0.105263157894737,3.52631578947368,3.28289473684211,0.118421052631579,1.09868421052632,0.230263157894737,0.0328947368421053,1.36842105263158,0.835526315789474,0.0855263157894737,0.986842105263158,0.111842105263158,0.0592105263157895,0.907894736842105,0.0131578947368421,1.01973684210526,0.552631578947368,2.34210526315789,0.664473684210526,0.203947368421053,2.65789473684211,0.296052631578947,24.1578947368421,0.434210526315789,0.361842105263158,2813,6681,0.829803196188438,0.904761904761905,0.678571428571429,44,45.85,19.1083606539146,10.6635379917398,-52.4195803710403,823.013157894737,65.2960526315789,0.0892857142857143,44,3340,0,0,0,0,1
65535,2857,0.905405405405405,0.189189189189189,0.662162162162162,0.216216216216216,0.108108108108108,0.175675675675676,1.74324324324324,2.93243243243243,0.0810810810810811,1.55405405405405,0.0945945945945946,0.0540540540540541,4.05405405405405,0.702702702702703,0.108108108108108,0.905405405405405,0.0405405405405405,0.175675675675676,2.13513513513514,0.0405405405405405,1.98648648648649,0.689189189189189,1.18918918918919,0.472972972972973,1.37837837837838,2.39189189189189,0.297297297297297,15.3378378378378,0.391891891891892,0.189189189189189,2857,3253,0.838919820437635,0.925,0.632478632478632,44,30.732,13.4630707013057,7.32734391375763,14.0411840835447,1062.37837837838,62.9594594594595,0,0,0,0,0,0,0,1
65535,2901,0.454545454545455,0.181818181818182,0.590909090909091,0.636363636363636,0.0454545454545455,0.0909090909090909,1.27272727272727,2.22727272727273,0.0454545454545455,0.909090909090909,0.0909090909090909,0,1.04545454545455,0.454545454545455,0.0454545454545455,0.318181818181818,0,0.136363636363636,1.5,0,0.863636363636364,0.363636363636364,0.545454545454545,0.545454545454545,0.636363636363636,3.18181818181818,0.363636363636364,NaN,0.136363636363636,0.181818181818182,2901,967,0.876049228518496,0.956521739130435,0.628571428571429,44,15.457,7.81081007058206,3.76654195885235,24.5326184886755,528.954545454546,63.6818181818182,0,0,0,0,0,0,0,0
65535,2945,0.25,0.208333333333333,0.666666666666667,0.416666666666667,0.0416666666666667,0.0416666666666667,8.5,2.375,0.125,0.583333333333333,0.0833333333333333,0,1.33333333333333,0.625,0.0416666666666667,0.333333333333333,0.125,0.166666666666667,0.833333333333333,0,0.5,0.291666666666667,0.541666666666667,0.291666666666667,0.666666666666667,2.25,0.125,10.9166666666667,0.166666666666667,0.0833333333333333,2945,1055,0.697387489404041,0.96,0.8,44,14.696,6.63377148878266,4.75438607453428,27.9487214939173,861.708333333333,63.9583333333333,0,0,0,0,0,0,0,1
65535,2989,0.2,0.157142857142857,1.15714285714286,2.08571428571429,0.328571428571429,0,2.95714285714286,3.1,0.228571428571429,0.642857142857143,0.228571428571429,0.0428571428571429,1.42857142857143,0.671428571428571,0.1,1.17142857142857,0.228571428571429,0.0857142857142857,1.3,0,0.957142857142857,0.757142857142857,2.85714285714286,0.485714285714286,0.228571428571429,2.1,0.385714285714286,28.8571428571429,0.314285714285714,0.385714285714286,2989,3077,0.796520740007147,0.897435897435897,0.673076923076923,44,31.559,12.4971053712411,7.55588995329844,-0.0868544334259536,941.528571428571,64.1714285714286,0,0,0,0,0,0,0,1
65535,3033,0.37037037037037,0.148148148148148,0.222222222222222,0.185185185185185,0.0740740740740741,0.0740740740740741,1.18518518518519,2.51851851851852,0.0740740740740741,1.37037037037037,0.037037037037037,0,2.18518518518519,0.407407407407407,0.148148148148148,0.666666666666667,0.0740740740740741,0.111111111111111,NaN,0.037037037037037,1.85185185185185,0.703703703703704,0.851851851851852,0.518518518518518,0.62962962962963,1.55555555555556,0.296296296296296,11.3333333333333,0.37037037037037,0.111111111111111,3033,1187,0.844918227955657,0.931034482758621,0.675,44,17.235,8.2635763108548,4.42014972193041,16.5660046996041,104.62962962963,65.8518518518518,0.761904761904762,44,3209,0,0,0,0,0
65535,3077,0.212121212121212,0.181818181818182,0.666666666666667,0.454545454545455,0.181818181818182,0.0909090909090909,3.3030303030303,2.63636363636364,0.0303030303030303,1.03030303030303,0.212121212121212,0.0303030303030303,1.03030303030303,0.666666666666667,0.0606060606060606,0.939393939393939,0.0909090909090909,0.0909090909090909,1.06060606060606,0,0.545454545454545,0.424242424242424,5.24242424242424,0.424242424242424,0.333333333333333,2.09090909090909,0.212121212121212,NaN,0.484848484848485,0.121212121212121,3077,1450,0.427701573153953,0.942857142857143,0.785714285714286,44,18.434,6.97886048907226,6.30833156525902,17.3953829619696,1281.57575757576,65.6969696969697,0.476190476190476,44,2593,0,0,0,0,0
65535,3121,0.326923076923077,0.230769230769231,0.826923076923077,0.365384615384615,0.0961538461538462,0.0961538461538462,1.67307692307692,2.71153846153846,0.0576923076923077,0.673076923076923,0.0769230769230769,0.0192307692307692,1.34615384615385,0.442307692307692,0.0961538461538462,0.846153846153846,0.192307692307692,0.0384615384615385,1.19230769230769,0.0384615384615385,0.615384615384615,0.442307692307692,4.17307692307692,0.365384615384615,0.403846153846154,1.44230769230769,0.346153846153846,12.0384615384615,0.307692307692308,0.211538461538462,3121,2286,0.850515127596775,0.981132075471698,0.675324675324675,44,25.092,11.412976115098,6.00266146288597,64.1287315897343,450.307692307692,66.5769230769231,0,0,0,0,0,0,0,1
65535,3165,0.935483870967742,0.193548387096774,0.516129032258065,0.290322580645161,0.032258064516129,0.129032258064516,20.8709677419355,2.19354838709677,0.225806451612903,0.903225806451613,0.129032258064516,0.032258064516129,3.12903225806452,0.387096774193548,0.483870967741936,0.548387096774194,0.0645161290322581,0.258064516129032,1.51612903225806,0.161290322580645,0.838709677419355,0.419354838709677,NaN,0.451612903225806,0.903225806451613,2.48387096774194,0.193548387096774,16.7741935483871,0.290322580645161,0.0967741935483871,3165,1363,0.498503640255952,0.96875,0.861111111111111,44,17.21,6.90388165690718,5.98488943853832,-57.3819453306778,1211.12903225806,68.6451612903226,0.45,44,2417,0,0,0,0,0
65535,3209,0.625,0.25,0.5625,0.40625,0.125,0.03125,1.875,1.59375,0,1.1875,0.21875,0.0625,1.8125,0.625,0.0625,0.65625,0.15625,0.28125,0.96875,0,1.09375,0.46875,0.59375,0.625,1.1875,2.125,0.34375,14.34375,0.28125,0.125,3209,1407,0.798369155481133,0.96969696969697,0.8,44,18.616,8.40501726584364,5.0612351681716,14.509922138775,103.96875,70.15625,0.571428571428571,44,3033,0,0,0,0,1
65535,3253,0.0952380952380952,0.285714285714286,1.95238095238095,0.666666666666667,0.19047619047619,0,4.57142857142857,5.57142857142857,0.142857142857143,1.19047619047619,NaN,0,2.23809523809524,0.80952380952381,0,1.0952380952381,0.0952380952380952,0.0952380952380952,1.0952380952381,0,0.666666666666667,0.666666666666667,4.38095238095238,0.523809523809524,0.428571428571429,2.52380952380952,0.476190476190476,29.2380952380952,0.428571428571429,0.380952380952381,3253,923,0.793550329008044,0.954545454545455,0.875,44,13.935,6.74349044769704,4.10344510769753,15.8180179993138,1271.42857142857,73.4285714285714,0.1875,44,3472,0,0,0,0,0
65535,3297,0.181818181818182,0.121212121212121,1.15151515151515,1.24242424242424,0.121212121212121,0.0303030303030303,3.03030303030303,2.48484848484848,0.121212121212121,0.575757575757576,0.151515151515152,0.0909090909090909,0.818181818181818,0.303030303030303,0.181818181818182,0.757575757575758,0.0303030303030303,0.151515151515152,1.09090909090909,0.0303030303030303,0.818181818181818,0.606060606060606,4.12121212121212,0.606060606060606,0.333333333333333,2.03030303030303,0.151515151515152,18.5757575757576,0.151515151515152,0.515151515151515,3297,1450,0.822942538362454,0.942857142857143,0.6875,44,19.377,8.77947808260787,4.98783760855472,22.933334706607,378.393939393939,74.8181818181818,0,0,0,0,0,0,0,1
65535,3340,0.227272727272727,0.272727272727273,0.954545454545455,0.727272727272727,0.0909090909090909,0.0454545454545455,1.45454545454545,2.5,0.181818181818182,1.13636363636364,0.363636363636364,0.0454545454545455,1.04545454545455,0.636363636363636,0.363636363636364,0.681818181818182,0.0454545454545455,0.181818181818182,1.13636363636364,0,0.681818181818182,0.545454545454545,1.95454545454545,0.681818181818182,0.227272727272727,2.54545454545455,0.545454545454545,19.2727272727273,0.136363636363636,0.272727272727273,3340,967,0.773077523354387,44,0.733333333333333,44,14.696,6.83994661182293,4.33865713953169,22.020982945662,819.636363636364,76.4545454545455,0.294117647058824,44,2813,0,0,0,0,1
65535,3384,0.705882352941177,0.176470588235294,0.852941176470588,0.235294117647059,0.176470588235294,0.176470588235294,1.94117647058824,2.94117647058824,0.147058823529412,2.02941176470588,0.0882352941176471,0.0294117647058824,8.88235294117647,0.823529411764706,0.117647058823529,0.794117647058823,0.176470588235294,0.411764705882353,2.70588235294118,0.0294117647058824,1.58823529411765,0.352941176470588,4.79411764705882,0.647058823529412,0.735294117647059,1.82352941176471,0.323529411764706,11.7941176470588,0.441176470588235,0.352941176470588,3384,1494,0.759282568713589,0.971428571428571,0.85,44,18.434,8.26979527312636,5.38166088810045,0.96563252032515,1067.52941176471,75.9117647058823,0,0,0,0,0,0,0,1
65535,3428,0.333333333333333,0.296296296296296,0.925925925925926,3.14814814814815,0.333333333333333,0.222222222222222,2.22222222222222,3.44444444444444,0.037037037037037,0.296296296296296,0.111111111111111,0.111111111111111,1.48148148148148,0.740740740740741,0.0740740740740741,1.44444444444444,0.111111111111111,0.111111111111111,1.77777777777778,0,0.592592592592593,0.814814814814815,2.33333333333333,0.592592592592593,0.555555555555556,1.85185185185185,0.444444444444444,27.8888888888889,0.185185185185185,0.407407407407407,3428,1187,0.663544089000699,44,0.771428571428571,44,15.548,6.89605362185907,5.15919411833062,0,37097,77.7777777777778,0,0,0,0,0,0,0,0
65535,3472,0.833333333333333,0.266666666666667,0.966666666666667,0.2,0.0333333333333333,0.1,1.43333333333333,3.56666666666667,0.0666666666666667,0.833333333333333,0.1,0.1,2.1,0.233333333333333,0,0.366666666666667,0.1,0.1,1.1,0.0333333333333333,0.9,0.533333333333333,3.76666666666667,0.566666666666667,0.9,1.86666666666667,0.233333333333333,13.5666666666667,0.266666666666667,0.1,3472,1319,0.745425907863925,0.967741935483871,0.857142857142857,44,17.119,7.6760129445432,5.1167418830177,13.3590496385187,1276.9,78.0666666666667,0.15,44,3253,0,0,0,0,1
65535,3516,0.84375,0.5625,0.96875,0.34375,0.25,0.0625,2.125,3.125,0.03125,2.1875,0.25,0.09375,1.46875,0.78125,0.34375,0.65625,0.125,0.1875,1.53125,0,2.59375,0.8125,0.75,0.625,0.53125,3.84375,0.34375,12.15625,0.59375,0.375,3516,1407,0.527178828569583,44,0.761904761904762,44,16.954,7.00597028941493,5.95335384220542,20.2935289502406,155.84375,81.625,0,0,0,0,0,0,0,1
65535,3560,0.467213114754098,0.114754098360656,0.868852459016393,1.14754098360656,0.139344262295082,0.114754098360656,3.04918032786885,2.68032786885246,0.122950819672131,0.934426229508197,0.213114754098361,0.0737704918032787,1.63114754098361,0.770491803278688,0.418032786885246,0.975409836065574,0.0983606557377049,0.188524590163934,1.65573770491803,0.00819672131147541,0.991803278688525,0.778688524590164,1.52459016393443,0.745901639344262,0.352459016393443,3.24590163934426,0.295081967213115,20.0901639344262,0.409836065573771,0.295081967213115,3560,5362,0.753162761510402,0.953125,0.7625,44,41.574,15.8362744885433,10.4176431996968,-80.1937656354288,1367.90163934426,83.7540983606557,0,0,0,0,0,0,0,1
65535,3604,0.217391304347826,0.173913043478261,0.956521739130435,0.869565217391304,0,0.130434782608696,1.73913043478261,1.60869565217391,0.130434782608696,0.739130434782609,0.0434782608695652,0,0.782608695652174,0.347826086956522,0.130434782608696,0.521739130434783,0.0434782608695652,0.0869565217391304,1.65217391304348,0,0.608695652173913,0.565217391304348,0.478260869565217,0.304347826086957,0.304347826086957,3.17391304347826,0.304347826086957,10.5652173913043,0.304347826086957,0.0869565217391304,3604,1011,0.830111750896312,0.958333333333333,0.821428571428571,44,15.159,7.40429007254868,4.12861037386984,4.14289851197687,1165.86956521739,83.695652173913,0,0,0,0,0,0,0,1
65535,3648,0.351351351351351,0.162162162162162,0.702702702702703,0.918918918918919,0.27027027027027,0.027027027027027,2.21621621621622,2.67567567567568,0.135135135135135,0.513513513513513,0.135135135135135,0.0540540540540541,1.24324324324324,0.864864864864865,0.0810810810810811,0.675675675675676,0.0810810810810811,0.0540540540540541,1.18918918918919,0,0.918918918918919,0.486486486486487,2.27027027027027,0.216216216216216,0.432432432432432,1.62162162162162,0.27027027027027,19.5405405405405,0.27027027027027,0.27027027027027,3648,1626,0.671093431003166,0.925,0.770833333333333,44,20.419,8.28818122550125,6.14463200067335,-6.83963251859711,794.081081081081,86.5135135135135,0,0,0,0,0,0,0,1
65535,3692,0.7,0.1,0.3,0.25,0.1,0.05,1.45,2.9,0,NaN,0.05,0.1,1.05,0.4,1.05,0.5,0.05,0.15,3.2,0.05,1.25,0.25,0.55,0.3,0.4,1.75,0.15,10.45,0.05,0.15,3692,879,0.717137165600636,44,0.833333333333333,44,12.736,6.11010092660779,4.25832517937902,0,857.5,87.5,0,0,0,0,0,0,0,0
65535,3736,0.56,0.16,0.92,0.68,0.16,0.04,3.16,3.44,0.12,0.48,0.08,0,1.92,0.48,0.2,0.72,0.12,0.04,0.76,0,0.64,0.6,1.64,0.6,0.92,1.68,0.16,21.92,0.2,0.6,3736,1099,0.931037478024915,0.862068965517241,0.462962962962963,44,19.956,10.238572006916,3.7362962845393,57.8205029121526,44701,87.68,0.434782608695652,44,3956,0,0,0,0,0
65535,3780,0.172413793103448,0.137931034482759,0.793103448275862,0.241379310344828,0.103448275862069,0.137931034482759,1.20689655172414,3.44827586206897,0.103448275862069,0.96551724137931,0.137931034482759,0.137931034482759,1.10344827586207,0.482758620689655,0.137931034482759,0.551724137931034,0.172413793103448,0.137931034482759,1.75862068965517,0,0.655172413793103,0.275862068965517,1.72413793103448,0.413793103448276,0.241379310344828,1.96551724137931,0.103448275862069,11.5172413793103,0.344827586206897,0.241379310344828,3780,1275,0.647491527157613,0.966666666666667,0.69047619047619,44,16.499,7.10650579060339,5.41567369253706,14.5723065521933,80.8965517241379,89.551724137931,0,0,0,0,0,0,0,1
65535,3824,0.580645161290323,0.258064516129032,0.258064516129032,0.354838709677419,0.032258064516129,0.0967741935483871,4.93548387096774,3.35483870967742,0.129032258064516,1.74193548387097,0.0967741935483871,0.0645161290322581,2.2258064516129,1.29032258064516,0.161290322580645,1.19354838709677,0.193548387096774,0.225806451612903,1.48387096774194,0,2.12903225806452,1.2258064516129,0.903225806451613,1.16129032258065,1.87096774193548,3.16129032258065,0.0967741935483871,18.1935483870968,0.516129032258065,0.516129032258065,3824,1363,0.80362790584425,0.939393939393939,0.775,44,17.789,8.32585232613291,4.95498178676575,86.2604105295152,134.612903225806,91.6129032258064,0,0,0,0,0,0,0,1
65535,3868,0.210526315789474,0.197368421052632,1.31578947368421,2.03947368421053,0.184210526315789,0.0526315789473684,3.47368421052632,3.90789473684211,0.276315789473684,0.736842105263158,0.144736842105263,0.0263157894736842,1.73684210526316,0.855263157894737,0.0789473684210526,1.23684210526316,0.105263157894737,0.105263157894737,0.921052631578947,0.0131578947368421,0.881578947368421,0.75,3.61842105263158,0.592105263157895,0.197368421052632,2.63157894736842,0.342105263157895,34.5394736842105,0.5,0.407894736842105,3868,3340,0.882172631512468,0.904761904761905,0.678571428571429,44,33.246,14.9296465062206,7.03076109993461,15.8924654311578,1411.21052631579,93.25,0.238095238095238,44,4176,0,0,0,0,1
65535,3912,1.42,0.18,0.54,0.48,0.12,0.04,1.8,3.4,0,0.82,0.1,0.04,3.56,0.64,0.14,1.02,0.18,0.18,1.3,0.06,0.88,0.62,1.04,0.46,1.46,3.02,0.32,23.46,0.42,0.32,3912,2198,0.70635405864964,0.847457627118644,0.617283950617284,44,25.472,10.0143885116073,7.0887720661095,-36.342223399521,11.56,93.62,0,0,0,0,0,0,0,1
65535,3956,0.0740740740740741,0.185185185185185,0.925925925925926,1.2962962962963,0.037037037037037,0,2.22222222222222,2.55555555555556,0.259259259259259,0.740740740740741,0.148148148148148,0,1.51851851851852,0.37037037037037,0.148148148148148,0.62962962962963,0.037037037037037,0.148148148148148,1.40740740740741,0.037037037037037,0.481481481481481,0.407407407407407,1.7037037037037,0.62962962962963,0.296296296296296,NaN,0.0740740740740741,20.4444444444444,0.333333333333333,0.222222222222222,3956,1187,0.686231884590666,0.964285714285714,0.771428571428571,44,16.011,6.99150611428265,5.08550159560628,72.3518231937188,1017.96296296296,93.7777777777778,0.473684210526316,44,3736,0,0,0,0,0
65535,4000,0.409090909090909,0.0909090909090909,0.681818181818182,0.5,0.181818181818182,0.0909090909090909,1.90909090909091,2.40909090909091,0.0454545454545455,1.04545454545455,0.181818181818182,0.136363636363636,1.27272727272727,0.5,0.227272727272727,0.681818181818182,0.0909090909090909,0.272727272727273,1.22727272727273,0.0454545454545455,0.727272727272727,0.454545454545455,0.318181818181818,0.681818181818182,0.727272727272727,1.86363636363636,0.454545454545455,11.3636363636364,0.272727272727273,0.0454545454545455,4000,967,0.621554001110853,0.956521739130435,0.733333333333333,44,14.878,6.18225465368879,4.84300098352457,12.1635882201206,906.909090909091,96.4090909090909,0,0,0,0,0,0,0,1
65535,4044,0.478260869565217,0.173913043478261,0.652173913043478,0.347826086956522,0,0,2.30434782608696,2.1304347826087,0,0.956521739130435,0.0869565217391304,0,3.1304347826087,0.521739130434783,0.260869565217391,0.956521739130435,0.130434782608696,0,1.82608695652174,0,0.91304347826087,0.391304347826087,4.1304347826087,0.217391304347826,1.60869565217391,1.78260869565217,0.130434782608696,17.5652173913043,0.260869565217391,0.173913043478261,4044,1011,0.804901944478117,0.958333333333333,0.657142857142857,44,14.994,7.17925561463309,4.26022653806263,26.7726409476504,102.739130434783,98.7826086956522,0,0,0,0,0,0,0,1
65535,4088,0.120689655172414,0.146551724137931,1.12931034482759,1.23275862068966,0.137931034482759,0.0689655172413793,2.73275862068966,3.18103448275862,0.172413793103448,0.982758620689655,0.137931034482759,0.172413793103448,1.27586206896552,0.560344827586207,0.112068965517241,1.11206896551724,0.181034482758621,0.129310344827586,0.879310344827586,0.00862068965517241,0.974137931034483,0.543103448275862,2.10344827586207,0.629310344827586,0.310344827586207,2.62931034482759,0.21551724137931,23.4913793103448,0.258620689655172,0.353448275862069,4088,5099,0.805834048192314,0.840579710144927,0.568627450980392,44,43.253,17.1518859908448,10.1563424955302,-20.302310622705,1157.56896551724,99.9741379310345,0.0943396226415094,44,4659,0,0,0,0,1
65535,4132,0.536231884057971,0.217391304347826,0.318840579710145,0.231884057971015,0.072463768115942,0.0579710144927536,1.2463768115942,3.34782608695652,0.101449275362319,1.98550724637681,0.0869565217391304,0.0289855072463768,2.84057971014493,0.521739130434783,0.0579710144927536,0.652173913043478,0.188405797101449,0.101449275362319,1.11594202898551,0.0289855072463768,1.30434782608696,0.550724637681159,2.18840579710145,0.681159420289855,NaN,2.18840579710145,0.188405797101449,9.78260869565217,0.478260869565217,0.144927536231884,4132,3033,0.662634979314331,0.958333333333333,0.784090909090909,44,27.796,10.9975200635933,8.23651028684006,-3.81840656568549,1344.42028985507,98.1304347826087,0,0,0,0,0,0,0,0
65535,4176,0.15,0.1,1.4,0.4,0.15,0.05,1.65,4.15,0.15,1.05,0.05,0.1,1.6,0.9,0.25,0.8,0.05,0,1.55,0,1.05,0.8,1.9,0.5,1.05,2.8,0.45,24.55,0.35,0.3,4176,879,0.717137165600636,44,0.833333333333333,44,12.736,6.11010092660779,4.25832517937902,0,1408.5,99.5,0.6875,44,3868,0,0,0,0,1
65535,4220,1.40740740740741,0.111111111111111,0.555555555555556,0.185185185185185,0.0740740740740741,0.0740740740740741,2.07407407407407,2.55555555555556,0,1.11111111111111,0.037037037037037,0.037037037037037,2.62962962962963,0.185185185185185,0.037037037037037,0.666666666666667,0.111111111111111,0.037037037037037,1.40740740740741,0,0.814814814814815,0.222222222222222,0.925925925925926,0.481481481481481,0.62962962962963,2.25925925925926,0.148148148148148,15.962962962963,0.111111111111111,0.148148148148148,4220,1187,0.799176530919181,0.964285714285714,0.771428571428571,44,16.565,7.74596669241484,4.6560726310571,-21.0375110254218,822.888888888889,100.222222222222,0,0,0,0,0,0,0,1
65535,4264,0.440677966101695,0.288135593220339,0.508474576271186,0.305084745762712,0.0847457627118644,0.0677966101694915,1.23728813559322,2.69491525423729,0.0508474576271186,1.1864406779661,0.11864406779661,0,1.49152542372881,0.576271186440678,0.0508474576271186,0.508474576271186,0.0508474576271186,0.101694915254237,1.67796610169492,0.0169491525423729,1.94915254237288,0.677966101694915,0.915254237288136,0.457627118644068,0.983050847457627,1.71186440677966,0.372881355932203,14.3389830508475,0.440677966101695,0.220338983050847,4264,2593,0.688551873572688,0.967213114754098,0.655555555555556,44,25.58,10.350272540335,7.50588403776907,-29.1330663446514,865.067796610169,100.338983050847,0,0,0,0,0,0,0,1
65535,4307,0.5,0.172413793103448,0.568965517241379,0.224137931034483,0.120689655172414,0.0344827586206897,9.62068965517241,3.60344827586207,0.155172413793103,1.58620689655172,0.0862068965517241,0.0344827586206897,3.31034482758621,1.01724137931034,0.0689655172413793,0.793103448275862,0.120689655172414,0.0862068965517241,1.3448275862069,0.0344827586206897,2.08620689655172,0.637931034482759,1.51724137931034,0.879310344827586,1.41379310344828,2.87931034482759,0.327586206896552,14.4655172413793,0.551724137931034,0.189655172413793,4307,2549,0.667567580600366,0.950819672131147,0.716049382716049,44,25.282,10.2380434740976,7.62272717522055,-50.2922671984586,514.189655172414,104.706896551724,0,0,0,0,0,0,0,1
65535,4351,0.19047619047619,0.0952380952380952,0.904761904761905,0.380952380952381,0.19047619047619,0.0476190476190476,2.23809523809524,2.0952380952381,0.285714285714286,0.857142857142857,0.0952380952380952,0.0476190476190476,1.57142857142857,0.761904761904762,0.0952380952380952,0.428571428571429,0.0476190476190476,0.0952380952380952,1.71428571428571,0,0.666666666666667,0.285714285714286,3.66666666666667,0.619047619047619,0.619047619047619,2.33333333333333,0.19047619047619,19.047619047619,0.238095238095238,0.476190476190476,4351,923,0.695657280639183,0.954545454545455,0.84,44,13.844,6.24083735998566,4.48325418572562,37.9818782660368,32042,4527,0.6875,44,4527,0,0,0,0,0
65535,4395,0.142857142857143,0.224489795918367,0.959183673469388,1.57142857142857,0.0816326530612245,0.0408163265306122,3.71428571428571,3.6734693877551,0.0816326530612245,1.12244897959184,0.163265306122449,0.0612244897959184,1.51020408163265,0.755102040816326,0.0816326530612245,1.14285714285714,0.0612244897959184,0.0816326530612245,1.06122448979592,0.0204081632653061,0.918367346938776,0.63265306122449,2.3265306122449,0.73469387755102,0.448979591836735,3.02040816326531,0.408163265306122,25.7551020408163,0.510204081632653,0.714285714285714,4395,2154,0.912664883985856,0.907407407407407,0.628205128205128,44,27.052,12.7223601579078,5.19973940688099,8.13180155084175,426.816326530612,105.020408163265,0.548387096774194,44,4615,0,0,0,0,1
65535,4439,0.171052631578947,0.184210526315789,1.26315789473684,0.953947368421053,0.0921052631578947,0.0855263157894737,2.90789473684211,3.51315789473684,0.105263157894737,0.743421052631579,0.217105263157895,0.0592105263157895,1.375,0.664473684210526,0.0657894736842105,0.927631578947368,0.111842105263158,0.105263157894737,0.934210526315789,0.0328947368421053,0.855263157894737,0.651315789473684,2.11842105263158,0.651315789473684,0.236842105263158,2.46052631578947,0.309210526315789,23.2171052631579,0.296052631578947,0.296052631578947,4439,6681,0.595825536099288,0.904761904761905,0.678571428571429,44,46.23,16.2467478693408,13.04798898458,-54.2340781559786,1317.35526315789,101.644736842105,0,0,0,0,0,0,0,1
65535,4483,0.6,0.15,0.9,0.35,0.05,0.1,1.5,2.8,0.15,0.5,0.2,0.1,2.35,0.55,0.1,0.7,0.25,0.15,1.35,0.05,1.15,0.3,1.95,0.55,1.4,1.5,0.25,18.3,0.55,0.25,4483,879,0.77023250014818,44,0.833333333333333,44,13.29,6.43580498564395,4.10451956426415,11.1951406425828,110.45,107.65,0,0,0,0,0,0,0,1
65535,4527,0.2,0.15,1.45,0.15,0.025,0.025,1.825,1.85,0.125,1.025,0.125,0.025,1.525,0.45,0.1,0.5,0.225,0.075,1.475,0,1.2,0.475,10.75,0.525,0.6,1.5,0.525,12.025,0.425,0.25,4527,1758,0.625175800236038,0.930232558139535,0.714285714285714,44,20.882,8.25314577495634,6.44144793381014,8.85675739662342,728.375,108.275,0.6,88,4351,4835,0,0,0,1
65535,4571,0.478260869565217,0.0869565217391304,0.456521739130435,0.326086956521739,0.108695652173913,0.0652173913043478,3.5,3.32608695652174,0.0869565217391304,0.565217391304348,0.0434782608695652,0.0869565217391304,1.52173913043478,0.478260869565217,0.152173913043478,0.673913043478261,0.130434782608696,0.173913043478261,0.978260869565217,0.0217391304347826,0.673913043478261,0.369565217391304,0.565217391304348,0.347826086956522,0.434782608695652,1.84782608695652,0.173913043478261,14.0652173913043,0.173913043478261,0.369565217391304,4571,2022,0.77332776883112,0.884615384615385,0.657142857142857,44,24.248,9.89854421683075,6.27574074881706,-7.28710809901937,237.586956521739,109.326086956522,0,0,0,0,0,0,0,1
65535,4615,0.20979020979021,0.20979020979021,1.23776223776224,1.40559440559441,0.146853146853147,0.0979020979020979,3.33566433566434,4.05594405594406,0.132867132867133,0.895104895104895,0.167832167832168,0.013986013986014,1.39160839160839,0.839160839160839,0.0769230769230769,1.24475524475524,0.111888111888112,0.111888111888112,0.888111888111888,0.020979020979021,1.07692307692308,0.629370629370629,2.28671328671329,0.79020979020979,0.258741258741259,2.83916083916084,0.293706293706294,28.3146853146853,0.447552447552448,0.328671328671329,4615,6285,0.630235036250703,0.947019867549669,0.794444444444444,44,42.583,15.5916620088419,12.1054350546809,69.622405083582,430.244755244755,113.076923076923,0.326923076923077,44,4395,0,0,0,0,1
65535,4659,0.475,0.25,1.175,1.125,0.375,0.1,2.7,2.85,0.1,1.075,0.05,0,2.275,0.625,0.05,0.75,0.125,0.25,1.15,0.05,1.2,0.625,1.9,0.75,0.725,NaN,0.325,21.475,0.425,0.175,4659,1758,0.714524914577989,0.930232558139535,0.714285714285714,44,20.51,8.65085311581168,6.05222331340459,28.2215117381271,1163.3,111.4,0.2,44,4088,0,0,0,0,0
65535,4703,0.130434782608696,0.347826086956522,0.695652173913043,0.652173913043478,0.260869565217391,0.173913043478261,1.26086956521739,2.47826086956522,0.0434782608695652,1.04347826086957,0.0434782608695652,0,1.21739130434783,0.652173913043478,0.0869565217391304,0.608695652173913,0.0869565217391304,0.0869565217391304,1.82608695652174,0.0869565217391304,1.04347826086957,0.521739130434783,0.521739130434783,0.521739130434783,0.739130434782609,1.65217391304348,0.565217391304348,13.1739130434783,0.391304347826087,0.217391304347826,4703,1011,0.657606059160767,0.958333333333333,0.766666666666667,44,14.878,6.40199244348014,4.82301769486078,38.2901631922431,385.347826086957,115.173913043478,0,0,0,0,0,0,0,1
65535,4747,0.538461538461538,0.153846153846154,0.653846153846154,0.692307692307692,0.230769230769231,0.0769230769230769,2.11538461538462,2.96153846153846,0.0769230769230769,0.730769230769231,0.153846153846154,0,1.11538461538462,0.384615384615385,0.384615384615385,0.576923076923077,0.0769230769230769,0.230769230769231,2.30769230769231,0,0.884615384615385,0.269230769230769,0.576923076923077,0.0769230769230769,0.461538461538462,1.57692307692308,0.269230769230769,12.1538461538462,0.230769230769231,0.153846153846154,4747,1143,0.707649965623366,44,0.742857142857143,44,15.366,6.98406228847241,4.93468125403685,3.33870108902062,178.038461538462,117.307692307692,0,0,0,0,0,0,0,1
65535,4791,0.24390243902439,0.121951219512195,1.09756097560976,1.07317073170732,0.121951219512195,0.121951219512195,2.63414634146341,2.17073170731707,0.219512195121951,0.609756097560976,0.170731707317073,0.0487804878048781,0.975609756097561,0.439024390243902,0.024390243902439,0.707317073170732,0.0487804878048781,0.121951219512195,1.09756097560976,0.0487804878048781,0.75609756097561,0.585365853658537,2.21951219512195,0.731707317073171,0.365853658536585,2.19512195121951,0.292682926829268,18.6585365853659,0.439024390243902,0.195121951219512,4791,1802,0.577249856742822,0.953488372093023,0.732142857142857,44,20.692,8.20394885518946,6.69907861381244,67.156104277598,683.512195121951,119.121951219512,0.384615384615385,44,5011,0,0,0,0,1
65535,4835,0.488888888888889,0.266666666666667,NaN,0.266666666666667,0.222222222222222,0.155555555555556,1.46666666666667,2.31111111111111,0.266666666666667,1.15555555555556,0.177777777777778,0.0666666666666667,1.62222222222222,0.333333333333333,0.0222222222222222,0.466666666666667,0.155555555555556,0.0222222222222222,1.73333333333333,0.0666666666666667,NaN,0.555555555555556,2.6,0.6,0.511111111111111,2.33333333333333,0.333333333333333,14.8666666666667,0.333333333333333,0.155555555555556,4835,1978,0.688421347967982,0.918367346938776,0.714285714285714,44,23.049,9.14632168466729,6.63392773336048,-7.47232846693721,728.088888888889,117.155555555556,0.0689655172413793,44,4527,0,0,0,0,0
65535,4879,0.387096774193548,0.129032258064516,1.12903225806452,0.451612903225806,0.0645161290322581,0.032258064516129,1.67741935483871,NaN,0.032258064516129,0.903225806451613,0,0.032258064516129,1.2258064516129,0.354838709677419,0.32258064516129,0.838709677419355,0,0,1.12903225806452,0.032258064516129,NaN,0.419354838709677,1.58064516129032,0.32258064516129,0.548387096774194,1.96774193548387,0.161290322580645,18.9032258064516,0.129032258064516,0.32258064516129,4879,1363,0.778806579286387,0.96875,0.775,44,18.153,8.14043201705508,5.1062011580337,9.0748740945003,1314.93548387097,117.935483870968,0,0,0,0,0,0,0,0
65535,4923,0.351351351351351,0.243243243243243,0.459459459459459,0.756756756756757,0.0540540540540541,0.0540540540540541,1.24324324324324,1.43243243243243,0.108108108108108,0.918918918918919,0.108108108108108,0.0810810810810811,1.24324324324324,0.486486486486487,0.0810810810810811,0.324324324324324,0.027027027027027,0.027027027027027,1.24324324324324,0.027027027027027,1.27027027027027,0.432432432432432,0.783783783783784,0.297297297297297,0.864864864864865,2.27027027027027,0.27027027027027,13.5405405405405,0.351351351351351,0.135135135135135,4923,1626,0.866813770568692,0.973684210526316,0.74,44,20.882,9.93828689562386,4.95554802808178,-0.67680906582667,273.72972972973,118.702702702703,0,0,0,0,0,0,0,1
65535,4967,0.419354838709677,0.225806451612903,0.741935483870968,0.612903225806452,0.225806451612903,0.161290322580645,2.06451612903226,3.06451612903226,0.0967741935483871,1.09677419354839,0.0645161290322581,0.0645161290322581,1.87096774193548,0.451612903225806,0.032258064516129,0.806451612903226,0.129032258064516,0.0645161290322581,1.29032258064516,0.0645161290322581,1.32258064516129,0.483870967741936,5.61290322580645,0.419354838709677,0.516129032258065,2.45161290322581,0.225806451612903,19.3225806451613,0.451612903225806,0.193548387096774,4967,1363,0.888888615006111,0.96875,0.688888888888889,44,19.468,9.49699965339888,4.35079756873833,19.0748541227849,1148.77419354839,124.193548387097,0,0,0,0,0,0,0,1
65535,5011,0.358490566037736,0.0754716981132075,0.962264150943396,1.45283018867925,0.283018867924528,0.0377358490566038,3.18867924528302,1.9622641509434,0.0566037735849057,0.547169811320755,0.188679245283019,0.0943396226415094,1.09433962264151,0.528301886792453,0,0.886792452830189,0.0943396226415094,0.132075471698113,1.26415094339623,0.0188679245283019,0.849056603773585,0.716981132075472,2.05660377358491,0.509433962264151,0.320754716981132,2.26415094339623,0.264150943396226,21.9433962264151,0.30188679245283,0.283018867924528,5011,2330,0.58964841912228,0.946428571428571,0.736111111111111,44,23.694,9.30755084544033,7.51733689742913,8.32990360448355,677.622641509434,124.584905660377,0.3,44,4791,0,0,0,0,1
65535,5055,0.25,0.46875,1.1875,1.65625,0.1875,0.09375,3.375,3.125,0.1875,1.15625,0.34375,0.09375,2.1875,0.71875,0.78125,0.9375,0.15625,0.1875,1.40625,0,0.9375,0.53125,4.71875,0.40625,0.40625,2.375,0.25,27.78125,0.21875,0.3125,5055,1407,0.882649988898297,0.914285714285714,0.711111111111111,44,19.658,9.58888523370096,4.50707184783849,7.21211569434143,699.03125,126.84375,0,0,0,0,0,0,0,1
65535,5099,0.435897435897436,0.282051282051282,1.05128205128205,0.897435897435897,0.153846153846154,0,2.38461538461538,1.8974358974359,0.153846153846154,1.1025641025641,0.179487179487179,0,1.43589743589744,0.512820512820513,0.205128205128205,0.384615384615385,0.153846153846154,0.230769230769231,2.07692307692308,0.0512820512820513,1.05128205128205,0.794871794871795,0.666666666666667,0.538461538461538,0.692307692307692,2.30769230769231,0.230769230769231,NaN,0.333333333333333,0.153846153846154,5099,1714,0.617145609723423,0.906976744186046,0.696428571428571,44,20.601,8.1371702947406,6.40272403829019,11.0249705653689,205.717948717949,126.769230769231,0,0,0,0,0,0,0,0
65535,5143,0.1875,0.291666666666667,1.10416666666667,1.10416666666667,0.208333333333333,0.104166666666667,2.33333333333333,2.39583333333333,0.0833333333333333,1.10416666666667,0.166666666666667,0.0416666666666667,1.25,0.541666666666667,0.0833333333333333,0.666666666666667,0.104166666666667,0.0833333333333333,0.875,0.0208333333333333,0.75,0.520833333333333,NaN,0.5,0.416666666666667,2.52083333333333,0.1875,23.4166666666667,0.354166666666667,0.270833333333333,5143,2110,0.880321877995201,0.872727272727273,0.533333333333333,44,27.986,12.4554202903369,5.90856298114654,-33.1314929490546,1331.41666666667,127.895833333333,0,0,0,0,0,0,0,0
65535,5187,0.108108108108108,0.135135135135135,0.783783783783784,2.08108108108108,0.0540540540540541,0.0810810810810811,NaN,2.35135135135135,0.027027027027027,0.783783783783784,0.216216216216216,0.0540540540540541,1.13513513513514,0.540540540540541,0.108108108108108,0.918918918918919,0.0810810810810811,0.027027027027027,NaN,0,0.459459459459459,0.540540540540541,2.27027027027027,0.648648648648649,0.27027027027027,2.91891891891892,0.216216216216216,19.8378378378378,0.27027027027027,0.297297297297297,5187,1626,0.779061195734757,0.902439024390244,0.578125,44,21.734,9.04066890133123,5.66802826682239,36.6620144309848,43.1621621621622,127.324324324324,0.666666666666667,44,5450,0,0,0,0,0
65535,5230,0.150943396226415,0.188679245283019,0.490566037735849,0.849056603773585,0.0566037735849057,0.0943396226415094,2.71698113207547,3.71698113207547,0.113207547169811,0.905660377358491,0.0566037735849057,0.0566037735849057,1.35849056603774,0.716981132075472,0.113207547169811,1.0188679245283,0.150943396226415,0.132075471698113,1.24528301886792,0,1.24528301886792,0.566037735849057,2.75471698113208,0.60377358490566,0.377358490566038,2.26415094339623,0.264150943396226,24.8301886792453,0.339622641509434,0.283018867924528,5230,2330,0.868379929491325,0.913793103448276,0.588888888888889,44,25.952,12.022486398551,5.96194479931924,36.1025686871796,597.433962264151,128.603773584906,0,0,0,0,0,0,0,1
65535,5274,0.188679245283019,0.188679245283019,1.18867924528302,0.962264150943396,0.169811320754717,0.0566037735849057,3.18867924528302,2.71698113207547,0.188679245283019,0.60377358490566,0.0566037735849057,0.0377358490566038,1.58490566037736,0.566037735849057,0.0754716981132075,0.924528301886792,0,0.0943396226415094,1.18867924528302,0.0188679245283019,0.849056603773585,0.641509433962264,3.37735849056604,0.547169811320755,0.245283018867925,1.92452830188679,0.30188679245283,31.2452830188679,0.377358490566038,0.377358490566038,5274,2330,0.59207227454055,0.963636363636364,0.736111111111111,44,23.785,9.35779257837805,7.54130344404917,29.0367511994638,798.924528301887,126.962264150943,0,0,0,0,0,0,0,1
65535,5318,0.25,0.0833333333333333,0.625,1.29166666666667,0.25,0.0833333333333333,1.58333333333333,2.16666666666667,0.125,0.916666666666667,0.25,0,1.625,0.875,0,0.541666666666667,0.166666666666667,0.291666666666667,1.5,0,1.29166666666667,0.916666666666667,0.958333333333333,0.375,0.541666666666667,2.83333333333333,0.333333333333333,11.4166666666667,0.166666666666667,0.208333333333333,5318,1055,0.574717566567462,44,0.8,44,14.142,6.18979878767913,5.06543316906542,19.6048839962283,924.333333333333,129.875,0,0,0,0,0,0,0,1
65535,5362,0.666666666666667,0.0740740740740741,0.518518518518518,0.296296296296296,0.148148148148148,0.111111111111111,1.7037037037037,2.14814814814815,0.0740740740740741,1.51851851851852,0.111111111111111,0.0740740740740741,2.55555555555556,0.296296296296296,0.0740740740740741,0.444444444444444,0.037037037037037,0.222222222222222,1.92592592592593,0,1.2962962962963,0.777777777777778,0.703703703703704,0.444444444444444,1.48148148148148,NaN,0.259259259259259,17.5555555555556,0.444444444444444,0.222222222222222,5362,1187,0.855920771786301,44,0.84375,44,16.747,8.29935865453813,4.29165631915601,7.53794619451328,974.592592592593,129.62962962963,0,0,0,0,0,0,0,0
65535,5406,0.333333333333333,0.372549019607843,0.666666666666667,1.09803921568627,0.117647058823529,0.0392156862745098,2.54901960784314,1.80392156862745,0.0588235294117647,0.96078431372549,0.196078431372549,0.0588235294117647,1.31372549019608,0.725490196078431,0.176470588235294,0.470588235294118,0.156862745098039,0.137254901960784,1.90196078431373,0.0588235294117647,1.07843137254902,0.764705882352941,0.96078431372549,0.549019607843137,0.294117647058824,2.41176470588235,0.392156862745098,12.9411764705882,0.294117647058824,0.117647058823529,5406,2242,0.707865988458916,0.85,0.728571428571429,44,30.517,10.3976811049904,7.34436833809415,75.8240641097819,468.196078431373,5802,0,0,0,0,0,0,0,0
65535,5450,0.1,0.18,1.18,1.9,0.12,0.04,4.04,3.3,0.12,0.88,0.26,0.04,1.08,0.54,0.12,0.96,0.12,0.04,1.1,0.02,0.94,0.78,1.66,0.44,0.38,3.66,0.2,29.94,0.34,0.28,5450,2198,0.696418662508531,0.925925925925926,0.694444444444444,44,23.694,9.593540536895,6.88466750349057,39.0759793271011,45.86,131.82,0.551724137931034,44,5187,0,0,0,0,1
65535,5494,0.256756756756757,0.189189189189189,0.554054054054054,0.418918918918919,0.0540540540540541,0.135135135135135,1.60810810810811,2.40540540540541,0.0810810810810811,1.74324324324324,0.0945945945945946,0.0405405405405405,1.2027027027027,0.527027027027027,0.121621621621622,0.513513513513513,0.162162162162162,0.0810810810810811,1.22972972972973,0,1.62162162162162,0.675675675675676,0.662162162162162,0.702702702702703,0.918918918918919,2.2027027027027,0.243243243243243,10.4864864864865,0.405405405405405,0.175675675675676,5494,3253,0.831735612769039,0.961038961038961,0.685185185185185,44,30.244,13.2705369555376,7.36742959691154,28.0107123140383,79.8378378378378,133.364864864865,0,0,0,0,0,0,0,1
65535,5538,0.241379310344828,0.241379310344828,0.96551724137931,1.55172413793103,0.241379310344828,0.0344827586206897,3.37931034482759,3.6551724137931,0.0689655172413793,0.551724137931034,0.0689655172413793,0.0344827586206897,0.96551724137931,0.551724137931034,0.0689655172413793,0.551724137931034,0.103448275862069,0.172413793103448,1.20689655172414,0,0.758620689655172,0.551724137931034,1.6551724137931,0.620689655172414,0.413793103448276,2.62068965517241,0.448275862068966,20.0344827586207,0.448275862068966,0.241379310344828,5538,1275,0.748852338785711,44,0.828571428571429,44,16.656,7.57096707659746,5.01755911368095,-17.851624641173,12659,133.103448275862,0.7,44,5802,0,0,0,0,0
65535,5582,0.260869565217391,0.173913043478261,0.782608695652174,0.521739130434783,0.0869565217391304,0.173913043478261,2.08695652173913,2.78260869565217,0.0434782608695652,0.91304347826087,0.0869565217391304,0,1.34782608695652,0.521739130434783,0.0434782608695652,0.478260869565217,0.0434782608695652,0.0869565217391304,1.95652173913043,0,1.17391304347826,0.478260869565217,1.26086956521739,0.782608695652174,0.565217391304348,1.60869565217391,0.652173913043478,10.8695652173913,0.608695652173913,0.260869565217391,5582,1011,0.746432796230763,44,0.958333333333333,44,14.671,6.76653363136745,4.50286290579698,6.16124831877629,1274.60869565217,134.565217391304,0,0,0,0,0,0,0,1
65535,5626,0.714285714285714,0.12987012987013,0.506493506493506,0.142857142857143,0.155844155844156,0.0909090909090909,1.25974025974026,3.36363636363636,0.025974025974026,1.22077922077922,0.025974025974026,0.0649350649350649,3.53246753246753,0.714285714285714,0.103896103896104,0.727272727272727,0.0779220779220779,0.103896103896104,0.948051948051948,0.012987012987013,1.87012987012987,0.61038961038961,1.35064935064935,0.662337662337662,1.03896103896104,1.2987012987013,0.246753246753247,14.4285714285714,0.441558441558442,0.207792207792208,5626,3384,0.842576551954429,0.987179487179487,0.846153846153846,44,30.401,13.636719691348,7.34441812688669,6.29285902733481,1423.03896103896,133.74025974026,0,0,0,0,0,0,0,1
65535,5670,0.212121212121212,0.242424242424242,1.18181818181818,1.51515151515152,0.363636363636364,0.0909090909090909,4.21212121212121,3.75757575757576,0.0606060606060606,0.848484848484849,0.151515151515152,0.0909090909090909,1.72727272727273,0.454545454545455,0.121212121212121,0.878787878787879,0.181818181818182,0.151515151515152,1.09090909090909,0.0606060606060606,0.787878787878788,0.696969696969697,4.66666666666667,1.06060606060606,0.272727272727273,2.03030303030303,0.212121212121212,35.9393939393939,0.454545454545455,0.515151515151515,5670,1450,0.593428963537711,0.942857142857143,0.6875,44,19.104,7.54073176457313,6.0694322013109,-75.3257032269277,1069.93939393939,136.060606060606,0.608695652173913,44,6154,0,0,0,0,1
65535,5714,0.205128205128205,0.128205128205128,1.11538461538462,2.02564102564103,0.166666666666667,0.0512820512820513,3.21794871794872,3.37179487179487,0.205128205128205,1.1025641025641,0.217948717948718,0.0512820512820513,1.48717948717949,0.615384615384615,0.0897435897435897,1.34615384615385,0.115384615384615,0.115384615384615,1.19230769230769,0,1.52564102564103,0.730769230769231,1.88461538461538,0.858974358974359,0.217948717948718,3.16666666666667,0.307692307692308,23.6282051282051,0.487179487179487,0.282051282051282,5714,3428,0.288807637439965,0.951219512195122,0.590909090909091,44,31.022,10.4254188207272,9.98116197732945,68.3521893469928,738.564102564103,135.730769230769,0.45,44,6110,0,0,0,0,1
65535,5758,0.157232704402516,0.220125786163522,1.45911949685535,1.24528301886792,0.251572327044025,0.119496855345912,3.86792452830189,3.93081761006289,0.119496855345912,1.0188679245283,0.20125786163522,0.0125786163522013,1.43396226415094,0.943396226415094,0.169811320754717,1.41509433962264,0.106918238993711,0.106918238993711,1.34591194968553,0.0188679245283019,1.0251572327044,0.679245283018868,3.74213836477987,0.660377358490566,0.39622641509434,2.59119496855346,0.270440251572327,26.748427672956,0.389937106918239,0.345911949685535,5758,6989,0.735446053879912,0.70353982300885,0.492260061919505,44,58.892,20.4572090567067,13.8614628197902,68.396501478466,218.157232704403,137.320754716981,0,0,0,0,0,0,0,1
65535,5802,0.0714285714285714,0.214285714285714,0.678571428571429,1.60714285714286,0.142857142857143,0,3.21428571428571,2.96428571428571,0.0357142857142857,0.821428571428571,0.0714285714285714,0.0357142857142857,1.03571428571429,0.392857142857143,0.178571428571429,0.892857142857143,0.107142857142857,0.0714285714285714,1.32142857142857,0.0357142857142857,1.07142857142857,0.607142857142857,3.42857142857143,0.464285714285714,0.321428571428571,2.78571428571429,0.321428571428571,18.5357142857143,0.357142857142857,0.25,5802,1231,0.783766632056284,0.903225806451613,0.7,44,18.062,7.97056479465976,4.95016267001122,2.82101094330412,287.392857142857,137.214285714286,44,88,5538,6285,0,0,0,1
65535,5846,0.45,0.275,0.2,0,0.05,0.075,1.55,3.1,0.075,1.5,0.05,0.075,2.425,0.625,0.075,0.725,0.075,0.025,1.15,0.025,1.65,0.625,5.5,0.65,NaN,NaN,0.225,11.95,0.225,0.325,5846,1758,0.68855340284706,0.909090909090909,0.714285714285714,44,20.973,8.56799313315726,6.21338557767314,30.0305693612034,489.3,137.225,0,0,0,0,0,0,0,0
65535,5890,0.975806451612903,0.0967741935483871,0.330645161290323,0.241935483870968,0.120967741935484,0.153225806451613,1.70967741935484,3.67741935483871,0.0725806451612903,1.64516129032258,0.0887096774193548,0.032258064516129,9.5,0.733870967741936,0.0725806451612903,0.951612903225806,0.17741935483871,0.112903225806452,1.76612903225806,0.0161290322580645,2.12096774193548,0.491935483870968,0.975806451612903,1.25,0.75,2.48387096774194,0.306451612903226,11.4032258064516,0.346774193548387,0.129032258064516,5890,5450,0.542545294725791,0.932330827067669,0.794871794871795,44,40.598,14.0628774571628,11.8131904205729,54.2851645725248,1089.97580645161,138.056451612903,0,0,0,0,0,0,0,1
65535,5934,0.565217391304348,0.130434782608696,0.956521739130435,0.173913043478261,0.173913043478261,0,1.8695652173913,2.65217391304348,0.0434782608695652,0.565217391304348,0.260869565217391,0.217391304347826,1.39130434782609,0.652173913043478,0.478260869565217,0.826086956521739,0,0,1.78260869565217,0,0.91304347826087,0.304347826086957,2.34782608695652,0.391304347826087,0.565217391304348,1.8695652173913,0.130434782608696,16.9565217391304,0.521739130434783,0.434782608695652,5934,1011,0.80407583953305,44,0.821428571428571,44,14.969,7.12572744618345,4.23643550693527,11.4398724010962,1381.34782608696,137.521739130435,0.411764705882353,44,6549,0,0,0,0,1
65535,5978,0.111111111111111,0.185185185185185,0.851851851851852,1.40740740740741,0.222222222222222,0.037037037037037,2.22222222222222,2.48148148148148,0.037037037037037,0.703703703703704,0.37037037037037,0,1.22222222222222,0.333333333333333,0.037037037037037,0.703703703703704,0,0.111111111111111,1.48148148148148,0,0.481481481481481,0.518518518518518,6.48148148148148,0.740740740740741,0.407407407407407,1.96296296296296,0.222222222222222,20.5185185185185,0.222222222222222,0.333333333333333,5978,1187,0.732009314593566,0.964285714285714,0.771428571428571,44,16.011,7.27168602687604,4.95416059035919,-8.83851904282952,1360.07407407407,139.37037037037,0,0,0,0,0,0,0,1
65535,6022,0.458333333333333,0.0833333333333333,0.75,1.125,0.166666666666667,0.0416666666666667,2.29166666666667,2.04166666666667,0.125,0.375,0.0833333333333333,0,0.958333333333333,0.458333333333333,0.0416666666666667,0.708333333333333,0,0.25,1.625,0,0.791666666666667,0.5,1.875,0.333333333333333,0.375,1.45833333333333,0.208333333333333,15.2083333333333,0.25,0.25,6022,1055,0.752885341916771,0.96,0.666666666666667,44,15.647,7.13967971530932,4.69899235138302,-38.5563624688805,129.625,140.458333333333,0,0,0,0,0,0,0,1
65535,6066,0.952380952380952,0.333333333333333,1.02380952380952,0.833333333333333,0.0714285714285714,0.119047619047619,7.09523809523809,3.54761904761905,0.214285714285714,1.30952380952381,0.285714285714286,0.166666666666667,1.83333333333333,0.595238095238095,0.0952380952380952,1.02380952380952,0.119047619047619,0.19047619047619,1.95238095238095,0,1.23809523809524,0.69047619047619,1.78571428571429,0.523809523809524,0.880952380952381,2.47619047619048,0.261904761904762,24.1190476190476,0.547619047619048,0.333333333333333,6066,1846,0.686540851131763,0.954545454545455,0.75,44,20.692,8.69269594371194,6.3203830035692,35.6648615664812,645.785714285714,140.857142857143,0.5,88,6417,6813,0,0,0,1
65535,6110,0.109090909090909,0.2,NaN,1.94545454545455,0.109090909090909,0.0909090909090909,2.89090909090909,3.67272727272727,0.218181818181818,0.890909090909091,0.218181818181818,0.0727272727272727,1.50909090909091,0.8,0.0909090909090909,1.81818181818182,0.163636363636364,0.163636363636364,1.12727272727273,0.0363636363636364,1.50909090909091,0.581818181818182,2.38181818181818,0.818181818181818,0.254545454545455,3.69090909090909,0.381818181818182,24.8363636363636,0.527272727272727,0.2,6110,2417,0.882071814563065,0.948275862068966,0.654761904761905,44,26.779,12.3842457354996,5.83440354494746,23.1267802479749,744.709090909091,139.927272727273,0.484848484848485,44,5714,0,0,0,0,0
65535,6154,0.209090909090909,0.181818181818182,1.17272727272727,1.78181818181818,0.127272727272727,0.0272727272727273,3.64545454545455,3.92727272727273,0.118181818181818,0.918181818181818,0.1,0.0909090909090909,2.01818181818182,0.709090909090909,0.127272727272727,1.24545454545455,0.0636363636363636,0.1,1.39090909090909,0.0454545454545455,1.03636363636364,0.554545454545455,4.00909090909091,0.772727272727273,0.209090909090909,2.8,0.409090909090909,32.4636363636364,0.363636363636364,0.272727272727273,6154,4835,0.907644710745583,0.887096774193548,0.763888888888889,44,42.12,18.7264334543864,7.8602200493652,0.365586289936864,1060.85454545455,140.145454545455,0.549019607843137,88,5670,6593,0,0,0,1
65535,6197,0.837837837837838,0.27027027027027,0.675675675675676,0.216216216216216,0.162162162162162,0.0810810810810811,2.86486486486486,4.35135135135135,0.0810810810810811,0.918918918918919,0.027027027027027,0.027027027027027,1.81081081081081,0.594594594594595,0.108108108108108,0.648648648648649,0.216216216216216,0.108108108108108,0.72972972972973,0,0.486486486486487,0.27027027027027,0.918918918918919,0.648648648648649,0.486486486486487,1.94594594594595,0.513513513513513,11.7027027027027,0.378378378378378,0.243243243243243,6197,1626,0.562299243358126,0.86046511627907,0.660714285714286,44,22.379,8.15364289896842,6.74252315937796,64.5438388891856,1183.83783783784,140.189189189189,0.444444444444444,44,6461,0,0,0,0,1
65535,6241,0.285714285714286,0,0.380952380952381,0.619047619047619,0.19047619047619,0.0476190476190476,1.19047619047619,NaN,0.0476190476190476,0.952380952380952,0.0476190476190476,0.0476190476190476,1.52380952380952,0.619047619047619,0.142857142857143,0.857142857142857,0.0476190476190476,0.0952380952380952,1.47619047619048,0.0476190476190476,0.666666666666667,0.476190476190476,1.38095238095238,0.428571428571429,0.476190476190476,1.61904761904762,0.666666666666667,10.8095238095238,0.238095238095238,0.0476190476190476,6241,923,0.924387867513011,0.75,0.583333333333333,44,19.377,9.70782160226097,3.70308631613583,-9.68278820859162,26.047619047619,141.47619047619,0,0,0,0,0,0,0,0
65535,6285,0.189655172413793,0.224137931034483,1.1551724137931,1.72413793103448,0.172413793103448,0.0517241379310345,4.1551724137931,3.18965517241379,0.0689655172413793,0.775862068965517,0.241379310344828,0.0172413793103448,1.3448275862069,0.793103448275862,0.0689655172413793,0.827586206896552,0.0862068965517241,0.0517241379310345,1.08620689655172,0,0.793103448275862,0.827586206896552,2.05172413793103,0.603448275862069,0.53448275862069,3.08620689655172,0.448275862068966,26.6724137931034,0.327586206896552,0.293103448275862,6285,2549,0.84844033772108,0.878787878787879,0.604166666666667,44,28.929,12.163581085613,6.43807434852993,19.9773167396294,282.465517241379,142.51724137931,0.764705882352941,88,5802,6681,0,0,0,1
65535,6329,0.434782608695652,0.173913043478261,0.782608695652174,0.760869565217391,0.217391304347826,0.0652173913043478,2.93478260869565,3.8695652173913,0.108695652173913,0.891304347826087,0.217391304347826,0.0434782608695652,1.93478260869565,0.608695652173913,0.0652173913043478,0.717391304347826,0.108695652173913,0.0652173913043478,1.58695652173913,0.0217391304347826,1.04347826086957,0.826086956521739,2.26086956521739,0.565217391304348,0.717391304347826,2.69565217391304,0.152173913043478,22.6304347826087,0.521739130434783,0.260869565217391,6329,2022,0.780639792943479,0.958333333333333,0.766666666666667,44,21.916,9.77645539166445,6.11010092660779,0,1267.39130434783,143.5,0.392857142857143,44,6505,0,0,0,0,1
65535,6373,0.818181818181818,0.272727272727273,0.818181818181818,0.272727272727273,0.0454545454545455,0.0454545454545455,2.04545454545455,3.81818181818182,0.136363636363636,1.27272727272727,0.136363636363636,0.0909090909090909,2.45454545454545,0.590909090909091,0.136363636363636,0.590909090909091,0.363636363636364,0.0909090909090909,1.59090909090909,0.0454545454545455,0.909090909090909,0.545454545454545,NaN,0.727272727272727,1.72727272727273,2.09090909090909,0.318181818181818,20.5,0.181818181818182,0.318181818181818,6373,967,0.774703109060773,0.956521739130435,0.733333333333333,44,14.051,6.79067472956875,4.29391440349295,31.656261064971,76.3636363636364,6329,0,0,0,0,0,0,0,0
65535,6417,0.18,0.06,0.98,1.8,0.1,0.08,3.2,2.44,0.2,NaN,0.28,0.12,1.08,0.98,0.1,1.3,0.06,0.14,1.06,0,NaN,0.8,1.86,0.54,0.22,3.1,0.4,22.96,0.32,0.38,6417,2198,0.389395120342773,0.909090909090909,0.617283950617284,44,24.546,8.74323090844984,8.05313479014191,-22.9362285614511,640.34,6373,0.774193548387097,88,6066,6813,0,0,0,0
65535,6461,0.911764705882353,0.176470588235294,0.529411764705882,0.294117647058824,0.117647058823529,0.176470588235294,1.5,3.91176470588235,0.117647058823529,1.02941176470588,0.0882352941176471,0.0294117647058824,1.61764705882353,0.5,0.0588235294117647,0.794117647058823,0.0882352941176471,0.0588235294117647,1.82352941176471,0.0588235294117647,1.08823529411765,0.411764705882353,NaN,0.382352941176471,0.676470588235294,2.64705882352941,0.5,13.6764705882353,0.294117647058824,0.264705882352941,6461,1494,0.749512912450917,0.918918918918919,0.708333333333333,44,19.195,8.26407112739667,5.47073016092011,7.3991352525105,1186.82352941176,144.764705882353,0.608695652173913,44,6197,0,0,0,0,0
65535,6505,0.25,0.125,1.33333333333333,0.5,0.166666666666667,0.0416666666666667,2.16666666666667,2.45833333333333,0.0833333333333333,1.29166666666667,0.125,0,1.33333333333333,0.791666666666667,0.125,0.583333333333333,0.125,0.0833333333333333,1.20833333333333,0,1.125,0.291666666666667,7.33333333333333,0.583333333333333,0.541666666666667,2.83333333333333,0.291666666666667,13.5833333333333,0.375,0.5,6505,1055,0.834087140117498,0.96,0.75,44,16.747,7.72216797181935,4.25980041701313,2.45828300300501,1274.16666666667,145.666666666667,0.555555555555556,44,6329,0,0,0,0,1
65535,6549,0.212765957446809,0.276595744680851,1.14893617021277,1.4468085106383,0.170212765957447,0.127659574468085,3.23404255319149,3.19148936170213,0.0425531914893617,1.40425531914894,0.170212765957447,0.0638297872340425,1.38297872340426,0.595744680851064,0.340425531914894,0.765957446808511,0.234042553191489,0.106382978723404,1.19148936170213,0.0212765957446809,1.25531914893617,0.808510638297872,3.14893617021277,0.276595744680851,0.25531914893617,2.51063829787234,0.382978723404255,23.3829787234043,0.319148936170213,0.170212765957447,6549,2066,0.571700774600586,0.94,0.734375,44,22.288,8.67502161667191,7.11752733489522,-17.5844718920506,1382.65957446809,144.425531914894,0.703703703703704,88,5934,6769,0,0,0,1
65535,6593,0.333333333333333,0.333333333333333,0.703703703703704,1.22222222222222,0.111111111111111,0.333333333333333,2.18518518518519,3.25925925925926,0.148148148148148,1.07407407407407,0.444444444444444,0.111111111111111,3.07407407407407,0.851851851851852,0.185185185185185,1.11111111111111,0.111111111111111,0.0740740740740741,1.51851851851852,0.111111111111111,1.59259259259259,0.481481481481481,3.11111111111111,0.703703703703704,0.518518518518518,3.62962962962963,0.37037037037037,23.3703703703704,0.555555555555556,0.555555555555556,6593,1187,0.855923265362374,44,0.84375,44,16.565,8.25334020767923,4.26782579395249,2.64968723618365,1060.59259259259,145.555555555556,0.85,44,6154,0,0,0,0,1
65535,6637,0.0964912280701754,0.315789473684211,1.02631578947368,0.842105263157895,0.105263157894737,0.0964912280701754,2.91228070175439,3.8859649122807,0.192982456140351,0.964912280701754,0.236842105263158,0.0964912280701754,1.3859649122807,1.07017543859649,0.105263157894737,1.07894736842105,0.149122807017544,0.0526315789473684,1.21052631578947,0.0350877192982456,0.903508771929825,0.649122807017544,2.54385964912281,0.789473684210526,0.333333333333333,2.42982456140351,0.324561403508772,26.0175438596491,0.394736842105263,0.254385964912281,6637,5011,0.795877025063199,0.802816901408451,0.548076923076923,44,43.65,16.5895545686973,10.0442836156667,-13.238732854576,984.359649122807,145.149122807018,0,0,0,0,0,0,0,1
65535,6681,0.423076923076923,0.307692307692308,0.653846153846154,1.42307692307692,0.0384615384615385,0.192307692307692,1.88461538461538,3.26923076923077,0.0384615384615385,0.769230769230769,0,0.0384615384615385,1.69230769230769,0.423076923076923,0.153846153846154,0.5,0.0384615384615385,0.0769230769230769,1.30769230769231,0.0384615384615385,1.11538461538462,0.807692307692308,1.38461538461538,0.538461538461538,0.769230769230769,3.15384615384615,0.346153846153846,19.1923076923077,0.384615384615385,0.269230769230769,6681,1143,0.725490324632884,0.962962962962963,0.742857142857143,44,16.102,7.13162686979477,4.9082164301635,25.6226263393385,279.576923076923,147.730769230769,0.736842105263158,44,6285,0,0,0,0,1
65535,6725,0.13215859030837,0.180616740088106,1.12775330396476,1.61233480176211,0.154185022026432,0.0837004405286344,2.8942731277533,3.18061674008811,0.118942731277533,0.841409691629956,0.101321585903084,0.0440528634361234,1.27312775330396,0.814977973568282,0.110132158590308,1.10132158590308,0.180616740088106,0.105726872246696,1.12334801762115,0.0220264317180617,0.876651982378855,0.651982378854626,2.19823788546256,0.845814977973568,0.215859030837004,2.92511013215859,0.237885462555066,27.7665198237885,0.444933920704846,0.334801762114537,6725,9977,0.447946679155141,0.93801652892562,0.700617283950617,44,54.393,18.2829637825467,16.3460715996403,-23.7373139049477,928.127753303965,147.356828193833,0.313432835820896,44,6945,0,0,0,0,1
65535,6769,0.114285714285714,0.257142857142857,1.48571428571429,1.34285714285714,0.114285714285714,0.142857142857143,3.08571428571429,2.74285714285714,0.171428571428571,0.771428571428571,0.142857142857143,0.0857142857142857,2.11428571428571,0.742857142857143,0.0857142857142857,0.771428571428571,0.142857142857143,0.142857142857143,1.02857142857143,0,1.31428571428571,0.771428571428571,2.8,0.485714285714286,0.485714285714286,2.48571428571429,0.285714285714286,23.8571428571429,0.6,0.342857142857143,6769,1538,0.407241627812545,0.921052631578947,0.714285714285714,44,19.195,7.18634240665623,6.56343352865272,-33.3203944896825,1380.6,149.971428571429,44,88,6549,6989,0,0,0,1
65535,6813,0.0821917808219178,0.246575342465753,1.15068493150685,1.42465753424658,0.150684931506849,0.0958904109589041,2.98630136986301,3.34246575342466,0.123287671232877,0.863013698630137,0.10958904109589,0.0684931506849315,1.36986301369863,0.493150684931507,0.0547945205479452,NaN,0.150684931506849,0.123287671232877,1.02739726027397,0.136986301369863,0.821917808219178,0.506849315068493,1.82191780821918,1.01369863013699,0.232876712328767,2.57534246575342,0.397260273972603,23.9315068493151,0.36986301369863,0.26027397260274,6813,3209,0.66241591284276,0.973333333333333,0.73,44,29.202,11.3231275284747,8.4825655772139,33.7279366478257,643.684931506849,151.150684931507,0.828571428571429,132,6066,6417,7033,0,0,0
65535,6857,0.314285714285714,0.2,0.685714285714286,0.428571428571429,0.171428571428571,0.0571428571428571,2.08571428571429,4.17142857142857,0.142857142857143,0.914285714285714,0.0571428571428571,0.0571428571428571,1.65714285714286,0.685714285714286,0.0857142857142857,0.857142857142857,0.0571428571428571,0.142857142857143,0.8,0,1.08571428571429,0.4,0.885714285714286,0.828571428571429,0.6,2.4,0.257142857142857,16.5142857142857,0.171428571428571,0.257142857142857,6857,1538,0.625502309078718,0.921052631578947,0.714285714285714,44,19.013,7.69020696022073,6.00007107986185,28.7470399959093,958.085714285714,155.114285714286,0,0,0,0,0,0,0,1
65535,6901,0.416666666666667,0.138888888888889,0.861111111111111,0.472222222222222,0.277777777777778,0.111111111111111,1.83333333333333,2.25,0.277777777777778,1.44444444444444,0.0555555555555556,0.0277777777777778,1.22222222222222,0.611111111111111,0.166666666666667,0.583333333333333,0.138888888888889,0.138888888888889,1.61111111111111,0,1.75,0.555555555555556,0.555555555555556,0.388888888888889,0.583333333333333,2.66666666666667,0.222222222222222,9.58333333333333,0.194444444444444,0.138888888888889,6901,1582,0.452530951020482,0.972972972972973,0.73469387755102,44,18.823,7.29762998264916,6.50765202726337,-70.9942448649916,40.5555555555556,155.222222222222,0,0,0,0,0,0,0,1
65535,6945,0.324324324324324,0.135135135135135,0.756756756756757,1.72972972972973,0.216216216216216,0.162162162162162,2.72972972972973,3.83783783783784,0.135135135135135,0.837837837837838,0.0810810810810811,0.0540540540540541,1.2972972972973,0.810810810810811,0.108108108108108,0.972972972972973,0.216216216216216,0.0540540540540541,1.18918918918919,0.027027027027027,1.21621621621622,0.648648648648649,1.54054054054054,0.72972972972973,0.405405405405405,NaN,0.459459459459459,NaN,0.405405405405405,0.324324324324324,6945,1626,0.874525074884365,0.925,0.616666666666667,44,22.652,10.1714164117521,4.93293660387841,20.8294205350965,931.837837837838,155.864864864865,0.807692307692308,44,6725,0,0,0,0,0
65535,6989,0.170731707317073,0.219512195121951,1.07317073170732,1.80487804878049,0.195121951219512,0.170731707317073,2.97560975609756,3.31707317073171,0.170731707317073,0.682926829268293,0.24390243902439,0.024390243902439,1.51219512195122,0.731707317073171,0.146341463414634,0.804878048780488,0.0975609756097561,0.0731707317073171,1.21951219512195,0.024390243902439,1.07317073170732,0.878048780487805,2.04878048780488,0.48780487804878,0.292682926829268,2.65853658536585,0.24390243902439,20.3658536585366,0.268292682926829,0.219512195121951,6989,1802,0.502639573224135,0.911111111111111,0.836734693877551,44,21.527,7.98669851223919,6.90446949635477,-29.854730554821,1380.82926829268,155.975609756098,0.84,88,6769,7164,0,0,0,1
65535,7033,0.159420289855072,0.217391304347826,1.40579710144928,1.91304347826087,0.231884057971015,0.072463768115942,4.10144927536232,3.44927536231884,0.173913043478261,0.826086956521739,0.217391304347826,0.101449275362319,1.6231884057971,0.63768115942029,0.159420289855072,1.27536231884058,0.0869565217391304,0.144927536231884,1.2463768115942,0.0144927536231884,1.10144927536232,0.608695652173913,2.40579710144928,0.768115942028985,0.231884057971015,3.31884057971015,0.289855072463768,28.9565217391304,0.347826086956522,0.304347826086957,7033,3033,0.85237942654822,0.873417721518987,0.663461538461538,44,31.443,13.6478899127019,7.13680661943776,-3.599215629024,639.478260869565,157.376811594203,0.459459459459459,44,6813,0,0,0,0,1
65535,7077,0.52,0.2,0.56,0.28,0.04,0.04,1.48,2.08,0.16,0.76,0.12,0.04,1.36,0.36,0.12,0.44,0.16,0.12,0.68,0,0.92,0.24,0.28,0.28,0.48,1.64,0.16,10.84,0.44,0.24,7077,1099,0.752553607041816,0.961538461538462,0.714285714285714,44,15.275,7.08625802438888,4.66652053230786,16.101099998576,816.04,158.84,0,0,0,0,0,0,0,1
65535,7121,0.32,0.2,0.72,0.24,0.04,0.04,0.92,3.08,0.04,0.76,0,0.08,1.2,0.68,0.12,0.48,0,0,1.24,0,0.72,0.36,0.84,0.6,0.36,1.56,0.12,8.04,0.24,0.04,7121,1099,0.701166108442608,0.961538461538462,0.714285714285714,44,15.457,6.82948784677663,4.86941089017932,9.78388429064473,329.64,7033,0,0,0,0,0,0,0,0
65535,7164,0.103448275862069,0.0689655172413793,1.3448275862069,1.79310344827586,0.137931034482759,0.137931034482759,2.58620689655172,3.10344827586207,0,0.241379310344828,0.172413793103448,0.0689655172413793,0.931034482758621,0.482758620689655,0.172413793103448,1.31034482758621,0.137931034482759,0.0344827586206897,0.827586206896552,0,0.827586206896552,0.517241379310345,1.89655172413793,0.862068965517241,0.379310344827586,2.31034482758621,0.206896551724138,27.2758620689655,0.344827586206897,0.241379310344828,7164,1275,0.936492954031239,0.878787878787879,0.725,44,21.039,10.8526522451642,3.80587748294298,6.46013315470962,1387.89655172414,159.689655172414,0.347826086956522,44,6989,0,0,0,0,1
65535,7208,0.0882352941176471,0.117647058823529,0.852941176470588,1.08823529411765,0.0588235294117647,0.117647058823529,2.58823529411765,2.5,0.0294117647058824,0.852941176470588,0.117647058823529,0.0588235294117647,1.08823529411765,0.676470588235294,0.147058823529412,0.705882352941177,0.0882352941176471,0.117647058823529,0.911764705882353,0,0.941176470588235,0.617647058823529,2.26470588235294,0.441176470588235,0.441176470588235,2.29411764705882,0.294117647058824,23.2352941176471,0.323529411764706,0.382352941176471,7208,1494,0.850931019251084,0.918918918918919,0.68,44,20.601,9.30209319594805,4.886179802465,10.1061788123979,749.823529411765,7164,0,0,0,0,0,0,0,0
65535,7252,0.185185185185185,0.0740740740740741,0.925925925925926,0.703703703703704,0,0.037037037037037,3.51851851851852,2.85185185185185,0.0740740740740741,0.62962962962963,0.185185185185185,0,1.18518518518519,0.703703703703704,0.111111111111111,1.11111111111111,0.111111111111111,0.0740740740740741,1.66666666666667,0,1.03703703703704,0.777777777777778,1.40740740740741,0.407407407407407,0.444444444444444,2.48148148148148,0.37037037037037,15.0740740740741,0.37037037037037,0.444444444444444,7252,1187,0.559767277232534,0.964285714285714,0.75,44,15.457,6.53857505854134,5.41818932604055,50.2867617092804,1283.40740740741,162.555555555556,0.7,44,7604,0,0,0,0,1
65535,7296,0.2,0.1,0.9,0.9,0.225,0.125,1.85,2.7,0.1,0.525,0.1,0,1.15,0.6,0.05,0.9,0.15,0.125,NaN,0.025,0.7,0.425,3.2,0.225,0.325,1.625,0.25,22.025,0.375,0.25,7296,1758,0.437816193770636,0.909090909090909,0.714285714285714,44,21.337,7.77118585110178,6.98679734458515,72.3174669980282,389.375,165.225,0,0,0,0,0,0,0,0
65535,7340,0.121951219512195,0.219512195121951,1.1219512195122,1.39024390243902,0.195121951219512,0.0731707317073171,NaN,3.21951219512195,0.219512195121951,0.902439024390244,0.341463414634146,0,1.51219512195122,0.585365853658537,0.0487804878048781,0.682926829268293,0.0487804878048781,0.146341463414634,1.09756097560976,0,1.04878048780488,0.658536585365854,2.63414634146341,0.634146341463415,0.170731707317073,3.09756097560976,0.292682926829268,28.4878048780488,0.51219512195122,0.365853658536585,7340,1802,0.919338646870378,0.891304347826087,0.455555555555556,44,25.671,12.2497975258051,4.81989376490355,44.7118967419153,1372.48780487805,165.024390243902,0.787878787878788,44,7736,0,0,0,0,0
65535,7384,0.238095238095238,0.19047619047619,0.857142857142857,0.666666666666667,0.0952380952380952,0.0476190476190476,1.28571428571429,2.42857142857143,0.0952380952380952,1.47619047619048,0.0476190476190476,0,1.19047619047619,0.428571428571429,0.19047619047619,0.380952380952381,0.0476190476190476,0.19047619047619,2.33333333333333,0.0476190476190476,1.04761904761905,1.04761904761905,0.523809523809524,0.619047619047619,0.571428571428571,2.47619047619048,0.285714285714286,12.7142857142857,0.380952380952381,0.19047619047619,7384,923,0.793550329008044,44,0.875,44,13.935,6.74349044769705,4.10344510769753,15.8180179993138,429.571428571429,166.571428571429,0,0,0,0,0,0,0,1
65535,7428,0.694444444444444,0.138888888888889,1.19444444444444,0.0833333333333333,0.111111111111111,0.111111111111111,1.69444444444444,4.44444444444444,0.0555555555555556,1.41666666666667,0.222222222222222,0.111111111111111,2.36111111111111,0.666666666666667,0.388888888888889,0.777777777777778,0.0833333333333333,0.194444444444444,1.08333333333333,0,0.888888888888889,0.638888888888889,1.52777777777778,0.777777777777778,0.444444444444444,2.69444444444444,0.361111111111111,17.2222222222222,0.277777777777778,0.277777777777778,7428,1582,0.707688183377859,0.972972972972973,0.75,44,18.55,8.1591351054208,5.7646321189901,14.6303367432227,1025.66666666667,167.388888888889,0,0,0,0,0,0,0,1
65535,7472,0.271186440677966,0.0847457627118644,0.915254237288136,0.576271186440678,0.254237288135593,0.11864406779661,2.49152542372881,2.77966101694915,0.152542372881356,NaN,0.169491525423729,0.0338983050847458,2.45762711864407,0.847457627118644,0.0677966101694915,0.88135593220339,0.0677966101694915,0.0847457627118644,1.20338983050847,0.0508474576271186,0.830508474576271,0.711864406779661,1.49152542372881,0.711864406779661,0.203389830508475,2.59322033898305,0.423728813559322,20.5084745762712,0.305084745762712,0.23728813559322,7472,2593,0.801492301749167,0.893939393939394,0.766233766233766,44,28.35,11.5117906227808,6.88410941218264,-2.44065180106354,1071.74576271186,166.423728813559,0.28125,44,7824,0,0,0,0,0
65535,7516,0.523809523809524,0.238095238095238,0.571428571428571,0.571428571428571,0.0952380952380952,0.0476190476190476,NaN,1.80952380952381,0.0952380952380952,1.76190476190476,0.142857142857143,0.0476190476190476,1.14285714285714,0.285714285714286,0.238095238095238,0.380952380952381,0,0.0952380952380952,1.71428571428571,0,1.14285714285714,0.285714285714286,0.238095238095238,0.428571428571429,0.523809523809524,2.52380952380952,0.238095238095238,10.2380952380952,0.0952380952380952,0.0476190476190476,7516,923,0.73496450927458,44,0.875,44,13.381,6.36380931210564,4.31533456930668,7.20249820514167,615.619047619048,169.428571428571,0,0,0,0,0,0,0,0
65535,7560,0.821428571428571,0.285714285714286,0.785714285714286,0.392857142857143,0.142857142857143,0.0714285714285714,1.35714285714286,3.03571428571429,0.0714285714285714,0.785714285714286,0.107142857142857,0.0714285714285714,NaN,0.464285714285714,0.0714285714285714,0.464285714285714,0.0714285714285714,0.107142857142857,0.857142857142857,0,0.857142857142857,0.607142857142857,1.07142857142857,0.5,0.714285714285714,2.25,0.178571428571429,15.5357142857143,0.321428571428571,0.0357142857142857,7560,1231,0.85157174829362,0.933333333333333,0.7,44,18.062,8.53426980640402,4.47398916041993,10.4114665001499,1085.82142857143,168.714285714286,0.666666666666667,44,7912,0,0,0,0,0
65535,7604,0.152542372881356,0.169491525423729,0.677966101694915,1.06779661016949,0.0847457627118644,0.152542372881356,3.45762711864407,3.30508474576271,0.135593220338983,0.728813559322034,0.288135593220339,0.101694915254237,1.38983050847458,0.915254237288136,0.0508474576271186,0.779661016949153,0.0677966101694915,0.11864406779661,1.38983050847458,0.0169491525423729,0.864406779661017,0.610169491525424,1.77966101694915,0.423728813559322,0.372881355932203,2.05084745762712,0.220338983050847,21.3389830508475,0.203389830508475,0.355932203389831,7604,2593,0.311934738976757,0.867647058823529,0.59,44,29.508,9.25275521473182,8.79107539613008,-14.9234154874787,1283.49152542373,169.28813559322,44,132,7252,7692,7956,0,0,1
65535,7648,0.62962962962963,0.037037037037037,0.444444444444444,0.185185185185185,0,0.0925925925925926,1.57407407407407,2.44444444444444,0.037037037037037,0.851851851851852,0.037037037037037,0.0185185185185185,5.09259259259259,0.462962962962963,0.148148148148148,0.62962962962963,0.240740740740741,0.12962962962963,1.25925925925926,0.0185185185185185,0.981481481481482,0.407407407407407,1.40740740740741,0.574074074074074,1.07407407407407,1.24074074074074,0.111111111111111,11.6481481481481,0.259259259259259,0.12962962962963,7648,2374,0.758525184401647,0.771428571428571,0.490909090909091,44,34.371,12.1558965414128,7.92131370572697,58.8613591286884,6769,167.481481481482,0,0,0,0,0,0,0,0
65535,7692,0.418604651162791,0.186046511627907,1.25581395348837,0.581395348837209,0.232558139534884,0.0465116279069767,2.34883720930233,2.88372093023256,0.116279069767442,0.534883720930233,0.0232558139534884,0.0465116279069767,0.790697674418605,0.372093023255814,0.13953488372093,0.674418604651163,0.13953488372093,0.0465116279069767,1.34883720930233,0.0465116279069767,0.558139534883721,0.720930232558139,NaN,0.465116279069767,0.209302325581395,1.09302325581395,0.209302325581395,16.5813953488372,0.395348837209302,0.116279069767442,7692,1890,0.647912405984194,44,0.895833333333333,44,20.667,8.59302856593954,6.54543747339266,-2.88394444895708,1275.72093023256,170.348837209302,0.416666666666667,44,7604,0,0,0,0,0
65535,7736,0.096,0.168,1.16,1.728,0.224,0.168,2.808,2.544,0.112,1.224,0.12,0.048,1.128,0.568,0.096,0.768,0.048,0.112,1.224,0.008,1.136,0.728,7.704,0.632,0.224,3.328,0.392,24.24,0.496,0.304,7736,5494,0.697044166420579,0.856164383561644,0.641025641025641,44,44.469,15.5564099941859,11.154384553146,35.216017666091,1374.728,171.536,0.923076923076923,132,7340,7868,8175,0,0,1
65535,7780,0.490566037735849,0.320754716981132,0.69811320754717,0.283018867924528,0.0754716981132075,0.132075471698113,1.43396226415094,4.56603773584906,0.0188679245283019,1.09433962264151,0.113207547169811,0.0566037735849057,1.86792452830189,0.566037735849057,2.0188679245283,0.509433962264151,0.132075471698113,0.169811320754717,2.71698113207547,0.0188679245283019,0.735849056603774,0.490566037735849,2.86792452830189,0.566037735849057,0.433962264150943,1.64150943396226,0.264150943396226,15.1320754716981,0.245283018867925,0.358490566037736,7780,2330,0.832121354119999,0.854838709677419,0.630952380952381,44,28.648,11.3445388623295,6.29160855448178,8.48432082274047,646.830188679245,171.547169811321,0.193548387096774,44,8044,0,0,0,0,1
65535,7824,0.595744680851064,0.170212765957447,0.48936170212766,0.553191489361702,0.170212765957447,0.106382978723404,1.51063829787234,1.48936170212766,0.0851063829787234,1.51063829787234,0.148936170212766,0.0851063829787234,1.31914893617021,0.48936170212766,0.106382978723404,0.468085106382979,0.0638297872340425,0.106382978723404,1.59574468085106,0.0638297872340425,1.04255319148936,0.531914893617021,0.702127659574468,0.340425531914894,0.468085106382979,2.46808510638298,0.319148936170213,7.23404255319149,0.404255319148936,0.148936170212766,7824,2066,0.436081118544737,0.959183673469388,0.734375,44,21.825,8.2769718141234,7.44850786078679,52.7057862795079,1065.6170212766,172.808510638298,0.321428571428571,44,7472,0,0,0,0,1
65535,7868,0.232558139534884,0.232558139534884,0.790697674418605,1.48837209302326,0.13953488372093,0.0697674418604651,2.27906976744186,2.7906976744186,0.162790697674419,0.581395348837209,0.116279069767442,0,1.37209302325581,0.651162790697674,0.0697674418604651,1.11627906976744,0.0930232558139535,0.116279069767442,1.11627906976744,0.0465116279069767,1.18604651162791,0.86046511627907,3.04651162790698,0.418604651162791,0.395348837209302,2.53488372093023,0.255813953488372,21.3953488372093,0.302325581395349,0.302325581395349,7868,1890,0.757591252924152,44,0.796296296296296,44,21.428,9.33800764908704,6.0951908701067,-76.9522879213059,1383.20930232558,171.046511627907,0.769230769230769,88,7736,8175,0,0,0,1
65535,7912,1.06896551724138,0.241379310344828,1.31034482758621,0.241379310344828,0.137931034482759,0.0689655172413793,1.3448275862069,3.51724137931034,0.310344827586207,NaN,0.0344827586206897,0.172413793103448,1.89655172413793,0.931034482758621,0.0689655172413793,1.17241379310345,0.0689655172413793,0.137931034482759,0.931034482758621,0.0344827586206897,0.96551724137931,0.551724137931034,1.55172413793103,0.448275862068966,1.10344827586207,1.86206896551724,0.206896551724138,17.3448275862069,0.482758620689655,0.241379310344828,7912,1275,0.629722715974496,44,0.828571428571429,44,16.838,7.01725318093201,5.45114256445718,0.781619752119912,1083.37931034483,172.862068965517,0.578947368421053,44,7560,0,0,0,0,0
65535,7956,0.176470588235294,0.0588235294117647,1.14705882352941,0.794117647058823,0.147058823529412,0.0294117647058824,4.17647058823529,3.08823529411765,0.117647058823529,0.794117647058823,0.205882352941176,0.0588235294117647,1.70588235294118,0.794117647058823,0.147058823529412,0.882352941176471,0.0588235294117647,0.205882352941176,1.91176470588235,0,0.882352941176471,0.882352941176471,2.44117647058824,0.705882352941177,0.205882352941176,2.11764705882353,0.264705882352941,22.3529411764706,0.176470588235294,0.264705882352941,7956,1494,0.813326935602583,0.918918918918919,0.755555555555556,44,19.749,8.80276658495435,5.12151054198512,12.4902214066882,1288.91176470588,7604,0.608695652173913,44,7604,0,0,0,0,0
65535,8000,0.3125,0.125,0.5,0.25,0.09375,0.03125,1.46875,2.4375,0.125,0.9375,0.03125,0.03125,0.78125,0.1875,0.15625,0.3125,0.21875,0.15625,0.875,0,0.6875,0.25,0.34375,0.5,0.34375,2.4375,0.15625,10.25,0.21875,0.25,8000,1407,0,44,0.888888888888889,44,16.656,6.42910050732864,6.42910050732864,0,577.5,177.5,0,0,0,0,0,0,0,1
65535,8044,0.333333333333333,0.296296296296296,0.592592592592593,0.222222222222222,0.148148148148148,0.259259259259259,1.48148148148148,2.51851851851852,0.148148148148148,0.740740740740741,0.111111111111111,0,0.925925925925926,0.148148148148148,0.148148148148148,0.62962962962963,0.0740740740740741,0,0.592592592592593,0.037037037037037,0.703703703703704,0.407407407407407,1.18518518518519,0.333333333333333,0.222222222222222,1.33333333333333,0.148148148148148,14.5925925925926,0.37037037037037,0.148148148148148,8044,1187,0.671550943448401,0.964285714285714,0.642857142857143,44,16.4,6.97080946272089,5.16507973129167,26.2436940985718,648.592592592593,178.666666666667,0.25,44,7780,0,0,0,0,1
65535,8087,NaN,0.285714285714286,0.619047619047619,0.428571428571429,0.19047619047619,0.0952380952380952,1.80952380952381,2.23809523809524,0.142857142857143,1.0952380952381,0.0952380952380952,0,1.76190476190476,0.142857142857143,0.0952380952380952,0.523809523809524,0.0952380952380952,0,1.47619047619048,0,0.619047619047619,0.761904761904762,0.857142857142857,0.380952380952381,0.619047619047619,2.23809523809524,0.142857142857143,11.047619047619,0.380952380952381,0.238095238095238,8087,923,0.411730987220794,0.875,0.583333333333333,44,15.275,5.73518083763784,5.22650146270305,-9.09958252652269,1103.19047619048,177.714285714286,0,0,0,0,0,0,0,0
65535,8131,0.0821917808219178,0.10958904109589,1.34246575342466,1.13698630136986,0.184931506849315,0.116438356164384,2.38356164383562,2.81506849315068,0.13013698630137,0.883561643835616,0.157534246575342,0.0205479452054795,1.24657534246575,0.691780821917808,0.0616438356164384,1.08219178082192,0.0753424657534247,0.0616438356164384,0.979452054794521,0.0136986301369863,0.897260273972603,0.684931506849315,2.82191780821918,0.691780821917808,0.219178082191781,2.27397260273973,0.171232876712329,21.0684931506849,0.404109589041096,0.315068493150685,8131,6417,0.796350771382663,0.858823529411765,0.579365079365079,44,48.72,18.9752028065075,11.4768679140729,17.9005251487013,908.383561643836,180.239726027397,0,0,0,0,0,0,0,1
65535,8175,0.107843137254902,0.117647058823529,0.852941176470588,1.36274509803922,0.196078431372549,0.0882352941176471,2.66666666666667,3.1078431372549,0.176470588235294,0.862745098039216,0.215686274509804,0.0588235294117647,1.36274509803922,0.637254901960784,0.0490196078431373,0.901960784313726,0.0882352941176471,0.0784313725490196,0.901960784313726,0.0196078431372549,0.990196078431373,0.509803921568627,2.20588235294118,0.53921568627451,0.0980392156862745,2.7843137254902,0.215686274509804,24.578431372549,0.509803921568627,0.264705882352941,8175,4483,0.881692682047027,0.88695652173913,0.708333333333333,44,39.862,17.295645912023,8.16050317273699,7.28040452914091,1377.58823529412,179.372549019608,0.51063829787234,88,7736,7868,0,0,0,1
65535,8219,0.392857142857143,0.178571428571429,0.464285714285714,0.428571428571429,0.214285714285714,0.0357142857142857,1.82142857142857,2.21428571428571,0.0357142857142857,0.714285714285714,0.107142857142857,0.0714285714285714,1.39285714285714,0.357142857142857,0.571428571428571,0.535714285714286,0.0714285714285714,0.0357142857142857,NaN,0.0357142857142857,0.892857142857143,0.392857142857143,0.642857142857143,0.464285714285714,0.785714285714286,2.75,0.142857142857143,10.25,0.535714285714286,0.0714285714285714,8219,1231,0.187043905916563,44,0.777777777777778,44,15.548,6.11010092660779,6.00226714536714,3956,61.7857142857143,181.5,0,0,0,0,0,0,0,0
65535,8263,0.5,0.119047619047619,0.547619047619048,0.333333333333333,0.0952380952380952,0.0714285714285714,1.78571428571429,3.64285714285714,0.0714285714285714,0.714285714285714,0.0714285714285714,0,2.02380952380952,0.761904761904762,0.261904761904762,0.904761904761905,0.285714285714286,0.0714285714285714,0.738095238095238,0,1.04761904761905,0.404761904761905,1.33333333333333,0.761904761904762,NaN,1.4047619047619,0.285714285714286,12.5,0.214285714285714,0.119047619047619,8263,1846,0.813706674226069,0.91304347826087,0.7,44,22.47,9.97041653819952,5.79556092894391,9.45592042121531,158.928571428571,181.666666666667,0,0,0,0,0,0,0,0
65535,8307,0.3,0.1,0.8,0.433333333333333,0.133333333333333,0.0666666666666667,1.3,2.66666666666667,0.0333333333333333,1.23333333333333,0.1,0.0333333333333333,1.36666666666667,0.5,0.133333333333333,0.633333333333333,0.2,0.0666666666666667,0.933333333333333,0,1.23333333333333,0.433333333333333,0.766666666666667,0.733333333333333,0.933333333333333,2.7,0.233333333333333,13.7333333333333,0.166666666666667,0.266666666666667,8307,1319,0.0875080433883586,0.9375,0.833333333333333,44,16.474,6.28225012767453,6.25815024144071,75.9637565320752,834.366666666667,185.466666666667,0,0,0,0,0,0,0,1
65535,8351,0.266666666666667,0.266666666666667,1.9,0.233333333333333,0.133333333333333,0.166666666666667,1.83333333333333,3.06666666666667,0.266666666666667,1.23333333333333,0.166666666666667,0.1,2.7,0.666666666666667,0.366666666666667,0.666666666666667,0.0666666666666667,0.133333333333333,1.5,0.0666666666666667,0.733333333333333,0.433333333333333,4.2,0.4,0.466666666666667,2.03333333333333,0.4,15.9,0.433333333333333,0.4,8351,1319,0.918130503084093,0.810810810810811,0.5,44,24.819,10.8529958510197,4.30080521556056,20.3362540963756,1108.26666666667,186.333333333333,0,0,0,0,0,0,0,1
65535,8395,0.227272727272727,0.136363636363636,1.04545454545455,0.5,0.181818181818182,0.0909090909090909,3.45454545454545,1.95454545454545,0.0454545454545455,0.363636363636364,0.136363636363636,0.0909090909090909,0.818181818181818,0.318181818181818,0.136363636363636,0.409090909090909,0.409090909090909,0.181818181818182,1.36363636363636,0,0.545454545454545,0.272727272727273,1.63636363636364,0.863636363636364,0.272727272727273,1.90909090909091,0.5,15.6363636363636,0.272727272727273,0.363636363636364,8395,967,0.630166852548983,44,0.88,44,13.935,6.11595416306472,4.74879221911267,-49.4167073256095,1178.09090909091,189.954545454545,0.5625,44,8703,0,0,0,0,1
65535,8439,0.1,0.2,0.85,1.05,0.2,0.05,2.3,1.85,0.2,1.35,0,0.1,0.85,0.4,0.1,0.65,0.05,0,1.45,0,0.95,0.65,1.25,0.35,0.25,2.1,0.45,13.45,0.25,0.25,8439,879,0.855265434778707,44,0.714285714285714,44,14.233,7.17073636348531,3.71580498304959,19.8247686100345,1425.2,189.5,0,0,0,0,0,0,0,1
65535,8483,0.411764705882353,0.294117647058824,1.35294117647059,0.176470588235294,0.176470588235294,0.0882352941176471,1.61764705882353,3.58823529411765,0.0882352941176471,1.35294117647059,0.176470588235294,0.0882352941176471,1.85294117647059,0.470588235294118,0.0882352941176471,0.911764705882353,0.176470588235294,0.176470588235294,1.29411764705882,0.0294117647058824,0.794117647058823,0.617647058823529,NaN,0.441176470588235,0.764705882352941,2.85294117647059,0.176470588235294,18.3529411764706,0.470588235294118,0.117647058823529,8483,1494,0.677714740972667,0.971428571428571,0.708333333333333,44,18.178,7.81220741587053,5.74451075004584,5.11952808770139,221.558823529412,191.647058823529,0,0,0,0,0,0,0,0
65535,8527,0.296296296296296,0.037037037037037,0.777777777777778,0.333333333333333,0.0740740740740741,0.148148148148148,1.40740740740741,2.37037037037037,0.037037037037037,1.11111111111111,0.037037037037037,0.0740740740740741,2.14814814814815,0.407407407407407,0.148148148148148,0.851851851851852,0.0740740740740741,0.185185185185185,1.96296296296296,0,1.2962962962963,0.666666666666667,1.51851851851852,0.814814814814815,1.81481481481481,2.03703703703704,0.148148148148148,11.6666666666667,0.407407407407407,0.222222222222222,8527,1187,0.718759352623353,0.931034482758621,0.771428571428571,44,15.92,7.15444507792035,4.97419189790384,9.29266555049681,551.037037037037,191.111111111111,0,0,0,0,0,0,0,1
65535,8571,0.488888888888889,0.111111111111111,0.333333333333333,0.533333333333333,0.111111111111111,0.0222222222222222,1.71111111111111,4.06666666666667,0.0222222222222222,1.06666666666667,0.0888888888888889,0.0444444444444444,5.02222222222222,0.688888888888889,0.111111111111111,0.8,0.111111111111111,0.0666666666666667,1.26666666666667,0,0.977777777777778,0.377777777777778,2.24444444444444,0.533333333333333,1.84444444444444,1.15555555555556,0.155555555555556,16.2444444444444,0.355555555555556,0.288888888888889,8571,1978,0.325027744204372,44,0.803571428571429,44,21.519,7.91435247659585,7.4846386018069,-78.2479893111698,198.822222222222,192.088888888889,0,0,0,0,0,0,0,1
65535,8615,0.32,0.28,1.16,1.4,0.04,0.16,3.88,2.92,0.12,1.44,0.12,0,1.12,0.84,0.04,0.76,0.12,0,1.48,0,1.08,0.96,1.32,0.6,0.36,2.76,0.16,24.92,0.56,0.4,8615,1099,0.758717663396656,0.925925925925926,0.714285714285714,44,16.011,7.16228614210221,4.6656536396648,28.802499430201,307.84,192.88,0.368421052631579,44,8659,0,0,0,0,1
65535,8659,0.380952380952381,0.19047619047619,0.571428571428571,0.333333333333333,0.0476190476190476,0.0952380952380952,2.28571428571429,2.57142857142857,0.0476190476190476,1.66666666666667,0.142857142857143,0.0476190476190476,1.42857142857143,0.571428571428571,1.04761904761905,0.666666666666667,0.0476190476190476,0.142857142857143,2.57142857142857,0.0476190476190476,1.14285714285714,0.333333333333333,0.428571428571429,0.80952380952381,0.904761904761905,2.95238095238095,0.19047619047619,10.8571428571429,0.285714285714286,0,8659,923,0.825049857890289,0.91304347826087,0.7,44,14.605,7.11246279648078,4.01896777713136,43.6110019714368,310.571428571429,197.047619047619,0.555555555555556,44,8615,0,0,0,0,1
65535,8703,0.25,0.230769230769231,1.38461538461538,1.67307692307692,0.326923076923077,0.0961538461538462,3.13461538461538,2.55769230769231,0.0384615384615385,0.865384615384615,0.192307692307692,0.134615384615385,1.5,0.673076923076923,0.173076923076923,0.730769230769231,0.0961538461538462,0.0961538461538462,1.38461538461538,0.0192307692307692,0.576923076923077,0.615384615384615,2.57692307692308,0.596153846153846,0.173076923076923,2.28846153846154,0.192307692307692,17.6730769230769,0.326923076923077,0.211538461538462,8703,2286,0.821301517956679,0.88135593220339,0.742857142857143,44,27.151,11.2837263663796,6.43730226970512,78.7422964309206,1172.98076923077,195.557692307692,0.242424242424242,44,8395,0,0,0,0,1
65535,8747,0.636363636363636,0.151515151515152,0.666666666666667,0.333333333333333,0.0606060606060606,0.0606060606060606,6.24242424242424,2.81818181818182,0.121212121212121,0.636363636363636,0.151515151515152,0.0303030303030303,1.78787878787879,0.696969696969697,0.0909090909090909,0.575757575757576,0.0606060606060606,0.121212121212121,1.39393939393939,0.0303030303030303,0.848484848484849,0.424242424242424,0.575757575757576,0.454545454545455,0.696969696969697,1.15151515151515,0.393939393939394,11.0606060606061,0.212121212121212,0.181818181818182,8747,1450,0.578212304741227,0.970588235294118,0.785714285714286,44,17.698,7.28913439488411,5.94710523166479,17.515421866031,1286.21212121212,197.787878787879,0,0,0,0,0,0,0,1
65535,8791,0.0833333333333333,0,0.708333333333333,1.29166666666667,0.125,0.0833333333333333,NaN,2.04166666666667,0.0416666666666667,0.75,0.125,0.0416666666666667,0.708333333333333,0.291666666666667,0.0416666666666667,0.666666666666667,0.125,0.0833333333333333,1.58333333333333,0,1.08333333333333,0.541666666666667,1.54166666666667,0.291666666666667,0.375,2.54166666666667,0.291666666666667,16.625,0.416666666666667,0.125,8791,1055,0.80115162221936,0.923076923076923,0.685714285714286,44,16.193,7.35228765666093,4.40006055417173,17.264892823043,935.25,201.625,0.722222222222222,44,9011,0,0,0,0,0
65535,8835,0.192307692307692,0.230769230769231,0.846153846153846,0.461538461538462,0.115384615384615,0,2.03846153846154,3.46153846153846,0.115384615384615,0.461538461538462,0.153846153846154,0.0769230769230769,1.23076923076923,0.538461538461538,0.115384615384615,0.846153846153846,0,0.0384615384615385,1.38461538461538,0,0.692307692307692,0.692307692307692,2.38461538461538,0.346153846153846,0.192307692307692,1.30769230769231,0.192307692307692,17.4230769230769,0.423076923076923,0.230769230769231,8835,1143,0.408384663919115,0.962962962962963,0.722222222222222,44,15.457,6.20972681429027,5.66830029176334,-52.6830426064116,271.653846153846,203.115384615385,0,0,0,0,0,0,0,1
65535,8879,0.384615384615385,0.153846153846154,0.661538461538462,0.446153846153846,0.169230769230769,0.107692307692308,2.30769230769231,2.89230769230769,0.215384615384615,0.553846153846154,0.107692307692308,0.0307692307692308,1.41538461538462,0.461538461538462,0.0923076923076923,0.769230769230769,0.0461538461538462,0.0461538461538462,0.830769230769231,0,0.769230769230769,0.430769230769231,2.32307692307692,0.446153846153846,0.307692307692308,1.26153846153846,0.230769230769231,18.6923076923077,0.169230769230769,0.215384615384615,8879,2857,0.635646234587569,0.878378378378378,0.601851851851852,44,30.914,10.9199966771094,8.43002429728339,-18.4358495016954,540.907692307692,201.953846153846,0,0,0,0,0,0,0,1
65535,8923,0.0694444444444444,0.222222222222222,1.31944444444444,1.94444444444444,0.222222222222222,0.111111111111111,3.31944444444444,2.61111111111111,0.125,0.847222222222222,0.194444444444444,0.0138888888888889,1.27777777777778,0.638888888888889,0.0694444444444444,0.833333333333333,0.125,0.111111111111111,1.01388888888889,0,1.11111111111111,0.75,2.33333333333333,0.583333333333333,0.180555555555556,2.41666666666667,0.263888888888889,25.4722222222222,0.416666666666667,0.291666666666667,8923,3165,0.880229802301215,0.923076923076923,0.642857142857143,44,32.386,14.4126496960561,6.83948939311449,7.2202525599619,1427.15277777778,203.027777777778,0,0,0,0,0,0,0,1
65535,8967,0.807692307692308,0.346153846153846,0.423076923076923,0.538461538461538,0.115384615384615,0.0769230769230769,1.11538461538462,2.88461538461538,0.0769230769230769,0.769230769230769,0.153846153846154,0.153846153846154,2.34615384615385,0.615384615384615,0.115384615384615,0.884615384615385,0.192307692307692,0.0769230769230769,1.15384615384615,0.0384615384615385,1.07692307692308,0.615384615384615,0.961538461538462,0.384615384615385,0.653846153846154,NaN,0.192307692307692,15.1538461538462,0.115384615384615,0.0384615384615385,8967,1143,0.892251145717083,0.962962962962963,0.8125,44,17.119,8.7042367110205,3.93030643123594,13.5892041634408,615.307692307692,204.423076923077,0.45,44,9142,0,0,0,0,0
65535,9011,0.172413793103448,0.241379310344828,1.13793103448276,0.793103448275862,0.137931034482759,0.0689655172413793,2.41379310344828,1.72413793103448,0.137931034482759,0.96551724137931,0.172413793103448,0.0689655172413793,1.31034482758621,NaN,0.0689655172413793,0.448275862068966,0.0689655172413793,0.137931034482759,0.620689655172414,0.0344827586206897,0.931034482758621,0.655172413793103,2.20689655172414,0.586206896551724,0.137931034482759,1.93103448275862,0.241379310344828,19.6551724137931,0.241379310344828,0.172413793103448,9011,1275,0.860188928815603,0.90625,0.644444444444444,44,19.195,8.97927351029792,4.57920946409369,12.6287642986203,935.655172413793,205.793103448276,44,88,8791,9098,0,0,0,0
65535,9054,0.5,0.0454545454545455,0.272727272727273,0.136363636363636,0,0,0.954545454545455,2.31818181818182,0.0454545454545455,0.818181818181818,0,0.0454545454545455,2.90909090909091,0.681818181818182,0,0.954545454545455,0.0454545454545455,0.181818181818182,0.681818181818182,0,NaN,0.0454545454545455,0.545454545454545,0.454545454545455,0.590909090909091,NaN,0.227272727272727,9.81818181818182,0.136363636363636,0.181818181818182,9054,967,0.824057103442122,0.916666666666667,0.628571428571429,44,17.136,7.40939494555887,4.19747220083884,36.9958975544679,1110.63636363636,208.045454545455,0,0,0,0,0,0,0,0
65535,9098,0.105263157894737,0.263157894736842,1.36842105263158,0.881578947368421,0.197368421052632,0.0789473684210526,1.96052631578947,3.36842105263158,0.171052631578947,0.552631578947368,0.105263157894737,0.0526315789473684,1.39473684210526,0.723684210526316,0.0657894736842105,0.894736842105263,0.0657894736842105,0.0394736842105263,1.19736842105263,0,0.802631578947368,0.684210526315789,3.80263157894737,0.526315789473684,0.223684210526316,1.80263157894737,0.25,22.8421052631579,0.434210526315789,0.223684210526316,9098,3340,0.901530072236915,0.91566265060241,0.633333333333333,44,33.883,15.5214159681694,6.71637206607449,16.5221960408279,939.447368421053,209.105263157895,0.439024390243902,44,9011,0,0,0,0,1
65535,9142,0.137931034482759,0.0689655172413793,1.06896551724138,2.37931034482759,0.275862068965517,0.0344827586206897,3.20689655172414,NaN,0.172413793103448,0.344827586206897,0.103448275862069,0.0344827586206897,1.75862068965517,0.517241379310345,0.103448275862069,1.13793103448276,0.103448275862069,0.0344827586206897,1.3448275862069,0.0689655172413793,0.862068965517241,0.551724137931034,2.62068965517241,0.241379310344828,0.206896551724138,2.27586206896552,0.310344827586207,22.1724137931034,0.310344827586207,0.172413793103448,9142,1275,0.697188869695412,0.935483870967742,0.69047619047619,44,17.698,7.4899622502797,5.36946027255964,-31.0201916026439,612.827586206897,209.965517241379,0.409090909090909,44,8967,0,0,0,0,0
65535,9186,0.183673469387755,0.102040816326531,0.959183673469388,1.14285714285714,0.0816326530612245,0.0408163265306122,2.85714285714286,2.87755102040816,0.0816326530612245,1.04081632653061,0.224489795918367,0.0204081632653061,1.08163265306122,0.653061224489796,0.122448979591837,0.877551020408163,0.0816326530612245,0.0204081632653061,1.22448979591837,0.0408163265306122,0.795918367346939,0.775510204081633,3.12244897959184,0.591836734693878,0.306122448979592,2.14285714285714,0.204081632653061,18.7959183673469,0.285714285714286,0.142857142857143,9186,2154,0.373092653809855,0.96078431372549,0.680555555555556,44,23.322,8.45084264043479,7.84064184927343,49.9016446597718,1306.0612244898,9318,0.482758620689655,44,9494,0,0,0,0,0
65535,9230,0.212121212121212,0.0909090909090909,0.939393939393939,0.757575757575758,0.303030303030303,0.242424242424242,1.66666666666667,2.54545454545455,0.0606060606060606,NaN,0.212121212121212,0.0303030303030303,1.06060606060606,0.757575757575758,0,0.848484848484849,0.181818181818182,0.151515151515152,1.84848484848485,0.0606060606060606,0.787878787878788,0.696969696969697,2.45454545454545,0.575757575757576,0.515151515151515,1.93939393939394,0.242424242424242,16.6060606060606,0.333333333333333,0.181818181818182,9230,1450,0.736254683433377,44,0.825,44,18.062,7.98534960944,5.40372237352469,-7.61474341601796,178.787878787879,214.909090909091,0,0,0,0,0,0,0,0
65535,9274,0.310344827586207,0.137931034482759,0.344827586206897,0.413793103448276,0.103448275862069,0,1.20689655172414,1.82758620689655,0,0.827586206896552,0.103448275862069,0,0.896551724137931,0.344827586206897,0.103448275862069,0.379310344827586,0.344827586206897,0.103448275862069,1.20689655172414,0,0.793103448275862,0.241379310344828,0.586206896551724,0.586206896551724,0.931034482758621,1.24137931034483,0.137931034482759,7.89655172413793,0.344827586206897,0.137931034482759,9274,1275,0.715594749530267,0.966666666666667,0.828571428571429,44,16.656,7.38914194584344,5.16143150689151,19.3786146259165,959.965517241379,216.137931034483,0,0,0,0,0,0,0,1
65535,9318,0.333333333333333,0.283333333333333,0.866666666666667,0.583333333333333,0.233333333333333,0.0666666666666667,1.7,1.91666666666667,0.2,1.1,0.116666666666667,0.05,0.983333333333333,0.716666666666667,0.133333333333333,0.45,0.133333333333333,0.1,1.58333333333333,0.0333333333333333,0.9,0.583333333333333,1.13333333333333,0.6,0.533333333333333,2.1,0.166666666666667,10.35,0.4,0.316666666666667,9318,2637,0.731399491137138,0.895522388059702,0.6,44,28.582,11.0672080976065,7.54727430061465,51.2224599914526,780.816666666667,216.366666666667,0,0,0,0,0,0,0,1
65535,9362,0.757575757575758,0.0909090909090909,0.666666666666667,0.575757575757576,0.121212121212121,0.0303030303030303,1.3030303030303,2.60606060606061,0.0909090909090909,1.33333333333333,0.0606060606060606,0.0606060606060606,1.78787878787879,0.454545454545455,0.121212121212121,0.484848484848485,0.0909090909090909,0.242424242424242,1.48484848484848,0.0303030303030303,1.27272727272727,0.484848484848485,0.96969696969697,0.666666666666667,0.545454545454545,2.48484848484848,0.333333333333333,12.7272727272727,0.333333333333333,0.151515151515152,9362,1450,0.647888168267412,0.942857142857143,0.589285714285714,44,18.939,7.63485604446557,5.81574063317264,-29.8544460790394,335.69696969697,216.878787878788,0.333333333333333,44,9582,0,0,0,0,1
65535,9406,0.175,0.18125,1.18125,NaN,0.16875,0.075,3.2625,3.31875,0.21875,0.95,0.15625,0.03125,1.575,0.6,0.0625,NaN,0.1,0.09375,0.9875,0.04375,0.99375,0.60625,1.675,0.68125,0.36875,2.5875,0.26875,23.8625,0.33125,0.29375,9406,7033,0.743628473820821,0.935672514619883,0.723981900452489,44,45.122,17.7709092115444,11.881506742064,-73.5086631310888,355.84375,217.69375,0,0,0,0,0,0,0,0
65535,9450,0.276595744680851,0.148936170212766,0.702127659574468,0.319148936170213,0.106382978723404,0.0638297872340425,1.02127659574468,2.38297872340426,0.0638297872340425,1.29787234042553,0.0425531914893617,0.0851063829787234,0.978723404255319,0.659574468085106,0.0851063829787234,0.553191489361702,0.106382978723404,0.0851063829787234,1.65957446808511,0,1.27659574468085,0.829787234042553,0.808510638297872,0.404255319148936,1.06382978723404,2.27659574468085,0.319148936170213,9.42553191489362,0.446808510638298,0.127659574468085,9450,2066,0.618806054968326,0.854545454545455,0.652777777777778,44,27.242,9.29628690793994,7.30264057086732,10.2765548421039,768.36170212766,218.297872340426,0,0,0,0,0,0,0,1
65535,9494,0.333333333333333,0.175438596491228,0.824561403508772,0.929824561403509,0.245614035087719,0.0701754385964912,3.28070175438596,3.15789473684211,0.0350877192982456,0.631578947368421,0.263157894736842,0,1.50877192982456,0.789473684210526,0.087719298245614,0.912280701754386,0.12280701754386,0.0701754385964912,0.842105263157895,0.0526315789473684,0.754385964912281,0.491228070175439,2.26315789473684,0.596491228070175,0.280701754385965,2.94736842105263,0.298245614035088,25.280701754386,0.298245614035088,0.228070175438596,9494,2505,0.816235428928847,0.919354838709677,0.647727272727273,44,26.597,11.4073785008254,6.59026405484805,24.7830149809043,1306.24561403509,218.824561403509,0.375,44,9186,0,0,0,0,1
65535,9538,0.35,0.25,0.95,2.75,0.05,0.15,2.75,2.05,0.1,1.3,0.25,0.05,1.2,0.65,0.1,0.45,0,0.1,1.6,0,1.2,1.05,2.1,0.45,0.4,2.8,0.55,14.6,0.2,0.45,9538,879,0.666915648807506,0.952380952380952,0.666666666666667,44,13.497,6.0213213210224,4.48668655197437,10.7687485609862,477.45,222.3,0,0,0,0,0,0,0,1
65535,9582,0.386363636363636,0.204545454545455,0.795454545454545,0.681818181818182,0.181818181818182,0.204545454545455,1.54545454545455,2.25,0.0681818181818182,1.70454545454545,0.0681818181818182,0.0681818181818182,1.18181818181818,0.409090909090909,0.0909090909090909,0.5,0.181818181818182,0.204545454545455,NaN,0,1.95454545454545,0.568181818181818,0.772727272727273,0.431818181818182,0.636363636363636,1.59090909090909,0.318181818181818,10.9318181818182,0.454545454545455,0.0909090909090909,9582,1934,0.906355171432462,0.936170212765957,0.8,44,23.669,11.6880130554444,4.93837989575778,7.72636903275379,338.113636363636,223.022727272727,0.75,88,9362,9890,0,0,0,0
65535,9626,0.2,0,0.45,0.65,0.05,0.05,1.3,1.75,0,1.25,0.2,0.05,0.75,0.4,0.1,0.4,0.05,0.2,2.25,0,0.8,0.55,0.9,0.3,0.9,2.15,0.5,10.35,0.3,0.2,9626,879,0.762517145736076,44,0.833333333333333,44,13.29,6.395710437943,4.13782003724831,11.9029717592289,599.7,223.5,0,0,0,0,0,0,0,1
65535,9670,1.35,0.183333333333333,0.633333333333333,0.316666666666667,0.1,0.0333333333333333,8.36666666666667,3.48333333333333,0.116666666666667,1.35,0.0833333333333333,0.0666666666666667,1.86666666666667,0.783333333333333,0.15,0.55,0.0666666666666667,0.05,1.38333333333333,0,1.08333333333333,0.516666666666667,1.28333333333333,0.733333333333333,0.583333333333333,2.7,0.433333333333333,15.8666666666667,0.35,0.183333333333333,9670,2637,0.741819654904977,0.952380952380952,0.779220779220779,44,28.143,11.2495128522741,7.54391694073716,-11.6144194629279,712.483333333333,223.5,0,0,0,0,0,0,0,1
65535,9714,0.492957746478873,0.0985915492957746,0.450704225352113,0.197183098591549,0.0422535211267606,0.0845070422535211,1.22535211267606,2.53521126760563,0.0422535211267606,1.23943661971831,0.0985915492957746,0.028169014084507,1.91549295774648,0.52112676056338,0.126760563380282,0.535211267605634,0.0422535211267606,0.0704225352112676,1.14084507042254,0.0422535211267606,1.40845070422535,0.507042253521127,0.591549295774648,0.52112676056338,0.549295774647887,2.08450704225352,0.225352112676056,10.8028169014085,0.267605633802817,0.0845070422535211,9714,3121,0.399977661718595,0.8875,0.717171717171717,44,30.244,10.2769974798051,9.41912396304859,8.5537383567246,944.887323943662,225.746478873239,0,0,0,0,0,0,0,1
65535,9758,0.302325581395349,0.116279069767442,0.232558139534884,0.186046511627907,0.0465116279069767,0.13953488372093,0.883720930232558,2.7906976744186,0.13953488372093,0.790697674418605,0.0930232558139535,0.0232558139534884,1.90697674418605,0.465116279069767,0.0232558139534884,1.04651162790698,0.209302325581395,0.0697674418604651,0.720930232558139,0.0697674418604651,0.790697674418605,0.325581395348837,0.465116279069767,0.744186046511628,1.04651162790698,1.04651162790698,0.255813953488372,9.23255813953488,0.302325581395349,0.0930232558139535,9758,1890,0.822022035230323,0.895833333333333,0.597222222222222,44,26.415,10.4149667310392,5.9308619813106,56.6117300069761,191.558139534884,226.604651162791,0,0,0,0,0,0,0,1
65535,9802,0.191780821917808,0.150684931506849,1.05479452054795,1.84931506849315,0.178082191780822,0.0958904109589041,2.76712328767123,3.20547945205479,0.0821917808219178,0.945205479452055,0.136986301369863,0.0684931506849315,1.71232876712329,0.671232876712329,0.0410958904109589,1.08219178082192,0.0136986301369863,0.0684931506849315,1.45205479452055,0.0684931506849315,0.917808219178082,0.712328767123288,2.34246575342466,0.506849315068493,0.273972602739726,2.97260273972603,0.219178082191781,22.8630136986301,0.493150684931507,0.301369863013699,9802,3209,0.856117268550269,0.935897435897436,0.675925925925926,44,30.98,13.7468688131336,7.10412886544797,23.1754207225268,1420.50684931507,225.260273972603,0,0,0,0,0,0,0,1
65535,9846,0.444444444444444,0.0277777777777778,0.527777777777778,0.333333333333333,0.166666666666667,0.0277777777777778,1.77777777777778,2.02777777777778,0.0555555555555556,0.972222222222222,0.0833333333333333,0,1.13888888888889,0.305555555555556,0.166666666666667,0.555555555555556,0.166666666666667,0.111111111111111,NaN,0,0.75,0.305555555555556,0.5,0.222222222222222,0.5,1.55555555555556,0.333333333333333,9.16666666666667,0.416666666666667,0.0555555555555556,9846,1582,0.806223531817425,0.972972972972973,0.75,44,19.195,8.90942932609491,5.27091670494616,26.6637609731952,409.777777777778,226.555555555556,0.333333333333333,44,9934,0,0,0,0,0
65535,9890,0.25,0.118421052631579,1.03947368421053,0.973684210526316,0.184210526315789,0.118421052631579,3.05263157894737,2.90789473684211,0.0921052631578947,0.881578947368421,0.223684210526316,0.0394736842105263,1.21052631578947,0.644736842105263,0.144736842105263,0.881578947368421,0.131578947368421,0.210526315789474,1.18421052631579,0.0263157894736842,0.828947368421053,0.657894736842105,2.32894736842105,0.657894736842105,0.289473684210526,2.26315789473684,0.157894736842105,19.6184210526316,0.407894736842105,0.315789473684211,9890,3340,0.904151156894645,0.883720930232558,0.575757575757576,44,34.437,15.5150468871282,6.62822497040247,54.167994477999,339.131578947368,230.263157894737,0.48780487804878,88,9582,10065,0,0,0,1
65535,9934,0.319444444444444,0.111111111111111,1.36111111111111,0.263888888888889,0.111111111111111,0.111111111111111,1.22222222222222,3.04166666666667,0.125,1.02777777777778,0.194444444444444,0.0555555555555556,1.20833333333333,0.527777777777778,0.166666666666667,0.805555555555556,0.111111111111111,0.0416666666666667,1.29166666666667,0.0555555555555556,1.16666666666667,0.638888888888889,1.25,0.611111111111111,0.597222222222222,2.80555555555556,0.416666666666667,15.9027777777778,0.305555555555556,0.25,9934,3165,0.883574001188481,0.947368421052632,0.73469387755102,44,30.98,14.1873083395243,6.643796743255,9.95847901088537,398.638888888889,227.944444444444,0.210526315789474,44,9846,0,0,0,0,1
65535,9977,0.44,0.16,1.36,0.16,0.12,0.04,2.56,2.92,0.08,0.96,0.08,0.04,1.64,0.36,0.12,0.44,0.08,0.04,1.56,0.12,0.6,0.52,2.12,0.64,1.04,1.64,0.4,15.32,0.4,0.08,9977,1099,0.854506795653957,44,0.78125,44,16.102,7.96669293045712,4.1382206826692,-7.03347429935126,433.8,229.36,0,0,0,0,0,0,0,1
65535,10021,0.15,0.216666666666667,NaN,1.18333333333333,0.2,0.0333333333333333,2.18333333333333,3.13333333333333,0.166666666666667,0.65,0.0666666666666667,0.0333333333333333,1.31666666666667,0.433333333333333,0.133333333333333,0.916666666666667,0.15,0.0833333333333333,0.883333333333333,0.0166666666666667,0.716666666666667,0.35,2.71666666666667,0.75,0.266666666666667,1.71666666666667,0.116666666666667,22.55,0.3,0.266666666666667,10021,2637,0.758246134756409,0.845070422535211,0.606060606060606,44,30.608,11.3813457986526,7.42027784972021,-29.9256825871188,1197.25,227.683333333333,0.5,44,10285,0,0,0,0,0
65535,10065,0.318181818181818,0.0454545454545455,1.72727272727273,0.863636363636364,0.272727272727273,0.181818181818182,1.63636363636364,2.5,0.136363636363636,1.59090909090909,0.136363636363636,0,2.31818181818182,0.363636363636364,0.0909090909090909,0.636363636363636,0,0.0454545454545455,1.77272727272727,0,0.954545454545455,0.5,6.22727272727273,0.590909090909091,0.272727272727273,2.27272727272727,0.272727272727273,11.7272727272727,0.409090909090909,0.136363636363636,10065,967,0.772573812826972,0.956521739130435,0.785714285714286,44,15.25,6.90149498054161,4.38193141849847,4.14513880364274,346.454545454545,229.681818181818,0.588235294117647,44,9890,0,0,0,0,1
65535,10109,0.952380952380952,0.238095238095238,0.428571428571429,0.142857142857143,0.142857142857143,0,2.80952380952381,3.04761904761905,0.0476190476190476,0.380952380952381,0.0476190476190476,0.0476190476190476,1.52380952380952,0.380952380952381,0,0.523809523809524,0.142857142857143,0,0.857142857142857,0.0952380952380952,0.619047619047619,0.142857142857143,0.571428571428571,0.380952380952381,0.714285714285714,1.57142857142857,0.428571428571429,9.42857142857143,0.333333333333333,0.142857142857143,10109,923,0.691413290627724,0.954545454545455,0.7,44,13.96,6.24404626060823,4.51107024730385,28.6189843434005,1375.7619047619,231.142857142857,0,0,0,0,0,0,0,1
65535,10153,0.708333333333333,0.208333333333333,0.625,0.125,0.0833333333333333,0.208333333333333,0.833333333333333,2.95833333333333,0.0833333333333333,0.75,0,0.0833333333333333,2.33333333333333,0.75,0.125,0.541666666666667,0.208333333333333,0.125,1.41666666666667,0,0.75,0.291666666666667,1.33333333333333,0.5,0.541666666666667,2.08333333333333,0.333333333333333,12.625,0.291666666666667,0.208333333333333,10153,1055,0.574717566567462,44,0.8,44,14.142,6.18979878767913,5.06543316906542,19.6048839962283,709.666666666667,232.125,0,0,0,0,0,0,0,1
65535,10197,0.490566037735849,0.150943396226415,0.60377358490566,0.320754716981132,0.0566037735849057,0.0566037735849057,7.88679245283019,2.92452830188679,0.0566037735849057,1.62264150943396,0.0566037735849057,0.0566037735849057,2.41509433962264,0.339622641509434,0.0377358490566038,0.679245283018868,0.0943396226415094,0.39622641509434,0.981132075471698,0.0566037735849057,1.35849056603774,0.433962264150943,2.66037735849057,0.528301886792453,0.60377358490566,2.67924528301887,0.245283018867925,9.52830188679245,0.433962264150943,0.0754716981132075,10197,2330,0.626645715580554,0.929824561403509,0.757142857142857,44,24.893,9.51994301058204,7.41893224993468,-9.2957709088314,550.207547169811,232.018867924528,0,0,0,0,0,0,0,1
65535,10241,0.65,0.1,0.6,0.25,0.05,0,1.1,2.55,0.05,1.6,0.05,0,1.8,0.7,0.3,1.05,0,0.05,1.15,0,1.45,0.55,0.65,0.65,0.9,1.7,0.05,13.4,0.1,0.25,10241,879,0.720941258691845,0.952380952380952,0.666666666666667,44,13.406,6.23510074959402,4.32090098348466,34.562676586775,366.6,233.9,0,0,0,0,0,0,0,1
65535,10285,0.13265306122449,0.142857142857143,0.73469387755102,1.23469387755102,0.0816326530612245,0.13265306122449,2.59183673469388,3.44897959183673,0.102040816326531,0.724489795918367,0.112244897959184,0.0408163265306122,1.72448979591837,0.622448979591837,0.0612244897959184,1.18367346938776,0.0612244897959184,0.0510204081632653,0.959183673469388,0.0102040816326531,0.918367346938776,0.836734693877551,1.78571428571429,0.846938775510204,0.316326530612245,2.01020408163265,0.26530612244898,25.265306122449,0.357142857142857,0.193877551020408,10285,4307,0.779567726760702,0.852173913043478,0.593939393939394,44,41.128,14.6587347789408,9.18102853964612,1.69387525358262,1196.61224489796,234.69387755102,0.387755102040816,88,10021,10681,0,0,0,1
65535,10329,0.260869565217391,0.521739130434783,1.21739130434783,0.347826086956522,0,0.0434782608695652,1.65217391304348,4.21739130434783,0.217391304347826,0.652173913043478,0.173913043478261,0.130434782608696,1.82608695652174,1.04347826086957,0.0869565217391304,0.782608695652174,0.130434782608696,0.347826086956522,1.39130434782609,0.0434782608695652,0.695652173913043,0.565217391304348,2.08695652173913,0.652173913043478,0.434782608695652,1.95652173913043,0.217391304347826,21.1304347826087,0.304347826086957,0.217391304347826,10329,1011,0.875283516244203,0.958333333333333,0.71875,44,16.565,8.2344591962212,3.98226795347406,1.83602807595507,115.391304347826,236.04347826087,0.65,44,10461,0,0,0,0,1
65535,10373,0.666666666666667,0.111111111111111,0.814814814814815,0.555555555555556,0.259259259259259,0,2.85185185185185,3.40740740740741,0.037037037037037,1.37037037037037,0.111111111111111,0,3.40740740740741,NaN,0.962962962962963,0.851851851851852,0.222222222222222,0.148148148148148,2.81481481481481,0.037037037037037,NaN,0.814814814814815,5.03703703703704,0.407407407407407,1.74074074074074,1.74074074074074,0.111111111111111,20.8148148148148,0.481481481481481,0.259259259259259,10373,1187,0.764296779351839,0.9,0.771428571428571,44,16.383,7.45733225345621,4.80897004753382,6.16363490858181,88.962962962963,237.148148148148,0,0,0,0,0,0,0,0
65535,10417,0.441176470588235,0.147058823529412,0.558823529411765,0.470588235294118,0.205882352941176,0.147058823529412,0.970588235294118,2.55882352941176,0.0882352941176471,1.05882352941176,0.0588235294117647,0,1.02941176470588,0.5,0.0588235294117647,0.352941176470588,0.0588235294117647,0.176470588235294,1.11764705882353,0,0.647058823529412,0.235294117647059,0.647058823529412,0.705882352941177,0.764705882352941,1.67647058823529,0.117647058823529,11.1470588235294,0.382352941176471,0.117647058823529,10417,1494,0.893312116958317,0.971428571428571,0.755555555555556,44,20.394,9.98228816725503,4.48640792266298,19.0183993213763,1367.02941176471,238.058823529412,0,0,0,0,0,0,0,1
65535,10461,0.125,0.225,1.15,1.5,0.125,0.1,4.925,3.475,0.25,0.75,0.175,0.125,1.95,0.75,0.075,0.95,0.05,0.1,1.775,0,0.975,0.775,3.65,0.425,0.25,2.4,0.275,36.275,0.475,0.125,10461,1758,0.82239774349234,0.930232558139535,0.666666666666667,44,21.825,9.83010253574485,5.59247269134229,3.86915850702916,110.25,238.9,0.535714285714286,44,10329,0,0,0,0,1
65535,10505,NaN,0.27027027027027,0.648648648648649,0.27027027027027,0.0810810810810811,0.108108108108108,4.62162162162162,2.51351351351351,0.027027027027027,0.891891891891892,0.0810810810810811,0.0810810810810811,1.32432432432432,0.756756756756757,0.135135135135135,0.432432432432432,0.108108108108108,0.0810810810810811,1.37837837837838,0.027027027027027,0.810810810810811,0.27027027027027,0.486486486486487,0.513513513513513,0.513513513513513,2.2972972972973,0.216216216216216,11.7567567567568,0.378378378378378,0.189189189189189,10505,1626,0.86722439786666,0.925,0.74,44,21.246,9.95053827146121,4.95454720911145,-9.93700494206535,393.918918918919,241.756756756757,0,0,0,0,0,0,0,0
65535,10549,0.481481481481481,0.111111111111111,1.03703703703704,0.518518518518518,0.111111111111111,0.037037037037037,0.777777777777778,2.85185185185185,0.037037037037037,0.444444444444444,0.037037037037037,0.037037037037037,2.51851851851852,0.740740740740741,0.185185185185185,0.962962962962963,0.0740740740740741,0.0740740740740741,1.62962962962963,0,1.48148148148148,0.740740740740741,4.18518518518519,0.62962962962963,0.37037037037037,1.74074074074074,0.296296296296296,12.9259259259259,0.259259259259259,0.333333333333333,10549,1187,0.790169455463507,44,0.771428571428571,44,16.011,7.59082300793102,4.65232762066196,22.8213174716867,346.925925925926,243.148148148148,0,0,0,0,0,0,0,1
65535,10593,0.129032258064516,0.258064516129032,1.09677419354839,1.35483870967742,0.193548387096774,0.129032258064516,3.29032258064516,2.90322580645161,0.193548387096774,0.645161290322581,0.161290322580645,0.0645161290322581,1.41935483870968,0.483870967741936,0.129032258064516,0.612903225806452,0.129032258064516,0.0967741935483871,1.19354838709677,0,0.903225806451613,0.806451612903226,4.06451612903226,0.548387096774194,0.354838709677419,2.12903225806452,0.290322580645161,21.3225806451613,0.354838709677419,0.193548387096774,10593,1363,0.357732742089688,0.939393939393939,0.738095238095238,44,17.326,6.61772296118367,6.17978860538278,10.0788054472724,576.258064516129,243.483870967742,0,0,0,0,0,0,0,1
65535,10637,0.307692307692308,0.230769230769231,0.307692307692308,0.230769230769231,0.192307692307692,0,13.7692307692308,1.65384615384615,0.269230769230769,0.538461538461538,0.0384615384615385,0,1.23076923076923,0.461538461538462,0.153846153846154,0.5,0.153846153846154,0.0769230769230769,1.53846153846154,0.115384615384615,1.03846153846154,0.384615384615385,0.384615384615385,0.538461538461538,0.884615384615385,2.38461538461538,0.346153846153846,8.42307692307692,0.192307692307692,0.230769230769231,10637,1143,0.94851013472503,0.896551724137931,0.577777777777778,44,19.567,10.7152222169876,3.39401216269143,19.8178994228736,362.730769230769,247.923076923077,0,0,0,0,0,0,0,1
65535,10681,0.142857142857143,0.122448979591837,1.06122448979592,0.0612244897959184,0.0408163265306122,0.0816326530612245,0.836734693877551,2.71428571428571,0.142857142857143,0.795918367346939,0.122448979591837,0,1.63265306122449,0.510204081632653,0.0612244897959184,0.489795918367347,0.0612244897959184,0.0816326530612245,1.85714285714286,0.0204081632653061,0.775510204081633,0.571428571428571,1.85714285714286,0.591836734693878,0.387755102040816,1.55102040816327,0.224489795918367,11.9183673469388,0.428571428571429,0.224489795918367,10681,2154,0.459291324239667,0.907407407407407,0.765625,44,23.603,8.60566324968272,7.64428757781128,81.3390254829992,1192.20408163265,246.612244897959,0.0344827586206897,44,10285,0,0,0,0,1
65535,10725,0.590909090909091,0.181818181818182,0.454545454545455,0.363636363636364,0.0909090909090909,0.181818181818182,1.36363636363636,1.40909090909091,0.136363636363636,1.54545454545455,0,0.0454545454545455,1.13636363636364,0.454545454545455,0.590909090909091,0.681818181818182,0.0454545454545455,0.136363636363636,1.59090909090909,0.0454545454545455,0.727272727272727,0.363636363636364,0.454545454545455,0.772727272727273,0.818181818181818,2.18181818181818,0.227272727272727,10.0454545454545,0.409090909090909,0.181818181818182,10725,967,0.761135014418238,44,0.916666666666667,44,14.026,6.66081787936836,4.3201629839845,12.5574174430723,1213.5,248.5,0,0,0,0,0,0,0,1
65535,10769,1.1304347826087,0.195652173913043,0.739130434782609,0.326086956521739,0.130434782608696,0.108695652173913,14.5,2.97826086956522,0.173913043478261,0.782608695652174,0.0652173913043478,0.0217391304347826,NaN,0.782608695652174,0.152173913043478,0.956521739130435,0.130434782608696,0.0869565217391304,1.58695652173913,0,NaN,0.434782608695652,0.978260869565217,0.58695652173913,0.695652173913043,1.78260869565217,0.282608695652174,12.8260869565217,0.260869565217391,0.217391304347826,10769,2022,0.649196932725247,0.938775510204082,0.73015873015873,44,22.106,8.99864688337527,6.84455409401893,-3.48692855930446,737.173913043478,250.130434782609,0,0,0,0,0,0,0,0
65535,10813,0.42,0.18,0.6,0.52,0.16,0.02,1.12,2.3,0.04,1.02,0.04,0.02,1.1,0.36,0.04,0.42,0.12,0.1,1.24,0,0.78,0.38,0.88,0.48,0.9,1.32,0.1,9.1,0.18,0.1,10813,2198,0.774778413028441,0.909090909090909,0.625,44,25.373,10.6329173140776,6.72247990392354,-28.0710473565569,795.42,249.14,0,0,0,0,0,0,0,1
65535,10857,0.2,0.133333333333333,1.13333333333333,1.43333333333333,0.166666666666667,0.0333333333333333,2.76666666666667,3.13333333333333,0.133333333333333,0.966666666666667,0.0666666666666667,0,1.43333333333333,0.8,0.0333333333333333,1.5,0.233333333333333,0.133333333333333,1.36666666666667,0,1.06666666666667,1.06666666666667,2.33333333333333,0.833333333333333,0.166666666666667,2.06666666666667,0.266666666666667,21.7,0.233333333333333,0.466666666666667,10857,1319,0.819700654579924,44,0.75,44,17.599,8.31415206129181,4.7622809604392,-68.0738116762584,269.166666666667,251.366666666667,0.545454545454545,44,11076,0,0,0,0,1
65535,10901,0.192307692307692,0.115384615384615,1.26923076923077,1.5,0.192307692307692,0.0769230769230769,2.38461538461538,3.76923076923077,0.0769230769230769,0.769230769230769,0.307692307692308,0.0384615384615385,2.23076923076923,0.884615384615385,0.0769230769230769,1.11538461538462,0.269230769230769,0.0769230769230769,0.961538461538462,0.0384615384615385,0.653846153846154,0.615384615384615,3.92307692307692,0.461538461538462,0.115384615384615,2.07692307692308,0.192307692307692,24.4230769230769,0.307692307692308,0.384615384615385,10901,1143,0.778262141666704,0.8125,0.541666666666667,44,19.749,8.22644579014969,5.16571040813388,-16.6339865034011,279.423076923077,251.884615384615,0.909090909090909,44,11076,0,0,0,0,1
65535,10944,1.125,0.21875,1.375,0.3125,0.125,0.125,0.84375,2.21875,0.09375,0.78125,0.1875,0.09375,1.5625,0.4375,0.15625,0.625,0.125,0.0625,1.25,0,0.53125,0.21875,1.46875,0.53125,0.5625,1.84375,0.28125,12.84375,0.375,0.125,10944,1407,0.750582813103575,0.941176470588235,0.761904761904762,44,17.698,7.96064621114949,5.2602070840964,33.0187555127109,1201.8125,251.5625,0,0,0,0,0,0,0,1
65535,10988,0.25,0.208333333333333,0.958333333333333,0.333333333333333,0.0833333333333333,0.0833333333333333,0.916666666666667,1.75,0.0416666666666667,1.29166666666667,0.0833333333333333,0,1.04166666666667,0.25,0.0416666666666667,0.25,0.0416666666666667,0.291666666666667,1.45833333333333,0,0.541666666666667,0.416666666666667,0.458333333333333,0.333333333333333,0.666666666666667,1.58333333333333,0.0833333333333333,NaN,0.375,0.25,10988,1055,0.574717566567462,44,0.8,44,14.142,6.18979878767913,5.06543316906542,-19.6048839962283,1263.66666666667,251.875,0,0,0,0,0,0,0,0
65535,11032,0.236220472440945,0.338582677165354,1.02362204724409,2.02362204724409,0.236220472440945,0.062992125984252,4.13385826771654,3.97637795275591,0.307086614173228,1.51968503937008,0.228346456692913,0.078740157480315,1.81889763779528,0.929133858267717,0.102362204724409,1.16535433070866,0.094488188976378,0.165354330708661,1.50393700787402,0.0866141732283465,1.85826771653543,0.897637795275591,2.03149606299213,0.68503937007874,0.425196850393701,3.61417322834646,0.377952755905512,25.259842519685,0.488188976377953,0.322834645669291,11032,5582,0.835284249747062,0.863945578231292,0.610576923076923,44,45.974,18.0738835274764,9.93735288701413,28.2186680718679,15.3779527559055,251.952755905512,0,0,0,0,0,0,0,1
65535,11076,0.0652173913043478,0.195652173913043,0.673913043478261,1.41304347826087,0.217391304347826,0.108695652173913,3.43478260869565,3.71739130434783,0.0652173913043478,1.08695652173913,0.130434782608696,0.0434782608695652,1.76086956521739,0.5,0.0217391304347826,1.41304347826087,0.0434782608695652,0.108695652173913,0.847826086956522,0.0217391304347826,1.06521739130435,0.630434782608696,2.60869565217391,0.804347826086957,0.0652173913043478,2.32608695652174,0.326086956521739,24.9782608695652,0.630434782608696,0.369565217391304,11076,2022,0.668292791211933,0.867924528301887,0.638888888888889,44,24.339,9.32315356105161,6.9354784887091,-7.98189568872304,275.04347826087,254.826086956522,0.785714285714286,88,10857,10901,0,0,0,1
65535,11120,1.43243243243243,0.108108108108108,0.891891891891892,0.432432432432432,0.162162162162162,0.0540540540540541,4.45945945945946,3.72972972972973,0.0540540540540541,1.21621621621622,0.0810810810810811,0.0540540540540541,1.97297297297297,0.405405405405405,0.108108108108108,0.648648648648649,0.243243243243243,0.135135135135135,1.64864864864865,0.027027027027027,1.16216216216216,0.810810810810811,0.891891891891892,0.891891891891892,1.72972972972973,2.37837837837838,0.351351351351351,18.2702702702703,0.459459459459459,0.216216216216216,11120,1626,0.721091844798048,0.948717948717949,0.755102040816326,44,20.022,8.43041181497732,5.84092217651974,-57.0585168815978,123.432432432432,11208,0,0,0,0,0,0,0,0
65535,11164,0.242424242424242,0.121212121212121,1.42424242424242,1.48484848484848,0.0606060606060606,0,3.78787878787879,2.57575757575758,0.0606060606060606,0.575757575757576,0.303030303030303,0.0606060606060606,0.878787878787879,0.363636363636364,0.181818181818182,0.848484848484849,0.0909090909090909,0.0606060606060606,1.12121212121212,0,0.696969696969697,0.242424242424242,2.24242424242424,0.606060606060606,0.727272727272727,1.66666666666667,0.151515151515152,22.6969696969697,0.424242424242424,0.181818181818182,11164,1450,0.909605311284026,0.942857142857143,0.55,44,21.362,10.3572073495343,4.30314454559424,29.5181217339632,257.424242424242,255.606060606061,0,0,0,0,0,0,0,1
65535,11208,0.583333333333333,0.208333333333333,0.458333333333333,0.625,0.166666666666667,0.208333333333333,1.875,3.16666666666667,0.125,1.04166666666667,0.0416666666666667,0.125,0.916666666666667,0.541666666666667,0.0416666666666667,0.708333333333333,0.25,0.0416666666666667,1.66666666666667,0.0416666666666667,0.875,0.708333333333333,0.708333333333333,0.333333333333333,0.583333333333333,2.08333333333333,0.541666666666667,14.8333333333333,0.333333333333333,0.25,11208,1055,0.574717566567462,44,0.8,44,14.142,6.18979878767913,5.06543316906542,19.6048839962283,374.666666666667,256.125,0,0,0,0,0,0,0,1
65535,11252,0.757575757575758,0.121212121212121,0.212121212121212,0.303030303030303,0.0909090909090909,0.0909090909090909,1.06060606060606,2.21212121212121,0.121212121212121,0.696969696969697,0.0606060606060606,0.181818181818182,1.3030303030303,0.454545454545455,0.0303030303030303,0.606060606060606,0.0606060606060606,0.151515151515152,1.09090909090909,0.0303030303030303,1.03030303030303,0.454545454545455,0.424242424242424,0.515151515151515,0.575757575757576,1.48484848484848,0.0909090909090909,10.1818181818182,0.242424242424242,0.212121212121212,11252,1450,0.518396421872094,0.970588235294118,0.673469387755102,44,18.633,7.19231874311441,6.15044252068839,45.5450314991064,849.666666666667,255.606060606061,0,0,0,0,0,0,0,1
65535,11296,0.565217391304348,0.0434782608695652,0.304347826086957,0.347826086956522,0.130434782608696,0.130434782608696,1.21739130434783,2.65217391304348,0.130434782608696,1.8695652173913,0.173913043478261,0,1.34782608695652,0.521739130434783,0.826086956521739,0.652173913043478,0.130434782608696,0.0434782608695652,1.82608695652174,0,1.39130434782609,0.652173913043478,0.869565217391304,0.304347826086957,0.521739130434783,2.43478260869565,0.608695652173913,10.0434782608696,0.304347826086957,0.130434782608696,11296,1011,0.579114017311236,44,0.766666666666667,44,14.233,6.15079763506747,5.01441661838212,-13.4657718510795,1138.60869565217,256.347826086957,0,0,0,0,0,0,0,1
65535,11340,0.333333333333333,0.0833333333333333,0.458333333333333,0.166666666666667,0,0.0833333333333333,0.666666666666667,2.16666666666667,0.0416666666666667,0.5,0.0833333333333333,0.125,1.95833333333333,0.541666666666667,0,0.416666666666667,0.0416666666666667,0.0416666666666667,0.833333333333333,0.0416666666666667,0.375,0.291666666666667,4.625,0.416666666666667,0.583333333333333,0.625,0.0833333333333333,6.5,0,0.125,11340,1055,0.577736424384574,0.96,0.685714285714286,44,15.267,6.2511698670757,5.10235106632971,11.5352061249123,334.083333333333,257.916666666667,0,0,0,0,0,0,0,1
65535,11384,0.65625,0.09375,0.59375,1.1875,0.09375,0.125,2.1875,3.1875,0.0625,0.78125,0.125,0.0625,1.71875,0.5,2.21875,0.5625,0.125,0.0625,2.3125,0,1.21875,0.8125,1.125,0.34375,0.625,2.34375,0.375,15.46875,0.25,0.15625,11384,1407,0.732224553484643,44,0.8,44,17.69,7.8155827251289,5.32290647422377,0,606.875,11340,0.619047619047619,44,11736,0,0,0,0,0
65535,11428,0.4,0.1,0.45,0.4,0.1,0.15,1.25,1.55,0,0.95,0,0.05,1.75,0.5,0.35,0.45,0.1,0.05,NaN,0,0.9,0.45,0.35,0.1,0.85,1.3,0,8.3,0.35,0.3,11428,879,0.572723791785604,0.909090909090909,0.666666666666667,44,15.639,5.92956603526724,4.86075233889485,15.9079011382782,1223.2,257.45,0.8125,44,11560,0,0,0,0,0
65535,11472,0.156862745098039,0.176470588235294,1.09803921568627,1.13725490196078,0.254901960784314,0.0980392156862745,2.88235294117647,3.49019607843137,0.0588235294117647,0.901960784313726,0.137254901960784,0.0882352941176471,1.6078431372549,0.882352941176471,0.0588235294117647,1.14705882352941,0.137254901960784,0.0882352941176471,1.36274509803922,0.0490196078431373,0.92156862745098,0.647058823529412,2.7156862745098,0.754901960784314,0.352941176470588,2.29411764705882,0.333333333333333,23.4509803921569,0.411764705882353,0.411764705882353,11472,4483,0.871666083263768,0.902654867256637,0.708333333333333,44,38.084,16.5389960496527,8.10576583272259,82.5693296226353,87.9313725490196,260.441176470588,0,0,0,0,0,0,0,1
65535,11516,0.402777777777778,0.222222222222222,0.375,0.125,0.0555555555555556,0.0416666666666667,NaN,2.81944444444444,0.0277777777777778,1.01388888888889,0.0972222222222222,0.0555555555555556,2.63888888888889,0.430555555555556,0.0416666666666667,0.416666666666667,0.0555555555555556,0.0416666666666667,0.944444444444444,0.0138888888888889,0.861111111111111,0.388888888888889,2.26388888888889,0.541666666666667,0.666666666666667,1.25,0.0694444444444444,9.75,0.263888888888889,0.111111111111111,11516,3165,0.65338766826678,0.986301369863014,0.727272727272727,44,28.003,11.1339212692589,8.42863986711081,24.5029114269266,1393.625,259.930555555556,0,0,0,0,0,0,0,0
65535,11560,0.645161290322581,0.032258064516129,0.516129032258065,0.161290322580645,0.0967741935483871,0,1.38709677419355,3.70967741935484,0,0.903225806451613,0.032258064516129,0,4.93548387096774,0.709677419354839,0.903225806451613,0.806451612903226,0.0645161290322581,0.032258064516129,1.7741935483871,0.032258064516129,1.12903225806452,0.548387096774194,0.806451612903226,0.870967741935484,0.774193548387097,1.51612903225806,0.225806451612903,9.7741935483871,0.258064516129032,0.0645161290322581,11560,1363,0.903639633620256,0.911764705882353,0.688888888888889,44,20.022,9.85556781169347,4.22107667276243,12.6908223494108,1222.16129032258,261.387096774194,0.652173913043478,44,11428,0,0,0,0,1
65535,11604,0.214285714285714,0.19047619047619,0.30952380952381,0.119047619047619,0.142857142857143,0.0952380952380952,5.33333333333333,2.57142857142857,0,1.47619047619048,0.119047619047619,0.119047619047619,1.64285714285714,0.333333333333333,0.238095238095238,0.761904761904762,0.214285714285714,0.142857142857143,1.28571428571429,0.0238095238095238,1.28571428571429,0.523809523809524,1.5952380952381,0.80952380952381,1.23809523809524,1.85714285714286,0.166666666666667,10.8333333333333,0.357142857142857,0.238095238095238,11604,1846,0.541356365783521,0.954545454545455,0.75,44,21.246,8.20393421376313,6.89781249076425,48.3272125230034,175.428571428571,264.428571428571,0,0,0,0,0,0,0,1
65535,11648,0.340425531914894,0.212765957446809,0.872340425531915,0.617021276595745,0.106382978723404,0.148936170212766,1.82978723404255,2.61702127659574,0.0638297872340425,0.978723404255319,0.0851063829787234,0.0638297872340425,1.31914893617021,0.212765957446809,0.127659574468085,0.617021276595745,0.0638297872340425,0.0638297872340425,1.36170212765957,0.0638297872340425,0.680851063829787,0.425531914893617,1.23404255319149,0.48936170212766,0.404255319148936,1.46808510638298,0.25531914893617,11.4468085106383,0.234042553191489,0.0851063829787234,11648,2066,0.700808848548935,0.92156862745098,0.652777777777778,44,22.495,9.29141415350242,6.62802204998092,23.4483507703204,615.851063829787,264.36170212766,0.655172413793103,88,11736,11911,0,0,0,1
65535,11692,0.444444444444444,0.111111111111111,0.444444444444444,0.111111111111111,0.0740740740740741,0,1.25925925925926,2.92592592592593,0.0740740740740741,NaN,0,0.037037037037037,2.14814814814815,0.407407407407407,0.037037037037037,0.814814814814815,0.0740740740740741,0.259259259259259,1.14814814814815,0,0.740740740740741,0.518518518518518,1.03703703703704,0.333333333333333,0.962962962962963,1.2962962962963,0.148148148148148,10.4074074074074,0.148148148148148,0.0740740740740741,11692,1187,0.792515378109028,44,0.642857142857143,44,16.582,7.69937267024183,4.69547727601961,39.2191825713442,382.444444444444,264.814814814815,0,0,0,0,0,0,0,0
65535,11736,0.142857142857143,0.119047619047619,1.52380952380952,0.166666666666667,0.0952380952380952,0.0952380952380952,1.57142857142857,3.5,0.0476190476190476,1.0952380952381,0.0952380952380952,0.0952380952380952,1.04761904761905,0.5,0.0476190476190476,0.833333333333333,0,0.119047619047619,1.52380952380952,0,0.785714285714286,0.476190476190476,2.04761904761905,0.619047619047619,0.261904761904762,1.66666666666667,0.214285714285714,15.8095238095238,0.285714285714286,0.166666666666667,11736,1846,0.68817345672157,0.84,0.65625,44,24.339,8.97709729390239,6.51329886035418,-51.7340961638532,608.571428571429,263.761904761905,0.777777777777778,132,11384,11648,11911,0,0,1
65535,11780,0.384615384615385,0.153846153846154,0.692307692307692,0.769230769230769,0.0384615384615385,0.0769230769230769,3.61538461538462,3.5,0,0.807692307692308,0.0769230769230769,0.0769230769230769,1.61538461538462,0.884615384615385,2.11538461538462,1.26923076923077,0.0384615384615385,0.0769230769230769,1.15384615384615,0,0.692307692307692,0.384615384615385,2.26923076923077,0.269230769230769,0.307692307692308,NaN,0.269230769230769,29.9615384615385,0.538461538461538,0.615384615384615,11780,1143,0.839805896840535,0.962962962962963,0.8125,44,16.747,7.96992571200813,4.32676730467214,2.02986799046559,725.038461538462,267.576923076923,0.526315789473684,88,11955,12351,0,0,0,0
65535,11824,0.482758620689655,0.137931034482759,0.620689655172414,0.448275862068966,0.241379310344828,0.172413793103448,1.3448275862069,1.89655172413793,0,0.931034482758621,0.241379310344828,0.0344827586206897,NaN,0.344827586206897,0.413793103448276,0.379310344827586,0.0689655172413793,0.137931034482759,1.6551724137931,0.0344827586206897,0.931034482758621,0.310344827586207,0.551724137931034,0.310344827586207,0.448275862068966,1.48275862068966,0.137931034482759,10.5172413793103,0.275862068965517,0.103448275862069,11824,1275,0.732960461212747,0.966666666666667,0.69047619047619,44,16.863,7.48201655811121,5.08980069448732,27.4713275198358,401.137931034483,269.827586206897,0,0,0,0,0,0,0,0
65535,11868,0.321428571428571,0.25,0.821428571428571,0.357142857142857,0.142857142857143,0.0892857142857143,1.58928571428571,2.30357142857143,0.0714285714285714,1.16071428571429,0.0714285714285714,0.142857142857143,1.75,0.25,0.0714285714285714,0.410714285714286,0.178571428571429,0.0535714285714286,2.23214285714286,0.0178571428571429,1.44642857142857,0.482142857142857,0.928571428571429,0.589285714285714,0.982142857142857,2.01785714285714,0.321428571428571,9.89285714285714,0.535714285714286,0.107142857142857,11868,2461,0.83149638970468,0.949152542372881,0.666666666666667,44,26.415,11.5028965470676,6.39020590995927,12.3842225906238,423.928571428571,269.732142857143,0,0,0,0,0,0,0,1
65535,11911,0.405405405405405,0.108108108108108,1.10810810810811,1.21621621621622,0.243243243243243,0.162162162162162,2.78378378378378,4.2972972972973,0.135135135135135,1.08108108108108,0.0810810810810811,0,1.97297297297297,0.891891891891892,0.0540540540540541,1.13513513513514,0,0.108108108108108,1.2972972972973,0,0.918918918918919,0.648648648648649,2.75675675675676,0.486486486486487,0.513513513513513,2.83783783783784,0.513513513513513,25.5405405405405,0.567567567567568,0.378378378378378,11911,1626,0.641372585489025,0.948717948717949,0.770833333333333,44,19.749,8.08086924943564,6.19988180524389,-19.6219015890785,616.405405405405,270.756756756757,0.916666666666667,132,11648,11736,12439,0,0,1
65535,11955,0.466666666666667,0.2,1.23333333333333,0.0666666666666667,0.133333333333333,0.133333333333333,1.73333333333333,3.76666666666667,0.1,1.06666666666667,0.166666666666667,0.0666666666666667,2.03333333333333,0.666666666666667,2.56666666666667,0.7,0.0333333333333333,0.2,2.6,0.0666666666666667,0.866666666666667,0.966666666666667,1.9,0.5,0.733333333333333,2.43333333333333,0.233333333333333,21.4333333333333,0.366666666666667,0.266666666666667,11955,1319,0.755668986048606,0.967741935483871,0.75,44,17.789,7.82287598970576,5.12362177942264,3.50647060190076,32130,270.033333333333,0.666666666666667,88,11780,12351,0,0,0,0
65535,11999,0.21875,0.28125,0.65625,0.09375,0.1875,0.03125,0.65625,1.3125,0.0625,1.71875,0.21875,0.09375,0.84375,0.375,0.125,0.3125,0.21875,0.0625,NaN,0,1.25,0.6875,0.71875,0.40625,0.34375,1.625,0.15625,7.21875,0.40625,0.21875,11999,1407,0.747016310172298,0.914285714285714,0.666666666666667,44,19.104,8.045497425184,5.34869262979508,16.6319400129424,1381.6875,269.71875,0.454545454545455,44,12219,0,0,0,0,0
65535,12043,0.238095238095238,0.0952380952380952,0.857142857142857,0.857142857142857,0.0952380952380952,0.0476190476190476,1.28571428571429,2.61904761904762,0,0.666666666666667,0.285714285714286,0.0952380952380952,0.857142857142857,0.523809523809524,0,0.619047619047619,0.0476190476190476,0.0952380952380952,1.14285714285714,0,1.0952380952381,1.33333333333333,0.952380952380952,0.714285714285714,0.285714285714286,2.04761904761905,0.333333333333333,13.3333333333333,0.142857142857143,0.0476190476190476,12043,923,0.832433661845433,0.954545454545455,0.75,44,14.878,7.18442457406383,3.98106721210501,3.61296993109299,102.761904761905,270.809523809524,0,0,0,0,0,0,0,1
65535,12087,0.7,0.15,0.35,0.4,0.1,0.1,1.25,2.15,0.05,0.5,0.1,0.05,2.05,0.35,0.1,0.4,0,0.05,1.95,0,1.45,0.35,0.45,0.5,0.5,1.95,0.1,8.55,0.35,0.05,12087,879,0.565926230077307,44,0.8,44,13.472,5.72565238489868,4.72054778960776,27.3072846354505,1115.15,271.45,0.4,44,12659,0,0,0,0,1
65535,12131,0.80952380952381,0.238095238095238,0.904761904761905,0.19047619047619,0.0476190476190476,0,1.28571428571429,2.57142857142857,0.0952380952380952,1.23809523809524,0.238095238095238,0.0476190476190476,9.66666666666667,0.380952380952381,0.19047619047619,0.523809523809524,0.142857142857143,0.142857142857143,1.95238095238095,0,1.14285714285714,0.428571428571429,0.952380952380952,0.666666666666667,1.19047619047619,2.85714285714286,0.238095238095238,11.952380952381,0.285714285714286,0.0476190476190476,12131,923,0.760170580526708,44,0.875,44,14.117,6.60395291433389,4.29074371667924,15.1282185817646,1061.80952380952,271.666666666667,0.75,44,12527,0,0,0,0,1
65535,12175,0.272727272727273,0.212121212121212,0.727272727272727,0.303030303030303,0.272727272727273,0.0909090909090909,1.21212121212121,1.39393939393939,0.121212121212121,1.18181818181818,0.0606060606060606,0.0909090909090909,1.27272727272727,0.393939393939394,1.12121212121212,0.515151515151515,0.0909090909090909,0.181818181818182,1.78787878787879,0,0.757575757575758,0.757575757575758,0.757575757575758,0.484848484848485,0.939393939393939,2.12121212121212,0.151515151515152,9.87878787878788,0.606060606060606,0.0909090909090909,12175,1450,0.72026092131863,44,0.785714285714286,44,17.88,7.88214086636231,5.46786677095341,33.6579217903933,1223.0303030303,272.666666666667,0,0,0,0,0,0,0,1
65535,12219,0.791666666666667,0.125,0.833333333333333,0.666666666666667,0.0833333333333333,0.0833333333333333,1.16666666666667,2.66666666666667,0.125,1.41666666666667,0.0416666666666667,0.0833333333333333,1.16666666666667,0.5,0.291666666666667,0.208333333333333,0.166666666666667,0.416666666666667,1.375,0,1.08333333333333,0.333333333333333,0.833333333333333,0.416666666666667,0.916666666666667,2.04166666666667,0.166666666666667,10.5833333333333,0.333333333333333,0.375,12219,1055,0.278436433022918,0.923076923076923,0.666666666666667,44,15.639,5.87771326481076,5.64527709181173,47.6779125214276,1376.375,11955,0.611111111111111,44,11999,0,0,0,0,0
65535,12263,1.09090909090909,0.136363636363636,0.909090909090909,0.0909090909090909,0.0454545454545455,0.0454545454545455,NaN,2.54545454545455,0.318181818181818,0.772727272727273,0.272727272727273,0.0454545454545455,1.45454545454545,0.454545454545455,0.181818181818182,0.181818181818182,0.0454545454545455,0.0909090909090909,1.13636363636364,0.0454545454545455,0.681818181818182,0.454545454545455,0.681818181818182,0.636363636363636,0.590909090909091,1.68181818181818,0.136363636363636,7.86363636363636,0.227272727272727,0.0454545454545455,12263,967,0.678047859496017,44,0.733333333333333,44,13.588,6.26653593858331,4.60601517749261,31.2013520656781,705.5,11999,0,0,0,0,0,0,0,0
65535,12307,0.45,0.2,0.5,0.25,0.05,0,0.7,2.45,0.05,0.65,0,0,1.9,0.4,0,1.1,0.05,0.05,0.9,0,0.7,0.25,0.8,0.8,0.75,2.55,0.05,14.2,0.7,0.3,12307,879,0.873882035057576,44,0.714285714285714,44,14.514,7.53030249267312,3.66076645465231,14.6558131638141,1243.25,272.85,0,0,0,0,0,0,0,1
65535,12351,0.261904761904762,0.285714285714286,1.04761904761905,0.214285714285714,0.0476190476190476,0.166666666666667,1.0952380952381,3.33333333333333,0.0476190476190476,NaN,0.214285714285714,0.0238095238095238,1.42857142857143,0.452380952380952,2.23809523809524,0.571428571428571,0.166666666666667,0.119047619047619,3.83333333333333,0.0238095238095238,1.16666666666667,0.785714285714286,1.30952380952381,0.428571428571429,0.857142857142857,1.97619047619048,0.142857142857143,14.1904761904762,0.333333333333333,0.142857142857143,12351,1846,0.849798923286613,0.976744186046512,0.777777777777778,44,21.8,10.2036982773856,5.37844079304628,22.1138805244525,725.166666666667,274.547619047619,0.346153846153846,88,11780,11955,0,0,0,0
65535,12395,0.347826086956522,0.347826086956522,0.521739130434783,0.260869565217391,0.0434782608695652,0.0434782608695652,1.43478260869565,2.39130434782609,0.0434782608695652,NaN,0.0434782608695652,0.0434782608695652,1.43478260869565,0.521739130434783,0.304347826086957,0.869565217391304,0,0.130434782608696,1.04347826086957,0,1.39130434782609,1.08695652173913,0.695652173913043,0.391304347826087,0.521739130434783,1.60869565217391,0.0869565217391304,9.21739130434783,0.304347826086957,0,12395,1011,0.648930018060987,0.92,0.638888888888889,44,15.275,6.42087465204608,4.88531028097514,42.6016005165822,1287.21739130435,274.086956521739,0,0,0,0,0,0,0,0
65535,12439,0.206896551724138,0.103448275862069,0.689655172413793,1.79310344827586,0.103448275862069,0,2.75862068965517,3.17241379310345,0.137931034482759,0.551724137931034,0.241379310344828,0.0689655172413793,1.51724137931034,0.517241379310345,0.137931034482759,0.793103448275862,0.0689655172413793,0.0689655172413793,0.586206896551724,0.0344827586206897,0.724137931034483,0.586206896551724,NaN,0.689655172413793,0.413793103448276,2.41379310344828,0.344827586206897,27.4137931034483,0.275862068965517,0.379310344827586,12439,1275,0.65331414711257,0.966666666666667,0.805555555555556,44,16.474,7.11169899959096,5.38417438901321,-51.6751962957213,618.551724137931,276.310344827586,0.55,44,11911,0,0,0,0,0
65535,12483,0.242424242424242,0.0303030303030303,1.06060606060606,0.848484848484849,0.181818181818182,0.0606060606060606,2.45454545454545,3.09090909090909,0.0909090909090909,0.363636363636364,0.0909090909090909,0.0303030303030303,1.18181818181818,0.484848484848485,0.0303030303030303,0.606060606060606,0.0606060606060606,0.0303030303030303,1.24242424242424,0.0303030303030303,0.454545454545455,0.666666666666667,2.27272727272727,0.272727272727273,0.454545454545455,1.84848484848485,0.121212121212121,21.0606060606061,0.363636363636364,0.151515151515152,12483,1450,0.823628331842661,0.942857142857143,0.825,44,19.079,8.83371024312548,5.00986157684066,5.09979572191516,944.666666666667,276.393939393939,0,0,0,0,0,0,0,1
65535,12527,0.59375,0.125,0.6875,0.5,0.15625,0.0625,1.21875,1.71875,0.0625,1.15625,0.125,0.03125,8.40625,0.46875,0.1875,0.5,0.03125,0.0625,1.625,0.03125,1.15625,0.78125,0.5625,0.28125,0.53125,2.71875,0.34375,11.125,0.53125,0.1875,12527,1407,0.81535449792519,44,0.8,44,17.971,8.49153946229515,4.91627900214694,17.140282276011,1059.65625,12131,0.5,44,12131,0,0,0,0,0
65535,12571,0.523809523809524,0.333333333333333,0.714285714285714,0.238095238095238,0.0952380952380952,0.0476190476190476,1.85714285714286,2.66666666666667,0.0952380952380952,NaN,0.142857142857143,0.19047619047619,1.28571428571429,0.476190476190476,0.0952380952380952,0.333333333333333,0.0952380952380952,0.142857142857143,1.42857142857143,0.0952380952380952,0.952380952380952,0.333333333333333,0.571428571428571,0.428571428571429,0.761904761904762,1.9047619047619,0.428571428571429,NaN,0.428571428571429,0.238095238095238,12571,923,0.771578417411297,0.954545454545455,0.7,44,14.605,6.72219365337707,4.27621741601049,20.4766561332822,1135.80952380952,275.857142857143,0,0,0,0,0,0,0,0
65535,12615,0.793103448275862,0.206896551724138,0.482758620689655,0.172413793103448,0.0344827586206897,0.310344827586207,1.51724137931034,3.27586206896552,0.0689655172413793,0.448275862068966,0.0689655172413793,0.0689655172413793,1.55172413793103,0.551724137931034,0.103448275862069,0.586206896551724,0.172413793103448,0.103448275862069,0.862068965517241,0.0344827586206897,0.689655172413793,0.310344827586207,0.896551724137931,0.482758620689655,0.344827586206897,1.10344827586207,0.206896551724138,9.62068965517241,0.206896551724138,0.206896551724138,12615,1275,0.674440717325762,44,0.805555555555556,44,16.193,7.14328745660382,5.27409631633923,45,65.4137931034483,277.586206896552,0,0,0,0,0,0,0,1
65535,12659,0.6,0.261538461538462,0.738461538461539,0.307692307692308,0.123076923076923,0.0615384615384615,1.53846153846154,2.10769230769231,0.0461538461538462,1.43076923076923,0.0769230769230769,0.0615384615384615,1.35384615384615,0.630769230769231,0.123076923076923,0.430769230769231,0.0923076923076923,0.138461538461538,1.61538461538462,0.0153846153846154,1.07692307692308,0.615384615384615,0.830769230769231,0.430769230769231,0.553846153846154,2.44615384615385,0.276923076923077,11.4615384615385,0.446153846153846,0.169230769230769,12659,2857,0.878184667709902,0.833333333333333,0.619047619047619,44,35.363,14.2786156506591,6.82977231927243,4.52720604027068,1120.04615384615,277.753846153846,0.157894736842105,44,12087,0,0,0,0,1
65535,12703,0.109243697478992,0.201680672268908,1.09243697478992,1.91596638655462,0.117647058823529,0.0588235294117647,2.78991596638655,3.27731092436975,0.0756302521008403,0.621848739495798,0.184873949579832,0.0504201680672269,1.38655462184874,0.739495798319328,0.0588235294117647,1.10084033613445,0.092436974789916,0.0672268907563025,0.764705882352941,0.00840336134453781,0.789915966386555,0.445378151260504,2.18487394957983,0.739495798319328,0.260504201680672,2.83193277310924,0.252100840336134,29.3781512605042,0.495798319327731,0.294117647058824,12703,5230,0.810189791864817,0.944444444444444,0.74375,44,38.754,16.3198853309255,9.56618865522861,11.0283942752279,1336.55462184874,276.714285714286,0,0,0,0,0,0,0,1
65535,12747,0.521739130434783,0.173913043478261,NaN,0.608695652173913,0.260869565217391,0.173913043478261,3.08695652173913,3.30434782608696,0.130434782608696,0.695652173913043,0.130434782608696,0.173913043478261,1.56521739130435,NaN,0.0869565217391304,0.652173913043478,0.130434782608696,0.434782608695652,1.34782608695652,0,0.956521739130435,0.434782608695652,5.65217391304348,0.652173913043478,0.565217391304348,1.95652173913043,0.304347826086957,17.9130434782609,0.434782608695652,0.130434782608696,12747,1011,0.740366757205936,0.958333333333333,0.766666666666667,44,14.787,6.74548392469675,4.5343354920525,19.1020279919905,151.434782608696,279.608695652174,0,0,0,0,0,0,0,0
65535,12791,1.54166666666667,0.208333333333333,1.04166666666667,0.416666666666667,0.166666666666667,0.208333333333333,6.125,3.20833333333333,0.0416666666666667,0.708333333333333,0.125,0.0833333333333333,3.25,0.791666666666667,0.125,0.875,0.0833333333333333,0.208333333333333,0.875,0.0416666666666667,0.875,0.5,0.833333333333333,0.666666666666667,0.791666666666667,1.95833333333333,0.166666666666667,16.1666666666667,0.25,0.125,12791,1055,0.788878684253228,0.96,0.685714285714286,44,15.093,7.21809073668749,4.43587013952438,17.3351589554903,1036.08333333333,280.916666666667,0,0,0,0,0,0,0,1
65535,12834,0.35,0.1,0.6,0.3,0.2,0.2,2.3,NaN,0,0.6,0.05,0.05,1.1,0.4,0.15,0.6,0.1,0,1.8,0,1.05,0.2,0.5,0.95,NaN,2.25,0,14.95,0.3,0.15,12834,879,0.708665225942011,44,0.833333333333333,44,13.654,6.16173336306476,4.34737951289754,10.8337444683339,179.95,281.6,0,0,0,0,0,0,0,0
65535,12878,0.827586206896552,0.0689655172413793,0.413793103448276,0.275862068965517,0.206896551724138,0.0689655172413793,2.10344827586207,2.10344827586207,0.0344827586206897,0.586206896551724,0.0344827586206897,0.0689655172413793,NaN,0.689655172413793,0.103448275862069,0.655172413793103,0.0689655172413793,0.206896551724138,1.20689655172414,0,0.827586206896552,0.310344827586207,0.551724137931034,0.379310344827586,0.689655172413793,1.44827586206897,0.241379310344828,12.8965517241379,0.275862068965517,0.137931034482759,12878,1275,0.668870989246535,0.935483870967742,0.828571428571429,44,17.21,7.19280466865271,5.34697637189804,12.7559692723771,700.758620689655,282.137931034483,0,0,0,0,0,0,0,0
65535,12922,1.27777777777778,0.166666666666667,0.638888888888889,0.305555555555556,0.0833333333333333,0.0555555555555556,2.61111111111111,2.69444444444444,0.0277777777777778,0.611111111111111,0.111111111111111,0.0555555555555556,1.33333333333333,0.611111111111111,0.0833333333333333,0.444444444444444,0.194444444444444,0.138888888888889,1.27777777777778,0,0.805555555555556,0.388888888888889,0.305555555555556,0.527777777777778,0.833333333333333,NaN,0.305555555555556,13.6666666666667,0.416666666666667,0.111111111111111,12922,1582,0.803957112785063,0.947368421052632,0.8,44,19.84,8.93729909465836,5.31489808770991,7.04470601099229,1003.02777777778,283.138888888889,0,0,0,0,0,0,0,0
65535,12966,0.320512820512821,0.115384615384615,0.423076923076923,0.474358974358974,0.128205128205128,0.115384615384615,1.56410256410256,2.02564102564103,0.0512820512820513,1.33333333333333,0.102564102564103,0.0384615384615385,1.25641025641026,0.448717948717949,0.0641025641025641,0.551282051282051,0.0384615384615385,0.0897435897435897,1.11538461538462,0.0128205128205128,1.47435897435897,0.58974358974359,0.512820512820513,0.41025641025641,0.730769230769231,1.80769230769231,0.230769230769231,9.84615384615385,0.384615384615385,0.166666666666667,12966,3428,0.664755183633737,0.939759036144578,0.722222222222222,44,29.781,11.7207618292717,8.75612725439753,3.96413239337078,912.717948717949,282.935897435897,0,0,0,0,0,0,0,1
65535,13010,0.6,0.3,0.4,0.35,0.05,0,1.15,2.2,0,1.05,0.1,0.15,1.9,0.6,0.05,0.65,0.15,0.2,1.5,0,0.6,0.25,0.9,0.35,0.35,1.45,0.3,NaN,0.25,0.25,13010,879,0.717137165600636,44,0.833333333333333,44,12.736,6.11010092660779,4.25832517937902,0,1387.5,288.5,0,0,0,0,0,0,0,0
65535,13054,0.321428571428571,0.178571428571429,1.21428571428571,1.89285714285714,0.214285714285714,0,3.21428571428571,3.42857142857143,0.178571428571429,1.07142857142857,0.25,0,1.42857142857143,0.642857142857143,0.178571428571429,0.892857142857143,0.142857142857143,0.0714285714285714,1.53571428571429,0,0.75,0.321428571428571,2.28571428571429,0.5,0.642857142857143,2.64285714285714,0.285714285714286,26.8571428571429,0.357142857142857,0.321428571428571,13054,1231,0.552089626478368,44,0.933333333333333,44,15.986,6.64759175871053,5.54266077217199,0,605.5,289.142857142857,0.388888888888889,44,13142,0,0,0,0,1
65535,13098,0.542372881355932,0.11864406779661,0.627118644067797,0.186440677966102,0.186440677966102,0.169491525423729,2.1864406779661,2.57627118644068,0.0508474576271186,0.661016949152542,0.0847457627118644,0.0508474576271186,3.52542372881356,0.542372881355932,0.135593220338983,0.457627118644068,0.152542372881356,0.11864406779661,1.22033898305085,0.0677966101694915,0.745762711864407,0.406779661016949,1.71186440677966,0.389830508474576,0.423728813559322,1.28813559322034,0.186440677966102,15.135593220339,0.271186440677966,0.254237288135593,13098,2593,0.747692674410466,0.907692307692308,0.670454545454545,44,27.821,10.9719691353168,7.28588043986016,68.3385188502226,594.457627118644,288.745762711864,0,0,0,0,0,0,0,1
65535,13142,0.09375,0.28125,0.90625,1.6875,0.09375,0.125,3.65625,3.8125,0.28125,0.84375,0.15625,0.03125,1.53125,0.59375,0.875,1.3125,0.1875,0.09375,1.6875,0,0.84375,0.75,2.71875,0.71875,0.46875,2.125,0.21875,29.90625,0.28125,0.34375,13142,1407,0.93234545427616,0.914285714285714,0.8,44,21.039,10.8611132522415,3.927039035794,7.55175322888908,613.59375,290.40625,0.291666666666667,44,13054,0,0,0,0,1
65535,13186,0.470588235294118,0.117647058823529,0.691176470588235,0.235294117647059,0.102941176470588,0.0882352941176471,5.72058823529412,3.82352941176471,0.117647058823529,1.23529411764706,0.161764705882353,0.0588235294117647,3.35294117647059,0.485294117647059,0.132352941176471,0.691176470588235,0.161764705882353,0.0441176470588235,1.86764705882353,0.0441176470588235,1.55882352941176,0.544117647058823,4.92647058823529,0.735294117647059,1.44117647058824,1.95588235294118,0.264705882352941,14.6176470588235,0.441176470588235,0.279411764705882,13186,2989,0.6451185761643,0.957746478873239,0.772727272727273,44,27.151,10.722515807975,8.19288637528538,-9.1630992372196,141.632352941176,294.558823529412,0,0,0,0,0,0,0,1
65535,13230,0.333333333333333,0.185185185185185,NaN,0.481481481481481,0.111111111111111,0.0740740740740741,2.40740740740741,2.66666666666667,0.111111111111111,1.11111111111111,0.037037037037037,0.037037037037037,1.18518518518519,0.518518518518518,0.111111111111111,0.703703703703704,0.111111111111111,0.148148148148148,1.11111111111111,0,NaN,0.481481481481481,0.814814814814815,0.518518518518518,0.962962962962963,1.85185185185185,0.333333333333333,15.6666666666667,0.296296296296296,0.222222222222222,13230,1187,0.732009314593566,44,0.771428571428571,44,16.011,7.27168602687603,4.95416059035919,8.83851904282952,555.925925925926,295.37037037037,0,0,0,0,0,0,0,0
65535,13274,1.03333333333333,0.166666666666667,0.4,0.166666666666667,0.2,0.0666666666666667,9.56666666666667,4.63333333333333,0.1,0.566666666666667,0.166666666666667,0.133333333333333,1.73333333333333,0.8,0.5,0.933333333333333,0.1,0.133333333333333,3.03333333333333,0.0666666666666667,1.46666666666667,0.533333333333333,1.96666666666667,0.6,4.46666666666667,3.3,0.266666666666667,12.3666666666667,0.433333333333333,0.5,13274,1319,0.64872382681613,0.967741935483871,0.714285714285714,44,16.954,7.19466390102916,5.47531127639791,15.9630405708748,508.866666666667,295.8,0,0,0,0,0,0,0,1
65535,13318,0.428571428571429,0.0857142857142857,0.971428571428571,0.2,0.0857142857142857,0.2,1.85714285714286,4.17142857142857,0,1.02857142857143,0.0857142857142857,0.0285714285714286,2.88571428571429,0.714285714285714,0.2,0.771428571428571,0.142857142857143,0.171428571428571,0.742857142857143,0.0285714285714286,1.05714285714286,0.514285714285714,1.11428571428571,0.6,0.628571428571429,1.82857142857143,0.257142857142857,11.6857142857143,0.314285714285714,0.171428571428571,13318,1538,0.816829292477018,0.897435897435897,0.777777777777778,44,22.743,9.26969612530589,5.34749725963163,85.8740313065185,656.857142857143,294.6,0.0416666666666667,44,13406,0,0,0,0,1
65535,13362,0.202020202020202,0.111111111111111,1.12626262626263,1.52020202020202,0.146464646464646,0.126262626262626,2.93434343434343,3.2979797979798,0.131313131313131,0.818181818181818,0.116161616161616,0.0202020202020202,1.54545454545455,0.681818181818182,0.0757575757575758,1.15656565656566,0.141414141414141,0.0909090909090909,0.762626262626263,0.0202020202020202,0.994949494949495,0.661616161616162,2.47474747474747,0.656565656565657,0.247474747474747,2.53535353535354,0.338383838383838,25.8080808080808,0.419191919191919,0.328282828282828,13362,8703,0.824176069915116,0.846153846153846,0.611111111111111,44,57.759,22.2174945075687,12.5825148104429,-58.012833043208,434.388888888889,299.217171717172,0,0,0,0,0,0,0,1
65535,13406,0.380952380952381,0.0476190476190476,0.619047619047619,0.19047619047619,0.0476190476190476,0.0476190476190476,1.42857142857143,3.04761904761905,0.0476190476190476,NaN,0,0.0952380952380952,1.52380952380952,0.428571428571429,0.476190476190476,0.523809523809524,0.19047619047619,0,0.761904761904762,0,0.857142857142857,0.238095238095238,0.571428571428571,0.380952380952381,0.428571428571429,1.42857142857143,0.380952380952381,11.0952380952381,0.0952380952380952,0.0952380952380952,13406,923,0.73496450927458,44,0.875,44,13.381,6.36380931210564,4.31533456930668,7.20249820514168,664.380952380952,298.571428571429,0.0625,44,13318,0,0,0,0,0
65535,13450,0.387096774193548,0.0967741935483871,0.645161290322581,0.225806451612903,0.0645161290322581,0.032258064516129,1.64516129032258,2.12903225806452,0.032258064516129,0.903225806451613,0,0.0645161290322581,1.25806451612903,0.483870967741936,0.032258064516129,0.451612903225806,0,0.290322580645161,0.967741935483871,0,0.806451612903226,0.193548387096774,0.709677419354839,0.612903225806452,0.483870967741936,1.61290322580645,0.193548387096774,12.4516129032258,0.32258064516129,0.161290322580645,13450,1363,0.568160298700364,0.911764705882353,0.738095238095238,44,17.698,7.05796018778871,5.80812179677573,20.9891968451793,225.741935483871,299.322580645161,0,0,0,0,0,0,0,1
65535,13494,0.357142857142857,0.0714285714285714,0.607142857142857,0.5,0.0714285714285714,0,NaN,2.14285714285714,0.107142857142857,1.25,0.107142857142857,0,2.46428571428571,0.428571428571429,0.464285714285714,0.714285714285714,0.0714285714285714,0.142857142857143,1.39285714285714,0,1.89285714285714,0.392857142857143,0.571428571428571,0.571428571428571,0.285714285714286,2.14285714285714,0.392857142857143,9.39285714285714,0.357142857142857,0.178571428571429,13494,1231,0.796921182736995,0.96551724137931,0.666666666666667,44,16.59,7.8617028376276,4.74912336231912,28.5804804634083,1381.17857142857,300.571428571429,0.181818181818182,44,13758,0,0,0,0,0
65535,13538,0.486842105263158,0.210526315789474,0.631578947368421,0.118421052631579,0.105263157894737,0.0789473684210526,3.09210526315789,3.71052631578947,0.0657894736842105,1.17105263157895,0.105263157894737,0.0789473684210526,2.51315789473684,0.592105263157895,0.0657894736842105,0.986842105263158,0.118421052631579,0.0657894736842105,1.64473684210526,0.0263157894736842,1.48684210526316,0.552631578947368,2.69736842105263,0.763157894736842,0.868421052631579,2.01315789473684,0.368421052631579,14.0921052631579,0.315789473684211,0.263157894736842,13538,3340,0.778391828921326,0.904761904761905,0.703703703703704,44,30.914,12.8323664449533,8.05588698390274,69.0006590898772,60.5526315789474,302.013157894737,0.153846153846154,44,14153,0,0,0,0,1
65535,13582,0.717948717948718,0.205128205128205,0.82051282051282,0.205128205128205,0.102564102564103,0.0512820512820513,4.28205128205128,4.41025641025641,0.128205128205128,0.641025641025641,0.205128205128205,0.0512820512820513,2.97435897435897,1.33333333333333,0.358974358974359,0.769230769230769,0.102564102564103,0.230769230769231,1.43589743589744,0.0769230769230769,1.05128205128205,0.538461538461538,6.1025641025641,0.256410256410256,0.487179487179487,2.12820512820513,0.153846153846154,15.2820512820513,0.384615384615385,0.205128205128205,13582,1714,0.637998570716396,0.928571428571429,0.619047619047619,44,21.362,8.28544687516457,6.38010518741098,9.14926527902676,338.871794871795,305.461538461538,0.56,44,13889,0,0,0,0,1
65535,13626,1.25714285714286,0.114285714285714,0.542857142857143,0.257142857142857,0.0857142857142857,0.0571428571428571,1.4,2.4,0,0.857142857142857,0.114285714285714,0.0571428571428571,4.34285714285714,0.4,0.314285714285714,0.914285714285714,0.0857142857142857,0.142857142857143,1.97142857142857,0.0285714285714286,0.942857142857143,0.571428571428571,0.714285714285714,0.6,0.742857142857143,1.51428571428571,0.2,14.1142857142857,0.428571428571429,0.257142857142857,13626,1538,0.721621650816389,0.897435897435897,0.729166666666667,44,20.303,8.46117547147736,5.85756730007291,-14.3420770033804,1257.45714285714,305.714285714286,0,0,0,0,0,0,0,1
65535,13670,0.116279069767442,0.209302325581395,1.16279069767442,1.27906976744186,0.162790697674419,0.13953488372093,2.41860465116279,2.04651162790698,0.116279069767442,0.930232558139535,0.209302325581395,0.0232558139534884,1.37209302325581,0.581395348837209,0.0465116279069767,1.02325581395349,0.116279069767442,0.0232558139534884,1.25581395348837,0.0465116279069767,1.04651162790698,0.558139534883721,1.48837209302326,0.720930232558139,0.255813953488372,2.44186046511628,0.27906976744186,17.4186046511628,0.27906976744186,0.302325581395349,13670,1890,0.774816077934554,0.811320754716981,0.597222222222222,44,25.166,9.95704646260284,6.29471251596453,-17.3417815436845,1330.27906976744,305.790697674419,0,0,0,0,0,0,0,1
65535,13714,1.2,0.3,1.05,0.55,0.05,0.05,4.4,3.55,0.2,0.6,0.2,0.05,3.75,NaN,0.05,0.75,0,0,1.7,0.1,0.85,0.4,2.8,0.75,1.15,NaN,0.45,18.6,0.15,0.2,13714,879,0.900404959449669,44,0.952380952380952,44,14.671,7.81676798628878,3.40070653176624,2.91974615575872,1181.15,307.05,0,0,0,0,0,0,0,0
65535,13758,1.19512195121951,0.0975609756097561,0.731707317073171,0.317073170731707,0.146341463414634,0.0731707317073171,2.90243902439024,1.95121951219512,0.121951219512195,1.63414634146341,0.146341463414634,0.0731707317073171,2.04878048780488,0.878048780487805,0.24390243902439,0.585365853658537,0.121951219512195,0.268292682926829,1.58536585365854,0.024390243902439,1.60975609756098,0.682926829268293,0.731707317073171,0.634146341463415,0.634146341463415,3.36585365853659,0.341463414634146,13.7317073170732,0.634146341463415,0.219512195121951,13758,1802,0.687055004159883,44,0.759259259259259,44,20.502,8.59250251122865,6.24335880665369,0.845102337160679,1385.39024390244,306.707317073171,0.16,44,13494,0,0,0,0,1
65535,13801,0.857142857142857,0.183673469387755,0.775510204081633,0.142857142857143,0.0816326530612245,0.0408163265306122,1.16326530612245,3.16326530612245,0.0408163265306122,1.59183673469388,0.102040816326531,0.0408163265306122,1.79591836734694,0.469387755102041,1.46938775510204,0.612244897959184,0.0816326530612245,0.102040816326531,1.79591836734694,0.0204081632653061,0.918367346938776,0.469387755102041,1.36734693877551,0.530612244897959,0.571428571428571,2.57142857142857,0.204081632653061,14.3469387755102,0.469387755102041,0.244897959183673,13801,2154,0.54203402334342,0.98,0.875,44,22.536,8.74718114132989,7.35075089542589,5.38182021673059,640.612244897959,307.714285714286,0.423076923076923,44,13977,0,0,0,0,1
65535,13845,0.0408163265306122,0.224489795918367,1.18367346938776,1.12244897959184,0.142857142857143,0.0612244897959184,2.77551020408163,2.83673469387755,0.163265306122449,0.897959183673469,0.163265306122449,0.0816326530612245,1.42857142857143,0.530612244897959,0.0204081632653061,0.653061224489796,0.0408163265306122,0.0612244897959184,1.20408163265306,0,0.836734693877551,0.918367346938776,2.26530612244898,0.489795918367347,0.306122448979592,2.75510204081633,0.224489795918367,25.2857142857143,0.387755102040816,0.387755102040816,13845,2154,0.495711839519006,0.875,0.680555555555556,44,24.827,9.0401988956303,7.85129575429644,2.03603551911344,1344.44897959184,307.326530612245,0,0,0,0,0,0,0,1
65535,13889,1.13953488372093,0.27906976744186,0.348837209302326,0.255813953488372,0.0697674418604651,0.0930232558139535,1.69767441860465,2.72093023255814,0.0697674418604651,1.32558139534884,0.162790697674419,0.0465116279069767,1.93023255813954,0.674418604651163,0.162790697674419,0.674418604651163,0.0697674418604651,0.27906976744186,1.23255813953488,0.0232558139534884,NaN,0.395348837209302,0.604651162790698,0.511627906976744,0.813953488372093,1.88372093023256,0.27906976744186,10.6279069767442,0.302325581395349,0.13953488372093,13889,1890,0.849708407720973,0.934782608695652,0.597222222222222,44,22.404,10.3471928715338,5.45558746103229,36.7136547711129,339.953488372093,310.720930232558,0.586206896551724,44,13582,0,0,0,0,0
65535,13933,0.55,0.2,0.55,0.2,0.1,0.25,1.35,1.8,0,NaN,0.15,0,0.5,0.5,0,0.3,0.1,0.05,1.5,0,0.5,0.35,0.55,0.65,0.55,2.6,0.3,10.8,0.5,0.25,13933,879,0.824115937721148,0.952380952380952,0.714285714285714,44,14.051,6.88582063633332,3.90027445584447,5.73173262752452,106.2,309.75,0,0,0,0,0,0,0,0
65535,13977,0.5,0.227272727272727,0.954545454545455,0.0454545454545455,0.181818181818182,0.227272727272727,0.909090909090909,3.04545454545455,0.0909090909090909,1.04545454545455,0.0454545454545455,0,2.68181818181818,0.409090909090909,0.181818181818182,0.681818181818182,0.0909090909090909,0.0909090909090909,1.31818181818182,0.0454545454545455,0.909090909090909,0.590909090909091,1.40909090909091,0.227272727272727,0.909090909090909,2.45454545454545,0.136363636363636,14.1363636363636,0.272727272727273,0.227272727272727,13977,967,0.772022339171465,44,0.916666666666667,44,14.58,6.81009208349903,4.32846317677141,10.0735128731596,642.681818181818,312.636363636364,0.8125,44,13801,0,0,0,0,1
65535,14021,0.122222222222222,0.122222222222222,1.13333333333333,2.56666666666667,0.122222222222222,0.0888888888888889,3.96666666666667,3.41111111111111,0.155555555555556,1.03333333333333,0.166666666666667,0.0444444444444444,1.38888888888889,0.822222222222222,0.122222222222222,1.33333333333333,0.111111111111111,0.166666666666667,1.21111111111111,0.0222222222222222,1.27777777777778,0.933333333333333,2.27777777777778,0.711111111111111,0.2,3.17777777777778,0.333333333333333,28.6777777777778,0.388888888888889,0.355555555555556,14021,3956,0.914028828162837,0.865384615384615,0.46875,44,39.631,18.1108291123899,7.34664396195888,-27.3655697942549,20.8444444444444,313.588888888889,0,0,0,0,0,0,0,1
65535,14065,0.226086956521739,0.165217391304348,1.09565217391304,1.12173913043478,0.121739130434783,0.0782608695652174,3.54782608695652,3.62608695652174,0.156521739130435,0.956521739130435,0.173913043478261,0.0434782608695652,1.30434782608696,0.730434782608696,0.0608695652173913,1.19130434782609,0.11304347826087,0.121739130434783,1.2,0.0347826086956522,1.14782608695652,0.608695652173913,2.37391304347826,0.869565217391304,0.243478260869565,2.42608695652174,0.226086956521739,22.7478260869565,0.339130434782609,0.365217391304348,14065,5055,0.66433882479575,0.974576271186441,0.821428571428571,44,36.215,14.1194823099941,10.5533465853106,-1.7934746546583,146.478260869565,313.713043478261,0,0,0,0,0,0,0,1
65535,14109,1.07692307692308,0.153846153846154,0.769230769230769,0.346153846153846,0.115384615384615,0.115384615384615,1.5,2.30769230769231,0.153846153846154,0.769230769230769,0.0769230769230769,0.0384615384615385,3.96153846153846,0.730769230769231,0.0384615384615385,0.692307692307692,0.153846153846154,0.0384615384615385,1.11538461538462,0.0769230769230769,0.461538461538462,0.346153846153846,0.961538461538462,0.384615384615385,0.692307692307692,1.61538461538462,0.0769230769230769,12.9230769230769,0.384615384615385,0.192307692307692,14109,1143,0.490306476243069,44,0.866666666666667,44,15.25,6.27324346557274,5.46744590692221,82.7558983859838,1242.11538461538,314.307692307692,0,0,0,0,0,0,0,1
65535,14153,0.221052631578947,0.178947368421053,0.515789473684211,0.326315789473684,0.0736842105263158,0.0736842105263158,2.16842105263158,3.08421052631579,0.0736842105263158,0.747368421052632,0.0631578947368421,0.0736842105263158,1.08421052631579,0.4,0.0736842105263158,1.38947368421053,0.105263157894737,0.0842105263157895,0.726315789473684,0.0315789473684211,0.831578947368421,0.336842105263158,1.68421052631579,0.8,0.231578947368421,1.63157894736842,0.157894736842105,17.2631578947368,0.336842105263158,0.263157894736842,14153,4176,0.702685936522147,0.95959595959596,0.71969696969697,44,33.519,13.3227590442217,9.47914516289962,-27.3759979266866,61.8526315789474,315.463157894737,0.142857142857143,44,13538,0,0,0,0,1
65535,14197,0.550724637681159,0.231884057971015,0.521739130434783,0.318840579710145,0.115942028985507,0.072463768115942,1.7536231884058,2.69565217391304,0.0434782608695652,1.47826086956522,0.231884057971015,0.0434782608695652,3.10144927536232,0.536231884057971,0.130434782608696,0.63768115942029,0.144927536231884,0.202898550724638,1.82608695652174,0,1.88405797101449,0.63768115942029,0.695652173913043,0.521739130434783,0.985507246376812,2.08695652173913,0.217391304347826,12.695652173913,0.550724637681159,0.115942028985507,14197,3033,0.701728071279558,0.907894736842105,0.696969696969697,44,29.665,11.4393946715162,8.14993821973762,11.9657711149592,1150.40579710145,315.405797101449,0,0,0,0,0,0,0,1
65535,14241,0.25,0.1,0.45,0.35,0.05,0.05,1.175,2.375,0.05,0.65,0.1,0.075,NaN,0.325,0.075,0.75,0.15,0.025,1.175,0.05,0.6,0.425,0.825,0.4,0.8,1.525,0.175,14.05,0.375,0.325,14241,1758,0.44682604616679,0.975609756097561,0.816326530612245,44,19.658,7.64185959990828,6.83656701290613,37.6719901520802,1292.175,316.3,0,0,0,0,0,0,0,0
65535,14285,0.411764705882353,0.284313725490196,1.03921568627451,1.3921568627451,0.166666666666667,0.205882352941176,8.42156862745098,3.17647058823529,0.176470588235294,1.17647058823529,0.107843137254902,0.0980392156862745,1.43137254901961,0.950980392156863,0.166666666666667,1.06862745098039,0.156862745098039,0.147058823529412,1.14705882352941,0.0294117647058824,1.50980392156863,0.872549019607843,3.61764705882353,0.745098039215686,0.617647058823529,2.65686274509804,0.294117647058824,18.578431372549,0.431372549019608,0.362745098039216,14285,4483,0.540537194355533,0.953271028037383,0.772727272727273,44,34.354,12.6230801832273,10.6200513135277,82.1814647389597,7604,319.774509803922,0,0,0,0,0,0,0,0
65535,14329,0.6,0.08,0.4,0.2,0.08,0.08,1.64,2.76,0.04,0.48,0.12,0,3.4,0.76,0.16,0.48,0,0.12,1.64,0.04,1.12,0.36,5.8,0.8,0.64,1.16,0.16,12.4,0.24,0.08,14329,1099,0.810158192729356,44,0.892857142857143,44,15.341,7.46412636422097,4.37555531168424,4.34868438200695,791.88,321.56,0.166666666666667,44,14417,0,0,0,0,1
65535,14373,0.212121212121212,0.121212121212121,0.909090909090909,0.757575757575758,0.0909090909090909,0.0909090909090909,1.81818181818182,2.45454545454545,0.181818181818182,0.878787878787879,0.121212121212121,0.0303030303030303,0.848484848484849,0.393939393939394,0,0.939393939393939,0.121212121212121,0.0303030303030303,1.21212121212121,0.121212121212121,0.606060606060606,0.636363636363636,1.42424242424242,0.575757575757576,0.363636363636364,2.15151515151515,0.151515151515152,19.7272727272727,0.424242424242424,0.212121212121212,14373,1450,0.80045727363182,0.942857142857143,0.825,44,18.434,8.50081230386493,5.09530033376473,-1.96508777286274,1354.54545454545,321.818181818182,0,0,0,0,0,0,0,1
65535,14417,0.344827586206897,0.0862068965517241,0.758620689655172,0.137931034482759,0.0517241379310345,0.120689655172414,1.13793103448276,4.41379310344828,0.103448275862069,0.948275862068966,0.0344827586206897,0.0517241379310345,2.06896551724138,0.758620689655172,0.0862068965517241,0.913793103448276,0.103448275862069,0.155172413793103,0.741379310344828,0.0517241379310345,NaN,0.568965517241379,1.44827586206897,0.586206896551724,1.39655172413793,1.82758620689655,0.275862068965517,14.1724137931034,0.293103448275862,0.0689655172413793,14417,2549,0.668630718292567,0.966666666666667,0.805555555555556,44,24.43,10.0681058209836,7.48658934686961,30.8675423186585,782.103448275862,324.724137931034,0.1,44,14329,0,0,0,0,0
65535,14461,0.333333333333333,0.111111111111111,0.866666666666667,1.22222222222222,0.0888888888888889,0.177777777777778,2.31111111111111,NaN,0.311111111111111,0.6,0.2,0,1.86666666666667,0.577777777777778,0.155555555555556,0.511111111111111,0.0222222222222222,0.133333333333333,1.04444444444444,0.0444444444444444,0.622222222222222,0.377777777777778,1.53333333333333,0.666666666666667,0.377777777777778,2.02222222222222,0.177777777777778,NaN,0.444444444444444,0.177777777777778,14461,1978,0.878100223059364,0.918367346938776,0.681818181818182,44,24.521,11.1478841784504,5.33400336746267,13.4261969633869,1257.71111111111,322.933333333333,0,0,0,0,0,0,0,0
65535,14505,0.25,0.22972972972973,1.16891891891892,0.972972972972973,0.155405405405405,0.0810810810810811,5.40540540540541,3.35135135135135,0.114864864864865,1.02027027027027,0.141891891891892,0.0608108108108108,1.64189189189189,0.702702702702703,0.128378378378378,1.09459459459459,0.114864864864865,0.114864864864865,1.42567567567568,0.027027027027027,1.02702702702703,0.722972972972973,2.42567567567568,0.695945945945946,0.310810810810811,2.58108108108108,0.263513513513513,20.4391891891892,0.405405405405405,0.304054054054054,14505,6505,0.772382423783809,0.961038961038961,0.725490196078431,44,43.799,17.5216357762062,11.1290030875877,-18.5513978160726,13318,326.378378378378,0,0,0,0,0,0,0,0
65535,14549,0.70873786407767,0.184466019417476,0.87378640776699,0.213592233009709,0.135922330097087,0.174757281553398,1.15533980582524,3.12621359223301,0.0388349514563107,0.825242718446602,0.12621359223301,0.058252427184466,1.7378640776699,0.592233009708738,0.106796116504854,0.660194174757282,0.087378640776699,0.106796116504854,1.04854368932039,0.0485436893203883,0.912621359223301,0.368932038834951,1.76699029126214,0.631067961165049,0.58252427184466,2.44660194174757,0.359223300970874,16.2233009708738,0.339805825242718,0.194174757281553,14549,4527,0.620216830110478,0.741007194244604,0.572222222222222,44,51.507,14.3717043816638,11.2736021026335,24.4063212352482,852.485436893204,327.029126213592,0.0188679245283019,44,15296,0,0,0,0,1
65535,14593,0.272727272727273,0.0909090909090909,0.666666666666667,0.303030303030303,0.0909090909090909,0,1.24242424242424,3.72727272727273,0,0.848484848484849,0.0909090909090909,0.0606060606060606,1.09090909090909,0.454545454545455,0.121212121212121,0.878787878787879,0.0606060606060606,0.0606060606060606,0.727272727272727,0.0303030303030303,0.636363636363636,0.575757575757576,1.84848484848485,0.484848484848485,0.151515151515152,1.75757575757576,0.181818181818182,15.8787878787879,0.272727272727273,0.212121212121212,14593,1450,0.809654575012948,44,0.733333333333333,44,19.377,8.72465660673918,5.12055937797176,0.371153304804581,1295.51515151515,326.333333333333,0,0,0,0,0,0,0,1
65535,14637,0.349397590361446,0.662650602409639,0.987951807228916,0.433734939759036,0.132530120481928,0.108433734939759,1.46987951807229,3.20481927710843,0.0481927710843374,3.8433734939759,0.0963855421686747,0.120481927710843,2.08433734939759,0.337349397590361,0.156626506024096,0.746987951807229,0.120481927710843,0.120481927710843,1.01204819277108,0.0481927710843374,0.686746987951807,0.493975903614458,3.3855421686747,0.530120481927711,0.433734939759036,1.71084337349398,0.192771084337349,16.9397590361446,0.409638554216867,0.27710843373494,14637,3648,0.792378658737316,0.882978723404255,0.658730158730159,44,34.718,13.906912958107,8.48362795978047,1.36487563072539,49492,325.879518072289,0.261904761904762,44,15076,0,0,0,0,0
65535,14681,0.161290322580645,0.193548387096774,1.09677419354839,1.61290322580645,0.161290322580645,0,2.67741935483871,3.38709677419355,0.129032258064516,0.935483870967742,0.129032258064516,0.032258064516129,1.29032258064516,0.967741935483871,0.0967741935483871,1.29032258064516,0.0645161290322581,0.0967741935483871,NaN,0.0645161290322581,0.741935483870968,0.838709677419355,2.51612903225806,0.645161290322581,0.258064516129032,2.83870967741936,0.32258064516129,30.9032258064516,0.258064516129032,0.516129032258065,14681,1363,0.839272271588952,0.911764705882353,0.775,44,18.343,8.68381077867376,4.72148665748669,-11.0474446879213,1343.48387096774,326.709677419355,0.5,44,14988,0,0,0,0,0
65535,14724,0.296296296296296,0.203703703703704,1.18518518518519,1.5,0.166666666666667,0.111111111111111,3.68518518518519,2.92592592592593,0.222222222222222,NaN,0.148148148148148,0.0185185185185185,1.25925925925926,0.648148148148148,0.0740740740740741,0.87037037037037,0.259259259259259,0.037037037037037,1.62962962962963,0.0555555555555556,1.01851851851852,0.888888888888889,NaN,0.574074074074074,0.259259259259259,2.62962962962963,0.314814814814815,24.1111111111111,0.425925925925926,0.481481481481481,14724,2374,0.549338357382343,0.964285714285714,0.75,44,24.521,9.2873414008588,7.76050252517601,-23.3285328020337,20.3888888888889,326.907407407407,0,0,0,0,0,0,0,0
65535,14768,0.15625,0.21875,0.875,0.375,0.09375,0.0625,1.65625,2.875,0.0625,1.125,0.1875,0.0625,NaN,0.78125,0.0625,0.71875,0.09375,0.0625,1.40625,0.0625,1.09375,0.34375,0.96875,0.625,0.5,1.96875,0.3125,9.71875,0.15625,0.21875,14768,1407,0.783940869515863,44,0.8,44,18.707,8.29206871589327,5.14801059415876,19.9950140175503,520.03125,328.15625,0,0,0,0,0,0,0,0
65535,14812,0.294117647058824,0.117647058823529,0.352941176470588,0.323529411764706,0.147058823529412,0.0588235294117647,1.32352941176471,2.32352941176471,0.0294117647058824,1.11764705882353,0.0588235294117647,0.0294117647058824,1.05882352941176,0.558823529411765,0.147058823529412,0.558823529411765,0.0882352941176471,0.147058823529412,1.08823529411765,0,0.941176470588235,0.617647058823529,0.794117647058823,0.5,0.823529411764706,3.32352941176471,0.323529411764706,11.7647058823529,0.617647058823529,0.205882352941176,14812,1494,0.772480076483399,0.829268292682927,0.62962962962963,44,22.007,8.68338444929823,5.51428777671815,-16.0139011599154,1271.76470588235,328.294117647059,0.75,88,15120,15164,0,0,0,1
65535,14856,0.318181818181818,0.0909090909090909,0.363636363636364,0.5,0.181818181818182,0,1.27272727272727,2.40909090909091,0.0909090909090909,1.18181818181818,0.0909090909090909,0.0454545454545455,1.27272727272727,0.181818181818182,0.136363636363636,0.590909090909091,0.0909090909090909,0.181818181818182,1.13636363636364,0.0909090909090909,1.31818181818182,0.727272727272727,0.5,0.772727272727273,0.363636363636364,2.59090909090909,0.181818181818182,11.9090909090909,0.818181818181818,0.272727272727273,14856,967,0.761135014418238,44,0.916666666666667,44,14.026,6.66081787936836,4.3201629839845,12.5574174430723,1389.5,328.5,0,0,0,0,0,0,0,1
65535,14900,0.547619047619048,0.214285714285714,0.571428571428571,0.261904761904762,0.0476190476190476,0.0238095238095238,1.88095238095238,3.47619047619048,0.0714285714285714,0.976190476190476,0.0714285714285714,0,1.45238095238095,0.428571428571429,0.0238095238095238,0.880952380952381,0.238095238095238,0.0476190476190476,1.88095238095238,0.0238095238095238,1.47619047619048,0.5,0.80952380952381,0.761904761904762,0.833333333333333,1.45238095238095,0.357142857142857,10.2857142857143,0.380952380952381,0.0952380952380952,14900,1846,0.609543359014423,0.954545454545455,0.666666666666667,44,21.271,8.36473067016501,6.63116308798849,5.14527109628256,406.904761904762,328.47619047619,0,0,0,0,0,0,0,1
65535,14944,0.545454545454545,0,0.5,0.363636363636364,0.0454545454545455,0.0909090909090909,1.18181818181818,2.40909090909091,0.0909090909090909,0.545454545454545,0.0454545454545455,0,1.68181818181818,0.272727272727273,0.136363636363636,0.5,0.181818181818182,0.0454545454545455,1.22727272727273,0.0454545454545455,0.772727272727273,0.227272727272727,0.681818181818182,0.227272727272727,0.818181818181818,1.63636363636364,0.318181818181818,NaN,0.454545454545455,0.0454545454545455,14944,967,0.630166852548983,0.956521739130435,0.88,44,13.935,6.11595416306473,4.74879221911267,49.4167073256095,1039.90909090909,331.954545454545,0.3125,44,15340,0,0,0,0,0
65535,14988,0.365853658536585,0.121951219512195,1.07317073170732,0.463414634146341,0.195121951219512,0.0975609756097561,1.26829268292683,NaN,0.0731707317073171,1.21951219512195,0.219512195121951,0.024390243902439,1.14634146341463,0.341463414634146,0.0731707317073171,1.07317073170732,0.170731707317073,0.170731707317073,1.46341463414634,0.024390243902439,0.463414634146341,0.365853658536585,1.80487804878049,0.51219512195122,0.365853658536585,2.46341463414634,0.341463414634146,16.5853658536585,0.463414634146341,0.0975609756097561,14988,1802,0.722094532667187,0.931818181818182,0.759259259259259,44,22.95,9.0062073448268,6.23044376746957,-8.16930150189207,1348.48780487805,331.487804878049,0.407407407407407,44,14681,0,0,0,0,0
65535,15032,0.542857142857143,0.171428571428571,0.8,0.2,0.0571428571428571,0.114285714285714,1.2,3.08571428571429,0.142857142857143,1.02857142857143,0.0857142857142857,0.0857142857142857,0.828571428571429,0.285714285714286,0.0285714285714286,0.371428571428571,0.0857142857142857,0.142857142857143,1.02857142857143,0,0.657142857142857,0.485714285714286,1.34285714285714,0.4,0.742857142857143,1.85714285714286,0.342857142857143,12.2285714285714,0.457142857142857,0.0857142857142857,15032,1538,0.728396667407758,0.945945945945946,0.729166666666667,44,19.377,8.29452320063255,5.68303961766387,-26.9832986921004,765.714285714286,334.628571428571,0,0,0,0,0,0,0,1
65535,15076,0.526315789473684,NaN,0.973684210526316,0.236842105263158,0.157894736842105,0.131578947368421,1.05263157894737,3.07894736842105,0.131578947368421,NaN,0.105263157894737,0.157894736842105,3.60526315789474,0.684210526315789,0.157894736842105,0.447368421052632,0.105263157894737,0.0789473684210526,0.5,0.0526315789473684,NaN,0.473684210526316,2.73684210526316,0.631578947368421,0.210526315789474,1.89473684210526,0.421052631578947,13.6842105263158,0.552631578947368,0.289473684210526,15076,1670,0.484227138145187,0.95,0.775510204081633,44,19.377,7.53167822603671,6.58978408667898,16.6199856540662,1128.97368421053,332.342105263158,0.478260869565217,44,14637,0,0,0,0,0
65535,15120,0.36,0.16,0.84,0.04,0.04,0.08,1.08,3.64,0,0.84,0.12,0,0.96,0.44,0.2,0.64,0.08,0.12,1.72,0.04,0.36,0.56,NaN,0.64,0.12,1.84,0.28,15.52,0.56,0.08,15120,1099,0.719884367989379,0.925925925925926,0.714285714285714,44,16.102,7.05650482298676,4.89787773937154,-72.713536722536,1275.04,333.56,0.947368421052632,88,14812,15164,0,0,0,0
65535,15164,0.450704225352113,0.28169014084507,0.929577464788732,0.47887323943662,0.197183098591549,0.0422535211267606,1.74647887323944,2.15492957746479,0.0985915492957746,1.25352112676056,0.0845070422535211,0.112676056338028,1.46478873239437,0.563380281690141,0.112676056338028,0.690140845070423,0.112676056338028,0.0985915492957746,1.29577464788732,0.028169014084507,0.76056338028169,0.563380281690141,1.52112676056338,0.422535211267606,0.394366197183099,1.83098591549296,0.323943661971831,13.2253521126761,0.295774647887324,0.197183098591549,15164,3121,0.839912018962353,0.89873417721519,0.606837606837607,44,32.692,13.2533892370253,7.19291361951925,-64.9187575148389,1269.6338028169,334.619718309859,0.575,88,14812,15120,0,0,0,1
65535,15208,0.452380952380952,0.166666666666667,1.11904761904762,0.785714285714286,0.0952380952380952,0,2.83333333333333,3.80952380952381,0.0952380952380952,1.4047619047619,0.0952380952380952,0.0238095238095238,1.76190476190476,0.80952380952381,0.0714285714285714,1.28571428571429,0.0238095238095238,0.0952380952380952,1.45238095238095,0,1.4047619047619,0.80952380952381,3.26190476190476,1.02380952380952,0.523809523809524,2.85714285714286,0.261904761904762,21.0952380952381,0.452380952380952,0.357142857142857,15208,1846,0.690083008856718,0.933333333333333,0.75,44,21.064,8.72707957913079,6.31605128131698,14.445886565126,333.5,336.142857142857,0,0,0,0,0,0,0,1
65535,15252,0.56,0.08,0.32,0,0.08,0.08,1.72,2.16,0,0.84,0.2,0,6.04,0.32,0,0.48,0,0.24,0.8,0.08,0.72,0.48,NaN,0.36,0.8,1.08,0.04,13.36,0.36,0.16,15252,1099,0.634698018575242,0.961538461538462,0.833333333333333,44,15.159,6.53961921742351,5.05355787122022,9.54055721447679,1285.4,337.24,0,0,0,0,0,0,0,0
65535,15296,0.27027027027027,0.189189189189189,1.43243243243243,0.216216216216216,0.405405405405405,0.135135135135135,0.972972972972973,3.43243243243243,0.162162162162162,1.35135135135135,0.135135135135135,0.0540540540540541,1.89189189189189,0.432432432432432,0.162162162162162,0.756756756756757,0.108108108108108,0.108108108108108,1.24324324324324,0.027027027027027,0.594594594594595,0.459459459459459,5.35135135135135,0.702702702702703,0.378378378378378,1.43243243243243,0.378378378378378,15.7027027027027,0.351351351351351,0.189189189189189,15296,1626,0.885317369016709,0.948717948717949,0.74,44,21.337,10.2776795146497,4.77899008259466,11.9147247389824,848.837837837838,338.054054054054,0.12,44,14549,0,0,0,0,1
65535,15340,0.541666666666667,0.291666666666667,0.5,0.208333333333333,0.0833333333333333,0.0416666666666667,1.29166666666667,1.25,0,0.583333333333333,0.25,0.0833333333333333,1.375,0.333333333333333,0.0833333333333333,0.666666666666667,0.0416666666666667,0.25,1.375,0.0416666666666667,0.791666666666667,0.708333333333333,0.541666666666667,0.583333333333333,0.833333333333333,1.91666666666667,0.166666666666667,10.375,0.333333333333333,0.208333333333333,15340,1055,0.623292484054143,0.888888888888889,0.666666666666667,44,17.045,6.64671450035355,5.19765627905831,55.0826621164473,1034.95833333333,336.916666666667,0.315789473684211,44,14944,0,0,0,0,1
65535,15384,0.344827586206897,0.155172413793103,0.879310344827586,0.379310344827586,0.155172413793103,0.0689655172413793,1.43103448275862,3.56896551724138,0.103448275862069,0.724137931034483,0.206896551724138,0.0517241379310345,1.48275862068966,0.53448275862069,0.0689655172413793,0.637931034482759,0.0862068965517241,0.0862068965517241,1.01724137931034,0,0.568965517241379,0.517241379310345,1.41379310344828,0.620689655172414,0.551724137931034,1.79310344827586,0.241379310344828,15.551724137931,0.327586206896552,0.172413793103448,15384,2549,0.773532962345471,0.950819672131147,0.753246753246753,44,25.654,10.974585916873,6.95521043971661,5.48625270014851,296.896551724138,338.189655172414,0,0,0,0,0,0,0,1
65535,15428,0.666666666666667,0.288888888888889,NaN,0.155555555555556,0.244444444444444,0.222222222222222,2.68888888888889,3.46666666666667,0.0888888888888889,3.86666666666667,0.0666666666666667,0.0222222222222222,2.73333333333333,0.688888888888889,0.2,0.777777777777778,0.0444444444444444,0.111111111111111,1.62222222222222,0.0222222222222222,1.06666666666667,0.688888888888889,3.57777777777778,0.6,0.755555555555556,1.88888888888889,0.111111111111111,13.4444444444444,0.466666666666667,0.311111111111111,15428,1978,0.631613227701003,0.9375,0.803571428571429,44,22.354,8.78694191727857,6.81237236023338,-2.78217433805156,114.2,339.422222222222,0.32,44,15735,0,0,0,0,0
65535,15472,0.295454545454545,0.25,1.38636363636364,0.25,0.0227272727272727,0.159090909090909,1.68181818181818,3.34090909090909,0.0454545454545455,1.04545454545455,0.0909090909090909,0,1.54545454545455,0.522727272727273,0.386363636363636,0.590909090909091,0.0227272727272727,0.113636363636364,1.20454545454545,0.0681818181818182,1.06818181818182,0.454545454545455,2.25,0.522727272727273,0.340909090909091,2.18181818181818,0.181818181818182,19.3636363636364,0.386363636363636,0.295454545454545,15472,1934,0.871083897452598,0.897959183673469,0.571428571428571,44,24.918,11.0281318132803,5.41629315804912,19.3972174687963,311.931818181818,341.5,0,0,0,0,0,0,0,1
65535,15516,0.5,0,0.25,0.15,0.15,0,1.5,2.65,0.15,NaN,0.05,0.1,1.7,1.1,0,0.8,0,0.1,1.2,0,2.1,0.55,2.25,0.6,1.35,1.45,0.3,13.65,0.4,0.25,15516,879,0.789073773628629,0.952380952380952,0.666666666666667,44,13.96,6.63886830298983,4.07824647639443,41.188881413594,409.65,14988,0,0,0,0,0,0,0,0
65535,15560,0.272727272727273,0.181818181818182,0.545454545454545,0.5,0.318181818181818,0.0454545454545455,1.5,2.45454545454545,0.0454545454545455,0.909090909090909,0.0909090909090909,0.0454545454545455,NaN,0.363636363636364,0.0454545454545455,0.681818181818182,0.0909090909090909,0.0454545454545455,0.909090909090909,0.0454545454545455,1.18181818181818,0.227272727272727,NaN,0.454545454545455,0.454545454545455,0.954545454545455,0.136363636363636,8.59090909090909,0.318181818181818,0.0454545454545455,15560,967,0.786592070129512,44,0.785714285714286,44,14.324,6.83965059029319,4.22329962144638,7.2085758128726,1023.22727272727,341.590909090909,0,0,0,0,0,0,0,0
65535,15604,0.380952380952381,0.333333333333333,0.666666666666667,0.523809523809524,0.142857142857143,0,0.761904761904762,1.66666666666667,0.0952380952380952,0.523809523809524,0,0,1.28571428571429,0.285714285714286,0.285714285714286,0.380952380952381,0.0952380952380952,0.0476190476190476,1.42857142857143,0,1.47619047619048,0.380952380952381,0.380952380952381,0.428571428571429,0.380952380952381,1.33333333333333,0.333333333333333,8.38095238095238,0.142857142857143,0.0952380952380952,15604,923,0.794209319947594,0.954545454545455,0.75,44,14.233,6.78523124737944,4.12300687271075,3.01199654115981,1077.14285714286,341.666666666667,0,0,0,0,0,0,0,1
65535,15648,0.423076923076923,0.384615384615385,0.653846153846154,0.307692307692308,0.115384615384615,0,1.5,3.30769230769231,0.0384615384615385,1.69230769230769,0.0384615384615385,0,1.42307692307692,0.5,0.0769230769230769,0.576923076923077,0.0384615384615385,0.192307692307692,1.34615384615385,0.115384615384615,1.11538461538462,0.423076923076923,1.34615384615385,0.5,0.576923076923077,NaN,0.153846153846154,12.6538461538462,0.153846153846154,0.230769230769231,15648,1143,0.77207584939176,0.928571428571429,0.722222222222222,44,15.92,7.39269700655534,4.69828364762787,38.7694588835026,522.653846153846,342.461538461538,0,0,0,0,0,0,0,0
65535,15691,0.45,0.15,0.9,0.15,0.15,0.1,1.15,NaN,0.05,1.075,0.075,0.025,2.1,0.45,0.15,0.65,0.025,0.2,1.075,0.05,0.95,0.425,0.575,0.525,0.55,2.05,0.3,12.075,0.375,0.2,15691,1758,0.584848579571339,0.869565217391304,0.714285714285714,44,27.432,8.70957133483295,7.0647033787784,-68.7339244743009,829.725,343.175,0,0,0,0,0,0,0,0
65535,15735,0.745762711864407,0.169491525423729,0.711864406779661,0.169491525423729,0.101694915254237,0.0847457627118644,3.93220338983051,2.8135593220339,0.0847457627118644,0.932203389830508,0.101694915254237,0.0508474576271186,2.5593220338983,0.711864406779661,0.288135593220339,0.542372881355932,0.0677966101694915,0.101694915254237,0.966101694915254,0,0.932203389830508,0.355932203389831,1.71186440677966,0.576271186440678,1.15254237288136,1.84745762711864,0.135593220338983,13.9661016949153,0.254237288135593,0.203389830508475,15735,2593,0.797725367261102,0.936507936507937,0.655555555555556,44,26.415,11.3082968691951,6.81913966111762,44.3494648518454,4703,345.745762711864,0.242424242424242,44,15428,0,0,0,0,0
65535,15779,0.903225806451613,0.0967741935483871,0.548387096774194,0.193548387096774,0.0645161290322581,0.0967741935483871,1.93548387096774,3.12903225806452,0.0645161290322581,0.870967741935484,0.032258064516129,0,3.06451612903226,0.548387096774194,0.161290322580645,0.741935483870968,0.0967741935483871,0.129032258064516,1.09677419354839,0.0645161290322581,1.38709677419355,0.548387096774194,1.25806451612903,0.354838709677419,0.741935483870968,2.12903225806452,0.225806451612903,13.0645161290323,0.387096774193548,0.290322580645161,15779,1363,0.469280313275541,0.96875,0.738095238095238,44,17.144,6.8132025374055,6.01639342796781,8.0367870823732,995.032258064516,346.741935483871,0.409090909090909,44,16043,0,0,0,0,1
65535,15823,0.264705882352941,0.147058823529412,1.07352941176471,0.191176470588235,0.102941176470588,0.132352941176471,1.36764705882353,3.13235294117647,0.0294117647058824,0.897058823529412,0.147058823529412,0.0588235294117647,3.47058823529412,0.294117647058824,0.161764705882353,0.735294117647059,0.0441176470588235,0.0294117647058824,1.17647058823529,0.102941176470588,0.985294117647059,0.632352941176471,4.20588235294118,0.602941176470588,0.397058823529412,1.85294117647059,0.308823529411765,13.3823529411765,0.367647058823529,0.294117647058824,15823,2989,0.921860677292042,0.944444444444444,0.607142857142857,44,31.096,15.2016801310418,5.89097746913165,24.1498638666756,1086.55882352941,345.647058823529,0,0,0,0,0,0,0,1
65535,15867,0.371428571428571,0.114285714285714,0.771428571428571,0.4,0.0571428571428571,0.114285714285714,1.22857142857143,1.8,0,0.342857142857143,0.0571428571428571,0.0285714285714286,1.82857142857143,0.457142857142857,0.0571428571428571,0.571428571428571,0.0571428571428571,0.0285714285714286,0.514285714285714,0.0571428571428571,0.542857142857143,0.0571428571428571,3.88571428571429,0.457142857142857,0.142857142857143,0.914285714285714,0.2,11.9428571428571,0.285714285714286,0.257142857142857,15867,1538,0.595716062220763,44,0.833333333333333,44,17.88,7.53549274004482,6.05247086622484,18.2566909850581,1101.17142857143,346.685714285714,0.409090909090909,44,16395,0,0,0,0,1
65535,15911,0.863636363636364,0.136363636363636,0.863636363636364,0.545454545454545,0.0909090909090909,0.136363636363636,1.81818181818182,2.77272727272727,0.0909090909090909,1.31818181818182,0.136363636363636,0,1.77272727272727,0.636363636363636,0,0.590909090909091,0.136363636363636,0.0454545454545455,1.31818181818182,0,0.772727272727273,0.454545454545455,0.909090909090909,0.318181818181818,0.681818181818182,2.59090909090909,0.318181818181818,15.5909090909091,0.363636363636364,0.0454545454545455,15911,967,0.707701231739386,0.956521739130435,0.733333333333333,44,13.869,6.43461719879362,4.54613317549563,22.0155835515286,859.363636363636,347.863636363636,0,0,0,0,0,0,0,1
65535,15955,0.0975609756097561,0.0975609756097561,0.926829268292683,NaN,0.219512195121951,0.0487804878048781,3.39024390243902,3.80487804878049,0.0975609756097561,1.73170731707317,0.121951219512195,0.024390243902439,1.53658536585366,0.926829268292683,0.0731707317073171,1.51219512195122,0.170731707317073,0.0487804878048781,0.634146341463415,0.0731707317073171,1.58536585365854,0.51219512195122,1.85365853658537,1.04878048780488,0.48780487804878,3.04878048780488,0.414634146341463,NaN,0.414634146341463,0.219512195121951,15955,1802,0.784510698322803,0.931818181818182,0.759259259259259,44,23.223,9.40109979985939,5.82976566295333,19.5099688371856,341.634146341463,346.341463414634,0.740740740740741,44,16131,0,0,0,0,0
65535,15999,0.211764705882353,0.152941176470588,0.752941176470588,0.776470588235294,0.176470588235294,0.0470588235294118,3.41176470588235,2.85882352941176,0.0823529411764706,0.905882352941176,0.223529411764706,0.0235294117647059,1.18823529411765,0.623529411764706,0.0705882352941176,0.729411764705882,0.0588235294117647,0.0588235294117647,1.11764705882353,0.0705882352941176,1.03529411764706,0.694117647058824,1.44705882352941,0.6,0.4,2.52941176470588,0.2,19.5411764705882,0.282352941176471,0.258823529411765,15999,3736,0.837613404562312,0.944444444444444,0.758928571428571,44,32.667,14.2974676987208,7.81018439375621,87.849027176501,641.894117647059,350.047058823529,0,0,0,0,0,0,0,1
65535,16043,0.523809523809524,0.19047619047619,0.333333333333333,0.476190476190476,0.0476190476190476,0.0476190476190476,0.952380952380952,1.95238095238095,0.0476190476190476,NaN,0.0952380952380952,0,1.66666666666667,0.333333333333333,0.19047619047619,0.761904761904762,0.238095238095238,0.142857142857143,1.9047619047619,0.0476190476190476,1.23809523809524,0.571428571428571,0.476190476190476,0.428571428571429,0.857142857142857,1.52380952380952,0.238095238095238,10.4285714285714,0.476190476190476,0.142857142857143,16043,923,0.716239582180023,0.954545454545455,0.7,44,13.96,6.3401246767872,4.42448434432528,15.2225501979848,1000.42857142857,348.761904761905,0.529411764705882,44,15779,0,0,0,0,0
65535,16087,1.1,0.0666666666666667,0.533333333333333,0.0333333333333333,0.0666666666666667,0.166666666666667,16.9,3.13333333333333,0.133333333333333,NaN,0.0666666666666667,0.1,1.4,0.5,0.0666666666666667,0.533333333333333,0.166666666666667,0.0666666666666667,0.9,0.0333333333333333,0.633333333333333,0.366666666666667,0.933333333333333,0.4,0.366666666666667,1.66666666666667,0.133333333333333,12.9,0.233333333333333,0.3,16087,1319,0.658063226032289,0.967741935483871,0.857142857142857,44,16.565,7.20847704042085,5.42771415790734,-85.7749064110312,251.966666666667,351.1,0,0,0,0,0,0,0,0
65535,16131,0.136752136752137,0.230769230769231,0.846153846153846,1.47008547008547,0.179487179487179,0.111111111111111,3.88034188034188,4.70940170940171,0.111111111111111,0.931623931623932,0.128205128205128,0.0427350427350427,1.56410256410256,0.743589743589744,0.0256410256410256,1.47008547008547,0.145299145299145,0.128205128205128,0.760683760683761,0,1.63247863247863,0.760683760683761,2.56410256410256,0.965811965811966,0.273504273504274,3.13675213675214,0.273504273504274,27.1025641025641,0.47008547008547,0.461538461538462,16131,5143,0.884309690297719,0.866666666666667,0.688235294117647,44,45.693,18.7217286929738,8.74119039694539,19.4838316511779,346.65811965812,350.094017094017,0.388888888888889,44,15955,0,0,0,0,1
65535,16175,0.134328358208955,0.104477611940299,1.1044776119403,1.55223880597015,0.0597014925373134,0.0149253731343284,3.64179104477612,4.56716417910448,0.0746268656716418,0.850746268656716,0.208955223880597,0.0298507462686567,1.65671641791045,0.716417910447761,0.0597014925373134,1.35820895522388,0.104477611940299,0.17910447761194,0.985074626865672,0.0298507462686567,0.925373134328358,0.701492537313433,2.64179104477612,0.567164179104478,0.223880597014925,2.65671641791045,0.313432835820896,30.5223880597015,0.432835820895522,0.328358208955224,16175,2945,0.809389033269419,44,0.697916666666667,44,27.912,12.2456457373869,7.19153519384216,16.101189821542,725.522388059701,351.074626865672,0,0,0,0,0,0,0,1
65535,16219,0.28125,0.1875,1.21875,1.21875,0.15625,0,3.28125,1.84375,0.125,0.84375,0.15625,0,1.0625,0.4375,0.125,0.59375,0.03125,0.03125,1.03125,0.03125,0.84375,0.4375,8.5625,0.5625,0.46875,2.40625,0.34375,20.71875,0.3125,0.375,16219,1407,0.809125740681818,0.96969696969697,0.653061224489796,44,18.55,8.49311578296341,4.99085673645763,49.569099052634,172.1875,352.9375,0.391304347826087,44,16615,0,0,0,0,1
65535,16263,0.358974358974359,0.102564102564103,0.358974358974359,0.179487179487179,0.0769230769230769,0.0512820512820513,1.28205128205128,2.43589743589744,0.102564102564103,1.05128205128205,0.0769230769230769,0,2.07692307692308,0.333333333333333,0.0769230769230769,0.923076923076923,0.230769230769231,0.102564102564103,1.25641025641026,0.0256410256410256,1.17948717948718,0.358974358974359,0.564102564102564,0.641025641025641,0.794871794871795,1.53846153846154,0.230769230769231,13.5897435897436,0.435897435897436,0.205128205128205,16263,1714,0.68136410443544,0.975,0.8125,44,19.749,8.32806981261104,6.09568606749799,-3.94328117223856,1371.41025641026,352.538461538462,0,0,0,0,0,0,0,1
65535,16307,0.633333333333333,0.233333333333333,0.366666666666667,0.266666666666667,0.2,0.133333333333333,6.73333333333333,2.16666666666667,0.0666666666666667,1.76666666666667,0.0666666666666667,0.133333333333333,1.83333333333333,0.833333333333333,0.233333333333333,0.5,0.166666666666667,0,2.03333333333333,0.0666666666666667,2.03333333333333,0.433333333333333,0.933333333333333,0.933333333333333,1.8,2.2,0.333333333333333,12.3,0.5,0.1,16307,1319,0.680806813783087,0.967741935483871,0.625,44,17.715,7.38606301506396,5.41001805539747,21.8875327832751,204.4,353.366666666667,0,0,0,0,0,0,0,1
65535,16351,0.62962962962963,0.0740740740740741,0.555555555555556,0.148148148148148,0.148148148148148,0.259259259259259,2.18518518518519,1.81481481481481,0.111111111111111,0.888888888888889,0.222222222222222,0,NaN,0.37037037037037,0.222222222222222,0.740740740740741,0.0740740740740741,0.148148148148148,2.03703703703704,0,1.14814814814815,0.851851851851852,1.11111111111111,0.518518518518518,0.925925925925926,1.37037037037037,0.333333333333333,14.2592592592593,0.296296296296296,0.185185185185185,16351,1187,0.708146008834768,0.870967741935484,0.642857142857143,44,18.178,7.32506892913589,5.17198229392782,-10.9180618387537,517.222222222222,353.592592592593,0,0,0,0,0,0,0,0
65535,16395,1.11538461538462,0.115384615384615,0.461538461538462,0.192307692307692,0.153846153846154,0.192307692307692,1.21153846153846,2.51923076923077,0.115384615384615,0.865384615384615,0.134615384615385,0.0961538461538462,3.26923076923077,0.365384615384615,0.134615384615385,0.365384615384615,0.115384615384615,0.0576923076923077,1.09615384615385,0,0.769230769230769,0.25,1.90384615384615,0.557692307692308,0.365384615384615,2.13461538461538,0.365384615384615,13.5192307692308,0.288461538461538,0.230769230769231,16395,2286,0.791138384297174,0.981132075471698,0.742857142857143,44,24.149,10.6221377112753,6.49689450233412,20.4938329882491,1100.73076923077,353.480769230769,0.366666666666667,44,15867,0,0,0,0,1
65535,16439,0.318181818181818,0.0909090909090909,0.318181818181818,0.363636363636364,0.0454545454545455,0.181818181818182,1.72727272727273,2.13636363636364,0.0909090909090909,1.31818181818182,0.136363636363636,0.0454545454545455,1.40909090909091,0.363636363636364,0.227272727272727,0.454545454545455,0.0454545454545455,0.0909090909090909,1.45454545454545,0,0.772727272727273,0.409090909090909,0.454545454545455,0.181818181818182,0.818181818181818,1.90909090909091,0.272727272727273,10.0454545454545,0.227272727272727,0.0909090909090909,16439,967,0.761135014418238,44,0.916666666666667,44,14.026,6.66081787936836,4.3201629839845,12.5574174430723,240.5,355.5,0,0,0,0,0,0,0,1
65535,16483,0.37037037037037,0.148148148148148,0.444444444444444,0.148148148148148,0.259259259259259,0.148148148148148,NaN,2.77777777777778,0.148148148148148,0.851851851851852,0.0740740740740741,0.111111111111111,1.07407407407407,0.37037037037037,0.0740740740740741,0.851851851851852,0.037037037037037,0.037037037037037,1.03703703703704,0.037037037037037,1.07407407407407,0.777777777777778,0.777777777777778,0.703703703703704,0.481481481481481,1.48148148148148,0.259259259259259,13.2592592592593,0.259259259259259,0.222222222222222,16483,1187,0.69351220280679,44,0.771428571428571,44,16.011,7.02693224322821,5.06251735400899,16.0812710418834,81.3333333333333,356.185185185185,0,0,0,0,0,0,0,0
65535,16527,0.844444444444444,0.111111111111111,0.555555555555556,0.2,0.222222222222222,0.0666666666666667,NaN,3.73333333333333,0.133333333333333,0.888888888888889,0.0222222222222222,0.0222222222222222,3.82222222222222,0.777777777777778,0.0666666666666667,1.02222222222222,0.0666666666666667,0.0222222222222222,1.22222222222222,0,1.13333333333333,0.311111111111111,0.888888888888889,0.355555555555556,1.24444444444444,1.51111111111111,0.177777777777778,15.4,0.177777777777778,0.244444444444444,16527,1978,0.665433291800762,0.978260869565217,0.803571428571429,44,21.982,8.90186987798837,6.64486595346821,19.3278892241255,109.644444444444,356.511111111111,0,0,0,0,0,0,0,0
65535,16571,0.311475409836066,0.229508196721311,0.311475409836066,0.147540983606557,0.0491803278688525,0.0491803278688525,4.62295081967213,2.83606557377049,0.147540983606557,0.934426229508197,0.0491803278688525,0,3.54098360655738,0.377049180327869,0.262295081967213,0.508196721311475,0.0819672131147541,0.147540983606557,1.22950819672131,0.0327868852459016,1.14754098360656,0.475409836065574,0.573770491803279,0.59016393442623,0.868852459016393,1.39344262295082,0.426229508196721,9.78688524590164,0.360655737704918,0.147540983606557,16571,2681,0.584354831687225,0.897058823529412,0.677777777777778,44,27.912,10.0698848065974,8.17169402812012,72.2510118155301,149.655737704918,358.508196721311,0,0,0,0,0,0,0,1
65535,16615,0.217391304347826,0.304347826086957,1.08695652173913,1.26086956521739,0.217391304347826,0.130434782608696,4.08695652173913,3.34782608695652,0.0869565217391304,NaN,0.173913043478261,0.0434782608695652,1.21739130434783,0.565217391304348,0.173913043478261,0.652173913043478,0.0869565217391304,0.173913043478261,1.8695652173913,0,1.1304347826087,0.826086956521739,3.08695652173913,0.652173913043478,0.565217391304348,2.34782608695652,0.478260869565217,21.9565217391304,0.347826086956522,0.391304347826087,16615,1011,0.664609211968394,0.92,0.766666666666667,44,14.514,6.45715720433967,4.82473063396976,-21.0355709001534,172.130434782609,359.04347826087,0.444444444444444,44,16219,0,0,0,0,0
65535,16658,0.709677419354839,0.258064516129032,0.645161290322581,0.258064516129032,0.161290322580645,0.0967741935483871,1.38709677419355,2.16129032258065,0.161290322580645,1.29032258064516,0.0967741935483871,0.0645161290322581,1.7741935483871,0.483870967741936,0.612903225806452,0.645161290322581,0.0645161290322581,0.032258064516129,2.90322580645161,0.0645161290322581,0.935483870967742,0.67741935483871,0.645161290322581,0.483870967741936,0.612903225806452,2.35483870967742,0.419354838709677,9.61290322580645,0.451612903225806,0.258064516129032,16658,1363,0.851365428619476,0.911764705882353,0.645833333333333,44,19.013,8.91278907946481,4.67540913972173,17.2218370181716,527.58064516129,358.41935483871,0,0,0,0,0,0,0,1
65535,16702,0.516129032258065,0.161290322580645,0.354838709677419,0.0967741935483871,0.129032258064516,0,1.51612903225806,2.74193548387097,0.0645161290322581,0.741935483870968,0.129032258064516,0.032258064516129,3.96774193548387,0.580645161290323,0.0645161290322581,0.580645161290323,0.0967741935483871,0.0967741935483871,NaN,0.032258064516129,0.806451612903226,0.67741935483871,3.90322580645161,0.67741935483871,1.48387096774194,1.48387096774194,0.129032258064516,17.3225806451613,0.225806451612903,0.129032258064516,16702,1363,0.834809716076307,0.96875,0.775,44,17.971,8.62487782830663,4.74832806963079,17.1869752312224,1205.67741935484,359.064516129032,0,0,0,0,0,0,0,0
65535,16746,0.740740740740741,0.148148148148148,0.740740740740741,0.333333333333333,0.111111111111111,0.185185185185185,1.07407407407407,3.40740740740741,0.111111111111111,0.888888888888889,0.0740740740740741,0.0740740740740741,1.66666666666667,0.222222222222222,0,0.777777777777778,0.148148148148148,0.185185185185185,1.25925925925926,0,0.851851851851852,0.222222222222222,1.03703703703704,0.259259259259259,0.814814814814815,1.85185185185185,0.222222222222222,16.1111111111111,0.148148148148148,0.296296296296296,16746,1187,0.853265567998461,0.931034482758621,0.675,44,17.971,8.43930764901597,4.40090167052482,24.6283315188525,732.518518518518,359.296296296296,0,0,0,0,0,0,0,1
65535,16790,0.19047619047619,0.19047619047619,1.19047619047619,1.0952380952381,0.19047619047619,0.0952380952380952,3.28571428571429,1.95238095238095,0.0952380952380952,0.666666666666667,0.0952380952380952,0.0476190476190476,1.0952380952381,0.476190476190476,0.0952380952380952,0.714285714285714,0,0.19047619047619,1.42857142857143,0,0.904761904761905,0.761904761904762,1.66666666666667,0.714285714285714,0.238095238095238,2.14285714285714,0.19047619047619,19.9047619047619,0.19047619047619,0.285714285714286,16790,923,0.408898555976527,0.954545454545455,0.7,44,13.588,5.57395662731009,5.08668046710842,-6.04737853850604,505.380952380952,362.285714285714,0,0,0,0,0,0,0,1
65535,16834,0.361111111111111,0.277777777777778,0.777777777777778,0.305555555555556,0.194444444444444,0.138888888888889,1.16666666666667,3.77777777777778,0.0833333333333333,0.666666666666667,0.0277777777777778,0.0555555555555556,1.13888888888889,0.555555555555556,0.0833333333333333,0.861111111111111,0.194444444444444,0.0833333333333333,1.36111111111111,0.0555555555555556,0.472222222222222,0.166666666666667,1.30555555555556,0.472222222222222,0.416666666666667,2.52777777777778,0.333333333333333,15.0833333333333,0.444444444444444,0.222222222222222,16834,1582,0.838804463110299,44,0.666666666666667,44,20.047,9.32493828266098,5.07680225006767,26.2921893482479,64.1944444444444,365.666666666667,0.32,44,17274,0,0,0,0,1
65535,16878,0.185185185185185,0.148148148148148,1.11111111111111,0.814814814814815,0.037037037037037,0.148148148148148,3.14814814814815,NaN,0,0.592592592592593,0.259259259259259,0.111111111111111,1.22222222222222,0.740740740740741,0.148148148148148,0.555555555555556,0.037037037037037,0.148148148148148,1.11111111111111,0.037037037037037,0.851851851851852,0.703703703703704,1.11111111111111,0.407407407407407,0.592592592592593,2.33333333333333,0.37037037037037,18.7037037037037,0.259259259259259,0.111111111111111,16878,1187,0.669432597259396,0.964285714285714,0.9,44,15.895,6.9093789747713,5.13278970872197,23.2897997030611,236.444444444444,366.925925925926,0,0,0,0,0,0,0,0
65535,16922,0.238095238095238,0.174603174603175,0.952380952380952,0.682539682539683,0.111111111111111,0.126984126984127,3.14285714285714,3.6984126984127,0.0634920634920635,0.80952380952381,0.142857142857143,0.0158730158730159,1.52380952380952,0.841269841269841,0.126984126984127,1.15873015873016,0.0793650793650794,0.158730158730159,1.20634920634921,0.0158730158730159,1.15873015873016,0.73015873015873,2.28571428571429,0.825396825396825,0.333333333333333,2.92063492063492,0.26984126984127,22.0793650793651,0.26984126984127,0.19047619047619,16922,2769,0.620776672843288,0.940298507462687,0.777777777777778,44,26.39,10.2386357141796,8.02696190958411,40.5047695244159,474.730158730159,368.555555555556,0,0,0,0,0,0,0,1
65535,16966,0.909090909090909,0.0909090909090909,0.727272727272727,0.272727272727273,0.0454545454545455,0.227272727272727,1.18181818181818,1.90909090909091,0.0909090909090909,1.04545454545455,0,0.0454545454545455,1.5,0.318181818181818,0.0909090909090909,0.454545454545455,0.136363636363636,0.0909090909090909,0.909090909090909,0,0.863636363636364,0.363636363636364,0.590909090909091,0.272727272727273,1.31818181818182,2.27272727272727,0.0454545454545455,NaN,0.227272727272727,0.0454545454545455,16966,967,0.842518064989503,44,0.785714285714286,44,14.605,7.38010512352227,3.97542712391398,12.4388952036856,461.136363636364,368.727272727273,0,0,0,0,0,0,0,0
65535,17010,0.238095238095238,0.142857142857143,0.857142857142857,0.380952380952381,0,0.0476190476190476,1.28571428571429,2.28571428571429,0.0476190476190476,1.33333333333333,0.238095238095238,0.0952380952380952,1.76190476190476,NaN,0.333333333333333,0.380952380952381,0.0476190476190476,0.142857142857143,1.76190476190476,0.142857142857143,1.47619047619048,0.952380952380952,0.571428571428571,0.571428571428571,0.904761904761905,1.66666666666667,0.285714285714286,8.80952380952381,0.523809523809524,0.142857142857143,17010,923,0.73496450927458,44,0.875,44,13.381,6.36380931210564,4.31533456930668,7.20249820514168,1001.38095238095,368.571428571429,0,0,0,0,0,0,0,0
65535,17054,0.304347826086957,0.130434782608696,0.478260869565217,0.0869565217391304,0.0434782608695652,0.260869565217391,0.521739130434783,3.34782608695652,0,0.91304347826087,0.0434782608695652,0.130434782608696,1.39130434782609,0.695652173913043,0.0434782608695652,1.1304347826087,0.260869565217391,0.173913043478261,1.08695652173913,0,0.91304347826087,0.478260869565217,0.478260869565217,0.434782608695652,0.391304347826087,2.52173913043478,0.260869565217391,8.56521739130435,0.304347826086957,0.130434782608696,17054,1011,0.815132234327502,44,0.821428571428571,44,14.787,7.24870016665692,4.19899025681553,10.8822698102272,1151.08695652174,368.652173913044,0,0,0,0,0,0,0,1
65535,17098,0.53448275862069,0.0689655172413793,0.310344827586207,0.120689655172414,0.120689655172414,0.0862068965517241,1.3448275862069,3.62068965517241,0.0689655172413793,1.13793103448276,0.0689655172413793,0.0344827586206897,2.10344827586207,0.568965517241379,0.0689655172413793,0.96551724137931,0.206896551724138,0.224137931034483,1.43103448275862,0,1.32758620689655,0.5,1.03448275862069,0.689655172413793,0.827586206896552,1.81034482758621,0.224137931034483,NaN,0.241379310344828,0.293103448275862,17098,2549,0.755694516528961,0.983050847457627,0.753246753246753,44,25.1,10.7524820694088,7.04206145565482,9.61035153463649,824.844827586207,370.844827586207,0,0,0,0,0,0,0,0
65535,17142,0.391304347826087,0.173913043478261,0.652173913043478,0.260869565217391,0.173913043478261,0.0434782608695652,2.34782608695652,2.52173913043478,0,0.521739130434783,0.0434782608695652,0.0434782608695652,2.04347826086957,0.565217391304348,0.173913043478261,0.956521739130435,0.0869565217391304,0.130434782608696,2.17391304347826,0.0869565217391304,0.478260869565217,0.304347826086957,1.91304347826087,0.739130434782609,0.565217391304348,1.73913043478261,0.304347826086957,10.7391304347826,0.217391304347826,0.260869565217391,17142,1011,0.654333282002836,0.958333333333333,0.766666666666667,44,14.696,6.37213938682681,4.81865189783213,1.4959153729845,489.739130434783,371.391304347826,0,0,0,0,0,0,0,1
65535,17186,0.275862068965517,0.172413793103448,0.689655172413793,0.482758620689655,0.0344827586206897,0,2.31034482758621,2.6551724137931,0.206896551724138,0.379310344827586,0.0344827586206897,0.0344827586206897,1.55172413793103,0.517241379310345,0.655172413793103,0.689655172413793,0.0689655172413793,0.0344827586206897,1.27586206896552,0.0344827586206897,NaN,0.413793103448276,3.17241379310345,0.448275862068966,0.310344827586207,1.82758620689655,0.517241379310345,20.0689655172414,0.241379310344828,0.344827586206897,17186,1275,0.369552254336202,44,0.805555555555556,44,16.011,6.38424657423967,5.93230544050421,29.3501993326857,733.413793103448,371.275862068966,0.2,44,17450,0,0,0,0,0
65535,17230,0.462686567164179,0.283582089552239,0.283582089552239,0.238805970149254,0.0597014925373134,0.0746268656716418,0.850746268656716,2.83582089552239,0.0597014925373134,0.865671641791045,0.0447761194029851,0.0447761194029851,2.34328358208955,0.432835820895522,0.0746268656716418,0.73134328358209,0.17910447761194,0.119402985074627,NaN,0.0149253731343284,1.17910447761194,0.641791044776119,1.14925373134328,0.492537313432836,0.686567164179104,1.28358208955224,0.194029850746269,9.2089552238806,0.298507462686567,0.104477611940299,17230,2945,0.644429331094719,0.943661971830986,0.8375,44,28.259,10.8673486935602,8.30986893098012,4.32179648055041,1274.13432835821,370.492537313433,0,0,0,0,0,0,0,0
65535,17274,0.368421052631579,0.192982456140351,0.754385964912281,0.210526315789474,0.105263157894737,0.0526315789473684,2.47368421052632,3.03508771929825,0.105263157894737,0.421052631578947,0.210526315789474,0.0701754385964912,0.684210526315789,0.491228070175439,0.0526315789473684,0.543859649122807,0.087719298245614,0.0175438596491228,0.473684210526316,0.0350877192982456,0.491228070175439,0.368421052631579,0.771929824561403,0.526315789473684,0.456140350877193,1.70175438596491,0.280701754385965,11.719298245614,0.280701754385965,0.210526315789474,17274,2505,0.783081362669142,0.95,0.7125,44,25.563,10.9895754201411,6.8346287321184,51.1974580682293,58.3684210526316,373.421052631579,0.21875,44,16834,0,0,0,0,1
65535,17318,0.290322580645161,0.241935483870968,1.20967741935484,1.64516129032258,0.112903225806452,0.0645161290322581,2.90322580645161,3.79032258064516,0.0967741935483871,1.08064516129032,0.145161290322581,0.0483870967741935,2.7258064516129,0.596774193548387,0.0806451612903226,1.17741935483871,0.0645161290322581,0.145161290322581,1.24193548387097,0.0161290322580645,0.935483870967742,0.612903225806452,2.14516129032258,0.741935483870968,0.354838709677419,2.62903225806452,0.387096774193548,22.5322580645161,0.5,0.193548387096774,17318,2725,0.837879676049199,0.898550724637681,0.738095238095238,44,28.35,12.40426911515,6.77093194788085,-73.8910617058875,838.612903225806,370.774193548387,0,0,0,0,0,0,0,1
65535,17362,0.319148936170213,0.170212765957447,0.659574468085106,0.659574468085106,0.191489361702128,0.0425531914893617,2.23404255319149,3.40425531914894,0.0212765957446809,0.914893617021277,0.0851063829787234,0.0851063829787234,1.72340425531915,0.638297872340426,0.0851063829787234,1.04255319148936,0.0851063829787234,0.234042553191489,1.38297872340426,0,1.14893617021277,0.595744680851064,1.91489361702128,0.638297872340426,0.531914893617021,2.87234042553191,0.170212765957447,20.936170212766,0.25531914893617,0.48936170212766,17362,2066,0.802015935151953,0.959183673469388,0.671428571428571,44,23.132,10.2014354126194,6.09334426968578,27.8127898292754,852.978723404255,370.851063829787,0,0,0,0,0,0,0,1
65535,17406,0.32,0.08,1.4,0.96,0.24,0.08,1.88,3.32,0.08,0.6,0.04,0.04,1.6,0.56,0.04,0.84,0.2,0.12,1.6,0.04,0.6,0.64,2.88,0.16,0.56,1.16,0.32,15.56,0.32,0.12,17406,1099,0.803623535986486,0.925925925925926,0.714285714285714,44,15.829,7.56106843400514,4.499878976479,65.0248638828541,800.08,372.04,0,0,0,0,0,0,0,1
65535,17450,0.183673469387755,0.142857142857143,0.714285714285714,0.285714285714286,0.122448979591837,0.0204081632653061,2.18367346938776,2.30612244897959,0.142857142857143,0.612244897959184,0.163265306122449,0.0408163265306122,1.44897959183673,0.448979591836735,0.816326530612245,0.836734693877551,0.142857142857143,0.0816326530612245,0.63265306122449,0,0.551020408163265,0.36734693877551,6.57142857142857,0.387755102040816,0.224489795918367,0.979591836734694,0.224489795918367,20.9183673469388,0.26530612244898,0.306122448979592,17450,2154,0.292248797404989,44,0.765625,44,22.561,8.20415005346924,7.8459759274712,72.6944289077349,31910,376.102040816327,0.148148148148148,44,17186,0,0,0,0,0
65535,17494,0.416666666666667,0.270833333333333,0.6875,0.395833333333333,0.104166666666667,0.125,1.66666666666667,2.0625,0.125,1.1875,0.0833333333333333,0.0416666666666667,1.10416666666667,0.583333333333333,0.0833333333333333,0.4375,0.0833333333333333,0.0833333333333333,1.70833333333333,0.0208333333333333,1.02083333333333,0.520833333333333,1.35416666666667,0.354166666666667,0.479166666666667,2.29166666666667,0.25,11.2708333333333,0.354166666666667,0.0625,17494,2110,0.814215133902627,0.979591836734694,0.8,44,22.652,10.3535349017934,6.01088212546497,14.0625913446424,33.25,377.354166666667,0,0,0,0,0,0,0,1
65535,17538,0.428571428571429,0.0476190476190476,0.571428571428571,0.285714285714286,0,0.0952380952380952,1.19047619047619,2.9047619047619,0.0476190476190476,0.523809523809524,0.142857142857143,0.0952380952380952,0.80952380952381,0.761904761904762,0.904761904761905,0.714285714285714,0.0476190476190476,0.142857142857143,1.38095238095238,0.0476190476190476,0.523809523809524,0.619047619047619,1.61904761904762,0.380952380952381,0.238095238095238,1.33333333333333,0.285714285714286,9.85714285714286,0.19047619047619,0.0952380952380952,17538,923,0.489648937252659,44,0.84,44,13.472,5.68767706930555,4.9591975371921,39.6078510662187,1027.14285714286,377.333333333333,0,0,0,0,0,0,0,1
65535,17581,0.826086956521739,0.217391304347826,0.304347826086957,0.391304347826087,0,0.0434782608695652,0.956521739130435,3.34782608695652,0.0869565217391304,0.478260869565217,0.0434782608695652,0.0869565217391304,1.47826086956522,0.478260869565217,0.0869565217391304,0.565217391304348,0,0.0434782608695652,0.739130434782609,0,0.739130434782609,0.652173913043478,1.04347826086957,0.304347826086957,0.434782608695652,1.21739130434783,0.173913043478261,9.91304347826087,0.130434782608696,0.173913043478261,17581,1011,0.680852951580951,0.92,0.766666666666667,44,14.696,6.46344714794975,4.73395885106678,33.1187001713944,948.086956521739,377.869565217391,0,0,0,0,0,0,0,1
65535,17625,0.148148148148148,0.222222222222222,1.07407407407407,0.333333333333333,0.0740740740740741,0.185185185185185,3.25925925925926,4.03703703703704,0.185185185185185,NaN,0.0740740740740741,0,1.22222222222222,0.777777777777778,0.259259259259259,0.666666666666667,0.0740740740740741,0.185185185185185,0.962962962962963,0,0.555555555555556,0.851851851851852,1.88888888888889,0.444444444444444,0.851851851851852,2.40740740740741,0.407407407407407,20.4444444444444,0.666666666666667,0.259259259259259,17625,1187,0.563376814612061,44,0.9,44,15.341,6.5244926494484,5.39053631957884,12.491578503655,230.407407407407,379.074074074074,0,0,0,0,0,0,0,0
65535,17669,0.576923076923077,0.269230769230769,0.423076923076923,0.0384615384615385,0.115384615384615,0,8.88461538461539,2.88461538461538,0.153846153846154,0.423076923076923,0.115384615384615,0.0769230769230769,1.34615384615385,0.884615384615385,0.153846153846154,0.461538461538462,0,0.153846153846154,0.730769230769231,0.0384615384615385,NaN,0.307692307692308,3.34615384615385,0.307692307692308,0.692307692307692,1.96153846153846,0.230769230769231,14.4230769230769,0.461538461538462,0.269230769230769,17669,1143,0.626749963291772,44,0.866666666666667,44,15.25,6.61202513682238,5.15222509143286,17.1078510662187,547.461538461538,379.153846153846,0,0,0,0,0,0,0,0
65535,17713,0.275,0.25,0.7,0.95,0.075,0.075,2.05,2.1,0.2,1.125,0.075,0,1.75,0.425,0.15,0.6,0.125,0.025,1.225,0,0.775,0.575,2.225,0.475,0.175,1.55,0.175,11.55,0.15,0.175,17713,1758,0.787694264917118,0.930232558139535,0.634920634920635,44,22.189,9.47568099584247,5.83764818498824,-64.3813019454232,760.05,380.85,0,0,0,0,0,0,0,1
65535,17757,0.208333333333333,0.125,0.25,0.416666666666667,0.0833333333333333,0.0833333333333333,1.08333333333333,1.58333333333333,0.0416666666666667,0.625,0.0416666666666667,0.0833333333333333,1.54166666666667,0.375,0.0833333333333333,0.375,0.0833333333333333,0.0833333333333333,0.833333333333333,0,0.583333333333333,0.25,0.125,0.166666666666667,0.333333333333333,1.33333333333333,0.125,5.45833333333333,0,0.0416666666666667,17757,1055,0.83094704563337,0.75,0.5,44,20.328,8.49740456144245,4.72754389453262,-30.9750233995143,855.75,381.833333333333,0,0,0,0,0,0,0,1
65535,17801,0.5,0.15625,0.84375,0.3125,0.1875,0.15625,2.28125,3.21875,0.09375,1.03125,0.1875,0.09375,2.25,0.84375,0.03125,0.5,0.03125,0.21875,0.875,0.03125,1.8125,1.09375,9.25,0.5625,0.40625,2.40625,0.125,14.34375,0.15625,0.4375,17801,1407,0.687237032114486,0.842105263157895,0.666666666666667,44,21.064,7.9898846900579,5.80411787494405,17.5945271207176,1383.125,381.84375,0,0,0,0,0,0,0,1
65535,17845,0.126865671641791,0.216417910447761,0.992537313432836,1.47761194029851,0.126865671641791,0.0671641791044776,2.63432835820896,3.59701492537313,0.119402985074627,0.783582089552239,0.149253731343284,0.0298507462686567,1.41791044776119,0.828358208955224,0.0895522388059701,0.985074626865672,0.186567164179104,0.0970149253731343,0.940298507462687,0.0149253731343284,0.708955223880597,0.41044776119403,2.56716417910448,0.738805970149254,0.246268656716418,2.11194029850746,0.261194029850746,23.5074626865672,0.417910447761194,0.417910447761194,17845,5890,0.897756408588872,0.842767295597484,0.525490196078431,44,47.752,21.289490884607,9.37785594718805,52.2421491430251,695.305970149254,381.708955223881,0,0,0,0,0,0,0,1
65535,17889,0.198198198198198,0.198198198198198,1.33333333333333,1.01801801801802,0.171171171171171,0.0810810810810811,3.36036036036036,3.06306306306306,0.0990990990990991,1.01801801801802,0.189189189189189,0.0900900900900901,1.63063063063063,0.531531531531532,0.0990990990990991,0.81981981981982,0.0900900900900901,0.126126126126126,1.09009009009009,0.027027027027027,0.873873873873874,0.621621621621622,4.5045045045045,0.531531531531532,0.405405405405405,2.54054054054054,0.216216216216216,20.045045045045,0.279279279279279,0.207207207207207,17889,4879,0.745440256544688,0.78169014084507,0.569230769230769,44,47.984,15.7022744089834,10.4667034388419,15.5527530075861,497.747747747748,386.90990990991,0.263157894736842,88,18021,18505,0,0,0,1
65535,17933,0.65,0.4,NaN,0.6,0,0.05,0.75,2.55,0.05,0.75,0,0,1.1,1.05,0.15,0.25,0.1,0.25,1.7,0.05,1.25,0.3,0.7,0.85,0.55,1.65,0.1,11.5,0.35,0.25,17933,879,0.77023250014818,0.952380952380952,0.833333333333333,44,13.29,6.43580498564395,4.10451956426415,11.1951406425828,1303.55,387.35,0,0,0,0,0,0,0,0
65535,17977,0.132352941176471,0.169117647058824,1.34558823529412,1.56617647058824,0.176470588235294,0.117647058823529,3.61029411764706,2.67647058823529,0.161764705882353,0.720588235294118,0.139705882352941,0.0514705882352941,1.33088235294118,0.551470588235294,0.125,1.10294117647059,0.0735294117647059,0.0882352941176471,1.13235294117647,0.0220588235294118,0.816176470588235,0.610294117647059,4.06617647058824,0.566176470588235,0.433823529411765,2.19852941176471,0.286764705882353,22.9926470588235,0.257352941176471,0.330882352941176,17977,5978,0.790249252210892,0.80952380952381,0.53968253968254,44,50.059,18.5931828995584,11.3936336438606,34.3062301266254,242.705882352941,385.691176470588,0.152542372881356,44,18153,0,0,0,0,1
65535,18021,0.209302325581395,0.232558139534884,NaN,0.302325581395349,0.13953488372093,0.13953488372093,1.58139534883721,3.11627906976744,0.0697674418604651,1.37209302325581,0.0930232558139535,0.0465116279069767,1.11627906976744,0.581395348837209,0.0930232558139535,0.511627906976744,0.0930232558139535,0.0232558139534884,1.37209302325581,0.13953488372093,1.04651162790698,0.604651162790698,1.16279069767442,0.534883720930233,0.604651162790698,2.06976744186047,0.186046511627907,12.6046511627907,0.255813953488372,0.209302325581395,18021,1890,0.855066974219182,0.796296296296296,0.597222222222222,44,28.747,11.3231028391405,5.87122776028659,0.38610954996384,487.023255813953,391.697674418605,0.34375,44,17889,0,0,0,0,0
65535,18065,0.137931034482759,0.0689655172413793,0.758620689655172,1.03448275862069,0.0689655172413793,0.0689655172413793,1.27586206896552,2.6551724137931,0.0689655172413793,0.448275862068966,0.103448275862069,0.0344827586206897,1.06896551724138,0.620689655172414,0.0344827586206897,0.517241379310345,0.0344827586206897,0.0344827586206897,0.896551724137931,0.0344827586206897,0.758620689655172,0.413793103448276,1.48275862068966,0.482758620689655,0.482758620689655,1.20689655172414,0.275862068965517,15.7931034482759,0.241379310344828,0.241379310344828,18065,1275,0.815955337674049,0.966666666666667,0.725,44,18.153,8.22313052074336,4.7539146294458,62.9264598075625,915.137931034483,389.51724137931,0.523809523809524,44,18417,0,0,0,0,1
65535,18109,0.697368421052632,0.0921052631578947,0.342105263157895,0.315789473684211,0.0921052631578947,0.0657894736842105,1.18421052631579,2.63157894736842,0.0131578947368421,1.15789473684211,0.0526315789473684,0.0131578947368421,1.77631578947368,0.434210526315789,0.0526315789473684,0.763157894736842,0.0921052631578947,0.131578947368421,1.06578947368421,0.0131578947368421,1.38157894736842,0.565789473684211,0.644736842105263,0.618421052631579,0.763157894736842,1.60526315789474,0.328947368421053,10.7236842105263,0.210526315789474,0.131578947368421,18109,3340,0.750911321895406,0.883720930232558,0.603174603174603,44,33.147,12.5845706074347,8.31088879493982,-8.26859029485469,987.894736842105,391.421052631579,0,0,0,0,0,0,0,1
65535,18153,0.272727272727273,0.409090909090909,0.545454545454545,0.409090909090909,0.136363636363636,0.0909090909090909,1.13636363636364,1.72727272727273,0,0.454545454545455,0.136363636363636,0,1.36363636363636,0.0909090909090909,0.272727272727273,0.409090909090909,0.0454545454545455,0.0454545454545455,1.27272727272727,0,NaN,0.590909090909091,0.545454545454545,0.409090909090909,0.409090909090909,1.72727272727273,0.181818181818182,7.95454545454545,0.136363636363636,0.136363636363636,18153,967,0.868860088670005,0.956521739130435,0.785714285714286,44,15.25,7.77648593198926,3.84980939655375,-8.33173954144397,10944,392.227272727273,0.611111111111111,44,17977,0,0,0,0,0
65535,18197,1.2,0.15,0.7,0.3,0.1,0.2,1.4,3.6,0.05,0.45,0.15,0,1.8,0.3,0.05,0.85,0.1,0.2,0.45,0.05,0.9,0.2,0.85,0.5,0.7,1.4,0.25,13.25,0.75,0.25,18197,879,0.77023250014818,44,0.833333333333333,44,13.29,6.43580498564395,4.10451956426415,11.1951406425828,1053.45,391.65,0,0,0,0,0,0,0,1
65535,18241,0.785714285714286,0.285714285714286,0.607142857142857,0.107142857142857,0.0357142857142857,0.142857142857143,3.25,3.25,0.0714285714285714,1.28571428571429,0.142857142857143,0.0357142857142857,1.67857142857143,0.5,0,0.678571428571429,0.0714285714285714,0.107142857142857,1.71428571428571,0.0714285714285714,1.60714285714286,0.5,1.5,0.428571428571429,0.571428571428571,1.82142857142857,0.214285714285714,14.6785714285714,0.214285714285714,0.142857142857143,18241,1231,0.768733980086409,0.96551724137931,0.777777777777778,44,16.474,7.59878257345474,4.85994317035165,45,1377.42857142857,393.571428571429,0,0,0,0,0,0,0,1
65535,18285,0.290322580645161,0.161290322580645,0.645161290322581,0.32258064516129,0.161290322580645,0.129032258064516,1.54838709677419,1.48387096774194,0.193548387096774,1.06451612903226,0.258064516129032,0,1.41935483870968,0.161290322580645,0.258064516129032,0.387096774193548,0.0967741935483871,0.032258064516129,2.06451612903226,0.032258064516129,1.29032258064516,0.580645161290323,0.67741935483871,0.419354838709677,0.709677419354839,1.45161290322581,0.193548387096774,8.09677419354839,0.419354838709677,0.161290322580645,18285,1363,0.820365974985694,0.96875,0.775,44,17.789,8.44790549856532,4.83084054095395,12.4652517629364,54.6129032258064,396.032258064516,0,0,0,0,0,0,0,1
65535,18329,0.416666666666667,0.0833333333333333,0.777777777777778,0.777777777777778,0.0277777777777778,0.0833333333333333,2.41666666666667,2.91666666666667,0.111111111111111,0.944444444444444,0.138888888888889,0.0833333333333333,1.30555555555556,0.583333333333333,0.611111111111111,1.05555555555556,0.0833333333333333,0.166666666666667,1.80555555555556,0,1.38888888888889,0.638888888888889,1.19444444444444,0.5,0.388888888888889,2.5,0.305555555555556,18.8055555555556,0.388888888888889,0.194444444444444,18329,1582,0.787475845891475,0.923076923076923,0.666666666666667,44,21.635,8.99631886681238,5.54484077249424,20.7149411051086,408.527777777778,394.861111111111,0.615384615384615,44,18592,0,0,0,0,1
65535,18373,0.202898550724638,0.115942028985507,0.927536231884058,0.623188405797101,0.130434782608696,0.072463768115942,2.76811594202899,2.78260869565217,0.159420289855072,0.623188405797101,0.0289855072463768,0.0144927536231884,1.46376811594203,0.681159420289855,0.115942028985507,NaN,0.0869565217391304,0.130434782608696,1.71014492753623,0.0289855072463768,1.17391304347826,0.72463768115942,1.94202898550725,0.521739130434783,0.405797101449275,2.79710144927536,0.188405797101449,20.7246376811594,0.289855072463768,0.144927536231884,18373,3033,0.890107949042119,0.92,0.530769230769231,44,30.84,14.2678779600601,6.5025818826241,32.2802352179502,573.724637681159,396.68115942029,0,0,0,0,0,0,0,0
65535,18417,0.235294117647059,0.147058823529412,1.02941176470588,NaN,0.0882352941176471,0.0882352941176471,1.55882352941176,2.20588235294118,0.0588235294117647,0.558823529411765,0.0588235294117647,0.0882352941176471,0.970588235294118,0.441176470588235,0.264705882352941,0.382352941176471,0.117647058823529,0.0294117647058824,1.17647058823529,0.0294117647058824,0.676470588235294,0.617647058823529,1.26470588235294,0.941176470588235,0.117647058823529,1.94117647058824,0.147058823529412,17.3235294117647,0.264705882352941,0.294117647058824,18417,1494,0.815893675542723,0.790697674418605,0.485714285714286,44,24.083,9.55887031549136,5.52695758206936,77.7672324446686,915.058823529412,395.882352941176,0.5,44,18065,0,0,0,0,0
65535,18461,0.304347826086957,0.304347826086957,1.08695652173913,0.521739130434783,0,0,1.30434782608696,2.08695652173913,0.130434782608696,0.91304347826087,0.130434782608696,0.0869565217391304,NaN,0.434782608695652,0.130434782608696,0.347826086956522,0.0434782608695652,0.217391304347826,1.52173913043478,0.0869565217391304,0.565217391304348,0.521739130434783,0.91304347826087,0.304347826086957,0.434782608695652,2.26086956521739,0.260869565217391,10.8695652173913,0.434782608695652,0.0869565217391304,18461,1011,0.768682461396923,0.958333333333333,0.657142857142857,44,15.275,6.98663716519232,4.46886675310991,19.2642195948181,1060.47826086957,396.173913043478,0,0,0,0,0,0,0,0
65535,18505,0.228571428571429,0.171428571428571,NaN,0.8,0.2,0.0571428571428571,3.8,2.62857142857143,0.142857142857143,0.771428571428571,0.171428571428571,0.0571428571428571,1.08571428571429,0.285714285714286,0.171428571428571,0.971428571428571,0.114285714285714,0.114285714285714,1.62857142857143,0,0.657142857142857,0.571428571428571,2.02857142857143,0.4,0.228571428571429,2.65714285714286,0.342857142857143,22.5142857142857,0.257142857142857,0.4,18505,1538,0.813971777695602,0.972222222222222,0.777777777777778,44,19.377,8.86656933017214,5.1506293136719,-5.05475889191007,501.628571428571,17494,0.0869565217391304,44,17889,0,0,0,0,0
65535,18548,0.0833333333333333,0.3125,0.791666666666667,0.854166666666667,0.145833333333333,0.0416666666666667,5.66666666666667,2.9375,0.104166666666667,1.04166666666667,0.104166666666667,0.0625,1.75,0.6875,0.0833333333333333,0.979166666666667,0.0833333333333333,0.0625,1.75,0.0208333333333333,NaN,0.875,4.70833333333333,0.770833333333333,0.479166666666667,2.54166666666667,0.333333333333333,22.6875,0.395833333333333,0.229166666666667,18548,2110,0.735649449803437,44,0.888888888888889,44,21.982,9.57988218472608,6.48905245557563,5.44836124122318,554.145833333333,398.583333333333,0,0,0,0,0,0,0,0
65535,18592,0.18,0.06,1.34,1.18,0.24,0.16,5.56,5.16,0.24,0.8,0.16,0.02,1.56,1.1,0.1,1.06,0.06,0.08,0.88,0,0.78,0.48,2.7,0.66,0.4,2.86,0.28,32.64,0.34,0.42,18592,2198,0.744978334629878,0.925925925925926,0.793650793650794,44,24.794,9.99189774718425,6.66548168375556,12.9584414776971,405.76,400.18,0.464285714285714,44,18329,0,0,0,0,1
65535,18636,1.15384615384615,0.192307692307692,1.07692307692308,0.423076923076923,0,0.0384615384615385,1.03846153846154,4.11538461538462,0,0.884615384615385,0.0769230769230769,0.0769230769230769,1.80769230769231,0.461538461538462,0.115384615384615,0.5,0.269230769230769,0.192307692307692,1.11538461538462,0.0384615384615385,0.769230769230769,0.192307692307692,0.461538461538462,0.615384615384615,0.538461538461538,1.34615384615385,0.230769230769231,9.15384615384615,0.423076923076923,0.115384615384615,18636,1143,0.630197298698123,0.928571428571429,0.722222222222222,44,15.92,6.69304812196859,5.19671705774287,22.3113524650048,1179.53846153846,399.653846153846,0,0,0,0,0,0,0,1
65535,18680,1.2972972972973,0.202702702702703,0.189189189189189,0.189189189189189,0.0675675675675676,0.0675675675675676,1.7972972972973,3.10810810810811,0.0405405405405405,0.864864864864865,0.135135135135135,0.027027027027027,5.13513513513514,0.77027027027027,0.189189189189189,0.716216216216216,0.175675675675676,0.0540540540540541,0.716216216216216,0.0405405405405405,1.18918918918919,0.364864864864865,0.743243243243243,0.635135135135135,0.689189189189189,1.45945945945946,0.351351351351351,10.2567567567568,0.364864864864865,0.175675675675676,18680,3253,0.817581966596379,0.831460674157303,0.513888888888889,44,36.819,14.0334472932119,8.08063062532116,37.9689240040172,781.324324324324,401.554054054054,0.108695652173913,44,19428,0,0,0,0,1
65535,18724,1.68965517241379,0.0689655172413793,0.344827586206897,0.310344827586207,0.137931034482759,0.0689655172413793,7.17241379310345,2.51724137931034,0.137931034482759,0.448275862068966,0.0689655172413793,0.0689655172413793,4.10344827586207,0.586206896551724,0.0689655172413793,0.655172413793103,0.103448275862069,0.0689655172413793,1.82758620689655,0.137931034482759,0.517241379310345,0.206896551724138,0.896551724137931,0.586206896551724,0.96551724137931,1.20689655172414,0.172413793103448,14.3793103448276,0.344827586206897,0.103448275862069,18724,1275,0.68532548221595,44,0.828571428571429,44,16.102,7.19677477520855,5.24095695676228,9.96858288787724,1301.1724137931,401.103448275862,0,0,0,0,0,0,0,1
65535,18768,0.538461538461538,0.0384615384615385,0.5,0.0769230769230769,0,0.115384615384615,2.5,2.26923076923077,0,0.538461538461538,0,0.0384615384615385,3.65384615384615,0.346153846153846,0,0.653846153846154,0.115384615384615,0.0384615384615385,0.538461538461538,0,0.461538461538462,0.192307692307692,0.692307692307692,0.423076923076923,0.538461538461538,1.34615384615385,0.192307692307692,8.57692307692308,0.115384615384615,0.153846153846154,18768,1143,0.706764021858064,44,0.742857142857143,44,15.457,6.95738004979994,4.92199416402869,15.0394007188415,856.076923076923,401.923076923077,0,0,0,0,0,0,0,1
65535,18812,0.3125,0.1625,0.3125,0.2125,0.0625,0.0375,1.05,3.0625,0.05,1.35,0.0375,0.0375,1.3625,0.525,0.1,0.6375,0.0875,0.15,0.9625,0,1.6625,0.5,0.4375,0.6375,0.4375,1.75,0.1625,8.925,0.4,0.0875,18812,3516,0.491537160706834,0.898876404494382,0.661157024793388,44,31.195,10.9813418537284,9.56317404203328,-48.6454401367618,322.35,404.0625,0.131578947368421,44,19384,0,0,0,0,1
65535,18856,0.711864406779661,0.0677966101694915,1.20338983050847,0.186440677966102,0.135593220338983,0.0677966101694915,1.20338983050847,3.5593220338983,0.203389830508475,0.779661016949153,0.0847457627118644,0.0677966101694915,NaN,0.661016949152542,0.11864406779661,1.06779661016949,0.0847457627118644,0.135593220338983,0.983050847457627,0.0338983050847458,1.01694915254237,0.338983050847458,2.03389830508475,0.677966101694915,1.01694915254237,1.84745762711864,0.271186440677966,15.4237288135593,0.254237288135593,0.338983050847458,18856,2593,0.60683897510651,0.936507936507937,0.670454545454545,44,26.324,9.95871596713486,7.91543439924894,-19.7679903210893,799.898305084746,404.64406779661,0.333333333333333,44,19472,0,0,0,0,0
65535,18900,0.666666666666667,0.0555555555555556,0.425925925925926,0.0740740740740741,0.12962962962963,0.0740740740740741,1.2037037037037,3.5,0.0185185185185185,0.87037037037037,0.037037037037037,0.0185185185185185,8.24074074074074,0.574074074074074,0.277777777777778,0.888888888888889,0.481481481481481,0.12962962962963,1.27777777777778,0.0185185185185185,1.05555555555556,0.5,0.833333333333333,0.796296296296296,0.592592592592593,1.72222222222222,0.259259259259259,13.5925925925926,0.462962962962963,0.0925925925925926,18900,2374,0.824344053627514,0.947368421052632,0.6,44,25.671,11.1971157812653,6.33856531498027,-49.3338048050473,1152.42592592593,404.907407407407,0,0,0,0,0,0,0,1
65535,18944,0.645161290322581,0.161290322580645,0.548387096774194,0.258064516129032,0.161290322580645,0.032258064516129,1.61290322580645,2.74193548387097,0.032258064516129,0.806451612903226,0.129032258064516,0.129032258064516,2.2258064516129,0.354838709677419,0.290322580645161,0.419354838709677,0.161290322580645,0.0645161290322581,1.64516129032258,0,0.870967741935484,0.387096774193548,2.74193548387097,0.483870967741936,1.45161290322581,2.06451612903226,0.483870967741936,15.9354838709677,0.225806451612903,0.258064516129032,18944,1363,0.848228926113627,0.939393939393939,0.775,44,18.343,8.76314607896818,4.64122300615977,21.8651123719409,661.387096774194,17845,0,0,0,0,0,0,0,0
65535,18988,1.36,0.12,1.04,0.2,0.12,0.08,4.12,3.24,0.08,1.08,0.16,0.04,1.04,0.44,0.16,0.92,0.16,0.16,2.08,0.04,1.52,0.4,1.36,0.56,0.92,2.84,0.04,15.64,0.56,0.24,18988,1099,0.810158192729356,44,0.892857142857143,44,15.341,7.46412636422097,4.37555531168424,4.34868438200695,621.12,407.44,0,0,0,0,0,0,0,1
65535,19032,1.8,0.4,0.64,0,0.12,0.04,1.08,3.2,0.04,0.8,0.08,0.08,2.92,0.44,0.04,0.8,0.08,0.08,0.88,0.04,0.64,0.36,1.2,0.4,0.4,1.28,0.24,11.44,0.36,0.2,19032,1099,0.592344314439236,0.925925925925926,0.694444444444444,44,15.366,6.42609579615755,5.17740856850925,-25.5119965411598,814.48,407.6,0,0,0,0,0,0,0,1
65535,19076,0.953846153846154,0.123076923076923,0.338461538461538,0.107692307692308,0.0307692307692308,0.0461538461538462,1.35384615384615,3.41538461538462,0,1.81538461538462,0.0769230769230769,0.0307692307692308,2.56923076923077,0.461538461538462,0.0923076923076923,0.892307692307692,0.2,0.0615384615384615,0.907692307692308,0.0307692307692308,2.64615384615385,0.384615384615385,0.630769230769231,0.676923076923077,0.615384615384615,1.78461538461538,0.138461538461538,10.0461538461538,0.246153846153846,0.169230769230769,19076,2857,0.717290227621269,0.970149253731343,0.738636363636364,44,26.87,11.0046675995995,7.66777196581648,29.3413441376922,1132.41538461538,408.523076923077,0,0,0,0,0,0,0,1
65535,19120,0.275862068965517,0.0689655172413793,0.379310344827586,0.206896551724138,0.0344827586206897,0.0689655172413793,1.51724137931034,2.31034482758621,0,0.689655172413793,0.0689655172413793,0.0689655172413793,1.55172413793103,0.0689655172413793,0.0344827586206897,0.586206896551724,0,0,0.896551724137931,0,0.689655172413793,0.551724137931034,0.896551724137931,0.344827586206897,0.827586206896552,1.20689655172414,0.172413793103448,8.96551724137931,0.241379310344828,0.0344827586206897,19120,1275,0.977003958773394,0.743589743589744,0.302083333333333,44,27.358,15.121992300188,3.22432879186225,32.6288226574317,256.586206896552,408.862068965517,0,0,0,0,0,0,0,1
65535,19164,0.222222222222222,0.0925925925925926,0.648148148148148,0.240740740740741,0.148148148148148,0.0740740740740741,1.25925925925926,2.57407407407407,0.0740740740740741,0.722222222222222,0.111111111111111,0.0925925925925926,1.01851851851852,0.333333333333333,0.296296296296296,0.851851851851852,0.0555555555555556,0.111111111111111,1.22222222222222,0.0185185185185185,0.666666666666667,0.37037037037037,1.35185185185185,0.333333333333333,0.314814814814815,1.7962962962963,0.203703703703704,11.4259259259259,0.203703703703704,0.12962962962963,19164,2374,0.867237018965991,0.9,0.701298701298701,44,26.299,12.1168870662813,6.03294383652336,-18.2313819731586,680.907407407407,409.148148148148,0,0,0,0,0,0,0,1
65535,19208,0.285714285714286,0.12987012987013,1.05194805194805,0.766233766233766,0.12987012987013,0.0649350649350649,2.44155844155844,2.64935064935065,0.103896103896104,0.987012987012987,0.116883116883117,0.051948051948052,2.22077922077922,0.831168831168831,0.142857142857143,1.11688311688312,0.103896103896104,0.0909090909090909,1.28571428571429,0.025974025974026,1.25974025974026,0.649350649350649,6.48051948051948,0.519480519480519,0.415584415584416,2.64935064935065,0.285714285714286,22.3896103896104,0.272727272727273,0.246753246753247,19208,3384,0.644847536077017,0.950617283950617,0.7,44,29.781,11.5352626921266,8.81653080837674,64.1291513532279,1056.09090909091,410.220779220779,0,0,0,0,0,0,0,1
65535,19252,0.409090909090909,0.0227272727272727,0.568181818181818,0.863636363636364,0.159090909090909,0.0681818181818182,1.04545454545455,1.5,0.0681818181818182,0.977272727272727,0.25,0.0227272727272727,0.818181818181818,0.340909090909091,0.227272727272727,0.363636363636364,0.0454545454545455,0.0227272727272727,1.40909090909091,0.0227272727272727,1.09090909090909,0.659090909090909,0.545454545454545,0.227272727272727,0.340909090909091,1.97727272727273,0.386363636363636,6.75,0.454545454545455,0.159090909090909,19252,1934,0.446820006364508,0.956521739130435,0.6875,44,22.098,8.10170428605115,7.24797810147438,43.69871889875,1374.09090909091,18021,0,0,0,0,0,0,0,0
65535,19296,0.482142857142857,0.160714285714286,0.553571428571429,0.214285714285714,0.0892857142857143,0.0714285714285714,1.78571428571429,2.78571428571429,0.0535714285714286,1.23214285714286,0.125,0.0178571428571429,3.03571428571429,0.821428571428571,0.0714285714285714,0.785714285714286,0.0892857142857143,0.142857142857143,1.51785714285714,0.0178571428571429,1.375,0.625,1.92857142857143,0.642857142857143,1.10714285714286,1.83928571428571,0.303571428571429,14.2678571428571,0.321428571428571,0.107142857142857,19296,2461,0.720029654237997,0.933333333333333,0.636363636363636,44,25.861,10.3924807689858,7.2117923506184,-5.7819253175592,747.392857142857,411.107142857143,0,0,0,0,0,0,0,1
65535,19340,0.103448275862069,0.172413793103448,0.879310344827586,1.72413793103448,0.137931034482759,0,3.91379310344828,3.32758620689655,0.0689655172413793,0.586206896551724,0.206896551724138,0.0689655172413793,1.60344827586207,0.931034482758621,0.0862068965517241,1.58620689655172,0.0517241379310345,0.241379310344828,1.12068965517241,0.0344827586206897,0.982758620689655,0.913793103448276,2.5,0.844827586206897,0.155172413793103,3.06896551724138,0.53448275862069,31.6379310344828,0.517241379310345,0.568965517241379,19340,2549,0.856669421690075,0.90625,0.69047619047619,44,28.375,12.4131060962989,6.40349664615183,17.6224623526218,25.1206896551724,411.896551724138,0,0,0,0,0,0,0,1
65535,19384,0.571428571428571,0.285714285714286,0.380952380952381,0.238095238095238,0.142857142857143,0.0952380952380952,NaN,1.80952380952381,0.0952380952380952,1.04761904761905,0,0.0476190476190476,0.666666666666667,0.428571428571429,0.0952380952380952,0.285714285714286,0.142857142857143,0.0952380952380952,1.19047619047619,0,1.28571428571429,0.476190476190476,0.619047619047619,0.333333333333333,0.857142857142857,1.66666666666667,0.238095238095238,7.52380952380952,0.476190476190476,0.0952380952380952,19384,923,0.672029165821321,0.91304347826087,0.7,44,14.233,6.17157279187759,4.57020196095301,21.3888483837644,317.190476190476,411.666666666667,0.25,44,18812,0,0,0,0,0
65535,19428,1.63461538461538,0.153846153846154,0.134615384615385,0.153846153846154,0.173076923076923,0.0576923076923077,2.25,3.94230769230769,0.0961538461538462,1.17307692307692,0.134615384615385,0.0576923076923077,9.36538461538462,0.673076923076923,0.192307692307692,0.884615384615385,0.134615384615385,0.0769230769230769,0.730769230769231,0.0384615384615385,1.09615384615385,0.557692307692308,0.923076923076923,0.788461538461538,1.11538461538462,1.73076923076923,0.230769230769231,17.0192307692308,0.346153846153846,0.173076923076923,19428,2286,0.514498084244543,0.981132075471698,0.8125,44,23.115,8.93445395845237,7.66121858041387,31.7533515245226,773.807692307692,411.826923076923,0.535714285714286,132,18680,19955,20087,0,0,1
65535,19472,1.05128205128205,0.102564102564103,0.717948717948718,0.0769230769230769,0.0769230769230769,0.128205128205128,1.1025641025641,3.1025641025641,0.0512820512820513,0.666666666666667,0.0769230769230769,0,2.20512820512821,0.743589743589744,0.0512820512820513,0.82051282051282,0.179487179487179,0.205128205128205,1.1025641025641,0.0256410256410256,0.641025641025641,0.307692307692308,2.8974358974359,0.512820512820513,0.743589743589744,1.43589743589744,0.179487179487179,14.4358974358974,0.256410256410256,0.256410256410256,19472,1714,0.613897345716146,0.928571428571429,0.696428571428571,44,20.51,8.12315253019083,6.412301812611,-18.3380020195453,797.564102564103,411.358974358974,0.8,88,18856,19999,0,0,0,1
65535,19515,1.03225806451613,0.258064516129032,0.838709677419355,0.741935483870968,0.0967741935483871,0.0645161290322581,NaN,2.03225806451613,0.0645161290322581,1.03225806451613,0.0645161290322581,0.0967741935483871,1.45161290322581,0.419354838709677,0.225806451612903,0.516129032258065,0.032258064516129,0.032258064516129,1.29032258064516,0,0.903225806451613,0.451612903225806,0.387096774193548,0.225806451612903,0.516129032258065,1.87096774193548,0.161290322580645,11.6774193548387,0.225806451612903,0,19515,1363,0.698453021826026,0.96875,0.738095238095238,44,17.053,7.54048125724551,5.39638994851375,22.2568149266557,985.064516129032,412.41935483871,0,0,0,0,0,0,0,0
65535,19559,0.205357142857143,0.125,0.964285714285714,0.857142857142857,0.0892857142857143,0.0803571428571429,5.58928571428571,3.84821428571429,0.107142857142857,0.714285714285714,0.178571428571429,0.0446428571428571,1.85714285714286,0.714285714285714,0.125,1.375,0.116071428571429,0.125,0.9375,0.00892857142857143,0.928571428571429,0.5625,2.4375,0.669642857142857,0.151785714285714,2.23214285714286,0.392857142857143,25.1964285714286,0.464285714285714,0.3125,19559,4923,0.812544941140743,0.881889763779528,0.598930481283422,44,40.929,16.3009093676829,9.50177642060331,-18.1390121414165,546.696428571429,412.303571428571,0.480769230769231,88,19735,19823,0,0,0,1
65535,19603,0.763157894736842,0.131578947368421,0.473684210526316,0.302631578947368,0.157894736842105,0.118421052631579,1.78947368421053,2.69736842105263,0.0921052631578947,1.57894736842105,0.0789473684210526,0.0526315789473684,2.21052631578947,0.631578947368421,0.0263157894736842,0.736842105263158,0.0526315789473684,0.0921052631578947,1.26315789473684,0.0131578947368421,1.44736842105263,0.776315789473684,0.815789473684211,0.486842105263158,0.960526315789474,1.73684210526316,0.184210526315789,11.7894736842105,0.368421052631579,0.223684210526316,19603,3340,0.907651543720053,0.894117647058824,0.633333333333333,44,34.255,15.7583792191411,6.6141782005383,-15.9670014129717,574.631578947368,413.5,0,0,0,0,0,0,0,1
65535,19647,2.09090909090909,0,0.545454545454545,0.363636363636364,0.227272727272727,0.0454545454545455,0.636363636363636,NaN,0,1.72727272727273,0.0454545454545455,0,0.909090909090909,0.636363636363636,0.136363636363636,0.5,0.181818181818182,0.136363636363636,1.13636363636364,0,0.863636363636364,0.318181818181818,0.454545454545455,0.545454545454545,0.681818181818182,1.68181818181818,0.227272727272727,12.0454545454545,0.272727272727273,0.272727272727273,19647,967,0.829621389804372,44,0.785714285714286,44,14.787,7.23085283571335,4.03717590734212,13.6120677135201,866.409090909091,414.590909090909,0,0,0,0,0,0,0,0
65535,19691,0.962962962962963,0.222222222222222,0.851851851851852,0.333333333333333,0,0.185185185185185,1.33333333333333,3.55555555555556,0.111111111111111,0.703703703703704,0.037037037037037,0.111111111111111,4.25925925925926,0.666666666666667,0.222222222222222,0.666666666666667,0.0740740740740741,0.259259259259259,1.62962962962963,0,0.666666666666667,0.481481481481481,0.592592592592593,0.666666666666667,0.444444444444444,1.51851851851852,0.296296296296296,11.4814814814815,0.259259259259259,0.185185185185185,19691,1187,0.718759352623353,0.931034482758621,0.771428571428571,44,15.92,7.15444507792035,4.97419189790384,-9.29266555049681,1159.03703703704,413.888888888889,0,0,0,0,0,0,0,1
65535,19735,0.878787878787879,0.121212121212121,0.878787878787879,0.363636363636364,0.121212121212121,0.0909090909090909,1.33333333333333,3.03030303030303,0,0.575757575757576,0.121212121212121,0,1.48484848484848,0.424242424242424,0.0303030303030303,0.393939393939394,0,0.0909090909090909,1.66666666666667,0,0.636363636363636,0.545454545454545,1.51515151515152,0.333333333333333,0.818181818181818,1.3030303030303,0.181818181818182,13.6363636363636,0.212121212121212,0.212121212121212,19735,1450,0.918793260619604,44,0.825,44,20.576,10.4784049304322,4.13623596140303,9.89533644153573,534.575757575758,415.545454545455,0.708333333333333,88,19559,20043,0,0,0,1
65535,19779,0.6,0.04,0.8,0,0.12,0.08,0.88,2.4,0.04,0.4,0.08,0.08,1.16,0.68,0.16,0.48,0.12,0.08,0.48,0.04,0.12,0.2,1.36,0.48,0.4,1.36,0.28,11.6,0.2,0.04,19779,1099,0.82340593668183,0.925925925925926,0.595238095238095,44,16.772,7.77805329833628,4.41367800761527,38.727838796641,856.84,415.68,0,0,0,0,0,0,0,1
65535,19823,0.833333333333333,0.25,0.916666666666667,0.625,0.25,0.125,2.41666666666667,3.70833333333333,0,1.41666666666667,0.25,0.125,1.75,0.291666666666667,0.208333333333333,1.25,0.166666666666667,0.0833333333333333,NaN,0.0833333333333333,1.08333333333333,0.625,1.58333333333333,0.291666666666667,0.791666666666667,2.41666666666667,0.291666666666667,21.7916666666667,0.458333333333333,0.0833333333333333,19823,1055,0.831035949573424,0.923076923076923,0.685714285714286,44,16.102,7.68235877252256,4.27307166661448,26.9633467708259,553.541666666667,417.208333333333,0.842105263157895,44,19559,0,0,0,0,0
65535,19867,0.142857142857143,0.0714285714285714,0.571428571428571,0.285714285714286,0.107142857142857,0.0357142857142857,3.53571428571429,2.28571428571429,0.178571428571429,0.714285714285714,0.178571428571429,0,1.25,0.5,0.107142857142857,0.285714285714286,0.107142857142857,0.107142857142857,0.428571428571429,0.0357142857142857,0.714285714285714,0.607142857142857,0.642857142857143,0.357142857142857,0.357142857142857,1.67857142857143,0.25,9.42857142857143,0.321428571428571,0.178571428571429,19867,1231,0.72178460399872,0.933333333333333,0.8,44,16.656,7.30719486805577,5.05743930026904,69.0017071085917,588.892857142857,417.571428571429,0.473684210526316,44,20395,0,0,0,0,1
65535,19911,0.212121212121212,0.181818181818182,1.06060606060606,1.66666666666667,0.121212121212121,0.0303030303030303,2.66666666666667,2.66666666666667,0.0606060606060606,0.575757575757576,0.181818181818182,0,1.72727272727273,0.666666666666667,0.0606060606060606,0.909090909090909,0.0606060606060606,0.0606060606060606,1.03030303030303,0,0.848484848484849,0.696969696969697,4.78787878787879,0.757575757575758,0.272727272727273,2.36363636363636,0.272727272727273,23.8787878787879,0.333333333333333,0.363636363636364,19911,1450,0.743834329125571,0.942857142857143,0.673469387755102,44,19.402,8.17059285110716,5.46093045235167,-45.091162428189,646.090909090909,416.969696969697,0,0,0,0,0,0,0,1
65535,19955,2.51351351351351,0.216216216216216,0.567567567567568,0.243243243243243,0.108108108108108,0,6.72972972972973,5.16216216216216,0.135135135135135,1.08108108108108,0.0810810810810811,0.0540540540540541,13.6216216216216,NaN,0.243243243243243,0.675675675675676,0,0.135135135135135,1.18918918918919,0.027027027027027,1.21621621621622,0.459459459459459,2.43243243243243,0.945945945945946,1.43243243243243,2.89189189189189,0.324324324324324,21.972972972973,0.567567567567568,0.189189189189189,19955,1626,0.682917534835683,0.973684210526316,0.770833333333333,44,19.286,8.15194541129056,5.95495924442545,2.70480247223669,781.351351351351,417.567567567568,0.416666666666667,88,19428,20087,0,0,0,0
65535,19999,1.81395348837209,0.13953488372093,0.581395348837209,0.186046511627907,0.0465116279069767,0.13953488372093,1.13953488372093,3.04651162790698,0.13953488372093,0.627906976744186,0.0232558139534884,0.116279069767442,2.18604651162791,0.348837209302326,0.86046511627907,0.697674418604651,0.0697674418604651,0.186046511627907,1.81395348837209,0.0465116279069767,0.534883720930233,0.255813953488372,0.767441860465116,0.441860465116279,1.04651162790698,1.86046511627907,0.255813953488372,13.5581395348837,0.27906976744186,0.116279069767442,19999,1890,0.639656338621904,0.826923076923077,0.614285714285714,44,26.787,9.09469605088458,6.99073837142024,-84.9340587205349,796.581395348837,18373,0.4,44,19472,0,0,0,0,0
65535,20043,0.35,0.15,1.25,0.3,0.15,0,1.6,2.05,0.05,0.55,0.25,0.15,2.15,0.3,0.25,0.35,0.05,0.1,1.05,0.1,0.65,0.45,4.9,0.8,0.3,1.3,0.25,13.8,0.4,0,20043,879,0.685280234857823,0.869565217391304,0.666666666666667,44,14.605,6.43166657477925,4.68405078297984,-87.6377741514146,530.1,18461,0.555555555555556,44,19735,0,0,0,0,0
65535,20087,1.92592592592593,0.185185185185185,0.259259259259259,0.148148148148148,0.0740740740740741,0.185185185185185,1.48148148148148,1.62962962962963,0.259259259259259,0.814814814814815,0,0.148148148148148,3.14814814814815,0.333333333333333,0.259259259259259,0.37037037037037,0.0740740740740741,0.111111111111111,1.7037037037037,0,0.703703703703704,0.185185185185185,0.555555555555556,0.333333333333333,0.888888888888889,1.85185185185185,0.185185185185185,13.2222222222222,0.555555555555556,0.148148148148148,20087,1187,0.611457321166104,0.931034482758621,0.642857142857143,44,16.772,6.87851873739087,5.44281651209197,33.1486770245169,774.888888888889,418.777777777778,0.666666666666667,88,19428,19955,0,0,0,1
65535,20131,0.241379310344828,0.0344827586206897,0.517241379310345,0.379310344827586,0.0344827586206897,0.0344827586206897,0.758620689655172,1.44827586206897,0.0344827586206897,0.758620689655172,0,0.0344827586206897,0.827586206896552,0.413793103448276,0.172413793103448,0.413793103448276,0.0344827586206897,0,1.06896551724138,0,0.689655172413793,0.206896551724138,0.517241379310345,0.379310344827586,0.482758620689655,1.41379310344828,0.275862068965517,7.86206896551724,0.275862068965517,0.103448275862069,20131,1275,0.649188046710515,0.966666666666667,0.805555555555556,44,16.656,7.12500091311037,5.41947484618848,-52.524783086115,380.551724137931,421.51724137931,0,0,0,0,0,0,0,1
65535,20175,0.392857142857143,0.214285714285714,0.285714285714286,0.5,0.25,0.0357142857142857,1.21428571428571,2.07142857142857,0.0357142857142857,1.03571428571429,0.0714285714285714,0.0357142857142857,1.57142857142857,0.214285714285714,0.0357142857142857,0.607142857142857,0.0714285714285714,0.0357142857142857,1.60714285714286,0.0357142857142857,1.14285714285714,0.464285714285714,0.285714285714286,0.392857142857143,0.5,2.17857142857143,0.428571428571429,9.42857142857143,0.428571428571429,0.214285714285714,20175,1231,0.655989284918511,0.903225806451613,0.666666666666667,44,17.235,7.1777848604323,5.4175781301859,-23.096744711991,1162.92857142857,421.5,0,0,0,0,0,0,0,1
65535,20219,0.275862068965517,0.344827586206897,0.689655172413793,1.20689655172414,0.0689655172413793,0.172413793103448,3.17241379310345,2.58620689655172,0,1.3448275862069,0.206896551724138,0.0344827586206897,1.62068965517241,0.689655172413793,0.172413793103448,1.06896551724138,0.0689655172413793,0.103448275862069,1.10344827586207,0,0.931034482758621,0.379310344827586,2.31034482758621,0.620689655172414,0.241379310344828,NaN,0.482758620689655,26.0689655172414,0.310344827586207,0.551724137931034,20219,1275,0.755509889164108,44,0.828571428571429,44,16.565,7.63066561410624,4.99913323390109,15.7349946008113,33.1034482758621,422.241379310345,0.45,44,20482,0,0,0,0,0
65535,20263,0.461538461538462,0.0769230769230769,0.576923076923077,0.115384615384615,0.0384615384615385,0.0769230769230769,0.884615384615385,2.73076923076923,0.115384615384615,0.730769230769231,0.0384615384615385,0.0769230769230769,1.07692307692308,0.384615384615385,0.0384615384615385,0.884615384615385,0.115384615384615,0.115384615384615,1.34615384615385,0,0.769230769230769,0.615384615384615,0.961538461538462,0.538461538461538,0.615384615384615,1.73076923076923,0.230769230769231,NaN,0.230769230769231,0.115384615384615,20263,1143,0.695385678118629,44,0.866666666666667,44,15.432,6.88677249438624,4.94908770856349,29.4674175572507,1326.34615384615,421.884615384615,0.444444444444444,44,20790,0,0,0,0,0
65535,20307,0.129032258064516,0.0967741935483871,0.967741935483871,1.32258064516129,0.193548387096774,0.032258064516129,3.41935483870968,2.58064516129032,0.0645161290322581,0.838709677419355,0.0967741935483871,0.0967741935483871,1.54838709677419,0.645161290322581,0.0645161290322581,0.806451612903226,0.129032258064516,0.193548387096774,1.25806451612903,0.0967741935483871,1.03225806451613,0.419354838709677,3.03225806451613,0.516129032258065,0.451612903225806,1.67741935483871,0.193548387096774,22.5161290322581,0.225806451612903,0.387096774193548,20307,1363,0.714409020776923,44,0.738095238095238,44,16.954,7.60908530463464,5.32429263583661,-34.9146732940748,187.806451612903,423.645161290323,0,0,0,0,0,0,0,1
65535,20351,1.0952380952381,0.0952380952380952,0.476190476190476,0.0952380952380952,0,0.0476190476190476,1.85714285714286,2.23809523809524,0.142857142857143,0.523809523809524,0.0952380952380952,0,2.0952380952381,0.428571428571429,0.571428571428571,0.761904761904762,0.0476190476190476,0.0476190476190476,0.761904761904762,0,0.523809523809524,0.285714285714286,1.0952380952381,0.380952380952381,1.04761904761905,0.761904761904762,0.285714285714286,10.2380952380952,0.238095238095238,0.285714285714286,20351,923,0.546619743222181,0.875,0.583333333333333,44,15.73,6.19495362897624,5.18753615835539,44.456118079808,336.809523809524,422.619047619048,0.0555555555555556,44,20658,0,0,0,0,1
65535,20395,0.269230769230769,0.0769230769230769,0.923076923076923,0.192307692307692,0.153846153846154,0.115384615384615,4.92307692307692,4.34615384615385,0.192307692307692,0.846153846153846,0,0.0384615384615385,2.19230769230769,0.884615384615385,0,0.807692307692308,0.307692307692308,0.115384615384615,1.11538461538462,0,1.07692307692308,0.423076923076923,1.19230769230769,0.307692307692308,0.192307692307692,2.46153846153846,0.576923076923077,15.4615384615385,0.423076923076923,0.307692307692308,20395,1143,0.679260300996538,0.928571428571429,0.722222222222222,44,15.92,6.9374946087022,5.09140949104568,50.6549662370101,589.538461538462,423.692307692308,0.45,44,19867,0,0,0,0,1
65535,20438,0.307692307692308,0.205128205128205,1.48717948717949,0.153846153846154,0.179487179487179,0.102564102564103,1.20512820512821,4.25641025641026,0.256410256410256,0.897435897435897,0.0769230769230769,0.0512820512820513,2.38461538461538,0.769230769230769,0.0769230769230769,0.692307692307692,0.205128205128205,0.102564102564103,0.58974358974359,0,1.05128205128205,0.307692307692308,4.02564102564103,0.512820512820513,0.230769230769231,2.07692307692308,0.333333333333333,13.4102564102564,0.307692307692308,0.384615384615385,20438,1714,0.764808274369716,0.906976744186046,0.619047619047619,44,21.362,8.98072803535423,5.78590541486771,19.1862468785919,680.769230769231,423.923076923077,0.5,44,20702,0,0,0,0,1
65535,20482,0.224137931034483,0.0344827586206897,1.1551724137931,1.20689655172414,0.103448275862069,0.137931034482759,2.79310344827586,3.56896551724138,0.0344827586206897,0.793103448275862,0.103448275862069,0.0689655172413793,1.6551724137931,0.775862068965517,0.172413793103448,1.01724137931034,0.258620689655172,0.0344827586206897,1.17241379310345,0,1.32758620689655,0.672413793103448,2.03448275862069,0.620689655172414,0.551724137931034,2.24137931034483,0.275862068965517,24.3103448275862,0.327586206896552,0.362068965517241,20482,2549,0.708066377124133,0.892307692307692,0.659090909090909,44,27.548,10.5902966825353,7.47829438343762,-13.5729610661018,24.5,423.741379310345,0.285714285714286,44,20219,0,0,0,0,1
65535,20526,0.96551724137931,0.0344827586206897,0.517241379310345,0.413793103448276,0.137931034482759,0.0344827586206897,1.51724137931034,2.03448275862069,0.0689655172413793,1.17241379310345,0.103448275862069,0.0344827586206897,2.03448275862069,0.448275862068966,0.103448275862069,0.620689655172414,0.137931034482759,0.0344827586206897,1.72413793103448,0,0.517241379310345,0.482758620689655,0.689655172413793,0.482758620689655,0.793103448275862,1.3448275862069,0.103448275862069,14.5862068965517,0.275862068965517,0.206896551724138,20526,1275,0.797024418321273,0.935483870967742,0.725,44,17.417,7.99576512480367,4.82901900716384,13.9667750370297,786.448275862069,425.172413793103,0,0,0,0,0,0,0,1
65535,20570,0.227272727272727,0.136363636363636,0.472727272727273,1.52727272727273,0.1,0.0909090909090909,1.81818181818182,2.19090909090909,0.0636363636363636,0.818181818181818,0.0636363636363636,0.0545454545454545,0.981818181818182,0.436363636363636,0.0636363636363636,0.681818181818182,0.0363636363636364,0.0545454545454545,1.33636363636364,0.0272727272727273,0.618181818181818,0.554545454545455,1.11818181818182,0.327272727272727,0.363636363636364,2.14545454545455,0.272727272727273,13.2818181818182,0.318181818181818,0.227272727272727,20570,4835,0.907791036666131,0.866141732283465,0.555555555555556,44,43.625,19.2036091335465,8.05443033594583,-19.2240036995516,1342.05454545455,424.736363636364,0.0185185185185185,44,20790,0,0,0,0,1
65535,20614,0.904761904761905,0.19047619047619,0.476190476190476,0.333333333333333,0,0.0476190476190476,1.04761904761905,2.38095238095238,0.0952380952380952,0.904761904761905,0.19047619047619,0,0.571428571428571,0.380952380952381,0.19047619047619,0.380952380952381,0.0476190476190476,0.142857142857143,1.47619047619048,0.0476190476190476,0.857142857142857,0.285714285714286,0.333333333333333,0.523809523809524,0.238095238095238,1.66666666666667,0.285714285714286,7.61904761904762,0.333333333333333,0.238095238095238,20614,923,0.873337268165281,0.91304347826087,0.65625,44,15.548,7.64948526534127,3.7261868103798,10.1308320832193,313.47619047619,425.714285714286,0,0,0,0,0,0,0,1
65535,20658,0.758620689655172,0.275862068965517,0.310344827586207,0.310344827586207,0.137931034482759,0.0344827586206897,9.17241379310345,2.31034482758621,0.172413793103448,0.655172413793103,0.103448275862069,0,1.58620689655172,0.275862068965517,0.0689655172413793,0.689655172413793,0.0689655172413793,0.0689655172413793,0.758620689655172,0.0344827586206897,0.896551724137931,0.551724137931034,1.13793103448276,0.517241379310345,0.551724137931034,2.6551724137931,0.172413793103448,10.8965517241379,0.344827586206897,0.103448275862069,20658,1275,0.533637636044582,0.966666666666667,0.805555555555556,44,16.011,6.68759459898276,5.65578725295806,40.18441510377,328.586206896552,426.551724137931,0.05,44,20351,0,0,0,0,1
65535,20702,0.266666666666667,0.333333333333333,1.1,0.133333333333333,0.133333333333333,0.166666666666667,1.4,3.5,0,0.533333333333333,0.0333333333333333,0.1,1.53333333333333,0.333333333333333,0.1,1.16666666666667,0.166666666666667,0.0333333333333333,0.766666666666667,0,0.766666666666667,0.3,1.96666666666667,0.433333333333333,0.666666666666667,1.26666666666667,0.133333333333333,10.9333333333333,0.4,0.1,20702,1319,0.546499784563563,0.967741935483871,0.714285714285714,44,17.417,6.96309671826244,5.8313097140361,30.6161753305781,685.566666666667,426.7,0.571428571428571,44,20438,0,0,0,0,1
65535,20746,0.142857142857143,0,0.571428571428571,0.333333333333333,0.0952380952380952,0.142857142857143,NaN,1.47619047619048,0.0476190476190476,1.19047619047619,0.0476190476190476,0,1.04761904761905,0.238095238095238,0.19047619047619,0.428571428571429,0.0952380952380952,0.0476190476190476,1.57142857142857,0.0952380952380952,1.0952380952381,0.761904761904762,0.666666666666667,0.380952380952381,0.571428571428571,1.38095238095238,0.19047619047619,8.33333333333333,0.142857142857143,0.333333333333333,20746,923,0.744104750712199,44,0.875,44,13.935,6.48696491123524,4.33370098702459,5.11252369227565,620.809523809524,427.571428571429,0,0,0,0,0,0,0,0
65535,20790,0.341463414634146,0.146341463414634,0.902439024390244,0.146341463414634,0.0731707317073171,0.0731707317073171,0.878048780487805,3.78048780487805,0.0975609756097561,0.634146341463415,0.0975609756097561,0.024390243902439,1.41463414634146,0.439024390243902,0.121951219512195,0.585365853658537,0.121951219512195,0.0975609756097561,1.04878048780488,0.024390243902439,0.829268292682927,0.341463414634146,1.90243902439024,0.51219512195122,0.341463414634146,1.85365853658537,0.317073170731707,16.4634146341463,0.365853658536585,0.146341463414634,20790,1802,0.759497414441885,0.953488372093023,0.759259259259259,44,20.51,9.1081988925784,5.92497738344278,4.26650980942899,1328.70731707317,427.658536585366,0.384615384615385,88,20263,20570,0,0,0,1
65535,20834,0.264705882352941,0.102941176470588,1.23529411764706,1.41176470588235,0.235294117647059,0.147058823529412,2.33823529411765,3.23529411764706,0.0735294117647059,1.13235294117647,0.0147058823529412,0.0294117647058824,1.5,0.647058823529412,0.132352941176471,0.720588235294118,0.102941176470588,0.0882352941176471,1.35294117647059,0.0441176470588235,1.23529411764706,0.808823529411765,6.39705882352941,0.470588235294118,0.397058823529412,2.55882352941176,0.294117647058824,21.2205882352941,0.338235294117647,0.191176470588235,20834,2989,0.615744137496167,0.944444444444444,0.755555555555556,44,27.796,10.7422445739303,8.4643104032566,-33.1853111346715,639.882352941176,428.147058823529,0.411764705882353,44,20922,0,0,0,0,1
65535,20878,0.324324324324324,0.189189189189189,1.16216216216216,0.351351351351351,0.027027027027027,0.0540540540540541,0.891891891891892,2.54054054054054,0.108108108108108,1.16216216216216,0.108108108108108,0,1.05405405405405,0.621621621621622,0.108108108108108,0.810810810810811,0.027027027027027,0.0540540540540541,2.51351351351351,0.027027027027027,0.567567567567568,0.675675675675676,1.02702702702703,0.405405405405405,0.540540540540541,1.7027027027027,0.324324324324324,13.8648648648649,0.351351351351351,0.135135135135135,20878,1626,0.720891951193928,0.973684210526316,0.770833333333333,44,19.195,8.35527167648645,5.79059989070698,11.3908625117966,1166.43243243243,430.702702702703,0,0,0,0,0,0,0,1
65535,20922,0.19047619047619,0.285714285714286,0.920634920634921,1.49206349206349,0.158730158730159,0.111111111111111,2.82539682539683,2.88888888888889,0.111111111111111,0.936507936507937,0.222222222222222,0.0317460317460317,1.52380952380952,0.571428571428571,0.0952380952380952,0.936507936507937,0.0952380952380952,0.0793650793650794,1.28571428571429,0,0.841269841269841,0.777777777777778,2.79365079365079,0.682539682539683,0.285714285714286,2.0952380952381,0.26984126984127,21.4920634920635,0.301587301587302,0.238095238095238,20922,2769,0.867856884103848,0.91304347826087,0.5625,44,31.187,13.2172255953911,6.56650641646342,20.0504537731061,648.190476190476,431.238095238095,0.459459459459459,44,20834,0,0,0,0,1
65535,20966,0.545454545454545,0.181818181818182,0.727272727272727,0.181818181818182,0.136363636363636,0.0909090909090909,1.36363636363636,2.45454545454545,0.0454545454545455,1.77272727272727,0,0.0454545454545455,1.68181818181818,0.272727272727273,0.0454545454545455,0.590909090909091,0.136363636363636,0.0909090909090909,0.863636363636364,0,1.22727272727273,0.772727272727273,0.636363636363636,0.545454545454545,0.5,1.59090909090909,0.136363636363636,9.72727272727273,0.272727272727273,0.181818181818182,20966,967,0.630166852548983,0.956521739130435,0.88,44,13.935,6.11595416306472,4.74879221911267,40.5832926743905,1009.95454545455,434.909090909091,0,0,0,0,0,0,0,1
65535,21010,0.363636363636364,0.0454545454545455,0.681818181818182,0.363636363636364,0,0,1.04545454545455,2.77272727272727,0.0454545454545455,1.36363636363636,0.0909090909090909,0.0454545454545455,0.590909090909091,0.181818181818182,0.0909090909090909,0.454545454545455,0.0909090909090909,0.0454545454545455,1.5,0,0.636363636363636,0.363636363636364,0.681818181818182,0.363636363636364,0.5,1.5,0.181818181818182,10.9090909090909,0.181818181818182,0.227272727272727,21010,967,0.606853807398332,0.956521739130435,0.733333333333333,44,14.051,6.1364065095024,4.87729856795086,-3.69803827985632,1296.22727272727,433.954545454545,0,0,0,0,0,0,0,1
65535,21054,0.14,0.12,1.13,1.24,0.1,0.12,2.54,2.96,0.05,0.67,0.12,0.05,1.59,0.71,0.02,1.05,0.17,0.08,1.01,0.02,0.84,0.48,2.06,0.5,0.22,2.53,0.34,26.67,0.48,0.27,21054,4395,0.562470434242899,0.925925925925926,0.649350649350649,44,35.777,12.8136262885951,10.5945291543745,-26.5466971030609,1375.7,432.86,0,0,0,0,0,0,0,1
65535,21098,0.259259259259259,0.222222222222222,0.888888888888889,1.85185185185185,0.0740740740740741,0.037037037037037,2.40740740740741,2.92592592592593,0.037037037037037,0.481481481481481,0.259259259259259,0.037037037037037,0.962962962962963,0.592592592592593,0.148148148148148,0.740740740740741,0.0740740740740741,0.0740740740740741,1.07407407407407,0,0.703703703703704,0.777777777777778,2.11111111111111,0.777777777777778,0.444444444444444,2.44444444444444,0.407407407407407,23.5185185185185,0.407407407407407,0.259259259259259,21098,1187,0.755173686270032,0.931034482758621,0.642857142857143,44,16.59,7.41281262481402,4.85928217492211,66.5066657315833,190.666666666667,434.185185185185,0.428571428571429,44,21318,0,0,0,0,1
65535,21142,0.25,0.05,0.85,0,0,0.05,0.9,2.55,0,0.25,0.1,0,0.75,0.45,0.05,0.35,0.2,0.05,1.35,0.05,0.7,0,1.55,0.4,0.6,1.8,0.05,11.55,0.2,0.45,21142,879,0.745202256258524,44,0.833333333333333,44,13.29,6.31796995566059,4.21306566600103,1.86233422850551,564.7,435.35,0,0,0,0,0,0,0,1
65535,21186,0.44,0.22,0.34,0.12,0.08,0.08,1.16,3.66,0.06,0.86,0.06,0.02,2.98,0.58,0.06,1.04,0.28,0.04,0.56,0,0.86,0.2,1.1,0.56,0.38,1.36,0.22,NaN,0.12,0.2,21186,2198,0.498154707885025,0.925925925925926,0.694444444444444,44,23.694,8.82246812414476,7.64985770227894,-19.264677479121,1428.3,433.88,0,0,0,0,0,0,0,0
65535,21230,0.210191082802548,0.21656050955414,0.694267515923567,0.700636942675159,0.089171974522293,0.121019108280255,4.53503184713376,4.40764331210191,0.089171974522293,0.802547770700637,0.191082802547771,0.089171974522293,1.44585987261146,0.936305732484076,1.96815286624204,1.2484076433121,0.184713375796178,0.101910828025478,1.32484076433121,0.0382165605095541,0.866242038216561,0.605095541401274,2.22929936305732,0.726114649681529,0.318471337579618,2.10191082802548,0.273885350318471,22.3949044585987,0.452229299363057,0.299363057324841,21230,6901,0.667721444452635,0.940119760479042,0.710407239819005,44,45.602,16.7872612549296,12.4966257232063,-2.47557497925386,546.974522292994,436.050955414013,0,0,0,0,0,0,0,1
65535,21274,0.0982142857142857,0.133928571428571,1.25,1.32142857142857,0.205357142857143,0.0803571428571429,2.8125,3.21428571428571,0.125,0.910714285714286,0.116071428571429,0.0714285714285714,1.375,0.785714285714286,0.0982142857142857,0.919642857142857,0.0714285714285714,0.0803571428571429,0.928571428571429,0.0446428571428571,0.821428571428571,0.589285714285714,2.22321428571429,0.651785714285714,0.3125,2.02678571428571,0.285714285714286,24.3303571428571,0.4375,0.276785714285714,21274,4923,0.566718941480736,0.918032786885246,0.622222222222222,44,38.779,13.6173032760612,11.2194484836327,-9.18449006261863,46.3125,437.723214285714,0.270833333333333,44,21581,0,0,0,0,1
65535,21318,0.0833333333333333,0.0416666666666667,1.33333333333333,1.25,0,0.0833333333333333,3.75,4.20833333333333,0.166666666666667,0.875,0.166666666666667,0.0833333333333333,1.33333333333333,0.833333333333333,0,1.08333333333333,0.0833333333333333,0.208333333333333,0.875,0.125,0.916666666666667,0.75,2.45833333333333,0.541666666666667,0.0833333333333333,2.25,0.208333333333333,32.2083333333333,0.333333333333333,0.541666666666667,21318,1055,0.865958934323375,0.923076923076923,0.75,44,16.474,8.03842466606229,4.02013764264598,11.9012040256907,185.416666666667,437.666666666667,0.473684210526316,44,21098,0,0,0,0,1
65535,21362,1.43478260869565,0.217391304347826,0.826086956521739,0.391304347826087,0.0869565217391304,0.0434782608695652,1.1304347826087,2.34782608695652,0.0434782608695652,1.21739130434783,0.130434782608696,0,1.60869565217391,0.391304347826087,1.17391304347826,0.695652173913043,0.0434782608695652,0.173913043478261,1.65217391304348,0.0434782608695652,1.1304347826087,0.91304347826087,1.60869565217391,0.521739130434783,0.130434782608696,1.17391304347826,0.130434782608696,11.2608695652174,0.565217391304348,0.173913043478261,21362,1011,0.725564326699052,0.92,0.638888888888889,44,15.548,6.85318727743458,4.71605062835342,60.9506856372347,1411.73913043478,437.652173913044,0,0,0,0,0,0,0,1
65535,21405,0.371428571428571,0.171428571428571,0.857142857142857,0.514285714285714,0.0571428571428571,0.171428571428571,1.45714285714286,2.34285714285714,0.171428571428571,1.17142857142857,0.0571428571428571,0.0571428571428571,1.22857142857143,0.457142857142857,0.0571428571428571,0.457142857142857,0.0571428571428571,0.114285714285714,1.54285714285714,0.0571428571428571,0.828571428571429,0.428571428571429,0.771428571428571,0.6,0.742857142857143,2.57142857142857,0.285714285714286,10.4285714285714,0.342857142857143,0.0571428571428571,21405,1538,0.595256071416074,0.945945945945946,0.625,44,19.948,7.65027448945123,6.14727146745247,37.6667904431067,99.6285714285714,438.542857142857,0,0,0,0,0,0,0,1
65535,21449,0.25,0.15625,0.90625,0.9375,0.1875,0.125,4.25,2.53125,0.15625,0.875,0.125,0,1.5625,0.875,0.125,0.84375,0.15625,0.1875,1.5625,0.0625,0.875,0.96875,2.15625,0.71875,0.21875,2.3125,0.1875,21.59375,0.375,0.25,21449,1407,0.605373704821987,44,0.761904761904762,44,17.508,7.28126453366957,5.79545972787253,36.1030887978754,138.4375,440.75,0,0,0,0,0,0,0,1
65535,21493,0.107142857142857,0.214285714285714,1.71428571428571,1.78571428571429,0.130952380952381,0.119047619047619,3.60714285714286,3.52380952380952,0.19047619047619,0.619047619047619,0.214285714285714,0.0357142857142857,1.44047619047619,0.55952380952381,0.154761904761905,1.14285714285714,0.0833333333333333,0.0476190476190476,0.964285714285714,0.0595238095238095,0.857142857142857,0.773809523809524,2.78571428571429,0.488095238095238,0.297619047619048,2.77380952380952,0.380952380952381,26.5714285714286,0.321428571428571,0.369047619047619,21493,3692,0.787543169427914,0.923076923076923,0.636363636363636,44,34.371,13.6511003150158,8.41262008785991,44.406439510701,692.595238095238,443.166666666667,0.255813953488372,44,21845,0,0,0,0,1
65535,21537,0.71875,0.0625,0.5,0.28125,0.0625,0.15625,0.875,1.9375,0.09375,1.25,0,0.03125,2.34375,0.1875,0.15625,0.21875,0.09375,0.09375,1.09375,0.0625,1.21875,0.4375,0.65625,0.3125,0.46875,1.21875,0.15625,NaN,0.21875,0.15625,21537,1407,0.806806829429341,0.941176470588235,0.666666666666667,44,18.732,8.49427552435356,5.01854809512021,21.6305147190752,1090.3125,444.71875,0,0,0,0,0,0,0,0
65535,21581,0.0697674418604651,0.0930232558139535,1.02325581395349,1.72093023255814,0.13953488372093,0.0930232558139535,2.88372093023256,3.3953488372093,0.0465116279069767,1.02325581395349,0.0697674418604651,0.116279069767442,NaN,0.674418604651163,0.0930232558139535,0.720930232558139,0.0697674418604651,0,0.976744186046512,0.0232558139534884,1.25581395348837,0.534883720930233,2.93023255813953,0.720930232558139,0.395348837209302,2.30232558139535,0.255813953488372,26.3255813953488,0.186046511627907,0.13953488372093,21581,1890,0.619016022755021,0.955555555555556,0.877551020408163,44,21.982,8.52788321461486,6.69761490739411,38.8320858100477,47.8837209302326,445.883720930233,0.48,44,21274,0,0,0,0,0
65535,21625,1.06976744186047,0.13953488372093,1.23255813953488,0.209302325581395,0.162790697674419,0.162790697674419,6.72093023255814,3.51162790697674,0.0232558139534884,1.06976744186047,0.0697674418604651,0.0697674418604651,3.74418604651163,0.813953488372093,0.441860465116279,0.581395348837209,0.13953488372093,0.0697674418604651,0.837209302325581,0.0465116279069767,1.11627906976744,0.488372093023256,1.6046511627907,0.558139534883721,0.697674418604651,2.2093023255814,0.209302325581395,17.5581395348837,0.441860465116279,0.255813953488372,21625,1890,0.546051513100853,0.955555555555556,0.767857142857143,44,20.882,8.24028309152473,6.90331035292401,5.41964100236037,250.883720930233,446.976744186047,0,0,0,0,0,0,0,1
65535,21669,0.259259259259259,0.185185185185185,0.981481481481482,0.339506172839506,0.209876543209877,0.111111111111111,2.65432098765432,3.35185185185185,0.104938271604938,0.907407407407407,0.12962962962963,0.0555555555555556,1.44444444444444,0.592592592592593,0.277777777777778,1.01234567901235,0.0987654320987654,0.0925925925925926,0.944444444444444,0.0185185185185185,0.901234567901235,0.648148148148148,3.7037037037037,0.635802469135803,0.37037037037037,2.32716049382716,0.240740740740741,21.9012345679012,0.37037037037037,0.314814814814815,21669,7121,0.799785157022785,0.848167539267016,0.578571428571429,44,51.945,19.9838313520347,11.9960211914773,-26.8559927895187,579.753086419753,444.70987654321,0,0,0,0,0,0,0,1
65535,21713,0.285714285714286,0.142857142857143,0.535714285714286,0.214285714285714,0.142857142857143,0.0714285714285714,2.10714285714286,2.67857142857143,0,NaN,0.107142857142857,0.107142857142857,1.25,0.178571428571429,0.0714285714285714,0.535714285714286,0.142857142857143,0.0357142857142857,1.14285714285714,0,1.17857142857143,0.428571428571429,2.96428571428571,0.678571428571429,NaN,2.21428571428571,0.214285714285714,12.4285714285714,0.428571428571429,0.321428571428571,21713,1231,0.730593523100409,44,0.8,44,16.474,7.39474224675904,5.04922349003254,13.2466933498684,786.392857142857,449.035714285714,0,0,0,0,0,0,0,0
65535,21757,0.458333333333333,0.0416666666666667,0.708333333333333,0.333333333333333,0.125,0.0416666666666667,1.33333333333333,2.125,0.208333333333333,1.33333333333333,0.166666666666667,NaN,1.41666666666667,0.375,0.291666666666667,0.5,0.125,0.0416666666666667,1.33333333333333,0.0833333333333333,NaN,0.333333333333333,0.625,0.458333333333333,0.791666666666667,2.125,0.291666666666667,11.4166666666667,0.166666666666667,0.0833333333333333,21757,1055,0.836022365670033,44,0.75,44,15.912,7.57554037293634,4.15666389363853,10.7238681635527,475.5,449.5,0,0,0,0,0,0,0,0
65535,21801,0.148148148148148,0.111111111111111,1.18518518518519,0.296296296296296,0.037037037037037,0.0740740740740741,2.37037037037037,4.40740740740741,0.111111111111111,1.14814814814815,0.111111111111111,0,2.48148148148148,0.740740740740741,0.259259259259259,2.22222222222222,0.333333333333333,0.148148148148148,2.51851851851852,0,1.40740740740741,0.592592592592593,3.25925925925926,1.18518518518519,0.185185185185185,1.7037037037037,0.407407407407407,NaN,0.185185185185185,0.0740740740740741,21801,1187,0.56337681461206,44,0.9,44,15.341,6.52449264944839,5.39053631957884,-12.491578503655,1111.40740740741,450.925925925926,0,0,0,0,0,0,0,0
65535,21845,0.103448275862069,0.137931034482759,1.13793103448276,3.31034482758621,0.241379310344828,0.0689655172413793,3.37931034482759,NaN,0.172413793103448,0.655172413793103,0.172413793103448,0.206896551724138,1.20689655172414,0.517241379310345,0.206896551724138,NaN,0.103448275862069,0.103448275862069,1.51724137931034,0.0344827586206897,0.620689655172414,0.862068965517241,2.58620689655172,0.758620689655172,0.275862068965517,3.03448275862069,0.206896551724138,24.2068965517241,0.379310344827586,0.0689655172413793,21845,1275,0.567911851440629,0.90625,0.69047619047619,44,17.88,6.95262864165024,5.72263480446483,-21.3625989348208,693.137931034483,451.103448275862,0.5,44,21493,0,0,0,0,0
65535,21889,0.15,0.325,0.625,0.875,0.15,0.1,2.025,1.525,0.075,0.85,0.2,0.075,1.15,0.35,0.025,0.5,0.075,0.05,1.175,0.05,0.65,0.45,4.25,0.525,0.325,1.4,0.125,10.75,0.275,0.35,21889,1758,0.921691399169724,0.833333333333333,0.519480519480519,44,25.472,12.3056448340362,4.77365393438025,68.4308114433548,846.35,450.425,0,0,0,0,0,0,0,1
65535,21933,0.25,0.15625,0.34375,0.1875,0,0.03125,1.03125,2.15625,0.09375,0.71875,0.125,0.03125,2.625,0.5,0.09375,0.4375,0.15625,0.0625,0.78125,0,0.71875,0.125,0.40625,0.28125,0.90625,0.84375,0.03125,9.9375,0.1875,0.0625,21933,1407,0.390637383045328,0.96969696969697,0.761904761904762,44,17.599,6.76479510142023,6.22729587401044,-67.8626121495296,1270.3125,452.8125,0,0,0,0,0,0,0,1
65535,21977,0.444444444444444,0.194444444444444,NaN,0.611111111111111,0.138888888888889,0,3.30555555555556,2.55555555555556,0.0833333333333333,0.833333333333333,0.222222222222222,0.0277777777777778,1.27777777777778,0.5,0.0277777777777778,0.75,0.138888888888889,0.111111111111111,1.47222222222222,0,1.25,0.638888888888889,0.805555555555556,0.638888888888889,0.583333333333333,2.02777777777778,0.194444444444444,17.6111111111111,0.305555555555556,0.111111111111111,21977,1582,0.449187321931741,0.857142857142857,0.5625,44,22.677,7.59903766514875,6.78926599394147,-2.18771192651043,134.555555555556,453.25,0,0,0,0,0,0,0,0
65535,22021,0.333333333333333,0.333333333333333,0.818181818181818,0.757575757575758,0.363636363636364,0.121212121212121,2.51515151515152,1.96969696969697,0.121212121212121,3.66666666666667,0.151515151515152,0.0606060606060606,1.72727272727273,0.848484848484849,0.757575757575758,0.727272727272727,0.242424242424242,0.242424242424242,1.63636363636364,0.0606060606060606,2.78787878787879,1.27272727272727,2.15151515151515,NaN,0.787878787878788,3.12121212121212,0.545454545454545,11.4545454545455,0.484848484848485,0.424242424242424,22021,1450,0.687022604037033,0.970588235294118,0.6875,44,18.542,7.74319193343095,5.62648236031364,3.21936980055455,1396.90909090909,453.909090909091,0,0,0,0,0,0,0,0
65535,22065,1.3,0.2,1.45,0.35,0.1,0.3,1.4,4.55,0.05,1.05,0.15,0,2.05,1.05,0.3,0.8,0.1,0,1.2,0,1.4,0.75,1.7,0.65,0.2,3.05,0.45,25.2,0.7,0.15,22065,879,0.77023250014818,44,0.833333333333333,44,13.29,6.43580498564395,4.10451956426415,11.1951406425828,268.45,454.65,0,0,0,0,0,0,0,1
65535,22109,0.36,0,0.36,0.4,0.12,0.04,1.32,2.16,0.04,0.6,0.04,0,1.52,0.4,0.04,0.6,0.16,0,1.52,0,0.72,0.36,0.44,0.32,0.2,1.68,0.32,9.64,0.2,0.24,22109,1099,0.836777991065828,44,0.78125,44,16.375,7.84419498020152,4.29502872857074,-3.82431827415881,495.64,457.72,0,0,0,0,0,0,0,1
65535,22153,0.0833333333333333,0.375,1.79166666666667,0.125,0.0833333333333333,0.0833333333333333,1.875,3.20833333333333,0.0416666666666667,0.666666666666667,0.125,0,1.125,0.75,0.0416666666666667,0.5,0.0833333333333333,0.0416666666666667,0.791666666666667,0,0.666666666666667,0.583333333333333,1.25,0.583333333333333,0.458333333333333,1.375,0.0833333333333333,17.7916666666667,0.166666666666667,0.208333333333333,22153,1055,0.732406773392688,44,0.685714285714286,44,15.548,6.89240667114245,4.69281451342037,23.1845917714593,626.833333333333,459.291666666667,0,0,0,0,0,0,0,1
65535,22197,0.285714285714286,0.142857142857143,1.04761904761905,0.904761904761905,0.285714285714286,0.19047619047619,2.61904761904762,2.28571428571429,0.0952380952380952,1.23809523809524,0.142857142857143,0.0476190476190476,1.52380952380952,0.380952380952381,0.19047619047619,0.428571428571429,0.0952380952380952,0.0952380952380952,1.23809523809524,0,0.761904761904762,0.523809523809524,2.85714285714286,0.428571428571429,0.523809523809524,1.76190476190476,0.380952380952381,14.0952380952381,0.238095238095238,0.333333333333333,22197,923,0.669099298145407,0.91304347826087,0.7,44,13.869,6.25410068662459,4.64787885917261,-7.07570535441468,829.190476190476,459.047619047619,0.777777777777778,44,22328,0,0,0,0,1
65535,22241,0.11864406779661,0.186440677966102,0.847457627118644,1.20338983050847,0.23728813559322,0.11864406779661,1.71186440677966,2.03389830508475,0.0169491525423729,0.966101694915254,0.11864406779661,0.0677966101694915,1.20338983050847,0.406779661016949,0.220338983050847,0.491525423728814,0.135593220338983,0.0508474576271186,1.10169491525424,0.0338983050847458,1.16949152542373,0.76271186440678,1.45762711864407,0.474576271186441,0.525423728813559,2.15254237288136,0.322033898305085,11.7627118644068,0.271186440677966,0.152542372881356,22241,2593,0.701792128349572,44,0.842857142857143,44,24.794,10.3924665772797,7.4034038980732,83.5642918938129,1150.27118644068,458.677966101695,0.3,44,22504,0,0,0,0,1
65535,22285,0.258064516129032,0.129032258064516,0.419354838709677,0.32258064516129,0.129032258064516,0.193548387096774,1.45161290322581,2.2258064516129,0.032258064516129,1.51612903225806,0.129032258064516,0.032258064516129,0.903225806451613,0.612903225806452,0.0967741935483871,0.483870967741936,0,0.129032258064516,0.67741935483871,0,0.806451612903226,0.451612903225806,0.709677419354839,0.387096774193548,0.709677419354839,1.70967741935484,0.32258064516129,NaN,0.225806451612903,0.129032258064516,22285,1363,0.724685410150962,44,0.738095238095238,44,17.508,7.713284232429,5.31506883501083,34.6719499424222,1334.35483870968,460.483870967742,0,0,0,0,0,0,0,0
65535,22328,0.25,0.15,1.3,0.5,0.25,0.05,2.6,1.95,0.05,1.15,0.1,0,1.2,0.5,0.25,0.75,0.05,0.1,1.4,0,0.9,0.9,3.9,0.25,0.35,1.9,0.2,16.55,0.1,0.25,22328,879,0.762517145736076,44,0.833333333333333,44,13.29,6.395710437943,4.13782003724831,11.9029717592289,830.7,462.5,0.875,44,22197,0,0,0,0,1
65535,22372,0.214953271028037,0.14018691588785,0.738317757009346,1.17757009345794,0.0934579439252336,0.0841121495327103,2.76635514018692,2.37383177570093,0.0841121495327103,1.13084112149533,0.121495327102804,0.0934579439252336,1.07476635514019,0.672897196261682,0.0654205607476635,0.570093457943925,0.186915887850467,0.0841121495327103,1.20560747663551,0.0280373831775701,0.981308411214953,0.841121495327103,1.26168224299065,0.710280373831776,0.373831775700935,2.72897196261682,0.252336448598131,18.9345794392523,0.373831775700935,0.102803738317757,22372,4703,0.761934142266138,0.946902654867257,0.713333333333333,44,36.24,14.6347368985232,9.47825333833635,16.6964320041843,382.504672897196,463.644859813084,0,0,0,0,0,0,0,1
65535,22416,0.4,0.04,0.44,0.36,0.08,0.04,1.52,1.84,0,1.4,0,0,0.92,0.4,0.12,0.44,0.12,0.24,0.88,0,0.88,0.48,0.84,0.52,0.4,NaN,0.24,7.88,0.32,0.04,22416,1099,0.714471787289845,0.925925925925926,0.714285714285714,44,15.275,6.9174011323484,4.83985828726955,1.92301504502369,161.88,465.24,0,0,0,0,0,0,0,0
65535,22460,0.536585365853659,0.292682926829268,0.414634146341463,0.219512195121951,0.0975609756097561,0.121951219512195,1.04878048780488,3.21951219512195,0.0975609756097561,1.14634146341463,0,0.0487804878048781,1.19512195121951,0.439024390243902,0.0975609756097561,0.853658536585366,0.0975609756097561,0.121951219512195,0.829268292682927,0,1.31707317073171,0.390243902439024,0.731707317073171,0.780487804878049,0.560975609756098,1.41463414634146,0.195121951219512,9.21951219512195,0.536585365853659,0.121951219512195,22460,1802,0.537271378278299,44,0.732142857142857,44,20.601,8.04475862721651,6.78502528574065,32.2658173586915,700.926829268293,464.463414634146,0,0,0,0,0,0,0,1
65535,22504,0.413793103448276,0.241379310344828,1.20689655172414,0.793103448275862,0.241379310344828,0.0689655172413793,1.58620689655172,2.06896551724138,0,0.689655172413793,0.206896551724138,0,1.20689655172414,1.13793103448276,0.137931034482759,0.379310344827586,0.206896551724138,0.0344827586206897,1.41379310344828,0.0344827586206897,0.896551724137931,0.206896551724138,1.55172413793103,0.310344827586207,0.482758620689655,2.20689655172414,0.275862068965517,12.6206896551724,0.275862068965517,0.241379310344828,22504,1275,0.639733763602122,0.935483870967742,0.805555555555556,44,17.119,7.13798433241113,5.48623038740388,-60.9749857231666,1151.58620689655,466.586206896552,0.55,88,22241,22724,0,0,0,1
65535,22548,0.682926829268293,0.0975609756097561,0.560975609756098,0.268292682926829,0.0975609756097561,0.0731707317073171,1.51219512195122,2.46341463414634,0.024390243902439,0.634146341463415,0,0,1.95121951219512,0.51219512195122,0.0487804878048781,0.75609756097561,0.0975609756097561,0.024390243902439,0.829268292682927,0,0.585365853658537,0.121951219512195,0.682926829268293,0.463414634146341,0.634146341463415,1.19512195121951,0.24390243902439,9.65853658536585,0.365853658536585,0.146341463414634,22548,1802,0.729754021877316,0.953488372093023,0.650793650793651,44,21.544,9.07464081157737,6.20442070130742,64.6639525143787,1272.17073170732,464.780487804878,0,0,0,0,0,0,0,1
65535,22592,0.457142857142857,0.0285714285714286,0.485714285714286,0.114285714285714,0.0857142857142857,0.0857142857142857,1.88571428571429,3.17142857142857,0.0571428571428571,0.714285714285714,0.114285714285714,0.0857142857142857,2.31428571428571,0.514285714285714,0.457142857142857,0.742857142857143,0.114285714285714,0.0857142857142857,0.742857142857143,0,0.942857142857143,0.371428571428571,0.657142857142857,0.771428571428571,1.05714285714286,1.25714285714286,0.114285714285714,12.7142857142857,0.285714285714286,0.142857142857143,22592,1538,0.662320400452671,44,0.729166666666667,44,18.542,7.80610335529393,5.84849437555433,22.876142796521,1203.88571428571,467.514285714286,0,0,0,0,0,0,0,1
65535,22636,NaN,0.116279069767442,0.558139534883721,0.209302325581395,0.186046511627907,0.0697674418604651,1.41860465116279,2.81395348837209,0.0930232558139535,0.86046511627907,0.0697674418604651,0.0232558139534884,1.51162790697674,0.651162790697674,0.116279069767442,0.813953488372093,0.116279069767442,0.0930232558139535,0.744186046511628,0.0232558139534884,0.720930232558139,0.325581395348837,0.906976744186046,0.558139534883721,0.674418604651163,1.37209302325581,0.0930232558139535,14.6279069767442,0.162790697674419,0.27906976744186,22636,1890,0.82602545736203,0.877551020408163,0.530864197530864,44,28.003,10.4265324692267,5.87673578753946,44.9264754793696,569.860465116279,471.720930232558,0,0,0,0,0,0,0,0
65535,22680,0.269230769230769,0.115384615384615,1.07692307692308,0.0769230769230769,0.0384615384615385,0.0769230769230769,1.38461538461538,2.26923076923077,0.115384615384615,1.03846153846154,0.0769230769230769,0,1.38461538461538,1.03846153846154,0,0.961538461538462,0.192307692307692,0.0384615384615385,0.807692307692308,0,0.615384615384615,0.461538461538462,0.807692307692308,0.307692307692308,0.615384615384615,2.07692307692308,0.307692307692308,12.3846153846154,0.384615384615385,0.192307692307692,22680,1143,0.859656578398223,0.928571428571429,0.530612244897959,44,18.914,8.48166761835606,4.33304954466292,51.0651943880479,476.538461538462,475.230769230769,0,0,0,0,0,0,0,1
65535,22724,0.121212121212121,0.0909090909090909,0.909090909090909,0.848484848484849,0.0909090909090909,0.121212121212121,1.42424242424242,3.12121212121212,0.151515151515152,0.727272727272727,0,0,1.63636363636364,0.575757575757576,0.151515151515152,0.757575757575758,0.181818181818182,0.0909090909090909,1.21212121212121,0.0303030303030303,0.848484848484849,0.393939393939394,1.39393939393939,0.575757575757576,0.272727272727273,1.75757575757576,0.303030303030303,14.1212121212121,0.333333333333333,0.212121212121212,22724,1450,0.475031615850685,0.970588235294118,0.673469387755102,44,19.303,7.16019682966676,6.30074930328417,-12.4688839273422,1157.06060606061,473.484848484849,0.583333333333333,88,22504,22900,0,0,0,1
65535,22768,1.2,0.184615384615385,0.646153846153846,0.523076923076923,0.0615384615384615,0.0461538461538462,3.72307692307692,3.24615384615385,0.107692307692308,0.6,0.0769230769230769,0,1.32307692307692,0.707692307692308,0.169230769230769,0.753846153846154,0.169230769230769,0.138461538461538,1.64615384615385,0.0307692307692308,0.969230769230769,0.476923076923077,1.44615384615385,0.523076923076923,2.18461538461538,2.13846153846154,0.307692307692308,15.0615384615385,0.276923076923077,0.184615384615385,22768,2857,0.788725597341618,0.928571428571429,0.65,44,28.284,11.827801803531,7.27108699399871,42.5662099689358,74.1692307692308,473.830769230769,0,0,0,0,0,0,0,1
65535,22812,0.12962962962963,0.166666666666667,0.962962962962963,1.42592592592593,0.12962962962963,0.0740740740740741,3.42592592592593,3.66666666666667,0.0555555555555556,1.38888888888889,0.240740740740741,0,1.46296296296296,0.981481481481482,0.0555555555555556,0.925925925925926,0.037037037037037,0.0925925925925926,0.814814814814815,0.0185185185185185,1.18518518518519,0.833333333333333,2.62962962962963,0.555555555555556,0.222222222222222,2.90740740740741,0.203703703703704,30.3333333333333,0.314814814814815,0.351851851851852,22812,2374,0.810555233423349,0.947368421052632,0.771428571428571,44,24.802,11.0012671220495,6.44302631545392,-13.8492550710313,529.62962962963,478.018518518519,0,0,0,0,0,0,0,1
65535,22856,0.904761904761905,0.238095238095238,0.619047619047619,0.285714285714286,0.19047619047619,0.0476190476190476,1.23809523809524,2.95238095238095,0.238095238095238,0.857142857142857,0.0952380952380952,0,0.952380952380952,0.380952380952381,0.0952380952380952,0.285714285714286,0,0.0952380952380952,1.04761904761905,0,1.28571428571429,0.333333333333333,0.761904761904762,0.476190476190476,0.857142857142857,1.47619047619048,0.333333333333333,11.3809523809524,0.285714285714286,0.19047619047619,22856,923,0.793550329008044,44,0.875,44,13.935,6.74349044769704,4.10344510769753,15.8180179993138,1254.57142857143,478.571428571429,0,0,0,0,0,0,0,1
65535,22900,0.45,0.1,0.55,0.25,0.1,0.05,0.8,2.75,0.1,1.35,0.1,0,1.95,0.7,0.05,0.7,0.1,0,0.95,0.05,0.9,0.45,0.55,0.6,0.35,0.95,0.1,9.55,0.3,0.2,22900,879,0.852871681513908,0.909090909090909,0.555555555555556,44,14.903,7.23563074055295,3.77787168297598,49.5629661359371,1156.3,478.75,0.611111111111111,44,22724,0,0,0,0,1
65535,22944,0.228915662650602,0.120481927710843,0.987951807228916,1.68674698795181,0.168674698795181,0.036144578313253,3.34939759036145,3.34939759036145,0.0963855421686747,0.686746987951807,0.240963855421687,0.0120481927710843,1.37349397590361,0.771084337349398,0.0843373493975904,0.783132530120482,0.108433734939759,0.120481927710843,1.02409638554217,0.0120481927710843,0.927710843373494,0.698795180722892,1.57831325301205,0.55421686746988,0.228915662650602,2.95180722891566,0.27710843373494,22.0963855421687,0.180722891566265,0.265060240963855,22944,3648,0.590031078786527,0.954022988505747,0.754545454545455,44,30.426,11.5932712158921,9.36018150067032,-37.7915021420538,337.361445783133,478.481927710843,0,0,0,0,0,0,0,1
65535,22988,0,0.35,0.6,0.55,0.1,0.05,2.85,3.3,0.15,1.4,0.25,NaN,1.5,0.9,0.1,0.45,0.15,0.05,1.8,0,1.4,1.25,0.8,1.1,1.3,3.05,0.3,13.4,0.35,0.2,22988,879,0.868840809770629,0.952380952380952,0.714285714285714,44,14.696,7.39588189268227,3.66163866269751,6.72196049244227,2066,480.9,0,0,0,0,0,0,0,0
65535,23032,1.2,0.05,0.7,0.3,0.1,0.2,2.6,1.95,0.15,NaN,0.2,0.25,1.3,0.65,0.1,0.55,0.1,0.15,1.6,0,1.15,1.15,1.2,0.65,1.4,2.1,0.2,9.15,0.5,0.5,23032,879,0.871246564193158,0.952380952380952,0.714285714285714,44,14.787,7.52704847118508,3.69461878670818,12.0786399030792,36.4,484.75,0,0,0,0,0,0,0,0
65535,23076,0.333333333333333,0.174603174603175,0.555555555555556,0.238095238095238,0.0793650793650794,0.142857142857143,1.46031746031746,3.44444444444444,0.0952380952380952,1.31746031746032,0.0793650793650794,0.0317460317460317,2.12698412698413,0.603174603174603,0.142857142857143,0.666666666666667,0.126984126984127,0.0317460317460317,0.968253968253968,0.0317460317460317,1.23809523809524,0.285714285714286,1.46031746031746,0.476190476190476,0.857142857142857,1.6031746031746,0.333333333333333,15.7619047619048,0.333333333333333,0.238095238095238,23076,2769,0.684431623267749,0.969230769230769,0.7875,44,26.853,10.6650549633187,7.77564687097114,33.1138255943177,41976,486.571428571429,0,0,0,0,0,0,0,0
65535,23120,0.321428571428571,0.0357142857142857,1.46428571428571,0.142857142857143,0.107142857142857,0.107142857142857,NaN,2.85714285714286,0.107142857142857,0.785714285714286,0.178571428571429,0.142857142857143,3.10714285714286,0.464285714285714,0.107142857142857,0.5,0.178571428571429,0.107142857142857,1.67857142857143,0.0357142857142857,0.785714285714286,0.142857142857143,7.14285714285714,0.678571428571429,0.321428571428571,1.17857142857143,0.142857142857143,12.7857142857143,0.357142857142857,0.285714285714286,23120,1231,0.913516702286665,0.933333333333333,0.56,44,20.138,9.87203748256186,4.01595691666372,18.804457926123,1305.85714285714,487.392857142857,0,0,0,0,0,0,0,0
65535,23164,0.354838709677419,0.0645161290322581,0.516129032258065,0.258064516129032,0.0645161290322581,0.032258064516129,1.03225806451613,1.83870967741935,0.0967741935483871,1.03225806451613,0.0645161290322581,0.032258064516129,0.612903225806452,0.451612903225806,0.0645161290322581,0.451612903225806,0.032258064516129,0.225806451612903,1.29032258064516,0,0.935483870967742,0.354838709677419,0.516129032258065,0.258064516129032,0.451612903225806,1.96774193548387,0.290322580645161,7.80645161290323,0.32258064516129,0.193548387096774,23164,1363,0.877393760222387,0.861111111111111,0.62,44,21.246,9.9207805910054,4.75970258797437,-1.56197953513812,51734,488.225806451613,0,0,0,0,0,0,0,0
65535,23208,0.482758620689655,0.103448275862069,0.586206896551724,0.517241379310345,0.103448275862069,0.0689655172413793,1.3448275862069,2.27586206896552,0.0344827586206897,1.10344827586207,0.103448275862069,0.0689655172413793,2.31034482758621,0.482758620689655,0,0.724137931034483,0.137931034482759,0.103448275862069,1.41379310344828,0.0689655172413793,0.793103448275862,0.379310344827586,0.586206896551724,0.586206896551724,0.655172413793103,1.55172413793103,0.137931034482759,8.96551724137931,0.379310344827586,0.172413793103448,23208,1275,0.924844618223277,0.659090909090909,0.439393939393939,44,27.25,11.9946086731168,4.5620912194351,-19.519430089834,900.862068965517,490.310344827586,0,0,0,0,0,0,0,1
65535,23252,0.7,0.14,0.9,0.4,0.08,0.14,1.78,2.48,0.06,1.54,0.08,0.08,1.14,0.44,0.16,0.58,0.16,0.04,1.32,0.02,1.22,0.48,0.56,0.66,0.7,3.22,0.32,13.9,0.34,0.24,23252,2198,0.881092756373546,0.925925925925926,0.694444444444444,44,25.563,11.8068848021366,5.58398942833364,-14.4807335343019,1049.56,491.54,0.4375,44,23339,0,0,0,0,1
65535,23295,0.213333333333333,0.2,1.10666666666667,1.2,0.266666666666667,0.08,2.56,3.06666666666667,0.12,0.893333333333333,0.2,0.0266666666666667,1.24,0.773333333333333,0.0533333333333333,0.786666666666667,0.0933333333333333,0.16,1.41333333333333,0.0133333333333333,0.946666666666667,0.546666666666667,4.18666666666667,0.546666666666667,0.306666666666667,2.21333333333333,0.226666666666667,22.68,0.306666666666667,0.213333333333333,23295,3297,0.80535701216657,0.925925925925926,0.694444444444444,44,30.525,12.8534014378766,7.61936891008057,-33.3126338637551,536.466666666667,493.813333333333,0,0,0,0,0,0,0,1
65535,23339,0.837837837837838,0.135135135135135,0.72972972972973,0.243243243243243,0.162162162162162,0.108108108108108,5.43243243243243,2.45945945945946,0.0540540540540541,1.02702702702703,0,0.0540540540540541,2.56756756756757,0.594594594594595,0.189189189189189,0.675675675675676,0.0810810810810811,0.108108108108108,1.72972972972973,0.0540540540540541,0.756756756756757,0.486486486486487,0.567567567567568,0.675675675675676,1.10810810810811,2.78378378378378,0.189189189189189,13.8648648648649,0.540540540540541,0.216216216216216,23339,1626,0.460000634206719,0.973684210526316,0.660714285714286,44,19.675,7.43559055189642,6.60219905379353,13.743309812144,1043.51351351351,494.486486486487,0.791666666666667,88,23252,23515,0,0,0,1
65535,23383,0.25,0.208333333333333,0.708333333333333,0.291666666666667,0.0833333333333333,0,1.29166666666667,2.70833333333333,0,0.75,0,0,1.45833333333333,0.0416666666666667,0.0833333333333333,0.666666666666667,0.0416666666666667,0.0833333333333333,1.375,0.0416666666666667,1.16666666666667,0.458333333333333,0.791666666666667,0.458333333333333,0.666666666666667,1.08333333333333,0.125,9.20833333333333,0.333333333333333,0.166666666666667,23383,1055,0.574717566567462,44,0.8,44,14.142,6.18979878767913,5.06543316906542,19.6048839962283,867.666666666667,495.125,0,0,0,0,0,0,0,1
65535,23427,0.828571428571429,0.271428571428571,0.457142857142857,0.214285714285714,0.2,0.228571428571429,1.64285714285714,5.77142857142857,0.157142857142857,1.88571428571429,0.0571428571428571,0.114285714285714,2.2,0.814285714285714,0.171428571428571,0.885714285714286,0.314285714285714,0.428571428571429,2.04285714285714,0.0714285714285714,1.88571428571429,0.842857142857143,8.28571428571429,1.11428571428571,0.857142857142857,2.78571428571429,0.242857142857143,15.6714285714286,0.771428571428571,0.357142857142857,23427,3077,0.427971849167128,0.972222222222222,0.777777777777778,44,27.242,10.0366808715038,9.0710725281788,-20.803296432962,694.3,497.771428571429,0,0,0,0,0,0,0,1
65535,23471,0.3,0.166666666666667,0.566666666666667,0.233333333333333,0,0.0333333333333333,NaN,2.03333333333333,0.1,0.966666666666667,0.1,0.0333333333333333,0.933333333333333,0.433333333333333,0.0333333333333333,0.4,0.1,0.0333333333333333,0.766666666666667,0.0333333333333333,0.4,0.3,0.7,0.4,0.466666666666667,1.56666666666667,0.266666666666667,8.63333333333333,0.266666666666667,0.0333333333333333,23471,1319,0.675715586641817,0.9375,0.714285714285714,44,17.235,7.39759950509871,5.453232416135,12.6352773157311,1169.26666666667,500.5,0,0,0,0,0,0,0,0
65535,23515,1.39024390243902,0.146341463414634,0.268292682926829,0.268292682926829,0.0487804878048781,0.0731707317073171,1.51219512195122,2.09756097560976,0.146341463414634,0.829268292682927,0.0975609756097561,0.0487804878048781,2.82926829268293,0.439024390243902,0.24390243902439,0.585365853658537,0.0975609756097561,0.0975609756097561,1.1219512195122,0,0.951219512195122,0.365853658536585,0.24390243902439,0.609756097560976,0.75609756097561,1.39024390243902,0.146341463414634,12.8536585365854,0.219512195121951,0.268292682926829,23515,1802,0.711566935676293,0.976190476190476,0.759259259259259,44,20.692,8.79405562939255,6.17886454507843,4.81358766933503,1042.26829268293,501.853658536585,0.32,44,23339,0,0,0,0,1
65535,23559,0.459459459459459,0.135135135135135,0.459459459459459,0.324324324324324,0.0810810810810811,0.0540540540540541,0.972972972972973,2.24324324324324,0,0.702702702702703,0.108108108108108,0.0540540540540541,2.43243243243243,0.594594594594595,0.0810810810810811,0.486486486486487,0.0810810810810811,0.0810810810810811,1.16216216216216,0,0.918918918918919,0.378378378378378,0.405405405405405,0.405405405405405,0.918918918918919,1.48648648648649,0.324324324324324,11.2972972972973,0.189189189189189,0.243243243243243,23559,1626,0.586737096799435,0.973684210526316,0.770833333333333,44,18.914,7.71126676252082,6.24441022428952,10.6455776098631,1011.24324324324,502.621621621622,0,0,0,0,0,0,0,1
65535,23603,0.184931506849315,0.191780821917808,0.856164383561644,0.986301369863014,0.116438356164384,0.116438356164384,2.56849315068493,4.32876712328767,0.0958904109589041,1.08904109589041,0.184931506849315,0.0273972602739726,1.73287671232877,0.746575342465753,0.0684931506849315,1.42465753424658,0.143835616438356,0.136986301369863,0.842465753424658,0.0547945205479452,1.18493150684932,0.746575342465753,2.15068493150685,0.89041095890411,0.363013698630137,2.71232876712329,0.404109589041096,25.9315068493151,0.36986301369863,0.5,23603,6417,0.66823398609625,0.879518072289157,0.760416666666667,44,49.224,16.4860498127234,12.2648160078692,-11.0800856679826,1390.08219178082,502.178082191781,0.43859649122807,44,23647,0,0,0,0,1
65535,23647,0.214285714285714,0.160714285714286,0.803571428571429,0.625,0.0714285714285714,0.125,1.76785714285714,3.625,0.0535714285714286,0.821428571428571,0.125,0.0357142857142857,1.46428571428571,0.642857142857143,0.0714285714285714,0.696428571428571,0.0892857142857143,0.0357142857142857,0.75,0,1.19642857142857,0.517857142857143,1.64285714285714,0.714285714285714,0.321428571428571,2.46428571428571,0.303571428571429,18.9285714285714,0.321428571428571,0.232142857142857,23647,2461,0.834875413590878,0.861538461538462,0.727272727272727,44,29.202,11.923773377311,6.56330936396223,87.359120512288,1399.19642857143,502.178571428571,0.647058823529412,44,23603,0,0,0,0,1
65535,23691,0.108108108108108,0.324324324324324,0.351351351351351,0.297297297297297,0.027027027027027,0,4.75675675675676,1.54054054054054,0.108108108108108,0.918918918918919,0.135135135135135,0.027027027027027,0.513513513513513,0.513513513513513,0.216216216216216,0.27027027027027,0.135135135135135,0.162162162162162,NaN,0,NaN,0.405405405405405,2.02702702702703,0.567567567567568,0.648648648648649,1.27027027027027,0.378378378378378,7.10810810810811,0.702702702702703,0.027027027027027,23691,1626,0.756887376010302,0.948717948717949,0.755102040816326,44,19.286,8.58906717100997,5.61334474965308,45.1901380692613,36.1351351351351,505.972972972973,0,0,0,0,0,0,0,0
65535,23735,0.76,0.12,0.466666666666667,0.133333333333333,0.0933333333333333,0.0533333333333333,3.32,3.49333333333333,0.0666666666666667,0.866666666666667,0.08,0.0666666666666667,1.98666666666667,0.573333333333333,0.0133333333333333,0.466666666666667,0.106666666666667,0.106666666666667,0.853333333333333,0.0266666666666667,0.573333333333333,0.253333333333333,1.69333333333333,0.453333333333333,0.56,1.94666666666667,0.32,12.8133333333333,0.306666666666667,0.173333333333333,23735,3297,0.823170398353543,0.986842105263158,0.681818181818182,44,29.5,13.0970040284941,7.43640571257739,48.5000722148401,492.253333333333,508.546666666667,0.0526315789473684,44,23955,0,0,0,0,1
65535,23779,0.534883720930233,0.255813953488372,0.534883720930233,0.255813953488372,0.0697674418604651,0.0465116279069767,1.25581395348837,3.65116279069767,0.0697674418604651,1.18604651162791,0.0930232558139535,0.0232558139534884,1.93023255813954,0.720930232558139,0.0697674418604651,NaN,0.0697674418604651,0.0697674418604651,1.3953488372093,0.0232558139534884,0.837209302325581,0.488372093023256,1.69767441860465,0.488372093023256,1.46511627906977,1.48837209302326,0.209302325581395,12.4883720930233,0.441860465116279,0.0697674418604651,23779,1890,0.746205198106615,0.955555555555556,0.796296296296296,44,21.064,9.16020380883439,6.0980943052808,2.55013892032913,533.232558139535,506.558139534884,0,0,0,0,0,0,0,0
65535,23823,0.84,0.14,0.38,0.22,0.1,0.14,1.76,3.38,0.1,0.86,0.1,0,2.42,0.64,0.06,0.92,0.02,0.02,1.1,0.02,1.4,0.46,2.5,0.84,1.5,1.42,0.2,14.96,0.12,0.16,23823,2198,0.582527185612667,0.925925925925926,0.617283950617284,44,24.265,9.1705062566915,7.45389037098405,-40.1780041703779,616.36,507.78,0,0,0,0,0,0,0,1
65535,23867,0.642857142857143,0.166666666666667,0.30952380952381,0.119047619047619,0.119047619047619,0.119047619047619,0.952380952380952,2.38095238095238,0.142857142857143,1.28571428571429,0.19047619047619,0.0952380952380952,1.73809523809524,0.30952380952381,3.5,0.714285714285714,0.0952380952380952,0.261904761904762,2.80952380952381,0,1.35714285714286,0.428571428571429,0.880952380952381,0.547619047619048,1.16666666666667,1.80952380952381,0.238095238095238,12.5,0.428571428571429,0.166666666666667,23867,1846,0.758251150266203,0.976744186046512,0.777777777777778,44,20.51,9.14657781649909,5.96322638302899,10.6017566669415,896.833333333333,506.595238095238,0,0,0,0,0,0,0,1
65535,23911,0.138888888888889,0.222222222222222,NaN,0.777777777777778,0.138888888888889,0.0833333333333333,3.25,2.38888888888889,0.222222222222222,0.972222222222222,0.25,0.0277777777777778,1.11111111111111,0.444444444444444,0.0555555555555556,0.888888888888889,0.0277777777777778,0.111111111111111,0.472222222222222,0.0277777777777778,0.833333333333333,0.388888888888889,4.44444444444444,0.611111111111111,0.305555555555556,1.52777777777778,0.333333333333333,24.75,0.333333333333333,0.222222222222222,23911,1582,0.76210030688244,0.878048780487805,0.666666666666667,44,21.8,9.02105036487596,5.8407600083264,-18.8764565751266,133.527777777778,508.444444444444,0.666666666666667,44,24438,0,0,0,0,0
65535,23955,1.2962962962963,0.185185185185185,0.407407407407407,0.259259259259259,0.111111111111111,0.037037037037037,1.18518518518519,3.59259259259259,0.037037037037037,0.666666666666667,0,0,3.07407407407407,0.592592592592593,0.037037037037037,0.555555555555556,0.222222222222222,0,0.555555555555556,0,0.703703703703704,0.518518518518518,1.14814814814815,0.444444444444444,0.888888888888889,1.74074074074074,0.259259259259259,10.5555555555556,0.259259259259259,0.222222222222222,23955,1187,0.328093837671923,0.964285714285714,0.75,44,15.457,6.13529985079311,5.79568116426945,56.4770432688143,501.407407407407,510.740740740741,0.1,44,23735,0,0,0,0,1
65535,23999,0.6,0.1,0.35,0.05,0.1,0.2,1.1,1.5,0.1,0.75,0.05,0,1.05,0.5,0.15,0.7,0.05,0,0.95,0,0.8,0.65,0.5,0.3,0.65,1.9,0.2,NaN,0.15,0.15,23999,879,0.77023250014818,44,0.833333333333333,44,13.29,6.43580498564395,4.10451956426415,11.1951406425828,808.45,512.65,0,0,0,0,0,0,0,0
65535,24043,0.340909090909091,0.136363636363636,0.568181818181818,0.363636363636364,0.0909090909090909,0.0681818181818182,5.31818181818182,1.72727272727273,0.227272727272727,0.613636363636364,0.0681818181818182,0.0454545454545455,0.954545454545455,0.295454545454545,0.0681818181818182,0.409090909090909,0.0454545454545455,0.0227272727272727,0.886363636363636,0.0454545454545455,0.909090909090909,0.318181818181818,0.75,0.5,0.5,1.34090909090909,0.159090909090909,9.63636363636364,0.159090909090909,0.0454545454545455,24043,1934,0.493520761991961,0.956521739130435,0.785714285714286,44,21.064,8.14190332654442,7.08129027290888,-26.3480258610083,1228.34090909091,511.022727272727,0,0,0,0,0,0,0,1
65535,24087,0.618181818181818,0.109090909090909,0.381818181818182,0.127272727272727,0.163636363636364,0.0363636363636364,1.43636363636364,2.6,0.0181818181818182,1.07272727272727,0.0545454545454545,0.0363636363636364,1.50909090909091,0.309090909090909,0.127272727272727,0.472727272727273,0.0727272727272727,0.0909090909090909,1.69090909090909,0.0363636363636364,1.30909090909091,0.581818181818182,0.854545454545455,0.454545454545455,1.34545454545455,1.54545454545455,0.327272727272727,NaN,0.290909090909091,0.0909090909090909,24087,2417,0.504668535424873,0.916666666666667,0.679012345679012,44,25.009,9.19230263178408,7.93583613683582,64.7675614430074,452.109090909091,514.254545454545,0,0,0,0,0,0,0,0
65535,24131,0.5,0.0769230769230769,0.423076923076923,0.230769230769231,0.0769230769230769,0.115384615384615,1.15384615384615,2.07692307692308,0.0384615384615385,1.19230769230769,0.0384615384615385,0,5.11538461538462,0.615384615384615,0.115384615384615,0.576923076923077,0.0384615384615385,0.0769230769230769,1.34615384615385,0,1.65384615384615,0.307692307692308,0.692307692307692,0.615384615384615,0.730769230769231,1.61538461538462,0.115384615384615,9.69230769230769,0.192307692307692,0.0769230769230769,24131,1143,0.76807907634076,0.962962962962963,0.742857142857143,44,16.011,7.32287235595287,4.68923796444776,-4.51974140167756,1094.11538461538,512.653846153846,0,0,0,0,0,0,0,1
65535,24175,0.5,0.230769230769231,0.538461538461538,0.807692307692308,0.0769230769230769,0.0384615384615385,1.26923076923077,2.92307692307692,0.153846153846154,0.692307692307692,0.192307692307692,0.0384615384615385,1.23076923076923,0.692307692307692,0.192307692307692,0.192307692307692,0.0769230769230769,0.0384615384615385,1.38461538461538,0.0769230769230769,0.884615384615385,0.692307692307692,1.34615384615385,0.615384615384615,1.03846153846154,2.30769230769231,0.153846153846154,NaN,0.307692307692308,0.115384615384615,24175,1143,0.734017374446312,0.928571428571429,0.722222222222222,44,15.829,7.20252763153871,4.89145755967936,-48.8935089773162,1366.57692307692,512.5,0,0,0,0,0,0,0,0
65535,24219,0.424242424242424,0.121212121212121,1.03030303030303,0.757575757575758,0.121212121212121,0.0303030303030303,2.15151515151515,NaN,0.0909090909090909,0.848484848484849,0.333333333333333,0,1.6969696969697,0.545454545454545,0.0909090909090909,0.787878787878788,0.0606060606060606,0.0909090909090909,1.3030303030303,0,NaN,0.454545454545455,1.81818181818182,0.757575757575758,0.333333333333333,2.63636363636364,0.303030303030303,19.2727272727273,0.121212121212121,0.242424242424242,24219,1450,0.670444575727588,0.970588235294118,0.785714285714286,44,18.616,7.73717146292638,5.7406687628799,10.2267611030766,1032.30303030303,514.969696969697,0.428571428571429,44,24482,0,0,0,0,0
65535,24262,1.17241379310345,0.0344827586206897,0.586206896551724,0.241379310344828,0,0.0689655172413793,6.75862068965517,2.6551724137931,0,0.96551724137931,0.0689655172413793,0.0344827586206897,2.62068965517241,0.862068965517241,0.172413793103448,0.482758620689655,0.0689655172413793,0.0344827586206897,0.931034482758621,0,0.517241379310345,0.689655172413793,NaN,0.310344827586207,0.793103448275862,2.51724137931034,0.206896551724138,12.8965517241379,0.413793103448276,0.241379310344828,24262,1275,0.743585930281578,0.966666666666667,0.828571428571429,44,16.565,7.55560025743463,5.05197946410117,16.9216578256885,823.689655172414,514.896551724138,0,0,0,0,0,0,0,0
65535,24306,0.416666666666667,0.222222222222222,0.611111111111111,0.416666666666667,0.111111111111111,0.138888888888889,1.19444444444444,2.19444444444444,0.111111111111111,1.38888888888889,0.0833333333333333,0.0277777777777778,1.02777777777778,0.666666666666667,0.638888888888889,0.75,0.138888888888889,0.166666666666667,1.08333333333333,0,1.25,0.305555555555556,0.555555555555556,0.527777777777778,0.722222222222222,2.19444444444444,0.25,9.83333333333333,0.444444444444444,0.0833333333333333,24306,1582,0.838455121224819,0.972972972972973,0.666666666666667,44,19.865,9.3432295628655,5.09178589080673,22.0231905541224,13494,515.75,0,0,0,0,0,0,0,0
65535,24350,0.152173913043478,0.108695652173913,1.17391304347826,1.34782608695652,0.0652173913043478,0.0434782608695652,2.95652173913043,2.43478260869565,0.239130434782609,0.891304347826087,0.152173913043478,0.0652173913043478,1.17391304347826,0.478260869565217,0.0434782608695652,0.739130434782609,0.108695652173913,0.0434782608695652,1.15217391304348,0.0217391304347826,0.826086956521739,0.717391304347826,1.95652173913043,0.695652173913043,0.304347826086957,2.45652173913043,0.152173913043478,23.5652173913043,0.478260869565217,0.239130434782609,24350,2022,0.71071706571315,0.901960784313726,0.657142857142857,44,24.174,9.75622252959351,6.8632876077045,7.75361446902637,752.565217391304,515.326086956522,0.612903225806452,44,24834,0,0,0,0,1
65535,24394,0.844444444444444,0.144444444444444,0.466666666666667,0.177777777777778,0.144444444444444,0.0666666666666667,1.07777777777778,2.61111111111111,0.0777777777777778,1.41111111111111,0.0666666666666667,0.0555555555555556,2.56666666666667,0.577777777777778,0.0666666666666667,0.555555555555556,0.0777777777777778,0.1,0.9,0.0111111111111111,NaN,0.366666666666667,0.811111111111111,0.555555555555556,0.7,1.15555555555556,0.166666666666667,9.35555555555556,0.222222222222222,0.166666666666667,24394,3956,0.636115130725718,0.857142857142857,0.681818181818182,44,36.612,12.797371742498,9.87437723945312,48.6294465814114,1336.81111111111,515.888888888889,0,0,0,0,0,0,0,0
65535,24438,0.1,0.1625,1.175,0.6375,0.1875,0.1875,2.875,2.7125,0.0625,0.675,0.1,0.0125,1.175,0.5375,0.0125,0.9,0.1,0.1125,0.5,0.0125,0.8375,0.4125,3.95,0.5,0.2375,1.375,0.2125,17.5875,0.35,0.225,24438,3516,0.653511984191364,0.919540229885057,0.727272727272727,44,32.022,11.9830579319258,9.07017029976704,-73.3020200531592,133.1125,515.5125,0.743589743589744,88,23911,24570,0,0,0,1
65535,24482,0.12,0.16,1.08,NaN,0.08,0.08,3.4,3.24,0.12,0.44,0.08,0,1.28,0.64,0.16,0.92,0.04,0.04,0.76,0.04,1.08,0.96,2.4,0.32,0.4,3.04,0.4,26.16,0.56,0.28,24482,1099,0.609499880964669,0.925925925925926,0.694444444444444,44,15.457,6.51267142895259,5.16315577192586,35.2231825905275,1026.4,517.36,0.526315789473684,44,24219,0,0,0,0,0
65535,24526,0.258064516129032,0.387096774193548,0.741935483870968,0.741935483870968,0.0967741935483871,0.290322580645161,1.12903225806452,1.48387096774194,0.0967741935483871,0.935483870967742,0.0967741935483871,0.0645161290322581,0.967741935483871,0.193548387096774,0.129032258064516,0.32258064516129,0.0967741935483871,0.0967741935483871,1.67741935483871,0.0645161290322581,1.19354838709677,0.935483870967742,0.935483870967742,0.290322580645161,0.548387096774194,2.38709677419355,0.0645161290322581,10.6451612903226,0.290322580645161,0.161290322580645,24526,1363,0.629569707246745,0.939393939393939,0.738095238095238,44,17.326,7.22662927661922,5.61468627799955,55.0191144438012,1355.45161290323,517.774193548387,0.476190476190476,44,24746,0,0,0,0,1
65535,24570,0.160714285714286,0.178571428571429,0.946428571428571,1.23214285714286,0.0714285714285714,0.0714285714285714,3.35714285714286,3.58928571428571,0.0535714285714286,0.982142857142857,0.0892857142857143,0.0714285714285714,1.19642857142857,0.571428571428571,0.0714285714285714,0.821428571428571,0.107142857142857,0.0357142857142857,0.928571428571429,0,0.928571428571429,0.428571428571429,3.5,0.589285714285714,0.339285714285714,1.94642857142857,0.196428571428571,20.6428571428571,0.285714285714286,0.25,24570,2461,0.431576690893625,0.888888888888889,0.622222222222222,44,27.06,9.36691524901218,8.44967177703322,12.5624789076409,127.071428571429,520.035714285714,0.53125,44,24438,0,0,0,0,1
65535,24614,0.810810810810811,0.189189189189189,0.864864864864865,0.27027027027027,0.0810810810810811,0.0540540540540541,2.02702702702703,3.24324324324324,0,1.13513513513514,0.0540540540540541,0.108108108108108,2.02702702702703,0.783783783783784,0.027027027027027,0.648648648648649,0.0540540540540541,0.108108108108108,1.64864864864865,0.0810810810810811,1.32432432432432,0.486486486486487,0.945945945945946,0.864864864864865,1.05405405405405,2.75675675675676,0.324324324324324,19.1621621621622,0.621621621621622,0.297297297297297,24614,1626,0.864889103073231,0.948717948717949,0.587301587301587,44,20.808,9.87979885615012,4.95929333561266,35.8579298620335,493.378378378378,520.297297297297,0.037037037037037,44,25405,0,0,0,0,1
65535,24658,0.454545454545455,0.136363636363636,0.954545454545455,0.318181818181818,0.181818181818182,0.181818181818182,4.81818181818182,3.13636363636364,0.136363636363636,1.36363636363636,0.0454545454545455,0.0454545454545455,1.81818181818182,0.318181818181818,1.04545454545455,0.318181818181818,0.0454545454545455,0.136363636363636,2.59090909090909,0,0.954545454545455,0.545454545454545,0.681818181818182,0.409090909090909,1.13636363636364,2.90909090909091,0.590909090909091,14.1363636363636,0.363636363636364,0.227272727272727,24658,967,0.350324524872685,0.956521739130435,0.88,44,13.935,5.6138357221379,5.25807787315005,33.6900675259799,348.772727272727,521.909090909091,0,0,0,0,0,0,0,1
65535,24702,0.4,0.1,0.5,0.45,0.05,0.1,0.85,2.1,0.15,1.15,0,0,1.2,0.35,0,0.3,0.2,0.05,1.45,0,1.1,0.6,1.35,0.55,0.35,1.6,0.05,10.45,0.3,0.25,24702,879,0.793324394070934,44,0.833333333333333,44,13.472,6.58681803802368,4.01004922670938,20.9561743575075,811.7,522.6,0,0,0,0,0,0,0,1
65535,24746,0.405405405405405,0.297297297297297,0.486486486486487,0.459459459459459,0.216216216216216,0.0540540540540541,1.45945945945946,1.7027027027027,0.189189189189189,1.54054054054054,0.135135135135135,0.0810810810810811,1.32432432432432,0.594594594594595,0.108108108108108,0.594594594594595,0.0810810810810811,0.0810810810810811,1.35135135135135,0.0810810810810811,1.2972972972973,0.756756756756757,0.540540540540541,0.297297297297297,0.702702702702703,NaN,0.216216216216216,10.6216216216216,0.243243243243243,0.162162162162162,24746,1626,0.921466050004028,0.925,0.616666666666667,44,22.561,11.272121789564,4.37875605571608,25.4413286319868,1353.62162162162,523.72972972973,0.535714285714286,44,24526,0,0,0,0,0
65535,24790,0.521739130434783,0.391304347826087,0.782608695652174,1.21739130434783,0.0869565217391304,0.173913043478261,2.69565217391304,NaN,0.0434782608695652,1.8695652173913,0.0434782608695652,0.0434782608695652,1.91304347826087,0.652173913043478,0.173913043478261,0.478260869565217,0.130434782608696,0.0434782608695652,1.17391304347826,0,1.52173913043478,1.08695652173913,1.43478260869565,0.391304347826087,0.652173913043478,2.60869565217391,0.608695652173913,21.3478260869565,0.347826086956522,0.217391304347826,24790,1011,0.847978303593054,0.958333333333333,0.821428571428571,44,15.25,7.61238963365467,4.03480202798867,8.74399868807427,15735,524.695652173913,0,0,0,0,0,0,0,0
65535,24834,0.1015625,0.25,1.3515625,1.9765625,0.140625,0.0859375,3.3828125,3.2578125,0.1015625,1.03125,0.1953125,0.046875,1.3203125,0.671875,0.0703125,1.1171875,0.1484375,0.125,0.8125,0.03125,0.75,0.6640625,1.828125,0.6796875,0.21875,2.2421875,0.3046875,23.234375,0.328125,0.296875,24834,5626,0.794585842631138,0.955223880597015,0.775757575757576,44,40.532,16.5411516460339,10.0429904107081,-69.834118659787,752.890625,525.015625,0.510204081632653,88,24350,25537,0,0,0,1
65535,24878,0.2,0.28,0.68,0.84,0.12,0.08,2.44,1.76,0.04,0.52,0.12,0.04,1.12,0.2,0.08,0.48,0.16,0.16,NaN,0.04,0.6,0.48,1.68,0.56,0.48,1.72,0.16,13.64,0.44,0.2,24878,1099,0.529422125806744,0.961538461538462,0.714285714285714,44,15.821,6.29520265643624,5.34058893578834,9.55154544562535,307.84,527.04,0.666666666666667,88,25273,25317,0,0,0,0
65535,24922,0.363636363636364,0.121212121212121,0.96969696969697,1.60606060606061,0.121212121212121,0,2.75757575757576,2.60606060606061,0.181818181818182,0.939393939393939,0.121212121212121,0.0303030303030303,1.09090909090909,0.696969696969697,0.0606060606060606,0.696969696969697,0.0303030303030303,0,1.06060606060606,0.0303030303030303,0.696969696969697,0.757575757575758,4.15151515151515,0.333333333333333,0.242424242424242,2.3030303030303,0.333333333333333,19.030303030303,0.121212121212121,0.333333333333333,24922,1450,0.733925895082166,0.970588235294118,0.589285714285714,44,20.047,8.34678959292194,5.66938613259915,-33.8160332213526,422.969696969697,526.787878787879,0.208333333333333,44,25449,0,0,0,0,1
65535,24966,0.91304347826087,0.0869565217391304,0.91304347826087,0.217391304347826,0.0869565217391304,0.130434782608696,1.52173913043478,4.39130434782609,0.130434782608696,1.21739130434783,0.304347826086957,0.0434782608695652,3.43478260869565,0.434782608695652,0.0869565217391304,NaN,0.130434782608696,0.130434782608696,1.21739130434783,0,0.739130434782609,0.608695652173913,2.8695652173913,0.521739130434783,0.739130434782609,2.08695652173913,0.217391304347826,18.2173913043478,0.260869565217391,0.173913043478261,24966,1011,0.806376666926216,0.884615384615385,0.547619047619048,44,16.4,7.37638643422865,4.36241184421799,36.9600220188032,640.217391304348,527.086956521739,0,0,0,0,0,0,0,0
65535,25010,0.135135135135135,0.162162162162162,1.13513513513514,0.891891891891892,0.0810810810810811,0.0810810810810811,8.24324324324324,4.13513513513514,0.027027027027027,0.810810810810811,0.189189189189189,0.0540540540540541,1.56756756756757,1.2972972972973,0.189189189189189,1.62162162162162,0.0540540540540541,0.162162162162162,1.13513513513514,0.027027027027027,1.2972972972973,0.864864864864865,2.97297297297297,NaN,0.216216216216216,3.18918918918919,0.432432432432432,30.972972972973,0.486486486486487,0.216216216216216,25010,1626,0.740960314466506,0.973684210526316,0.755102040816326,44,19.377,8.5134364407048,5.71718816257358,40.1471103046705,216.216216216216,528.918918918919,0,0,0,0,0,0,0,0
65535,25054,0.431818181818182,0.159090909090909,1.02272727272727,0.477272727272727,0.159090909090909,0.0909090909090909,1.95454545454545,2.22727272727273,0.113636363636364,1.13636363636364,0.204545454545455,0.0909090909090909,1.43181818181818,0.681818181818182,0.0454545454545455,NaN,0.0909090909090909,0.0227272727272727,0.977272727272727,0,1.09090909090909,0.636363636363636,1.02272727272727,0.590909090909091,0.636363636363636,2.77272727272727,0.227272727272727,16.6363636363636,0.227272727272727,0.113636363636364,25054,1934,0.84511181253553,0.916666666666667,0.611111111111111,44,23.049,10.4336661053976,5.57772923255617,35.830673257082,599.886363636364,527.704545454546,0,0,0,0,0,0,0,0
65535,25098,0.545454545454545,0.0757575757575758,0.333333333333333,0.212121212121212,0.136363636363636,0.0909090909090909,1.01515151515152,2.25757575757576,0.0606060606060606,1.60606060606061,0.106060606060606,0.0303030303030303,3.98484848484848,0.424242424242424,0.151515151515152,0.53030303030303,0.106060606060606,0.136363636363636,1.5,0.0303030303030303,1.45454545454545,0.515151515151515,0.5,0.727272727272727,0.575757575757576,1.63636363636364,0.257575757575758,10.5909090909091,0.257575757575758,0.106060606060606,25098,2901,0.763365792188581,0.868421052631579,0.666666666666667,44,30.98,12.0147032588506,7.76109533087396,-77.0156577067687,1089.15151515152,525.80303030303,0.378378378378378,44,25229,0,0,0,0,1
65535,25142,0.227272727272727,0.0909090909090909,1.18181818181818,NaN,0.0454545454545455,0.0454545454545455,1.09090909090909,2.90909090909091,0.181818181818182,NaN,0.181818181818182,0.0454545454545455,1.72727272727273,0.818181818181818,0.227272727272727,0.863636363636364,0.0909090909090909,0,NaN,0.0454545454545455,0.863636363636364,0.5,1.68181818181818,0.409090909090909,0.318181818181818,2.04545454545455,0.227272727272727,18.7727272727273,0.363636363636364,0.590909090909091,25142,967,0.685144678927509,0.846153846153846,0.628571428571429,44,16.127,6.58663637370983,4.7977520921023,-89.6279703985556,449.090909090909,529.909090909091,0.578947368421053,44,25581,0,0,0,0,0
65535,25185,0.145833333333333,0.1875,0.916666666666667,0.791666666666667,0.166666666666667,0.104166666666667,1.70833333333333,3.125,0.1875,0.854166666666667,0.166666666666667,0.0416666666666667,1.70833333333333,0.5625,0.0833333333333333,0.833333333333333,0.0416666666666667,0.0833333333333333,0.9375,0,0.729166666666667,0.708333333333333,3.22916666666667,0.541666666666667,0.645833333333333,1.95833333333333,0.291666666666667,18.9583333333333,0.4375,0.229166666666667,25185,2110,0.802187492894942,0.941176470588235,0.761904761904762,44,23.851,10.2932572523684,6.14581787549773,69.9955948225212,907.375,526.041666666667,0,0,0,0,0,0,0,1
65535,25229,0.5,0.0454545454545455,0.545454545454545,0.227272727272727,0.0909090909090909,0,1.09090909090909,2.59090909090909,0,1.54545454545455,0,0.0454545454545455,1.45454545454545,0.863636363636364,0.0909090909090909,0.5,0.0454545454545455,0.0454545454545455,1.5,0.0454545454545455,1.36363636363636,0.5,0.454545454545455,0.454545454545455,0.636363636363636,1.90909090909091,0.136363636363636,9.86363636363636,0.454545454545455,0.227272727272727,25229,967,0.717028998883776,0.916666666666667,0.628571428571429,44,15.457,6.58101355130474,4.58725165185356,72.5179270875348,1084.77272727273,529.045454545455,0.764705882352941,44,25098,0,0,0,0,1
65535,25273,0.193548387096774,0.17741935483871,0.903225806451613,0.516129032258065,0.225806451612903,0.0483870967741935,2.19354838709677,2.40322580645161,0.0645161290322581,0.774193548387097,0.129032258064516,0.0645161290322581,1.11290322580645,0.580645161290323,0.258064516129032,0.532258064516129,0.0806451612903226,0.129032258064516,1.45161290322581,0.0161290322580645,0.725806451612903,0.435483870967742,2.12903225806452,0.580645161290323,0.306451612903226,2.12903225806452,0.435483870967742,13.4516129032258,0.274193548387097,0.161290322580645,25273,2725,0.794131921593575,0.861111111111111,0.645833333333333,44,30.633,11.7458396887184,7.1384802321132,69.878923639887,300.354838709677,529.677419354839,0.611111111111111,132,24878,25317,25625,0,0,1
65535,25317,0.37037037037037,0.185185185185185,0.666666666666667,0.814814814814815,0.333333333333333,0.037037037037037,2.88888888888889,2.18518518518519,0.148148148148148,0.333333333333333,0.037037037037037,0.0740740740740741,1.14814814814815,0.518518518518518,0.037037037037037,0.444444444444444,0.037037037037037,0.0740740740740741,1.44444444444444,0,0.888888888888889,0.481481481481481,1.14814814814815,0.37037037037037,0.259259259259259,1.88888888888889,0.111111111111111,14.7407407407407,0.148148148148148,0.111111111111111,25317,1187,0.453168176687036,0.931034482758621,0.75,44,16.011,6.35616086509587,5.66604095947226,-26.2619102193192,306.259259259259,531.777777777778,0.842105263157895,88,24878,25273,0,0,0,1
65535,25361,0.3,0.2,0.966666666666667,0.133333333333333,0,0.0333333333333333,0.966666666666667,3.33333333333333,0.0333333333333333,0.633333333333333,0.0666666666666667,0.0333333333333333,1.06666666666667,0.5,0.133333333333333,0.666666666666667,0.1,0.1,1.06666666666667,0.0666666666666667,0.7,0.4,2.16666666666667,0.3,0.466666666666667,1.13333333333333,0.266666666666667,10.8666666666667,0.166666666666667,0.233333333333333,25361,1319,0.766325283510889,0.967741935483871,0.714285714285714,44,17.417,7.83880973391475,5.03606501590005,46.2000227908807,482.466666666667,532.7,0.428571428571429,44,25405,0,0,0,0,1
65535,25405,0.287878787878788,0.196969696969697,0.818181818181818,0.212121212121212,0.106060606060606,0.0454545454545455,1.27272727272727,3.39393939393939,0.0606060606060606,0.787878787878788,0.0909090909090909,0,1.63636363636364,0.833333333333333,0.0303030303030303,0.893939393939394,0.196969696969697,0.106060606060606,1.10606060606061,0.0151515151515152,0.863636363636364,0.363636363636364,1.92424242424242,0.727272727272727,0.53030303030303,1.60606060606061,0.196969696969697,10.5,0.257575757575758,0.181818181818182,25405,2901,0.760566100219274,0.916666666666667,0.666666666666667,44,28.648,11.5824329321107,7.52001628892165,-66.1466042572651,489.424242424242,531.378787878788,0.411764705882353,132,24614,25361,25713,0,0,1
65535,25449,0.458333333333333,0.125,0.833333333333333,0.458333333333333,0.125,0,0.916666666666667,2.54166666666667,0,0.541666666666667,0.0833333333333333,0.0833333333333333,2.5,0.333333333333333,0.0833333333333333,0.375,0.0833333333333333,0.166666666666667,1.16666666666667,0,0.875,0.5,2.04166666666667,0.333333333333333,0.375,1.70833333333333,0.291666666666667,14.3333333333333,0.416666666666667,0.0833333333333333,25449,1055,0.800640769025436,44,0.857142857142857,44,14.696,7.21110255092798,4.32049379893857,0,18636,533.5,0.277777777777778,44,24922,0,0,0,0,0
65535,25493,0.333333333333333,0.242424242424242,0.696969696969697,0.272727272727273,0.0909090909090909,0.0606060606060606,1.72727272727273,2.57575757575758,0.121212121212121,1.27272727272727,0.0606060606060606,0.0303030303030303,1.27272727272727,0.666666666666667,0.181818181818182,0.666666666666667,0.0909090909090909,0.0606060606060606,1.3030303030303,0.0303030303030303,0.939393939393939,0.454545454545455,0.939393939393939,0.757575757575758,0.424242424242424,2.39393939393939,0.424242424242424,13.7575757575758,0.454545454545455,0,25493,1450,0.518368779609109,44,0.785714285714286,44,17.326,7.11753549744623,6.08661160877036,6.86813415281129,375.333333333333,533.575757575758,0,0,0,0,0,0,0,1
65535,25537,0.161290322580645,0.161290322580645,2.03225806451613,1.12903225806452,0.225806451612903,0.0967741935483871,1.7741935483871,3.38709677419355,0.032258064516129,1.61290322580645,0.193548387096774,0,1.03225806451613,0.838709677419355,0.0967741935483871,0.709677419354839,0.0645161290322581,0.193548387096774,1.58064516129032,0.0967741935483871,1.29032258064516,0.806451612903226,1.74193548387097,0.483870967741936,0.32258064516129,NaN,0.193548387096774,18.2258064516129,0.709677419354839,0.193548387096774,25537,1363,0.714409020776923,44,0.738095238095238,44,16.954,7.60908530463464,5.32429263583661,34.9146732940748,754.193548387097,535.645161290323,0.454545454545455,44,24834,0,0,0,0,0
65535,25581,0.172794117647059,0.176470588235294,1.04779411764706,1.3125,0.154411764705882,0.165441176470588,2.86397058823529,3.34191176470588,0.220588235294118,0.933823529411765,0.169117647058824,0.0551470588235294,1.36764705882353,0.610294117647059,0.1875,1.05882352941176,0.0919117647058824,0.0992647058823529,0.933823529411765,0.0330882352941176,1.11397058823529,0.720588235294118,1.78308823529412,0.757352941176471,0.279411764705882,2.9375,0.231617647058824,22.9117647058824,0.430147058823529,0.297794117647059,25581,11955,0.653691131219196,0.824242424242424,0.618181818181818,44,70.975,22.4470493216,16.9870617820681,87.2681331414855,440.555147058824,536.683823529412,0.168539325842697,44,25142,0,0,0,0,1
65535,25625,0.558823529411765,0.205882352941176,0.852941176470588,0.441176470588235,0.176470588235294,0.117647058823529,1.67647058823529,2.26470588235294,0.0294117647058824,1.05882352941176,0.147058823529412,0.0588235294117647,1.5,0.323529411764706,0.235294117647059,0.5,0.147058823529412,0.0588235294117647,1.88235294117647,0.0294117647058824,1.14705882352941,0.705882352941177,1.14705882352941,0.470588235294118,0.852941176470588,NaN,0.235294117647059,14.8529411764706,0.323529411764706,0.411764705882353,25625,1494,0.607637921986277,0.918918918918919,0.708333333333333,44,19.766,7.57717117626407,6.01789675455824,-14.7889193406306,298.411764705882,537.705882352941,0.458333333333333,44,25273,0,0,0,0,0
65535,25669,0.875,0.140625,0.515625,0.5,0.078125,0.109375,1.578125,3.234375,0.125,1.234375,0.0625,0.015625,3.140625,0.6875,0.125,0.78125,0.09375,0.09375,1.234375,0.015625,1.078125,0.5,1.109375,0.703125,0.8125,1.703125,0.203125,13.140625,0.234375,0.15625,25669,2813,0.428513117033996,0.984615384615385,0.888888888888889,44,25.629,9.59820414357173,8.67231875769043,-15.666803265915,1035.890625,536.65625,0,0,0,0,0,0,0,1
65535,25713,0.40625,0.34375,0.625,0.375,0,0.0625,1.28125,3.28125,0.15625,1.21875,0.09375,0.03125,0.8125,0.4375,0.09375,0.59375,0.125,0.0625,1.46875,0,0.625,0.28125,0.5625,0.28125,0.625,1.96875,0.1875,8.46875,0.3125,0.1875,25713,1407,0.789460407347207,0.96969696969697,0.8,44,17.789,8.26342498441093,5.0721025417158,-5.13925265680733,496.65625,539.78125,0.0909090909090909,44,25405,0,0,0,0,1
65535,25757,0.125,0.125,1.11029411764706,1.59558823529412,0.169117647058824,0.0735294117647059,2.55882352941176,3.25,0.110294117647059,0.713235294117647,0.110294117647059,0.0588235294117647,1.41176470588235,0.669117647058823,0.117647058823529,0.963235294117647,0.132352941176471,0.110294117647059,0.948529411764706,0.0147058823529412,0.860294117647059,0.772058823529412,2.55882352941176,0.727941176470588,0.198529411764706,2.625,0.242647058823529,24.1176470588235,0.352941176470588,0.397058823529412,25757,5978,0.386329870335369,0.931506849315068,0.747252747252747,44,41.268,14.1840386484307,13.0827995888624,-85.7372289758849,345.022058823529,543.360294117647,0,0,0,0,0,0,0,1
65535,25801,0.210526315789474,0.289473684210526,0.473684210526316,0.368421052631579,0.263157894736842,0.105263157894737,2.73684210526316,3.52631578947368,0.131578947368421,0.894736842105263,0.157894736842105,0.0263157894736842,1.89473684210526,0.552631578947368,0.157894736842105,0.631578947368421,0.105263157894737,0.0526315789473684,1.44736842105263,0.0263157894736842,0.894736842105263,0.5,1.65789473684211,0.552631578947368,0.842105263157895,1.76315789473684,0.236842105263158,17.4473684210526,0.5,0.105263157894737,25801,1670,0.833796308478351,0.95,0.703703703703704,44,20.237,9.51166799749773,5.25112749388984,17.8222261899184,224.184210526316,542.789473684211,0,0,0,0,0,0,0,1
65535,25845,0.166666666666667,0.0416666666666667,0.541666666666667,0.458333333333333,0.208333333333333,0,0.875,3.16666666666667,0,0.916666666666667,0.0416666666666667,0.166666666666667,1.5,0.458333333333333,0.25,0.541666666666667,0.125,0.0416666666666667,1.5,0,0.958333333333333,0.583333333333333,0.708333333333333,0.416666666666667,0.541666666666667,1.875,0.375,10.8333333333333,0.5,0,25845,1055,0.705900055880939,44,0.685714285714286,44,14.994,6.70577379878721,4.74977636708052,14.5376504740457,569.833333333333,545.208333333333,0,0,0,0,0,0,0,1
65535,25889,0.571428571428571,0.12987012987013,0.597402597402597,0.311688311688312,0.038961038961039,0.038961038961039,1.49350649350649,3.12987012987013,0.051948051948052,1.2987012987013,0.0909090909090909,0.0649350649350649,1.93506493506494,0.402597402597403,0.103896103896104,0.714285714285714,0.103896103896104,0.038961038961039,NaN,0.012987012987013,1.62337662337662,0.493506493506494,0.805194805194805,1.01298701298701,0.662337662337662,1.77922077922078,0.298701298701299,11.961038961039,0.38961038961039,0.051948051948052,25889,3384,0.493530381349348,0.987179487179487,0.777777777777778,44,28.375,10.6983118388083,9.3046273168195,8.91755338222317,1177.1038961039,545.818181818182,0,0,0,0,0,0,0,0
65535,25933,0.406779661016949,0.101694915254237,0.389830508474576,0.322033898305085,0.135593220338983,0.0508474576271186,1.47457627118644,3.54237288135593,0.0508474576271186,0.813559322033898,0.0508474576271186,0.0169491525423729,1.59322033898305,0.474576271186441,0.101694915254237,0.76271186440678,0.0847457627118644,0.0677966101694915,0.813559322033898,0.0169491525423729,1.10169491525424,0.457627118644068,0.745762711864407,0.644067796610169,0.864406779661017,1.15254237288136,0.135593220338983,11.9491525423729,0.23728813559322,0.135593220338983,25933,2593,0.608106282044413,0.967213114754098,0.7375,44,24.91,9.8335295392351,7.80640271599147,22.359391599298,736.084745762712,545.677966101695,0,0,0,0,0,0,0,1
65535,25977,0.575757575757576,0.121212121212121,0.621212121212121,0.242424242424242,0.106060606060606,0.0757575757575758,1.81818181818182,3.43939393939394,0.0757575757575758,1.03030303030303,0.0909090909090909,0.0151515151515152,5.34848484848485,0.681818181818182,0.0606060606060606,1.04545454545455,0.166666666666667,0.0606060606060606,0.939393939393939,0.0303030303030303,1.54545454545455,0.378787878787879,1.53030303030303,1.01515151515152,1.46969696969697,1.92424242424242,0.227272727272727,16.7424242424242,0.378787878787879,0.151515151515152,25977,2901,0.552368716390383,0.846153846153846,0.6,44,34.189,10.4919432544984,8.74608289730302,46.4700028485192,426.393939393939,548.045454545455,0,0,0,0,0,0,0,1
65535,26021,0.86,0.16,0.64,0.18,0.1,0.1,1.4,2.8,0.04,1.36,0,0,1.26,0.48,0.04,0.54,0.04,0.12,1.16,0.02,0.88,0.36,0.82,0.48,0.66,1.62,0.3,11.46,0.46,0.12,26021,2198,0.568535040529887,0.943396226415094,0.617283950617284,44,25.299,9.08275783248254,7.47201290303649,48.8968278322088,536.56,548.26,0,0,0,0,0,0,0,1
65535,26065,0.166666666666667,0.1,0.6,NaN,0,0,2.2,2.86666666666667,0.0333333333333333,0.5,0.3,0.0333333333333333,1.4,0.533333333333333,0.1,0.966666666666667,0,0.133333333333333,0.633333333333333,0,0.633333333333333,0.533333333333333,1.06666666666667,0.566666666666667,0.133333333333333,2.3,0.266666666666667,21.9,0.3,0.333333333333333,26065,1319,0.716459129038702,0.9375,0.714285714285714,44,17.971,7.64530231376953,5.33358512717741,-53.2618252268955,605.633333333333,548.633333333333,0.714285714285714,44,26372,0,0,0,0,0
65535,26109,0.590909090909091,0.0909090909090909,0.727272727272727,0.545454545454545,0.0909090909090909,0,2.54545454545455,1.77272727272727,0.0454545454545455,0.772727272727273,0,0.136363636363636,2.04545454545455,0.363636363636364,0.227272727272727,0.681818181818182,0.136363636363636,0,1.36363636363636,0.0909090909090909,0.727272727272727,0.5,3.27272727272727,0.590909090909091,0.272727272727273,1.13636363636364,0.136363636363636,12.5909090909091,0.136363636363636,0.136363636363636,26109,967,0.699110312326964,0.956521739130435,0.733333333333333,44,14.142,6.40371409037026,4.57874411159076,75.2799403067394,1143.68181818182,550.318181818182,0,0,0,0,0,0,0,1
65535,26152,0.214285714285714,0.107142857142857,0.607142857142857,0.392857142857143,0.142857142857143,0.0714285714285714,1.21428571428571,1.64285714285714,0.107142857142857,0.5,0.0714285714285714,0.0357142857142857,1.28571428571429,0.178571428571429,0,0.428571428571429,0,0.0714285714285714,1.21428571428571,0.0357142857142857,0.285714285714286,0.107142857142857,0.571428571428571,0.321428571428571,0.785714285714286,1.07142857142857,0.142857142857143,10.1785714285714,0.107142857142857,0.142857142857143,26152,1231,0.824618580627614,0.96551724137931,0.7,44,17.417,8.1731540600231,4.62346444340467,8.86743236711618,816.607142857143,552.535714285714,0,0,0,0,0,0,0,1
65535,26196,0.413793103448276,0.172413793103448,0.689655172413793,0.241379310344828,0.137931034482759,0.0344827586206897,1.03448275862069,1.68965517241379,0.0344827586206897,0.931034482758621,0.103448275862069,0.137931034482759,2.20689655172414,0.586206896551724,0.103448275862069,0.344827586206897,0.0689655172413793,0.0344827586206897,1.24137931034483,0.206896551724138,1.20689655172414,0.482758620689655,3.24137931034483,0.275862068965517,0.586206896551724,1.89655172413793,0.172413793103448,8.82758620689655,0.172413793103448,0.103448275862069,26196,1275,0.756914779067994,0.966666666666667,0.725,44,16.954,7.64332411935779,4.99501621351013,10.8765140039337,1316.24137931034,554.034482758621,0,0,0,0,0,0,0,1
65535,26240,0.285714285714286,0.19047619047619,0.595238095238095,0.833333333333333,0.142857142857143,0.0952380952380952,1.54761904761905,2.33333333333333,0.119047619047619,0.595238095238095,0.0714285714285714,0.0714285714285714,1.61904761904762,0.547619047619048,0.0714285714285714,0.357142857142857,0.0476190476190476,0.0238095238095238,0.785714285714286,0.0238095238095238,0.785714285714286,0.380952380952381,2.14285714285714,0.357142857142857,0.404761904761905,1.52380952380952,0.166666666666667,15.0714285714286,0.214285714285714,0.19047619047619,26240,1846,0.601923890672401,0.91304347826087,0.666666666666667,44,23.14,8.74849756004927,6.98614300382765,68.8190323985951,299.404761904762,555.619047619048,0.0714285714285714,44,26988,0,0,0,0,1
65535,26284,0.72,0.2,0.4,0.16,0.12,0.08,1.6,2.56,0.08,0.68,0.16,0.04,2.24,0.48,0.16,0.56,0.08,0.08,0.76,0,0.72,0.44,4.6,0.4,0.76,1.24,0.24,15.6,0.48,0.12,26284,1099,0.818549208403772,0.961538461538462,0.78125,44,16.929,7.6748593606271,4.40871868701795,10.2519237195722,311.4,555.48,0.555555555555556,44,26988,0,0,0,0,1
65535,26328,0.777777777777778,0.194444444444444,0.722222222222222,0.305555555555556,0.138888888888889,0.0555555555555556,1.19444444444444,2.94444444444444,0,1.22222222222222,0.111111111111111,0.0555555555555556,2.61111111111111,0.555555555555556,0.111111111111111,0.722222222222222,0.0277777777777778,0.138888888888889,1.75,0.0555555555555556,0.833333333333333,0.583333333333333,0.611111111111111,0.638888888888889,0.583333333333333,2.02777777777778,0.166666666666667,14.3333333333333,0.444444444444444,0.166666666666667,26328,1582,0.883336064970986,0.972972972972973,0.654545454545455,44,22.28,10.2757060152757,4.81663672539424,-12.7449607332405,340.888888888889,555.222222222222,0.0384615384615385,44,26592,0,0,0,0,1
65535,26372,0.140625,0.28125,0.875,1.140625,0.171875,0.0625,2.921875,2.84375,0.078125,0.921875,0.15625,0.03125,1.25,0.734375,0.0625,0.875,0.078125,0.0625,0.421875,0.03125,0.90625,0.859375,1.4375,0.5625,0.203125,2.46875,0.296875,20.828125,0.328125,0.109375,26372,2813,0.562289425901948,0.876712328767123,0.64,44,27.821,10.2519642016467,8.47776447094525,24.7669269446877,603.5625,554.765625,0.4,44,26065,0,0,0,0,1
65535,26416,0.403508771929825,0.175438596491228,0.350877192982456,0.315789473684211,0.0701754385964912,0.0701754385964912,1.70175438596491,1.70175438596491,0.0175438596491228,1.01754385964912,0.0526315789473684,0.0350877192982456,1.2280701754386,0.43859649122807,0.0350877192982456,0.596491228070175,0.0526315789473684,0.087719298245614,1.35087719298246,0,0.912280701754386,0.350877192982456,0.385964912280702,0.456140350877193,0.491228070175439,1.35087719298246,0.140350877192982,10.6842105263158,0.350877192982456,0.12280701754386,26416,2505,0.930021082022795,0.890625,0.678571428571429,44,29.665,14.3917799004606,5.28906794996137,3.80533572030518,935.684210526316,555.59649122807,0,0,0,0,0,0,0,1
65535,26460,0.413793103448276,0.0344827586206897,0.758620689655172,0.275862068965517,0.103448275862069,0.103448275862069,0.827586206896552,1.79310344827586,0.0689655172413793,1.27586206896552,0.0344827586206897,0.0344827586206897,1.06896551724138,0.482758620689655,0.448275862068966,0.586206896551724,0.0689655172413793,0.241379310344828,1.79310344827586,0.0689655172413793,0.827586206896552,0.413793103448276,0.517241379310345,0.517241379310345,0.448275862068966,1.13793103448276,0.310344827586207,8.48275862068965,0.172413793103448,0.0689655172413793,26460,1275,0.910299185831246,0.935483870967742,0.805555555555556,44,19.079,9.71096529244773,4.01986334657066,11.1908262697823,1333.55172413793,556.310344827586,0,0,0,0,0,0,0,1
65535,26504,0.769230769230769,0.230769230769231,0.692307692307692,0.576923076923077,0.0769230769230769,0.0769230769230769,6.30769230769231,3.23076923076923,0.230769230769231,1.73076923076923,0.230769230769231,0,2.11538461538462,0.730769230769231,1.88461538461538,0.769230769230769,0.307692307692308,0.0769230769230769,2.96153846153846,0,1.30769230769231,0.653846153846154,0.923076923076923,0.576923076923077,1.26923076923077,3.57692307692308,0.423076923076923,17.6153846153846,0.576923076923077,0.307692307692308,26504,1143,0.917672297896967,0.928571428571429,0.722222222222222,44,17.971,9.31158461443625,3.69984719762158,13.0790284896919,543.884615384615,556.615384615385,0,0,0,0,0,0,0,1
65535,26548,0.405405405405405,0.162162162162162,0.486486486486487,0.324324324324324,0,0.162162162162162,1.24324324324324,2.64864864864865,0,1.24324324324324,0.027027027027027,0.027027027027027,0.837837837837838,0.432432432432432,0.0540540540540541,0.72972972972973,0.135135135135135,0.135135135135135,0.810810810810811,0.0540540540540541,0.810810810810811,0.27027027027027,0.540540540540541,0.540540540540541,0.837837837837838,1.48648648648649,0.324324324324324,7.10810810810811,0.108108108108108,0.135135135135135,26548,1626,0.856301764061087,0.902439024390244,0.560606060606061,44,23.595,10.0715064156741,5.20168969283078,-23.9776180543356,84.4324324324324,559.945945945946,0,0,0,0,0,0,0,1
65535,26592,0.272727272727273,0.181818181818182,1.67272727272727,0.218181818181818,0.0727272727272727,0.0909090909090909,0.872727272727273,2.27272727272727,0.109090909090909,1.38181818181818,0.109090909090909,0.0181818181818182,1.90909090909091,0.381818181818182,0.109090909090909,0.436363636363636,0.0909090909090909,0.0909090909090909,1.45454545454545,0,0.563636363636364,0.472727272727273,5.09090909090909,0.454545454545455,0.218181818181818,1.65454545454545,0.309090909090909,11.7090909090909,0.254545454545455,0.290909090909091,26592,2417,0.935120820579972,0.662650602409639,0.339506172839506,44,41.31,17.7347896616447,6.28395055321821,21.0564245397909,349.909090909091,560.6,0.05,44,26328,0,0,0,0,1
65535,26636,0.363636363636364,0.0454545454545455,0.636363636363636,0.409090909090909,0.0454545454545455,0.0454545454545455,1.36363636363636,1.81818181818182,0.0454545454545455,0.727272727272727,0.0454545454545455,0.136363636363636,NaN,0.454545454545455,0.0909090909090909,0.272727272727273,0.0454545454545455,0.0454545454545455,0.909090909090909,0,1.18181818181818,0.5,0.454545454545455,0.590909090909091,0.409090909090909,2.63636363636364,0.136363636363636,8.40909090909091,0.227272727272727,0.181818181818182,26636,967,0.863754871442954,44,0.6875,44,15.912,7.67379644232834,3.86691977514193,18.9393824009939,216.318181818182,560.363636363636,0,0,0,0,0,0,0,0
65535,26680,0.387755102040816,0.244897959183673,0.73469387755102,0.142857142857143,0.0612244897959184,0.163265306122449,1.24489795918367,2.02040816326531,0.0816326530612245,0.979591836734694,0.142857142857143,0.0204081632653061,1.6530612244898,0.448979591836735,0.102040816326531,0.36734693877551,0.0612244897959184,0.102040816326531,1.51020408163265,0,1.28571428571429,0.530612244897959,2.3469387755102,0.387755102040816,0.571428571428571,1.97959183673469,0.26530612244898,10.6938775510204,0.306122448979592,0.142857142857143,26680,2154,0.797910664156246,0.844827586206897,0.556818181818182,44,27.887,10.9428095989607,6.59605996573658,56.4671146223596,1042.30612244898,561.367346938776,0,0,0,0,0,0,0,1
65535,26724,0.692307692307692,0.0769230769230769,0.384615384615385,0.307692307692308,0.269230769230769,0.115384615384615,0.615384615384615,1.80769230769231,0.192307692307692,0.884615384615385,0.115384615384615,0.0769230769230769,1.23076923076923,0.192307692307692,0.346153846153846,0.423076923076923,0.115384615384615,0.0769230769230769,0.884615384615385,0,0.923076923076923,0.346153846153846,0.576923076923077,0.576923076923077,0.5,1.76923076923077,0.192307692307692,7.46153846153846,0.307692307692308,0.346153846153846,26724,1143,0.615067642427174,0.928571428571429,0.722222222222222,44,15.275,6.61114569109387,5.21271877903238,34.2515952029526,1095.42307692308,559.5,0,0,0,0,0,0,0,1
65535,26768,0.213114754098361,0.147540983606557,0.59016393442623,0.442622950819672,0.0983606557377049,0.0655737704918033,1.40983606557377,2.47540983606557,0.0327868852459016,1.01639344262295,0.0983606557377049,0.0327868852459016,0.983606557377049,0.39344262295082,0.0819672131147541,0.442622950819672,0.0491803278688525,0.0983606557377049,0.819672131147541,0.0491803278688525,0.885245901639344,0.60655737704918,0.622950819672131,0.688524590163934,0.295081967213115,2.22950819672131,0.229508196721311,10.8196721311475,0.327868852459016,0.131147540983607,26768,2681,0.512974121419682,0.953125,0.753086419753086,44,25.927,9.69675647628876,8.32373524402929,35.6124917480054,1232.90163934426,560.55737704918,0,0,0,0,0,0,0,1
65535,26812,0.228260869565217,0.146739130434783,0.641304347826087,1.05978260869565,0.157608695652174,0.0978260869565217,2.67934782608696,4.94565217391304,0.130434782608696,1.375,0.173913043478261,0.0652173913043478,1.82065217391304,0.820652173913043,0.114130434782609,1.57065217391304,0.21195652173913,0.103260869565217,0.771739130434783,0.0326086956521739,1.5054347826087,0.902173913043478,2.60326086956522,1.05978260869565,0.456521739130435,3.0054347826087,0.385869565217391,25.4239130434783,0.527173913043478,0.293478260869565,26812,8087,0.587500754187754,0.888888888888889,0.584126984126984,44,53.93,18.2220559083165,14.7457180083981,9.58686502791278,378.913043478261,560.847826086957,0,0,0,0,0,0,0,1
65535,26856,0.380952380952381,0.0952380952380952,0.380952380952381,0.428571428571429,0.142857142857143,0.142857142857143,1.42857142857143,1.57142857142857,0.0476190476190476,1.47619047619048,0.142857142857143,0.0952380952380952,1.19047619047619,0.19047619047619,0.19047619047619,0.428571428571429,0.0952380952380952,0.0476190476190476,0.80952380952381,0.0476190476190476,0.523809523809524,0.380952380952381,0.380952380952381,0.19047619047619,0.619047619047619,0.761904761904762,0.19047619047619,7.52380952380952,0.238095238095238,0.0476190476190476,26856,923,0.73496450927458,44,0.875,44,13.381,6.36380931210564,4.31533456930668,7.20249820514167,1221.38095238095,560.571428571429,0,0,0,0,0,0,0,1
65535,26900,0.5,0.15,1.15,0.1,0.1,0.05,0.8,NaN,0.1,0.4,0.2,0.05,0.9,0.35,0.05,0.6,0.1,0.05,0.75,0.05,0.5,0.3,1.1,0.5,0.25,1.45,0.25,16.1,0.1,0.35,26900,879,0.77023250014818,44,0.833333333333333,44,13.29,6.43580498564395,4.10451956426415,11.1951406425828,404.45,562.65,0,0,0,0,0,0,0,0
65535,26944,0.396551724137931,0.155172413793103,0.379310344827586,0.310344827586207,0.0689655172413793,0.0689655172413793,1.36206896551724,3.41379310344828,0.0344827586206897,0.862068965517241,0.0862068965517241,0.0689655172413793,1.5,0.603448275862069,1.36206896551724,0.637931034482759,0.189655172413793,0.155172413793103,1.32758620689655,0,0.706896551724138,0.327586206896552,1.10344827586207,0.793103448275862,0.551724137931034,1.67241379310345,0.103448275862069,9.58620689655172,0.396551724137931,0.120689655172414,26944,2549,0.69903337515949,0.950819672131147,0.725,44,25.009,10.2974506310936,7.36359412428882,24.2452509441462,964.396551724138,563.362068965517,0,0,0,0,0,0,0,1
65535,26988,0.831325301204819,0.168674698795181,0.373493975903614,0.192771084337349,0.108433734939759,0.0843373493975904,1.20481927710843,3.95180722891566,0.156626506024096,1.2289156626506,0.0602409638554217,0.0240963855421687,2.3855421686747,0.602409638554217,0.144578313253012,0.759036144578313,0.072289156626506,0.0481927710843374,0.674698795180723,0.0240963855421687,1.08433734939759,0.27710843373494,2.42168674698795,0.650602409638554,0.674698795180723,1.2289156626506,0.180722891566265,11.0843373493976,0.373493975903614,0.216867469879518,26988,3648,0.765323092671715,0.79047619047619,0.58041958041958,44,38.481,14.4067931120623,9.27287912978861,-64.3589657071143,310.096385542169,562.746987951807,0.891304347826087,176,26240,26284,27032,27075,0,1
65535,27032,0.432432432432432,0.162162162162162,1.05405405405405,0.108108108108108,0.0810810810810811,0.108108108108108,1.43243243243243,3.10810810810811,0.216216216216216,1.02702702702703,0.0540540540540541,0,1.21621621621622,0.351351351351351,0.027027027027027,0.567567567567568,0.135135135135135,0.189189189189189,0.756756756756757,0,0.72972972972973,0.459459459459459,1.35135135135135,0.405405405405405,0.378378378378378,2.02702702702703,0.405405405405405,15.6486486486486,0.405405405405405,0.162162162162162,27032,1626,0.77513152724831,0.948717948717949,0.770833333333333,44,19.84,8.85644647170272,5.59550200797322,24.6823994415102,305.72972972973,565.864864864865,0.666666666666667,44,26988,0,0,0,0,1
65535,27075,0.761904761904762,0.0476190476190476,0.666666666666667,0.380952380952381,0.19047619047619,0.0952380952380952,1.0952380952381,1.0952380952381,0,1.42857142857143,0.142857142857143,0.0476190476190476,1.14285714285714,0.476190476190476,0.428571428571429,0.571428571428571,0.0952380952380952,0.142857142857143,1.85714285714286,0.0476190476190476,1.95238095238095,0.285714285714286,0.380952380952381,0.476190476190476,0.428571428571429,1.95238095238095,0.142857142857143,11.6190476190476,0.380952380952381,0.0952380952380952,27075,923,0.720992767488148,0.875,0.6,44,15.366,6.5597214553786,4.54551035695332,-7.04066137506889,314.285714285714,569.904761904762,0.666666666666667,44,26988,0,0,0,0,1
65535,27119,0.450980392156863,0.156862745098039,0.549019607843137,0.294117647058824,0.156862745098039,0.0588235294117647,1.15686274509804,2.05882352941176,0.0784313725490196,0.705882352941177,0.117647058823529,0.0588235294117647,1.07843137254902,0.509803921568627,0.235294117647059,0.725490196078431,0.0784313725490196,0.0980392156862745,1.37254901960784,0.0392156862745098,0.764705882352941,0.411764705882353,0.725490196078431,0.509803921568627,0.529411764705882,1.52941176470588,0.176470588235294,8.62745098039216,0.254901960784314,0.117647058823529,27119,2242,0.736668933978445,0.962264150943396,0.728571428571429,44,23.14,9.910739136008,6.70217265445395,-87.8158612827058,1158.76470588235,570.705882352941,0,0,0,0,0,0,0,1
65535,27163,0.675675675675676,0.0810810810810811,0.756756756756757,0.027027027027027,0.135135135135135,0,1.62162162162162,3.2972972972973,0.027027027027027,0.513513513513513,0.0810810810810811,0.0540540540540541,1.2972972972973,0.675675675675676,0.162162162162162,1.27027027027027,0.027027027027027,0.189189189189189,1.10810810810811,0,0.702702702702703,0.189189189189189,3.13513513513514,0.486486486486487,0.459459459459459,1.72972972972973,0.162162162162162,16.027027027027,0.243243243243243,0.216216216216216,27163,1626,0.814036047123298,0.948717948717949,0.660714285714286,44,20.237,9.19957182939091,5.34324337052199,39.0101640131603,1389.51351351351,569.864864864865,0,0,0,0,0,0,0,1
65535,27207,0.662790697674419,0.0930232558139535,0.546511627906977,0.127906976744186,0.127906976744186,0.0813953488372093,1.17441860465116,3.13953488372093,0.0465116279069767,0.976744186046512,0.0930232558139535,0.0116279069767442,4.18604651162791,0.616279069767442,0.162790697674419,0.883720930232558,0.127906976744186,0.116279069767442,1.19767441860465,0.0232558139534884,1.06976744186047,0.383720930232558,1.13953488372093,0.534883720930233,0.918604651162791,1.2906976744186,0.22093023255814,10.906976744186,0.22093023255814,0.13953488372093,27207,3780,0.785331096620544,0.924731182795699,0.682539682539683,44,34.189,14.06788780517,8.70909142574134,2.36984553749206,244.476744186047,571.197674418605,0,0,0,0,0,0,0,1
65535,27251,0.695652173913043,0.130434782608696,NaN,0.826086956521739,0.173913043478261,0.0434782608695652,2.39130434782609,2.69565217391304,0.173913043478261,NaN,0.0434782608695652,0,1.43478260869565,0.739130434782609,0.130434782608696,0.695652173913043,0.0869565217391304,0.173913043478261,1.04347826086957,0.0434782608695652,1.34782608695652,0.347826086956522,2.43478260869565,0.521739130434783,0.739130434782609,2.56521739130435,0.347826086956522,23.3913043478261,0.304347826086957,0.391304347826087,27251,1011,0.856394623021453,0.958333333333333,0.71875,44,15.73,7.67095556778295,3.96068194679313,12.7437573336597,761.434782608696,573.434782608696,0.0555555555555556,44,27867,0,0,0,0,0
65535,27295,0.515151515151515,0.121212121212121,0.484848484848485,0.0909090909090909,0.121212121212121,0,1.78787878787879,2.75757575757576,0.151515151515152,1.06060606060606,0.151515151515152,0,2.96969696969697,0.606060606060606,0.121212121212121,0.787878787878788,0.151515151515152,0.121212121212121,2.09090909090909,0,1.42424242424242,0.424242424242424,2.81818181818182,0.848484848484849,0.787878787878788,1.27272727272727,0.363636363636364,12.9393939393939,0.454545454545455,0.151515151515152,27295,1450,0.778479033388109,0.970588235294118,0.825,44,17.971,8.26399457545351,5.18706651566746,9.29465758283285,712.606060606061,575.030303030303,0,0,0,0,0,0,0,1
65535,27339,0.523809523809524,0.285714285714286,1.0952380952381,0.285714285714286,0.0952380952380952,0.0476190476190476,0.857142857142857,3.42857142857143,0,1.19047619047619,0.142857142857143,0,1.14285714285714,0.238095238095238,0.142857142857143,0.476190476190476,0.0476190476190476,0.0952380952380952,1.0952380952381,0.142857142857143,0.571428571428571,0.19047619047619,0.904761904761905,0.333333333333333,0.476190476190476,2.0952380952381,0.0952380952380952,10.3809523809524,0.333333333333333,0.333333333333333,27339,923,0.936755095851131,0.777777777777778,0.583333333333333,44,18.641,9.43391628072297,3.30173444808629,1.86454366869616,962.380952380952,574.666666666667,0.428571428571429,44,27383,0,0,0,0,1
65535,27383,0.1875,0.25,0.53125,0.15625,0.1875,0.0625,0.9375,3.53125,0.09375,0.6875,0,0.0625,1.34375,0.46875,0.03125,0.46875,0.15625,0,0.875,0,0.625,0.28125,0.9375,0.53125,0.34375,1.8125,0.21875,7.71875,0.375,0.15625,27383,1407,0.728705004848437,44,0.8,44,17.88,7.82299563103824,5.35740431771052,3.42412190172397,969.875,575.03125,0.428571428571429,44,27339,0,0,0,0,1
65535,27427,0.62962962962963,0.222222222222222,0.740740740740741,0.259259259259259,0.111111111111111,0.037037037037037,8.88888888888889,3.37037037037037,0.185185185185185,NaN,0.111111111111111,0.0740740740740741,2.81481481481481,0.777777777777778,0.037037037037037,0.703703703703704,0.0740740740740741,0.037037037037037,1.11111111111111,0.037037037037037,1.25925925925926,0.481481481481481,1.03703703703704,0.444444444444444,0.814814814814815,2.55555555555556,0.666666666666667,15.9259259259259,0.444444444444444,0.222222222222222,27427,1187,0.766797182163075,0.964285714285714,0.675,44,16.863,7.4902964428358,4.80794235391307,15.3642016080407,986.407407407407,577.111111111111,0,0,0,0,0,0,0,0
65535,27471,0.333333333333333,0.142857142857143,0.666666666666667,0.380952380952381,0.19047619047619,0.0476190476190476,1.0952380952381,2.66666666666667,0.142857142857143,0.761904761904762,0.380952380952381,0,1.42857142857143,0.285714285714286,0.523809523809524,0.333333333333333,0.0476190476190476,0.142857142857143,1.57142857142857,0,1.0952380952381,0.238095238095238,0.523809523809524,0.428571428571429,0.142857142857143,2.0952380952381,0.0476190476190476,NaN,0.285714285714286,0.380952380952381,27471,923,0.81572209222638,0.91304347826087,0.6,44,15.548,7.15183785386081,4.13693773954074,30.5972790008909,1063.09523809524,576.285714285714,0,0,0,0,0,0,0,0
65535,27515,NaN,0.03125,0.6875,0.28125,0.125,0.15625,1.09375,2.375,0.09375,1.15625,0.03125,0.03125,10.34375,0.25,0.15625,0.46875,0.03125,0.0625,1.34375,0,NaN,0.125,0.71875,0.5,0.6875,1.9375,0.15625,11.75,0.25,0.125,27515,1407,0.821082397749732,0.941176470588235,0.8,44,18.434,8.62392051700155,4.92261735087204,2.57458323994346,1098.4375,576.75,0,0,0,0,0,0,0,0
65535,27559,NaN,0.153846153846154,0.487179487179487,0.179487179487179,0.128205128205128,0.0769230769230769,0.692307692307692,2.41025641025641,0.0512820512820513,1.20512820512821,0.256410256410256,0.0256410256410256,2.43589743589744,0.512820512820513,0.128205128205128,0.41025641025641,0.0769230769230769,0.102564102564103,0.564102564102564,0,1.30769230769231,0.41025641025641,0.358974358974359,0.461538461538462,0.256410256410256,1.97435897435897,0.205128205128205,8.17948717948718,0.384615384615385,0.256410256410256,27559,1714,0.69227407725575,0.975,0.8125,44,20.022,8.42584124959865,6.08037919889656,-78.2471855303748,1118.69230769231,578.794871794872,0,0,0,0,0,0,0,0
65535,27603,0.506666666666667,0.12,0.52,0.146666666666667,0.106666666666667,0.0933333333333333,1.21333333333333,3.28,0.0666666666666667,1.56,0.0666666666666667,0.0133333333333333,3.02666666666667,0.546666666666667,0.08,0.586666666666667,0.08,0.12,1.24,0.04,1.38666666666667,0.44,0.973333333333333,0.613333333333333,0.8,1.96,0.24,11.7866666666667,0.44,0.16,27603,3297,0.778308736278631,0.974025974025974,0.78125,44,29.02,12.4376490803397,7.80937305912243,-15.7995354838283,485.68,577.586666666667,0,0,0,0,0,0,0,1
65535,27647,0.214285714285714,0.19047619047619,1.07142857142857,1.14285714285714,0.238095238095238,0.0714285714285714,2.35714285714286,1.97619047619048,0.0476190476190476,0.595238095238095,0.30952380952381,0.0238095238095238,1.14285714285714,0.523809523809524,0.0952380952380952,0.785714285714286,0.0714285714285714,0.0952380952380952,1.33333333333333,0.0238095238095238,0.642857142857143,0.857142857142857,2.28571428571429,0.452380952380952,0.30952380952381,2.23809523809524,0.0476190476190476,21.047619047619,0.0952380952380952,0.261904761904762,27647,1846,0.708470619560595,44,0.875,44,20.485,8.81678674637772,6.22236178698468,75.4811068681642,1230.71428571429,581.595238095238,0.458333333333333,44,28086,0,0,0,0,1
65535,27691,0.5,0,0.807692307692308,0.384615384615385,0.153846153846154,0.115384615384615,1.26923076923077,2.42307692307692,0.115384615384615,0.846153846153846,0.0769230769230769,0.0384615384615385,0.769230769230769,0.461538461538462,0.461538461538462,0.423076923076923,0.153846153846154,0.115384615384615,1.61538461538462,0,0.730769230769231,0.461538461538462,0.769230769230769,0.346153846153846,0.576923076923077,1.38461538461538,0.307692307692308,10.7307692307692,0.615384615384615,0.153846153846154,27691,1143,0.624023847545045,0.838709677419355,0.619047619047619,44,18.831,7.2509266224138,5.66591246866417,-54.6887865603668,1383.73076923077,580.384615384615,0,0,0,0,0,0,0,1
65535,27735,0.28,0.12,0.4,0.24,0.08,0.24,1.2,NaN,0,NaN,0.2,0.08,0.72,0.32,0.12,0.28,0.08,0.08,1.48,0,1.12,0.36,0.56,0.68,0.6,2.12,0.2,6.8,0.36,0.2,27735,1099,0.534673702522345,0.961538461538462,0.833333333333333,44,15.159,6.27220848571494,5.30038370105337,77.4757953473816,927.88,580.76,0,0,0,0,0,0,0,0
65535,27779,0.2,0.2,0.475,0.65,0.125,0,NaN,2.975,0.15,0.55,0.025,0,1.125,0.775,0.075,0.475,0.1,0.1,1.025,0,0.45,0.5,1.325,0.325,0.5,1.375,0.275,15.9,0.3,0.375,27779,1758,0.830406628400122,0.930232558139535,0.740740740740741,44,21.8,9.81530734292919,5.46867519884908,-3.2758141923207,380.225,581.725,0,0,0,0,0,0,0,0
65535,27823,0.149350649350649,0.214285714285714,1.29220779220779,1.38961038961039,0.12987012987013,0.0714285714285714,3.12987012987013,3.12987012987013,0.12987012987013,0.805194805194805,0.162337662337662,0.051948051948052,1.46103896103896,0.584415584415584,0.11038961038961,1.02597402597403,0.136363636363636,0.123376623376623,1.11688311688312,0.0194805194805195,1.01298701298701,0.727272727272727,2.4025974025974,0.733766233766234,0.25974025974026,2.67532467532468,0.305194805194805,24.0194805194805,0.383116883116883,0.337662337662338,27823,6769,0.844786667052962,0.827956989247312,0.566176470588235,44,52.987,20.992854125695,11.2333444499959,57.0887446998492,576.584415584416,584.409090909091,0,0,0,0,0,0,0,1
65535,27867,0.25,0.1625,0.45,0.3875,0.0875,0.0375,1.2,2.875,0.0625,1.225,0.075,0.025,2.1125,0.625,0.075,0.625,0.0375,0.075,1.075,0.0125,1.4625,0.4625,1.5125,0.7125,0.9,2.3625,0.225,10.8,0.2875,0.1,27867,3516,0.419870044493306,0.898876404494382,0.606060606060606,44,33.056,11.1994636837861,10.1644566929189,-44.0637678225878,761.75,583.4125,0.268292682926829,88,27251,28350,0,0,0,1
65535,27911,0.123711340206186,0.216494845360825,1.17010309278351,1.35051546391753,0.128865979381443,0.11340206185567,2.52577319587629,3.56701030927835,0.128865979381443,0.783505154639175,0.216494845360825,0.0463917525773196,1.52061855670103,0.670103092783505,0.0876288659793814,1.15463917525773,0.123711340206186,0.0927835051546392,0.907216494845361,0.0103092783505155,1.06701030927835,0.474226804123711,2.21134020618557,0.706185567010309,0.242268041237113,2.34536082474227,0.22680412371134,24.1494845360825,0.335051546391753,0.314432989690722,27911,8527,0.887839935318823,0.854625550660793,0.62987012987013,44,56.072,24.6233313436313,11.3304854960991,14.2284477561874,1043.86082474227,582.273195876289,0,0,0,0,0,0,0,1
65535,27955,0.571428571428571,0.238095238095238,0.666666666666667,0.142857142857143,0.285714285714286,0.0476190476190476,0.714285714285714,2.0952380952381,0.0476190476190476,NaN,0.142857142857143,0.0476190476190476,2.47619047619048,0.571428571428571,0.0952380952380952,0.380952380952381,0.0476190476190476,0,1.0952380952381,0,0.428571428571429,0.380952380952381,2.85714285714286,0.428571428571429,0.428571428571429,1.33333333333333,0.0952380952380952,NaN,0.142857142857143,0.238095238095238,27955,923,0.8817145916154,0.91304347826087,0.6,44,15.829,7.88204020935892,3.71861407840694,-26.7458197168328,862.952380952381,585.47619047619,0,0,0,0,0,0,0,0
65535,27999,0.973684210526316,0.0789473684210526,0.710526315789474,0.184210526315789,0.0789473684210526,0.0789473684210526,1.13157894736842,2.44736842105263,0.105263157894737,0.578947368421053,0.0263157894736842,0.0526315789473684,3.81578947368421,0.342105263157895,0.0263157894736842,0.631578947368421,0.0526315789473684,0.105263157894737,0.894736842105263,0.0263157894736842,0.552631578947368,0.342105263157895,1.15789473684211,0.5,0.447368421052632,1.47368421052632,0.315789473684211,10.7631578947368,0.184210526315789,0.236842105263158,27999,1670,0.652328499568699,0.95,0.791666666666667,44,19.567,8.10988477882617,6.14677656447898,-6.40464662279562,1095.31578947368,586.552631578947,0,0,0,0,0,0,0,1
65535,28042,0.235294117647059,0.147058823529412,1.08823529411765,0.529411764705882,0.205882352941176,0.0882352941176471,2.61764705882353,3.58823529411765,0.0588235294117647,0.882352941176471,0.147058823529412,0,1.58823529411765,0.558823529411765,0.0588235294117647,0.911764705882353,0.0588235294117647,0.147058823529412,1.76470588235294,0.0294117647058824,1.5,0.735294117647059,4.32352941176471,0.323529411764706,0.5,2.61764705882353,0.470588235294118,20.6470588235294,0.529411764705882,0.470588235294118,28042,1494,0.830092842915702,0.944444444444444,0.755555555555556,44,19.195,8.93033194466432,4.97977820449376,12.0720898552277,112.882352941176,588.029411764706,0,0,0,0,0,0,0,1
65535,28086,0.25,0.3125,0.84375,0.84375,0.25,0.09375,NaN,2.21875,0.09375,0.875,0.15625,0.03125,1.28125,0.46875,0.4375,0.6875,0.09375,0,1.40625,0,0.90625,0.75,1.46875,0.6875,0.21875,2.09375,0.03125,18.9375,0.4375,0.25,28086,1407,0.717229425427937,0.82051282051282,0.507936507936508,44,21.734,8.0919769653054,5.63878980452664,-21.5319627542615,1232.65625,25845,0.869565217391304,88,27647,28218,0,0,0,0
65535,28130,0.84,0.24,0.4,0.12,0.12,0.12,NaN,2.12,0.04,0.92,0,0,1.32,0.68,0.16,0.52,0.04,0.08,0.88,0,0.64,0.28,1.28,0.32,0.6,1.16,0.08,NaN,0.12,0.12,28130,1099,0.796862369254635,0.961538461538462,0.694444444444444,44,15.457,7.40547754248303,4.47409980157419,-47.2768839895793,900.48,590.24,0.5,44,28746,0,0,0,0,0
65535,28174,0.46,0.28,0.52,0.16,0.06,0.16,NaN,2.38,0.06,0.58,0.14,0.02,1.54,0.28,0.12,0.5,0.14,0.1,0.66,0.04,0.62,0.24,0.78,0.44,0.36,1.4,0.08,7.74,0.3,0.08,28174,2198,0.804943009943839,0.735294117647059,0.520833333333333,44,33.734,12.1195494088623,7.19116046217947,-5.0934926425416,1155.3,590.38,0,0,0,0,0,0,0,0
65535,28218,0.0357142857142857,0.178571428571429,0.964285714285714,0.928571428571429,0.142857142857143,0.0714285714285714,2.10714285714286,NaN,0.0714285714285714,0.678571428571429,0.107142857142857,0.0357142857142857,0.928571428571429,0.678571428571429,0.0714285714285714,0.607142857142857,0,0.0357142857142857,1.10714285714286,0.0357142857142857,1.25,0.642857142857143,2.25,0.928571428571429,0.214285714285714,1.64285714285714,0.214285714285714,21.0357142857143,0.214285714285714,0.214285714285714,28218,1231,0.619832808803761,0.96551724137931,0.666666666666667,44,16.863,6.90472651396595,5.41837294515409,16.774210941249,1238.35714285714,590.285714285714,0.6,44,28086,0,0,0,0,0
65535,28262,0.311688311688312,0.194805194805195,0.896103896103896,1.14285714285714,0.142857142857143,0.103896103896104,3.77922077922078,4.12987012987013,0.207792207792208,1.35064935064935,0.246753246753247,0.0909090909090909,1.72727272727273,0.974025974025974,0.038961038961039,1.32467532467532,0.103896103896104,0.103896103896104,1.22077922077922,0,1.11688311688312,0.74025974025974,1.90909090909091,0.649350649350649,0.38961038961039,2.93506493506493,0.415584415584416,28.5974025974026,0.428571428571429,0.324675324675325,28262,3384,0.764389970385217,0.939024390243902,0.7,44,30.153,12.5593413923438,8.09768806088112,-52.3460792137355,52.7922077922078,591.532467532468,0,0,0,0,0,0,0,1
65535,28306,0.36,0.12,0.36,0.36,0.08,0.08,0.88,1.56,0.08,NaN,0.04,0.08,0.72,0.4,0,0.48,0.12,0.04,0.92,0.08,1.08,0.76,0.72,0.24,0.72,2.08,0.12,5.64,0.16,0.08,28306,1099,0.886785318375266,0.833333333333333,0.555555555555556,44,20.328,9.16055052959172,4.23383758090264,21.6826092225951,523.96,590.6,0,0,0,0,0,0,0,0
65535,28350,0.606060606060606,0.242424242424242,0.818181818181818,0.151515151515152,0.0606060606060606,0.0909090909090909,NaN,2.39393939393939,0,0.757575757575758,0.0303030303030303,0.0303030303030303,1.63636363636364,0.545454545454545,0.0606060606060606,0.696969696969697,0.0909090909090909,0.121212121212121,1.09090909090909,0.0303030303030303,0.606060606060606,0.454545454545455,2.09090909090909,0.545454545454545,0.454545454545455,1.84848484848485,0.0909090909090909,11.2727272727273,0.303030303030303,0.121212121212121,28350,1450,0.67743548225087,0.916666666666667,0.673469387755102,44,18.641,7.77061124575821,5.71592328608277,43.6628538783084,763.272727272727,592.060606060606,0.391304347826087,44,27867,0,0,0,0,0
65535,28394,0.18,0.16,0.64,0.54,0.12,0.14,1.38,2.52,0.06,0.62,0.16,0.02,NaN,0.28,0.16,0.62,0.04,0.04,0.96,0,0.62,0.56,1.92,0.56,0.28,1.36,0.18,12.74,0.3,0.16,28394,2198,0.917543162372638,0.847457627118644,0.5,44,27.821,13.5168844248873,5.37480251831681,-50.9586328276694,978.94,595.72,0,0,0,0,0,0,0,0
65535,28438,0.408450704225352,0.140845070422535,0.436619718309859,0.211267605633803,0.0422535211267606,0.0563380281690141,1.02816901408451,3.16901408450704,0.0422535211267606,1.80281690140845,0.0704225352112676,0.0422535211267606,1.64788732394366,0.422535211267606,0.0422535211267606,0.985915492957747,0.0985915492957746,0.140845070422535,0.788732394366197,0.0140845070422535,1.77464788732394,0.352112676056338,0.873239436619718,0.788732394366197,0.563380281690141,1.91549295774648,0.154929577464789,10.7042253521127,0.47887323943662,0.225352112676056,28438,3121,0.404666502957918,0.959459459459459,0.717171717171717,44,28.003,10.0311487245377,9.17312775533157,27.4171920783687,1336.88732394366,594.014084507042,0,0,0,0,0,0,0,1
65535,28482,0.222222222222222,0.111111111111111,0.592592592592593,0.333333333333333,0.0740740740740741,0.0740740740740741,1.2962962962963,1.62962962962963,0.037037037037037,1.03703703703704,0.185185185185185,0.037037037037037,1.11111111111111,0.407407407407407,0.185185185185185,0.148148148148148,0.037037037037037,0,1.37037037037037,0,0.592592592592593,0.296296296296296,0.444444444444444,0.407407407407407,0.777777777777778,2.2962962962963,0.185185185185185,7.92592592592593,0.0740740740740741,0.148148148148148,28482,1187,0.629826074527991,44,0.75,44,16.656,6.9054844131851,5.36373968426899,40.6622990956704,514.888888888889,594.074074074074,0,0,0,0,0,0,0,1
65535,28526,0.413793103448276,0.137931034482759,0.471264367816092,0.149425287356322,0.0804597701149425,0.0459770114942529,1.10344827586207,2.91954022988506,0.0459770114942529,1.04597701149425,0.0919540229885057,0.0344827586206897,2.3448275862069,0.528735632183908,0.0919540229885057,0.459770114942529,0.0919540229885057,0.0574712643678161,0.954022988505747,0.0114942528735632,1.29885057471264,0.32183908045977,2.25287356321839,0.540229885057471,0.655172413793103,1.54022988505747,0.137931034482759,10.4597701149425,0.275862068965517,0.183908045977011,28526,3824,0.42886791831816,0.945652173913043,0.790909090909091,44,31.84,11.2477063690146,10.1608090749985,-5.70600646549637,966.229885057471,596.724137931035,0,0,0,0,0,0,0,1
65535,28570,0.48,0.28,0.72,0.32,0.04,0.12,1.32,1.84,0,1.56,0,0.08,1.24,0.48,0.08,0.32,0.04,0.04,1.64,0,1.36,0.6,0.64,0.36,0.24,2.44,0.2,9.48,0.24,0.04,28570,1099,0.831393182202562,0.961538461538462,0.78125,44,17.119,7.86462725290194,4.37025226269363,4.44350737777139,729.56,597.44,0.473684210526316,44,28614,0,0,0,0,1
65535,28614,0.580645161290323,0.193548387096774,0.629032258064516,0.193548387096774,0.0483870967741935,0.129032258064516,1.29032258064516,1.7741935483871,0.0645161290322581,0.854838709677419,0.129032258064516,0.0483870967741935,1.87096774193548,0.516129032258065,0.161290322580645,0.370967741935484,0.0967741935483871,0.0645161290322581,1.82258064516129,0,1.14516129032258,0.548387096774194,0.451612903225806,0.564516129032258,0.532258064516129,1.85483870967742,0.193548387096774,9.87096774193548,0.290322580645161,0.225806451612903,28614,2725,0.852667773405249,0.873239436619718,0.645833333333333,44,28.747,12.5908361002197,6.57812649131705,14.9435315354988,738.532258064516,597.887096774194,0.457142857142857,88,28570,29053,0,0,0,1
65535,28658,0.274193548387097,0.169354838709677,0.806451612903226,1.13709677419355,0.145161290322581,0.104838709677419,2.24193548387097,2.73387096774194,0.161290322580645,0.879032258064516,0.193548387096774,0.0241935483870968,1.74193548387097,0.653225806451613,0.0967741935483871,1.04838709677419,0.17741935483871,0.153225806451613,1.57258064516129,0.0241935483870968,1.04838709677419,0.661290322580645,2.40322580645161,0.580645161290323,0.790322580645161,2.80645161290323,0.217741935483871,19.8951612903226,0.306451612903226,0.258064516129032,28658,5450,0.585701672528845,0.779874213836478,0.553571428571429,44,50.845,15.2748709649982,12.3806909388377,36.8567876094024,828.814516129032,595.838709677419,0,0,0,0,0,0,0,1
65535,28702,0.525,0.15,0.65,0.35,0.075,0.1,1.125,2.45,0.025,NaN,0.1,0.025,1.325,0.275,0.2,0.625,0.1,0.1,1.2,0.075,0.775,0.575,1.025,0.7,0.625,2.175,0.375,13.625,0.3,0.15,28702,1758,0.548720982612487,0.952380952380952,0.714285714285714,44,19.956,7.92373200237667,6.62428394780738,-1.45541891308387,93.4,597.8,0,0,0,0,0,0,0,0
65535,28746,0.735632183908046,0.172413793103448,0.804597701149425,0.160919540229885,0.0574712643678161,0.149425287356322,2.10344827586207,2.90804597701149,0.137931034482759,1.08045977011494,0.103448275862069,0.0114942528735632,1.25287356321839,0.528735632183908,0.0689655172413793,0.747126436781609,0.0804597701149425,0.126436781609195,0.954022988505747,0.0229885057471264,0.919540229885057,0.436781609195402,3.09195402298851,0.551724137931034,0.781609195402299,2.03448275862069,0.241379310344828,12.5977011494253,0.264367816091954,0.252873563218391,28746,3824,0.66106620288943,0.90625,0.669230769230769,44,34.28,12.5527643411815,9.41868527444123,-83.6171232984471,903.505747126437,599.264367816092,0.186046511627907,44,28130,0,0,0,0,1
65535,28790,0.804878048780488,0.146341463414634,0.390243902439024,0.25609756097561,0.0975609756097561,0.121951219512195,1.13414634146341,2.40243902439024,0.024390243902439,1.0609756097561,0.0975609756097561,0.024390243902439,3.25609756097561,0.536585365853659,0.0487804878048781,0.707317073170732,0.0853658536585366,0.146341463414634,1.30487804878049,0.0365853658536585,1.08536585365854,0.451219512195122,1.1219512195122,0.536585365853659,0.878048780487805,1.52439024390244,0.365853658536585,11.8292682926829,0.402439024390244,0.195121951219512,28790,3604,0.892308565180796,0.901098901098901,0.640625,44,35.107,15.6950031178584,7.08513232153206,-9.88501020964925,57887,597.426829268293,0,0,0,0,0,0,0,0
65535,28834,0.375,0.21875,0.9375,0.96875,0.0625,0.03125,2.75,2.9375,0.03125,1.15625,0.125,0.09375,1.6875,0.78125,0.125,1.25,0.3125,0.125,1.28125,0.0625,1.1875,0.78125,2.3125,0.53125,0.3125,3.21875,0.28125,NaN,0.3125,0.21875,28834,1407,0.804568843487998,0.941176470588235,0.8,44,18.525,8.47477088757145,5.03282227679839,7.23995863723673,113.375,599.21875,0,0,0,0,0,0,0,0
65535,28878,0.896551724137931,0.149425287356322,0.390804597701149,0.126436781609195,0.103448275862069,0.0229885057471264,4.74712643678161,3.19540229885057,0.114942528735632,1.10344827586207,0.0344827586206897,0.0114942528735632,1.67816091954023,0.540229885057471,0.126436781609195,0.609195402298851,0.206896551724138,0.0689655172413793,0.804597701149425,0.0229885057471264,1.26436781609195,0.666666666666667,0.919540229885057,0.586206896551724,0.896551724137931,1.52873563218391,0.218390804597701,11.5862068965517,0.390804597701149,0.149425287356322,28878,3824,0.595034166537319,0.896907216494845,0.669230769230769,44,34.189,12.2857179076622,9.87403645547517,6.82244096835114,866.724137931035,597.988505747126,0,0,0,0,0,0,0,1
65535,28922,0.0697674418604651,0.13953488372093,1.37209302325581,1.04651162790698,0.116279069767442,0.0930232558139535,4.13953488372093,3.76744186046512,0.232558139534884,0.465116279069767,0.0697674418604651,0.0232558139534884,1.97674418604651,0.744186046511628,0.0465116279069767,1.30232558139535,0.116279069767442,0.232558139534884,0.837209302325581,0.0232558139534884,1.06976744186047,0.372093023255814,2.7906976744186,0.813953488372093,0.395348837209302,1.86046511627907,0.488372093023256,29.2558139534884,0.302325581395349,0.418604651162791,28922,1890,0.624703054003832,0.895833333333333,0.597222222222222,44,23.231,8.73448286268735,6.82042928774314,-19.7876487704885,261.395348837209,600.441860465116,0,0,0,0,0,0,0,1
65535,28966,0.619047619047619,0.0952380952380952,0.857142857142857,0.80952380952381,0.0476190476190476,0,1.61904761904762,2.76190476190476,0.0476190476190476,0.904761904761905,0,0.19047619047619,NaN,0.238095238095238,0.142857142857143,0.714285714285714,0.0952380952380952,0,1.14285714285714,0.0476190476190476,0.428571428571429,0.333333333333333,1.19047619047619,0.238095238095238,0.761904761904762,2.33333333333333,0.0952380952380952,16.5714285714286,0.238095238095238,0.142857142857143,28966,923,0.763015647242748,0.954545454545455,0.7,44,14.142,6.57523407112124,4.2500998887275,25.9538567747131,160.666666666667,603.714285714286,0,0,0,0,0,0,0,0
65535,29009,0.620689655172414,0.172413793103448,1.06896551724138,0.206896551724138,0.0344827586206897,0.137931034482759,0.793103448275862,3.48275862068966,0.0689655172413793,1.17241379310345,0.0689655172413793,0.0344827586206897,1.13793103448276,0.137931034482759,0.0689655172413793,0.620689655172414,0.206896551724138,0.103448275862069,1.10344827586207,0,0.827586206896552,0.310344827586207,3.55172413793103,0.344827586206897,0.448275862068966,1.48275862068966,0.241379310344828,15.3448275862069,0.655172413793103,0.275862068965517,29009,1275,0.771187331310719,0.966666666666667,0.828571428571429,44,17.21,7.85211317535939,4.99872024974116,-11.3533799108062,940.206896551724,606.862068965517,0,0,0,0,0,0,0,1
65535,29053,0.537037037037037,0.12962962962963,1.03703703703704,0.259259259259259,0.185185185185185,0.037037037037037,1.7037037037037,2.68518518518519,0.12962962962963,0.740740740740741,0.222222222222222,0.0740740740740741,1.51851851851852,0.5,0.12962962962963,0.925925925925926,0.222222222222222,0.0740740740740741,1.11111111111111,0.037037037037037,0.833333333333333,0.37037037037037,2.11111111111111,0.444444444444444,0.296296296296296,1.72222222222222,0.314814814814815,14.7592592592593,0.481481481481481,0.259259259259259,29053,2374,0.843478721289259,0.931034482758621,0.701298701298701,44,25.745,11.6856426674987,6.27709006625955,-18.4802521237537,740.462962962963,606.537037037037,0.1875,44,28614,0,0,0,0,1
65535,29097,0.590909090909091,0.227272727272727,0.590909090909091,0.636363636363636,0.227272727272727,0.136363636363636,1.36363636363636,1.18181818181818,0.0454545454545455,1.36363636363636,0.136363636363636,0.0909090909090909,1.72727272727273,0.318181818181818,0.318181818181818,0.409090909090909,0.272727272727273,0,1.72727272727273,0,1.09090909090909,0.409090909090909,0.863636363636364,0.363636363636364,NaN,NaN,0.272727272727273,9.54545454545455,0.227272727272727,0.0909090909090909,29097,967,0.786592070129511,44,0.785714285714286,44,14.324,6.83965059029319,4.22329962144638,7.20857581287258,131.227272727273,612.590909090909,0,0,0,0,0,0,0,0
65535,29141,0.245283018867925,0.141509433962264,0.650943396226415,0.39622641509434,0.10377358490566,0.0377358490566038,1.86792452830189,2.86792452830189,0.0471698113207547,0.632075471698113,0.132075471698113,0.0377358490566038,1.14150943396226,0.537735849056604,0.311320754716981,0.943396226415094,0.0849056603773585,0.0660377358490566,0.886792452830189,0.0660377358490566,0.679245283018868,0.349056603773585,1.69811320754717,0.584905660377358,0.386792452830189,1.15094339622642,0.188679245283019,18.7075471698113,0.330188679245283,0.273584905660377,29141,4659,0.903949866703471,0.854838709677419,0.473214285714286,44,43.948,18.8927599225903,8.07927044953597,-45.7353719478988,1016.16981132075,609.066037735849,0.392857142857143,44,29229,0,0,0,0,1
65535,29185,0.444444444444444,0.148148148148148,0.555555555555556,0.259259259259259,0.185185185185185,0.111111111111111,NaN,2.11111111111111,0.0740740740740741,1.22222222222222,0.111111111111111,0.037037037037037,1.37037037037037,0.296296296296296,0.0740740740740741,0.444444444444444,0.0740740740740741,0.0740740740740741,1.25925925925926,0,1.66666666666667,0.62962962962963,0.666666666666667,0.814814814814815,0.777777777777778,1.51851851851852,0.185185185185185,11.8888888888889,0.444444444444444,0.148148148148148,29185,1187,0.930664030851485,0.771428571428571,0.45,44,24.819,10.9880577859963,4.02025483239484,-23.2483494198795,24966,615.592592592593,0,0,0,0,0,0,0,0
65535,29229,0.0978260869565217,0.119565217391304,0.771739130434783,0.608695652173913,0.0760869565217391,0.0652173913043478,1.81521739130435,3.18478260869565,0.195652173913043,0.619565217391304,0.119565217391304,0.108695652173913,0.989130434782609,0.619565217391304,0.195652173913043,0.945652173913043,0.0652173913043478,0.119565217391304,0.83695652173913,0.0326086956521739,0.510869565217391,0.380434782608696,1.76086956521739,0.467391304347826,0.293478260869565,1.01086956521739,0.195652173913043,18.7934782608696,0.347826086956522,0.152173913043478,29229,4044,0.536795943998995,0.713178294573643,0.438095238095238,44,48.05,13.3065832516586,11.226925352861,-54.7122456849057,1015.01086956522,617.663043478261,0.84,88,29141,29713,0,0,0,1
65535,29273,0.0476190476190476,0.285714285714286,0.904761904761905,0.952380952380952,0.142857142857143,0.0476190476190476,2.52380952380952,3.42857142857143,0.285714285714286,0.619047619047619,0.0952380952380952,0.19047619047619,1.19047619047619,0.857142857142857,0.142857142857143,0.761904761904762,0,0,0.904761904761905,0,0.80952380952381,0.571428571428571,1.76190476190476,0.80952380952381,0.19047619047619,2.80952380952381,0.571428571428571,21.7619047619048,0.380952380952381,0.333333333333333,29273,923,0.750480853239368,0.954545454545455,0.6,44,15.267,6.67319045578207,4.41025946530247,-18.9156842506521,1197.80952380952,614.52380952381,0.882352941176471,88,29361,29625,0,0,0,1
65535,29317,0.5,0.117647058823529,0.588235294117647,0.264705882352941,0.0588235294117647,0.117647058823529,2.23529411764706,3.14705882352941,0.0882352941176471,0.852941176470588,0.176470588235294,0.0294117647058824,2.20588235294118,0.911764705882353,0.147058823529412,0.588235294117647,0.176470588235294,0.147058823529412,1.20588235294118,0.0588235294117647,0.970588235294118,0.617647058823529,1.08823529411765,0.382352941176471,0.294117647058824,NaN,0.176470588235294,14.0588235294118,0.441176470588235,0.0882352941176471,29317,1494,0.620222978686847,44,0.80952380952381,44,17.508,7.48220859134169,5.8692356525081,28.0681547155909,31866,616.5,0,0,0,0,0,0,0,0
65535,29361,0.0416666666666667,0.291666666666667,0.958333333333333,1.375,0.0416666666666667,0.0833333333333333,3.33333333333333,3.45833333333333,0.125,0.833333333333333,0.166666666666667,0.0416666666666667,1.25,0.833333333333333,0.0416666666666667,1.5,0.0416666666666667,0.0833333333333333,0.791666666666667,0,0.708333333333333,0.625,2.79166666666667,0.458333333333333,0.125,2.41666666666667,0.375,28.8333333333333,0.333333333333333,0.166666666666667,29361,1055,0.400320384512718,44,0.96,44,14.671,5.8878405775519,5.39547135207955,45,1193.08333333333,617.083333333333,0.625,88,29273,29625,0,0,0,1
65535,29405,0.51219512195122,0.268292682926829,0.731707317073171,0.268292682926829,0.0731707317073171,0.0731707317073171,1.34146341463415,3.17073170731707,0.0975609756097561,0.707317073170732,0,0.0731707317073171,1.53658536585366,0.536585365853659,0.146341463414634,0.780487804878049,0.0487804878048781,0.170731707317073,1.29268292682927,0.024390243902439,0.829268292682927,0.341463414634146,0.902439024390244,0.51219512195122,0.780487804878049,1.5609756097561,0.121951219512195,10.6829268292683,0.439024390243902,0.121951219512195,29405,1802,0.757631120402568,0.953488372093023,0.683333333333333,44,22.098,9.18603035048584,5.99556575511991,2.94380214500408,1363.29268292683,616.780487804878,0,0,0,0,0,0,0,1
65535,29449,0.5,0.15,1.25,0.5,0.35,0.15,1.85,2.35,0.15,0.65,0.1,0.05,1.45,0.45,0.05,0.45,0.1,0,1.3,0.05,1.2,0.85,2.15,0.45,0.8,1.65,0.4,13.5,0.6,0.2,29449,879,0.799408292609827,44,0.833333333333333,44,13.935,6.7553616299523,4.05854110675682,16.1692956563215,1406.85,616.75,0,0,0,0,0,0,0,1
65535,29493,0.185792349726776,0.147540983606557,0.617486338797814,0.513661202185792,0.136612021857924,0.0382513661202186,2.6120218579235,3.37158469945355,0.0437158469945355,0.814207650273224,0.191256830601093,0.0327868852459016,1.21857923497268,0.770491803278688,0.0546448087431694,1.09289617486339,0.0819672131147541,0.12568306010929,0.644808743169399,0.0163934426229508,0.85792349726776,0.513661202185792,1.84699453551913,0.540983606557377,0.185792349726776,2.31147540983607,0.229508196721311,22.344262295082,0.398907103825137,0.349726775956284,29493,8044,0.677117813306732,0.924242424242424,0.7625,44,49.985,18.2230119098738,13.4098520949706,38.8575377531182,104.612021857923,619.256830601093,0.180327868852459,44,29669,0,0,0,0,1
65535,29537,0.217391304347826,0.0869565217391304,0.347826086956522,0.304347826086957,0.0869565217391304,0.130434782608696,1.08695652173913,1.39130434782609,0.0434782608695652,1.1304347826087,0.217391304347826,0,1.1304347826087,0.478260869565217,0.0434782608695652,0.608695652173913,0.0869565217391304,0.130434782608696,1.82608695652174,0,0.869565217391304,0.304347826086957,0.695652173913043,0.391304347826087,0.565217391304348,1.43478260869565,0.173913043478261,7.65217391304348,0.173913043478261,0.173913043478261,29537,1011,0.773071875068945,44,0.821428571428571,44,14.787,6.90734802942563,4.38145818656204,-2.19003022753183,1385.13043478261,620.478260869565,0,0,0,0,0,0,0,1
65535,29581,0.357142857142857,0.25,1.39285714285714,0.214285714285714,0.178571428571429,0.0714285714285714,1.21428571428571,4.64285714285714,0.0714285714285714,0.892857142857143,0.142857142857143,0.0714285714285714,1.32142857142857,1.25,0.0714285714285714,1.03571428571429,0.142857142857143,0.142857142857143,1.5,0,0.857142857142857,0.428571428571429,1.82142857142857,0.714285714285714,0.25,3.21428571428571,0.357142857142857,19.0714285714286,0.607142857142857,0.535714285714286,29581,1231,0.595362816031741,0.96551724137931,0.666666666666667,44,16.036,6.81299235210497,5.47394625394803,10.1615684148315,58327,621.5,0.0909090909090909,44,29932,0,0,0,0,0
65535,29625,0.203125,0.15625,1.078125,1.09375,0.1953125,0.0859375,2.5078125,4.8125,0.1484375,1.1796875,0.21875,0.0234375,1.65625,0.734375,0.0859375,1.1875,0.15625,0.0859375,0.8984375,0.0703125,1.28125,0.7578125,2.2265625,0.90625,0.3828125,2.4609375,0.265625,22.53125,0.390625,0.3125,29625,5626,0.630768049437868,0.870748299319728,0.711111111111111,44,43.046,14.9628641715305,11.6107551816622,84.6524544371659,1201.125,622.3828125,0.588235294117647,132,29273,29361,30460,0,0,1
65535,29669,0.775,0.225,1.05,0.4,0.1,0.1,1.5,2.95,0.125,0.9,0.175,0.1,1.825,0.625,0.2,0.4,0.075,0.025,1.725,0,1.525,0.7,1.025,0.65,0.875,2.85,0.5,14.875,0.25,0.075,29669,1758,0.763092964609416,44,0.833333333333333,44,20.576,9.0571827173841,5.85355514970053,23.2761411345857,92.85,623.775,0.416666666666667,44,29493,0,0,0,0,1
65535,29713,0.339285714285714,0.178571428571429,0.946428571428571,0.446428571428571,0.107142857142857,0.178571428571429,1.41071428571429,2.55357142857143,0.0357142857142857,0.732142857142857,0.0892857142857143,0.0357142857142857,1.44642857142857,0.589285714285714,0.0892857142857143,0.642857142857143,0.0535714285714286,0.0892857142857143,0.803571428571429,0.0178571428571429,0.803571428571429,0.589285714285714,2.14285714285714,0.642857142857143,0.375,2.05357142857143,0.178571428571429,15.4642857142857,0.517857142857143,0.321428571428571,29713,2461,0.560726683403613,0.933333333333333,0.7,44,26.208,9.72690865846087,8.05388968799682,-54.8685566587063,1010.05357142857,27471,0.645161290322581,88,29229,30108,0,0,0,0
65535,29757,0.685714285714286,0.2,0.428571428571429,0.171428571428571,0.0857142857142857,0.0285714285714286,1.57142857142857,NaN,0.0571428571428571,0.828571428571429,0.0571428571428571,0.0285714285714286,3.11428571428571,0.571428571428571,0.114285714285714,0.485714285714286,0.0285714285714286,0.2,0.885714285714286,0,0.714285714285714,0.485714285714286,0.771428571428571,0.285714285714286,0.485714285714286,1.71428571428571,0.142857142857143,10.6571428571429,0.2,0.142857142857143,29757,1538,0.595716062220763,44,0.833333333333333,44,17.88,7.53549274004482,6.05247086622484,18.2566909850581,1427.17142857143,625.685714285714,0.272727272727273,44,30284,0,0,0,0,0
65535,29801,0.36,0.36,0.56,0.24,0.16,0.04,1.32,1.6,0.08,1.36,0.08,0.04,1.36,0.56,0.16,0.48,0,0.12,1.08,0.08,1.2,0.52,0.6,0.64,0.72,1.64,0.12,10.96,0.2,0.2,29801,1099,0.582200047604861,44,0.833333333333333,44,14.605,6.33525235678845,5.15084888561809,8.53551064565955,818.56,626.08,0,0,0,0,0,0,0,1
65535,29845,0.294117647058824,0.0882352941176471,0.588235294117647,0.323529411764706,0.147058823529412,0.0882352941176471,1.05882352941176,1.94117647058824,0.0588235294117647,0.470588235294118,0.0588235294117647,0.0294117647058824,0.794117647058823,0.294117647058824,0.0588235294117647,0.470588235294118,0.147058823529412,0.117647058823529,1.17647058823529,0.0294117647058824,1.08823529411765,0.294117647058824,0.764705882352941,0.323529411764706,0.382352941176471,1.91176470588235,0.147058823529412,9.17647058823529,0.441176470588235,0.205882352941176,29845,1494,0.804394323889003,0.871794871794872,0.62962962962963,44,20.601,8.94290900645749,5.31294432013163,-22.1153058608435,1312.11764705882,625.911764705882,0,0,0,0,0,0,0,1
65535,29889,0.2,0.184,0.808,1.176,0.104,0.088,2.8,3.768,0.16,0.8,0.12,0.024,1.352,0.696,0.088,1.28,0.128,0.104,0.864,0.016,0.96,0.672,1.944,0.688,0.192,2.064,0.208,24.08,0.392,0.272,29889,5494,0.865126114615634,0.856164383561644,0.555555555555556,44,44.287,19.0356543890813,9.54741601932782,-41.2492828501128,376.856,626.24,0,0,0,0,0,0,0,1
65535,29932,0.16,0.16,NaN,0.2,0.2,0.2,1.52,3.92,0.12,1.44,0.12,0.08,1.48,1.24,0.04,1.2,0.12,0.2,1.36,0,1.68,0.56,6.2,1.12,0.32,2.12,0.4,12.64,0.72,0.36,29932,1099,0.582200047604861,0.961538461538462,0.833333333333333,44,14.605,6.33525235678845,5.15084888561809,8.53551064565955,1322.44,627.92,0.111111111111111,44,29581,0,0,0,0,0
65535,29976,0.769230769230769,0.307692307692308,0.692307692307692,0.230769230769231,0.0769230769230769,0.128205128205128,1.43589743589744,2.35897435897436,0.0256410256410256,1.33333333333333,0.0256410256410256,0.0512820512820513,2.12820512820513,0.538461538461538,0.0769230769230769,0.435897435897436,0.102564102564103,0.0512820512820513,1.48717948717949,0.0256410256410256,1.35897435897436,1.02564102564103,0.641025641025641,0.461538461538462,0.846153846153846,2.28205128205128,0.128205128205128,NaN,0.256410256410256,0.102564102564103,29976,1714,0.491247277638471,0.951219512195122,0.795918367346939,44,20.022,7.67632993499075,6.68623809772339,19.919065837858,876.128205128205,629.820512820513,0,0,0,0,0,0,0,0
65535,30020,1.16417910447761,0.208955223880597,0.447761194029851,0.238805970149254,0.164179104477612,0.0597014925373134,1.91044776119403,3.80597014925373,0.0597014925373134,1.05970149253731,0.0895522388059701,0,2.70149253731343,0.686567164179104,0.0149253731343284,1.2089552238806,0.26865671641791,0.0447761194029851,1.50746268656716,0,1.28358208955224,0.447761194029851,0.746268656716418,0.73134328358209,0.73134328358209,1.64179104477612,0.194029850746269,11.4477611940299,0.358208955223881,0.119402985074627,30020,2945,0.70181124131399,0.971014492753623,0.744444444444444,44,26.688,11.0684398058439,7.88474650216115,-38.5942667236021,57.6567164179104,631.791044776119,0,0,0,0,0,0,0,1
65535,30064,0.461538461538462,0.138461538461538,0.938461538461538,0.153846153846154,0.107692307692308,0.138461538461538,0.892307692307692,1.78461538461538,0.0923076923076923,0.815384615384615,0.138461538461538,0.123076923076923,1.87692307692308,0.492307692307692,0.107692307692308,0.523076923076923,0.138461538461538,0.2,0.846153846153846,0.0307692307692308,0.707692307692308,0.384615384615385,2.30769230769231,0.384615384615385,0.292307692307692,1.78461538461538,0.169230769230769,10.3076923076923,0.415384615384615,0.0769230769230769,30064,2857,0.924429956394587,0.866666666666667,0.619047619047619,44,33.8,15.6569386750408,5.97080298523869,7.7816266420653,520.353846153846,631.876923076923,0,0,0,0,0,0,0,1
65535,30108,0.508196721311475,0.147540983606557,0.639344262295082,0.114754098360656,0.0983606557377049,0.163934426229508,0.950819672131147,2.83606557377049,0.114754098360656,0.688524590163934,0.163934426229508,0.0819672131147541,3.57377049180328,0.573770491803279,0.114754098360656,0.770491803278688,0.131147540983607,0.0819672131147541,0.672131147540984,0.0491803278688525,0.868852459016393,0.39344262295082,2.01639344262295,0.39344262295082,0.60655737704918,1.45901639344262,0.180327868852459,NaN,0.213114754098361,0.311475409836066,30108,2681,0.626546493609929,0.91044776119403,0.677777777777778,44,29.045,10.2153145108918,7.96165315587879,59.8702027652012,1018.03278688525,630.901639344262,0.2,44,29713,0,0,0,0,0
65535,30152,0.25,0.196428571428571,0.821428571428571,0.660714285714286,0.25,0.0535714285714286,2.10714285714286,3.875,0.160714285714286,0.839285714285714,0.0892857142857143,0.0714285714285714,5.89285714285714,0.875,0.125,1.16071428571429,0.107142857142857,0.142857142857143,1.23214285714286,0.0357142857142857,0.910714285714286,0.767857142857143,2.23214285714286,0.517857142857143,0.660714285714286,1.98214285714286,0.196428571428571,21.2142857142857,0.517857142857143,0.232142857142857,30152,2461,0.567340012571995,0.861538461538462,0.565656565656566,44,28.557,10.0768393570509,8.29811238272941,12.0902196406944,1055.42857142857,632.892857142857,0.285714285714286,44,30196,0,0,0,0,1
65535,30196,0.214285714285714,0.196428571428571,0.946428571428571,1.44642857142857,0.160714285714286,0.142857142857143,2.39285714285714,3.66071428571429,0.0535714285714286,1.01785714285714,0.142857142857143,0.107142857142857,1.69642857142857,0.553571428571429,0.142857142857143,1.05357142857143,0.107142857142857,0.0535714285714286,1.01785714285714,0,0.875,0.464285714285714,2.35714285714286,0.625,0.160714285714286,2.32142857142857,0.339285714285714,24.5535714285714,0.321428571428571,0.267857142857143,30196,2461,0.758284776064156,0.918032786885246,0.622222222222222,44,26.787,10.809943988711,7.0472560932553,-40.79743410157,1064.96428571429,632.160714285714,0.606060606060606,88,30152,30899,0,0,0,1
65535,30240,0.147826086956522,0.0869565217391304,0.982608695652174,0.556521739130435,0.156521739130435,0.0608695652173913,2.44347826086957,2.10434782608696,0.0608695652173913,0.495652173913044,0.147826086956522,0.00869565217391304,1.22608695652174,0.608695652173913,0.0347826086956522,0.721739130434783,0.0956521739130435,0.0956521739130435,0.869565217391304,0.0173913043478261,0.626086956521739,0.48695652173913,1.71304347826087,0.4,0.269565217391304,1.57391304347826,0.173913043478261,16.9913043478261,0.226086956521739,0.260869565217391,30240,5055,0.855308650421025,0.942622950819672,0.751633986928105,44,39.308,17.1428573756026,8.8820370493803,-89.9600187279293,1355.93043478261,631.634782608696,0,0,0,0,0,0,0,1
65535,30284,0.666666666666667,0.205128205128205,0.615384615384615,0.230769230769231,0.128205128205128,0.0769230769230769,0.897435897435897,2.48717948717949,0,0.846153846153846,0.153846153846154,0.0256410256410256,3.05128205128205,0.358974358974359,0.0512820512820513,0.564102564102564,0.0512820512820513,0.102564102564103,1.12820512820513,0.0769230769230769,0.58974358974359,0.307692307692308,2.64102564102564,0.435897435897436,0.564102564102564,1.58974358974359,0.153846153846154,11.8974358974359,0.179487179487179,0.230769230769231,30284,1714,0.559047007774479,0.906976744186046,0.795918367346939,44,20.973,8.00037174646103,6.63339592251052,60.2648529499671,62854,632.923076923077,0.24,44,29757,0,0,0,0,0
65535,30328,0.483870967741936,0.225806451612903,0.387096774193548,0.290322580645161,0.032258064516129,0.129032258064516,1.29032258064516,1.54838709677419,0.129032258064516,0.838709677419355,0.032258064516129,0.129032258064516,1.38709677419355,0.580645161290323,0.225806451612903,0.580645161290323,0.0645161290322581,0.0967741935483871,1.80645161290323,0,0.709677419354839,0.419354838709677,0.580645161290323,0.419354838709677,0.645161290322581,1.38709677419355,0.258064516129032,9.83870967741935,0.290322580645161,0.0967741935483871,30328,1363,0.744397746653471,0.96875,0.738095238095238,44,18.451,7.87394944451412,5.25772321534681,56.0450773354159,82.4838709677419,634.322580645161,0,0,0,0,0,0,0,1
65535,30372,0.565789473684211,0.131578947368421,0.552631578947368,0.144736842105263,0.0526315789473684,0.197368421052632,1.64473684210526,2.77631578947368,0.0394736842105263,1.11842105263158,0.118421052631579,0.0394736842105263,4.30263157894737,0.789473684210526,0.157894736842105,0.842105263157895,0.118421052631579,0.0921052631578947,1.77631578947368,0,1.48684210526316,0.578947368421053,0.618421052631579,0.565789473684211,1.01315789473684,2.01315789473684,0.144736842105263,12.2105263157895,0.342105263157895,0.131578947368421,30372,3340,0.842782990541886,0.91566265060241,0.678571428571429,44,32.295,13.8623584638641,7.46146296904019,-1.44249685501182,197.802631578947,634.421052631579,0,0,0,0,0,0,0,1
65535,30416,0.136363636363636,0.159090909090909,0.795454545454545,1.04545454545455,0.159090909090909,0,2.70454545454545,2.45454545454545,0.159090909090909,0.909090909090909,0.0454545454545455,0.113636363636364,1.70454545454545,0.613636363636364,0.0227272727272727,0.909090909090909,0.204545454545455,0.0681818181818182,0.818181818181818,0.0454545454545455,0.886363636363636,0.340909090909091,3.31818181818182,0.613636363636364,0.340909090909091,2.11363636363636,0.25,20.25,0.522727272727273,0.295454545454545,30416,1934,0.578929606042626,0.8,0.55,44,28.491,8.90924090426941,7.26439481438989,-78.362141423129,603.386363636364,634.090909090909,0.0344827586206897,44,31119,0,0,0,0,1
65535,30460,0.236220472440945,0.149606299212598,1.11811023622047,1.07874015748032,0.188976377952756,0.0866141732283465,2.69291338582677,4.07874015748031,0.15748031496063,0.992125984251969,0.188976377952756,0.0078740157480315,1.63779527559055,0.661417322834646,0.267716535433071,0.968503937007874,0.181102362204724,0.118110236220472,1.39370078740157,0.062992125984252,1.2755905511811,0.771653543307087,2.14173228346457,0.779527559055118,0.299212598425197,2.8740157480315,0.354330708661417,23.496062992126,0.417322834645669,0.31496062992126,30460,5582,0.832245056183921,0.954887218045113,0.747058823529412,44,40.342,17.2890586313087,9.58519141965294,5.51751272583508,1197.1811023622,633.968503937008,0.32,44,29625,0,0,0,0,1
65535,30504,0.317073170731707,0.024390243902439,NaN,NaN,0.170731707317073,0.146341463414634,2.58536585365854,2.73170731707317,0.146341463414634,0.731707317073171,0.024390243902439,0.0975609756097561,1.41463414634146,0.585365853658537,0.170731707317073,0.780487804878049,0.146341463414634,0.170731707317073,1.14634146341463,0,0.51219512195122,0.463414634146341,3.31707317073171,0.414634146341463,0.414634146341463,1.8780487804878,0.292682926829268,19.9024390243902,0.24390243902439,0.170731707317073,30504,1802,0.689814949277614,0.911111111111111,0.759259259259259,44,22.908,8.86419366669999,6.41754971352257,-14.8814863980147,420.09756097561,633.80487804878,0.48,44,30592,0,0,0,0,0
65535,30548,1.13636363636364,0.204545454545455,0.818181818181818,0.295454545454545,0.227272727272727,0.113636363636364,3.45454545454545,3.09090909090909,0.136363636363636,0.886363636363636,0.136363636363636,0.0681818181818182,2.79545454545455,0.931818181818182,0.204545454545455,0.840909090909091,0.25,0.25,1.88636363636364,0.0454545454545455,0.704545454545455,0.727272727272727,2.86363636363636,0.454545454545455,0.5,1.97727272727273,0.386363636363636,14.8636363636364,0.340909090909091,0.363636363636364,30548,1934,0.908958890236022,0.897959183673469,0.611111111111111,44,25.381,12.0440663439953,5.02099973643002,-12.1160344375541,25.2727272727273,635.363636363636,0.354838709677419,44,30680,0,0,0,0,1
65535,30592,0.351851851851852,0.111111111111111,0.759259259259259,0.777777777777778,0.12962962962963,0.0555555555555556,2.2037037037037,2.37037037037037,0.0555555555555556,1.40740740740741,0.0925925925925926,0.0185185185185185,1.87037037037037,0.555555555555556,0.0555555555555556,1.14814814814815,0.166666666666667,0.111111111111111,1.22222222222222,0,1.44444444444444,0.518518518518518,2.2962962962963,0.833333333333333,0.481481481481481,2.74074074074074,0.333333333333333,17.4444444444444,0.425925925925926,0.148148148148148,30592,2374,0.840592042111327,0.9,0.701298701298701,44,26.878,11.6275975667571,6.29830606789303,79.4708487239701,413.814814814815,635.407407407407,0.575757575757576,44,30504,0,0,0,0,1
65535,30636,0.518518518518518,0.111111111111111,0.703703703703704,0.222222222222222,0.037037037037037,0.111111111111111,35.962962962963,3.96296296296296,0.37037037037037,0.703703703703704,0.148148148148148,0.037037037037037,2.59259259259259,0.814814814814815,0.185185185185185,0.925925925925926,0.185185185185185,0.481481481481481,0.888888888888889,0.037037037037037,1.33333333333333,0.703703703703704,8.48148148148148,0.740740740740741,NaN,1.66666666666667,0.222222222222222,14.1481481481481,0.259259259259259,0.259259259259259,30636,1187,0.841961587034854,44,0.642857142857143,44,16.863,8.12717530876875,4.38491563765753,39.9244449755929,763.222222222222,635.481481481482,0,0,0,0,0,0,0,0
65535,30680,1.36842105263158,0.631578947368421,1.94736842105263,0.526315789473684,0.473684210526316,NaN,1.5,4.10526315789474,0.473684210526316,1.57894736842105,0.421052631578947,0.184210526315789,2.76315789473684,1.44736842105263,0.5,0.789473684210526,0.815789473684211,0.184210526315789,1.63157894736842,0.210526315789474,2.31578947368421,0.526315789473684,6.78947368421053,1.55263157894737,0.5,4.65789473684211,NaN,14.6578947368421,NaN,0.789473684210526,30680,1670,0.779631723818526,0.904761904761905,0.603174603174603,44,22.106,9.2612967866692,5.79977851019896,36.3447808791234,30.8421052631579,639.315789473684,0.592592592592593,44,30548,0,0,0,0,0
65535,30724,0.25,0.05,0.35,0.25,0,0.15,1.65,2.6,0.05,0.9,0.15,0.05,NaN,0.35,0,0.55,0.1,0.2,1.35,0.05,0.7,0.55,0.3,0.6,0.7,1.75,0.15,7.75,0.4,0.1,30724,879,0.482654724360448,0.952380952380952,0.8,44,13.563,5.55190039063532,4.86241387781111,20.1275503972717,313.1,638.45,0,0,0,0,0,0,0,0
65535,30768,0.25,0.15,0.65,0.1,0.1,0.15,0.9,2.6,0.05,1.05,0.15,0.1,0.55,0.05,0.2,0.5,0.05,0.05,1.6,0.05,0.8,0.35,0.5,0.55,0.6,1.6,0.15,9.5,0.45,0.4,30768,879,0.759456511953375,44,0.714285714285714,44,13.952,6.42910050732864,4.1825032376955,0,38591,639.3,0,0,0,0,0,0,0,0
65535,30812,0.5625,0.0416666666666667,0.5,0.520833333333333,0.1875,0,0.979166666666667,1.77083333333333,0.0625,0.5625,0.0208333333333333,0.0416666666666667,0.979166666666667,0.375,0.125,0.520833333333333,0.104166666666667,0.104166666666667,1.25,0,0.8125,0.270833333333333,0.916666666666667,0.4375,0.645833333333333,1.39583333333333,0.291666666666667,10.9166666666667,0.229166666666667,0.145833333333333,30812,2110,0.658972871797934,0.941176470588235,0.666666666666667,44,23.413,9.31172765147819,7.00397151861609,-42.7998368466556,949.479166666667,637.8125,0.0689655172413793,44,31427,0,0,0,0,1
65535,30856,0.6,0.166666666666667,0.55,0.183333333333333,0.133333333333333,0.0333333333333333,1.11666666666667,2.46666666666667,0.0666666666666667,1.38333333333333,0.15,0.0333333333333333,2.25,0.6,0.166666666666667,0.533333333333333,0.0833333333333333,0.05,1.75,0.0333333333333333,1.43333333333333,0.583333333333333,0.733333333333333,0.633333333333333,1.03333333333333,2.35,0.45,11.75,0.333333333333333,0.166666666666667,30856,2637,0.51952820645582,0.923076923076923,0.666666666666667,44,25.588,9.70960254261395,8.29640193886068,66.4064518609767,1045.6,639.25,0,0,0,0,0,0,0,1
65535,30899,0.0689655172413793,0.275862068965517,1.24137931034483,0.896551724137931,0.137931034482759,0.0344827586206897,2.41379310344828,2.86206896551724,0.103448275862069,0.413793103448276,0.172413793103448,0.0689655172413793,1.10344827586207,0.275862068965517,0.172413793103448,1.13793103448276,0.0689655172413793,0.137931034482759,0.862068965517241,0.0344827586206897,0.758620689655172,0.586206896551724,1.82758620689655,0.448275862068966,0.206896551724138,1.86206896551724,0.517241379310345,21.0344827586207,0.448275862068966,0.344827586206897,30899,1275,0.694122240012109,0.966666666666667,0.828571428571429,44,17.599,7.37652056332216,5.31004106714172,-89.9168423532814,1067.89655172414,639.689655172414,0.523809523809524,88,30196,31471,0,0,0,1
65535,30943,0.446808510638298,0.0212765957446809,0.595744680851064,0.106382978723404,0.127659574468085,0.127659574468085,5.76595744680851,2.87234042553191,0.127659574468085,1.21276595744681,0.170212765957447,0.0851063829787234,1.61702127659574,0.51063829787234,0.0638297872340425,0.446808510638298,0.212765957446809,0.106382978723404,0.893617021276596,0.0212765957446809,0.893617021276596,0.276595744680851,1.31914893617021,0.297872340425532,0.553191489361702,1.61702127659574,0.106382978723404,12.3404255319149,0.425531914893617,0.127659574468085,30943,2066,0.649138065371234,0.959183673469388,0.746031746031746,44,22.007,9.00722692354457,6.8515327697347,-29.222492668273,526.106382978723,640.042553191489,0,0,0,0,0,0,0,1
65535,30987,0.688311688311688,0.103896103896104,0.649350649350649,0.181818181818182,0.155844155844156,0.168831168831169,1.01298701298701,3.16883116883117,0.0909090909090909,0.935064935064935,0.142857142857143,0.0909090909090909,1.81818181818182,0.597402597402597,0.441558441558442,0.727272727272727,0.0909090909090909,0.155844155844156,0.961038961038961,0,0.896103896103896,0.311688311688312,1.09090909090909,0.636363636363636,0.584415584415584,2.20779220779221,0.25974025974026,12.8831168831169,0.363636363636364,0.298701298701299,30987,3384,0.74868685632685,0.905882352941176,0.658119658119658,44,32.477,12.8226672764414,8.50045157387464,8.53409631919348,684.545454545455,642.454545454546,0.275,44,31031,0,0,0,0,1
65535,31031,0.909090909090909,0.227272727272727,0.727272727272727,0.136363636363636,0.0909090909090909,0.0454545454545455,0.681818181818182,3.36363636363636,0,0.454545454545455,0.0909090909090909,0,3.77272727272727,0.818181818181818,0.0909090909090909,0.636363636363636,0.136363636363636,0.0909090909090909,0.772727272727273,0,0.727272727272727,0.5,1.77272727272727,0.5,0.545454545454545,1.77272727272727,0.272727272727273,11.3636363636364,0.272727272727273,0.136363636363636,31031,967,0.506660386379816,0.88,0.733333333333333,44,14.514,5.90316884956451,5.08939179355422,-4.67894751099628,30416,644.227272727273,44,88,30987,31383,0,0,0,0
65535,31075,0.439024390243902,0.195121951219512,0.560975609756098,0.536585365853659,0.0487804878048781,0.219512195121951,1.31707317073171,1.80487804878049,0.024390243902439,1.31707317073171,0.0487804878048781,0.121951219512195,0.853658536585366,0.585365853658537,0.0975609756097561,0.390243902439024,0.0975609756097561,0.195121951219512,1.60975609756098,0.0487804878048781,1.1219512195122,0.195121951219512,0.48780487804878,0.24390243902439,0.317073170731707,1.65853658536585,0.24390243902439,7.95121951219512,0.48780487804878,0.0731707317073171,31075,1802,0.658406128062887,0.911111111111111,0.732142857142857,44,21.337,8.59356445562144,6.46805674199544,-45.8348299946124,91.9024390243902,28394,0,0,0,0,0,0,0,0
65535,31119,0.322222222222222,0.144444444444444,0.666666666666667,0.233333333333333,0.1,0.0444444444444444,1.94444444444444,3.16666666666667,0.0444444444444444,1.03333333333333,0.122222222222222,0.0222222222222222,2.32222222222222,0.588888888888889,0.1,0.766666666666667,0.166666666666667,0.111111111111111,0.866666666666667,0.0111111111111111,1.28888888888889,0.511111111111111,1.45555555555556,0.522222222222222,0.855555555555556,1.87777777777778,0.3,15.8333333333333,0.411111111111111,0.1,31119,3956,0.523761439704045,0.825688073394495,0.532544378698225,44,39.54,12.2974247659435,10.4757455754007,41.0632321760262,598.922222222222,645.488888888889,0.0434782608695652,44,30416,0,0,0,0,1
65535,31163,0.0476190476190476,0.19047619047619,1.0952380952381,0.0952380952380952,0,0.0952380952380952,1.85714285714286,3.61904761904762,0.0952380952380952,1.71428571428571,0.142857142857143,0.0476190476190476,1.33333333333333,0.80952380952381,0.285714285714286,0.904761904761905,0.0476190476190476,0,0.857142857142857,0.0952380952380952,1.04761904761905,0.523809523809524,1.47619047619048,0.333333333333333,0.333333333333333,2.23809523809524,0.238095238095238,14.4761904761905,0.285714285714286,0.19047619047619,31163,923,0.760170580526708,44,0.875,44,14.117,6.60395291433389,4.29074371667924,15.1282185817646,1019.80952380952,645.666666666667,0.0625,44,31603,0,0,0,0,1
65535,31207,0.379310344827586,0.103448275862069,0.551724137931034,0.0689655172413793,0.172413793103448,0.0344827586206897,1.44827586206897,2.37931034482759,0.0344827586206897,1.13793103448276,0.0689655172413793,0.172413793103448,2.41379310344828,0.517241379310345,0.137931034482759,0.413793103448276,0,0.137931034482759,2.10344827586207,0.0344827586206897,1.62068965517241,0.586206896551724,3.89655172413793,0.275862068965517,0.758620689655172,1.75862068965517,0.344827586206897,10.4137931034483,0.413793103448276,0.241379310344828,31207,1275,0.788370699892424,0.935483870967742,0.725,44,17.144,7.89842138526952,4.85911268497072,8.35500756476806,202.448275862069,645.931034482759,0,0,0,0,0,0,0,1
65535,31251,0.5,0.363636363636364,0.545454545454545,0.272727272727273,0.0909090909090909,0.0909090909090909,NaN,1.72727272727273,0.0454545454545455,0.954545454545455,0.136363636363636,0.0909090909090909,1.13636363636364,0.363636363636364,0.136363636363636,0.409090909090909,0.0454545454545455,0.0909090909090909,1.13636363636364,0,0.727272727272727,0.227272727272727,0.454545454545455,0.772727272727273,0.545454545454545,1.54545454545455,0.181818181818182,8.63636363636364,0.409090909090909,0.181818181818182,31251,967,0.66845254675853,0.956521739130435,0.733333333333333,44,14.051,6.25404520317963,4.65147609811679,10.8805797800259,508.636363636364,646.318181818182,0,0,0,0,0,0,0,0
65535,31295,0.322033898305085,0.135593220338983,0.88135593220339,1.06779661016949,0.135593220338983,0.0338983050847458,2.54237288135593,1.55932203389831,0.0338983050847458,1.22033898305085,0.169491525423729,0.0677966101694915,1.77966101694915,0.525423728813559,0.152542372881356,0.406779661016949,0.11864406779661,0.220338983050847,1.93220338983051,0.0508474576271186,1.28813559322034,0.745762711864407,0.677966101694915,0.576271186440678,0.593220338983051,2.10169491525424,0.440677966101695,9.40677966101695,0.23728813559322,0.220338983050847,31295,2593,0.852599840509377,0.921875,0.670454545454545,44,28.259,12.4480642027562,6.50491472266128,19.9689419973529,1259.61016949153,647.203389830509,0,0,0,0,0,0,0,1
65535,31339,0.583333333333333,0.208333333333333,0.291666666666667,0.291666666666667,0.0833333333333333,0.0833333333333333,1.33333333333333,1.625,0.0833333333333333,0.583333333333333,0.125,0,1.08333333333333,1.20833333333333,0,0.791666666666667,0.0833333333333333,0.0416666666666667,0.458333333333333,0,0.708333333333333,0.5,0.333333333333333,0.666666666666667,0.5,1.25,0.416666666666667,8.375,0.5,0.125,31339,1055,0.764107520291618,0.96,0.685714285714286,44,15.639,7.04598596250005,4.54528738055228,14.8179576241656,192.375,647.416666666667,0,0,0,0,0,0,0,1
65535,31383,0.321428571428571,0.178571428571429,0.857142857142857,0.107142857142857,0.107142857142857,0.142857142857143,0.821428571428571,3.96428571428571,0.25,0.857142857142857,0.0357142857142857,0.0714285714285714,1.25,0.535714285714286,0.0357142857142857,0.857142857142857,0.0714285714285714,0.0357142857142857,NaN,0.0357142857142857,0.392857142857143,0.464285714285714,2.35714285714286,0.607142857142857,0.607142857142857,NaN,0.0714285714285714,14.6428571428571,0.464285714285714,0.214285714285714,31383,1231,0.653196155437713,0.96551724137931,0.8,44,16.656,7.02874634235925,5.32208756140239,-1.16525943398947,695.321428571429,648.25,0.526315789473684,44,31031,0,0,0,0,0
65535,31427,0.974358974358974,0.0769230769230769,0.435897435897436,0.230769230769231,0.230769230769231,0.0256410256410256,0.897435897435897,2.79487179487179,0.0769230769230769,0.615384615384615,0.153846153846154,0.0256410256410256,2.38461538461538,0.41025641025641,0.0256410256410256,0.282051282051282,0.179487179487179,0.0512820512820513,1.07692307692308,0.0256410256410256,0.512820512820513,0.333333333333333,1.58974358974359,0.769230769230769,NaN,1.33333333333333,0.128205128205128,8.84615384615385,0.153846153846154,0.0512820512820513,31427,1714,0.697051530464213,0.928571428571429,0.696428571428571,44,20.328,8.46154931645933,6.0671088441365,48.9278403013523,947.153846153846,647.666666666667,0.04,44,30812,0,0,0,0,0
65535,31471,0.44578313253012,0.0602409638554217,1.18072289156627,1.01204819277108,0.192771084337349,0.168674698795181,3.01204819277108,3.19277108433735,0.0843373493975904,0.759036144578313,0.192771084337349,0.0481927710843374,2.40963855421687,0.566265060240964,1.32530120481928,1.04819277108434,0.156626506024096,0.0963855421686747,1.39759036144578,0.0120481927710843,1.10843373493976,0.771084337349398,2.10843373493976,0.686746987951807,0.421686746987952,2.50602409638554,0.313253012048193,26.7951807228916,0.337349397590361,0.385542168674699,31471,3648,0.921370071941864,0.805825242718447,0.546052631578947,44,45.602,17.5323341329218,6.81458148377346,-6.79190094736342,1062.06024096386,647.807228915663,0.276595744680851,88,30899,31647,0,0,0,1
65535,31515,0.366666666666667,0.2,1.3,0.2,0.0333333333333333,0.2,1.23333333333333,4.23333333333333,0.0666666666666667,0.6,0.0666666666666667,0.133333333333333,1.46666666666667,0.4,0.1,0.4,0.1,0,0.9,0,0.433333333333333,0.566666666666667,1.03333333333333,0.5,0.433333333333333,1.6,0.4,18.6,0.466666666666667,0.166666666666667,31515,1319,0.611923616634656,0.967741935483871,0.833333333333333,44,16.656,7.04173045077449,5.56942337258354,42.3630520213242,27.6666666666667,650.466666666667,0,0,0,0,0,0,0,1
65535,31559,0.653846153846154,0.217948717948718,0.564102564102564,0.423076923076923,0.128205128205128,0.0384615384615385,1.65384615384615,2.85897435897436,0.0384615384615385,1.16666666666667,0.0128205128205128,0.0384615384615385,2.14102564102564,0.474358974358974,0.0384615384615385,0.807692307692308,0.166666666666667,0.128205128205128,1.08974358974359,0.0128205128205128,1.06410256410256,0.448717948717949,2.21794871794872,0.871794871794872,0.692307692307692,1.57692307692308,0.166666666666667,13.8589743589744,0.320512820512821,0.320512820512821,31559,3428,0.832810858187897,0.975,0.75,44,31.253,13.621127262533,7.54007922992025,22.8618366359792,424.551282051282,652.269230769231,0.315789473684211,44,31954,0,0,0,0,1
65535,31603,0.166666666666667,0.208333333333333,0.625,0.208333333333333,0.0833333333333333,0.0416666666666667,1.16666666666667,1.66666666666667,0.0416666666666667,1.125,0.125,0,0.958333333333333,0.625,0.125,0.5,0,0.333333333333333,1.54166666666667,0.0833333333333333,1.08333333333333,0.333333333333333,0.708333333333333,0.541666666666667,0.708333333333333,2.16666666666667,0.25,9.75,0.25,0.125,31603,1055,0.574717566567462,44,0.8,44,14.142,6.18979878767913,5.06543316906542,19.6048839962283,1014.33333333333,651.875,0.0555555555555556,44,31163,0,0,0,0,1
65535,31647,1.42307692307692,0.153846153846154,1.07692307692308,0.307692307692308,0.153846153846154,0,2.26923076923077,NaN,0,0.769230769230769,0.115384615384615,0.115384615384615,3.15384615384615,0.730769230769231,NaN,0.730769230769231,0.192307692307692,0.0769230769230769,1.96153846153846,0,1.42307692307692,0.5,1.03846153846154,0.538461538461538,0.769230769230769,1.57692307692308,0.384615384615385,16.5,0.192307692307692,0.192307692307692,31647,1143,0.901815679534655,0.962962962962963,0.65,44,17.508,8.97490718137886,3.87824505097057,28.5913405060508,1056.57692307692,653.115384615385,0.454545454545455,44,31471,0,0,0,0,0
65535,31691,0.391304347826087,0.173913043478261,0.565217391304348,0.521739130434783,0,0,1.39130434782609,1.78260869565217,0,0.434782608695652,0.130434782608696,0.0434782608695652,1.30434782608696,0.521739130434783,0.391304347826087,0.434782608695652,0.217391304347826,0.0869565217391304,0.695652173913043,0,0.739130434782609,0.260869565217391,0.565217391304348,0.434782608695652,0.260869565217391,1.60869565217391,0.0869565217391304,5.78260869565217,0.304347826086957,0.434782608695652,31691,1011,0.533292767535904,44,0.766666666666667,44,14.142,5.98554840210456,5.0633594146306,30.0431770042325,916.782608695652,656.130434782609,0,0,0,0,0,0,0,1
65535,31735,0.333333333333333,0.0952380952380952,0.80952380952381,1.38095238095238,0.0952380952380952,0,2.23809523809524,2.76190476190476,0.0476190476190476,0.523809523809524,0.238095238095238,0.0952380952380952,1.47619047619048,0.476190476190476,0.0476190476190476,0.952380952380952,0.142857142857143,0.0952380952380952,0.714285714285714,0,0.523809523809524,0.523809523809524,1.57142857142857,0.333333333333333,0.19047619047619,2.80952380952381,0.0476190476190476,22.7142857142857,0.285714285714286,0.19047619047619,31735,923,0.869506658643153,0.875,0.6,44,15.366,7.64039136924001,3.77375141870715,60.9827209626225,777.142857142857,658.190476190476,0.388888888888889,44,32086,0,0,0,0,1
65535,31779,0.380952380952381,0.142857142857143,0.571428571428571,0.571428571428571,0.0952380952380952,0.0476190476190476,0.714285714285714,1.95238095238095,0.0952380952380952,0.714285714285714,0.0952380952380952,0,1.57142857142857,0.285714285714286,0,0.714285714285714,0.19047619047619,0.0952380952380952,1.14285714285714,0.0476190476190476,1.0952380952381,0.19047619047619,1.71428571428571,0.19047619047619,0.523809523809524,1.9047619047619,0.19047619047619,9.33333333333333,0.333333333333333,0.0476190476190476,31779,923,0.711735850508167,0.91304347826087,0.7,44,14.605,6.46322163342528,4.54007198682666,7.75679707520627,702.142857142857,658.238095238095,0.0588235294117647,44,32218,0,0,0,0,1
65535,31822,1.45454545454545,0.0909090909090909,0.454545454545455,0.318181818181818,0.227272727272727,0,2.86363636363636,3.13636363636364,0.0454545454545455,0.909090909090909,0.0909090909090909,0,3.13636363636364,0.863636363636364,0.0454545454545455,1.04545454545455,0.0454545454545455,0.136363636363636,NaN,0,1.54545454545455,0.772727272727273,0.818181818181818,0.363636363636364,0.636363636363636,NaN,0.318181818181818,10.0454545454545,0.363636363636364,0.181818181818182,31822,967,0.419131203196807,44,0.88,44,13.381,5.62266174234859,5.1049589675732,45.0000000000001,1372.90909090909,658.090909090909,0.3125,44,32438,0,0,0,0,0
65535,31866,0.333333333333333,0.133333333333333,0.6,0.6,0,0.0666666666666667,1.36666666666667,1.56666666666667,0.2,0.666666666666667,0.0666666666666667,0.0666666666666667,1.43333333333333,0.633333333333333,0.0333333333333333,0.5,0.166666666666667,0.133333333333333,1.73333333333333,0.0333333333333333,0.766666666666667,0.7,0.666666666666667,0.233333333333333,0.8,1.63333333333333,0.1,8.43333333333333,0.3,0.333333333333333,31866,1319,0.668378507153111,0.967741935483871,0.714285714285714,44,17.417,7.34608728157145,5.46417641312543,-45.2746394967245,635.266666666667,661.3,0,0,0,0,0,0,0,1
65535,31910,NaN,0.2,0.371428571428571,0.342857142857143,0,0.114285714285714,0.885714285714286,2.6,0.0857142857142857,1.45714285714286,0.142857142857143,0.0571428571428571,1.08571428571429,0.714285714285714,0.114285714285714,0.285714285714286,0.0571428571428571,0.142857142857143,1.14285714285714,0.0285714285714286,1.05714285714286,0.428571428571429,0.485714285714286,0.571428571428571,1.57142857142857,1.62857142857143,0.142857142857143,10.8285714285714,0.457142857142857,0.142857142857143,31910,1538,0.684890616660635,0.972222222222222,0.833333333333333,44,18.434,7.92533874837526,5.77476556131308,24.9996513513484,265.028571428571,661.685714285714,0,0,0,0,0,0,0,0
65535,31954,0.171428571428571,0.114285714285714,0.642857142857143,0.671428571428571,0.114285714285714,0.0714285714285714,1.67142857142857,2.38571428571429,0.1,0.4,0.0857142857142857,0.0142857142857143,1.2,0.457142857142857,0.0714285714285714,0.842857142857143,0.0571428571428571,0.0571428571428571,0.742857142857143,0.0285714285714286,0.671428571428571,0.414285714285714,2.47142857142857,0.528571428571429,0.328571428571429,1.64285714285714,0.242857142857143,16.5428571428571,0.2,0.185714285714286,31954,3077,0.730690133510176,0.933333333333333,0.729166666666667,44,30.608,11.8053033726381,8.05958988725404,86.6837136514716,420.528571428571,661.4,0.666666666666667,88,31559,32394,0,0,0,1
65535,31998,0.756756756756757,0.162162162162162,0.432432432432432,0.27027027027027,0.108108108108108,0,0.837837837837838,3.18918918918919,0,0.756756756756757,0.0810810810810811,0.027027027027027,4.86486486486486,0.324324324324324,0.027027027027027,0.513513513513513,0.189189189189189,0.189189189189189,1.05405405405405,0,0.783783783783784,0.459459459459459,0.621621621621622,0.567567567567568,0.621621621621622,0.837837837837838,0.0540540540540541,8.91891891891892,0.297297297297297,0.0810810810810811,31998,1626,0.21946033453204,0.902439024390244,0.578125,44,20.808,7.19362500521059,7.01825466614161,-55.15223685498,1116.37837837838,661.378378378378,0.423076923076923,44,32130,0,0,0,0,1
65535,32042,0.654761904761905,0.119047619047619,0.523809523809524,0.333333333333333,0.0357142857142857,0.0833333333333333,1.44047619047619,3.11904761904762,0.0595238095238095,0.702380952380952,0.119047619047619,0.0357142857142857,1.85714285714286,0.535714285714286,0.0714285714285714,0.773809523809524,0.154761904761905,0.0833333333333333,0.904761904761905,0.0238095238095238,NaN,0.44047619047619,0.535714285714286,0.702380952380952,0.80952380952381,1.38095238095238,0.226190476190476,10.4047619047619,0.345238095238095,0.178571428571429,32042,3692,0.845529056157385,0.96551724137931,0.717948717948718,44,32.196,14.3446800243529,7.65904654648327,-24.2803372239033,953.72619047619,661.369047619048,0,0,0,0,0,0,0,0
65535,32086,0.173913043478261,0.173913043478261,1.69565217391304,1.30434782608696,0.130434782608696,0.0869565217391304,1.91304347826087,2.30434782608696,0.0869565217391304,0.739130434782609,0.0869565217391304,0,1.26086956521739,0.304347826086957,0.0434782608695652,0.434782608695652,0.0869565217391304,0,1.78260869565217,0,0.565217391304348,0.565217391304348,1.56521739130435,0.869565217391304,0.217391304347826,1.82608695652174,0.434782608695652,16.3478260869565,0.260869565217391,0.0434782608695652,32086,1011,0.849833171757107,0.958333333333333,0.657142857142857,44,15.639,7.69593907410614,4.05615839785512,30.212985186009,773.434782608696,664.173913043478,0.421052631578947,44,31735,0,0,0,0,1
65535,32130,1.35714285714286,0.0714285714285714,0.321428571428571,0.178571428571429,0.178571428571429,0.0714285714285714,NaN,2.42857142857143,0.107142857142857,0.892857142857143,0.178571428571429,0,4.35714285714286,0.714285714285714,0.0714285714285714,0.535714285714286,0.107142857142857,0,1.28571428571429,0.0357142857142857,NaN,0.178571428571429,0.571428571428571,0.464285714285714,0.571428571428571,1.5,0.107142857142857,7.71428571428571,0.285714285714286,0.0714285714285714,32130,1231,0.832583219973292,0.848484848484849,0.7,44,20.113,8.47723288471174,4.69553907919126,13.07782630565,1122.03571428571,664.214285714286,44,88,31998,32350,0,0,0,0
65535,32174,0.666666666666667,0.25,0.625,0.145833333333333,0.104166666666667,0.0625,2.10416666666667,2.39583333333333,0.0625,NaN,0.0416666666666667,0.104166666666667,1.10416666666667,0.270833333333333,0.145833333333333,0.479166666666667,0.104166666666667,0.0625,1.10416666666667,0.0208333333333333,0.75,0.520833333333333,2.70833333333333,0.458333333333333,0.5625,1.8125,0.1875,9.875,0.25,0.25,32174,2110,0.406946230194498,0.979591836734694,0.857142857142857,44,21.891,8.29486958860854,7.576966166333,6.48029580982448,24.4791666666667,665.166666666667,0,0,0,0,0,0,0,0
65535,32218,0.571428571428571,0.142857142857143,0.619047619047619,0.0476190476190476,0.0952380952380952,0.0952380952380952,0.857142857142857,3.23809523809524,0.0476190476190476,0.619047619047619,0,0.0952380952380952,1.52380952380952,1.04761904761905,0.238095238095238,0.714285714285714,0.0952380952380952,0.0476190476190476,0.714285714285714,0,0.476190476190476,0.380952380952381,1.76190476190476,0.428571428571429,0.285714285714286,1.95238095238095,0.285714285714286,9.85714285714286,0.19047619047619,0.0476190476190476,32218,923,0.626112150467208,0.91304347826087,0.7,44,14.142,5.99995919377739,4.678366273412,17.5804813069995,697.238095238095,664.666666666667,0.0625,44,31779,0,0,0,0,1
65535,32262,0.366666666666667,0.0333333333333333,0.866666666666667,0.966666666666667,0.166666666666667,0.0333333333333333,1.36666666666667,1.73333333333333,0.0666666666666667,0.633333333333333,0.0333333333333333,0.1,1.03333333333333,0.466666666666667,0.0333333333333333,0.7,0.166666666666667,0.133333333333333,0.833333333333333,0,0.933333333333333,0.333333333333333,0.966666666666667,0.566666666666667,0.4,1.86666666666667,0.166666666666667,12.4333333333333,0.4,0.166666666666667,32262,1319,0.545771470816419,0.909090909090909,0.612244897959184,44,18.269,7.06571108195034,5.92060002737746,-49.5397275831961,71.0333333333333,666.233333333333,0,0,0,0,0,0,0,1
65535,32306,0.826086956521739,0.130434782608696,0.521739130434783,0.0869565217391304,0.260869565217391,0.130434782608696,3.17391304347826,2.34782608695652,0.0869565217391304,0.695652173913043,0.0869565217391304,0.0869565217391304,2.04347826086957,0.521739130434783,0.0434782608695652,0.695652173913043,0.173913043478261,0.0869565217391304,1.04347826086957,0,0.521739130434783,0.391304347826087,0.91304347826087,0.347826086956522,0.608695652173913,1.82608695652174,0.173913043478261,12.695652173913,0.260869565217391,0.173913043478261,32306,1011,0.684778468134156,0.958333333333333,0.657142857142857,44,14.903,6.52641366564889,4.75613240882634,-0.954576216498186,101.826086956522,666.869565217391,0,0,0,0,0,0,0,1
65535,32350,1.44,0.04,0.32,0.04,0.04,0,1.28,2.12,0.16,1.04,0,0.08,2.2,0.28,0,0.4,0.2,0.08,0.8,0.04,0.76,0.4,0.52,0.56,0.52,1.16,0.16,7.76,0.44,0.16,32350,1099,0.84156065433341,0.862068965517241,0.555555555555556,44,18.178,8.08467809211791,4.36704096769144,-1.42645565539318,1125.8,667.36,0.666666666666667,44,32130,0,0,0,0,1
65535,32394,0.333333333333333,0.125,0.708333333333333,1.5,0.0416666666666667,0,2.625,3.54166666666667,0.333333333333333,0.458333333333333,0.0416666666666667,0.208333333333333,2.125,0.666666666666667,0.666666666666667,1.70833333333333,0.0833333333333333,0.0416666666666667,1.08333333333333,0,0.625,0.625,2.95833333333333,0.333333333333333,0.166666666666667,1.375,0.333333333333333,20.5833333333333,0.125,0.166666666666667,32394,1055,0.412946354092181,0.96,0.666666666666667,44,14.994,6,5.464532103585,42.2736890060936,423.583333333333,668.041666666667,0.631578947368421,44,31954,0,0,0,0,1
65535,32438,0.58695652173913,0.282608695652174,0.260869565217391,0.239130434782609,0.108695652173913,0.0434782608695652,1.67391304347826,2.95652173913043,0.0652173913043478,0.565217391304348,0.0217391304347826,0.0652173913043478,4.43478260869565,0.347826086956522,0.108695652173913,0.565217391304348,0.0869565217391304,0.0434782608695652,0.91304347826087,0.0217391304347826,0.760869565217391,0.173913043478261,1.41304347826087,0.478260869565217,0.826086956521739,1.26086956521739,0.173913043478261,11.7826086956522,0.217391304347826,0.152173913043478,32438,2022,0.74252144337463,0.836363636363636,0.657142857142857,44,25.654,10.0250521824925,6.71500345475775,83.0918649902062,1373.32608695652,666.934782608696,0.133333333333333,44,31822,0,0,0,0,1
65535,32482,0.109090909090909,0.0727272727272727,0.618181818181818,NaN,0.254545454545455,0.0545454545454545,1.83636363636364,1.69090909090909,0.145454545454545,0.745454545454545,0.0909090909090909,0.0545454545454545,0.727272727272727,0.472727272727273,0.218181818181818,0.345454545454545,0.0545454545454545,0.0909090909090909,1.05454545454545,0.0181818181818182,0.890909090909091,0.545454545454545,1.6,0.345454545454545,0.145454545454545,1.63636363636364,0.0909090909090909,9.67272727272727,0.254545454545455,0.2,32482,2417,0.809282642650729,0.916666666666667,0.714285714285714,44,26.208,11.2491668544213,6.60797934976341,86.5545064929692,293.909090909091,669.581818181818,0,0,0,0,0,0,0,0
65535,32526,0.9,0.2,0.8,0.05,0.4,0.05,1.4,1.55,0,1.55,0.05,0.05,3.15,0.35,0.25,0.5,0,0.2,1.2,0.05,1.8,0.55,0.25,0.6,0.4,1.75,0.15,7.05,0.3,0.05,32526,879,0.801994132577141,0.952380952380952,0.714285714285714,44,14.324,6.70657894287662,4.00605361292515,20.7904540116552,54151,669.45,0,0,0,0,0,0,0,0
65535,32570,0.142857142857143,0.19047619047619,1.0952380952381,1.04761904761905,0.142857142857143,0.142857142857143,3.23809523809524,2.47619047619048,0.0476190476190476,0.571428571428571,0.142857142857143,0.0476190476190476,1.19047619047619,0.80952380952381,0.0952380952380952,0.857142857142857,0.0476190476190476,0.0476190476190476,0.904761904761905,0,0.857142857142857,0.19047619047619,2.80952380952381,0.476190476190476,0.19047619047619,2.47619047619048,0.238095238095238,NaN,0.333333333333333,0.380952380952381,32570,923,0.589694245651121,0.91304347826087,0.7,44,14.324,5.92272875981952,4.78335318694702,1.02270424444362,174.285714285714,670.714285714286,0,0,0,0,0,0,0,0
65535,32614,0.52,0.44,0.52,0.32,0.08,0.08,0.8,1.64,0.08,1.04,0.12,0.12,1.84,0.52,0.04,0.24,0.08,0.2,0.84,0.04,1.32,0.32,0.44,0.36,0.68,1.36,0.12,6.44,0.32,0.04,32614,1099,0.801340448028819,0.961538461538462,0.714285714285714,44,15.92,7.5133135316065,4.49452850057103,-29.1988997411001,1360.88,670.04,0,0,0,0,0,0,0,1
65535,32658,0.55,0.2,0.7,0.35,0.1,0,0.65,2.65,0.15,0.95,0.05,0.05,1.25,0.3,0,0.55,0,0.05,1.3,0,0.65,0.15,0.6,0.7,0.2,1.7,0.2,9.15,0.6,0.3,32658,879,0.717137165600636,44,0.833333333333333,44,12.736,6.11010092660779,4.25832517937902,0,1109.5,672.5,0,0,0,0,0,0,0,1
65535,32702,0.5,0.148148148148148,0.296296296296296,0.388888888888889,0.037037037037037,0.0740740740740741,1.01851851851852,3.62962962962963,0.037037037037037,0.944444444444444,0.0555555555555556,0.037037037037037,1.48148148148148,0.481481481481481,1.57407407407407,0.962962962962963,0.148148148148148,0.185185185185185,2.16666666666667,0,1.07407407407407,0.425925925925926,0.611111111111111,0.611111111111111,0.611111111111111,1.7962962962963,0.222222222222222,11.3333333333333,0.333333333333333,0.0925925925925926,32702,2374,0.883670916145349,0.915254237288136,0.75,44,26.117,12.3468449823357,5.77966498594846,-3.18628219069672,388.796296296296,673.481481481482,0,0,0,0,0,0,0,1
65535,32746,0.793103448275862,0.379310344827586,0.551724137931034,0.413793103448276,0,0.103448275862069,1.44827586206897,0.96551724137931,0.172413793103448,1.06896551724138,0.0689655172413793,0.103448275862069,0.862068965517241,0.655172413793103,0.172413793103448,0.586206896551724,0.275862068965517,0.241379310344828,1.89655172413793,0.0344827586206897,NaN,0.482758620689655,0.620689655172414,0.310344827586207,0.517241379310345,1.31034482758621,0.275862068965517,9.06896551724138,0.206896551724138,0.206896551724138,32746,1275,0.816846840506581,0.935483870967742,0.69047619047619,44,17.417,8.13690024626684,4.69380840460069,61.1674681174788,1072.8275862069,677.034482758621,0,0,0,0,0,0,0,0
65535,32789,0.336787564766839,0.196891191709845,0.818652849740933,1.32642487046632,0.155440414507772,0.0673575129533679,1.83937823834197,2.01036269430052,0.145077720207254,1.07772020725389,0.119170984455959,0.0518134715025907,1.48704663212435,0.528497409326425,0.352331606217617,0.642487046632124,0.134715025906736,0.077720207253886,1.17616580310881,0.0414507772020725,1.15025906735751,0.652849740932642,1.07253886010363,0.595854922279793,0.393782383419689,2.28497409326425,0.217616580310881,13.880829015544,0.373056994818653,0.253886010362694,32789,8483,0.567360496382215,0.865470852017937,0.574404761904762,44,57.437,18.190181109792,14.9790598924806,16.9889718299855,1335.91191709845,677.528497409326,0,0,0,0,0,0,0,1
65535,32833,0.682926829268293,0.170731707317073,0.48780487804878,0.268292682926829,0.0731707317073171,0.0975609756097561,1.24390243902439,2.75609756097561,0.0487804878048781,0.75609756097561,0.0731707317073171,0.024390243902439,2.02439024390244,0.682926829268293,0.341463414634146,0.75609756097561,0.0487804878048781,0.121951219512195,1.17073170731707,0,1.31707317073171,0.341463414634146,0.414634146341463,0.341463414634146,0.51219512195122,1.36585365853659,0.121951219512195,12.9756097560976,0.170731707317073,0.146341463414634,32833,1802,0.54531372847906,44,0.836734693877551,44,19.468,7.93674176968731,6.6528311718866,1978,38591,29757,0,0,0,0,0,0,0,0
65535,32877,0.260869565217391,0.108695652173913,0.91304347826087,1.15217391304348,0.217391304347826,0.0217391304347826,NaN,1.54347826086957,0.0434782608695652,0.565217391304348,0.217391304347826,0.0652173913043478,1.23913043478261,0.58695652173913,0.0652173913043478,0.478260869565217,0.0434782608695652,0.152173913043478,1.23913043478261,0,0.652173913043478,0.391304347826087,1.26086956521739,0.391304347826087,0.195652173913043,2.15217391304348,0.173913043478261,14.9130434782609,0.260869565217391,0.152173913043478,32877,2022,0.866471189208984,0.938775510204082,0.575,44,24.364,11.0664397507675,5.52466641236379,36.3696491039636,1216.4347826087,680.260869565217,0.67741935483871,44,33229,0,0,0,0,0
65535,32921,0.378378378378378,0.27027027027027,0.918918918918919,1.2972972972973,0.0540540540540541,0.0540540540540541,2.59459459459459,2.43243243243243,0.108108108108108,1.35135135135135,0.135135135135135,0.0540540540540541,1.13513513513514,0.351351351351351,0.0540540540540541,0.432432432432432,0.027027027027027,0.0810810810810811,1.02702702702703,0,1.18918918918919,0.783783783783784,0.972972972972973,0.567567567567568,0.27027027027027,2.18918918918919,0.135135135135135,9.37837837837838,0.378378378378378,0.108108108108108,32921,1626,0.525530909039331,0.973684210526316,0.880952380952381,44,19.079,7.5601556127543,6.43198767265158,11.7831115873898,157.108108108108,682.324324324324,0,0,0,0,0,0,0,1
65535,32965,0.789473684210526,0.157894736842105,0.763157894736842,0.315789473684211,0.157894736842105,0.105263157894737,1.26315789473684,3.07894736842105,0.0263157894736842,0.552631578947368,0.0526315789473684,0.0526315789473684,3.47368421052632,0.473684210526316,0.0526315789473684,0.526315789473684,0.0789473684210526,0.0789473684210526,1.31578947368421,0,0.5,0.5,1.26315789473684,0.447368421052632,1.02631578947368,1.28947368421053,0.157894736842105,19.4473684210526,0.236842105263158,0.263157894736842,32965,1670,0.686915661999323,0.974358974358974,0.678571428571429,44,19.584,8.27580318728245,6.01433355458667,35.6924479494807,1007.26315789474,683.236842105263,0,0,0,0,0,0,0,1
65535,33009,0.862068965517241,0.275862068965517,0.655172413793103,0.0689655172413793,0.103448275862069,0.0689655172413793,0.931034482758621,1.75862068965517,0.0689655172413793,1.3448275862069,0.0689655172413793,0.172413793103448,1.55172413793103,0.275862068965517,0.379310344827586,0.413793103448276,0.137931034482759,0.172413793103448,2.27586206896552,0.0689655172413793,0.931034482758621,0.379310344827586,0.827586206896552,0.551724137931034,0.206896551724138,1.89655172413793,0.344827586206897,7.79310344827586,0.586206896551724,0.344827586206897,33009,1275,0.51619931022351,0.935483870967742,0.69047619047619,44,16.863,6.75857301090544,5.78850481237424,32.5186050845965,47910,682.896551724138,0,0,0,0,0,0,0,0
65535,33053,0.636363636363636,0.0454545454545455,0.5,0.590909090909091,0.0909090909090909,0.136363636363636,1.13636363636364,2.45454545454545,0.136363636363636,0.681818181818182,0.136363636363636,0.0909090909090909,0.681818181818182,0.5,0.181818181818182,0.545454545454545,0.0454545454545455,0.136363636363636,1.81818181818182,0.0909090909090909,0.863636363636364,0.863636363636364,0.318181818181818,0.636363636363636,0.545454545454545,1.27272727272727,0.454545454545455,9.13636363636364,0.0909090909090909,0.0454545454545455,33053,967,0.829621389804372,44,0.785714285714286,44,14.787,7.23085283571335,4.03717590734212,13.6120677135201,121.409090909091,684.590909090909,0,0,0,0,0,0,0,1
65535,33097,0.129310344827586,0.181034482758621,1.0948275862069,1.33620689655172,0.120689655172414,0.0775862068965517,2.67241379310345,2.8448275862069,0.0862068965517241,0.844827586206897,0.120689655172414,0.0517241379310345,1.04310344827586,0.508620689655172,0.00862068965517241,0.862068965517241,0.0775862068965517,0.0517241379310345,0.646551724137931,0.0172413793103448,0.818965517241379,0.448275862068966,2.74137931034483,0.577586206896552,0.224137931034483,2.5948275862069,0.198275862068966,23.5948275862069,0.405172413793103,0.258620689655172,33097,5099,0.667122004132819,0.89922480620155,0.743589743589744,44,39.796,14.4690715465817,10.7787127949164,-51.5364395920618,7560,683.362068965517,0.3125,44,33185,0,0,0,0,0
65535,33141,0.44,0.04,0.84,0.08,0.16,0,1.28,2.36,0.12,0.92,0.12,0.08,0.72,0.44,0.24,0.28,0.16,0,1.36,0,0.44,0.4,1.12,0.28,0.44,NaN,0.08,10.68,0.44,0.16,33141,1099,0.399712952959085,0.961538461538462,0.694444444444444,44,15.093,6.09699379475929,5.58875060575558,23.1985905136481,610.76,685.44,0,0,0,0,0,0,0,0
65535,33185,0.214285714285714,0.119047619047619,1.0952380952381,1.07142857142857,0.0952380952380952,0.119047619047619,2.61904761904762,3.5,0.0476190476190476,0.476190476190476,0.142857142857143,0,1.57142857142857,0.5,0.19047619047619,1.04761904761905,0.0476190476190476,0.119047619047619,NaN,0,0.833333333333333,0.595238095238095,3.30952380952381,0.571428571428571,0.119047619047619,2.45238095238095,0.357142857142857,21.9761904761905,0.19047619047619,0.238095238095238,33185,1846,0.722933237253168,0.84,0.583333333333333,44,25.191,9.6640592464707,6.67707144965087,35.2067492259461,181.214285714286,685.595238095238,0.586206896551724,44,33097,0,0,0,0,0
65535,33229,0.463768115942029,0.101449275362319,0.594202898550725,0.289855072463768,0.0579710144927536,0.0579710144927536,1.94202898550725,2.46376811594203,0.0579710144927536,0.985507246376812,0.101449275362319,0,1.95652173913043,0.405797101449275,0.130434782608696,0.507246376811594,0.0144927536231884,0.0289855072463768,1.05797101449275,0.0289855072463768,1.3768115942029,0.333333333333333,0.927536231884058,0.376811594202899,0.463768115942029,2.53623188405797,0.202898550724638,13.7536231884058,0.347826086956522,0.159420289855072,33229,3033,0.685379214975472,0.896103896103896,0.627272727272727,44,29.872,11.6068193639656,8.45192719945036,27.5127142097331,1218.98550724638,685.188405797102,0.552631578947368,44,32877,0,0,0,0,1
65535,33273,0.0963855421686747,0.192771084337349,1.1566265060241,1.04819277108434,0.180722891566265,0.0481927710843374,2.21686746987952,NaN,0.120481927710843,0.578313253012048,0.144578313253012,0.036144578313253,1.04819277108434,0.614457831325301,0.072289156626506,0.783132530120482,0.072289156626506,0.0843373493975904,0.987951807228916,0.0120481927710843,0.457831325301205,0.518072289156627,2.50602409638554,0.27710843373494,0.228915662650602,1.81927710843373,0.120481927710843,16.8192771084337,0.27710843373494,0.253012048192771,33273,3648,0.814549063437467,0.873684210526316,0.658730158730159,44,34.47,14.1965867647968,8.23536427885213,-7.14531720041562,957.686746987952,686.831325301205,0,0,0,0,0,0,0,0
65535,33317,0.428571428571429,0.204081632653061,0.387755102040816,0.285714285714286,0.0204081632653061,0.0408163265306122,1.36734693877551,2.97959183673469,0.0612244897959184,0.959183673469388,0.0816326530612245,0.0204081632653061,1.71428571428571,0.510204081632653,0.102040816326531,0.714285714285714,0.122448979591837,0.0612244897959184,1.42857142857143,0.0408163265306122,0.73469387755102,0.448979591836735,0.489795918367347,0.591836734693878,0.612244897959184,1.10204081632653,0.183673469387755,11.2857142857143,0.122448979591837,0.163265306122449,33317,2154,0.199762170418794,0.98,0.765625,44,22.098,8.13222401616771,7.96831427407233,-33.4007047431763,1019.42857142857,686.061224489796,0,0,0,0,0,0,0,1
65535,33361,0.363636363636364,0.181818181818182,1.18181818181818,1.27272727272727,0.136363636363636,0.0909090909090909,2.86363636363636,2.59090909090909,0,0.181818181818182,0.0454545454545455,0.0454545454545455,1.86363636363636,0.363636363636364,0.181818181818182,0.954545454545455,0,0.0454545454545455,1.04545454545455,0,0.681818181818182,0.5,2.81818181818182,0.590909090909091,0.136363636363636,2.59090909090909,0.272727272727273,23.6363636363636,0.272727272727273,0.272727272727273,33361,967,0.81442751936799,0.916666666666667,0.611111111111111,44,15.639,7.25559272314414,4.21016867136786,45.6509763362895,34372,688.636363636364,0,0,0,0,0,0,0,0
65535,33405,NaN,0.189189189189189,0.351351351351351,0.243243243243243,0.0540540540540541,0.108108108108108,1.32432432432432,2.75675675675676,0.027027027027027,1.18918918918919,0.108108108108108,0.0810810810810811,2.24324324324324,0.594594594594595,0.0540540540540541,0.594594594594595,0.189189189189189,0.162162162162162,1.59459459459459,0,1.59459459459459,0.351351351351351,0.594594594594595,0.702702702702703,1.10810810810811,2.10810810810811,0.243243243243243,11.7567567567568,0.459459459459459,0.162162162162162,33405,1626,0.900049986756971,0.840909090909091,0.560606060606061,44,23.694,10.9170722398167,4.75751455239219,-22.1812128105808,892.621621621622,688.432432432432,0,0,0,0,0,0,0,0
65535,33449,0.25531914893617,0.106382978723404,0.723404255319149,0.191489361702128,0.148936170212766,0.0638297872340425,1.46808510638298,3.61702127659574,0.0638297872340425,0.765957446808511,0.0638297872340425,0.0425531914893617,2.06382978723404,0.638297872340426,0.0638297872340425,0.808510638297872,0.170212765957447,0.0638297872340425,0.659574468085106,0,0.829787234042553,0.361702127659574,1.82978723404255,0.446808510638298,0.425531914893617,1.70212765957447,0.276595744680851,14.8936170212766,0.404255319148936,0.234042553191489,33449,2066,0.842010747380096,0.94,0.671428571428571,44,23.694,10.8062625542982,5.82955450730511,-21.7839519079177,430.553191489362,693.276595744681,0,0,0,0,0,0,0,1
65535,33493,0.666666666666667,0.222222222222222,0.361111111111111,0.166666666666667,0.166666666666667,0.0555555555555556,1.08333333333333,2.66666666666667,0.0555555555555556,0.611111111111111,0.0555555555555556,0.0555555555555556,1.22222222222222,0.166666666666667,0.222222222222222,0.527777777777778,0.166666666666667,0.111111111111111,1.11111111111111,0,0.777777777777778,0.527777777777778,0.611111111111111,0.611111111111111,0.555555555555556,1.86111111111111,0.277777777777778,10.4722222222222,0.277777777777778,0.25,33493,1582,0.909998708800825,0.923076923076923,0.5,44,22.214,10.9256151286307,4.52988111874083,36.2000443647222,1093.66666666667,691.25,0,0,0,0,0,0,0,1
65535,33537,0.1,0.166666666666667,0.966666666666667,1.9,0.3,0.133333333333333,1.9,2.2,0.0333333333333333,0.4,0.3,0.0333333333333333,1.23333333333333,0.433333333333333,0.133333333333333,0.5,0.1,0.0666666666666667,1.26666666666667,0.0333333333333333,0.866666666666667,0.733333333333333,3.16666666666667,0.4,0.266666666666667,2.1,0.166666666666667,16.9333333333333,0.233333333333333,0.266666666666667,33537,1319,0.894173950718782,0.909090909090909,0.666666666666667,44,19.104,9.55969285482102,4.28006298880644,16.3462547448764,62282,692.1,0,0,0,0,0,0,0,0
65535,33581,0.342857142857143,0.171428571428571,0.885714285714286,1.08571428571429,0.171428571428571,0.0285714285714286,1.85714285714286,1.54285714285714,0.0571428571428571,1.25714285714286,0.171428571428571,0.0571428571428571,1.34285714285714,0.4,0.0857142857142857,0.542857142857143,0.142857142857143,0.171428571428571,1.45714285714286,0.0285714285714286,0.8,0.742857142857143,2.37142857142857,0.628571428571429,0.257142857142857,1.77142857142857,0.0857142857142857,11.8857142857143,0.228571428571429,0.285714285714286,33581,1538,0.632216993140831,0.945945945945946,0.714285714285714,44,19.104,7.79050435692156,6.03601557665791,-39.0969800932374,356.085714285714,694.342857142857,0,0,0,0,0,0,0,1
65535,33625,0.909090909090909,0.0454545454545455,1.04545454545455,0.136363636363636,0,0.0909090909090909,1.59090909090909,2.72727272727273,0,0.818181818181818,0.0454545454545455,0.0454545454545455,1.54545454545455,0.636363636363636,0.0454545454545455,0.5,0.0454545454545455,0.136363636363636,1.04545454545455,0,0.636363636363636,0.5,0.727272727272727,0.363636363636364,0.681818181818182,2.22727272727273,0.0909090909090909,11.3181818181818,0.318181818181818,0,33625,967,0.786592070129511,44,0.785714285714286,44,14.324,6.83965059029319,4.22329962144638,7.20857581287259,1384.22727272727,693.590909090909,0,0,0,0,0,0,0,1
65535,33669,0.590909090909091,0.136363636363636,0.409090909090909,0.272727272727273,0,0,1.18181818181818,2.5,0.0454545454545455,0.636363636363636,0,0,2.18181818181818,0.272727272727273,0.0909090909090909,0.681818181818182,0.0909090909090909,0.0454545454545455,0.863636363636364,0,1.13636363636364,0.590909090909091,1.36363636363636,0.454545454545455,1.04545454545455,0.954545454545455,0.0454545454545455,16.5454545454545,0.181818181818182,0.136363636363636,33669,967,0.419131203196807,44,0.88,44,13.381,5.62266174234859,5.1049589675732,-45.0000000000001,402.090909090909,697.090909090909,0.6875,44,33932,0,0,0,0,1
65535,33713,0.454545454545455,0.242424242424242,0.333333333333333,0.181818181818182,0.151515151515152,0.0303030303030303,1.24242424242424,2.06060606060606,0,0.727272727272727,0.121212121212121,0.0303030303030303,1.15151515151515,0.333333333333333,0,0.606060606060606,0.272727272727273,0.151515151515152,1.27272727272727,0,0.909090909090909,0.242424242424242,0.727272727272727,0.424242424242424,1.03030303030303,1.39393939393939,0.393939393939394,7.87878787878788,0.121212121212121,0.151515151515152,33713,1450,0.831616603815363,0.868421052631579,0.6875,44,19.931,9.01628800112416,5.00719717923231,-19.3065200086922,859.151515151515,697.363636363636,0,0,0,0,0,0,0,1
65535,33756,0.227272727272727,0.181818181818182,0.727272727272727,0.863636363636364,0.227272727272727,0.0909090909090909,1.81818181818182,1.63636363636364,0.0909090909090909,1.22727272727273,0.136363636363636,0.0454545454545455,0.954545454545455,0.181818181818182,0.0909090909090909,0.409090909090909,0,0.136363636363636,1.63636363636364,0.0909090909090909,1.13636363636364,0.590909090909091,NaN,0.272727272727273,0.590909090909091,2.18181818181818,0.681818181818182,9.95454545454546,0.454545454545455,0.0454545454545455,33756,967,0.881577622627408,0.88,0.6875,44,16.474,8.08284518879182,3.81541882583805,2.91468573426871,1015.09090909091,698.272727272727,0,0,0,0,0,0,0,0
65535,33800,0.321428571428571,0.25,0.607142857142857,0.142857142857143,0.178571428571429,0.107142857142857,11.6785714285714,2.35714285714286,0.178571428571429,0.5,0.0357142857142857,0.0357142857142857,1.21428571428571,0.5,0.142857142857143,0.892857142857143,0.0357142857142857,0.107142857142857,0.678571428571429,0.0357142857142857,0.571428571428571,0.5,2.10714285714286,0.464285714285714,0.392857142857143,1.32142857142857,0.214285714285714,10.8928571428571,0.142857142857143,0.285714285714286,33800,1231,0.613148375042676,44,0.933333333333333,44,15.986,6.80642906113505,5.37685955496622,20.5045434507851,1041.5,30680,0,0,0,0,0,0,0,0
65535,33844,0.769230769230769,0.0384615384615385,0.346153846153846,0.0769230769230769,0,0.115384615384615,2.03846153846154,2.46153846153846,0.0384615384615385,0.346153846153846,0.0769230769230769,0.0384615384615385,1.23076923076923,0.346153846153846,0.0769230769230769,0.307692307692308,0.115384615384615,0.0769230769230769,1.19230769230769,0,0.807692307692308,0.5,0.538461538461538,0.269230769230769,0.576923076923077,1.69230769230769,0.307692307692308,9.03846153846154,0.192307692307692,0,33844,1143,0.88681984942656,0.928571428571429,0.722222222222222,44,17.789,8.69646880609328,4.01877133049594,-3.61199855668279,1255.57692307692,699.461538461538,0.0476190476190476,44,34064,0,0,0,0,1
65535,33888,0.256637168141593,0.141592920353982,0.575221238938053,0.964601769911504,0.132743362831858,0.0530973451327434,3.55752212389381,3.25663716814159,0.079646017699115,0.734513274336283,0.123893805309735,0.0353982300884956,1.16814159292035,0.805309734513274,0.0530973451327434,1.0353982300885,0.106194690265487,0.079646017699115,0.699115044247788,0.00884955752212389,0.823008849557522,0.557522123893805,1.84955752212389,0.539823008849557,0.212389380530973,2.06194690265487,0.36283185840708,21.7522123893805,0.460176991150442,0.221238938053097,33888,4967,0.63440779122536,0.91869918699187,0.724358974358974,44,39.308,13.968664305819,10.7977572188721,-89.8043607000448,615.230088495575,701.619469026549,0,0,0,0,0,0,0,1
65535,33932,0.4,0.15,0.275,0.2,0.05,0.05,1.75,2.05,0.075,1.225,0,0.025,1.3,0.45,0.075,0.45,0.15,0.075,0.95,0,1.225,0.325,0.7,0.3,0.5,1.475,0.225,11.875,0.275,0.075,33932,1758,0.294010903755946,0.930232558139535,0.714285714285714,44,20.51,7.45594027220641,7.12640311264787,-53.4067236753345,402.05,702.625,0.44,44,33669,0,0,0,0,1
65535,33976,0.266666666666667,0.133333333333333,0.8,0.833333333333333,0,0.166666666666667,2.06666666666667,3.5,0.233333333333333,0.666666666666667,0.2,0.0666666666666667,2.16666666666667,0.7,0.733333333333333,0.266666666666667,0.166666666666667,0.1,1.53333333333333,0.0333333333333333,0.566666666666667,0.6,2.56666666666667,0.433333333333333,0.266666666666667,3.33333333333333,0.266666666666667,18.5666666666667,0.233333333333333,0.0333333333333333,33976,1319,0.849207237307016,0.789473684210526,0.535714285714286,44,21.916,9.04641378183842,4.77704673051684,29.9488067173483,1219.23333333333,702.266666666667,0,0,0,0,0,0,0,1
65535,34020,0.551724137931034,0.137931034482759,1.58620689655172,0.275862068965517,0.0689655172413793,0.137931034482759,1.44827586206897,NaN,0.206896551724138,0.896551724137931,0.275862068965517,0.172413793103448,1.03448275862069,0.586206896551724,0.103448275862069,0.517241379310345,0.137931034482759,0.137931034482759,1.51724137931034,0,0.896551724137931,0.551724137931034,1.79310344827586,0.275862068965517,0.344827586206897,1.37931034482759,0.137931034482759,14.5862068965517,0.379310344827586,0.206896551724138,34020,1275,0.799881372670997,0.966666666666667,0.828571428571429,44,17.301,7.99692945224252,4.79942228342158,21.1243000757055,1338.06896551724,703.965517241379,0,0,0,0,0,0,0,0
65535,34064,1.28571428571429,0.0714285714285714,0.357142857142857,0.464285714285714,0.0357142857142857,0.107142857142857,1.78571428571429,2.39285714285714,0,0.892857142857143,0.142857142857143,0.0714285714285714,2.60714285714286,0.642857142857143,0.0714285714285714,0.714285714285714,0.0357142857142857,0.0357142857142857,0.535714285714286,0.0357142857142857,0.642857142857143,0.428571428571429,0.5,0.428571428571429,0.464285714285714,1.46428571428571,0.25,9.96428571428571,0.428571428571429,0.25,34064,1231,0.781487016789262,0.933333333333333,0.8,44,17.301,7.75751614612788,4.84008113769138,-3.9255698569928,1248.89285714286,704.464285714286,0.0526315789473684,44,33844,0,0,0,0,1
65535,34108,0.217391304347826,0.0869565217391304,0.347826086956522,0.347826086956522,0.0434782608695652,0.0434782608695652,1.30434782608696,1.60869565217391,0,0.347826086956522,0.130434782608696,0.0434782608695652,1.1304347826087,0.260869565217391,0,0.260869565217391,0.0434782608695652,0.0434782608695652,1.21739130434783,0,0.782608695652174,0.478260869565217,0.521739130434783,0.304347826086957,0.434782608695652,1.39130434782609,0.173913043478261,8.47826086956522,0.173913043478261,0.0434782608695652,34108,1011,0.806229367565255,0.92,0.638888888888889,44,15.366,7.28096375073684,4.30744059636416,36.8960490722458,1399.26086956522,707.130434782609,0,0,0,0,0,0,0,1
65535,34152,0.324324324324324,0.0810810810810811,0.594594594594595,0.324324324324324,0.108108108108108,0.135135135135135,1.75675675675676,2.86486486486486,0.135135135135135,1.08108108108108,0.216216216216216,0,1.51351351351351,0.567567567567568,0,0.945945945945946,0.108108108108108,0.0540540540540541,2.21621621621622,0.0540540540540541,1.2972972972973,0.837837837837838,2.02702702702703,0.540540540540541,0.513513513513513,2.08108108108108,0.0810810810810811,12.5405405405405,0.243243243243243,0.378378378378378,34152,1626,0.862107911540821,0.902439024390244,0.616666666666667,44,21.271,9.87597913027916,5.0044028277275,12.9024489779554,634.324324324324,706.540540540541,0,0,0,0,0,0,0,1
65535,34196,0.722222222222222,0.25,0.333333333333333,0.194444444444444,0.194444444444444,0.138888888888889,17.5555555555556,2.80555555555556,0.305555555555556,0.944444444444444,0.0555555555555556,0.138888888888889,1.91666666666667,1.02777777777778,0.972222222222222,0.777777777777778,0.194444444444444,0.0833333333333333,2.52777777777778,0.0277777777777778,0.861111111111111,0.222222222222222,0.666666666666667,0.472222222222222,0.916666666666667,1.25,0.333333333333333,12.9166666666667,0.305555555555556,0.25,34196,1582,0.61346536950016,44,0.857142857142857,44,18.616,7.71203191901759,6.09035835683105,-29.0140576280048,1039.02777777778,706.638888888889,0,0,0,0,0,0,0,1
65535,34240,0.289473684210526,0.131578947368421,0.842105263157895,0.789473684210526,0.263157894736842,0.0526315789473684,1.76315789473684,2.57894736842105,0.0789473684210526,0.447368421052632,0.157894736842105,0.0789473684210526,1.31578947368421,0.736842105263158,0,0.447368421052632,0.0263157894736842,0.0789473684210526,1.21052631578947,0,0.657894736842105,0.657894736842105,1.42105263157895,0.552631578947368,0.342105263157895,1.81578947368421,0.263157894736842,16.5,0.342105263157895,0.157894736842105,34240,1670,0.676167089010942,0.974358974358974,0.791666666666667,44,19.377,8.21021281738289,6.04886039259834,7.0755773130492,444.289473684211,708.631578947368,0,0,0,0,0,0,0,1
65535,34284,0.476190476190476,0.333333333333333,0.952380952380952,0.333333333333333,0,0.142857142857143,1.19047619047619,2.04761904761905,0.0476190476190476,0.666666666666667,0,0,1.14285714285714,0.619047619047619,0.0952380952380952,0.0952380952380952,0.0476190476190476,0,1.19047619047619,0,0.428571428571429,0.285714285714286,NaN,0.619047619047619,0.571428571428571,1.0952380952381,0.19047619047619,NaN,0.142857142857143,0.238095238095238,34284,923,0.573373850296747,0.954545454545455,0.7,44,13.497,5.88162056978747,4.8187756152335,10.6631092095713,1024.42857142857,714.190476190476,0,0,0,0,0,0,0,0
65535,34328,0.172413793103448,0.275862068965517,0.310344827586207,NaN,0.206896551724138,0.137931034482759,1.10344827586207,1.41379310344828,0.0689655172413793,1.27586206896552,0.172413793103448,0,0.793103448275862,0.206896551724138,0.758620689655172,0.137931034482759,0.0689655172413793,0.0344827586206897,2.17241379310345,0,0.827586206896552,0.758620689655172,0.379310344827586,0.275862068965517,0.275862068965517,1.44827586206897,0.103448275862069,7.51724137931035,0.103448275862069,0.241379310344828,34328,1275,0.567607113912866,44,0.966666666666667,44,16.631,6.82682462318925,5.62052170324205,11.1703239799971,1218.58620689655,715.068965517241,0,0,0,0,0,0,0,0
65535,34372,0.470588235294118,0.0588235294117647,0.372549019607843,0.294117647058824,0.0980392156862745,0.0392156862745098,1.19607843137255,2.29411764705882,0.0784313725490196,1.2156862745098,0.0588235294117647,0,1.07843137254902,0.431372549019608,0.0784313725490196,0.352941176470588,0.176470588235294,0.0196078431372549,1.11764705882353,0,1.58823529411765,0.352941176470588,0.627450980392157,0.529411764705882,0.490196078431373,NaN,0.313725490196078,9.29411764705882,0.294117647058824,0.235294117647059,34372,2242,0.888946007892077,0.910714285714286,0.708333333333333,44,26.481,12.1251702870408,5.55347353201036,2.47251828494832,351.745098039216,718.156862745098,0.4,44,34460,0,0,0,0,0
65535,34416,0.318181818181818,0.0909090909090909,0.272727272727273,0.0909090909090909,0.0909090909090909,0.0454545454545455,0.727272727272727,1.68181818181818,0.181818181818182,1.09090909090909,0,0.0909090909090909,0.590909090909091,0.227272727272727,0,0.318181818181818,0.136363636363636,0,1.31818181818182,0,0.727272727272727,0.5,0.5,0.772727272727273,0.545454545454545,1.63636363636364,0.636363636363636,6.90909090909091,0.272727272727273,0.0909090909090909,34416,967,0.842518064989503,44,0.785714285714286,44,14.605,7.38010512352227,3.97542712391398,12.4388952036856,1047.13636363636,718.727272727273,0,0,0,0,0,0,0,1
65535,34460,0.679245283018868,0.113207547169811,0.433962264150943,0.188679245283019,0.150943396226415,0.0377358490566038,1.20754716981132,2.50943396226415,0.0943396226415094,0.867924528301887,0.0754716981132075,0,2.75471698113208,0.60377358490566,0.113207547169811,0.566037735849057,0.0943396226415094,0,0.962264150943396,0.0754716981132075,0.830188679245283,0.39622641509434,3.0377358490566,0.69811320754717,1.18867924528302,1.07547169811321,0.0754716981132075,12.0754716981132,0.30188679245283,0.0943396226415094,34460,2330,0.668721862332586,0.791044776119403,0.602272727272727,44,30.31,10.8288834068435,8.05141187212081,22.9796939837874,358.679245283019,723.150943396226,0.294117647058824,44,34372,0,0,0,0,1
65535,34504,0.0952380952380952,0.0476190476190476,1.80952380952381,0.238095238095238,0.0476190476190476,0.19047619047619,0.904761904761905,4.76190476190476,0.0476190476190476,NaN,0.0476190476190476,0.19047619047619,1.38095238095238,0.428571428571429,0,0.523809523809524,0.19047619047619,0.19047619047619,1.38095238095238,0.0476190476190476,0.952380952380952,0.380952380952381,2.85714285714286,0.857142857142857,0.571428571428571,2.95238095238095,0.333333333333333,18.7619047619048,0.142857142857143,0.142857142857143,34504,923,0.793550329008044,44,0.875,44,13.935,6.74349044769704,4.10344510769753,15.8180179993138,1404.57142857143,726.571428571429,0.4375,44,34899,0,0,0,0,0
65535,34548,0.468085106382979,0.212765957446809,0.48936170212766,0.170212765957447,0.170212765957447,0.0638297872340425,1.53191489361702,2.85106382978723,0.0425531914893617,0.808510638297872,0.0638297872340425,0,4.04255319148936,0.468085106382979,0.297872340425532,0.617021276595745,0.127659574468085,0.127659574468085,0.914893617021277,0,1.1063829787234,0.446808510638298,2.23404255319149,0.765957446808511,0.978723404255319,1.21276595744681,0.148936170212766,11.1702127659574,0.319148936170213,0.106382978723404,34548,2066,0.826810101999437,0.886792452830189,0.5875,44,25.009,10.8161928211498,6.08390468363888,19.6111143015651,1231.1914893617,726.808510638298,0.548387096774194,44,34855,0,0,0,0,1
65535,34592,0.714285714285714,0.267857142857143,0.517857142857143,0.267857142857143,0.125,0.107142857142857,3.75,2.66071428571429,0.0714285714285714,1.07142857142857,0.0714285714285714,0.0357142857142857,2.89285714285714,1.125,0.0535714285714286,0.625,0.160714285714286,0.160714285714286,1.33928571428571,0.0535714285714286,1.14285714285714,0.517857142857143,1.83928571428571,0.535714285714286,1.05357142857143,2.67857142857143,0.214285714285714,12.7321428571429,0.392857142857143,0.160714285714286,34592,2461,0.419565238646419,0.949152542372881,0.691358024691358,44,25.373,9.18601975609066,8.33838147763476,-3.31352971643623,161.75,728.142857142857,0,0,0,0,0,0,0,1
65535,34636,0.352941176470588,0.105882352941176,0.517647058823529,0.141176470588235,0.0235294117647059,0.0588235294117647,1.08235294117647,2.54117647058824,0.0588235294117647,0.8,0.0705882352941176,0.0235294117647059,1.92941176470588,0.541176470588235,0.129411764705882,0.623529411764706,0.0588235294117647,0.0470588235294118,0.917647058823529,0.0117647058823529,1.11764705882353,0.541176470588235,1.64705882352941,0.6,0.988235294117647,1.45882352941176,0.247058823529412,11.5529411764706,0.282352941176471,0.2,34636,3736,0.467672152023393,0.934065934065934,0.643939393939394,44,32.692,11.4326411463264,10.1053344561214,26.8508903014949,184.258823529412,727.6,0,0,0,0,0,0,0,1
65535,34679,0.653333333333333,0.146666666666667,0.48,0.2,0.04,0.0666666666666667,1.42666666666667,2.76,0.0266666666666667,0.946666666666667,0.16,0.04,2.36,0.36,0.08,0.546666666666667,0.173333333333333,0.0933333333333333,0.946666666666667,0,1.41333333333333,0.453333333333333,1.05333333333333,0.573333333333333,0.706666666666667,1.28,0.186666666666667,9.26666666666667,0.253333333333333,0.226666666666667,34679,3297,0.8496270101572,0.852272727272727,0.721153846153846,44,33.635,13.9255735523726,7.34412547654518,-82.3030062070369,930.573333333333,725.346666666667,0,0,0,0,0,0,0,1
65535,34723,0.703703703703704,0.185185185185185,0.703703703703704,0.222222222222222,0.148148148148148,0.111111111111111,1.2962962962963,2.25925925925926,0.037037037037037,0.444444444444444,0.148148148148148,0.0740740740740741,2.18518518518519,0.592592592592593,0.0740740740740741,0.888888888888889,0,0.222222222222222,0.777777777777778,0,0.888888888888889,0.444444444444444,1.22222222222222,0.444444444444444,1.03703703703704,1.40740740740741,0.296296296296296,12.6296296296296,0.222222222222222,0.037037037037037,34723,1187,0.731515047585485,0.964285714285714,0.75,44,15.829,7.25131840810295,4.94413232473044,-45,120.518518518519,730.518518518518,0,0,0,0,0,0,0,1
65535,34767,0.930232558139535,0.0232558139534884,0.418604651162791,0.186046511627907,0.0465116279069767,0.116279069767442,1.27906976744186,1.95348837209302,0,0.744186046511628,0.0232558139534884,0.0232558139534884,1.13953488372093,0.418604651162791,0.0465116279069767,0.348837209302326,0.0930232558139535,0.13953488372093,0.86046511627907,0,0.511627906976744,0.209302325581395,0.441860465116279,0.348837209302326,0.441860465116279,1.23255813953488,0.255813953488372,6.7906976744186,0.186046511627907,0.116279069767442,34767,1890,0.488998169286683,0.955555555555556,0.682539682539683,44,22.098,8.13181026040152,7.09325457110853,-8.89025418006708,943.209302325581,730.279069767442,0,0,0,0,0,0,0,1
65535,34811,0.825396825396825,0.111111111111111,0.444444444444444,0.238095238095238,0.0634920634920635,0.126984126984127,1.42857142857143,2.61904761904762,0.0476190476190476,1.20634920634921,0.0793650793650794,0.0476190476190476,2.50793650793651,0.444444444444444,0.0952380952380952,0.492063492063492,0.0634920634920635,0.126984126984127,1.14285714285714,0.0476190476190476,1.49206349206349,0.507936507936508,0.571428571428571,0.619047619047619,1.04761904761905,1.93650793650794,0.222222222222222,12.3174603174603,0.46031746031746,0.126984126984127,34811,2769,0.822532270561254,0.91304347826087,0.605769230769231,44,29.045,12.3073773821135,6.99943246404923,12.059509087056,319.555555555556,730.698412698413,0,0,0,0,0,0,0,1
65535,34855,0.647058823529412,0.205882352941176,0.382352941176471,0.352941176470588,0.0588235294117647,0.0882352941176471,1.47058823529412,1.82352941176471,0,1.20588235294118,0.117647058823529,0.0294117647058824,2.73529411764706,0.676470588235294,0.0588235294117647,0.588235294117647,0.0882352941176471,0.0588235294117647,0.882352941176471,0,1.26470588235294,0.470588235294118,0.647058823529412,0.470588235294118,0.705882352941177,1.35294117647059,0.323529411764706,12.5882352941176,0.176470588235294,0.117647058823529,34855,1494,0.853073482104474,44,0.755555555555556,44,19.559,9.23626457284009,4.819397837686,17.713154328777,1232.41176470588,731.088235294118,0.739130434782609,44,34548,0,0,0,0,1
65535,34899,0.357142857142857,0.0476190476190476,0.5,0.333333333333333,0.0952380952380952,0.0714285714285714,1.02380952380952,1.92857142857143,0.0714285714285714,0.833333333333333,0.0238095238095238,0.0476190476190476,1.0952380952381,0.30952380952381,0.0714285714285714,0.452380952380952,0.166666666666667,0.0476190476190476,1.07142857142857,0.0238095238095238,0.642857142857143,0.547619047619048,0.428571428571429,0.476190476190476,0.69047619047619,1.92857142857143,0.0952380952380952,8.19047619047619,0.261904761904762,0.0714285714285714,34899,1846,0.662353887497114,0.807692307692308,0.666666666666667,44,31.187,9.36824841261894,7.01860847961477,-31.2888897682612,1406.2380952381,733.214285714286,0.225806451612903,44,34504,0,0,0,0,1
65535,34943,0.0789473684210526,0.236842105263158,1.5,0.526315789473684,0.157894736842105,0.0526315789473684,2.10526315789474,2.94736842105263,0.105263157894737,0.657894736842105,0.289473684210526,0.0789473684210526,1.18421052631579,0.263157894736842,0.0263157894736842,0.552631578947368,0.131578947368421,0.105263157894737,1.26315789473684,0.0263157894736842,0.789473684210526,0.710526315789474,9.60526315789474,0.5,0.263157894736842,0.921052631578947,0.184210526315789,14.8157894736842,0.210526315789474,0.421052631578947,34943,1670,0.794588309918728,0.775510204081633,0.469135802469136,44,29.988,10.1178247317026,6.1430230813916,36.7331695834991,41.1578947368421,731.263157894737,0,0,0,0,0,0,0,1
65535,34987,0.176470588235294,0.0294117647058824,0.941176470588235,1.08823529411765,0.0882352941176471,0.0588235294117647,1.47058823529412,1.85294117647059,0.147058823529412,0.5,0.176470588235294,0,1.35294117647059,0.441176470588235,0.117647058823529,0.676470588235294,0.0882352941176471,0.0588235294117647,1.35294117647059,0,0.676470588235294,0.117647058823529,1.79411764705882,0.5,0.470588235294118,1.23529411764706,0.117647058823529,15.7941176470588,0.147058823529412,0.294117647058824,34987,1494,0.919122513577033,0.894736842105263,0.772727272727273,44,23.297,11.1285900654019,4.38435102449041,-2.59584196837253,798.941176470588,731.529411764706,0,0,0,0,0,0,0,1
65535,35031,0.292307692307692,0.2,1.33846153846154,0.384615384615385,0.215384615384615,0.153846153846154,1.46153846153846,3.72307692307692,0.0769230769230769,1.18461538461538,0.230769230769231,0.0307692307692308,2.15384615384615,0.738461538461539,0.123076923076923,0.923076923076923,0.123076923076923,0.0615384615384615,1.29230769230769,0.0307692307692308,0.953846153846154,0.446153846153846,2.76923076923077,0.415384615384615,0.430769230769231,2.75384615384615,0.215384615384615,18.1384615384615,0.307692307692308,0.230769230769231,35031,2857,0.64333281238551,0.984848484848485,0.8125,44,26.299,10.5378537257534,8.06763995211931,21.6719866918764,677.492307692308,734.846153846154,0,0,0,0,0,0,0,1
65535,35075,0.166666666666667,0.119047619047619,1.0952380952381,0.119047619047619,0.19047619047619,0.0476190476190476,1.07142857142857,3.11904761904762,0.0714285714285714,0.69047619047619,0.142857142857143,0.0238095238095238,2.5,0.5,0.142857142857143,0.69047619047619,0.0952380952380952,0.0476190476190476,1.14285714285714,0.0714285714285714,0.595238095238095,0.428571428571429,4.21428571428571,0.30952380952381,0.404761904761905,1.5952380952381,0.166666666666667,13.1428571428571,0.19047619047619,0.119047619047619,35075,1846,0.825131654933242,0.857142857142857,0.666666666666667,44,25.836,10.3932273255047,5.87155488998807,34.1727781401126,128.857142857143,736.047619047619,0,0,0,0,0,0,0,1
65535,35119,0.613636363636364,0.0909090909090909,0.772727272727273,0.272727272727273,0.181818181818182,0.181818181818182,1.40909090909091,3.68181818181818,0.113636363636364,0.954545454545455,0.0909090909090909,0.0227272727272727,1.18181818181818,0.545454545454545,0.227272727272727,0.590909090909091,0.0909090909090909,0.0909090909090909,0.977272727272727,0,0.909090909090909,0.363636363636364,1.34090909090909,0.681818181818182,0.659090909090909,2.63636363636364,0.409090909090909,17.3863636363636,0.386363636363636,0.318181818181818,35119,1934,0.865946693557075,44,0.733333333333333,44,22.561,10.7256606070359,5.36429226831681,20.7192173811017,424.5,734.704545454546,0,0,0,0,0,0,0,1
65535,35163,0.551724137931034,0.137931034482759,0.517241379310345,0.103448275862069,0.137931034482759,0,0.793103448275862,2.75862068965517,0.0344827586206897,0.689655172413793,0.0344827586206897,0,0.931034482758621,0.344827586206897,0.103448275862069,0.689655172413793,0.137931034482759,0.0344827586206897,1.06896551724138,0,0.620689655172414,0.344827586206897,0.379310344827586,0.482758620689655,0.724137931034483,1.31034482758621,0.172413793103448,8.17241379310345,0.206896551724138,0.103448275862069,35163,1275,0.733216128429659,0.966666666666667,0.828571428571429,44,16.565,7.49687085988412,5.09783971109821,6.77312437364659,1354.89655172414,734.862068965517,0,0,0,0,0,0,0,1
65535,35207,0.55,0.05,0.35,0.65,0,0.1,1.65,1.95,0.15,1.2,0.15,0,0.85,0.45,0.1,0.6,0.05,0.15,1.4,0,0.75,0.5,0.7,0.4,0.95,0.75,0.25,13.45,0.35,0.05,35207,879,0.683102970132957,0.909090909090909,0.666666666666667,44,13.497,6.07911424560629,4.43971132569826,31.776909782111,373.35,741.95,0,0,0,0,0,0,0,1
65535,35251,0.714285714285714,0.142857142857143,0.619047619047619,0,0.142857142857143,0.19047619047619,1.23809523809524,1.9047619047619,0.142857142857143,0.80952380952381,0,0.0952380952380952,1.95238095238095,0.285714285714286,0.142857142857143,NaN,0.0952380952380952,0,1.23809523809524,0,1.04761904761905,0.476190476190476,2.52380952380952,0.142857142857143,0.333333333333333,NaN,0.0952380952380952,9.85714285714286,0.0476190476190476,0.238095238095238,35251,923,0.752410153067314,0.75,0.5,44,18.087,7.32665882116366,4.82603274545613,-29.635434304092,948.047619047619,741.857142857143,0,0,0,0,0,0,0,0
65535,35295,0.736842105263158,0.184210526315789,0.868421052631579,0.105263157894737,0.131578947368421,0.0789473684210526,1.10526315789474,3.65789473684211,0.0789473684210526,0.789473684210526,0.131578947368421,0,2.31578947368421,0.578947368421053,0.0263157894736842,0.657894736842105,0.0526315789473684,0,0.921052631578947,0.0263157894736842,0.657894736842105,0.315789473684211,1.65789473684211,0.5,0.684210526315789,1.36842105263158,0.263157894736842,13.1315789473684,0.394736842105263,0.131578947368421,35295,1670,0.473271696659359,0.974358974358974,0.775510204081633,44,18.732,7.48360340095204,6.59242980527238,35.9425680004297,40.1052631578947,742.789473684211,0,0,0,0,0,0,0,1
65535,35339,0.222222222222222,0.185185185185185,0.814814814814815,0.62962962962963,0.296296296296296,0.037037037037037,1.51851851851852,1.11111111111111,0.148148148148148,1.25925925925926,0.0740740740740741,0,1.11111111111111,0.592592592592593,0.222222222222222,0.481481481481481,0,0.037037037037037,0.814814814814815,0,0.925925925925926,0.481481481481481,12.4444444444444,0.333333333333333,0.37037037037037,1.25925925925926,0.444444444444444,15.1481481481481,0.333333333333333,0.148148148148148,35339,1187,0.821129815526106,0.931034482758621,0.642857142857143,44,17.508,8.07582027607646,4.60920553919345,38.7449014362695,982.518518518518,743.444444444444,0,0,0,0,0,0,0,1
65535,35383,0.73015873015873,0.238095238095238,0.746031746031746,0.0952380952380952,0.111111111111111,0.19047619047619,1.36507936507937,2.53968253968254,0.0952380952380952,1.50793650793651,0,0.0317460317460317,3.77777777777778,0.444444444444444,0.0158730158730159,0.507936507936508,0.0952380952380952,0.0476190476190476,1.79365079365079,0,1.12698412698413,0.603174603174603,3.71428571428571,0.492063492063492,0.317460317460317,1.93650793650794,0.238095238095238,12.4285714285714,0.412698412698413,0.19047619047619,35383,2769,0.740941816718836,0.777777777777778,0.715909090909091,44,37.348,12.110865508695,8.1332845661907,82.645154443678,1123.84126984127,741.174603174603,0,0,0,0,0,0,0,1
65535,35427,0.541666666666667,0.166666666666667,0.416666666666667,0.666666666666667,0.0416666666666667,0.0416666666666667,1.20833333333333,3.04166666666667,0.0833333333333333,1.70833333333333,0.166666666666667,0,1.45833333333333,0.375,0.416666666666667,0.583333333333333,0.0416666666666667,0.0416666666666667,1.91666666666667,0.0416666666666667,1.33333333333333,0.333333333333333,0.75,0.583333333333333,0.791666666666667,2.54166666666667,0.291666666666667,10.125,0.291666666666667,0.166666666666667,35427,1055,0.870466188903113,0.888888888888889,0.6,44,17.053,8.27446818415033,4.07292669035909,21.0893800986747,764.875,744.958333333333,0.1,44,35778,0,0,0,0,1
65535,35471,0.4,0.05,1.15,0.65,0.05,0.2,1.35,2.2,0,0.75,0.1,0.05,1.3,0.35,0,0.2,0.05,0.05,1.85,0,1.15,0.35,0.6,0.2,0.65,1.6,0.25,9.15,0.15,0.35,35471,879,0.619652474546514,0.952380952380952,0.666666666666667,44,13.497,5.88175568847433,4.61645065908501,14.4016174665274,1233.85,32702,0,0,0,0,0,0,0,0
65535,35515,NaN,0.114285714285714,0.4,0.228571428571429,0.0285714285714286,0.142857142857143,19.8571428571429,3.42857142857143,0.142857142857143,0.542857142857143,0.0285714285714286,0.114285714285714,2.14285714285714,0.742857142857143,0.142857142857143,0.6,0.228571428571429,0.0857142857142857,1.17142857142857,0.0285714285714286,0.628571428571429,0.228571428571429,1.08571428571429,0.714285714285714,0.742857142857143,1.74285714285714,0.4,11.6,0.314285714285714,0.114285714285714,35515,1538,0.616984802412875,0.972222222222222,0.729166666666667,44,18.732,7.63868417382253,6.01145397741055,1.58430845361909,160.742857142857,745.628571428571,0,0,0,0,0,0,0,0
65535,35559,0.418604651162791,0.0465116279069767,1.18604651162791,1.09302325581395,0.186046511627907,0.0232558139534884,2.11627906976744,2.74418604651163,0.116279069767442,0.674418604651163,0.186046511627907,0.0465116279069767,1.27906976744186,0.627906976744186,0.302325581395349,0.930232558139535,0.116279069767442,0.0697674418604651,1.32558139534884,0.0465116279069767,0.558139534883721,0.744186046511628,2.95348837209302,0.581395348837209,0.325581395348837,2.37209302325581,0.232558139534884,24.7906976744186,0.27906976744186,0.232558139534884,35559,1890,0.930242318567086,0.641791044776119,0.383928571428571,44,35.686,15.6156599027259,5.73010099872116,21.4730262704096,177.348837209302,746.279069767442,0,0,0,0,0,0,0,1
65535,35603,NaN,0.208333333333333,1.125,0.375,0.0416666666666667,0.0833333333333333,1.29166666666667,2.95833333333333,0.0416666666666667,0.833333333333333,0.0833333333333333,0,1.5,0.375,0.0833333333333333,0.625,0.0833333333333333,0.166666666666667,1.45833333333333,0,0.625,0.625,0.666666666666667,0.625,0.25,1.29166666666667,0.166666666666667,15.1666666666667,0.25,0.208333333333333,35603,1055,0.776385816279282,44,0.685714285714286,44,15.639,7.19784966122719,4.53650186192628,14.878761895005,428.125,749.541666666667,0,0,0,0,0,0,0,0
65535,35646,0.133333333333333,0.0888888888888889,1.62222222222222,1.35555555555556,0.155555555555556,0.0444444444444444,2.57777777777778,2.73333333333333,0.0666666666666667,0.622222222222222,0.0666666666666667,0.0444444444444444,1.26666666666667,0.755555555555556,0.111111111111111,0.911111111111111,0.155555555555556,0.0444444444444444,0.666666666666667,0.0444444444444444,0.444444444444444,0.711111111111111,2.71111111111111,0.333333333333333,0.244444444444444,2.37777777777778,0.177777777777778,22.4666666666667,0.288888888888889,0.288888888888889,35646,1978,0.783248641404562,0.882352941176471,0.584415584415584,44,26.531,9.96270045416011,6.19389641074967,-65.421608840485,198.222222222222,750.222222222222,0,0,0,0,0,0,0,1
65535,35690,0.25974025974026,0.116883116883117,0.623376623376623,0.409090909090909,0.11038961038961,0.0909090909090909,2.22077922077922,2.77922077922078,0.0974025974025974,0.701298701298701,0.162337662337662,0.012987012987013,1.13636363636364,0.538961038961039,0.201298701298701,0.688311688311688,0.11038961038961,0.0779220779220779,0.857142857142857,0.025974025974026,0.831168831168831,0.402597402597403,1.81168831168831,0.694805194805195,0.227272727272727,1.77922077922078,0.227272727272727,17.4025974025974,0.279220779220779,0.220779220779221,35690,6769,0.727879204833351,0.905882352941176,0.740384615384615,44,51.217,17.8447818090849,12.2362628264887,18.6880592691368,638.87012987013,748.006493506493,0.158730158730159,44,35954,0,0,0,0,1
65535,35734,0.928571428571429,0.214285714285714,0.214285714285714,0.214285714285714,0.0357142857142857,0.107142857142857,1.71428571428571,2.17857142857143,0.0714285714285714,2.17857142857143,0.142857142857143,0.0357142857142857,1.28571428571429,0.464285714285714,0.107142857142857,0.428571428571429,0.0714285714285714,0.142857142857143,1.03571428571429,0.0357142857142857,1.25,0.75,0.714285714285714,0.571428571428571,0.857142857142857,3.10714285714286,0.285714285714286,13.5357142857143,0.25,0.107142857142857,35734,1231,0.522654350314345,0.933333333333333,0.666666666666667,44,16.772,6.60254800470277,5.62896717082462,48.9400732943152,417.321428571429,752.035714285714,0,0,0,0,0,0,0,1
65535,35778,0.37037037037037,0.111111111111111,0.37037037037037,1.33333333333333,0.037037037037037,0.037037037037037,1.85185185185185,1.74074074074074,0.0740740740740741,NaN,0.222222222222222,0.037037037037037,1.25925925925926,0.37037037037037,0.037037037037037,0.592592592592593,0.0740740740740741,0.037037037037037,1.33333333333333,0.0740740740740741,0.962962962962963,0.259259259259259,1.2962962962963,0.37037037037037,0.185185185185185,2.33333333333333,0.185185185185185,9.62962962962963,0.111111111111111,0.037037037037037,35778,1187,0.800784706628035,0.9,0.642857142857143,44,17.326,7.8608866506356,4.70829611289577,51.9873341157714,759.592592592593,752.777777777778,0.571428571428571,88,35427,36086,0,0,0,0
65535,35822,0.522727272727273,0.113636363636364,0.545454545454545,0.25,0.0681818181818182,0.0454545454545455,1.18181818181818,1.95454545454545,0.0909090909090909,0.863636363636364,0.0227272727272727,0.0227272727272727,1.15909090909091,0.25,0.0681818181818182,0.386363636363636,0.136363636363636,0.113636363636364,NaN,0,0.909090909090909,0.363636363636364,0.477272727272727,0.318181818181818,0.613636363636364,1.56818181818182,0.181818181818182,9.52272727272727,0.136363636363636,0.113636363636364,35822,1934,0.809055575876209,0.977777777777778,0.733333333333333,44,22.288,9.95659257962163,5.85180952114326,-4.75035566714155,144.772727272727,754.772727272727,0,0,0,0,0,0,0,0
65535,35866,0.5,0.314814814814815,0.888888888888889,0.796296296296296,0.12962962962963,0.12962962962963,2.01851851851852,1.66666666666667,0.037037037037037,1.14814814814815,0.0740740740740741,0.111111111111111,1.42592592592593,0.444444444444444,0.0185185185185185,0.555555555555556,0.0555555555555556,0.203703703703704,1.18518518518519,0.0555555555555556,0.907407407407407,0.703703703703704,1.07407407407407,0.555555555555556,0.407407407407407,2.68518518518519,0.425925925925926,12.1666666666667,0.259259259259259,0.203703703703704,35866,2374,0.793017050427011,0.947368421052632,0.701298701298701,44,25.191,10.8028046982391,6.58106257291345,-0.642605850892059,566.444444444444,754.925925925926,0.387096774193548,44,36130,0,0,0,0,1
65535,35910,0.333333333333333,0.0833333333333333,0.805555555555556,0.111111111111111,0.111111111111111,0.0277777777777778,0.444444444444444,2.47222222222222,0,0.972222222222222,0.0833333333333333,0.0277777777777778,1.19444444444444,0.361111111111111,0.111111111111111,0.416666666666667,0.0555555555555556,0.0277777777777778,0.916666666666667,0.0833333333333333,0.555555555555556,0.472222222222222,1.36111111111111,0.25,0.416666666666667,1.52777777777778,0.277777777777778,14.25,0.416666666666667,0.166666666666667,35910,1582,0.844325247459911,0.9,0.571428571428571,44,21.271,9.61135297739757,5.15006102019889,24.9143039350093,606.388888888889,755.472222222222,0,0,0,0,0,0,0,1
65535,35954,0.0952380952380952,0.0952380952380952,0.80952380952381,0.19047619047619,0.0952380952380952,0.0476190476190476,0.904761904761905,1.47619047619048,0,0.571428571428571,0.0476190476190476,0.0476190476190476,1.0952380952381,0.380952380952381,0,0.380952380952381,0.142857142857143,0,0.904761904761905,0,0.571428571428571,0.428571428571429,0.666666666666667,0.761904761904762,0.476190476190476,1.14285714285714,0.285714285714286,9.90476190476191,0.380952380952381,0.0952380952380952,35954,923,0.73496450927458,44,0.875,44,13.381,6.36380931210564,4.31533456930668,7.20249820514168,634.380952380952,755.571428571429,0.6875,44,35690,0,0,0,0,1
65535,35998,1.63636363636364,0.181818181818182,0.727272727272727,0.181818181818182,0.0303030303030303,0.0909090909090909,32.3333333333333,3.21212121212121,NaN,0.818181818181818,0.212121212121212,0.0909090909090909,4.6969696969697,0.727272727272727,0.454545454545455,0.727272727272727,0,0.0909090909090909,0.818181818181818,0.0303030303030303,1.63636363636364,0.545454545454545,2.33333333333333,0.575757575757576,1.3030303030303,1.54545454545455,0.333333333333333,14.4848484848485,0.303030303030303,0.181818181818182,35998,1450,0.722617179367656,0.942857142857143,0.6875,44,18.368,8.08166402464195,5.58643768635062,78.8609503135512,1377.48484848485,757.333333333333,0,0,0,0,0,0,0,0
65535,36042,0.233333333333333,0.166666666666667,1.33333333333333,0.2,0.1,0.1,1.43333333333333,3.1,0.0666666666666667,0.733333333333333,0.0666666666666667,0.0666666666666667,1.93333333333333,0.633333333333333,0.266666666666667,0.933333333333333,0.133333333333333,0,1.3,0,0.733333333333333,0.433333333333333,3.93333333333333,0.366666666666667,0.266666666666667,2.06666666666667,0.366666666666667,14.7666666666667,0.2,0.433333333333333,36042,1319,0.850245542280418,0.909090909090909,0.625,44,18.55,8.85442940579281,4.66085017376402,-32.77058584921,1232.56666666667,756.566666666667,0,0,0,0,0,0,0,1
65535,36086,0.653846153846154,0.192307692307692,0.230769230769231,0.538461538461538,0.192307692307692,0.230769230769231,1.73076923076923,1.84615384615385,0.0769230769230769,1.03846153846154,0.230769230769231,0,0.923076923076923,0.692307692307692,0.0769230769230769,0.461538461538462,0.0769230769230769,0,1.57692307692308,0,0.576923076923077,0.923076923076923,0.923076923076923,0.615384615384615,0.384615384615385,2.15384615384615,0.346153846153846,7.69230769230769,0.115384615384615,0.0769230769230769,36086,1143,0.878899117824435,0.866666666666667,0.65,44,17.235,8.67350325828221,4.13732779315534,19.1841238714418,756.346153846154,757.923076923077,0.545454545454545,44,35778,0,0,0,0,1
65535,36130,0.363636363636364,0.136363636363636,0.681818181818182,1.04545454545455,0.0909090909090909,0.181818181818182,2.68181818181818,1.63636363636364,0.0909090909090909,0.863636363636364,0.318181818181818,0,1.13636363636364,0.636363636363636,0.136363636363636,0.409090909090909,0.0454545454545455,0.318181818181818,0.727272727272727,0.136363636363636,0.636363636363636,0.909090909090909,1.54545454545455,0.318181818181818,0.227272727272727,2.40909090909091,0.5,16.6818181818182,0.272727272727273,0.136363636363636,36130,967,0.828689845640654,0.916666666666667,0.628571428571429,44,15.457,7.33378488436227,4.10477868895833,32.9562738456838,567.636363636364,759.727272727273,0.789473684210526,44,35866,0,0,0,0,1
65535,36174,0.290076335877863,0.152671755725191,0.938931297709924,0.717557251908397,0.145038167938931,0.0534351145038168,2.20610687022901,2.66412213740458,0.099236641221374,1.06870229007634,0.259541984732824,0.0763358778625954,1.02290076335878,0.488549618320611,0.351145038167939,0.587786259541985,0.0229007633587786,0.083969465648855,1.25954198473282,0,1.13740458015267,0.66412213740458,1.16030534351145,0.450381679389313,0.305343511450382,2.6412213740458,0.366412213740458,17.7022900763359,0.320610687022901,0.221374045801527,36174,5758,0.765058267735957,0.956204379562044,0.744318181818182,44,40.532,16.3504698897838,10.5290659239136,6.08273874988895,856.137404580153,759.610687022901,0,0,0,0,0,0,0,1
65535,36218,1.875,0.125,0.5,0.208333333333333,0,0,1.33333333333333,NaN,0.0416666666666667,0.458333333333333,0,0.0833333333333333,4.25,0.583333333333333,0.25,0.25,0.0416666666666667,0.0416666666666667,1.125,0.0833333333333333,0.5,0.541666666666667,0.791666666666667,0.291666666666667,0.791666666666667,1.66666666666667,0.208333333333333,12.1666666666667,0.0833333333333333,0.291666666666667,36218,1055,0.369526005201302,0.96,0.8,44,14.696,5.82856948334857,5.41602560309064,3956,49360,759.708333333333,0,0,0,0,0,0,0,0
65535,36262,0.875,0.291666666666667,0.583333333333333,0.666666666666667,0.0833333333333333,0,4.58333333333333,3.20833333333333,0.0833333333333333,0.75,0.25,0.125,2.04166666666667,1.29166666666667,0.166666666666667,0.791666666666667,0.0833333333333333,0.0416666666666667,0.75,0,1.20833333333333,0.5,NaN,0.541666666666667,0.291666666666667,1.83333333333333,0.208333333333333,13.4583333333333,0.166666666666667,0.208333333333333,36262,1055,0.826042559461771,0.96,0.857142857142857,44,15.25,7.47994780890793,4.21575651553025,7.46302318508746,294.041666666667,760.375,0,0,0,0,0,0,0,0
65535,36306,0.456521739130435,0.0869565217391304,0.347826086956522,0.108695652173913,0.0652173913043478,0.108695652173913,1.43478260869565,2.56521739130435,0.152173913043478,NaN,0.130434782608696,0.0217391304347826,2.6304347826087,0.652173913043478,0.0217391304347826,0.717391304347826,0.108695652173913,0.0652173913043478,1.21739130434783,0,1.3695652173913,0.217391304347826,0.804347826086957,0.717391304347826,1.34782608695652,1.58695652173913,0.239130434782609,13.6739130434783,0.347826086956522,0.0434782608695652,36306,2022,0.498237109614232,44,0.821428571428571,44,20.874,8.27471382622202,7.17451465665298,-17.2621379239405,717.630434782609,764.108695652174,0,0,0,0,0,0,0,0
65535,36350,NaN,0.606060606060606,1.3030303030303,0.333333333333333,0.0606060606060606,0.0909090909090909,13.3030303030303,4.3030303030303,0.181818181818182,0.878787878787879,0.151515151515152,0,3.15151515151515,1.15151515151515,0.212121212121212,1.18181818181818,0.303030303030303,0.272727272727273,1.09090909090909,0.0303030303030303,0.848484848484849,0.484848484848485,2.57575757575758,0.757575757575758,0.939393939393939,1.84848484848485,0.272727272727273,20.8787878787879,0.393939393939394,0.272727272727273,36350,1450,0.567522732686774,44,0.785714285714286,44,18.062,7.3284963603672,6.03397411126561,-14.9810920482089,950.636363636364,764.909090909091,0,0,0,0,0,0,0,0
65535,36394,0.450704225352113,0.126760563380282,0.577464788732394,0.507042253521127,0.112676056338028,0.154929577464789,1.50704225352113,3.1830985915493,0.0845070422535211,0.788732394366197,0.0845070422535211,0.0140845070422535,2.69014084507042,0.436619718309859,0.0422535211267606,0.746478873239437,0.183098591549296,0.0985915492957746,NaN,0.0140845070422535,1.07042253521127,0.422535211267606,1.14084507042254,0.563380281690141,0.802816901408451,1.90140845070423,0.197183098591549,14.1408450704225,0.323943661971831,0.0422535211267606,36394,3121,0.506236415657534,0.972602739726027,0.788888888888889,44,27.333,10.3187332948166,8.89882134014045,-32.7250731626429,1224.69014084507,765.957746478873,0,0,0,0,0,0,0,0
65535,36438,0.289473684210526,0.157894736842105,1.26315789473684,0.0526315789473684,0.184210526315789,0.157894736842105,0.973684210526316,1.92105263157895,0.0526315789473684,0.921052631578947,0.131578947368421,0.0526315789473684,1.55263157894737,0.315789473684211,0.131578947368421,0.526315789473684,0.0526315789473684,0.105263157894737,1.07894736842105,0.0263157894736842,1.05263157894737,0.315789473684211,1.15789473684211,0.394736842105263,0.236842105263158,2.18421052631579,0.368421052631579,13.2368421052632,0.368421052631579,0.157894736842105,36438,1670,0.842240830510596,0.95,0.703703703703704,44,21.064,9.80524864685205,5.28602385433032,19.2877449773854,1400.5,765.763157894737,0,0,0,0,0,0,0,1
65535,36482,0.3,0.1,0.7,0.4,0.1,0.05,1.85,3.8,0,0.6,0.15,0,0.95,0.75,0.1,0.6,0.15,0.05,1.15,0.05,0.8,0.7,2.05,1.2,0.45,1.65,0.25,16.75,0.2,0.15,36482,879,0.83538070537556,0.952380952380952,0.666666666666667,44,13.96,7.03184493011611,3.86520679207038,31.7471767230124,417.3,768.05,0.555555555555556,44,36877,0,0,0,0,1
65535,36526,0.971428571428571,0.142857142857143,0.657142857142857,0.171428571428571,0.114285714285714,0.142857142857143,2.14285714285714,3.48571428571429,0,0.714285714285714,0.142857142857143,0.0571428571428571,2.51428571428571,0.685714285714286,0.514285714285714,0.542857142857143,0.0285714285714286,0.114285714285714,1.34285714285714,0.0285714285714286,0.714285714285714,0.314285714285714,1.54285714285714,0.628571428571429,0.314285714285714,1.45714285714286,0.314285714285714,11.3428571428571,0.171428571428571,0.142857142857143,36526,1538,0.668669878656529,44,0.833333333333333,44,18.153,7.80902675561378,5.80647531225931,30.907248707395,785.914285714286,768.571428571429,0,0,0,0,0,0,0,1
65535,36569,0.483870967741936,0.290322580645161,0.709677419354839,0.225806451612903,0.129032258064516,0.0645161290322581,11.3548387096774,3.32258064516129,0.161290322580645,0.645161290322581,0.0645161290322581,0.193548387096774,1.87096774193548,0.67741935483871,0.161290322580645,0.580645161290323,0.161290322580645,0.0645161290322581,0.838709677419355,0,0.903225806451613,0.612903225806452,2.32258064516129,0.580645161290323,0.709677419354839,1.74193548387097,0.225806451612903,16.3225806451613,0.193548387096774,0.129032258064516,36569,1363,0.803082462228102,0.96875,0.775,44,17.971,8.26687297870184,4.92596427337321,19.002031091643,182.322580645161,770.129032258065,0.476190476190476,44,36701,0,0,0,0,1
65535,36613,0.851851851851852,0.37037037037037,0.851851851851852,0.037037037037037,0.111111111111111,0.111111111111111,1.11111111111111,2.03703703703704,0.148148148148148,0.888888888888889,0.0740740740740741,0.111111111111111,2.22222222222222,0.333333333333333,0.111111111111111,0.666666666666667,0.111111111111111,0.111111111111111,0.925925925925926,0,0.666666666666667,0.185185185185185,1.48148148148148,0.592592592592593,0.62962962962963,1.74074074074074,0.0740740740740741,NaN,0.185185185185185,0.148148148148148,36613,1187,0.718696261462377,44,0.771428571428571,44,15.548,7.10858492124455,4.94277082013901,19.7362299241719,35119,33844,0,0,0,0,0,0,0,0
65535,36657,0.411764705882353,0.176470588235294,0.294117647058824,0.0294117647058824,0.294117647058824,0.0588235294117647,0.676470588235294,2.61764705882353,0.0882352941176471,0.558823529411765,0.117647058823529,0.0588235294117647,1.26470588235294,0.352941176470588,0.117647058823529,0.588235294117647,0.0882352941176471,0.0588235294117647,0.735294117647059,0,0.588235294117647,0.235294117647059,0.588235294117647,0.470588235294118,0.264705882352941,1.61764705882353,0.264705882352941,7.85294117647059,0.176470588235294,0.235294117647059,36657,1494,0.533884884881706,44,0.80952380952381,44,17.88,7.24768341133314,6.12833068272759,-17.2269829934549,52349,770.647058823529,0,0,0,0,0,0,0,0
65535,36701,0.481481481481481,0.333333333333333,1.2962962962963,0.148148148148148,0.0740740740740741,0.037037037037037,2.11111111111111,3.25925925925926,0.0740740740740741,1.66666666666667,0.111111111111111,0.0740740740740741,2.18518518518519,0.555555555555556,0.037037037037037,0.703703703703704,0.0740740740740741,0.185185185185185,1.18518518518519,0.037037037037037,1.74074074074074,0.407407407407407,2.66666666666667,0.740740740740741,0.481481481481481,2.11111111111111,0.518518518518518,16.9259259259259,0.407407407407407,0.0740740740740741,36701,1187,0.880746439580736,0.964285714285714,0.75,44,18.062,8.7199616070785,4.12967024017817,11.8708443705473,188.925925925926,770.481481481482,0.5,44,36569,0,0,0,0,1
65535,36745,0.236363636363636,0.236363636363636,1.36363636363636,0.0545454545454545,0.163636363636364,0.0727272727272727,0.927272727272727,2.36363636363636,0.0363636363636364,0.581818181818182,0.218181818181818,0.0545454545454545,1.85454545454545,0.527272727272727,0.0727272727272727,0.709090909090909,0.0363636363636364,0.163636363636364,1.05454545454545,0.0181818181818182,0.818181818181818,0.436363636363636,5.85454545454545,0.436363636363636,0.109090909090909,1.58181818181818,0.272727272727273,12.5454545454545,0.272727272727273,0.236363636363636,36745,2417,0.849121744903513,0.901639344262295,0.625,44,27.523,12.1465358233477,6.41576598443732,-30.9707949137381,899.309090909091,772.509090909091,0.323529411764706,88,36833,36965,0,0,0,1
65535,36789,0.645161290322581,0.129032258064516,0.354838709677419,0.258064516129032,0.0967741935483871,0.129032258064516,1.38709677419355,1.90322580645161,0.129032258064516,NaN,0.0645161290322581,0.032258064516129,2.35483870967742,0.516129032258065,0.0645161290322581,0.548387096774194,0.129032258064516,0,1.41935483870968,0,1.32258064516129,0.645161290322581,4.25806451612903,0.483870967741936,NaN,1.64516129032258,0.0967741935483871,12.0645161290323,0.161290322580645,0.258064516129032,36789,1363,0.763112149870232,0.939393939393939,0.738095238095238,44,17.88,8.0473376240038,5.20072134419964,-33.2113823148759,49.0322580645161,776.516129032258,0,0,0,0,0,0,0,0
65535,36833,0.192307692307692,0.115384615384615,0.769230769230769,0.211538461538462,0.115384615384615,0,0.692307692307692,NaN,0.115384615384615,0.692307692307692,0.134615384615385,0.0961538461538462,0.903846153846154,0.346153846153846,0.0192307692307692,0.346153846153846,0.134615384615385,0.134615384615385,1.38461538461538,0.0384615384615385,0.615384615384615,0.365384615384615,NaN,0.5,0.5,1.48076923076923,0.153846153846154,9.63461538461539,0.173076923076923,0.173076923076923,36833,2286,0.561942801907319,0.852459016393443,0.65,44,26.878,9.57083714988545,7.91676767201492,-26.9518445140266,892.365384615385,777.211538461538,0.454545454545455,88,36745,36965,0,0,0,0
65535,36877,0.112903225806452,0.161290322580645,0.435483870967742,0.883870967741936,0.135483870967742,0.0935483870967742,3.15483870967742,4.84838709677419,0.109677419354839,1.33225806451613,0.12258064516129,0.0387096774193548,1.26129032258065,0.935483870967742,0.0741935483870968,1.39677419354839,0.106451612903226,0.119354838709677,0.638709677419355,0.0161290322580645,1.3258064516129,0.487096774193548,1.81935483870968,0.932258064516129,0.235483870967742,2.74516129032258,0.354838709677419,22.1451612903226,0.548387096774194,0.351612903225806,36877,13626,0.398338280515377,0.883190883190883,0.704545454545455,44,68.626,21.1755262948447,19.4230096883164,-56.4777949121017,413.306451612903,778.961290322581,0.433734939759036,88,36482,37317,0,0,0,1
65535,36921,0.0526315789473684,0.236842105263158,0.684210526315789,0.368421052631579,0.0789473684210526,0.105263157894737,1.55263157894737,2.47368421052632,0.0526315789473684,0.5,0.0526315789473684,0,1.26315789473684,0.342105263157895,0.0263157894736842,0.578947368421053,0.0789473684210526,0.0789473684210526,0.657894736842105,0.0263157894736842,0.447368421052632,0.289473684210526,2.68421052631579,0.342105263157895,0.157894736842105,1.34210526315789,0.289473684210526,17.4736842105263,0.236842105263158,0.368421052631579,36921,1670,0.706550836601678,0.974358974358974,0.678571428571429,44,19.766,8.40202214447132,5.94579422313219,-42.8994351398431,1060.81578947368,778.105263157895,0,0,0,0,0,0,0,1
65535,36965,0.259259259259259,0.0740740740740741,0.703703703703704,0.444444444444444,0.111111111111111,0.0740740740740741,1.81481481481481,2.59259259259259,0.111111111111111,0.925925925925926,0.037037037037037,0.037037037037037,1.44444444444444,0.481481481481481,0,0.444444444444444,0.037037037037037,0.111111111111111,0.962962962962963,0,0.740740740740741,0.666666666666667,4.2962962962963,0.666666666666667,0.407407407407407,1.25925925925926,0.259259259259259,11.6666666666667,0.185185185185185,0.148148148148148,36965,1187,0.808612169045687,0.931034482758621,0.675,44,17.508,7.90377378043444,4.65012241681505,10.9807425426296,899.222222222222,780.481481481482,0.6,88,36745,36833,0,0,0,1
65535,37009,1.1219512195122,0.0975609756097561,0.48780487804878,0.146341463414634,0.0731707317073171,0.121951219512195,27.7073170731707,2.70731707317073,0.219512195121951,1.51219512195122,0.24390243902439,0.024390243902439,1.70731707317073,0.48780487804878,0.0731707317073171,0.682926829268293,0.170731707317073,0.195121951219512,1.1219512195122,0,1.24390243902439,0.48780487804878,0.75609756097561,0.414634146341463,0.804878048780488,2.5609756097561,0.341463414634146,11.8048780487805,0.365853658536585,0.292682926829268,37009,1802,0.955902555774624,0.773584905660377,0.585714285714286,44,30.401,14.9796071196785,4.39927124356317,-9.66159215908089,1371.07317073171,784.024390243902,0,0,0,0,0,0,0,1
65535,37053,0.75,0.1,0.75,0.5,0.1,0.1,3.85,1.4,0.05,0.35,0.05,0,1.45,0.7,0,0.7,0.05,0.15,1.45,0,1.35,1.05,0.65,0.4,0.7,2.1,0.5,11.65,0.25,0.2,37053,879,0.77023250014818,0.952380952380952,0.833333333333333,44,13.29,6.43580498564395,4.10451956426415,11.1951406425828,536.55,786.35,0.1875,44,37449,0,0,0,0,1
65535,37097,0.210526315789474,0.184210526315789,0.789473684210526,0.263157894736842,0.131578947368421,0.0789473684210526,0.973684210526316,2.81578947368421,0.105263157894737,0.815789473684211,0.131578947368421,0.0789473684210526,2.28947368421053,0.289473684210526,0.0789473684210526,0.868421052631579,0.131578947368421,0.0526315789473684,1.68421052631579,0.0789473684210526,0.710526315789474,0.710526315789474,4.05263157894737,0.526315789473684,0.447368421052632,1.94736842105263,0.131578947368421,15.5789473684211,0.473684210526316,0.236842105263158,37097,1670,0.534445816083887,0.863636363636364,0.678571428571429,44,20.973,7.83942522982329,6.62590367484316,-44.4936506432933,661.789473684211,786.105263157895,0,0,0,0,0,0,0,1
65535,37141,0.413793103448276,0.172413793103448,0.517241379310345,0.448275862068966,0.137931034482759,0.0344827586206897,1.37931034482759,NaN,0,1.06896551724138,0.0689655172413793,0.0344827586206897,1.55172413793103,0.517241379310345,0.172413793103448,0.586206896551724,0.137931034482759,0.0689655172413793,1.03448275862069,0.0344827586206897,0.96551724137931,0.448275862068966,0.689655172413793,0.448275862068966,1.06896551724138,1.86206896551724,0.137931034482759,12.5172413793103,0.310344827586207,0.0344827586206897,37141,1275,0.643563889276337,0.966666666666667,0.805555555555556,44,16.474,7.06293547126578,5.40591710575189,48.0127875041833,711.758620689655,785.48275862069,0,0,0,0,0,0,0,0
65535,37185,0.555555555555556,0.166666666666667,0.444444444444444,0.305555555555556,0.0833333333333333,0.0833333333333333,1.47222222222222,1.83333333333333,0.0833333333333333,1.05555555555556,0.0833333333333333,0.0277777777777778,1.61111111111111,0.388888888888889,0.0555555555555556,0.555555555555556,0.138888888888889,0,1.27777777777778,0,1.44444444444444,0.555555555555556,0.638888888888889,0.472222222222222,0.722222222222222,2.08333333333333,0.305555555555556,9.13888888888889,0.361111111111111,0.0833333333333333,37185,1582,0.711584258094109,0.972972972972973,0.75,44,18.732,8.18786329691612,5.75279906655445,11.9727816125287,1009.61111111111,786.25,0,0,0,0,0,0,0,1
65535,37229,0.636363636363636,0.181818181818182,0.545454545454545,0.545454545454545,0.136363636363636,0.227272727272727,1.27272727272727,2.09090909090909,0.136363636363636,0.681818181818182,0.0454545454545455,0,1.40909090909091,0.454545454545455,1.04545454545455,0.590909090909091,0,0.0909090909090909,2.90909090909091,0,1.09090909090909,0.272727272727273,0.318181818181818,0.363636363636364,0.818181818181818,2.72727272727273,0.318181818181818,NaN,0.227272727272727,0.136363636363636,37229,967,0.707701231739386,0.956521739130435,0.733333333333333,44,13.869,6.43461719879362,4.54613317549563,22.0155835515286,1421.36363636364,785.863636363636,0,0,0,0,0,0,0,0
65535,37273,0.303030303030303,0.174242424242424,0.560606060606061,0.507575757575758,0.174242424242424,0.0757575757575758,1.66666666666667,2.57575757575758,0.053030303030303,0.628787878787879,0.113636363636364,0.00757575757575758,1.52272727272727,0.545454545454545,0.0833333333333333,0.803030303030303,0.0681818181818182,0.0833333333333333,0.643939393939394,0,0.71969696969697,0.454545454545455,2.46969696969697,0.484848484848485,0.257575757575758,1.33333333333333,0.189393939393939,14.530303030303,0.424242424242424,0.21969696969697,37273,5802,0.852960606798783,0.910344827586207,0.634615384615385,44,42.79,18.5099012606818,9.66171107626801,27.5724474552674,1288.99242424242,788.234848484849,0,0,0,0,0,0,0,1
65535,37317,0.132075471698113,0.264150943396226,0.660377358490566,1.07547169811321,0.0943396226415094,0.0943396226415094,4.20754716981132,5.11320754716981,0.150943396226415,0.981132075471698,0.113207547169811,0.0188679245283019,1.30188679245283,1.11320754716981,0,1.05660377358491,0.0943396226415094,0.169811320754717,0.962264150943396,0,1.56603773584906,0.773584905660377,2.0188679245283,1.09433962264151,0.188679245283019,2.66037735849057,0.490566037735849,24.9056603773585,0.60377358490566,0.320754716981132,37317,2330,0.819201307225328,0.913793103448276,0.688311688311688,44,25.191,11.0912035092171,6.36087259332249,-1.03201663901866,411.018867924528,790.075471698113,0.67741935483871,44,36877,0,0,0,0,1
65535,37361,0.3,0.35,0.6,0.2,0.15,0.05,NaN,1.15,0.05,NaN,0.05,0.05,NaN,0.65,1.7,0.3,0.05,0.1,2.05,0.05,1.65,0.4,0.25,0.2,0.55,1.25,0.3,6.3,0.25,0.2,37361,879,0.701632085402785,44,0.833333333333333,44,13.472,6.09590424717579,4.34357204106606,-12.2738193346256,785.75,790.55,0,0,0,0,0,0,0,0
65535,37405,0.378378378378378,0.148648648648649,0.486486486486487,0.162162162162162,0.108108108108108,0.0810810810810811,0.905405405405405,1.95945945945946,0.108108108108108,1.09459459459459,0.0540540540540541,0.0405405405405405,1.33783783783784,0.513513513513513,0.189189189189189,0.472972972972973,0.0945945945945946,0.0675675675675676,1.18918918918919,0.0540540540540541,1.68918918918919,0.459459459459459,0.5,0.459459459459459,0.837837837837838,1.77027027027027,0.243243243243243,8.54054054054054,0.283783783783784,0.0810810810810811,37405,3253,0.32877775023396,0.925,0.822222222222222,44,29.756,10.2518244571675,9.68189808719914,2.92274464398221,1062.94594594595,791.081081081081,0,0,0,0,0,0,0,1
65535,37449,0.647058823529412,0.137254901960784,0.549019607843137,0.196078431372549,0.0196078431372549,0,1.49019607843137,3.07843137254902,0.0392156862745098,0.92156862745098,0.0784313725490196,0,3.82352941176471,0.607843137254902,0.0392156862745098,0.627450980392157,0.117647058823529,0.117647058823529,1.09803921568627,0,0.823529411764706,0.215686274509804,1.09803921568627,0.705882352941177,1.09803921568627,1.23529411764706,0.215686274509804,12.9607843137255,0.235294117647059,0.156862745098039,37449,2242,0.736574773270246,0.927272727272727,0.6375,44,24.265,9.95276543473326,6.73161382977919,-28.4932899255502,541.43137254902,793.235294117647,0.1,44,37053,0,0,0,0,1
65535,37493,0.375,0.125,0.458333333333333,0.333333333333333,0.0416666666666667,0.125,1.08333333333333,1.875,0.0416666666666667,0.833333333333333,0.208333333333333,0,0.875,0.541666666666667,0.0416666666666667,0.333333333333333,0.125,0.125,0.75,0,0.958333333333333,0.25,0.333333333333333,0.291666666666667,0.333333333333333,1.41666666666667,0.125,5.375,0.291666666666667,0.25,37493,1055,0.644430353484689,0.96,0.8,44,14.605,6.45895702203667,4.93892552065672,9.74040011413969,914.416666666667,792.833333333333,0,0,0,0,0,0,0,1
65535,37536,0.0597014925373134,0.17910447761194,1.08955223880597,1.16417910447761,0.0597014925373134,0.104477611940299,2.58208955223881,3.25373134328358,0.0746268656716418,0.582089552238806,0.0597014925373134,0,1.02985074626866,0.82089552238806,0.0597014925373134,0.970149253731343,0.0746268656716418,0.104477611940299,0.73134328358209,0,0.73134328358209,0.388059701492537,3.65671641791045,0.716417910447761,0.26865671641791,1.82089552238806,0.149253731343284,19.8059701492537,0.26865671641791,0.253731343283582,37536,2945,0.864484331206051,0.957142857142857,0.62037037037037,44,29.136,13.2944299846622,6.68257507503309,-32.0147988211497,929.791044776119,794.044776119403,0,0,0,0,0,0,0,1
65535,37580,0.116279069767442,0.232558139534884,0.627906976744186,1.25581395348837,0.395348837209302,0.0697674418604651,2.23255813953488,2.86046511627907,0.13953488372093,0.720930232558139,0.0930232558139535,0.0232558139534884,1.6046511627907,0.465116279069767,0.116279069767442,0.976744186046512,0.186046511627907,0.0930232558139535,1.41860465116279,0.0232558139534884,0.813953488372093,0.558139534883721,3.51162790697674,0.441860465116279,0.27906976744186,2.06976744186047,0.325581395348837,20.5581395348837,0.348837209302326,0.186046511627907,37580,1890,0.762818082508238,0.914893617021277,0.682539682539683,44,21.916,9.41547427671018,6.08816953355942,-25.4479422079731,56.6976744186046,794.906976744186,0.464285714285714,44,37800,0,0,0,0,1
65535,37624,0.2,0.114285714285714,0.571428571428571,0.171428571428571,0.114285714285714,0.114285714285714,NaN,1.65714285714286,0.0571428571428571,1.11428571428571,0.142857142857143,0.0571428571428571,0.914285714285714,0.314285714285714,0.657142857142857,0.542857142857143,0.171428571428571,0.0571428571428571,2.57142857142857,0,0.428571428571429,0.6,0.4,0.542857142857143,0.657142857142857,1.57142857142857,0.142857142857143,11.8285714285714,0.228571428571429,0.0571428571428571,37624,1538,0.652131993463237,0.972222222222222,0.625,44,19.212,7.83024980967742,5.93615500280835,34.4297306793346,245.828571428571,796.4,0,0,0,0,0,0,0,0
65535,37668,0.129032258064516,0.290322580645161,1.03225806451613,0.935483870967742,0.161290322580645,0.0967741935483871,2.32258064516129,2.83870967741936,0.193548387096774,0.580645161290323,0.193548387096774,0,1.41935483870968,0.451612903225806,0.032258064516129,0.838709677419355,0.129032258064516,0.0967741935483871,1.19354838709677,0.032258064516129,0.483870967741936,0.612903225806452,5.12903225806452,0.419354838709677,0.580645161290323,1.74193548387097,0.161290322580645,21.741935483871,0.419354838709677,0.225806451612903,37668,1363,0.527656998848326,0.911764705882353,0.63265306122449,44,17.905,7.05604323155331,5.993809039651,-57.0511172505805,737.032258064516,798.741935483871,0,0,0,0,0,0,0,1
65535,37712,0.294736842105263,0.178947368421053,0.663157894736842,0.494736842105263,0.0842105263157895,0.0105263157894737,1.56842105263158,2.18947368421053,0.0631578947368421,1.02105263157895,0.136842105263158,0.0526315789473684,1.14736842105263,0.389473684210526,0.0947368421052632,0.473684210526316,0.0631578947368421,0.0421052631578947,1.08421052631579,0,1.10526315789474,0.631578947368421,0.905263157894737,0.536842105263158,0.378947368421053,1.94736842105263,0.221052631578947,10.2526315789474,0.315789473684211,0.136842105263158,37712,4176,0.783046653036754,0.913461538461538,0.678571428571429,44,36.141,14.361066860573,8.93205183295291,-18.9289674922619,975.536842105263,798.6,0,0,0,0,0,0,0,1
65535,37756,0.269230769230769,0.192307692307692,1.73076923076923,0.0769230769230769,0.0384615384615385,0.115384615384615,0.923076923076923,2.73076923076923,0.0384615384615385,NaN,0.115384615384615,0.0384615384615385,2.19230769230769,0.5,0.0769230769230769,0.615384615384615,0.0769230769230769,0.0384615384615385,1.61538461538462,0,1.30769230769231,0.5,4.07692307692308,0.307692307692308,0.192307692307692,1.34615384615385,0.230769230769231,14.0384615384615,0.192307692307692,0.115384615384615,37756,1143,0.534866781756732,44,0.866666666666667,44,14.696,6.30831766756176,5.33012724146961,0,154.5,35119,0,0,0,0,0,0,0,0
65535,37800,0.125,0.15,NaN,1.125,0.175,0.025,2.375,2.475,0.05,0.725,0.15,0.025,1.25,0.325,0.05,0.55,0.1,0.05,1.2,0,NaN,0.425,1.65,0.425,0.375,1.65,0.2,20.875,0.375,0.25,37800,1758,0.878594702799605,0.975609756097561,0.666666666666667,44,22.743,10.5858008058339,5.05544142146584,25.613718752416,57.3,800.775,0.444444444444444,44,37580,0,0,0,0,0
65535,37844,0.393939393939394,0.181818181818182,0.393939393939394,0.333333333333333,0.151515151515152,0.181818181818182,1.24242424242424,1.24242424242424,0.0606060606060606,1.51515151515152,0.121212121212121,0.0606060606060606,NaN,0.303030303030303,0.181818181818182,0.484848484848485,0.0303030303030303,0.333333333333333,1.36363636363636,0.0303030303030303,1.57575757575758,0.454545454545455,0.393939393939394,0.121212121212121,0.303030303030303,2.06060606060606,0.272727272727273,5.48484848484848,0.424242424242424,0.212121212121212,37844,1450,0.826177859586824,0.942857142857143,0.6875,44,19.286,8.84023492789616,4.98067139633445,21.6071359862487,563.878787878788,799.333333333333,0,0,0,0,0,0,0,0
65535,37888,0.173913043478261,0.0869565217391304,0.782608695652174,0.0434782608695652,0.0434782608695652,0.0869565217391304,0.695652173913043,1.56521739130435,0.0434782608695652,0.565217391304348,0.0869565217391304,0,0.652173913043478,0.217391304347826,0,0.217391304347826,0.0869565217391304,0.0434782608695652,1.08695652173913,0.0869565217391304,0.434782608695652,0.260869565217391,0.826086956521739,0.173913043478261,0.347826086956522,1.34782608695652,0.130434782608696,8.17391304347826,0.0869565217391304,0.0869565217391304,37888,1011,0.654333282002835,0.958333333333333,0.766666666666667,44,14.696,6.37213938682681,4.81865189783213,1.4959153729845,892.739130434783,800.391304347826,0,0,0,0,0,0,0,1
65535,37932,0.209302325581395,0.0930232558139535,NaN,0.86046511627907,0.13953488372093,0.0697674418604651,1.81395348837209,2.2093023255814,0.13953488372093,0.465116279069767,0.186046511627907,0.0697674418604651,1.13953488372093,0.604651162790698,0.0465116279069767,0.906976744186046,0.0930232558139535,0.0465116279069767,1.25581395348837,0,0.627906976744186,0.558139534883721,1.6046511627907,0.488372093023256,0.372093023255814,1.81395348837209,0.209302325581395,16.5348837209302,0.209302325581395,0.116279069767442,37932,1890,0.759313372065056,0.826923076923077,0.614285714285714,44,24.819,9.70334495673402,6.31421046946613,-78.7041185289763,1362.13953488372,802.162790697674,0.310344827586207,44,38372,0,0,0,0,0
65535,37976,1.24137931034483,0.206896551724138,0.620689655172414,0.275862068965517,0,0.137931034482759,9.41379310344828,3.55172413793103,0.0689655172413793,0.931034482758621,0.103448275862069,0.0689655172413793,2.3448275862069,0.827586206896552,0.137931034482759,1.06896551724138,0.0344827586206897,0.103448275862069,0.758620689655172,0,0.448275862068966,0.413793103448276,NaN,0.551724137931034,0.793103448275862,1.79310344827586,0.137931034482759,15.3793103448276,0.275862068965517,0.172413793103448,37976,1275,0.618120079012086,0.935483870967742,0.69047619047619,44,16.499,7.01098850106335,5.51122371252514,-7.21520484420954,1071.8275862069,801.448275862069,0,0,0,0,0,0,0,0
65535,38020,0.19047619047619,0.19047619047619,1.19047619047619,0.571428571428571,0,0,1.52380952380952,3.0952380952381,0.142857142857143,1.19047619047619,0.0476190476190476,0.0476190476190476,1.71428571428571,0.285714285714286,0.19047619047619,0.571428571428571,0.142857142857143,0.0476190476190476,1.28571428571429,0.0476190476190476,1.04761904761905,0.476190476190476,0.761904761904762,0.619047619047619,0.571428571428571,2.66666666666667,0.285714285714286,13.1904761904762,0.333333333333333,0.285714285714286,38020,923,0.76322362738853,44,0.875,44,13.935,6.59540282541681,4.26151680931357,4.44792848483165,422.571428571429,802.714285714286,0.8125,44,38064,0,0,0,0,1
65535,38064,0.413793103448276,0.189655172413793,0.741379310344828,0.448275862068966,0.120689655172414,0.120689655172414,1.43103448275862,3.62068965517241,0.155172413793103,0.689655172413793,0.0862068965517241,0.0689655172413793,1.60344827586207,0.568965517241379,0.103448275862069,1.01724137931034,0.120689655172414,0.103448275862069,1.24137931034483,0,0.620689655172414,0.327586206896552,1.68965517241379,0.5,0.379310344827586,1.72413793103448,0.327586206896552,15.9655172413793,0.396551724137931,0.275862068965517,38064,2549,0.708673261985969,0.878787878787879,0.725,44,29.02,10.7143497614901,7.55936828468147,69.4701785498729,417.293103448276,805.155172413793,0.5,44,38020,0,0,0,0,1
65535,38108,0.633333333333333,0.266666666666667,0.266666666666667,0.4,0.0666666666666667,0.0333333333333333,1.33333333333333,1.76666666666667,0.0333333333333333,1.1,0.1,0.0333333333333333,1.6,0.333333333333333,0.0333333333333333,0.566666666666667,0.0333333333333333,0.166666666666667,1.3,0,1.5,0.533333333333333,0.166666666666667,0.833333333333333,0.533333333333333,1.83333333333333,0.433333333333333,11.4333333333333,0.266666666666667,0.2,38108,1319,0.564084418693726,0.967741935483871,0.714285714285714,44,16.681,6.92981752184143,5.72206899280531,-2.93820872946096,445.133333333333,806.633333333333,0,0,0,0,0,0,0,1
65535,38152,0.4,0.16,1.32,1.32,0.12,0.2,2.12,1.8,0.04,0.96,0.2,0.04,0.72,0.32,0.12,0.8,0.16,0.12,2.16,0.04,0.64,0.6,1.96,0.36,0.32,2.6,0.36,18.56,0.24,0.08,38152,1099,0.838678245452452,44,0.892857142857143,44,15.895,7.76533492428581,4.22921271400881,79.2726831919766,641.56,806.08,0,0,0,0,0,0,0,1
65535,38196,0.4,0.166666666666667,1.1,0.166666666666667,0.2,0.1,1.56666666666667,2.4,0.1,1.13333333333333,0.233333333333333,0.0666666666666667,2.16666666666667,0.5,0.0666666666666667,0.8,0.0333333333333333,0.1,1.16666666666667,0,0.433333333333333,0.833333333333333,3.46666666666667,0.566666666666667,0.166666666666667,1.9,0.266666666666667,NaN,0.466666666666667,0.233333333333333,38196,1319,0.705842109269956,0.9375,0.714285714285714,44,17.698,7.51832795957585,5.32575192636203,13.0318022943929,480.2,808.766666666667,0,0,0,0,0,0,0,0
65535,38240,0.357142857142857,0.107142857142857,0.214285714285714,0.321428571428571,0.0357142857142857,0,1.21428571428571,2.35714285714286,0.107142857142857,0.535714285714286,0.0714285714285714,0.107142857142857,2.07142857142857,0.75,0.107142857142857,0.678571428571429,0.0714285714285714,0.0357142857142857,1.07142857142857,0.0357142857142857,0.678571428571429,0.321428571428571,0.714285714285714,0.392857142857143,0.678571428571429,1.14285714285714,0.321428571428571,11.3571428571429,0.321428571428571,0.0714285714285714,38240,1231,0.633094934847619,44,0.8,44,16.193,6.87399364606082,5.32098084982982,8.00662083544285,391.285714285714,809.071428571429,0,0,0,0,0,0,0,1
65535,38284,0.09375,0.03125,1.09375,1.71875,0.09375,0.0625,2.3125,2.46875,0.125,0.59375,0.21875,0.0625,NaN,0.625,0.0625,0.8125,0.0625,0.125,1.1875,0,0.65625,0.4375,4.46875,0.625,0.25,2.375,0.15625,20.6875,0.4375,0.21875,38284,1407,0.888371983158994,0.914285714285714,0.64,44,20.692,9.71498748700194,4.46038785242521,7.98755638496306,1083.34375,810.5,0.434782608695652,44,38635,0,0,0,0,0
65535,38328,0.68,0.2,0.96,0.2,0.04,0.04,1.72,1.8,0.16,0.88,0.12,0.04,NaN,0.4,0.04,0.44,0.16,0.12,1.48,0,1.04,0.36,0.68,0.64,NaN,2.36,0.32,8.12,0.4,0.12,38328,1099,0.536273445519354,44,0.694444444444444,44,14.812,6.28724548439092,5.30671375576945,36.3537753000611,1123.68,810.44,0.5,44,38855,0,0,0,0,0
65535,38372,0.3,0.266666666666667,0.9,0.333333333333333,0.0666666666666667,0.0666666666666667,NaN,1.53333333333333,0.133333333333333,0.533333333333333,0.0666666666666667,0,1.3,0.533333333333333,0.0333333333333333,0.433333333333333,0.0333333333333333,0.2,1.33333333333333,0,0.566666666666667,0.433333333333333,1.7,0.133333333333333,0.466666666666667,1.33333333333333,0.133333333333333,NaN,0.266666666666667,0.1,38372,1319,0.0875080433883493,0.9375,0.833333333333333,44,16.474,6.28225012767453,6.25815024144072,75.9637565320727,1362.36666666667,809.466666666667,0.55,44,37932,0,0,0,0,0
65535,38416,0.711538461538462,0.153846153846154,0.403846153846154,0.423076923076923,0.0961538461538462,0.0576923076923077,2.84615384615385,3.48076923076923,0.115384615384615,1.13461538461538,0.153846153846154,0.0192307692307692,2.86538461538462,0.653846153846154,0.115384615384615,0.692307692307692,0.134615384615385,0.0576923076923077,0.807692307692308,0.0192307692307692,1.26923076923077,0.365384615384615,0.769230769230769,0.807692307692308,0.788461538461538,1.65384615384615,0.173076923076923,12.8461538461538,0.25,0.0961538461538462,38416,2286,0.670255161895188,0.981132075471698,0.825396825396825,44,22.933,9.52669572077828,7.0700536339758,-23.2850397143832,343.038461538462,810.942307692308,0,0,0,0,0,0,0,1
65535,38460,0.241379310344828,0.137931034482759,0.620689655172414,0.344827586206897,0.172413793103448,0.103448275862069,1.48275862068966,1.86206896551724,0.0344827586206897,0.620689655172414,0,0.0344827586206897,1.27586206896552,0.379310344827586,0.0344827586206897,0.344827586206897,0.103448275862069,0.103448275862069,1.44827586206897,0,0.896551724137931,0.413793103448276,0.379310344827586,0.379310344827586,0.379310344827586,2.13793103448276,0.137931034482759,9.3448275862069,0.137931034482759,0.137931034482759,38460,1275,0.834771091756668,0.935483870967742,0.69047619047619,44,17.971,8.46492737181279,4.66076490724138,43.7334135579637,567.310344827586,809.689655172414,0,0,0,0,0,0,0,1
65535,38503,0.477272727272727,0.181818181818182,0.522727272727273,0.318181818181818,0.0454545454545455,0.113636363636364,0.909090909090909,NaN,0.113636363636364,0.954545454545455,0.0909090909090909,0.0909090909090909,1.15909090909091,0.409090909090909,0.136363636363636,0.295454545454545,0.0909090909090909,0.0227272727272727,1.18181818181818,0.0227272727272727,NaN,0.522727272727273,0.590909090909091,0.318181818181818,0.295454545454545,1.40909090909091,0.113636363636364,5.77272727272727,0.181818181818182,0.0681818181818182,38503,1934,0.829346004373715,0.745762711864407,0.5,44,31.832,11.1447554368564,6.22696896620677,-24.8424376298839,1267.11363636364,810.886363636364,0,0,0,0,0,0,0,0
65535,38547,0.235294117647059,0.117647058823529,0.794117647058823,0.205882352941176,0.0588235294117647,0.0882352941176471,0.823529411764706,3.17647058823529,0,0.735294117647059,0.147058823529412,0.0882352941176471,1.29411764705882,0.647058823529412,0.0882352941176471,0.647058823529412,0.147058823529412,0.0294117647058824,1.02941176470588,0,0.794117647058823,0.176470588235294,1.20588235294118,0.382352941176471,0.323529411764706,1.14705882352941,0.323529411764706,10.0588235294118,0.352941176470588,0.117647058823529,38547,1494,0.752716838977727,0.971428571428571,0.708333333333333,44,18.823,8.25281691401782,5.43319587044596,30.5315804836594,891.911764705882,811.705882352941,0,0,0,0,0,0,0,1
65535,38591,0.418604651162791,0.116279069767442,0.744186046511628,0.558139534883721,0.13953488372093,0.0697674418604651,1.51162790697674,1.46511627906977,0.13953488372093,0.837209302325581,0.162790697674419,0.0930232558139535,1.09302325581395,0.534883720930233,0.302325581395349,0.348837209302326,0.116279069767442,0.0465116279069767,1.46511627906977,0,1.06976744186047,0.418604651162791,0.558139534883721,0.488372093023256,0.27906976744186,2.04651162790698,0.302325581395349,7.69767441860465,0.162790697674419,0.116279069767442,38591,1890,0.783154861426128,0.955555555555556,0.796296296296296,44,21.527,9.50652921297208,5.91141382801425,5.6356700065487,1062.83720930233,811.348837209302,0,0,0,0,0,0,0,1
65535,38635,0.275862068965517,0.448275862068966,1.20689655172414,1.24137931034483,0.0689655172413793,0.137931034482759,1.86206896551724,2.06896551724138,0.103448275862069,0.655172413793103,0.0689655172413793,0.0689655172413793,1.03448275862069,0.482758620689655,0.275862068965517,0.689655172413793,0.137931034482759,0,0.793103448275862,0,0.586206896551724,0.689655172413793,NaN,0.620689655172414,0.241379310344828,2.17241379310345,0.379310344827586,17.0344827586207,0.310344827586207,0.241379310344828,38635,1275,0.590555572594329,0.935483870967742,0.69047619047619,44,16.954,6.89492799433172,5.56418602580418,16.5532766726482,1076.75862068966,812.827586206897,0.5,44,38284,0,0,0,0,0
65535,38679,0.389830508474576,0.11864406779661,0.474576271186441,0.203389830508475,0.11864406779661,0.0847457627118644,1.38983050847458,3.08474576271186,0.0508474576271186,1.01694915254237,0.152542372881356,0.0169491525423729,2.57627118644068,0.457627118644068,0.169491525423729,0.559322033898305,0.11864406779661,0.0338983050847458,1.54237288135593,0.0169491525423729,1.10169491525424,0.542372881355932,1.23728813559322,0.423728813559322,0.864406779661017,1.45762711864407,0.23728813559322,11.9661016949153,0.338983050847458,0.0847457627118644,38679,2593,0.733814337252407,0.921875,0.7375,44,27.242,10.9664485085007,7.45005756863125,18.8757884445656,360.796610169492,813.491525423729,0,0,0,0,0,0,0,1
65535,38723,0.28125,0.0625,0.59375,0.15625,0,0.09375,0.78125,1.90625,0,1.09375,0.09375,0.0625,2.40625,0.25,0.15625,0.875,0.09375,0.0625,1.34375,0.09375,0.625,0.5625,3.75,0.4375,0.34375,1.65625,0.25,9.96875,0.3125,0.0625,38723,1407,0.801246653335498,0.96969696969697,0.711111111111111,44,18.732,8.43153997417778,5.04487862396201,-7.70325621771488,1205.4375,815.0625,0.173913043478261,44,39031,0,0,0,0,1
65535,38767,0.3,0.233333333333333,0.666666666666667,0.266666666666667,0.133333333333333,0.0333333333333333,1.13333333333333,2.13333333333333,0.0333333333333333,1.03333333333333,0.2,0.1,1.53333333333333,0.266666666666667,0.166666666666667,0.5,0.0333333333333333,0.1,1.46666666666667,0.0333333333333333,0.733333333333333,0.4,1.1,0.6,0.633333333333333,1.83333333333333,0.133333333333333,8.43333333333333,0.3,0.133333333333333,38767,1319,0.889130092107372,0.909090909090909,0.625,44,19.013,9.45281733086357,4.32612478096003,26.3401063461969,244.633333333333,815.666666666667,0,0,0,0,0,0,0,1
65535,38811,0.65,0.15,0.4,0.2,0.2,0.05,1.1,1.75,0.1,0.95,0.1,0.05,1.2,0.7,0,0.45,0.25,0.15,0.65,0,1.35,0.3,0.4,0.6,0.65,1.85,0.1,13.05,0.25,0.2,38811,879,0.708665225942011,44,0.833333333333333,44,13.654,6.16173336306476,4.34737951289754,10.8337444683339,222.95,817.6,0,0,0,0,0,0,0,1
65535,38855,0.780487804878049,0.146341463414634,0.24390243902439,0.219512195121951,0.121951219512195,0.195121951219512,1.04878048780488,1.80487804878049,0.121951219512195,1.1219512195122,0.0731707317073171,0.121951219512195,1.63414634146341,0.609756097560976,0.780487804878049,0.292682926829268,0.0487804878048781,0.219512195121951,2.02439024390244,0.0487804878048781,1.1219512195122,0.292682926829268,0.48780487804878,0.341463414634146,0.170731707317073,2.5609756097561,0.24390243902439,7.14634146341463,0.365853658536585,0.0487804878048781,38855,1802,0.683279008295407,0.931818181818182,0.732142857142857,44,20.328,8.56640242679855,6.25482193587069,52.767167845552,1123.9756097561,816.707317073171,0.384615384615385,44,38328,0,0,0,0,1
65535,38899,0.298507462686567,0.164179104477612,0.253731343283582,0.17910447761194,0.104477611940299,0.0298507462686567,1.40298507462687,2.92537313432836,0.0895522388059701,0.761194029850746,0.0746268656716418,0.0149253731343284,3.07462686567164,0.388059701492537,0.0447761194029851,0.671641791044776,0.0746268656716418,0.0746268656716418,1.02985074626866,0,0.925373134328358,0.492537313432836,2.46268656716418,0.582089552238806,0.73134328358209,1.35820895522388,0.164179104477612,9.58208955223881,0.582089552238806,0.104477611940299,38899,2945,0.653400951670837,0.87012987012987,0.609090909090909,44,30.451,10.9342581669622,8.27736484723244,85.3181693886543,1242.50746268657,817.776119402985,0,0,0,0,0,0,0,1
65535,38943,0.16,0.2,0.44,0.4,0.48,0.04,1.16,1.84,0,1.96,0,0.08,1.32,0.56,0.2,0.6,0.12,0.04,1.76,0,1.6,0.36,0.72,0.6,0.24,2.32,0.24,11.96,0.48,0.16,38943,1099,0.758147983599253,0.925925925925926,0.714285714285714,44,15.647,7.16011451080614,4.66898563489009,6.88532589315639,417.16,818.12,0,0,0,0,0,0,0,1
65535,38987,0.117647058823529,0.176470588235294,1.26470588235294,1.17647058823529,0.176470588235294,0.0588235294117647,3.08823529411765,2.70588235294118,0.205882352941176,0.794117647058823,0.0294117647058824,0.0588235294117647,1.38235294117647,0.735294117647059,0.0588235294117647,1.08823529411765,0.176470588235294,0.0294117647058824,1.17647058823529,0.0294117647058824,1.11764705882353,0.764705882352941,4.29411764705882,0.588235294117647,0.176470588235294,2.70588235294118,0.323529411764706,35.2352941176471,0.264705882352941,0.264705882352941,38987,1494,0.631366678973865,0.918918918918919,0.693877551020408,44,19.286,7.73407477731943,5.99765464760468,41.8005216863156,62.6470588235294,818.235294117647,0.565217391304348,44,39339,0,0,0,0,1
65535,39031,0.0625,0.0625,1.46875,0.78125,0.125,0.09375,2.21875,2.3125,0.09375,0.9375,0.15625,0.0625,2.09375,0.53125,0.125,0.6875,0.09375,0.15625,1.53125,0.09375,1.1875,0.90625,5.8125,0.5,0.15625,2.4375,0.25,18.1875,0.40625,0.1875,39031,1407,0.825322426723129,0.864864864864865,0.533333333333333,44,21.643,9.10846530753872,5.14320196064964,-16.6341328632417,1199.25,819.625,0.16,44,38723,0,0,0,0,1
65535,39075,0.267605633802817,0.140845070422535,1.33802816901408,0.859154929577465,0.225352112676056,0.0704225352112676,3.52112676056338,2.85915492957747,0.0422535211267606,0.802816901408451,0.183098591549296,0.0563380281690141,1.29577464788732,0.704225352112676,0.0845070422535211,1.05633802816901,0.140845070422535,0.154929577464789,1.63380281690141,0.028169014084507,0.929577464788732,0.802816901408451,3.66197183098592,0.563380281690141,0.563380281690141,2.70422535211268,0.436619718309859,21.3098591549296,0.464788732394366,0.253521126760563,39075,3121,0.856012571818794,0.771739130434783,0.546153846153846,44,36.149,14.2052254899758,7.34346240998715,-59.0245956027703,43.3098591549296,821.521126760563,0.292682926829268,44,39514,0,0,0,0,1
65535,39119,0.0952380952380952,0.2,0.885714285714286,0.647619047619048,0.133333333333333,0.133333333333333,3.16190476190476,2.73333333333333,0.114285714285714,0.504761904761905,0.238095238095238,0.0380952380952381,1.42857142857143,0.542857142857143,0.0571428571428571,NaN,0.104761904761905,0.0857142857142857,0.704761904761905,0.019047619047619,0.676190476190476,0.419047619047619,3.80952380952381,0.580952380952381,0.352380952380952,1.52380952380952,0.285714285714286,17.8857142857143,0.266666666666667,0.371428571428571,39119,4615,0.736690076681949,0.981308411214953,0.75,44,34.644,14.2074392044107,9.60750415589713,17.4785367572853,662.761904761905,820.961904761905,0,0,0,0,0,0,0,0
65535,39163,0.597826086956522,0.0978260869565217,0.391304347826087,0.0434782608695652,0.0652173913043478,0.0760869565217391,1.32608695652174,2.8804347826087,0.0217391304347826,1.14130434782609,0.0434782608695652,0.0652173913043478,3.3804347826087,0.597826086956522,0.260869565217391,0.58695652173913,0.130434782608696,0.16304347826087,0.978260869565217,0.0217391304347826,1.02173913043478,0.467391304347826,0.543478260869565,0.739130434782609,0.608695652173913,1.53260869565217,0.0543478260869565,9.15217391304348,0.5,0.0978260869565217,39163,4044,0.715936553971372,0.958333333333333,0.73015873015873,44,33.147,13.1162309456872,9.15729791953303,-0.815692630950247,579.369565217391,822.434782608696,0,0,0,0,0,0,0,1
65535,39207,0.64,0.08,0.8,0.2,0.44,0.08,9.56,4.24,0.12,0.76,0.04,0.04,2.4,0.88,0.52,0.96,0.2,0.04,0.84,0.04,0.76,0.56,1.44,0.6,0.8,2.24,0.28,15.44,0.32,0.08,39207,1099,0.633963258541911,44,0.833333333333333,44,14.787,6.50578026244664,5.03133082230004,-27.0306892906092,489.76,822.96,0,0,0,0,0,0,0,1
65535,39251,0.363636363636364,0.0909090909090909,0.545454545454545,0.363636363636364,0.0909090909090909,0.0454545454545455,1.77272727272727,2.90909090909091,0.0454545454545455,1.5,0.181818181818182,0.0454545454545455,1.13636363636364,0.363636363636364,0.227272727272727,0.545454545454545,0.181818181818182,0,1.40909090909091,0.0909090909090909,0.954545454545455,0.227272727272727,0.863636363636364,0.636363636363636,0.409090909090909,2.27272727272727,0.0909090909090909,9.63636363636364,0.363636363636364,0.136363636363636,39251,967,0.384395775364917,44,0.88,44,13.935,5.63899775492998,5.20574451401901,22.3574743612081,308.045454545455,826.272727272727,0,0,0,0,0,0,0,1
65535,39295,0.583333333333333,0.291666666666667,0.541666666666667,0.458333333333333,0.291666666666667,0.125,1.04166666666667,1.95833333333333,0.0416666666666667,0.833333333333333,0.0416666666666667,0.0416666666666667,1.375,0.333333333333333,0.25,0.833333333333333,0.25,0.0416666666666667,1.5,0,0.791666666666667,0.416666666666667,0.75,0.875,0.416666666666667,1.04166666666667,0.333333333333333,11.6666666666667,0.25,0,39295,1055,0.605047061057551,44,0.8,44,14.605,6.35292855320751,5.05813634081616,9.31966621257173,1265.79166666667,826.291666666667,0,0,0,0,0,0,0,1
65535,39339,0.150684931506849,0.287671232876712,1.15068493150685,1.28767123287671,0.178082191780822,0.123287671232877,3.10958904109589,3.53424657534247,0.164383561643836,0.808219178082192,0.178082191780822,0.0821917808219178,1.23287671232877,0.73972602739726,0.0684931506849315,1.02739726027397,0.0958904109589041,0.0547945205479452,0.89041095890411,0,0.972602739726027,0.671232876712329,2.86301369863014,0.589041095890411,0.287671232876712,3.05479452054795,0.438356164383562,32.3561643835616,0.397260273972603,0.328767123287671,39339,3209,0.400319677804192,0.901234567901235,0.603305785123967,44,29.905,10.3224384946737,9.45923029190054,-4.60363188276036,64.2465753424657,824.931506849315,0.710526315789474,88,38987,39426,0,0,0,1
65535,39383,0.310344827586207,0.206896551724138,0.862068965517241,1.3448275862069,0.0172413793103448,0.172413793103448,2.6551724137931,2.1551724137931,0.0689655172413793,1.20689655172414,0.0862068965517241,0.0517241379310345,1.20689655172414,0.637931034482759,0.448275862068966,0.637931034482759,0.120689655172414,0.0517241379310345,1.31034482758621,0.0344827586206897,1.18965517241379,0.53448275862069,0.827586206896552,0.586206896551724,0.344827586206897,2.44827586206897,0.293103448275862,14.7241379310345,0.137931034482759,0.172413793103448,39383,2549,0.746541376188155,0.935483870967742,0.725,44,27.242,10.8062737147838,7.18983525550154,39.4123708791343,555.103448275862,827.620689655172,0,0,0,0,0,0,0,1
65535,39426,0.147540983606557,0.0983606557377049,0.836065573770492,1.9016393442623,0.163934426229508,0.0491803278688525,2.83606557377049,2.72131147540984,0.131147540983607,0.901639344262295,0.0983606557377049,0.114754098360656,1.37704918032787,0.60655737704918,0.0819672131147541,1.01639344262295,0.0327868852459016,0.131147540983607,1.04918032786885,0.0327868852459016,0.786885245901639,0.655737704918033,2.32786885245902,0.622950819672131,0.311475409836066,3.27868852459016,0.262295081967213,30.4590163934426,0.344262295081967,0.213114754098361,39426,2681,0.850046067221151,0.884057971014493,0.586538461538462,44,30.079,12.5849886368681,6.62861857152448,-11.3208617894047,56.9672131147541,829.491803278689,0.351351351351351,44,39339,0,0,0,0,1
65535,39470,0.346153846153846,0.307692307692308,0.615384615384615,0.230769230769231,0.0769230769230769,0,1.76923076923077,1.57692307692308,0.0384615384615385,1.15384615384615,0.115384615384615,0.0769230769230769,1.23076923076923,0.423076923076923,0.0769230769230769,0.5,0.0769230769230769,0.115384615384615,1.84615384615385,0,1.11538461538462,0.461538461538462,0.846153846153846,0.423076923076923,1.26923076923077,2.96153846153846,0.461538461538462,12.9230769230769,0.346153846153846,0.153846153846154,39470,1143,0.787453698673142,0.928571428571429,0.742857142857143,44,15.829,7.48879517302704,4.61589720577027,14.582222905303,357.153846153846,829.192307692308,0,0,0,0,0,0,0,1
65535,39514,0.5,0.342105263157895,1.28947368421053,0.657894736842105,0.157894736842105,0.105263157894737,3.57894736842105,3.55263157894737,0.131578947368421,1.05263157894737,0.157894736842105,0.0526315789473684,1.71052631578947,0.657894736842105,0.0263157894736842,0.684210526315789,0.0789473684210526,0.0526315789473684,1.21052631578947,0,0.973684210526316,0.736842105263158,3.10526315789474,0.578947368421053,0.447368421052632,2.31578947368421,0.236842105263158,22.2105263157895,0.184210526315789,0.315789473684211,39514,1670,0.793900876384868,0.95,0.703703703703704,44,20.419,9.13766409706874,5.55613107663402,20.6604854114091,41.1052631578947,829.815789473684,0.52,44,39075,0,0,0,0,1
65535,39558,0.580645161290323,0.258064516129032,0.903225806451613,1.06451612903226,0.193548387096774,0.0967741935483871,1.61290322580645,2.80645161290323,0,0.935483870967742,0.161290322580645,0,1.19354838709677,0.645161290322581,0.032258064516129,0.548387096774194,0.032258064516129,0.161290322580645,1.58064516129032,0.032258064516129,0.741935483870968,0.483870967741936,1.96774193548387,0.709677419354839,0.451612903225806,2.38709677419355,0.161290322580645,18.0322580645161,0.258064516129032,0.32258064516129,39558,1363,0.788348409261263,0.939393939393939,0.688888888888889,44,18.823,8.23155198230764,5.06428991714788,-3.54284014808871,1204.70967741935,832.225806451613,0.227272727272727,44,39690,0,0,0,0,1
65535,39602,0.27906976744186,0.255813953488372,0.581395348837209,0.790697674418605,0.0232558139534884,0.0930232558139535,2.34883720930233,3.37209302325581,0.116279069767442,0.86046511627907,0.0930232558139535,0.0930232558139535,2.02325581395349,0.744186046511628,0.27906976744186,1.46511627906977,0.13953488372093,0.0465116279069767,1.83720930232558,0.0232558139534884,1.55813953488372,0.906976744186046,2.23255813953488,0.604651162790698,0.348837209302326,2.16279069767442,0.302325581395349,22.6976744186047,0.395348837209302,0.302325581395349,39602,1890,0.893773988781122,0.934782608695652,0.614285714285714,44,23.876,11.4070822038365,5.1162773806375,30.6677424274454,1293.32558139535,832.325581395349,0,0,0,0,0,0,0,1
65535,39646,0.405405405405405,0.0810810810810811,0.189189189189189,0.189189189189189,0.0540540540540541,0.0540540540540541,0.675675675675676,2.40540540540541,0,0.810810810810811,0.0810810810810811,0.027027027027027,1.81081081081081,0.486486486486487,0.108108108108108,0.432432432432432,0.675675675675676,0.297297297297297,1.02702702702703,0.0540540540540541,1.32432432432432,0.189189189189189,0.594594594594595,0.594594594594595,0.540540540540541,NaN,0.162162162162162,8.18918918918919,0.162162162162162,0.027027027027027,39646,1626,0.627569846394227,0.948717948717949,0.770833333333333,44,20.601,8.01674410412339,6.24151842268916,4.06130977841093,1057.51351351351,834.27027027027,0,0,0,0,0,0,0,0
65535,39690,0.238095238095238,0.0952380952380952,0.952380952380952,0.80952380952381,0.142857142857143,0.0476190476190476,1.71428571428571,3.76190476190476,0,0.142857142857143,0.142857142857143,0.0952380952380952,1.47619047619048,0.476190476190476,0.476190476190476,0.666666666666667,0.0952380952380952,0.0952380952380952,1.66666666666667,0,0.904761904761905,0.523809523809524,0.80952380952381,0.571428571428571,0.523809523809524,2.52380952380952,0.238095238095238,13.5714285714286,0.428571428571429,0.0476190476190476,39690,923,0.336163207369247,0.954545454545455,0.84,44,13.29,5.44058060889343,5.1239592037388,20.3006473225022,1211.85714285714,835.190476190476,0.3125,44,39558,0,0,0,0,1
65535,39734,0.155844155844156,0.233766233766234,1.07792207792208,0.597402597402597,0.181818181818182,0.103896103896104,3.38961038961039,3.19480519480519,0.038961038961039,0.883116883116883,0.142857142857143,0.0779220779220779,1.49350649350649,0.883116883116883,0.532467532467532,0.922077922077922,0.168831168831169,0.181818181818182,1.54545454545455,0,0.844155844155844,0.766233766233766,1.96103896103896,0.402597402597403,0.311688311688312,2.67532467532468,0.298701298701299,28.8961038961039,0.298701298701299,0.480519480519481,39734,3384,0.878383404576243,0.793814432989691,0.5,44,35.777,15.1572582557765,7.24451293861879,-20.4331979664691,537.506493506493,836.844155844156,0,0,0,0,0,0,0,1
65535,39778,0.422222222222222,0.155555555555556,0.622222222222222,0.511111111111111,0.0666666666666667,0.0444444444444444,1.02222222222222,1.84444444444444,0,0.777777777777778,0.111111111111111,0.0444444444444444,0.844444444444444,0.377777777777778,0.177777777777778,0.466666666666667,0.0888888888888889,0.111111111111111,0.955555555555556,0,0.688888888888889,0.355555555555556,0.444444444444444,0.488888888888889,0.466666666666667,1.4,0.2,11.3555555555556,0.288888888888889,0.0666666666666667,39778,1978,0.587963097781994,0.9375,0.803571428571429,44,24.058,8.62338458025668,6.97535016941298,6.10395595631101,851.377777777778,838.155555555556,0.392857142857143,44,39866,0,0,0,0,1
65535,39822,0.407407407407407,0.0740740740740741,1.11111111111111,0.0740740740740741,0.111111111111111,0.0740740740740741,2.59259259259259,4.88888888888889,0.148148148148148,1.37037037037037,0.0740740740740741,0.0740740740740741,2.22222222222222,NaN,0.148148148148148,0.703703703703704,0.185185185185185,0.259259259259259,1.11111111111111,0.0740740740740741,0.777777777777778,0.518518518518518,2.03703703703704,0.407407407407407,0.481481481481481,2.88888888888889,0.185185185185185,13.2592592592593,0.296296296296296,0.222222222222222,39822,1187,0.408013173098889,0.931034482758621,0.642857142857143,44,16.772,6.42957859815578,5.8700512108064,-75.0822304498692,1026.77777777778,839.481481481482,0.619047619047619,44,39998,0,0,0,0,0
65535,39866,0.485714285714286,0.142857142857143,0.571428571428571,0.514285714285714,0.0285714285714286,0.114285714285714,1.17142857142857,1.68571428571429,0.171428571428571,1.54285714285714,0.171428571428571,0.0285714285714286,0.885714285714286,0.314285714285714,0.114285714285714,0.514285714285714,0.228571428571429,0.0857142857142857,1.02857142857143,0.114285714285714,0.457142857142857,0.428571428571429,0.514285714285714,0.428571428571429,0.457142857142857,1.71428571428571,0.342857142857143,8.22857142857143,0.0857142857142857,0.114285714285714,39866,1538,0.769035227652635,0.921052631578947,0.625,44,20.229,8.64514847432397,5.52603421228979,32.5580358019668,844.428571428571,840.657142857143,0.458333333333333,44,39778,0,0,0,0,1
65535,39910,0.78125,0.375,0.84375,0.59375,0.125,0.21875,2.28125,2.03125,0.21875,1.21875,0.09375,0.03125,1.53125,0.53125,0.0625,0.53125,0.09375,0.21875,1.6875,0,1.28125,0.6875,0.625,0.375,0.5,1.875,0.15625,11.71875,0.25,0.125,39910,1407,0.84245965827254,0.96969696969697,0.8,44,18.707,8.83770988562376,4.7613995467945,20.8489575414545,963.375,841.90625,0,0,0,0,0,0,0,1
65535,39954,1.2,0.2,0.7,0.3,0.15,0.1,4.65,NaN,0,1.05,0.05,0.15,1.95,0.5,0.1,0.2,0.05,0.15,1.1,0,1.2,0.5,1.2,0.45,0.7,1.2,0.05,8.1,0.5,0.15,39954,879,0.711990771823485,0.909090909090909,0.666666666666667,44,14.142,6.31734486731034,4.43596894647994,-1.58677315494839,1383.7,842.95,0,0,0,0,0,0,0,0
65535,39998,0.636363636363636,0.0909090909090909,0.272727272727273,0.227272727272727,0.136363636363636,0.0454545454545455,1.77272727272727,2.31818181818182,0.227272727272727,0.590909090909091,0.181818181818182,0.0454545454545455,0.818181818181818,0.454545454545455,0,0.5,0.0454545454545455,0.0454545454545455,1.27272727272727,0.0909090909090909,0.5,0.454545454545455,0.772727272727273,0.590909090909091,0.363636363636364,1.27272727272727,0.181818181818182,NaN,0.363636363636364,0.181818181818182,39998,967,0.698984496973623,0.846153846153846,0.611111111111111,44,16.954,6.7621847023681,4.83588727220363,39.195394376498,1024.68181818182,844.136363636364,0.578947368421053,44,39822,0,0,0,0,0
65535,40042,0.314285714285714,0.2,0.857142857142857,0.971428571428571,0.114285714285714,0.0571428571428571,2.25714285714286,2.31428571428571,0.0285714285714286,0.828571428571429,0.142857142857143,0.142857142857143,1.48571428571429,0.685714285714286,1.51428571428571,0.571428571428571,0.0571428571428571,0.2,1.6,0.0285714285714286,0.6,0.685714285714286,0.914285714285714,0.742857142857143,0.514285714285714,2.2,0.285714285714286,17.4857142857143,0.257142857142857,0.257142857142857,40042,1538,0.34439788733389,44,0.833333333333333,44,18.616,7.00793659885878,6.57921754754624,5.4282066740311,701.4,845.657142857143,0,0,0,0,0,0,0,1
65535,40086,0.914285714285714,0.257142857142857,0.457142857142857,0.342857142857143,0.171428571428571,0.0857142857142857,1.28571428571429,2.31428571428571,0.114285714285714,1.34285714285714,0.0285714285714286,0.0571428571428571,1.25714285714286,0.485714285714286,0.142857142857143,0.371428571428571,0.142857142857143,0.142857142857143,0.828571428571429,0.0285714285714286,1.08571428571429,0.314285714285714,0.6,0.485714285714286,0.742857142857143,2.05714285714286,0.2,9.85714285714286,0.257142857142857,0.142857142857143,40086,1538,0.533142459838814,44,0.833333333333333,44,18.153,7.37565101772066,6.23998871310086,11.4849076625031,78.9142857142857,844.8,0,0,0,0,0,0,0,1
65535,40130,0.826086956521739,0.130434782608696,0.347826086956522,0.478260869565217,0.0434782608695652,0.0434782608695652,1.34782608695652,2.17391304347826,0,0.739130434782609,0.173913043478261,0,1.65217391304348,0.739130434782609,0.0869565217391304,0.434782608695652,0.304347826086957,0,0.956521739130435,0.0434782608695652,0.652173913043478,0.478260869565217,0.782608695652174,0.521739130434783,0.608695652173913,1.60869565217391,0.391304347826087,10.4782608695652,0.217391304347826,0.217391304347826,40130,1011,0.533292767535904,44,0.766666666666667,44,14.142,5.98554840210456,5.0633594146306,30.0431770042325,942.782608695652,847.130434782609,0,0,0,0,0,0,0,1
65535,40174,0.107142857142857,0.321428571428571,NaN,1.14285714285714,0.0357142857142857,0.0714285714285714,NaN,2.32142857142857,0.107142857142857,0.392857142857143,0.107142857142857,0,1.21428571428571,0.464285714285714,0,0.607142857142857,0.0714285714285714,0.178571428571429,1.14285714285714,0.0357142857142857,0.892857142857143,0.428571428571429,3.21428571428571,0.428571428571429,0.607142857142857,1.46428571428571,0.178571428571429,15.0714285714286,0.25,0.25,40174,1231,0.937353152743363,0.848484848484849,0.636363636363636,44,21.709,10.7430940902246,3.74268594408667,84.6650264855212,236.285714285714,848.678571428571,0,0,0,0,0,0,0,0
65535,40218,0.0952380952380952,0.19047619047619,0.904761904761905,0.380952380952381,0.19047619047619,0.142857142857143,0.904761904761905,NaN,0.0952380952380952,0.761904761904762,0.0952380952380952,0.0476190476190476,0.904761904761905,0.476190476190476,0.476190476190476,0.619047619047619,0.0476190476190476,0.142857142857143,0.761904761904762,0,1.57142857142857,1.04761904761905,0.952380952380952,0.666666666666667,0.619047619047619,1.42857142857143,0.238095238095238,6.80952380952381,0.238095238095238,0.380952380952381,40218,923,0.73496450927458,44,0.875,44,13.381,6.36380931210564,4.31533456930668,-7.20249820514168,380.619047619048,847.571428571429,0,0,0,0,0,0,0,0
65535,40262,0.178571428571429,0.285714285714286,0.75,0.214285714285714,0.142857142857143,0.0357142857142857,1.42857142857143,1.60714285714286,0.0357142857142857,0.607142857142857,0.0714285714285714,0,1.46428571428571,0.428571428571429,0.357142857142857,0.571428571428571,0.0357142857142857,0.0357142857142857,1.75,0.0714285714285714,1.07142857142857,0.821428571428571,0.785714285714286,0.464285714285714,0.571428571428571,1.60714285714286,0.142857142857143,7.60714285714286,0.392857142857143,0.107142857142857,40262,1231,0.73274256639595,0.933333333333333,0.7,44,17.235,7.47767626421433,5.08860309880122,4.10360820595907,449.25,848.25,0,0,0,0,0,0,0,1
65535,40306,0.814814814814815,0.222222222222222,0.277777777777778,0.296296296296296,0.0740740740740741,0.0185185185185185,1.18518518518519,1.88888888888889,0.0555555555555556,0.907407407407407,0.037037037037037,0.0740740740740741,5.87037037037037,0.5,2.16666666666667,0.351851851851852,0.0925925925925926,0.240740740740741,0.481481481481481,0.0185185185185185,0.814814814814815,0.425925925925926,0.5,0.351851851851852,0.37037037037037,1.81481481481481,0.259259259259259,7.25925925925926,0.574074074074074,0.0925925925925926,40306,2374,0.62693192258316,0.947368421052632,0.75,44,24.066,9.56013530608547,7.44805326435386,16.7212436097066,1157.03703703704,848.203703703704,0.433333333333333,44,40613,0,0,0,0,1
65535,40350,0.772727272727273,0.454545454545455,0.409090909090909,0.227272727272727,0.136363636363636,0.0454545454545455,9.72727272727273,5.36363636363636,0.136363636363636,1.09090909090909,0.0909090909090909,0.0909090909090909,2.04545454545455,1.59090909090909,0.0454545454545455,1.27272727272727,0.0454545454545455,0.0454545454545455,0.636363636363636,0,0.727272727272727,0.5,0.5,0.772727272727273,NaN,1.59090909090909,0.363636363636364,12.8636363636364,0.227272727272727,0.227272727272727,40350,967,0.754337305898901,0.916666666666667,0.733333333333333,44,14.514,6.78652614261666,4.45526643465179,64.0420804041281,51.7272727272727,851.136363636364,0,0,0,0,0,0,0,0
65535,40393,0.588235294117647,0.132352941176471,0.5,0.147058823529412,0.0441176470588235,0.0588235294117647,1.35294117647059,2.77941176470588,0.0588235294117647,1.19117647058824,0.0735294117647059,0,2.69117647058824,0.529411764705882,0.0735294117647059,0.470588235294118,0.0735294117647059,0.0147058823529412,1.07352941176471,0.0294117647058824,1.66176470588235,0.411764705882353,1.69117647058824,0.632352941176471,0.823529411764706,1.77941176470588,0.205882352941176,11.3529411764706,0.308823529411765,0.161764705882353,40393,2989,0.736699221414297,0.918918918918919,0.708333333333333,44,28.656,11.5787352766373,7.82977895046623,0.0980901655803884,752.705882352941,850.323529411765,0,0,0,0,0,0,0,1
65535,40437,0.256410256410256,0.128205128205128,0.692307692307692,0.358974358974359,0.0769230769230769,0.128205128205128,1.12820512820513,1.48717948717949,0.0769230769230769,1.51282051282051,0.128205128205128,0.0256410256410256,1.33333333333333,0.333333333333333,0.128205128205128,0.205128205128205,0.0512820512820513,0.256410256410256,1.74358974358974,0.0256410256410256,1.05128205128205,0.871794871794872,0.794871794871795,0.512820512820513,0.41025641025641,1.94871794871795,0.179487179487179,5.38461538461539,0.333333333333333,0.0769230769230769,40437,1714,0.778334242654012,0.886363636363636,0.619047619047619,44,22.47,9.28151793793439,5.82740239893814,-32.1720006930714,1004.66666666667,849.564102564103,0,0,0,0,0,0,0,1
65535,40481,0.0975609756097561,0.0731707317073171,1.31707317073171,0.731707317073171,0.146341463414634,0.0975609756097561,1.85365853658537,1.68292682926829,0.121951219512195,0.536585365853659,0.195121951219512,0,1.29268292682927,0.390243902439024,0.024390243902439,0.536585365853659,0.024390243902439,0.024390243902439,1.04878048780488,0.0731707317073171,0.463414634146341,0.853658536585366,3.68292682926829,0.463414634146341,0.146341463414634,1.29268292682927,0.121951219512195,16.1951219512195,0.24390243902439,0.195121951219512,40481,1802,0.793472714653165,0.976190476190476,0.732142857142857,44,21.428,9.48396564167403,5.77199674045591,-47.5553647451162,1372.26829268293,851.975609756098,0,0,0,0,0,0,0,1
65535,40525,0.596491228070175,0.0701754385964912,0.315789473684211,0.157894736842105,0.105263157894737,0.0701754385964912,1.40350877192982,2.63157894736842,0.140350877192982,0.894736842105263,0.140350877192982,0.0175438596491228,3.52631578947368,0.508771929824561,2.31578947368421,0.894736842105263,0.140350877192982,0.087719298245614,1.75438596491228,0.0175438596491228,1.15789473684211,0.280701754385965,0.649122807017544,0.701754385964912,0.491228070175439,1.01754385964912,0.228070175438596,10.8421052631579,0.315789473684211,0.0701754385964912,40525,2505,0.857733000559113,0.850746268656716,0.626373626373626,44,30.062,12.2146298266271,6.27948523764086,-85.1154351787699,953.087719298246,851.964912280702,0.272727272727273,44,40745,0,0,0,0,1
65535,40569,0.741935483870968,0.17741935483871,0.435483870967742,0.193548387096774,0.0967741935483871,0.129032258064516,1.24193548387097,2.43548387096774,0.0806451612903226,1.74193548387097,0.0806451612903226,0.032258064516129,1.87096774193548,0.451612903225806,0.129032258064516,0.451612903225806,0.129032258064516,0.112903225806452,1.03225806451613,0.032258064516129,1.64516129032258,0.532258064516129,0.612903225806452,0.564516129032258,0.67741935483871,2.11290322580645,0.241935483870968,11.9677419354839,0.370967741935484,0.225806451612903,40569,2725,0.73194713728164,0.984126984126984,0.885714285714286,44,25.629,10.8474368886819,7.39102503017707,9.07929949618646,1097.38709677419,851.91935483871,0,0,0,0,0,0,0,1
65535,40613,1.26530612244898,0.204081632653061,0.326530612244898,0.122448979591837,0.102040816326531,0.0408163265306122,1.06122448979592,1.48979591836735,0.122448979591837,1.69387755102041,0.102040816326531,0.0816326530612245,3.63265306122449,0.653061224489796,0.693877551020408,0.428571428571429,0.204081632653061,0.142857142857143,0.612244897959184,0.0204081632653061,2.04081632653061,0.36734693877551,0.346938775510204,0.326530612244898,0.36734693877551,NaN,0.122448979591837,5.79591836734694,0.510204081632653,0.224489795918367,40613,2154,0.661481662358236,0.859649122807018,0.6125,44,29.326,9.80831951539388,7.35586043951832,72.4177931019378,1159.36734693878,854.673469387755,0.411764705882353,44,40306,0,0,0,0,0
65535,40657,NaN,0.16,0.76,0.28,0.08,0.12,2.16,2.16,0.16,1.52,0.08,0.08,1.96,0.84,0.08,0.68,0.04,0.2,1.16,0,0.8,0.52,3.2,0.44,0.6,NaN,0.28,12.68,0.36,0.24,40657,1099,0.582200047604861,0.961538461538462,0.833333333333333,44,14.605,6.33525235678845,5.15084888561809,8.53551064565956,113.44,856.92,0,0,0,0,0,0,0,0
65535,40701,0.170731707317073,0.146341463414634,1.09756097560976,0.804878048780488,0.24390243902439,0.0975609756097561,2.48780487804878,2.48780487804878,0,1.09756097560976,0.121951219512195,0.0731707317073171,1.17073170731707,0.634146341463415,0.0975609756097561,0.829268292682927,0.0731707317073171,0.121951219512195,0.829268292682927,0,1.29268292682927,0.707317073170732,3.02439024390244,0.51219512195122,0.341463414634146,2.65853658536585,0.292682926829268,20.3414634146341,0.463414634146341,0.268292682926829,40701,1802,0.816238313009092,0.891304347826087,0.640625,44,23.57,10.0666466002058,5.81565618337785,56.8008135565539,549.146341463415,855.878048780488,0.407407407407407,44,41053,0,0,0,0,1
65535,40745,1.81818181818182,0.227272727272727,0.636363636363636,0.272727272727273,0.181818181818182,0.181818181818182,1.09090909090909,2.27272727272727,0.0454545454545455,0.772727272727273,0.272727272727273,0,2.81818181818182,0.727272727272727,0.5,0.5,0.0454545454545455,0.0909090909090909,1.40909090909091,0.0454545454545455,1.31818181818182,0.909090909090909,0.727272727272727,0.590909090909091,0.681818181818182,1.54545454545455,0.0909090909090909,10.7727272727273,0.227272727272727,0.227272727272727,40745,967,0.887856580999771,0.916666666666667,0.785714285714286,44,15.895,8.17506730499057,3.76151443069381,10.1328487354737,948.090909090909,858.772727272727,0.388888888888889,44,40525,0,0,0,0,1
65535,40789,0.327272727272727,0.109090909090909,0.727272727272727,0.2,0.0363636363636364,0.0545454545454545,0.818181818181818,2.07272727272727,0.0545454545454545,0.709090909090909,0.0909090909090909,0,1.10909090909091,0.4,0.0545454545454545,0.4,0.0727272727272727,0.109090909090909,1.01818181818182,0.0181818181818182,0.781818181818182,0.290909090909091,1.38181818181818,0.509090909090909,0.454545454545455,1.30909090909091,0.127272727272727,11.1090909090909,0.181818181818182,0.218181818181818,40789,2417,0.746673917976745,0.785714285714286,0.625,44,32.51,11.1980939268133,7.4488628273073,-70.9659409109661,1062.07272727273,857.727272727273,0,0,0,0,0,0,0,1
65535,40833,0.285714285714286,0.238095238095238,1.04761904761905,0.476190476190476,0.0952380952380952,0.0952380952380952,1.76190476190476,NaN,0.0952380952380952,0.666666666666667,0.142857142857143,0.0476190476190476,1.9047619047619,0.238095238095238,0,0.380952380952381,0.0952380952380952,0,1.14285714285714,0,NaN,0.619047619047619,1.0952380952381,0.476190476190476,0.380952380952381,2.95238095238095,0.142857142857143,12.5714285714286,0.619047619047619,0.0476190476190476,40833,923,0.760170580526708,44,0.875,44,14.117,6.60395291433389,4.29074371667924,15.1282185817646,1196.80952380952,858.666666666667,0,0,0,0,0,0,0,0
65535,40877,0.25,0.2,1.05,0.45,0.05,0.15,1.05,2.8,0.05,0.55,0.15,0.25,1.45,0.55,0.25,0.8,0,0.15,1.9,0.1,0.45,0.55,3.6,0.3,0.15,1.25,0.6,11.55,0.1,0.3,40877,879,0.742991324507385,44,0.833333333333333,44,13.472,6.36309980493782,4.25882936252052,9.39581211188474,375.7,860.75,0,0,0,0,0,0,0,1
65535,40921,0.3,0.1,0.333333333333333,0.2,0,0.0666666666666667,1.06666666666667,1.26666666666667,0,0.633333333333333,0.1,0.0666666666666667,NaN,0.466666666666667,0.133333333333333,0.433333333333333,0.2,0.166666666666667,1.03333333333333,0,0.433333333333333,0.5,0.566666666666667,0.2,0.366666666666667,1.16666666666667,0.266666666666667,6.5,0.3,0.1,40921,1319,0.763330184113415,0.909090909090909,0.75,44,18.459,8.0255337554764,5.184563320917,80.3748303385027,1311.93333333333,859.7,0,0,0,0,0,0,0,0
65535,40965,0.478260869565217,0.217391304347826,0.565217391304348,0.217391304347826,0.130434782608696,0.130434782608696,0.91304347826087,1.17391304347826,0.0434782608695652,1.34782608695652,0.217391304347826,0,0.782608695652174,0.478260869565217,0.0434782608695652,0.391304347826087,0.0869565217391304,0,1.1304347826087,0,0.739130434782609,0.434782608695652,0.565217391304348,0.260869565217391,0.173913043478261,1.69565217391304,0.260869565217391,6.69565217391304,0.434782608695652,0.173913043478261,40965,1011,0.773071875068945,0.958333333333333,0.821428571428571,44,14.787,6.90734802942563,4.38145818656204,2.19003022753183,1301.86956521739,862.478260869565,0,0,0,0,0,0,0,1
65535,41009,0.329268292682927,0.158536585365854,0.524390243902439,0.109756097560976,0.0365853658536585,0.0365853658536585,1.07317073170732,2.6219512195122,0.0365853658536585,1.02439024390244,0.0853658536585366,0.024390243902439,1.41463414634146,0.524390243902439,0.0609756097560976,0.658536585365854,0.170731707317073,0.0487804878048781,1.03658536585366,0,1.10975609756098,0.353658536585366,1.19512195121951,0.695121951219512,1.34146341463415,1.20731707317073,0.207317073170732,11.9390243902439,0.304878048780488,0.121951219512195,41009,3604,0.781786468873965,0.901098901098901,0.621212121212121,44,33.428,13.4545468887751,8.38953216296645,-39.6028938163289,840.5,862.451219512195,0,0,0,0,0,0,0,1
65535,41053,0.210144927536232,0.123188405797101,0.978260869565217,1.05072463768116,0.188405797101449,0.101449275362319,2.67391304347826,3.51449275362319,0.072463768115942,0.797101449275362,0.13768115942029,0.0434782608695652,1.60869565217391,0.731884057971015,0.123188405797101,1.1304347826087,0.13768115942029,0.123188405797101,NaN,0.036231884057971,0.920289855072464,0.550724637681159,2.34782608695652,0.673913043478261,0.268115942028986,2.10869565217391,0.282608695652174,23.0217391304348,0.376811594202899,0.282608695652174,41053,6066,0.797135639487075,0.836363636363636,0.58974358974359,44,48.604,18.2214844890799,11.0021373479716,9.88379235035223,554.768115942029,862.884057971015,0.203389830508475,44,40701,0,0,0,0,0
65535,41097,0.154929577464789,0.0985915492957746,0.887323943661972,0.450704225352113,0.169014084507042,0.0422535211267606,2.49295774647887,3.15492957746479,0.0985915492957746,1.11267605633803,0.112676056338028,0.0704225352112676,1.15492957746479,0.830985915492958,0.211267605633803,0.929577464788732,0.0985915492957746,0.154929577464789,1.05633802816901,0.028169014084507,1.05633802816901,0.591549295774648,1.42253521126761,0.71830985915493,0.323943661971831,2.36619718309859,0.338028169014085,17.7323943661972,0.380281690140845,0.338028169014085,41097,3121,0.520360551924384,0.959459459459459,0.788888888888889,44,27.341,10.3891484698291,8.87177862313305,60.9578406828319,252.732394366197,865.366197183099,0,0,0,0,0,0,0,1
65535,41141,0.44,0.16,0.96,0.28,0.16,0.12,1.52,3.24,0.04,0.92,0.12,0.04,2.44,0.52,0.04,0.64,0.08,0.12,0.92,0,0.44,0.4,2.04,0.6,0.4,NaN,0.2,NaN,0.36,0.12,41141,1099,0.363957204520377,44,0.694444444444444,44,15.73,6.07034935218735,5.6540185186348,7.60120435458808,1193.84,38152,0,0,0,0,0,0,0,0
65535,41185,0.275862068965517,0.310344827586207,0.379310344827586,0.344827586206897,0.206896551724138,0.172413793103448,0.862068965517241,1.3448275862069,0.0689655172413793,1.10344827586207,0.0689655172413793,0.0689655172413793,1.37931034482759,0.413793103448276,0.0689655172413793,0.448275862068966,0.0344827586206897,0.172413793103448,1.44827586206897,0.0344827586206897,1.17241379310345,0.379310344827586,0.793103448275862,0.344827586206897,0.931034482758621,1.48275862068966,0.275862068965517,6.41379310344828,0.241379310344828,0.137931034482759,41185,1275,0.777462549750245,0.935483870967742,0.69047619047619,44,17.789,7.90186535328308,4.96971413861199,-37.1621893302188,814.275862068965,866.758620689655,0,0,0,0,0,0,0,1
65535,41229,0.45,0.175,0.875,1.15,0.175,0.15,2.325,1.85,0,1.4,0.05,0,2.05,0.525,0.05,0.425,0.075,0.075,1.35,0,1.075,0.775,1.425,0.375,0.825,2.25,0.2,14.2,0.25,0.05,41229,1758,0.812493838214251,0.930232558139535,0.740740740740741,44,21.891,9.65371690566408,5.6278252080144,3.43544175477525,1205.15,868.2,0,0,0,0,0,0,0,1
65535,41273,0.8,0.25,0.5,0.1,0.15,0.15,4.4,1.65,0,1.15,0.15,0,1.35,0.7,0.05,0.3,0,0.1,1.1,0,NaN,0.45,0.35,0.35,0.3,NaN,0,5.45,0.3,0.1,41273,879,0.717137165600636,44,0.833333333333333,44,12.736,6.11010092660779,4.25832517937902,0,1074.5,870.5,0,0,0,0,0,0,0,0
65535,41316,0.535714285714286,0.214285714285714,0.5,0.285714285714286,0.0714285714285714,0.142857142857143,1.21428571428571,3.07142857142857,0.0714285714285714,1.07142857142857,0.214285714285714,0.0357142857142857,1.35714285714286,0.392857142857143,0.142857142857143,0.678571428571429,0.0357142857142857,0.0714285714285714,1.10714285714286,0,1.03571428571429,0.535714285714286,0.535714285714286,0.214285714285714,0.714285714285714,1.89285714285714,0.214285714285714,8.89285714285714,0.142857142857143,0.142857142857143,41316,1231,0.775567424516829,0.96551724137931,0.8,44,16.656,7.65604311819656,4.83299005667934,18.3818849525937,593.178571428571,870.892857142857,0,0,0,0,0,0,0,1
65535,41360,0.401785714285714,0.169642857142857,NaN,0.491071428571429,0.214285714285714,0.142857142857143,1.90178571428571,2.84821428571429,0.133928571428571,0.607142857142857,0.1875,0.0535714285714286,1.83035714285714,0.526785714285714,0.196428571428571,0.883928571428571,0.196428571428571,0.0803571428571429,0.607142857142857,0.0267857142857143,0.732142857142857,0.383928571428571,4.17857142857143,0.5,0.241071428571429,1.5,0.25,14.7142857142857,0.348214285714286,0.3125,41360,4923,0.669913905321337,0.941176470588235,0.615384615384615,44,38.87,14.3973791738361,10.6891727978202,54.8123795978347,1420.89285714286,870.776785714286,0,0,0,0,0,0,0,0
65535,41404,0.915492957746479,0.126760563380282,0.450704225352113,0.323943661971831,0.197183098591549,0.0845070422535211,3.14084507042254,3.97183098591549,0.028169014084507,1.07042253521127,0.0422535211267606,0.0563380281690141,3.49295774647887,0.605633802816901,0.112676056338028,1.05633802816901,0.112676056338028,0.112676056338028,1.09859154929577,0,1.1830985915493,0.450704225352113,0.661971830985916,0.676056338028169,0.619718309859155,1.28169014084507,0.183098591549296,11.112676056338,0.28169014084507,0.0985915492957746,41404,3121,0.359604558528653,0.855421686746988,0.645454545454546,44,34.851,10.3716191601178,9.67780758707832,15.2016190518677,723.30985915493,871.028169014084,0,0,0,0,0,0,0,1
65535,41448,0.186046511627907,0.0697674418604651,1.38372093023256,0.558139534883721,0.174418604651163,0.0930232558139535,2.8953488372093,2.61627906976744,0.0348837209302326,0.651162790697674,0.162790697674419,0.0116279069767442,1.37209302325581,0.662790697674419,0.0116279069767442,0.767441860465116,0.13953488372093,0.127906976744186,1.65116279069767,0,0.534883720930233,0.581395348837209,2.37209302325581,0.546511627906977,0.255813953488372,2.01162790697674,0.406976744186047,20.4186046511628,0.267441860465116,0.197674418604651,41448,3780,0.694164929769057,0.877551020408163,0.661538461538462,44,34.197,12.7668732484952,9.18979942515199,-88.8665848042216,636.418604651163,874.406976744186,0,0,0,0,0,0,0,1
65535,41492,0.1875,0.208333333333333,1.33333333333333,1.22916666666667,0.104166666666667,0.0625,2.35416666666667,NaN,0.0416666666666667,0.8125,0.0625,0.0208333333333333,2.02083333333333,0.6875,0.104166666666667,0.645833333333333,0.125,0.229166666666667,1.16666666666667,0,0.8125,0.583333333333333,2.625,0.604166666666667,0.291666666666667,1.77083333333333,0.354166666666667,18.4791666666667,0.270833333333333,0.354166666666667,41492,2110,0.444548030361918,0.941176470588235,0.666666666666667,44,22.677,8.42146088572856,7.54356583049641,8.64737541272227,30.4375,874.583333333333,0,0,0,0,0,0,0,0
65535,41536,0.766666666666667,0.0666666666666667,0.366666666666667,0.133333333333333,0.133333333333333,0.133333333333333,1.4,1.9,0,1.3,0.0333333333333333,0.0333333333333333,1.7,0.5,0.0666666666666667,0.5,0.0333333333333333,0.0666666666666667,1.36666666666667,0.0333333333333333,1.83333333333333,0.6,1.06666666666667,0.533333333333333,0.9,1.96666666666667,0.433333333333333,9.76666666666667,0.3,0.133333333333333,41536,1319,0.797959780809383,0.9375,0.625,44,18.087,8.1711717884025,4.92485267055141,14.9764522393163,57.5666666666667,874.7,0,0,0,0,0,0,0,1
65535,41580,0.202702702702703,0.0810810810810811,0.486486486486487,0.797297297297297,0.027027027027027,0.0675675675675676,2.31081081081081,3.2027027027027,0.0405405405405405,0.567567567567568,0.0675675675675676,0.0540540540540541,1.18918918918919,0.783783783783784,0.135135135135135,0.945945945945946,0.162162162162162,0.0945945945945946,0.5,0.027027027027027,0.567567567567568,0.486486486486487,1.94594594594595,0.662162162162162,0.283783783783784,1.60810810810811,0.27027027027027,13.1891891891892,0.283783783783784,0.189189189189189,41580,3253,0.905007222897626,0.891566265060241,0.660714285714286,44,33.428,15.2424195359152,6.48406734094026,75.8517671872342,362.351351351351,872.945945945946,0.365853658536585,44,41668,0,0,0,0,1
65535,41624,0.0526315789473684,0.263157894736842,0.421052631578947,0.736842105263158,0.289473684210526,0.105263157894737,1.65789473684211,1.21052631578947,0.131578947368421,1.18421052631579,0.236842105263158,0.0526315789473684,1.84210526315789,0.578947368421053,0.0526315789473684,0.473684210526316,0.0263157894736842,0.157894736842105,1.26315789473684,0.0263157894736842,1.28947368421053,0.894736842105263,2.28947368421053,0.342105263157895,0.631578947368421,2.02631578947368,0.289473684210526,10.6315789473684,0.315789473684211,0.184210526315789,41624,1670,0.871727854275077,0.844444444444444,0.633333333333333,44,23.115,10.5981204552041,5.19297680512927,5.53097543175668,404.815789473684,876.078947368421,0,0,0,0,0,0,0,1
65535,41668,0.133333333333333,0.166666666666667,0.633333333333333,1.16666666666667,0.0333333333333333,0.1,NaN,3.46666666666667,0.0666666666666667,0.366666666666667,0.0666666666666667,0.0333333333333333,1.4,1.16666666666667,0.0666666666666667,0.966666666666667,0.166666666666667,0.0666666666666667,0.3,0.0333333333333333,0.666666666666667,0.6,3.56666666666667,0.5,0.133333333333333,1.5,0.133333333333333,16.0333333333333,0.0666666666666667,0.2,41668,1319,0.550214050600223,0.857142857142857,0.714285714285714,44,19.195,7.21654847112385,6.0259886554018,75.7927377306555,356.433333333333,876.233333333333,0.666666666666667,44,41580,0,0,0,0,0
65535,41712,0.432432432432432,0.189189189189189,0.702702702702703,0.0810810810810811,0.027027027027027,0.108108108108108,1.86486486486486,3.05405405405405,0.0540540540540541,0.72972972972973,0.162162162162162,0.108108108108108,3.67567567567568,0.405405405405405,0.027027027027027,0.594594594594595,0.0540540540540541,0.135135135135135,0.864864864864865,0,NaN,0.486486486486487,4.21621621621622,0.594594594594595,0.486486486486487,2.37837837837838,0.216216216216216,13.972972972973,0.297297297297297,0.189189189189189,41712,1626,0.70072803154968,0.770833333333333,0.578125,44,28.929,9.18572629061241,6.55335893657188,-42.0369506909907,266.432432432432,879.459459459459,0,0,0,0,0,0,0,0
65535,41756,0.347826086956522,0.304347826086957,0.434782608695652,0.0869565217391304,0.173913043478261,0.0434782608695652,1.1304347826087,2.69565217391304,0.0434782608695652,0.739130434782609,0.0869565217391304,0.130434782608696,1.30434782608696,0.391304347826087,0,0.478260869565217,0.347826086956522,0.0434782608695652,1.17391304347826,0.0434782608695652,0.956521739130435,0.217391304347826,1.08695652173913,0.478260869565217,0.478260869565217,2.21739130434783,0.130434782608696,NaN,0.521739130434783,0.217391304347826,41756,1011,0.587240199158726,0.958333333333333,0.766666666666667,44,14.051,6.12378491507908,4.95666939419527,9.55648686683666,1091.60869565217,881.217391304348,0.5,44,41800,0,0,0,0,0
65535,41800,0.552941176470588,0.270588235294118,1.04705882352941,0.211764705882353,0.188235294117647,0.117647058823529,0.717647058823529,2.21176470588235,0.0470588235294118,NaN,0.129411764705882,0.0823529411764706,NaN,0.447058823529412,0.0941176470588235,0.576470588235294,0.0588235294117647,0.0941176470588235,1.72941176470588,0.0470588235294118,0.752941176470588,0.364705882352941,1.78823529411765,0.482352941176471,0.235294117647059,1.8,0.247058823529412,11.0823529411765,0.352941176470588,0.152941176470588,41800,3736,0.856769399062197,0.904255319148936,0.590277777777778,44,36.149,15.2702282818469,7.87485238447443,71.4050808220337,1097.88235294118,880.717647058824,0.25,44,41756,0,0,0,0,0
65535,41844,0.831168831168831,0.181818181818182,0.480519480519481,0.233766233766234,0.0649350649350649,0.0779220779220779,1.44155844155844,2.5974025974026,0.103896103896104,1.37662337662338,0.0779220779220779,0,3.14285714285714,0.597402597402597,0.0909090909090909,0.701298701298701,0.142857142857143,0.103896103896104,0.896103896103896,0.025974025974026,1.5974025974026,0.467532467532468,0.766233766233766,0.493506493506494,0.636363636363636,1.62337662337662,0.272727272727273,12.2337662337662,0.350649350649351,0.103896103896104,41844,3384,0.690818119895491,0.950617283950617,0.777777777777778,44,29.301,11.7350621810525,8.4847853265342,-24.9601543459236,58986,883.090909090909,0,0,0,0,0,0,0,0
65535,41888,0.265486725663717,0.132743362831858,0.867256637168142,0.283185840707965,0.247787610619469,0.0619469026548673,2.93805309734513,3.84955752212389,0.0884955752212389,0.867256637168142,0.150442477876106,0.0619469026548673,2.82300884955752,0.442477876106195,0.0884955752212389,1.19469026548673,0.0530973451327434,0.20353982300885,0.575221238938053,0.0265486725663717,0.814159292035398,0.433628318584071,7.3716814159292,0.575221238938053,0.247787610619469,1.5929203539823,0.247787610619469,17.4247787610619,0.371681415929204,0.300884955752212,41888,4967,0.654962064044581,0.957627118644068,0.724358974358974,44,36.612,14.0589004071335,10.6237734172835,-32.7708046986932,390.247787610619,881.159292035398,0.108695652173913,44,42196,0,0,0,0,1
65535,41932,0.666666666666667,0.266666666666667,0.383333333333333,0.15,0.0333333333333333,0.0333333333333333,1.08333333333333,2.81666666666667,0.0666666666666667,0.766666666666667,0.05,0.0666666666666667,NaN,0.316666666666667,0.133333333333333,0.616666666666667,0.0666666666666667,0.0166666666666667,0.933333333333333,0.0166666666666667,0.8,0.433333333333333,2.78333333333333,0.65,0.683333333333333,1.23333333333333,0.233333333333333,9.25,0.266666666666667,0.0666666666666667,41932,2637,0.610994976958602,0.923076923076923,0.681818181818182,44,27.242,10.2347533746134,8.10218358940329,85.6858350088596,36394,882.483333333333,0.484848484848485,44,42064,0,0,0,0,0
65535,41976,0.135135135135135,0.216216216216216,1.18918918918919,0.918918918918919,0.27027027027027,0.108108108108108,2.35135135135135,2.37837837837838,0.0810810810810811,0.675675675675676,0.216216216216216,0.027027027027027,1.91891891891892,0.324324324324324,0.027027027027027,0.756756756756757,0.108108108108108,0.0540540540540541,1.51351351351351,0,0.513513513513513,0.378378378378378,1.75675675675676,0.486486486486487,0.351351351351351,2.24324324324324,0.297297297297297,15.4324324324324,0.594594594594595,0.243243243243243,41976,1626,0.548167283201582,0.973684210526316,0.660714285714286,44,19.402,7.62755817206406,6.3794510369735,77.8826343349125,1201.24324324324,882.810810810811,0,0,0,0,0,0,0,1
65535,42020,0.592592592592593,0.111111111111111,0.259259259259259,0.444444444444444,0.148148148148148,0.037037037037037,1.07407407407407,1.88888888888889,0.111111111111111,0.777777777777778,0.037037037037037,0.0740740740740741,0.925925925925926,0.407407407407407,0,0.666666666666667,0.185185185185185,0.111111111111111,0.851851851851852,0.0740740740740741,0.703703703703704,0.703703703703704,0.296296296296296,0.592592592592593,0.703703703703704,1.40740740740741,0.037037037037037,10.5925925925926,0.185185185185185,0.111111111111111,42020,1187,0.712051098516451,0.964285714285714,0.771428571428571,44,15.92,7.11490008468125,4.99556805722413,9.1709932898525,110.185185185185,883.962962962963,0,0,0,0,0,0,0,1
65535,42064,0.440677966101695,0.135593220338983,0.796610169491525,0.152542372881356,0.0677966101694915,0.0508474576271186,1.42372881355932,3.22033898305085,0.0677966101694915,1.42372881355932,0.11864406779661,0.0508474576271186,1.52542372881356,0.525423728813559,0.0677966101694915,0.76271186440678,0.101694915254237,0.101694915254237,0.949152542372881,0.0169491525423729,0.966101694915254,0.389830508474576,0.491525423728814,0.559322033898305,0.559322033898305,1.47457627118644,0.152542372881356,11.1864406779661,0.203389830508475,0.11864406779661,42064,2593,0.554094063593311,0.921875,0.728395061728395,44,27.407,9.85716034349318,8.20563318756211,45.19422000574,36086,883.491525423729,0.466666666666667,44,41932,0,0,0,0,0
65535,42108,0.264705882352941,0.264705882352941,1.14705882352941,1.82352941176471,0.176470588235294,0.0294117647058824,2.82352941176471,2.76470588235294,0.147058823529412,0.852941176470588,0.176470588235294,0.0294117647058824,1.20588235294118,0.558823529411765,0.0882352941176471,0.882352941176471,0.0294117647058824,0.117647058823529,1.02941176470588,0.0588235294117647,0.764705882352941,0.794117647058823,2.17647058823529,0.588235294117647,0.352941176470588,2.17647058823529,0.176470588235294,24.9411764705882,0.294117647058824,0.235294117647059,42108,1494,0.718405166991612,0.918918918918919,0.708333333333333,44,18.459,8.09108830719779,5.62836257914439,13.6814077654063,903.147058823529,886.5,0.583333333333333,44,42240,0,0,0,0,1
65535,42152,1.73809523809524,0.0952380952380952,0.69047619047619,0.30952380952381,0.0952380952380952,0.0238095238095238,1.26190476190476,1.66666666666667,0.0238095238095238,0.476190476190476,0.357142857142857,0.0238095238095238,1.42857142857143,0.285714285714286,1.57142857142857,0.476190476190476,0.0238095238095238,0.166666666666667,1.73809523809524,0.0238095238095238,0.666666666666667,0.214285714285714,0.595238095238095,0.404761904761905,0.357142857142857,1.02380952380952,0.285714285714286,9.95238095238095,0.166666666666667,0.0952380952380952,42152,1846,0.555418229763228,0.954545454545455,0.75,44,20.692,8.17067650343537,6.79449891781847,-32.3269120290267,1219.42857142857,886.142857142857,0,0,0,0,0,0,0,1
65535,42196,0.769230769230769,0.0384615384615385,0.5,0.384615384615385,0,0.0384615384615385,1.53846153846154,3.57692307692308,0.0384615384615385,0.846153846153846,0,0.0769230769230769,2.84615384615385,0.807692307692308,0.192307692307692,1.5,0.307692307692308,0.192307692307692,1.07692307692308,0.0384615384615385,0.884615384615385,0.461538461538462,0.807692307692308,0.653846153846154,0.653846153846154,1.69230769230769,0.230769230769231,17.5769230769231,0.115384615384615,0.115384615384615,42196,1143,0.759314500573638,0.962962962962963,0.722222222222222,44,15.738,7.26893863387226,4.7300715112872,41.9896719115818,394.692307692308,890.423076923077,0.25,44,41888,0,0,0,0,1
65535,42240,0.136363636363636,0.181818181818182,0.931818181818182,1.19318181818182,0.159090909090909,0.0340909090909091,1.97727272727273,2.44318181818182,0.113636363636364,0.897727272727273,0.227272727272727,0.0340909090909091,1.21590909090909,0.465909090909091,0.125,0.829545454545455,0.0681818181818182,0.0681818181818182,1.06818181818182,0.0113636363636364,NaN,0.659090909090909,1.88636363636364,0.568181818181818,0.295454545454545,2.28409090909091,0.329545454545455,20.8068181818182,0.397727272727273,0.306818181818182,42240,3868,0.861864773710517,0.888888888888889,0.586666666666667,44,36.976,15.7004473489116,7.96229595661991,20.6046397359751,910.806818181818,889.897727272727,0.266666666666667,44,42108,0,0,0,0,0
65535,42283,0.739130434782609,0.0434782608695652,0.695652173913043,0.782608695652174,0.173913043478261,0.0434782608695652,1.73913043478261,1.73913043478261,0.130434782608696,1.21739130434783,0.173913043478261,0.0869565217391304,1.43478260869565,0.608695652173913,0.0434782608695652,0.652173913043478,0.0869565217391304,0.0869565217391304,1.65217391304348,0,1.30434782608696,0.652173913043478,1.39130434782609,0.217391304347826,0.565217391304348,1.8695652173913,0.217391304347826,10.2173913043478,0.391304347826087,0.217391304347826,42283,1011,0.873020374989518,0.958333333333333,0.71875,44,16.656,8.13163678456064,3.96566699433607,-7.19325948941706,55558,891.913043478261,0,0,0,0,0,0,0,0
65535,42327,0.597014925373134,0.134328358208955,0.432835820895522,0.134328358208955,0.119402985074627,0.0149253731343284,1.16417910447761,3.2089552238806,0.0597014925373134,0.761194029850746,0.0447761194029851,0.0298507462686567,2.94029850746269,0.432835820895522,0.343283582089552,0.805970149253731,0.104477611940299,0.104477611940299,0.925373134328358,0.0298507462686567,1.25373134328358,0.26865671641791,0.850746268656716,0.567164179104478,0.611940298507463,1.35820895522388,0.194029850746269,10.1492537313433,0.298507462686567,0.238805970149254,42327,2945,0.762761763302429,0.957142857142857,0.67,44,28.094,11.6927699852226,7.56147570291195,44.265665449951,356.537313432836,892.597014925373,0,0,0,0,0,0,0,1
65535,42371,0.147058823529412,0.294117647058824,0.647058823529412,0.235294117647059,0,0.0294117647058824,1.5,2.82352941176471,0.176470588235294,1.02941176470588,0.0588235294117647,0,1.08823529411765,0.441176470588235,0.0588235294117647,0.470588235294118,0.264705882352941,0.176470588235294,NaN,0,0.5,0.352941176470588,0.852941176470588,0.352941176470588,0.617647058823529,1.17647058823529,0.235294117647059,8.32352941176471,0.294117647058824,0.176470588235294,42371,1494,0.938127236528476,0.894736842105263,0.772727272727273,44,22.999,11.7212894744542,4.05897420004447,0.865865754715867,478.294117647059,892.588235294118,0,0,0,0,0,0,0,0
65535,42415,0.653846153846154,0.230769230769231,0.538461538461538,0,0.0384615384615385,0.0384615384615385,1.23076923076923,2.69230769230769,0,0.461538461538462,0.0384615384615385,0.0384615384615385,6.53846153846154,0.615384615384615,0.153846153846154,0.269230769230769,0,0.0384615384615385,1.38461538461538,0,NaN,0.461538461538462,4.11538461538462,0.538461538461538,0.807692307692308,1.61538461538462,0.153846153846154,13.1923076923077,0.230769230769231,0,42415,1143,0.556149097839036,44,0.866666666666667,44,15.25,6.40853829432608,5.32602425511316,-22.5377442334391,1102.69230769231,894.038461538462,0.222222222222222,44,42503,0,0,0,0,0
65535,42459,0.375,0.153409090909091,0.619318181818182,0.426136363636364,0.125,0.0568181818181818,2.75,3.59659090909091,0.0795454545454545,0.704545454545455,0.125,0.0397727272727273,1.63636363636364,0.630681818181818,0.0511363636363636,1.02272727272727,0.0909090909090909,0.119318181818182,0.8125,0.0113636363636364,NaN,0.386363636363636,2.18181818181818,0.715909090909091,0.534090909090909,1.73295454545455,0.193181818181818,18.5397727272727,0.386363636363636,0.215909090909091,42459,7736,0.825848767882691,0.936170212765957,0.733333333333333,44,48.86,20.3942543639079,11.5001500990685,12.0283617088728,282.25,895.454545454546,0,0,0,0,0,0,0,0
65535,42503,1.03636363636364,0.163636363636364,0.4,0.309090909090909,0.0909090909090909,0.0545454545454545,1.27272727272727,2.12727272727273,0.0181818181818182,1.2,0.127272727272727,0.0181818181818182,1.81818181818182,0.309090909090909,0.0909090909090909,0.454545454545455,0.109090909090909,0.0363636363636364,1.12727272727273,0,1.10909090909091,0.4,0.672727272727273,0.672727272727273,0.381818181818182,1.56363636363636,0.145454545454545,9.85454545454546,0.236363636363636,0.0363636363636364,42503,2417,0.630242774949381,44,0.873015873015873,44,24.033,9.66186228146584,7.50145173519969,-77.9166850785072,1110.74545454545,896.363636363636,0.178571428571429,44,42415,0,0,0,0,1
65535,42547,0.5,0.295454545454545,0.5,0.159090909090909,0.136363636363636,0.159090909090909,1.20454545454545,2.65909090909091,0.0454545454545455,0.954545454545455,0.0454545454545455,0.0227272727272727,3.15909090909091,0.454545454545455,0.0454545454545455,0.931818181818182,0.159090909090909,0.181818181818182,NaN,0.0227272727272727,1.43181818181818,0.409090909090909,0.75,0.454545454545455,0.909090909090909,1.61363636363636,0.113636363636364,11.0454545454545,0.272727272727273,0.159090909090909,42547,1934,0.611857994307024,0.977777777777778,0.785714285714286,44,21.064,8.53968241747241,6.75461237940716,34.9432470818352,258.75,902.886363636364,0,0,0,0,0,0,0,0
65535,42591,0.68,0.2,0.34,0.24,0.08,0.1,1.58,2.9,0.04,0.88,0.04,0.02,1.78,0.5,0.16,0.48,0.12,0.02,0.68,0.02,1.04,0.32,0.5,0.54,0.8,1.34,0.18,10.44,0.22,0,42591,2198,0.607340375437195,0.980392156862745,0.793650793650794,44,22.379,9.03754083100798,7.17979960685048,6.1323868639462,548.2,39602,0,0,0,0,0,0,0,0
65535,42635,0.226086956521739,0.173913043478261,1.27826086956522,0.68695652173913,0.2,0.0956521739130435,2.82608695652174,3.05217391304348,0.104347826086957,1.05217391304348,0.182608695652174,0.0434782608695652,1.8,0.591304347826087,0.0695652173913043,0.826086956521739,0.121739130434783,0.104347826086957,0.895652173913044,0.0521739130434783,0.8,0.565217391304348,6.63478260869565,0.730434782608696,0.295652173913043,1.92173913043478,0.243478260869565,19.0695652173913,0.356521739130435,0.234782608695652,42635,5055,0.677947129275702,0.912698412698413,0.804195804195804,44,39.217,14.6572643916262,10.7747113751067,73.544778266538,1430.19130434783,904.4,0,0,0,0,0,0,0,1
65535,42679,0.139072847682119,0.185430463576159,0.596026490066225,1.29801324503311,0.139072847682119,0.0463576158940397,1.7682119205298,3.70198675496689,0.125827814569536,0.754966887417219,0.0794701986754967,0.0132450331125828,1.18543046357616,0.529801324503311,0.0927152317880795,1.00662251655629,0.218543046357616,0.119205298013245,0.582781456953642,0.033112582781457,0.71523178807947,0.483443708609272,1.96026490066225,0.675496688741722,0.231788079470199,2.03973509933775,0.251655629139073,20.9602649006623,0.350993377483444,0.298013245033113,42679,6637,0.693094412893838,0.909638554216867,0.674107142857143,44,46.28,16.7205723493137,12.0529713707596,-29.767743606882,1053.15231788079,900.423841059603,0,0,0,0,0,0,0,1
65535,42723,0.285714285714286,0.333333333333333,0.619047619047619,0.285714285714286,0.0952380952380952,0.19047619047619,1.0952380952381,2.38095238095238,0.142857142857143,1.38095238095238,0.285714285714286,0.0952380952380952,NaN,0.380952380952381,0.0952380952380952,0.523809523809524,0.0952380952380952,0.0476190476190476,1.38095238095238,0.142857142857143,0.428571428571429,0.523809523809524,0.952380952380952,0.333333333333333,0.523809523809524,1.9047619047619,0.19047619047619,7.52380952380952,0.285714285714286,0.285714285714286,42723,923,0.815163459515774,44,0.75,44,14.142,6.94117444488189,4.02054331248062,9.73082250148994,1273.28571428571,908.666666666667,0,0,0,0,0,0,0,0
65535,42767,0.264705882352941,0.235294117647059,1.17647058823529,0.117647058823529,0.0588235294117647,0.0882352941176471,1.08823529411765,3.64705882352941,0.205882352941176,0.941176470588235,0.0882352941176471,0,1.41176470588235,0.529411764705882,0.0588235294117647,0.617647058823529,0.0882352941176471,0.147058823529412,1.67647058823529,0.0588235294117647,0.764705882352941,0.352941176470588,1.91176470588235,0.323529411764706,0.176470588235294,1.26470588235294,0.176470588235294,11.1764705882353,0.264705882352941,0.0882352941176471,42767,1494,0.853710040204107,0.944444444444444,0.755555555555556,44,19.749,9.34857259447467,4.86825665474289,-9.7883876879723,51.0294117647059,910.323529411765,0,0,0,0,0,0,0,1
65535,42811,0.143835616438356,0.150684931506849,1.02054794520548,1.84931506849315,0.219178082191781,0.0821917808219178,2.84246575342466,3.54109589041096,0.136986301369863,0.842465753424658,0.164383561643836,0.0273972602739726,1.48630136986301,0.589041095890411,0.0205479452054795,1.12328767123288,0.205479452054795,0.0753424657534247,0.794520547945205,0.0136986301369863,0.945205479452055,0.678082191780822,1.65753424657534,0.513698630136986,0.205479452054795,2.60958904109589,0.321917808219178,27.8356164383562,0.315068493150685,0.315068493150685,42811,6417,0.456218625558551,0.839080459770115,0.651785714285714,44,51.317,14.9792650355703,13.3295644799898,-87.1784241716618,715.075342465753,909.458904109589,0.288135593220339,44,42899,0,0,0,0,1
65535,42855,0.170731707317073,0.121951219512195,1.09756097560976,0.48780487804878,0.146341463414634,0.0487804878048781,3.1219512195122,2.8780487804878,0.170731707317073,0.731707317073171,0.195121951219512,0.0731707317073171,1.4390243902439,0.585365853658537,0.902439024390244,1.26829268292683,0.195121951219512,0.0975609756097561,1.95121951219512,0,0.804878048780488,0.780487804878049,3.53658536585366,0.390243902439024,0.146341463414634,2.34146341463415,0.341463414634146,22.219512195122,0.317073170731707,0.341463414634146,42855,1802,0.693969520546363,0.976190476190476,0.854166666666667,44,20.394,8.64126882527778,6.221751386956,19.2114859450307,948.585365853659,908.609756097561,0,0,0,0,0,0,0,1
65535,42899,0.138888888888889,0.111111111111111,0.75,1.08333333333333,0.138888888888889,0.0833333333333333,2.55555555555556,NaN,0.194444444444444,0.694444444444444,0.111111111111111,0.0555555555555556,1.47222222222222,0.861111111111111,0.111111111111111,1.25,0.0277777777777778,0.138888888888889,0.527777777777778,0,0.333333333333333,0.472222222222222,3.05555555555556,0.75,0.361111111111111,NaN,0.222222222222222,26.8611111111111,0.388888888888889,0.25,42899,1582,0.691062387459444,0.947368421052632,0.75,44,20.047,8.16191770900686,5.89939423990463,-76.4738588680938,723.277777777778,911.472222222222,0.68,44,42811,0,0,0,0,0
65535,42943,0.513513513513513,0.0810810810810811,0.459459459459459,0.486486486486487,0.108108108108108,0.0810810810810811,1.83783783783784,4.56756756756757,0.135135135135135,0.756756756756757,0.216216216216216,0.027027027027027,3.48648648648649,0.945945945945946,0.027027027027027,0.783783783783784,0.108108108108108,0.0810810810810811,0.837837837837838,0,0.675675675675676,0.405405405405405,1.43243243243243,0.72972972972973,1.24324324324324,1.59459459459459,0.216216216216216,22.3513513513514,0.351351351351351,0.216216216216216,42943,1626,0.709395586111151,0.925,0.770833333333333,44,19.567,8.32614815041961,5.86835700420572,10.1949008291717,65.3783783783784,914.432432432432,0,0,0,0,0,0,0,1
65535,42987,0.275862068965517,0.137931034482759,1.03448275862069,0.379310344827586,0.241379310344828,0.103448275862069,3.75862068965517,3.51724137931034,0.310344827586207,0.275862068965517,0.137931034482759,0.137931034482759,1.03448275862069,0.689655172413793,0.206896551724138,0.655172413793103,0.103448275862069,0.137931034482759,NaN,0,0.482758620689655,0.586206896551724,4.51724137931035,0.517241379310345,0.758620689655172,1.93103448275862,0.344827586206897,21.8620689655172,0.275862068965517,0.517241379310345,42987,1275,0.783138626846173,0.935483870967742,0.591836734693878,44,18.36,8.07113608122605,5.01901305489554,-46.2554425345484,821.931034482759,914.586206896552,0,0,0,0,0,0,0,0
65535,43031,0.193548387096774,0.129032258064516,0.838709677419355,0.129032258064516,0.0645161290322581,0.0967741935483871,1.2258064516129,2.06451612903226,0.0967741935483871,0.774193548387097,0.193548387096774,0,2.16129032258065,0.32258064516129,0.0967741935483871,0.32258064516129,0.193548387096774,0.129032258064516,NaN,0.0645161290322581,0.806451612903226,0.580645161290323,3.90322580645161,0.419354838709677,0.290322580645161,1.70967741935484,0.0645161290322581,10.3548387096774,0.32258064516129,0.258064516129032,43031,1363,0.776938334998151,0.885714285714286,0.63265306122449,44,19.104,8.15830497439441,5.1362787391005,57.5285283728823,960.032258064516,917.258064516129,0,0,0,0,0,0,0,0
65535,43075,0.28,0.16,0.96,1.48,0.28,0.04,NaN,2.72,0,0.88,0.08,0.04,1.2,0.68,0.08,0.56,0.08,0.16,0.8,0,1.04,0.68,3.68,0.64,0.28,2.04,0.2,24.16,0.16,0.36,43075,1099,0.658053740174888,44,0.694444444444444,44,15.548,6.65899291400315,5.0140283244037,47.9845114329648,543.88,918.36,0,0,0,0,0,0,0,0
65535,43119,0.414634146341463,0.146341463414634,0.585365853658537,0.0975609756097561,0.0975609756097561,0.0975609756097561,1.04878048780488,1.60975609756098,0.0487804878048781,0.829268292682927,0.0731707317073171,0.024390243902439,1.51219512195122,0.414634146341463,0.0487804878048781,0.219512195121951,0.0487804878048781,0.121951219512195,1.53658536585366,0.0487804878048781,1.29268292682927,0.268292682926829,0.365853658536585,0.317073170731707,0.634146341463415,1.58536585365854,0.121951219512195,6.80487804878049,0.24390243902439,0.146341463414634,43119,1802,0.663595540619148,0.976190476190476,0.854166666666667,44,20.394,8.47602091547078,6.34083957513818,68.7680725885859,1376.48780487805,920.268292682927,0,0,0,0,0,0,0,1
65535,43163,0.655737704918033,0.0983606557377049,0.327868852459016,0.491803278688525,0.0655737704918033,0.0983606557377049,1.39344262295082,2.36065573770492,0.0491803278688525,1.0655737704918,0.0983606557377049,0.0163934426229508,1.60655737704918,0.491803278688525,0.0327868852459016,0.540983606557377,0.0327868852459016,0.0819672131147541,1.62295081967213,0.0327868852459016,0.786885245901639,0.491803278688525,0.59016393442623,0.622950819672131,0.737704918032787,1.32786885245902,0.344262295081967,12.983606557377,0.295081967213115,0.114754098360656,43163,2681,0.865389681283725,0.859154929577465,0.544642857142857,44,31.84,13.0240463924476,6.52634301343101,-20.9372417813392,1318.34426229508,918.540983606557,0,0,0,0,0,0,0,1
65535,43207,0.594594594594595,0.121621621621622,0.391891891891892,0.189189189189189,0.108108108108108,0.0675675675675676,0.851351351351351,3.47297297297297,0.0135135135135135,0.810810810810811,0.0405405405405405,0.0135135135135135,2.39189189189189,0.527027027027027,0.0540540540540541,0.878378378378378,0.135135135135135,0.0810810810810811,0.716216216216216,0.0135135135135135,1.05405405405405,0.297297297297297,0.824324324324324,0.608108108108108,0.743243243243243,1.06756756756757,0.22972972972973,9.7027027027027,0.27027027027027,0.108108108108108,43207,3253,0.591753446120673,0.973684210526316,0.747474747474748,44,28.648,10.9034256318006,8.78945868079131,-25.4339542807423,766.567567567568,919.864864864865,0,0,0,0,0,0,0,1
65535,43250,0.636363636363636,0.25,0.568181818181818,0.522727272727273,0.159090909090909,0.0909090909090909,1.86363636363636,3.27272727272727,0.0454545454545455,1.27272727272727,0.136363636363636,0.0681818181818182,2.11363636363636,0.454545454545455,0,0.704545454545455,0.136363636363636,0.113636363636364,1.34090909090909,0,1.25,0.5,0.954545454545455,0.681818181818182,0.613636363636364,2.29545454545455,0.409090909090909,14.9090909090909,0.454545454545455,0.159090909090909,43250,1934,0.694091626604288,0.846153846153846,0.611111111111111,44,1055,9.2700649155313,6.67339613847884,66.4969247124565,400.545454545455,919.818181818182,0,0,0,0,0,0,0,1
65535,43294,0.851851851851852,0.111111111111111,0.407407407407407,0.111111111111111,0.037037037037037,0.037037037037037,1.37037037037037,2.25925925925926,0.037037037037037,0.740740740740741,0.0740740740740741,0.037037037037037,4.03703703703704,0.444444444444444,0.37037037037037,0.703703703703704,NaN,0.037037037037037,0.62962962962963,0,1.14814814814815,0.592592592592593,0.962962962962963,0.555555555555556,0.703703703703704,1.03703703703704,0.111111111111111,10.0740740740741,0.148148148148148,0.222222222222222,43294,1187,0.788566399944773,0.964285714285714,0.771428571428571,44,16.011,7.58804874120039,4.66626767599923,23.3693567524902,619.851851851852,40701,0.55,44,43602,0,0,0,0,0
65535,43338,0.555555555555556,0.0740740740740741,0.555555555555556,0.444444444444444,0.111111111111111,0,0.962962962962963,2.7037037037037,0,0.851851851851852,0.111111111111111,0.037037037037037,1.03703703703704,0.481481481481481,0,0.407407407407407,0.0740740740740741,0.185185185185185,1.07407407407407,0,0.62962962962963,0.407407407407407,0.518518518518518,0.555555555555556,0.259259259259259,1.48148148148148,0.185185185185185,8.37037037037037,0.148148148148148,0,43338,1187,0.663544089000699,44,0.771428571428571,44,15.548,6.89605362185907,5.15919411833062,3956,1293.22222222222,40789,0,0,0,0,0,0,0,0
65535,43382,0.326530612244898,0.0612244897959184,0.448979591836735,0.408163265306122,0.0612244897959184,0.0816326530612245,1.61224489795918,2.02040816326531,0.102040816326531,1.12244897959184,0.102040816326531,0,1.36734693877551,0.306122448979592,0.102040816326531,0.510204081632653,0.163265306122449,0.163265306122449,1.10204081632653,0.0204081632653061,1.57142857142857,0.693877551020408,0.857142857142857,0.530612244897959,0.387755102040816,2.22448979591837,0.285714285714286,10.0408163265306,0.26530612244898,0.0816326530612245,43382,2154,0.561641873333247,0.96078431372549,0.765625,44,22.751,8.84264319118696,7.31623008709132,-40.8211109483626,920.65306122449,928.551020408163,0,0,0,0,0,0,0,1
65535,43426,0.5,0.21875,0.96875,1.375,0.125,0.0625,2.78125,3.53125,0.09375,1.125,0.0625,0.03125,2.1875,0.96875,0.125,NaN,0.0625,0.0625,1.46875,0.03125,1.53125,0.625,1.15625,0.96875,0.59375,4.15625,0.46875,19.875,0.4375,0.25,43426,1407,0.463215566153198,44,0.888888888888889,44,17.21,6.86973879516576,6.08827607396882,38.2177462800224,107.46875,929.65625,0,0,0,0,0,0,0,0
65535,43470,0.295454545454545,0.181818181818182,1.06818181818182,0.590909090909091,0.0227272727272727,0.227272727272727,2.40909090909091,2.09090909090909,0.159090909090909,1.36363636363636,0.136363636363636,0,1.36363636363636,0.590909090909091,0.0227272727272727,0.886363636363636,0.159090909090909,0.0909090909090909,1.27272727272727,0.0454545454545455,1.04545454545455,0.681818181818182,1.70454545454545,0.727272727272727,0.363636363636364,2.65909090909091,0.295454545454545,20.5454545454545,0.295454545454545,0.159090909090909,43470,1934,0.660486393301193,0.897959183673469,0.698412698412698,44,24.041,9.11792771949102,6.84608674674888,36.5753442940874,123.681818181818,927.590909090909,0.464285714285714,44,43866,0,0,0,0,1
65535,43514,0.227272727272727,0.25,0.636363636363636,0.772727272727273,0.159090909090909,0.0227272727272727,1.68181818181818,1.20454545454545,0.113636363636364,0.954545454545455,0.136363636363636,0.0454545454545455,0.840909090909091,0.454545454545455,0.0909090909090909,0.75,0.113636363636364,0.136363636363636,1.54545454545455,0,0.909090909090909,0.431818181818182,0.636363636363636,0.431818181818182,0.386363636363636,1.86363636363636,0.159090909090909,NaN,0.386363636363636,0.25,43514,1934,0.749492275136238,0.956521739130435,0.6875,44,21.643,9.36491031632915,6.19969320321126,-49.7311611040127,411.590909090909,928.545454545455,0,0,0,0,0,0,0,0
65535,43558,0.05,0.1,0.95,0.35,0.05,0.05,1.55,1.95,0.15,0.65,0.05,0,1.05,0.35,0.2,0.6,0.15,0,0.9,0,0.5,0.55,6.4,0.45,0.1,1.35,0.1,16.9,0.5,0.4,43558,879,0.383661650001982,44,0.8,44,12.645,5.3416601664027,4.93288286231625,-26.565051177078,442.05,930.9,0,0,0,0,0,0,0,1
65535,43602,1.0952380952381,0.142857142857143,0.333333333333333,0.142857142857143,0.285714285714286,0.0952380952380952,0.666666666666667,2.23809523809524,0.0476190476190476,0.380952380952381,0.0952380952380952,0,1.33333333333333,0.619047619047619,0.19047619047619,0.476190476190476,0.142857142857143,0.0476190476190476,1.38095238095238,0.0476190476190476,0.80952380952381,0.476190476190476,0.285714285714286,0.619047619047619,0.666666666666667,1.38095238095238,0.333333333333333,8.42857142857143,0.19047619047619,0.238095238095238,43602,923,0.406862588368378,0.84,0.583333333333333,44,16.474,6.12922955120803,5.59898605837171,-39.2794780656163,616.285714285714,929.333333333333,0.842105263157895,44,43294,0,0,0,0,1
65535,43646,0.96969696969697,0.0606060606060606,0.545454545454545,0.272727272727273,0.181818181818182,0.0606060606060606,3.57575757575758,3.12121212121212,0.121212121212121,0.636363636363636,0.0909090909090909,0.212121212121212,2.09090909090909,0.484848484848485,0.121212121212121,0.636363636363636,0.0909090909090909,0.212121212121212,1.15151515151515,0,1.27272727272727,0.272727272727273,0.636363636363636,0.96969696969697,1.15151515151515,2.39393939393939,0.151515151515152,13.0909090909091,0.393939393939394,0.121212121212121,43646,1450,0.743807864825736,0.970588235294118,0.785714285714286,44,17.789,8.02753580167176,5.36555268708735,29.1374681920459,93.0909090909091,930.424242424242,0,0,0,0,0,0,0,1
65535,43690,0.41025641025641,0.102564102564103,0.923076923076923,0.384615384615385,0.205128205128205,0.0512820512820513,2.02564102564103,2.15384615384615,0.102564102564103,0.615384615384615,0.0769230769230769,0,1.20512820512821,0.282051282051282,0.102564102564103,0.769230769230769,0.128205128205128,0.0256410256410256,0.82051282051282,0,0.692307692307692,0.179487179487179,1.38461538461538,0.538461538461538,0.41025641025641,1.02564102564103,0.307692307692308,11.5641025641026,0.102564102564103,0.102564102564103,43690,1714,0.721890715495986,0.951219512195122,0.8125,44,19.749,8.58750196783427,5.94261213712217,-7.3414476185277,961.641025641026,934.205128205128,0,0,0,0,0,0,0,1
65535,43734,0.35,0.15,1.3,0.2,0.35,0.15,NaN,2.75,0.1,0.7,0.15,0,0.8,0.55,0,0.35,0.05,0.05,0.55,0,0.65,0.35,1.25,0.8,0.1,1.85,0.45,16.4,0.2,0.05,43734,879,0.793324394070934,44,0.833333333333333,44,13.472,6.58681803802368,4.01004922670938,20.9561743575075,1074.7,934.6,0,0,0,0,0,0,0,0
65535,43778,0.195652173913043,0.260869565217391,0.717391304347826,0.239130434782609,0.141304347826087,0.0434782608695652,1.79347826086957,2.5,0.119565217391304,0.858695652173913,0.0652173913043478,0.0217391304347826,1.26086956521739,0.565217391304348,0.717391304347826,1.1195652173913,0.358695652173913,0.119565217391304,1.67391304347826,0.0543478260869565,0.771739130434783,0.434782608695652,3.43478260869565,0.423913043478261,0.456521739130435,1.3804347826087,0.184782608695652,12.554347826087,0.326086956521739,0.304347826086957,43778,4044,0.672161389436892,0.807017543859649,0.547619047619048,44,40.491,13.741116579993,10.173986805112,37.6727110249935,1088.45652173913,933.554347826087,0,0,0,0,0,0,0,1
65535,43822,0.62962962962963,0.037037037037037,1.48148148148148,0.740740740740741,0.185185185185185,0,1.85185185185185,2.77777777777778,0.037037037037037,0.481481481481481,0.222222222222222,0.037037037037037,1.48148148148148,0.333333333333333,0.037037037037037,0.518518518518518,0.185185185185185,0.111111111111111,1.40740740740741,0.037037037037037,0.703703703703704,0.407407407407407,1.14814814814815,0.37037037037037,0.444444444444444,2.22222222222222,0.407407407407407,NaN,0.259259259259259,0.0740740740740741,43822,1187,0.885095043820786,0.9,0.551020408163265,44,18.368,8.95532643634647,4.16790131782824,49.826587905093,901.259259259259,935.037037037037,0,0,0,0,0,0,0,0
65535,43866,0.16,0.152,0.968,1.288,0.184,0.056,2.872,3.32,0.128,0.784,0.144,0.032,1.488,0.608,0.056,1.112,0.144,0.088,0.744,0,0.832,0.696,2.208,0.664,0.24,2.536,0.28,22.576,0.328,0.368,43866,5494,0.726288879248598,0.954198473282443,0.710227272727273,44,39.424,15.4176874939225,10.5979580583437,8.18473593579153,119.84,936.448,0.26,44,43470,0,0,0,0,1
65535,43910,0.282608695652174,0.0434782608695652,1.02173913043478,0.369565217391304,0.195652173913043,0.0434782608695652,3.56521739130435,3.17391304347826,0.108695652173913,0.652173913043478,0.0652173913043478,0.108695652173913,0.891304347826087,0.5,0.195652173913043,0.717391304347826,0.0434782608695652,0.0869565217391304,0.956521739130435,0,0.826086956521739,0.41304347826087,3.04347826086957,0.434782608695652,0.304347826086957,1.71739130434783,0.195652173913043,17.6521739130435,0.195652173913043,0.195652173913043,43910,2022,0.76054029559346,0.938775510204082,0.657142857142857,44,23.603,9.89769454817532,6.42648136968058,17.7888366440622,431.826086956522,937.326086956522,0.482758620689655,44,44173,0,0,0,0,1
65535,43954,1.52380952380952,0.142857142857143,1.0952380952381,0.142857142857143,0.0476190476190476,0.0952380952380952,2.0952380952381,4.28571428571429,0.0952380952380952,0.476190476190476,0.142857142857143,0,3.61904761904762,0.80952380952381,0.238095238095238,0.666666666666667,0.142857142857143,0.238095238095238,1.47619047619048,0,0.619047619047619,0.571428571428571,8.57142857142857,0.619047619047619,0.0952380952380952,1.23809523809524,0.19047619047619,13.8571428571429,0.380952380952381,0.428571428571429,43954,923,0.746775425536003,0.91304347826087,0.7,44,14.051,6.51138371487359,4.33056688613866,17.9425842240824,722.619047619048,937.238095238095,0,0,0,0,0,0,0,1
65535,43998,0.84375,0.125,0.333333333333333,0.260416666666667,0.135416666666667,0.114583333333333,1.26041666666667,2.96875,0.09375,1.39583333333333,0.0208333333333333,0.0416666666666667,3.10416666666667,0.59375,0.114583333333333,0.645833333333333,0.1875,0.104166666666667,0.958333333333333,0.0416666666666667,1.65625,0.541666666666667,0.677083333333333,0.625,0.333333333333333,1.59375,0.21875,9.46875,0.395833333333333,0.135416666666667,43998,4220,0.389665075985249,0.914285714285714,0.671328671328671,44,34.834,11.7583448339134,10.8289257233733,32.5164572446129,1109.59375,937.510416666667,0.380952380952381,44,44393,0,0,0,0,1
65535,44042,0.628571428571429,0.0571428571428571,0.571428571428571,0.2,0.0857142857142857,0.0571428571428571,0.685714285714286,1.97142857142857,0.0285714285714286,0.628571428571429,0.0285714285714286,0.0285714285714286,1.14285714285714,0.428571428571429,0,0.485714285714286,0.0285714285714286,0.0285714285714286,0.514285714285714,0.0857142857142857,0.428571428571429,0.228571428571429,0.742857142857143,0.457142857142857,0.542857142857143,1.54285714285714,0.114285714285714,10.4,0.257142857142857,0.0857142857142857,44042,1538,0.681380920273775,0.853658536585366,0.625,44,21.618,8.66701501390929,6.34363951634209,-16.0891240381534,15.8857142857143,939.828571428571,0,0,0,0,0,0,0,1
65535,44086,0.15625,0.0625,NaN,0.84375,0.1875,0.03125,2.3125,2.6875,0.03125,1.40625,0.09375,0.03125,1.03125,0.53125,0.125,0.75,0,0.09375,0.96875,0,0.90625,0.6875,3.8125,0.53125,0.125,2.21875,0.1875,16.875,0.1875,0.21875,44086,1407,0.76677275702057,0.711111111111111,0.457142857142857,44,26.804,9.84413847210488,6.3191359701063,-63.7617823779664,372.21875,940.6875,0,0,0,0,0,0,0,0
65535,44130,0.108108108108108,0.27027027027027,1.24324324324324,0.675675675675676,0.216216216216216,0.135135135135135,2.51351351351351,1.83783783783784,0.0810810810810811,0.783783783783784,0.0810810810810811,0.0540540540540541,0.918918918918919,0.378378378378378,0.0540540540540541,0.621621621621622,0.027027027027027,0.027027027027027,1.10810810810811,0,0.432432432432432,0.405405405405405,2.62162162162162,0.378378378378378,0.405405405405405,1.72972972972973,0.108108108108108,17.2432432432432,0.189189189189189,0.243243243243243,44130,1626,0.822793967730681,0.880952380952381,0.685185185185185,44,21.8,9.72236588058614,5.52560712429849,-74.0461141391646,1319.62162162162,939.864864864865,0,0,0,0,0,0,0,1
65535,44173,0.180555555555556,0.138888888888889,1.11111111111111,0.472222222222222,0.180555555555556,0.0277777777777778,2.90277777777778,2.95833333333333,0.0277777777777778,0.541666666666667,0.0416666666666667,0.0138888888888889,0.819444444444444,0.527777777777778,0.138888888888889,1.19444444444444,0.0833333333333333,0.0138888888888889,0.430555555555556,0.0138888888888889,0.652777777777778,0.444444444444444,4.54166666666667,0.666666666666667,0.0833333333333333,1.76388888888889,0.222222222222222,17.1805555555556,0.208333333333333,0.291666666666667,44173,3165,0.724878229191371,0.947368421052632,0.654545454545455,44,29.409,11.7988855482244,8.12798115141013,-35.2389484373001,439.708333333333,940.291666666667,0.351351351351351,44,43910,0,0,0,0,1
65535,44217,0.384615384615385,0.134615384615385,0.75,0.153846153846154,0.0576923076923077,0.0769230769230769,0.961538461538462,3.42307692307692,0.0769230769230769,0.615384615384615,0.0576923076923077,0.0384615384615385,1.55769230769231,0.692307692307692,0.0769230769230769,0.711538461538462,0.134615384615385,0.0576923076923077,0.442307692307692,0.0192307692307692,0.673076923076923,0.192307692307692,1.09615384615385,0.519230769230769,0.5,1.23076923076923,0.153846153846154,9.17307692307692,0.269230769230769,0.0769230769230769,44217,2286,0.561808541704115,0.962962962962963,0.65,44,24.447,9.27210618206441,7.67051011664212,-15.8225768765404,620.903846153846,941.826923076923,0,0,0,0,0,0,0,1
65535,44261,0.0740740740740741,0.037037037037037,0.555555555555556,0.518518518518518,0.222222222222222,0.185185185185185,1.96296296296296,1.51851851851852,0.037037037037037,0.407407407407407,0.185185185185185,0.037037037037037,1.33333333333333,0.444444444444444,0.111111111111111,0.777777777777778,0,0.037037037037037,1.44444444444444,0.037037037037037,0.444444444444444,0.185185185185185,2.55555555555556,0.222222222222222,0.222222222222222,1.22222222222222,0.259259259259259,12.5185185185185,0.0740740740740741,0.148148148148148,44261,1187,0.625782172858114,44,0.75,44,16.383,6.90841638954566,5.38855004645938,-32.0484752143264,751.851851851852,941.296296296296,0,0,0,0,0,0,0,1
65535,44305,0.608695652173913,0.304347826086957,0.304347826086957,0.0869565217391304,0.0869565217391304,0,NaN,1.73913043478261,0.0869565217391304,1.04347826086957,0.0434782608695652,0.0869565217391304,1.56521739130435,0.304347826086957,0.0869565217391304,0.565217391304348,0.130434782608696,0,1.04347826086957,0.0434782608695652,0.739130434782609,0.391304347826087,0.521739130434783,0.0869565217391304,0.652173913043478,0.869565217391304,0.304347826086957,7.04347826086957,0.173913043478261,0.0869565217391304,44305,1011,0.648696104381233,44,0.766666666666667,44,13.96,6.31801602260435,4.80831057667418,19.1365579754994,192.695652173913,943.217391304348,0,0,0,0,0,0,0,0
65535,44349,0.545454545454545,0.181818181818182,0.409090909090909,1.40909090909091,0.0909090909090909,0.136363636363636,1.68181818181818,1.54545454545455,0.136363636363636,0.772727272727273,0.0454545454545455,0.0454545454545455,1.27272727272727,0.590909090909091,0.0454545454545455,0.272727272727273,0,0.0454545454545455,1.81818181818182,0,1.13636363636364,0.5,0.590909090909091,0.681818181818182,0.454545454545455,2.5,0.409090909090909,8.40909090909091,0.318181818181818,0.272727272727273,44349,967,0.884414278614466,0.733333333333333,0.488888888888889,44,20.237,9.23479688715378,4.30990437994971,-1.98919860308173,605.590909090909,943.909090909091,0,0,0,0,0,0,0,1
65535,44393,0.866666666666667,0.233333333333333,0.766666666666667,0.0333333333333333,0.166666666666667,0.0666666666666667,1.63333333333333,3.46666666666667,0.133333333333333,0.333333333333333,0.0666666666666667,0,7.73333333333333,0.833333333333333,0.166666666666667,0.833333333333333,0.133333333333333,0.1,1.43333333333333,0.0333333333333333,1.36666666666667,0.6,0.966666666666667,0.8,0.466666666666667,2.06666666666667,0.266666666666667,11.3,0.333333333333333,0.133333333333333,44393,1319,0.921267416847663,0.833333333333333,0.6,44,21.825,10.704164739948,4.16316806424688,12.8140818204971,1111.43333333333,944.033333333333,0.884615384615385,44,43998,0,0,0,0,1
65535,44437,0.766666666666667,0.133333333333333,0.5,0.166666666666667,0.0666666666666667,0.0333333333333333,1.4,3.23333333333333,0.133333333333333,1.23333333333333,0.133333333333333,0,4.73333333333333,0.533333333333333,0.1,0.733333333333333,0.0666666666666667,0.0666666666666667,1.16666666666667,0.0333333333333333,1.56666666666667,0.366666666666667,2.7,0.633333333333333,1.23333333333333,1.56666666666667,0.366666666666667,11.8333333333333,0.233333333333333,0.1,44437,1319,0.773214671623883,0.967741935483871,0.857142857142857,44,17.301,7.86598478288787,4.98816989996652,20.8830841094612,219.1,946.033333333333,0,0,0,0,0,0,0,1
65535,44481,0.564102564102564,0.256410256410256,0.538461538461538,0.512820512820513,0.205128205128205,0.128205128205128,0.871794871794872,1.28205128205128,0.128205128205128,1.35897435897436,0.0256410256410256,0.0256410256410256,0.769230769230769,0.435897435897436,0.0769230769230769,0.41025641025641,0.102564102564103,0.0512820512820513,1.43589743589744,0,0.974358974358974,0.717948717948718,0.564102564102564,0.205128205128205,0.384615384615385,2.02564102564103,0.128205128205128,6.69230769230769,0.307692307692308,0.0769230769230769,44481,1714,0.561912557486624,0.78,0.541666666666667,44,30.542,8.69670343546531,7.19388384255552,58.0116316320828,769.384615384615,946.076923076923,0,0,0,0,0,0,0,1
65535,44525,0.764705882352941,0.0882352941176471,0.264705882352941,0.0294117647058824,0.147058823529412,0.117647058823529,0.823529411764706,1.32352941176471,0.0882352941176471,0.676470588235294,0.0294117647058824,0,NaN,0.323529411764706,0,0.352941176470588,0.117647058823529,0.0588235294117647,1.41176470588235,0,0.970588235294118,0.441176470588235,0.852941176470588,0.411764705882353,0.647058823529412,1.82352941176471,0.147058823529412,6.76470588235294,0.117647058823529,0.0588235294117647,44525,1494,0.787356808080704,0.871794871794872,0.607142857142857,44,21.635,8.80633653978371,5.42908509847031,41.2615392802417,1159.88235294118,947.588235294118,0,0,0,0,0,0,0,0
65535,44569,0.4,0.1,0.333333333333333,0.4,0.1,0.0333333333333333,1.2,1.83333333333333,0.0666666666666667,1.3,0.133333333333333,0.1,1.83333333333333,0.533333333333333,0,0.2,0.133333333333333,0.133333333333333,1.33333333333333,0,1.13333333333333,0.633333333333333,0.6,0.433333333333333,0.933333333333333,2.06666666666667,0.366666666666667,NaN,0.266666666666667,0.0333333333333333,44569,1319,0.860161573703633,0.909090909090909,0.666666666666667,44,19.104,8.89718380146556,4.5377562202095,19.3516327901504,54.9333333333333,952.833333333333,0.608695652173913,44,44745,0,0,0,0,0
65535,44613,0.926829268292683,0.268292682926829,0.780487804878049,0.268292682926829,0.170731707317073,0.0487804878048781,1.48780487804878,2.48780487804878,0.0731707317073171,1.34146341463415,0.0975609756097561,0.0487804878048781,2.97560975609756,0.463414634146341,0.0731707317073171,0.682926829268293,0.121951219512195,0.170731707317073,1.5609756097561,0,1.46341463414634,0.829268292682927,0.731707317073171,0.560975609756098,0.560975609756098,1.90243902439024,0.292682926829268,10.609756097561,0.292682926829268,0.121951219512195,44613,1802,0.733136216990741,0.911111111111111,0.732142857142857,44,21.8,9.06775593306456,6.16681599455429,-71.1923806043788,1120.17073170732,951.634146341463,0.12,44,45053,0,0,0,0,1
65535,44657,0.193548387096774,0.387096774193548,1.16129032258065,0.225806451612903,0.0645161290322581,0.129032258064516,NaN,4.09677419354839,0.612903225806452,1.25806451612903,0.225806451612903,0.0967741935483871,1.25806451612903,1.03225806451613,0.354838709677419,0.870967741935484,0.225806451612903,0.161290322580645,0.709677419354839,0,1.67741935483871,0.645161290322581,2.51612903225806,0.741935483870968,1.61290322580645,2.19354838709677,0.32258064516129,12.9032258064516,0.290322580645161,0.258064516129032,44657,1363,0.685894405329765,0.96875,0.738095238095238,44,17.053,7.47715138265513,5.44113115140181,52.6339213078436,1269.58064516129,953.032258064516,0,0,0,0,0,0,0,0
65535,44701,0.142857142857143,0.0714285714285714,0.857142857142857,0.75,0.142857142857143,0.142857142857143,2.21428571428571,1.89285714285714,0.107142857142857,0.642857142857143,0.321428571428571,0,0.785714285714286,0.571428571428571,0.0714285714285714,0.535714285714286,0.142857142857143,0.107142857142857,1.53571428571429,0,0.714285714285714,0.678571428571429,1.5,0.214285714285714,0.392857142857143,2.07142857142857,0.357142857142857,13.3928571428571,0.25,0.142857142857143,44701,1231,0.537130094698284,0.933333333333333,0.666666666666667,44,16.954,6.70805144798768,5.65823746526489,70.9795626341511,1366.82142857143,41976,0,0,0,0,0,0,0,0
65535,44745,0.571428571428571,0.0857142857142857,0.371428571428571,0.314285714285714,0,0.0571428571428571,1.2,2.17142857142857,0.0571428571428571,1.37142857142857,0.0571428571428571,0.0571428571428571,1.74285714285714,0.428571428571429,0.0857142857142857,0.371428571428571,0.0857142857142857,0.0857142857142857,1.37142857142857,0,1.42857142857143,0.771428571428571,0.571428571428571,0.771428571428571,0.8,1.62857142857143,0.257142857142857,10.8571428571429,0.4,0.142857142857143,44745,1538,0.754044697755871,0.875,0.5,44,22.586,8.85648388705385,5.81714326309656,20.9686614244363,59.6285714285714,954.8,0.592592592592593,44,44569,0,0,0,0,1
65535,44789,0.653846153846154,0.153846153846154,0.769230769230769,0.192307692307692,0.115384615384615,0.115384615384615,1.15384615384615,2.88461538461538,0.0384615384615385,0.807692307692308,0.115384615384615,0.0769230769230769,2.23076923076923,0.576923076923077,0.0769230769230769,0.846153846153846,0.0769230769230769,0,1.03846153846154,0.0384615384615385,0.961538461538462,0.461538461538462,0.846153846153846,0.538461538461538,0.5,1.46153846153846,0.115384615384615,13.1153846153846,0.192307692307692,0.153846153846154,44789,1143,0.932753145823302,0.764705882352941,0.65,44,21.825,11.0123413653405,3.9701219408481,-4.41314603378126,190.653846153846,955.461538461538,0,0,0,0,0,0,0,1
65535,44833,0.336448598130841,0.11214953271028,0.813084112149533,0.448598130841121,0.102803738317757,0.11214953271028,2.42056074766355,2.30841121495327,0.0654205607476635,1.09345794392523,0.121495327102804,0.0560747663551402,1.26168224299065,0.514018691588785,0.0747663551401869,0.738317757009346,0.11214953271028,0.0654205607476635,0.878504672897196,0.0280373831775701,0.88785046728972,0.560747663551402,1.1588785046729,0.504672897196262,0.420560747663551,2.04672897196262,0.196261682242991,13.6915887850467,0.299065420560748,0.14018691588785,44833,4703,0.440470230675653,0.946902654867257,0.743055555555556,44,34.652,12.4349210460782,11.163664460935,45.9076270816989,806.056074766355,956.710280373832,0,0,0,0,0,0,0,1
65535,44877,0.454545454545455,0.0909090909090909,0.818181818181818,0,0.0454545454545455,0,2.27272727272727,2.31818181818182,0.136363636363636,0.772727272727273,0,0.0909090909090909,2.18181818181818,0.545454545454545,0.136363636363636,0.818181818181818,0.0909090909090909,0.0454545454545455,0.909090909090909,0,0.772727272727273,0.590909090909091,2.86363636363636,0.136363636363636,0.136363636363636,1.22727272727273,0.136363636363636,11.5454545454545,0.454545454545455,0.181818181818182,44877,967,0.761135014418238,44,0.916666666666667,44,14.026,6.66081787936836,4.3201629839845,12.5574174430723,948.5,960.5,0.5,44,45184,0,0,0,0,1
65535,44921,0.219512195121951,0.186991869918699,0.861788617886179,1.41463414634146,0.252032520325203,0.0813008130081301,2.98373983739837,3.15447154471545,0.0650406504065041,0.991869918699187,0.138211382113821,0.040650406504065,1.48780487804878,0.878048780487805,0.113821138211382,0.983739837398374,0.0813008130081301,0.0975609756097561,1.16260162601626,0.00813008130081301,1.17886178861789,0.853658536585366,1.61788617886179,0.691056910569106,0.373983739837398,3.28455284552846,0.284552845528455,24.5609756097561,0.447154471544715,0.300813008130081,44921,5406,0.731616031595686,0.953488372093023,0.675824175824176,44,38.498,15.301098180844,10.4310177859225,31.7198530499674,120.609756097561,963.544715447154,0,0,0,0,0,0,0,1
65535,44965,0.461538461538462,0.153846153846154,0.5,0.423076923076923,0.0384615384615385,0.115384615384615,1.38461538461538,2.84615384615385,0.115384615384615,0.769230769230769,0,0.0769230769230769,1.5,0.384615384615385,0.0769230769230769,0.653846153846154,0.0769230769230769,0.115384615384615,0.846153846153846,0,0.961538461538462,0.461538461538462,0.846153846153846,0.423076923076923,0.615384615384615,1.65384615384615,0.153846153846154,12.6153846153846,0.346153846153846,0.115384615384615,44965,1143,0.59279867394696,44,0.866666666666667,44,15.432,6.56136872287532,5.28420282131869,16.173721749721,596.653846153846,961.269230769231,0,0,0,0,0,0,0,1
65535,45009,0.319148936170213,0.148936170212766,0.893617021276596,0.617021276595745,0.106382978723404,0.106382978723404,2.27659574468085,2.40425531914894,0.0212765957446809,0.404255319148936,0.170212765957447,0.0851063829787234,1.14893617021277,0.25531914893617,0.0425531914893617,0.574468085106383,0.0851063829787234,0,1.02127659574468,0,0.319148936170213,0.340425531914894,1.87234042553191,0.340425531914894,0.191489361702128,1.91489361702128,0.361702127659574,14.7872340425532,0.191489361702128,0.212765957446809,45009,2066,0.670834550019739,0.94,0.746031746031746,44,22.379,9.22325777685619,6.84003292841628,-14.8831973886983,657.340425531915,961.255319148936,0,0,0,0,0,0,0,1
65535,45053,0.813333333333333,0.186666666666667,0.506666666666667,0.2,0.08,0.08,1.34666666666667,3.48,0.106666666666667,1.70666666666667,0.0666666666666667,0.0533333333333333,2.2,0.693333333333333,0.333333333333333,0.986666666666667,0.08,0.0266666666666667,1.12,0.04,1.62666666666667,0.453333333333333,0.613333333333333,0.853333333333333,0.64,1.64,0.293333333333333,9.53333333333333,0.44,0.2,45053,3297,0.708762841126434,0.961538461538462,0.78125,44,29.111,11.8322222801415,8.34700374199498,-9.85652916843383,1118.42666666667,961.2,0.0833333333333333,44,44613,0,0,0,0,1
65535,45097,1.16666666666667,0.166666666666667,1.66666666666667,0.0833333333333333,0.166666666666667,0.125,18.0833333333333,4.29166666666667,0.0833333333333333,0.75,0.125,0.125,2.08333333333333,1.125,0.125,1.08333333333333,0.208333333333333,0.0833333333333333,1.04166666666667,0,NaN,0.875,1.625,0.625,0.416666666666667,2.625,0.166666666666667,19.875,0.666666666666667,0.291666666666667,45097,1055,0.697387489404041,44,0.8,44,14.696,6.63377148878266,4.75438607453428,62.0512785060827,197.041666666667,963.291666666667,0,0,0,0,0,0,0,0
65535,45140,0.42,0.14,0.46,0.3,0.12,0.04,1.66,3.7,0.06,0.94,0.04,0.04,4.96,0.72,0.06,0.74,0.06,0.12,1.54,0.06,1.2,0.38,1.04,0.7,0.9,1.42,0.34,12.2,0.36,0.1,45140,2198,0.790411223247965,0.980392156862745,0.714285714285714,44,23.967,10.3558168249462,6.34373112251985,-29.7922019627204,307.88,964.88,0,0,0,0,0,0,0,1
65535,45184,1.12121212121212,0.333333333333333,0.757575757575758,0.363636363636364,0.0303030303030303,0.121212121212121,1.63636363636364,3.39393939393939,0.0909090909090909,1.24242424242424,0.121212121212121,0.0303030303030303,2.81818181818182,0.757575757575758,0.0909090909090909,0.484848484848485,0.0606060606060606,0.212121212121212,0.909090909090909,0.0606060606060606,0.878787878787879,0.484848484848485,1.15151515151515,0.424242424242424,0.787878787878788,1.39393939393939,0.212121212121212,13.2121212121212,0.212121212121212,0.212121212121212,45184,1450,0.675079213078041,0.916666666666667,0.673469387755102,44,18.368,7.6924103503989,5.67503920838319,36.0194427765822,943.757575757576,964.818181818182,0.434782608695652,44,44877,0,0,0,0,1
65535,45228,0.590909090909091,0.136363636363636,0.954545454545455,0.545454545454545,0.0909090909090909,0.0454545454545455,0.681818181818182,2.81818181818182,0,0.772727272727273,0,0,1.09090909090909,0.318181818181818,0.0909090909090909,0.636363636363636,0.0454545454545455,0,1.22727272727273,0,0.590909090909091,0.272727272727273,0.727272727272727,0.545454545454545,0.363636363636364,1.27272727272727,0,8.63636363636364,0.363636363636364,0.0909090909090909,45228,967,0.721627155216278,0.956521739130435,0.733333333333333,44,14.696,6.56003949738888,4.54139670107718,30.7723425538811,1061.81818181818,966.863636363636,0,0,0,0,0,0,0,1
65535,45272,0.318181818181818,0.136363636363636,0.340909090909091,0.136363636363636,0.0909090909090909,0.0454545454545455,0.954545454545455,2.04545454545455,0.113636363636364,1.47727272727273,0.0227272727272727,0.0681818181818182,1.13636363636364,0.454545454545455,0,0.431818181818182,0.0227272727272727,0.0454545454545455,0.704545454545455,0,0.909090909090909,0.545454545454545,0.75,0.363636363636364,0.431818181818182,1.29545454545455,0.295454545454545,6.79545454545455,0.386363636363636,0.159090909090909,45272,1934,0.730147647209742,0.785714285714286,0.55,44,27.912,10.0864928236794,6.89199369692212,13.5812149920567,1160.65909090909,964.863636363636,0,0,0,0,0,0,0,1
65535,45316,0.261904761904762,0.19047619047619,0.857142857142857,0.261904761904762,0.119047619047619,0.0714285714285714,1.64285714285714,1.88095238095238,0.0952380952380952,1.14285714285714,0.0952380952380952,0.0476190476190476,1.11904761904762,0.642857142857143,0.214285714285714,0.928571428571429,0.166666666666667,0.0238095238095238,0.952380952380952,0.0238095238095238,0.595238095238095,0.30952380952381,5.33333333333333,0.5,0.166666666666667,1.5,0.166666666666667,14.9285714285714,0.119047619047619,0.166666666666667,45316,1846,0.858187882755268,44,0.84,44,21.709,10.3255505698126,5.30047390058965,2.92378637032451,1220.83333333333,969.071428571429,0.653846153846154,44,45448,0,0,0,0,1
65535,45360,1.4,0.15,0.9,0.1,0.15,0.1,0.95,2.75,0,0.65,0.1,0,4.8,0.75,3.3,0.3,0.15,0.2,1.8,0,0.8,0.35,3.85,0.4,0.4,1.6,0.35,9.35,0.3,0.25,45360,879,0.836159620438034,0.909090909090909,0.714285714285714,44,14.696,7.14809793646243,3.92063292816457,3.86091290006549,10373,971.25,0.941176470588235,44,45536,0,0,0,0,0
65535,45404,0.19672131147541,0.19672131147541,1.08196721311475,1.36065573770492,0.180327868852459,0.0819672131147541,3.08196721311475,2.36065573770492,0.0655737704918033,0.573770491803279,0.213114754098361,0.0163934426229508,1.37704918032787,0.704918032786885,0.0983606557377049,0.967213114754098,0.0163934426229508,0.114754098360656,0.967213114754098,0,0.655737704918033,0.459016393442623,2.11475409836066,0.409836065573771,0.344262295081967,2.67213114754098,0.311475409836066,24.0819672131148,0.311475409836066,0.573770491803279,45404,2681,0.887480863180816,0.897058823529412,0.635416666666667,44,30.037,13.7625450858747,6.3423941690601,23.9498050983903,621.245901639344,42679,0,0,0,0,0,0,0,0
65535,45448,0.439393939393939,0.166666666666667,0.878787878787879,0.378787878787879,0.0909090909090909,0.0909090909090909,NaN,2.37878787878788,0.0454545454545455,0.818181818181818,0.121212121212121,0.0151515151515152,2.1969696969697,0.348484848484849,0.136363636363636,0.515151515151515,0.136363636363636,0.0909090909090909,0.909090909090909,0,0.818181818181818,0.46969696969697,3.34848484848485,0.333333333333333,0.439393939393939,1.33333333333333,0.166666666666667,13.7878787878788,0.272727272727273,0.227272727272727,45448,2901,0.86805709818494,0.88,0.634615384615385,44,30.426,13.4353275865762,6.67016149487695,-13.4223006618771,1218.95454545455,973.893939393939,0.472222222222222,44,45316,0,0,0,0,0
65535,45492,0.439393939393939,0.181818181818182,0.484848484848485,0.136363636363636,0.121212121212121,0.0151515151515152,0.848484848484849,3.15151515151515,0.0606060606060606,0.727272727272727,0.151515151515152,0.0606060606060606,1.09090909090909,0.393939393939394,0.106060606060606,0.681818181818182,0.151515151515152,0.0909090909090909,0.878787878787879,0.0151515151515152,0.575757575757576,0.378787878787879,NaN,0.696969696969697,0.363636363636364,1.46969696969697,0.257575757575758,10.5909090909091,0.196969696969697,0.121212121212121,45492,2901,0.747267138007585,0.956521739130435,0.75,44,28.35,11.669506872703,7.7546645567312,-22.8248630861626,869.212121212121,974.060606060606,0,0,0,0,0,0,0,0
65535,45536,1.92857142857143,0.107142857142857,0.678571428571429,0.142857142857143,0.142857142857143,0.107142857142857,1.28571428571429,3.53571428571429,0.0714285714285714,1.17857142857143,0.107142857142857,0.0357142857142857,5.96428571428571,0.464285714285714,10.7142857142857,0.928571428571429,0.0714285714285714,0.107142857142857,1.71428571428571,0,0.928571428571429,0.5,4.5,0.535714285714286,0.857142857142857,1.53571428571429,0.214285714285714,13.75,0.321428571428571,0.107142857142857,45536,1231,0.702816928503644,44,0.8,44,16.656,7.2197935244258,5.13595004115145,17.399277332671,236.428571428571,975.071428571429,0.631578947368421,44,45360,0,0,0,0,1
65535,45580,0.137931034482759,0.137931034482759,0.379310344827586,0.275862068965517,0.103448275862069,0.206896551724138,1.03448275862069,1.17241379310345,0.0689655172413793,1.13793103448276,0.137931034482759,0.103448275862069,0.758620689655172,0.379310344827586,0.137931034482759,0.586206896551724,0.103448275862069,0,1.96551724137931,0.0344827586206897,0.862068965517241,0.448275862068966,0.482758620689655,0.379310344827586,0.689655172413793,1.6551724137931,0.172413793103448,6.3448275862069,0.137931034482759,0.0344827586206897,45580,1275,0.858835592477353,0.805555555555556,0.517857142857143,44,25.299,9.56137660321944,4.89782788169822,-45.404147703697,287.758620689655,980.586206896552,0,0,0,0,0,0,0,1
65535,45624,0.150943396226415,0.113207547169811,0.773584905660377,1.81132075471698,0.169811320754717,0.0754716981132075,2.66037735849057,3.0188679245283,0.113207547169811,0.735849056603774,0.0943396226415094,0.0566037735849057,1.18867924528302,0.716981132075472,0.0943396226415094,1.26415094339623,0.113207547169811,0.113207547169811,0.792452830188679,0.0377358490566038,1.15094339622642,0.60377358490566,1.56603773584906,0.452830188679245,0.150943396226415,2.60377358490566,0.245283018867925,22.6037735849057,0.188679245283019,0.320754716981132,45624,2330,0.789933712840251,0.913793103448276,0.688311688311688,44,26.208,10.9092361207942,6.68945898805839,-20.9174968934012,129.377358490566,978.698113207547,0.483870967741936,44,45888,0,0,0,0,1
65535,45668,0.0847457627118644,0.186440677966102,NaN,1.27118644067797,0.11864406779661,0.0677966101694915,2.54237288135593,2.30508474576271,0.0847457627118644,0.966101694915254,0.186440677966102,0.0169491525423729,0.864406779661017,0.864406779661017,0.0847457627118644,0.711864406779661,0.0677966101694915,0.0338983050847458,0.830508474576271,0,0.76271186440678,0.525423728813559,4.15254237288136,0.322033898305085,0.186440677966102,2.1864406779661,0.254237288135593,22.2881355932203,0.389830508474576,0.288135593220339,45668,2593,0.755486139578789,0.893939393939394,0.670454545454545,44,27.639,11.0401723471261,7.23313043516484,86.4628472579707,561.016949152542,980.796610169491,0,0,0,0,0,0,0,0
65535,45712,0.0454545454545455,0.0454545454545455,1.22727272727273,0.318181818181818,0.0454545454545455,0,1.81818181818182,3.63636363636364,0.0454545454545455,0.863636363636364,0.318181818181818,0,NaN,0.5,0.181818181818182,0.818181818181818,0.0454545454545455,0.136363636363636,0.772727272727273,0.0454545454545455,0.954545454545455,0.454545454545455,1.63636363636364,0.318181818181818,0.0909090909090909,2.68181818181818,0.318181818181818,19.1818181818182,0.272727272727273,0.0454545454545455,45712,967,0.875463678728261,0.956521739130435,0.785714285714286,44,15.25,7.84522792859569,3.79147250578931,15.1513403602441,1340.72727272727,980.272727272727,0.444444444444444,88,46064,46239,0,0,0,0
65535,45756,0.277777777777778,0.194444444444444,0.555555555555556,0.138888888888889,0.0277777777777778,0.194444444444444,3.97222222222222,2.27777777777778,0,1.69444444444444,0.111111111111111,0,1.38888888888889,0.416666666666667,0.0555555555555556,0.444444444444444,0.111111111111111,0.0555555555555556,NaN,0,2.22222222222222,0.472222222222222,0.444444444444444,0.5,0.388888888888889,2.02777777777778,0.388888888888889,8.44444444444444,0.361111111111111,0.0833333333333333,45756,1582,0.748266339612023,0.947368421052632,0.75,44,19.749,8.56189697759415,5.67994906488009,15.9414938711623,591.972222222222,981.611111111111,0,0,0,0,0,0,0,0
65535,45800,0.454545454545455,0.318181818181818,0.863636363636364,0.272727272727273,0.318181818181818,0,0.818181818181818,1.90909090909091,0.0909090909090909,0.909090909090909,0.272727272727273,0.136363636363636,1.5,0.272727272727273,0.0909090909090909,0.454545454545455,0,0.0454545454545455,NaN,0.0454545454545455,1.59090909090909,0.545454545454545,0.818181818181818,0.590909090909091,0.363636363636364,1.68181818181818,0.363636363636364,7.72727272727273,0.363636363636364,0.0454545454545455,45800,967,0.699110312326964,0.956521739130435,0.733333333333333,44,14.142,6.40371409037026,4.57874411159076,14.7200596932606,992.681818181818,983.318181818182,0,0,0,0,0,0,0,0
65535,45844,0.5,0.2,0.5,0.05,0,0,0.6,NaN,0.05,0.55,0.1,0.05,0.65,0.8,0.25,0.35,0.05,0.1,1.45,0.05,0.4,0.35,0.55,0.4,0.3,0.8,0.25,NaN,0.45,0.05,45844,879,0.717137165600636,44,0.833333333333333,44,12.736,6.11010092660779,4.25832517937902,0,1074.5,984.5,0,0,0,0,0,0,0,0
65535,45888,0.338983050847458,0.0847457627118644,0.847457627118644,1.44067796610169,0.152542372881356,0.0338983050847458,2.74576271186441,2.50847457627119,0.152542372881356,0.711864406779661,0.0169491525423729,0.101694915254237,1.28813559322034,0.610169491525424,0.0677966101694915,0.830508474576271,0.0508474576271186,0.0169491525423729,1.05084745762712,0.0508474576271186,0.796610169491525,0.559322033898305,2.20338983050847,0.627118644067797,0.372881355932203,2.28813559322034,0.355932203389831,22.4406779661017,0.322033898305085,0.355932203389831,45888,2593,0.840103304713357,0.842857142857143,0.546296296296296,44,30.798,12.7009664680498,6.88933996258678,47.2715581434774,132.101694915254,984.542372881356,0.567567567567568,44,45624,0,0,0,0,1
65535,45932,1.35,0.15,0.45,0.325,0.125,0.225,1.45,3.675,0.125,1.325,0.05,0.025,4.65,0.525,3.575,0.75,0.1,0.2,2.525,0.025,1.05,0.425,0.75,0.75,NaN,2.625,0.3,17.55,0.275,0.15,45932,1758,0.81159675453367,0.952380952380952,0.634920634920635,44,20.99,9.4702643278561,5.53269918097875,26.7435101787126,231.025,985.35,0,0,0,0,0,0,0,0
65535,45976,0.546875,0.078125,0.46875,0.4375,0.078125,0.015625,1.8125,NaN,0.046875,0.546875,0.015625,0,1.265625,0.4375,0.015625,0.5625,0,0.09375,0.65625,0.03125,0.578125,0.3125,1.359375,0.359375,0.421875,1.3125,0.21875,13.953125,0.21875,0.03125,45976,2813,0.809100210254496,0.876712328767123,0.666666666666667,44,29.847,12.12868913704,7.12767521592526,-75.1347660050689,1055.609375,988.140625,0,0,0,0,0,0,0,0
65535,46020,0.266666666666667,0.0666666666666667,0.466666666666667,0.3,0.0666666666666667,0.0333333333333333,0.866666666666667,1.83333333333333,0.1,0.833333333333333,0.0666666666666667,0.0333333333333333,0.8,0.266666666666667,0.2,0.333333333333333,0.1,0.0666666666666667,0.966666666666667,0.0666666666666667,NaN,0.466666666666667,0.433333333333333,0.266666666666667,0.433333333333333,1.6,0.3,6.93333333333333,0.166666666666667,0.0333333333333333,46020,1319,0.918563206984324,0.789473684210526,0.6,44,22.933,10.668867203309,4.21712716040739,-10.4772561732299,1091.03333333333,987.8,0,0,0,0,0,0,0,0
65535,46064,0.208333333333333,0.152777777777778,0.916666666666667,1.375,0.0972222222222222,0.0416666666666667,2.06944444444444,3.45833333333333,0.125,0.708333333333333,0.0694444444444444,0.0555555555555556,1.15277777777778,0.638888888888889,0.0972222222222222,0.805555555555556,0.0555555555555556,0.138888888888889,0.402777777777778,0.0416666666666667,0.805555555555556,0.708333333333333,2.51388888888889,0.625,0.208333333333333,2.38888888888889,0.277777777777778,24.2361111111111,0.361111111111111,0.263888888888889,46064,3165,0.857149223660529,0.847058823529412,0.545454545454545,44,33.916,14.182428248115,7.30491720738997,57.8335132244478,1330.36111111111,984.180555555556,0.571428571428571,88,45712,46239,0,0,0,1
65535,46107,0.0769230769230769,0.0769230769230769,0.769230769230769,0.153846153846154,0.0769230769230769,0.0384615384615385,1.73076923076923,2.30769230769231,0.0384615384615385,0.846153846153846,0.0384615384615385,0,0.846153846153846,0.423076923076923,0.384615384615385,0.615384615384615,0.153846153846154,0,1.34615384615385,0.0384615384615385,1.19230769230769,0.384615384615385,0.692307692307692,0.538461538461538,0.653846153846154,1.5,0.307692307692308,8.65384615384615,0.230769230769231,0.0769230769230769,46107,1143,0.664334974083749,0.962962962962963,0.742857142857143,44,15.548,6.78279210574016,5.06969604959892,4.96723457580257,662.576923076923,987.923076923077,0,0,0,0,0,0,0,1
65535,46151,0.5,0.230769230769231,1.03846153846154,0.230769230769231,0.0769230769230769,0.230769230769231,1.88461538461538,2.42307692307692,0.153846153846154,1.5,0.0769230769230769,0.0769230769230769,1.34615384615385,0.346153846153846,0.153846153846154,0.346153846153846,0.0769230769230769,0.0769230769230769,1.5,0.0384615384615385,0.769230769230769,0.730769230769231,0.730769230769231,0.461538461538462,0.384615384615385,2.46153846153846,0.269230769230769,11.8461538461538,0.307692307692308,0.269230769230769,46151,1143,0.856219876273755,0.962962962962963,0.65,44,17.508,8.23476074013442,4.2541727479856,19.3980676144593,1368.73076923077,988.384615384615,0,0,0,0,0,0,0,1
65535,46195,0.0434782608695652,0.304347826086957,0.565217391304348,0.217391304347826,0.0869565217391304,0,1.39130434782609,NaN,0.0434782608695652,1.26086956521739,0.0869565217391304,0.0434782608695652,0.956521739130435,0.391304347826087,0.347826086956522,0.434782608695652,0.260869565217391,0.217391304347826,1.04347826086957,0,0.91304347826087,0.565217391304348,0.347826086956522,0.608695652173913,0.608695652173913,1.69565217391304,0.217391304347826,7.69565217391304,0.478260869565217,0.217391304347826,46195,1011,0.75614644020773,0.884615384615385,0.657142857142857,44,15.92,6.96713564902787,4.55931060837013,10.204941416902,1344.13043478261,988.652173913044,0.555555555555556,44,46239,0,0,0,0,0
65535,46239,0.106060606060606,0.143939393939394,0.810606060606061,0.871212121212121,0.0984848484848485,0.113636363636364,1.78030303030303,3.24242424242424,0.0833333333333333,0.674242424242424,0.136363636363636,0.053030303030303,1.06060606060606,0.621212121212121,0.053030303030303,1.09848484848485,0.106060606060606,0.053030303030303,0.659090909090909,0.0151515151515152,0.795454545454545,0.454545454545455,2.68181818181818,0.545454545454545,0.143939393939394,2.02272727272727,0.196969696969697,19.1363636363636,0.348484848484849,0.416666666666667,46239,5802,0.660242978575736,0.897959183673469,0.676923076923077,44,44.477,15.5730156976026,11.6961456487694,39.9190646940586,1335.44696969697,989.75,0.745454545454545,132,45712,46064,46195,0,0,1
65535,46283,0.0606060606060606,0.0606060606060606,1.18181818181818,0.151515151515152,0.121212121212121,0.0606060606060606,1.15151515151515,2.24242424242424,0.0303030303030303,1.24242424242424,0.151515151515152,0.181818181818182,0.878787878787879,0.454545454545455,0.242424242424242,0.545454545454545,0.0606060606060606,0.121212121212121,1.39393939393939,0,0.818181818181818,0.454545454545455,2.21212121212121,0.303030303030303,0.303030303030303,1.63636363636364,0.272727272727273,13.4848484848485,0.272727272727273,0.0606060606060606,46283,1450,0.778479033388109,44,0.825,44,17.971,8.26399457545351,5.18706651566746,9.29465758283285,384.393939393939,990.969696969697,0,0,0,0,0,0,0,1
65535,46327,0.169230769230769,0.0923076923076923,0.953846153846154,0.615384615384615,0.138461538461538,0.138461538461538,3.09230769230769,2.86153846153846,0.0923076923076923,0.753846153846154,0.123076923076923,0.0307692307692308,1.21538461538462,0.507692307692308,0.0615384615384615,NaN,0.0769230769230769,0.123076923076923,0.738461538461539,0.0153846153846154,0.692307692307692,0.230769230769231,2.63076923076923,0.538461538461538,0.538461538461538,1.92307692307692,0.246153846153846,17.5846153846154,0.323076923076923,0.2,46327,2857,0.909524554318891,0.928571428571429,0.663265306122449,44,31.17,14.7898664070388,6.14741086478256,13.7072572465362,326.430769230769,992.615384615385,0,0,0,0,0,0,0,0
65535,46371,0.387096774193548,0.225806451612903,0.806451612903226,0.0645161290322581,0.0645161290322581,0.0645161290322581,0.709677419354839,2.12903225806452,0.161290322580645,0.806451612903226,0.161290322580645,0.0645161290322581,0.935483870967742,0.419354838709677,0.032258064516129,0.387096774193548,0,0.032258064516129,0.903225806451613,0,0.67741935483871,1.74193548387097,0.870967741935484,0.193548387096774,0.258064516129032,1.87096774193548,0.225806451612903,9.83870967741935,0.354838709677419,0.193548387096774,46371,1363,0.730710447902389,44,0.738095238095238,44,17.235,7.74218675482095,5.28549422604793,27.0717768113148,993.096774193548,992.709677419355,0,0,0,0,0,0,0,1
65535,46415,NaN,0.269230769230769,0.923076923076923,0.384615384615385,0.0769230769230769,0.0769230769230769,3.15384615384615,2.07692307692308,0.115384615384615,0.576923076923077,0.0384615384615385,0,1.46153846153846,0.769230769230769,0.307692307692308,0.576923076923077,0.0384615384615385,0.0384615384615385,1.11538461538462,0,0.846153846153846,0.423076923076923,0.653846153846154,0.846153846153846,0.730769230769231,1.73076923076923,0.0769230769230769,10.6923076923077,0.384615384615385,0.0769230769230769,46415,1143,0.719803224344586,0.962962962962963,0.866666666666667,44,15.804,7.02482407454325,4.87647945242495,25.1854973477678,1197.5,43690,0,0,0,0,0,0,0,0
65535,46459,0.458333333333333,0.166666666666667,0.958333333333333,0.208333333333333,0.0416666666666667,0.0416666666666667,5.33333333333333,1.875,0.25,0.583333333333333,0.0416666666666667,0.0833333333333333,2.58333333333333,0.333333333333333,0.0416666666666667,0.958333333333333,0.125,0.125,0.916666666666667,0,0.916666666666667,0.125,1.08333333333333,0.208333333333333,0.5,1.95833333333333,0.333333333333333,13.25,0.375,0.208333333333333,46459,1055,0.784680484098794,0.96,0.685714285714286,44,15.73,7.20084686542863,4.46380803781081,16.6791211985215,43.4166666666667,995.416666666667,0,0,0,0,0,0,0,1
65535,46503,0.409090909090909,0.0909090909090909,0.636363636363636,0.136363636363636,0.136363636363636,0.272727272727273,NaN,2.36363636363636,0.181818181818182,1.18181818181818,0.0454545454545455,0.181818181818182,6.86363636363636,1.09090909090909,2.04545454545455,0.5,0.0454545454545455,NaN,NaN,0,1.5,0.272727272727273,1.95454545454545,0.363636363636364,1.22727272727273,2.59090909090909,0.409090909090909,11.0454545454545,0.363636363636364,0.227272727272727,46503,967,0.501964982348078,44,0.733333333333333,44,14.142,5.83065451344208,5.04286279706841,32.8054718729565,191.545454545455,995.863636363636,0.0588235294117647,44,46635,0,0,0,0,0
65535,46547,0.34375,0.09375,1.125,0.09375,0.09375,0.0625,0.96875,2.25,0.09375,1.09375,0.125,0.0625,1.21875,0.21875,0.5625,0.46875,0.1875,0.09375,1.40625,0.03125,NaN,0.5,1.28125,0.5,0.46875,1.71875,0.09375,13.46875,0.625,0.09375,46547,1407,0.688858578368082,0.842105263157895,0.666666666666667,44,21.362,7.90295425166229,5.7288180074776,29.9196166418629,821.125,999.40625,0,0,0,0,0,0,0,0
65535,46591,0.4,0.123076923076923,0.584615384615385,0.415384615384615,0.0461538461538462,0.0307692307692308,1.06153846153846,1.66153846153846,0.0923076923076923,0.969230769230769,0.138461538461538,0.0307692307692308,1.16923076923077,0.261538461538462,0.0923076923076923,0.507692307692308,0.0923076923076923,0.0615384615384615,1.07692307692308,0.0153846153846154,0.892307692307692,0.369230769230769,0.476923076923077,0.461538461538462,0.415384615384615,1.81538461538462,0.246153846153846,8.4,0.292307692307692,0.0923076923076923,46591,2857,0.222346508097219,0.984848484848485,0.802469135802469,44,25.927,9.32457401095586,9.09115854529368,82.8594521320142,1233.92307692308,1000.76923076923,0,0,0,0,0,0,0,1
65535,46635,1.07272727272727,0.181818181818182,0.581818181818182,0.0545454545454545,0.0545454545454545,0.0545454545454545,1.74545454545455,4.03636363636364,0.0727272727272727,1.23636363636364,0.109090909090909,0,9.56363636363636,0.927272727272727,0.254545454545455,1.2,0.127272727272727,0.272727272727273,1.52727272727273,0.0545454545454545,1.49090909090909,0.690909090909091,0.981818181818182,0.818181818181818,1.34545454545455,2.29090909090909,0.381818181818182,16.4545454545455,0.345454545454545,0.127272727272727,46635,2417,0.800883710954436,0.964912280701754,0.679012345679012,44,25.563,10.9827157148952,6.5766688076628,53.1594018740481,185.472727272727,1004.25454545455,0.419354838709677,88,46503,46987,0,0,0,1
65535,46679,0.16,0.08,0.68,1.96,0.24,0.04,5.32,3.2,0.28,1.16,0.16,0.08,1.68,0.68,0.04,1.68,0.12,0.12,1.04,0,0.6,0.72,NaN,0.64,0.52,2.72,0.32,28.76,0.48,0.16,46679,1099,0.781571486324227,0.862068965517241,0.714285714285714,44,17.119,7.52434015864492,4.69380142780561,9.32476937702571,611.96,1002.36,0,0,0,0,0,0,0,0
65535,46723,0.133333333333333,0.0666666666666667,0.6,0.6,0,0.166666666666667,1.46666666666667,1.33333333333333,0.0666666666666667,0.666666666666667,0.1,0.0666666666666667,0.566666666666667,0.2,0.0666666666666667,0.4,0,0.1,0.7,0,0.533333333333333,0.466666666666667,1.23333333333333,0.4,0.3,NaN,0.233333333333333,15.3333333333333,0.3,0.166666666666667,46723,1319,0.428230182057752,0.967741935483871,0.833333333333333,44,16.474,6.59022845667061,5.95538971576728,45.0000000000001,858.533333333333,1004.46666666667,0,0,0,0,0,0,0,0
65535,46767,0.121951219512195,0.170731707317073,1.07317073170732,0.658536585365854,0.195121951219512,0.024390243902439,2.65853658536585,1.78048780487805,0.024390243902439,0.707317073170732,0.121951219512195,0.024390243902439,1.14634146341463,0.585365853658537,0.0487804878048781,0.682926829268293,0.0975609756097561,0.0975609756097561,0.780487804878049,0,0.853658536585366,0.390243902439024,5.31707317073171,0.439024390243902,0.146341463414634,1.26829268292683,0.24390243902439,15.6585365853659,0.365853658536585,0.146341463414634,46767,1802,0.675573141654498,0.911111111111111,0.732142857142857,44,22.007,8.74354106106287,6.44655139674003,-28.7835839603427,397.609756097561,1004.17073170732,0.481481481481481,44,47162,0,0,0,0,1
65535,46811,0.95,0.1,0.5,0.3,0.1,0.05,1.25,2.75,0,0.75,0.15,0.05,2.05,0.8,0.05,0.75,0.05,0.1,1.35,0,1.2,0.7,1.05,0.4,0.7,0.9,0.25,15.25,0.25,0.15,46811,879,0.793324394070934,44,0.833333333333333,44,13.472,6.58681803802368,4.01004922670938,20.9561743575075,1070.7,1005.6,0,0,0,0,0,0,0,1
65535,46855,0.964285714285714,0.142857142857143,0.571428571428571,0.142857142857143,0.0357142857142857,0.0714285714285714,1.39285714285714,3.14285714285714,0,1.14285714285714,0.178571428571429,0,2.60714285714286,0.464285714285714,0,0.5,0.178571428571429,0.0714285714285714,1.42857142857143,0,0.75,0.321428571428571,2.25,0.75,0.892857142857143,1.46428571428571,0.214285714285714,13.1428571428571,0.107142857142857,0.25,46855,1231,0.759749385463049,0.96551724137931,0.8,44,16.474,7.54493083494988,4.90583489069232,-11.5946226276441,1250.03571428571,1006.67857142857,0,0,0,0,0,0,0,1
65535,46899,0.181818181818182,0.181818181818182,0.828282828282828,1.77777777777778,0.232323232323232,0.0909090909090909,2.58585858585859,2.84848484848485,0.101010101010101,0.797979797979798,0.101010101010101,0.0505050505050505,1.45454545454545,0.818181818181818,0.191919191919192,0.96969696969697,0.0707070707070707,0.0909090909090909,1.16161616161616,0.0404040404040404,1.01010101010101,0.747474747474748,2.04040404040404,0.656565656565657,0.353535353535354,2.60606060606061,0.191919191919192,24.5858585858586,0.363636363636364,0.303030303030303,46899,4351,0.775687858449493,0.933962264150943,0.707142857142857,44,35.413,14.2867407377197,9.01660131596815,73.5622357428983,684.606060606061,1007.40404040404,0,0,0,0,0,0,0,1
65535,46943,0.227272727272727,0.181818181818182,1.36363636363636,0.363636363636364,0.136363636363636,0.136363636363636,1.04545454545455,2.09090909090909,0.0454545454545455,1.04545454545455,0.0909090909090909,0,1.68181818181818,0.409090909090909,0.0454545454545455,0.363636363636364,0.0909090909090909,0.0909090909090909,1.5,0.0909090909090909,0.727272727272727,0.5,1.81818181818182,0.727272727272727,0.318181818181818,1.81818181818182,0.227272727272727,11.2727272727273,0.0909090909090909,0.227272727272727,46943,967,0.501964982348079,44,0.733333333333333,44,14.142,5.83065451344208,5.0428627970684,-32.8054718729565,697.545454545455,1008.13636363636,0,0,0,0,0,0,0,1
65535,46987,1.52380952380952,0.142857142857143,0.80952380952381,0.261904761904762,0.0714285714285714,0.19047619047619,1.61904761904762,3.5,0.166666666666667,NaN,0.119047619047619,0.0714285714285714,8.42857142857143,1.02380952380952,0.142857142857143,0.904761904761905,0.142857142857143,0.142857142857143,1.83333333333333,0.0238095238095238,0.857142857142857,0.476190476190476,1.52380952380952,0.595238095238095,0.857142857142857,2.5952380952381,0.261904761904762,19.1428571428571,0.285714285714286,0.285714285714286,46987,1846,0.832464487816763,0.933333333333333,0.7,44,22.47,10.0571912983668,5.57247249192994,-8.36275976661739,182.738095238095,1010.95238095238,0.666666666666667,88,46635,47558,0,0,0,0
65535,47030,0.677966101694915,0.101694915254237,0.440677966101695,0.254237288135593,0.0508474576271186,0.0338983050847458,1.8135593220339,3.22033898305085,0.0338983050847458,1.52542372881356,0.0677966101694915,0.0169491525423729,1.59322033898305,0.593220338983051,0.0338983050847458,0.711864406779661,0.101694915254237,0.0508474576271186,1.11864406779661,0.0169491525423729,1.3728813559322,0.271186440677966,0.508474576271186,0.711864406779661,0.440677966101695,1.61016949152542,0.169491525423729,11.135593220339,0.406779661016949,0.220338983050847,47030,2593,0.561166110743619,0.951612903225806,0.819444444444444,44,24.711,9.60640738893944,7.95125418775917,65.4284291365351,561.491525423729,1010.94915254237,0.5,88,47074,47470,0,0,0,1
65535,47074,0.125,0.15625,1.21875,1.25,0.21875,0,2.3125,2.53125,0.0625,0.90625,0.09375,0.03125,1.375,0.9375,0.09375,0.90625,0.125,0.03125,1.3125,0.03125,1.125,0.59375,3.03125,1.0625,0.15625,2.1875,0.21875,23.9375,0.4375,0.4375,47074,1407,0.777501038591198,0.864864864864865,0.666666666666667,44,21.246,8.49532968790466,5.34255698710575,65.110346759475,567.9375,1009.84375,0.739130434782609,88,47030,47470,0,0,0,1
65535,47118,0.166666666666667,0.0416666666666667,0.875,0.0833333333333333,0,0.125,1.375,2.375,0.125,1.54166666666667,0.166666666666667,0,0.75,0.833333333333333,0,1.08333333333333,0.166666666666667,0.0833333333333333,1.91666666666667,0.0416666666666667,0.791666666666667,0.75,1.75,0.625,0.291666666666667,1.20833333333333,0.291666666666667,8.79166666666667,0.208333333333333,0.208333333333333,47118,1055,0.60211128401219,0.96,0.8,44,14.696,6.3259696606292,5.0507311976165,-20.5981225053056,1118.16666666667,1010.95833333333,0.166666666666667,44,47294,0,0,0,0,1
65535,47162,0.202898550724638,0.289855072463768,1.39130434782609,1.07246376811594,0.0869565217391304,0.0869565217391304,2.3768115942029,2.08695652173913,0.144927536231884,0.898550724637681,0.115942028985507,0.0869565217391304,1.1304347826087,0.405797101449275,0.0579710144927536,0.666666666666667,0.101449275362319,0.0434782608695652,0.550724637681159,0.0434782608695652,0.840579710144927,0.507246376811594,6.05797101449275,0.391304347826087,0.144927536231884,1.31884057971015,0.260869565217391,16.3188405797101,0.188405797101449,0.420289855072464,47162,3033,0.891070672033791,0.873417721518987,0.530769230769231,44,32.138,14.5999296493024,6.62639094575177,33.4468644751195,395.057971014493,1011.66666666667,0.317073170731707,44,46767,0,0,0,0,1
65535,47206,0.225,0.2,0.6625,0.4125,0.1,0.075,1.4875,1.575,0.0875,0.8,0.175,0.05,1.0125,0.3375,0.025,0.525,0.1125,0.075,0.9875,0.05,0.4375,0.225,2.375,0.4,0.1875,1.0875,0.175,12.2375,0.15,0.1625,47206,3516,0.797078537323468,0.941176470588235,0.740740740740741,44,31.079,13.1387176999848,7.93415174210649,-25.9046619542467,1405.45,1011.625,0,0,0,0,0,0,0,1
65535,47250,0.296296296296296,0.037037037037037,0.444444444444444,0.37037037037037,0.0740740740740741,0.037037037037037,1.62962962962963,2.14814814814815,0.185185185185185,0.481481481481481,0.185185185185185,0.037037037037037,0.888888888888889,0.518518518518518,0,0.407407407407407,0.111111111111111,0,0.851851851851852,0.0740740740740741,0.333333333333333,0.296296296296296,3.37037037037037,0.333333333333333,0.333333333333333,0.814814814814815,0.222222222222222,13.8148148148148,0.296296296296296,0.148148148148148,47250,1187,0.678020011925193,44,0.771428571428571,44,15.92,6.97216774373667,5.12484618510273,12.5526406718143,42987,1013.92592592593,0,0,0,0,0,0,0,0
65535,47294,0.571428571428571,0.0857142857142857,0.514285714285714,0.142857142857143,0.114285714285714,0.0285714285714286,1.11428571428571,2.45714285714286,0.171428571428571,0.514285714285714,0.0857142857142857,0.0857142857142857,1.28571428571429,0.371428571428571,0.0857142857142857,0.628571428571429,0.0857142857142857,0.0571428571428571,1.31428571428571,0.0285714285714286,0.828571428571429,0.314285714285714,1.62857142857143,0.485714285714286,0.371428571428571,1.71428571428571,0.285714285714286,12.6571428571429,0.257142857142857,0.228571428571429,47294,1538,0.752331904834259,0.972222222222222,0.875,44,18.525,8.32121155747415,5.48188322184406,-2.4087783335794,1126.4,1014.02857142857,0.772727272727273,132,47118,47514,47822,0,0,1
65535,47338,0.555555555555556,0.174603174603175,0.507936507936508,0.238095238095238,0.0158730158730159,0.142857142857143,1.49206349206349,2.01587301587302,0.0158730158730159,1.07936507936508,0.0634920634920635,0.0317460317460317,1.6984126984127,0.317460317460317,0.253968253968254,0.46031746031746,0.0317460317460317,0.111111111111111,NaN,0.0158730158730159,1.19047619047619,0.444444444444444,0.587301587301587,0.476190476190476,0.936507936507937,1.57142857142857,0.158730158730159,10.4603174603175,0.301587301587302,0.126984126984127,47338,2769,0.467775651879172,0.91304347826087,0.7875,44,27.614,9.77186133628959,8.63683264881975,22.5859824941574,1283.92063492063,1015.36507936508,0,0,0,0,0,0,0,0
65535,47382,0.159090909090909,0.159090909090909,1.02272727272727,0.409090909090909,0.125,0.113636363636364,2.40909090909091,2.875,0.0795454545454545,0.420454545454545,0.136363636363636,0.0113636363636364,1.27272727272727,0.488636363636364,0.0681818181818182,0.954545454545455,0.147727272727273,0.0568181818181818,0.943181818181818,0.0340909090909091,0.761363636363636,0.340909090909091,4.14772727272727,0.420454545454545,0.227272727272727,1.65909090909091,0.181818181818182,15.1363636363636,0.215909090909091,0.306818181818182,47382,3868,0.639846791280365,0.977777777777778,0.733333333333333,44,31.369,12.2213510342636,9.39213875309343,-31.9451739549812,58546,1013.51136363636,0,0,0,0,0,0,0,0
65535,47426,0.299065420560748,0.0654205607476635,0.700934579439252,0.635514018691589,0.130841121495327,0.0747663551401869,2.86915887850467,2.16822429906542,0.0747663551401869,0.897196261682243,0.11214953271028,0.0280373831775701,1.1588785046729,0.439252336448598,0.0841121495327103,0.495327102803738,0.0467289719626168,0.0841121495327103,0.822429906542056,0.0467289719626168,0.85981308411215,0.514018691588785,1.06542056074766,0.532710280373832,0.289719626168224,2.31775700934579,0.271028037383178,15.5327102803738,0.158878504672897,0.252336448598131,47426,4703,0.231204704833096,0.906779661016949,0.685897435897436,44,37.373,12.0309000398461,11.7049243208043,23.7810122333529,843.532710280374,1014.59813084112,0,0,0,0,0,0,0,1
65535,47470,0.139072847682119,0.0993377483443709,1.04635761589404,1.49668874172185,0.132450331125828,0.033112582781457,2.56291390728477,2.90066225165563,0.0529801324503311,0.947019867549669,0.139072847682119,0.0132450331125828,1.19205298013245,0.735099337748344,0.0794701986754967,0.927152317880795,0.0993377483443709,0.0529801324503311,0.854304635761589,0.0132450331125828,0.854304635761589,0.582781456953642,2.29139072847682,0.649006622516556,0.198675496688742,2.45033112582781,0.311258278145695,24.5298013245033,0.324503311258278,0.344370860927152,47470,6637,0.746097242396693,0.904191616766467,0.662280701754386,44,46.065,17.4110727550068,11.5929363756995,3.41468731381187,569.907284768212,1018.80794701987,0.258620689655172,88,47030,47074,0,0,0,1
65535,47514,0.538461538461538,0.269230769230769,0.538461538461538,0.192307692307692,0.192307692307692,0.115384615384615,0.807692307692308,2.42307692307692,0,0.846153846153846,0.0384615384615385,0.0384615384615385,1.03846153846154,0.576923076923077,0.0769230769230769,0.461538461538462,0.0384615384615385,0.115384615384615,1.30769230769231,0.0384615384615385,0.461538461538462,0.384615384615385,NaN,0.423076923076923,0.192307692307692,2.23076923076923,0.192307692307692,12.0384615384615,0.346153846153846,0.0769230769230769,47514,1143,0.822339138833744,0.896551724137931,0.742857142857143,44,17.21,7.94868119132848,4.52278102349328,8.57003292305603,1127.03846153846,1018.23076923077,44,132,47294,47734,47822,0,0,0
65535,47558,0.452830188679245,0.264150943396226,0.584905660377358,0.188679245283019,0.188679245283019,0.150943396226415,1.9622641509434,2.33962264150943,0.0377358490566038,2.71698113207547,0.150943396226415,0.0943396226415094,2.32075471698113,0.735849056603774,0.320754716981132,0.584905660377358,0.226415094339623,0.132075471698113,1.9811320754717,0.0566037735849057,1.77358490566038,0.905660377358491,5.26415094339623,0.415094339622642,1.18867924528302,2.81132075471698,0.169811320754717,11.811320754717,0.39622641509434,0.245283018867925,47558,2330,0.395311551602578,0.981481481481482,0.736111111111111,44,23.231,8.68935791489876,7.98158452424014,31.8164304591912,181.943396226415,1019.83018867925,0.533333333333333,88,46987,47910,0,0,0,1
65535,47602,0.0869565217391304,0.173913043478261,0.739130434782609,NaN,0.173913043478261,0.260869565217391,1.34782608695652,2.17391304347826,0.0434782608695652,1.34782608695652,0.130434782608696,0.0869565217391304,1.17391304347826,0.434782608695652,0.0869565217391304,0.739130434782609,0.0434782608695652,0.0434782608695652,NaN,0,0.739130434782609,0.652173913043478,NaN,0.173913043478261,0.391304347826087,2.39130434782609,0.260869565217391,12.1304347826087,0.260869565217391,0.0869565217391304,47602,1011,0.835290084400123,0.92,0.657142857142857,44,15.829,7.52814487727808,4.139045492944,21.6321477055358,689.086956521739,1019.73913043478,0,0,0,0,0,0,0,0
65535,47646,0.358974358974359,0.153846153846154,0.307692307692308,0.102564102564103,0.0769230769230769,0.0512820512820513,1.41025641025641,2.94871794871795,0.0512820512820513,0.948717948717949,0.0256410256410256,0,3.23076923076923,0.692307692307692,0.0512820512820513,0.769230769230769,0.0256410256410256,0.0512820512820513,1.64102564102564,0,1.46153846153846,1.1025641025641,2.8974358974359,0.512820512820513,1.1025641025641,1.35897435897436,0.230769230769231,13.4615384615385,0.333333333333333,0.205128205128205,47646,1714,0.75472572870215,0.8125,0.619047619047619,44,26.208,9.57772708720545,6.28337640577789,-26.5096840891327,214.641025641026,1020.20512820513,0,0,0,0,0,0,0,1
65535,47690,0,0.0769230769230769,0.615384615384615,0.269230769230769,0.0769230769230769,0.192307692307692,2.46153846153846,2.11538461538462,0.115384615384615,0.5,0.115384615384615,0.0384615384615385,1.34615384615385,0.346153846153846,2.38461538461538,0.423076923076923,0,0.153846153846154,1.57692307692308,0.0384615384615385,0.423076923076923,0.692307692307692,9.07692307692308,0.269230769230769,0.423076923076923,1.42307692307692,0.0769230769230769,13.8461538461538,0.269230769230769,0.5,47690,1143,0.604747742808099,0.928571428571429,0.619047619047619,44,16.491,6.67193446471761,5.31364257377803,50.3200617681259,971.5,1021.15384615385,0,0,0,0,0,0,0,1
65535,47734,0.833333333333333,0.0833333333333333,0.208333333333333,0.125,0.125,0.208333333333333,NaN,1.91666666666667,0,0.708333333333333,0.0833333333333333,0.0416666666666667,1.20833333333333,0.541666666666667,0.125,0.75,0.333333333333333,0,0.958333333333333,0,0.666666666666667,0.208333333333333,0.541666666666667,0.458333333333333,0.708333333333333,0.958333333333333,0.125,NaN,0.0416666666666667,0.291666666666667,47734,1055,0.877971146071062,0.96,0.75,44,16.474,8.32666399786453,3.98608691436713,0,1134.5,1020.91666666667,0.25,44,47514,0,0,0,0,0
65535,47778,0.483870967741936,0.145161290322581,0.629032258064516,0.612903225806452,0.112903225806452,0.0645161290322581,1.48387096774194,1.80645161290323,0.0806451612903226,1.19354838709677,0.0645161290322581,0.0483870967741935,1.08064516129032,0.370967741935484,0.129032258064516,0.532258064516129,0.0645161290322581,0.0645161290322581,1.70967741935484,0,0.887096774193548,0.532258064516129,0.693548387096774,0.483870967741936,0.387096774193548,1.88709677419355,0.193548387096774,9.75806451612903,0.338709677419355,0.274193548387097,47778,2725,0.665855224982121,44,0.765432098765432,44,25.927,10.4839635070224,7.82188570188387,40.3822793605825,1115.48387096774,1021.3064516129,0.5,44,47822,0,0,0,0,1
65535,47822,0.472972972972973,0.162162162162162,0.648648648648649,0.310810810810811,0.0405405405405405,0.108108108108108,1.17567567567568,2.75675675675676,0.108108108108108,1.02702702702703,0.162162162162162,0.027027027027027,1.18918918918919,0.418918918918919,0.0810810810810811,0.527027027027027,0.0540540540540541,0.027027027027027,1.25675675675676,0,0.783783783783784,0.432432432432432,1.08108108108108,0.540540540540541,0.459459459459459,1.74324324324324,0.27027027027027,10.9459459459459,0.337837837837838,0.175675675675676,47822,3253,0.723250100047577,0.891566265060241,0.685185185185185,44,31.534,12.2056891492615,8.42908042744142,-79.7551660838725,1122.40540540541,1023.2972972973,0.684210526315789,132,47294,47514,47778,0,0,1
65535,47866,0.330645161290323,0.185483870967742,0.67741935483871,0.290322580645161,0.161290322580645,0.0967741935483871,2.70967741935484,2.32258064516129,0.0241935483870968,1.24193548387097,0.0725806451612903,0.0241935483870968,1.60483870967742,0.508064516129032,0.104838709677419,0.548387096774194,0.0887096774193548,0.0725806451612903,1.50806451612903,0.0161290322580645,1.0241935483871,0.467741935483871,3.69354838709677,0.524193548387097,0.733870967741936,2.24193548387097,0.217741935483871,16.3064516129032,0.225806451612903,0.217741935483871,47866,5450,0.664150598901215,0.789808917197452,0.516666666666667,44,50.299,16.2048518451105,12.1147279693489,56.5107563881893,1236.88709677419,1027.06451612903,0,0,0,0,0,0,0,1
65535,47910,0.666666666666667,0.037037037037037,0.444444444444444,0.037037037037037,0.148148148148148,0,2.66666666666667,2.44444444444444,0.185185185185185,1.62962962962963,0.111111111111111,0.0740740740740741,4.44444444444444,NaN,0.185185185185185,1.14814814814815,0.37037037037037,0.148148148148148,1.14814814814815,0.037037037037037,1.77777777777778,0.481481481481481,1.85185185185185,0.518518518518518,0.518518518518518,2.40740740740741,0.148148148148148,11.7407407407407,0.592592592592593,0.111111111111111,47910,1187,0.630035649789536,44,0.9,44,15.895,6.76990068598148,5.2572761242424,-27.5606174011064,181.592592592593,1025.96296296296,0.611111111111111,44,47558,0,0,0,0,0
65535,47954,0.4,0.05,0.75,0.35,0.1,0.05,0.8,2.05,0.05,1.4,0.1,0.05,1.9,0.5,0.3,0.65,0.05,0.15,2.4,0,0.75,0.3,0.45,0.65,1.1,2.15,0.15,9.05,0.4,0,47954,879,0.800323995997515,0.952380952380952,0.714285714285714,44,14.051,6.68898708666214,4.01050101871747,6.86295526348719,69.25,1028.45,0,0,0,0,0,0,0,1
65535,47997,0.4,0.142857142857143,0.514285714285714,0.314285714285714,0.0857142857142857,0.0285714285714286,1.11428571428571,2.74285714285714,0,0.714285714285714,0.0571428571428571,0.0285714285714286,1.05714285714286,0.342857142857143,0.0571428571428571,0.371428571428571,0.142857142857143,0.0285714285714286,1.2,0,0.771428571428571,0.342857142857143,0.571428571428571,0.342857142857143,0.342857142857143,NaN,0.114285714285714,9.77142857142857,0.257142857142857,0.171428571428571,47997,1538,0.723699106800414,0.945945945945946,0.833333333333333,44,18.988,8.17097300352367,5.63891630071202,57.9571041529124,1348.37142857143,1033.8,0,0,0,0,0,0,0,0
65535,48041,0.133333333333333,0.1,0.866666666666667,1.56666666666667,0,0.0333333333333333,2.2,3.3,0.0666666666666667,0.9,0.1,0,1.5,0.4,0.0666666666666667,1.06666666666667,0.0666666666666667,0.266666666666667,0.866666666666667,0.0333333333333333,1.06666666666667,0.4,1.6,0.633333333333333,0.466666666666667,2.33333333333333,0.333333333333333,22.9333333333333,0.166666666666667,0.433333333333333,48041,1319,0.66835229936156,0.810810810810811,0.535714285714286,44,20.601,7.94984276574071,5.91344982974312,-17.5255683737229,1392.4,1032.73333333333,0.75,44,48349,0,0,0,0,1
65535,48085,0.615384615384615,0.230769230769231,0.692307692307692,0.423076923076923,0.0769230769230769,0.115384615384615,1.92307692307692,1.61538461538462,0,0.653846153846154,0.0384615384615385,0.0384615384615385,0.884615384615385,0.192307692307692,0.0769230769230769,0.230769230769231,0.0769230769230769,0,0.615384615384615,0.0384615384615385,0.5,0.307692307692308,0.923076923076923,0.461538461538462,0.346153846153846,1.69230769230769,0.230769230769231,9.88461538461539,0.307692307692308,0.269230769230769,48085,1143,0.695385678118629,44,0.866666666666667,44,15.432,6.88677249438624,4.9490877085635,60.5325824427493,579.884615384615,1034.34615384615,0,0,0,0,0,0,0,1
65535,48129,1.5,0.05,0.95,0,0,0.05,3.05,2.2,0.15,0.55,0,0.05,1.25,0.45,0.25,0.8,0.2,0.05,0.9,0.05,0.9,0.35,0.5,0.7,1.05,2.1,0.1,10.35,0.1,0.1,48129,879,0.383661650001981,44,0.8,44,12.645,5.3416601664027,4.93288286231625,63.434948822922,1225.1,1035.05,0,0,0,0,0,0,0,1
65535,48173,2.14285714285714,0.19047619047619,0.285714285714286,0.19047619047619,0.285714285714286,0.0952380952380952,3.14285714285714,3.23809523809524,0.333333333333333,0.761904761904762,0.142857142857143,0.0952380952380952,11.3809523809524,0.80952380952381,2.04761904761905,1.0952380952381,0.238095238095238,0.333333333333333,1.61904761904762,0.0476190476190476,1.0952380952381,0.380952380952381,0.80952380952381,0.714285714285714,1.57142857142857,2.85714285714286,0.142857142857143,14.9047619047619,0.333333333333333,0.238095238095238,48173,923,0.64985735164847,0.91304347826087,0.7,44,14.696,6.14773791024971,4.67262629585448,21.8553010479698,184.952380952381,1036.7619047619,0,0,0,0,0,0,0,1
65535,48217,0.310344827586207,0.0689655172413793,0.310344827586207,0.103448275862069,0.0689655172413793,0.0344827586206897,0.758620689655172,1.62068965517241,0.0344827586206897,1.41379310344828,0.0344827586206897,0.0689655172413793,1.62068965517241,0.448275862068966,0.137931034482759,0.655172413793103,0.0344827586206897,0.206896551724138,1.20689655172414,0,1.72413793103448,0.896551724137931,0.724137931034483,0.482758620689655,0.862068965517241,1.51724137931034,0.137931034482759,6.72413793103448,0.275862068965517,0.206896551724138,48217,1275,0.710823871151916,44,0.828571428571429,44,16.474,7.34809166044742,5.16842758275289,0,555.137931034483,45536,0,0,0,0,0,0,0,0
65535,48261,0.674418604651163,0.255813953488372,0.255813953488372,0.0697674418604651,0.0930232558139535,0.0697674418604651,1.27906976744186,3.27906976744186,0.13953488372093,0.767441860465116,0.0465116279069767,0,2.95348837209302,0.465116279069767,0.0465116279069767,0.674418604651163,0.0697674418604651,0.0930232558139535,0.302325581395349,0,1.16279069767442,0.348837209302326,1.37209302325581,0.604651162790698,0.837209302325581,1.16279069767442,0.209302325581395,9.44186046511628,0.13953488372093,0.13953488372093,48261,1890,0.816310116153449,0.86,0.614285714285714,44,23.876,10.2322884373284,5.91031182465109,83.8920688298579,598.883720930233,1035.23255813953,0.0689655172413793,44,48437,0,0,0,0,1
65535,48305,0.78125,0.15625,0.4375,0.21875,0.125,0.0625,1.21875,2.28125,0.1875,1.03125,0.125,0.0625,2.125,0.8125,0.03125,0.71875,0.375,0,0.84375,0.0625,NaN,0.5625,0.46875,0.9375,0.5,1.125,0.25,8.125,0.1875,0.25,48305,1407,0.781249000603952,0.96969696969697,0.653061224489796,44,18.178,8.25092076499844,5.15038573277617,43.5774048800394,860.25,1036.4375,0,0,0,0,0,0,0,0
65535,48349,0.118421052631579,0.118421052631579,1.26315789473684,1.28947368421053,0.171052631578947,0.0131578947368421,2.85526315789474,3.53947368421053,0.131578947368421,1.06578947368421,0.0657894736842105,0.0263157894736842,1.38157894736842,0.921052631578947,0.157894736842105,1.11842105263158,0.131578947368421,0.105263157894737,0.881578947368421,0.0526315789473684,1.01315789473684,0.710526315789474,5.26315789473684,0.815789473684211,0.184210526315789,2.09210526315789,0.210526315789474,26.4210526315789,0.355263157894737,0.302631578947368,48349,3340,0.832706704269328,0.904761904761905,0.64957264957265,44,31.741,13.706543599619,7.58950942539333,-21.2607619373565,1390.86842105263,1038.21052631579,0.6,88,48041,48569,0,0,0,1
65535,48393,0.201680672268908,0.142857142857143,0.80672268907563,0.428571428571429,0.151260504201681,0.0336134453781513,2.72268907563025,2.88235294117647,0.0840336134453782,0.747899159663866,0.142857142857143,0.0252100840336134,1.15126050420168,0.445378151260504,0.100840336134454,0.756302521008403,0.0840336134453782,0.0420168067226891,0.764705882352941,0,0.722689075630252,0.411764705882353,1.42016806722689,0.621848739495798,0.260504201680672,1.78991596638655,0.260504201680672,18.8991596638655,0.277310924369748,0.176470588235294,48393,5230,0.738686600650147,0.944444444444444,0.721212121212121,44,38.473,15.1294370509099,10.1979824940378,71.7541290443832,673.168067226891,1036.36134453782,0,0,0,0,0,0,0,1
65535,48437,0.121951219512195,0.195121951219512,0.853658536585366,0.0975609756097561,0.0975609756097561,0.024390243902439,1.63414634146341,2.63414634146341,0.0487804878048781,0.853658536585366,0.0731707317073171,0.0731707317073171,0.926829268292683,0.365853658536585,0.0731707317073171,0.609756097560976,0.0975609756097561,0.121951219512195,0.682926829268293,0,0.707317073170732,0.536585365853659,1.26829268292683,0.341463414634146,0.390243902439024,1.51219512195122,0.24390243902439,10.0487804878049,0.219512195121951,0.0975609756097561,48437,1802,0.87041042012103,0.872340425531915,0.621212121212121,44,24.364,10.7969363419657,5.31562136627077,6.73057415371149,588.463414634146,1040.43902439024,0.0645161290322581,44,48261,0,0,0,0,1
65535,48481,0.590909090909091,0.227272727272727,0.318181818181818,0.272727272727273,0.0454545454545455,0.0909090909090909,0.954545454545455,1.72727272727273,0.136363636363636,0.954545454545455,0.136363636363636,0,1.72727272727273,0.363636363636364,0.0454545454545455,0.318181818181818,0,0.0454545454545455,1.18181818181818,0,1.13636363636364,0.0454545454545455,0.681818181818182,0.363636363636364,1.13636363636364,1.63636363636364,0.136363636363636,NaN,0.272727272727273,0.136363636363636,48481,967,0.666587866271018,0.956521739130435,0.733333333333333,44,14.233,6.28295249561079,4.68347907622713,12.4856145420973,977.590909090909,1040.54545454545,0.588235294117647,44,48657,0,0,0,0,0
65535,48525,0.875,0.2,0.625,0.225,0.1,0.275,34.65,3.025,0.525,0.85,0.1,0.075,2.05,0.775,0.125,0.75,0.075,0.05,0.9,0,1.025,0.5,1.175,0.475,0.95,1.9,0.175,12.125,0.35,0.325,48525,1758,0.898055094807122,0.930232558139535,0.666666666666667,44,22.379,11.0533242109486,4.86216932596189,20.3290287329769,880.125,1041.25,0,0,0,0,0,0,0,1
65535,48569,0.230769230769231,0.211538461538462,0.961538461538462,0.509615384615385,0.153846153846154,0.105769230769231,1.33653846153846,3.01923076923077,0.0288461538461538,1.31730769230769,0.0865384615384615,0.0384615384615385,1.32692307692308,0.471153846153846,0.115384615384615,0.682692307692308,0.182692307692308,0.0865384615384615,1.10576923076923,0.0192307692307692,0.980769230769231,0.548076923076923,1.07692307692308,0.451923076923077,0.298076923076923,2.02884615384615,0.317307692307692,14.1153846153846,0.269230769230769,0.25,48569,4571,0.905815487281563,0.888888888888889,0.679738562091503,44,40.648,17.9986144507589,7.62551619120446,7.20311590213786,1405.03846153846,1041.23076923077,0.44,88,48349,48920,0,0,0,1
65535,48613,0.523809523809524,0.119047619047619,0.738095238095238,0.142857142857143,0.0476190476190476,0.0952380952380952,1.14285714285714,2.38095238095238,0.0476190476190476,0.619047619047619,0.119047619047619,0.0238095238095238,2.73809523809524,0.785714285714286,0.142857142857143,0.714285714285714,0.0238095238095238,0.0714285714285714,0.80952380952381,0.0238095238095238,0.5,0.357142857142857,2.66666666666667,0.452380952380952,0.523809523809524,1.64285714285714,0.19047619047619,12.952380952381,0.404761904761905,0.142857142857143,48613,1846,0.7429819089125,0.954545454545455,0.75,44,21.246,9.10524654069593,6.09424621319716,39.5911187287434,931.333333333333,1041.92857142857,0,0,0,0,0,0,0,1
65535,48657,0.3125,0.15625,0.28125,0.65625,0.0625,0.125,1.09375,1.21875,0.03125,1.21875,0.125,0.09375,2.21875,0.34375,0,0.25,0.09375,0.1875,2.03125,0,0.9375,0.4375,0.875,0.3125,1.1875,2.125,0.15625,8.5625,0.15625,0.15625,48657,1407,0.620867586035154,44,0.666666666666667,44,17.988,7.40218583221869,5.80268787476697,-12.7043376359937,973.6875,1043.90625,0.565217391304348,44,48481,0,0,0,0,1
65535,48701,0.395833333333333,0.25,0.666666666666667,0.583333333333333,0.104166666666667,0.0208333333333333,1.95833333333333,2.08333333333333,0.0833333333333333,0.6875,0.104166666666667,0.0625,1.58333333333333,0.5,0.0625,0.541666666666667,0.145833333333333,0.0208333333333333,0.833333333333333,0,0.833333333333333,0.666666666666667,1.41666666666667,0.625,0.395833333333333,2.52083333333333,0.166666666666667,12.5208333333333,0.25,0.354166666666667,48701,2110,0.734896850205788,0.941176470588235,0.685714285714286,44,23.876,9.92457303438074,6.73063601722405,-19.3813019454232,1292.54166666667,1044.27083333333,0.2,44,48745,0,0,0,0,1
65535,48745,0.0943396226415094,0.207547169811321,1.20754716981132,1.28301886792453,0.207547169811321,0.0754716981132075,1.92452830188679,2.09433962264151,0.0188679245283019,0.622641509433962,0.0943396226415094,0.0377358490566038,1.13207547169811,0.452830188679245,0.169811320754717,0.660377358490566,0.0943396226415094,0.132075471698113,NaN,0,0.547169811320755,0.547169811320755,2.90566037735849,0.452830188679245,0.264150943396226,1.84905660377358,0.169811320754717,16.2264150943396,0.339622641509434,0.113207547169811,48745,2330,0.840997039083713,0.854838709677419,0.535353535353535,44,28.954,11.7038507502336,6.33224815050974,37.413211703452,1303.41509433962,1046.58490566038,0.138888888888889,44,48701,0,0,0,0,0
65535,48789,0.523809523809524,0.333333333333333,0.333333333333333,0.333333333333333,0,0.0476190476190476,0.619047619047619,1.76190476190476,0.142857142857143,NaN,0.142857142857143,0.0952380952380952,NaN,0.428571428571429,0.142857142857143,0.428571428571429,0.142857142857143,0.0476190476190476,1.57142857142857,0,0.619047619047619,0.523809523809524,0.238095238095238,0.238095238095238,0.238095238095238,1.42857142857143,0.333333333333333,5.52380952380952,0.333333333333333,0.0952380952380952,48789,923,0.811335848952234,0.954545454545455,0.7,44,13.869,6.9172384177697,4.04368138668117,29.6199905293424,660.619047619048,1045.90476190476,0,0,0,0,0,0,0,0
65535,48833,0.766666666666667,0.3,0.933333333333333,0.133333333333333,0.133333333333333,0.0333333333333333,1.9,2.86666666666667,0.1,0.666666666666667,0.2,0.166666666666667,2.66666666666667,0.333333333333333,0.266666666666667,0.5,0.133333333333333,0.1,1.46666666666667,0,0.966666666666667,0.633333333333333,0.966666666666667,0.633333333333333,0.866666666666667,2.8,0.166666666666667,11.6,0.366666666666667,0.233333333333333,48833,1319,0.513327363798988,0.9375,0.714285714285714,44,16.962,6.84978427947191,5.87843609136435,19.2012371738542,195.966666666667,1046.8,0,0,0,0,0,0,0,1
65535,48877,0,0.0833333333333333,1.41666666666667,0.375,0.125,0.0833333333333333,2.125,1.875,0.0416666666666667,0.791666666666667,0.25,0,0.833333333333333,0.5,0.0833333333333333,0.666666666666667,0.125,0.125,1.70833333333333,0,0.791666666666667,0.291666666666667,8.5,0.5,0.333333333333333,1.375,0.166666666666667,11.6666666666667,0.333333333333333,0.375,48877,1055,0.896065307106798,0.923076923076923,0.75,44,17.028,8.57803171516041,3.80797915265242,-8.3612329876485,513.75,1046.625,0,0,0,0,0,0,0,1
65535,48920,0.107142857142857,0.166666666666667,0.785714285714286,0.321428571428571,0.0714285714285714,0.0952380952380952,1.07142857142857,3.05952380952381,0.0119047619047619,0.738095238095238,0.0833333333333333,0.0238095238095238,1.21428571428571,0.464285714285714,0.0238095238095238,0.69047619047619,0.0952380952380952,0.0357142857142857,0.678571428571429,0.0357142857142857,0.928571428571429,0.416666666666667,0.916666666666667,0.416666666666667,0.333333333333333,2.04761904761905,0.273809523809524,11.6785714285714,0.25,0.238095238095238,48920,3692,0.713793007674243,0.893617021276596,0.7,44,34.098,12.9482623550241,9.06840261687513,78.3736438674664,1401.52380952381,1050.5119047619,0.681818181818182,88,48569,49228,0,0,0,1
65535,48964,0.216216216216216,0.135135135135135,0.540540540540541,0.162162162162162,0.108108108108108,0.0540540540540541,0.972972972972973,2.21621621621622,0.027027027027027,1.45945945945946,0.0810810810810811,0.027027027027027,1.18918918918919,0.216216216216216,0.027027027027027,0.324324324324324,0.0540540540540541,0.027027027027027,1.21621621621622,0.0540540540540541,1.43243243243243,0.486486486486487,0.621621621621622,0.378378378378378,0.837837837837838,1.43243243243243,0.405405405405405,7.78378378378378,0.216216216216216,0.108108108108108,48964,1626,0.751816883658963,0.925,0.660714285714286,44,20.047,8.65035789448906,5.70380338587517,59.713374619978,706.162162162162,1049.43243243243,0,0,0,0,0,0,0,1
65535,49008,0.681818181818182,0.212121212121212,0.181818181818182,0.181818181818182,0.0606060606060606,0.106060606060606,1.28787878787879,2.78787878787879,0.121212121212121,0.984848484848485,0.0757575757575758,0.0303030303030303,2.18181818181818,0.575757575757576,0.0757575757575758,0.984848484848485,0.136363636363636,0.0909090909090909,0.848484848484849,0.0151515151515152,1.25757575757576,0.515151515151515,0.924242424242424,0.636363636363636,0.863636363636364,1.6969696969697,0.212121212121212,9.87878787878788,0.378787878787879,0.106060606060606,49008,2901,0.859495134292261,0.835443037974684,0.5,44,33.544,13.6925539496994,6.99886579676248,48.0042246099265,786.318181818182,1049.57575757576,0,0,0,0,0,0,0,1
65535,49052,0.571428571428571,0.428571428571429,0.714285714285714,0.0952380952380952,0.0476190476190476,0.0952380952380952,0.857142857142857,NaN,0.0476190476190476,1.0952380952381,0.0476190476190476,0.0476190476190476,1.28571428571429,0.380952380952381,0.0952380952380952,0.571428571428571,0.0952380952380952,0.0476190476190476,0.476190476190476,0.0476190476190476,0.619047619047619,0.476190476190476,0.571428571428571,0.428571428571429,0.476190476190476,0.952380952380952,0.238095238095238,5.33333333333333,0.142857142857143,0,49052,923,0.73496450927458,44,0.875,44,13.381,6.36380931210564,4.31533456930668,7.20249820514167,887.380952380952,1049.57142857143,0,0,0,0,0,0,0,0
65535,49096,0.441176470588235,0.147058823529412,0.764705882352941,0.411764705882353,0.0882352941176471,0.0882352941176471,NaN,3.29411764705882,0.0882352941176471,0.852941176470588,0.147058823529412,0,1.29411764705882,0.441176470588235,0.117647058823529,0.470588235294118,0.117647058823529,0.147058823529412,1.17647058823529,0,NaN,0.588235294117647,0.5,0.588235294117647,0.676470588235294,1.79411764705882,0.235294117647059,NaN,0.294117647058824,0.323529411764706,49096,1494,0.76516407116257,0.971428571428571,0.708333333333333,44,18.823,8.33890248894993,5.36888011381844,25.4388977893625,70.9705882352941,1052.44117647059,0,0,0,0,0,0,0,0
65535,49140,0.416666666666667,0.0416666666666667,0.416666666666667,0.375,0.0416666666666667,0.0416666666666667,0.791666666666667,2.58333333333333,0,0.75,0.0833333333333333,0,1.125,0.708333333333333,0,0.166666666666667,0.166666666666667,0.0833333333333333,0.75,0,NaN,0.333333333333333,0.375,0.458333333333333,0.958333333333333,1.25,0.166666666666667,10.625,0.25,0.0416666666666667,49140,1055,0.716546897466923,44,0.666666666666667,44,15.267,6.78956614391892,4.73598662953431,-41.0538190525685,19.5833333333333,1053.95833333333,0,0,0,0,0,0,0,0
65535,49184,1.31914893617021,0.297872340425532,0.978723404255319,0.191489361702128,0.148936170212766,0.0638297872340425,2.53191489361702,3.46808510638298,0.0638297872340425,1.04255319148936,0.234042553191489,0.0638297872340425,3.68085106382979,0.680851063829787,3.34042553191489,0.808510638297872,0.0638297872340425,0.0851063829787234,1.36170212765957,0.0212765957446809,1.4468085106383,0.617021276595745,1.74468085106383,0.617021276595745,0.808510638297872,2.14893617021277,0.276595744680851,17.7234042553191,0.297872340425532,0.191489361702128,49184,2066,0.931246396323844,0.92156862745098,0.602564102564103,44,27.151,13.1339553372668,4.78588337724249,21.1459882999085,608.553191489362,1055.34042553191,0,0,0,0,0,0,0,1
65535,49228,0.0957446808510638,0.202127659574468,1.09574468085106,1.24468085106383,0.148936170212766,0.074468085106383,2.72340425531915,3.45744680851064,0.0319148936170213,0.936170212765957,0.159574468085106,0.0531914893617021,1.56382978723404,0.574468085106383,0.0638297872340425,1.0531914893617,0.127659574468085,0.074468085106383,0.819148936170213,0,0.957446808510638,0.606382978723404,2.70212765957447,0.691489361702128,0.223404255319149,2.61702127659574,0.234042553191489,24.436170212766,0.404255319148936,0.351063829787234,49228,4132,0.597171233697534,0.886792452830189,0.657342657342657,44,35.876,12.567795540893,10.0808019999373,6.23803231615917,1394.3829787234,1057.65957446809,0.372093023255814,44,48920,0,0,0,0,1
65535,49272,0.96551724137931,0.137931034482759,0.620689655172414,0.241379310344828,0.103448275862069,0.0689655172413793,1.17241379310345,3.6551724137931,0.0344827586206897,0.517241379310345,0.0689655172413793,0.0344827586206897,2.72413793103448,0.379310344827586,0.0689655172413793,0.413793103448276,0.275862068965517,0.0689655172413793,0.482758620689655,0.0344827586206897,0.724137931034483,0.413793103448276,2.68965517241379,0.551724137931034,0.448275862068966,1.82758620689655,0.103448275862069,12.2068965517241,0.172413793103448,0.103448275862069,49272,1275,0.823443391442559,44,0.725,44,18.335,8.37197402568484,4.75024493826414,24.935695515762,986.241379310345,1061.27586206897,0,0,0,0,0,0,0,1
65535,49316,0.178571428571429,0.142857142857143,0.642857142857143,NaN,0.285714285714286,0.0357142857142857,2.25,1.75,0,0.75,0.0357142857142857,0,1.21428571428571,0.678571428571429,0,0.714285714285714,0.0714285714285714,0.178571428571429,1.35714285714286,0,0.607142857142857,0.785714285714286,0.821428571428571,0.5,0.321428571428571,2.60714285714286,0.142857142857143,14.5714285714286,0.214285714285714,0.142857142857143,49316,1231,0.680147798649157,0.96551724137931,0.666666666666667,44,16.59,7.17453739416122,5.25947408031935,28.7474557853107,78.1785714285714,1062.71428571429,0,0,0,0,0,0,0,0
65535,49360,0.232558139534884,0.116279069767442,0.906976744186046,0.116279069767442,0.0930232558139535,0,1.34883720930233,1.83720930232558,0.0465116279069767,1.13953488372093,0.0697674418604651,0.116279069767442,1.13953488372093,0.348837209302326,0.0465116279069767,0.534883720930233,0,0.0697674418604651,0.930232558139535,0,0.86046511627907,0.441860465116279,0.953488372093023,0.418604651162791,0.581395348837209,1.93023255813954,0.186046511627907,11.6744186046512,0.348837209302326,0.0465116279069767,49360,1890,0.8337246926453,0.955555555555556,0.716666666666667,44,22.288,10.1082943960974,5.58160151875231,-14.8317451907889,916.813953488372,1064.27906976744,0,0,0,0,0,0,0,1
65535,49404,0.258064516129032,0.193548387096774,0.403225806451613,0.258064516129032,0.0645161290322581,0.0967741935483871,0.82258064516129,1.87096774193548,0.112903225806452,0.903225806451613,0.0806451612903226,0.032258064516129,1.29032258064516,0.290322580645161,0.241935483870968,0.483870967741936,0.0806451612903226,0.112903225806452,1.40322580645161,0.0645161290322581,0.887096774193548,0.5,0.548387096774194,0.435483870967742,0.596774193548387,1.75806451612903,0.129032258064516,9.40322580645161,0.241935483870968,0.112903225806452,49404,2725,0.697136783405792,0.953846153846154,0.765432098765432,44,25.654,10.5755920323894,7.58204534479486,-41.1958649141257,673.048387096774,1064.87096774194,0,0,0,0,0,0,0,1
65535,49448,0.545454545454545,0.121212121212121,1.3030303030303,0.575757575757576,0.0909090909090909,0.121212121212121,1.6969696969697,3.03030303030303,0.121212121212121,0.363636363636364,0.121212121212121,0.0606060606060606,1.87878787878788,0.787878787878788,0.121212121212121,0.515151515151515,0.0303030303030303,0.0606060606060606,1.78787878787879,0,0.545454545454545,0.303030303030303,3.21212121212121,0.424242424242424,0.242424242424242,1.33333333333333,0.242424242424242,15.1818181818182,0.303030303030303,0.151515151515152,49448,1450,0.589873959014666,0.970588235294118,0.785714285714286,44,17.88,7.3445963175206,5.93072724761873,19.3859390477727,971.151515151515,1065.42424242424,0,0,0,0,0,0,0,1
65535,49492,0.56,0.16,0.4,0.3,0.1,0.08,1.36,1.7,0.08,0.82,0.1,0.02,1.08,0.48,0.04,0.34,0.08,0.02,0.84,0,0.7,0.46,0.82,0.26,0.48,1.5,0.16,11.28,0.14,0.06,49492,2198,0.697364267533146,0.943396226415094,0.793650793650794,44,22.842,9.53362510864489,6.832909991686,13.8761792464034,885.04,1069.08,0,0,0,0,0,0,0,1
65535,49536,0.5,0.178571428571429,0.928571428571429,0.357142857142857,0.142857142857143,0.107142857142857,1.39285714285714,2.07142857142857,0,1.60714285714286,0.178571428571429,0.0714285714285714,2.07142857142857,0.821428571428571,0.178571428571429,0.857142857142857,0,0.142857142857143,0.928571428571429,0,1.46428571428571,0.607142857142857,0.714285714285714,0.785714285714286,0.321428571428571,2.28571428571429,0.178571428571429,11.6785714285714,0.178571428571429,0.357142857142857,49536,1231,0.820441738086523,0.96551724137931,0.7,44,17.599,8.20462303346595,4.6908302857678,14.2290278616595,901.892857142857,1069.03571428571,0,0,0,0,0,0,0,1
65535,49580,0.169811320754717,0.169811320754717,0.547169811320755,0.358490566037736,0.169811320754717,0.0188679245283019,1.86792452830189,2.11320754716981,0.0754716981132075,0.60377358490566,0.0377358490566038,0.0754716981132075,1.15094339622642,0.377358490566038,0.0566037735849057,0.641509433962264,0.0754716981132075,0.0188679245283019,0.39622641509434,0,0.660377358490566,0.30188679245283,7.13207547169811,0.584905660377358,0.169811320754717,1.07547169811321,0.169811320754717,10.9245283018868,0.245283018867925,0.339622641509434,49580,2330,0.861662527231041,0.883333333333333,0.736111111111111,44,28.565,12.0700694407308,6.12533951743312,-1.50020921425353,1068.03773584906,1069.81132075472,0.705882352941177,44,49931,0,0,0,0,1
65535,49624,0.225806451612903,0.0645161290322581,0.612903225806452,0.32258064516129,0.0967741935483871,0.129032258064516,1.61290322580645,1.96774193548387,0.0645161290322581,0.709677419354839,0.032258064516129,0.129032258064516,1.29032258064516,0.387096774193548,0.0967741935483871,0.806451612903226,0.129032258064516,0.161290322580645,1.48387096774194,0,0.580645161290323,0.387096774193548,2.19354838709677,0.580645161290323,0.354838709677419,1.61290322580645,0.193548387096774,12.1612903225806,0.193548387096774,0.193548387096774,49624,1363,0.751861674103228,0.96875,0.738095238095238,44,18.269,7.95137675457556,5.24250872030893,57.1004857955792,1279.64516129032,1070.12903225806,0.375,44,49975,0,0,0,0,1
65535,49668,0.6,0.05,0.55,0.35,0,0.1,2.15,3.05,0.15,0.75,0.05,0,1.3,0.55,0.75,1.05,0.15,0.05,1.4,0,0.75,0.65,0.8,0.55,0.4,1.55,0.35,18.2,0.25,0.2,49668,879,0.762517145736076,0.952380952380952,0.833333333333333,44,13.29,6.395710437943,4.13782003724831,11.9029717592289,1294.3,1071.5,0,0,0,0,0,0,0,1
65535,49712,0.68,0.12,0.44,0.24,0.08,0,1.36,2.12,0.08,1.12,0.08,0.08,1.32,0.8,0.08,0.32,0.08,0,NaN,0,0.96,0.24,0.64,0.56,0.4,2.24,0.32,9.16,0.16,0,49712,1099,0.917556511337412,0.961538461538462,0.694444444444444,44,18.525,9.4667218532916,3.76401966241914,9.0330484844409,1005.72,1071.96,0.19047619047619,44,50019,0,0,0,0,0
65535,49756,0.325,0.15,1.025,1.475,0.2,0.1,2.275,NaN,0.075,1.075,0.175,0.05,1.025,0.6,0.05,0.55,0.075,0.05,NaN,0.025,0.975,0.75,1.8,0.45,0.225,2.525,0.15,16.875,0.375,0.35,49756,1758,0.824051826969458,0.909090909090909,0.634920634920635,44,21.734,9.81673804989718,5.56132364876991,-26.9538057168548,1308.525,1070.9,0.0714285714285714,44,50327,0,0,0,0,0
65535,49800,0.131147540983607,0.0983606557377049,1.39344262295082,1.50819672131148,0.180327868852459,0.0819672131147541,2.11475409836066,2.9016393442623,0.19672131147541,0.540983606557377,0.0327868852459016,0.0327868852459016,1.13114754098361,0.475409836065574,0.0983606557377049,0.704918032786885,0.131147540983607,0.114754098360656,0.59016393442623,0.0163934426229508,0.557377049180328,0.295081967213115,1.44262295081967,0.377049180327869,0.213114754098361,1.55737704918033,0.360655737704918,19.8524590163934,0.229508196721311,0.327868852459016,49800,2681,0.721881896539824,0.938461538461538,0.7625,44,26.39,10.7624811081676,7.44781210631937,10.7218330304927,310.606557377049,1074.16393442623,0,0,0,0,0,0,0,1
65535,49844,0.181818181818182,0.113636363636364,0.909090909090909,1.22727272727273,0.227272727272727,0.136363636363636,2.79545454545455,2.43181818181818,0.0909090909090909,0.681818181818182,0.159090909090909,0.0227272727272727,1.68181818181818,0.545454545454545,0.0454545454545455,0.727272727272727,0.136363636363636,0.113636363636364,0.977272727272727,0.0227272727272727,0.636363636363636,0.5,2.04545454545455,0.386363636363636,0.386363636363636,1.93181818181818,0.227272727272727,22.3409090909091,0.227272727272727,0.159090909090909,49844,1934,0.73572248337107,0.936170212765957,0.698412698412698,44,21.825,9.31698675811279,6.31023787996681,-12.3291505319788,414.704545454545,1075.22727272727,0.178571428571429,44,50415,0,0,0,0,1
65535,49887,0.571428571428571,0.142857142857143,0.476190476190476,0.333333333333333,0.142857142857143,0,1.14285714285714,1.76190476190476,0.0952380952380952,0.476190476190476,0,0,0.714285714285714,0.571428571428571,0.0476190476190476,0.523809523809524,0,0,1.04761904761905,0.0476190476190476,0.571428571428571,0.285714285714286,0.571428571428571,0.238095238095238,0.857142857142857,0.714285714285714,0.0952380952380952,6.71428571428571,0.523809523809524,0,49887,923,0.782979886181839,44,0.7,44,13.96,6.71065608579257,4.17434363521218,35.3301027676195,597.52380952381,1075.19047619048,0,0,0,0,0,0,0,1
65535,49931,0.418181818181818,0.0545454545454545,0.563636363636364,0.672727272727273,0.0909090909090909,0.0363636363636364,1.90909090909091,2.16363636363636,0.127272727272727,0.781818181818182,0.0363636363636364,0.0181818181818182,1.09090909090909,0.454545454545455,0.0545454545454545,0.945454545454545,0.127272727272727,0.0727272727272727,0.763636363636364,0.0363636363636364,0.527272727272727,0.218181818181818,NaN,0.509090909090909,0.290909090909091,0.981818181818182,0.2,14.7272727272727,0.218181818181818,0.290909090909091,49931,2417,0.875038652410791,0.916666666666667,0.763888888888889,44,27.333,12.5184083145998,6.05957374616504,0.025256001352935,1068.87272727273,1074.54545454545,0.666666666666667,44,49580,0,0,0,0,0
65535,49975,0.522727272727273,0.136363636363636,0.886363636363636,0.409090909090909,0.0909090909090909,0.0909090909090909,1.63636363636364,NaN,0.0227272727272727,0.75,0.0681818181818182,0.0454545454545455,1.27272727272727,0.340909090909091,0.0681818181818182,0.590909090909091,0.0681818181818182,0.0227272727272727,1.20454545454545,0.0454545454545455,0.454545454545455,0.272727272727273,2.95454545454545,0.340909090909091,0.636363636363636,1.70454545454545,0.159090909090909,13.7272727272727,0.386363636363636,0.0909090909090909,49975,1934,0.643486627227116,0.977777777777778,0.6875,44,22.288,8.89927147023176,6.81201279089422,-44.9205831703429,1275.20454545455,1075.54545454545,0.357142857142857,44,49624,0,0,0,0,0
65535,50019,0.558823529411765,0.147058823529412,0.882352941176471,0.0588235294117647,0.0588235294117647,0.0294117647058824,1.26470588235294,3.58823529411765,0.0588235294117647,0.617647058823529,0.0882352941176471,0,2.94117647058824,0.852941176470588,0.117647058823529,0.617647058823529,0.147058823529412,0.0882352941176471,1.11764705882353,0.0294117647058824,0.617647058823529,0.352941176470588,1.97058823529412,0.382352941176471,0.264705882352941,1.23529411764706,0.205882352941176,10.3235294117647,0.294117647058824,0.352941176470588,50019,1494,0.752576203282432,0.80952380952381,0.566666666666667,44,25.952,8.86310591238387,5.83640106109564,8.80035634149247,995.941176470588,1076.35294117647,0.538461538461538,88,49712,50239,0,0,0,1
65535,50063,0.585365853658537,0.195121951219512,0.536585365853659,0.341463414634146,0.121951219512195,0.0731707317073171,1.02439024390244,1.63414634146341,0.0975609756097561,NaN,0.121951219512195,0.170731707317073,1.68292682926829,0.292682926829268,0.024390243902439,0.536585365853659,0.0731707317073171,0.0731707317073171,1.70731707317073,0,1.1219512195122,0.75609756097561,0.585365853658537,0.51219512195122,0.634146341463415,1.8780487804878,0.121951219512195,6.36585365853659,0.365853658536585,0.195121951219512,50063,1802,0.831200244769648,0.976190476190476,0.650793650793651,44,21.18,9.87576055353759,5.49065778862719,31.5907947391763,1364.14634146341,1076.34146341463,0,0,0,0,0,0,0,0
65535,50107,0.326923076923077,0.211538461538462,0.326923076923077,0.346153846153846,0.115384615384615,0.0384615384615385,1.55769230769231,2.13461538461538,0.0192307692307692,1.36538461538462,0.153846153846154,0.0576923076923077,1.21153846153846,0.384615384615385,0.615384615384615,0.403846153846154,0.0192307692307692,0.0961538461538462,1.90384615384615,0,1.05769230769231,0.673076923076923,0.519230769230769,0.557692307692308,0.961538461538462,1.76923076923077,0.230769230769231,9.07692307692308,0.211538461538462,0.173076923076923,50107,2286,0.868132847288892,0.945454545454545,0.675324675324675,44,25.654,11.7439852953674,5.82891458846584,24.4757666926333,500.038461538462,1080.19230769231,0,0,0,0,0,0,0,1
65535,50151,0.344827586206897,0.103448275862069,0.724137931034483,0.172413793103448,0.0689655172413793,0.172413793103448,5.51724137931035,2.58620689655172,0.103448275862069,1.13793103448276,0.103448275862069,0,1.93103448275862,0.517241379310345,0.0344827586206897,0.758620689655172,0.0689655172413793,0.103448275862069,1.10344827586207,0.0689655172413793,0.517241379310345,0.482758620689655,0.724137931034483,0.448275862068966,1.10344827586207,2.3448275862069,0.344827586206897,13.0344827586207,0.137931034482759,0.206896551724138,50151,1275,0.65331414711257,0.966666666666667,0.805555555555556,44,16.474,7.11169899959096,5.38417438901321,38.3248037042787,732.310344827586,1079.44827586207,0,0,0,0,0,0,0,1
65535,50195,1.45714285714286,0.171428571428571,0.685714285714286,0.314285714285714,0.0857142857142857,0.0857142857142857,2.74285714285714,2.85714285714286,0.142857142857143,0.857142857142857,0.257142857142857,0.142857142857143,4.05714285714286,0.714285714285714,0.228571428571429,0.542857142857143,0.0285714285714286,0.171428571428571,1.11428571428571,0.0571428571428571,0.428571428571429,0.571428571428571,1.31428571428571,0.371428571428571,0.371428571428571,1.48571428571429,0.228571428571429,14.5428571428571,0.371428571428571,0.285714285714286,50195,1538,0.798905212247154,0.972222222222222,0.875,44,19.079,8.7125599077919,5.24022970261136,9.24189715895997,835.6,1078.94285714286,0,0,0,0,0,0,0,1
65535,50239,0.5,0.166666666666667,0.666666666666667,0.166666666666667,0.111111111111111,0.0833333333333333,1.02777777777778,2.30555555555556,0.138888888888889,0.722222222222222,0.111111111111111,0.0833333333333333,1.27777777777778,0.555555555555556,0.0555555555555556,0.666666666666667,0.0833333333333333,0.111111111111111,1.61111111111111,0.0277777777777778,0.611111111111111,0.444444444444444,0.888888888888889,0.388888888888889,0.388888888888889,1.5,0.194444444444444,10.0833333333333,0.277777777777778,0.194444444444444,50239,1582,0.953684736440287,0.837209302325581,0.409090909090909,44,25.671,13.1903474065483,3.96776137844679,34.5608360178032,989.944444444444,1081.83333333333,0.40625,44,50019,0,0,0,0,1
65535,50283,0.147368421052632,0.0842105263157895,0.768421052631579,0.610526315789474,0.0631578947368421,0.105263157894737,2.74736842105263,3.27368421052632,0.0842105263157895,0.736842105263158,0.147368421052632,0.0736842105263158,1.44210526315789,0.557894736842105,0.0842105263157895,1.02105263157895,0.0842105263157895,0.0736842105263158,1.36842105263158,0.0210526315789474,0.736842105263158,0.642105263157895,2.48421052631579,0.557894736842105,0.221052631578947,2.62105263157895,0.263157894736842,23.3368421052632,0.305263157894737,0.252631578947368,50283,4176,0.85630046773313,0.940594059405941,0.659722222222222,44,36.24,15.7213207174974,8.11971604526075,13.2341487481276,1034.2,1080.25263157895,0,0,0,0,0,0,0,1
65535,50327,0.166666666666667,0.1875,0.729166666666667,0.666666666666667,0.0833333333333333,0.0625,1.54166666666667,1.64583333333333,0.0416666666666667,0.625,0.1875,0.0208333333333333,0.916666666666667,0.458333333333333,0.0833333333333333,0.5,0.0833333333333333,0.166666666666667,1.58333333333333,0.0208333333333333,0.833333333333333,0.6875,1.3125,0.270833333333333,0.354166666666667,2.375,0.1875,12.1666666666667,0.416666666666667,0.0833333333333333,50327,2110,0.80343144409124,0.842105263157895,0.623376623376623,44,26.688,10.6334273618199,6.33111367128073,72.0797003838032,1311.02083333333,1082.10416666667,0.366666666666667,88,49756,50723,0,0,0,1
65535,50371,0.148148148148148,0.259259259259259,1.11111111111111,0.592592592592593,0.0740740740740741,0.037037037037037,2.96296296296296,2.74074074074074,0.148148148148148,0.666666666666667,0.148148148148148,0,1.55555555555556,0.592592592592593,0.0740740740740741,1.25925925925926,0,0.0740740740740741,1.40740740740741,0,0.814814814814815,0.555555555555556,2.2962962962963,0.777777777777778,0.296296296296296,2.03703703703704,0.333333333333333,21.7407407407407,0.37037037037037,0.111111111111111,50371,1187,0.826753457276361,0.9,0.675,44,17.144,8.0110873526663,4.50675266905052,-15.6441178842175,60.5555555555556,1081.85185185185,0,0,0,0,0,0,0,1
65535,50415,0.181818181818182,0.181818181818182,0.939393939393939,0.424242424242424,0.0909090909090909,0.0909090909090909,1.63636363636364,2.75757575757576,0,0.454545454545455,0.121212121212121,0.0606060606060606,1.15151515151515,0.575757575757576,0.0909090909090909,0.96969696969697,0.0606060606060606,0.0606060606060606,1.12121212121212,0,0.666666666666667,0.303030303030303,1.6969696969697,0.545454545454545,0.212121212121212,2.63636363636364,0.212121212121212,14.0909090909091,0.242424242424242,0.151515151515152,50415,1450,0.737909797250237,0.970588235294118,0.825,44,18.434,8.08995909476719,5.45990812554498,9.90477231754774,419.424242424242,1081.81818181818,0.227272727272727,44,49844,0,0,0,0,1
65535,50459,0.181818181818182,0.227272727272727,0.590909090909091,0.272727272727273,0.0909090909090909,0.136363636363636,1.72727272727273,1.27272727272727,0.136363636363636,1.54545454545455,0.272727272727273,0.136363636363636,0.863636363636364,0.636363636363636,0.0909090909090909,0.318181818181818,0.0454545454545455,0.227272727272727,2.36363636363636,0,1.18181818181818,0.454545454545455,0.772727272727273,0.636363636363636,0.590909090909091,1.81818181818182,0.227272727272727,9.31818181818182,0.590909090909091,0.0909090909090909,50459,967,0.646745576505996,44,0.733333333333333,44,14.233,6.22258917968555,4.7460049477662,6.84793825220451,1298.63636363636,1081.54545454545,0,0,0,0,0,0,0,1
65535,50503,2.36585365853659,0.109756097560976,0.353658536585366,0.158536585365854,0.0609756097560976,0.0121951219512195,1.64634146341463,4.40243902439024,0.0609756097560976,0.804878048780488,0.024390243902439,0.0365853658536585,12.4878048780488,0.524390243902439,0.219512195121951,1.08536585365854,0.0853658536585366,0.121951219512195,0.792682926829268,0.024390243902439,1.10975609756098,0.719512195121951,1.08536585365854,0.719512195121951,1.21951219512195,0.98780487804878,0.121951219512195,14.6707317073171,0.378048780487805,0.134146341463415,50503,3604,0.785112623514905,0.863157894736842,0.585714285714286,44,34.735,13.9090498828555,8.61461210658259,-70.7304464120083,188.573170731707,1085.26829268293,0,0,0,0,0,0,0,1
65535,50547,0.421875,0.28125,NaN,0.84375,0.09375,0.046875,2.5,NaN,0.1875,0.921875,0.140625,0.046875,0.9375,0.53125,0.15625,0.671875,0.046875,0.015625,1.125,0.015625,0.96875,0.421875,1.328125,0.578125,0.265625,2.4375,0.328125,17.453125,0.328125,0.1875,50547,2813,0.675696951489516,44,0.727272727272727,44,26.87,10.8648333267406,8.00933250644607,13.55645978314,45.625,1083.828125,0,0,0,0,0,0,0,0
65535,50591,0.0186915887850467,0.261682242990654,1.16822429906542,0.91588785046729,0.130841121495327,0.11214953271028,2.85046728971963,3.53271028037383,0.0934579439252336,0.803738317757009,0.177570093457944,0.0280373831775701,1.38317757009346,0.672897196261682,0.102803738317757,1.42990654205607,0.11214953271028,0.102803738317757,0.682242990654206,0.00934579439252336,0.878504672897196,0.476635514018692,1.98130841121495,0.514018691588785,0.158878504672897,2.14018691588785,0.308411214953271,20.9065420560748,0.308411214953271,0.242990654205607,50591,4703,0.744706947294742,0.946902654867257,0.648484848484848,44,36.174,14.4429537757395,9.63910619034567,-26.6698409863796,938.570093457944,1084.15887850467,0,0,0,0,0,0,0,1
65535,50635,0.777777777777778,0.185185185185185,0.444444444444444,0.444444444444444,0.037037037037037,0.111111111111111,1.48148148148148,2.33333333333333,0.037037037037037,1.77777777777778,0.111111111111111,0,1.55555555555556,0.592592592592593,0,0.37037037037037,0.0740740740740741,0.148148148148148,0.851851851851852,0,1.7037037037037,0.444444444444444,0.444444444444444,0.481481481481481,0.37037037037037,2.14814814814815,0.259259259259259,9.03703703703704,0.222222222222222,0.148148148148148,50635,1187,0.718696261462377,44,0.771428571428571,44,15.548,7.10858492124455,4.94277082013901,19.7362299241719,5978,47734,0,0,0,0,0,0,0,0
65535,50679,0.0740740740740741,0.0740740740740741,0.703703703703704,0.592592592592593,0.148148148148148,0.111111111111111,3.2962962962963,3.37037037037037,0.037037037037037,0.62962962962963,0.0740740740740741,0,1.22222222222222,0.592592592592593,0.185185185185185,0.851851851851852,0.148148148148148,0.111111111111111,0.518518518518518,0.037037037037037,0.888888888888889,0.407407407407407,2.62962962962963,0.740740740740741,0.037037037037037,1.62962962962963,0.407407407407407,24.5555555555556,0.333333333333333,0.407407407407407,50679,1187,0.755771104975454,0.964285714285714,0.771428571428571,44,15.829,7.35900910931028,4.81894324619216,15.5027942197965,681.851851851852,1085.88888888889,0,0,0,0,0,0,0,1
65535,50723,0.16,0.32,0.48,0.84,0.28,0.08,1.64,1.68,0.16,1.12,0.28,0,0.84,0.88,0.08,0.76,0.28,0.16,1.52,0.08,1.08,1.12,0.68,0.36,0.24,2.08,0.28,9.12,0.56,0.12,50723,1099,0.754559045140366,0.892857142857143,0.625,44,17.607,7.32702027636592,4.80822633997084,-20.3943355814527,1305.8,1086.92,0.55,44,50327,0,0,0,0,1
65535,50767,0.658823529411765,0.141176470588235,0.423529411764706,0.2,0.0823529411764706,0.129411764705882,1.38823529411765,2.74117647058824,0.0705882352941176,1.57647058823529,0.0823529411764706,0.0117647058823529,1.70588235294118,0.482352941176471,0.117647058823529,0.588235294117647,0.0941176470588235,0.0823529411764706,0.741176470588235,0,1.64705882352941,0.435294117647059,0.505882352941176,0.623529411764706,0.352941176470588,1.90588235294118,0.188235294117647,10.6470588235294,0.317647058823529,0.152941176470588,50767,3736,0.828367982957894,0.934065934065934,0.674603174603175,44,32.874,14.1848015792084,7.94610358443906,17.8377447147287,443.447058823529,1088.47058823529,0,0,0,0,0,0,0,1
65535,50811,0.453488372093023,0.186046511627907,0.662790697674419,0.27906976744186,0.13953488372093,0.0581395348837209,2.30232558139535,2.73255813953488,0.104651162790698,0.674418604651163,0.0930232558139535,0.0581395348837209,1.55813953488372,0.813953488372093,1.18604651162791,0.813953488372093,0.197674418604651,0.0697674418604651,1.06976744186047,0,0.720930232558139,0.430232558139535,6.80232558139535,0.523255813953488,0.27906976744186,1.13953488372093,0.127906976744186,15.0581395348837,0.27906976744186,0.383720930232558,50811,3780,0.727134392470063,0.955555555555556,0.661538461538462,44,31.766,12.915873878997,8.8666846283801,-20.0999005302204,115.5,1091.53488372093,0,0,0,0,0,0,0,1
65535,50854,0.25,0.1,1.05,0.9,0.15,0.05,2.2,2.5,0.2,0.8,0.2,0.05,0.85,0.55,0,0.4,0.2,0.1,0.7,0,0.5,0.95,1.5,0.65,0.15,2.75,0.25,15.2,0.35,0.25,50854,879,0.383661650001982,0.952380952380952,0.8,44,12.645,5.3416601664027,4.93288286231625,26.5650511770779,360.95,1089.9,0,0,0,0,0,0,0,1
65535,50898,0.447761194029851,0.134328358208955,0.73134328358209,0.26865671641791,0.0447761194029851,0.0298507462686567,1.28358208955224,2.50746268656716,0.0597014925373134,1.28358208955224,0.0149253731343284,0.0597014925373134,2.17910447761194,0.402985074626866,0.104477611940299,0.776119402985075,0.0447761194029851,0.149253731343284,0.895522388059702,0.0149253731343284,1.38805970149254,0.716417910447761,1.91044776119403,0.776119402985075,0.656716417910448,1.8955223880597,0.402985074626866,10.8358208955224,0.328358208955224,0.208955223880597,50898,2945,0.634274960149192,0.943661971830986,0.744444444444444,44,28.375,10.8070097518382,8.35498076959026,55.4809973007038,836.388059701493,1092.41791044776,0,0,0,0,0,0,0,1
65535,50942,0.354838709677419,0.193548387096774,0.193548387096774,0.419354838709677,0.0967741935483871,0.032258064516129,1.58064516129032,2.58064516129032,0.0645161290322581,2.16129032258065,0.161290322580645,0.0645161290322581,0.612903225806452,0.225806451612903,0.193548387096774,0.709677419354839,0.193548387096774,0.0967741935483871,1.41935483870968,0.032258064516129,0.774193548387097,0.451612903225806,0.774193548387097,0.483870967741936,0.516129032258065,1.7741935483871,0.32258064516129,7.35483870967742,0.290322580645161,0.290322580645161,50942,1363,0.815957648159544,0.96875,0.775,44,18.616,8.63424488054684,4.99155782729563,-14.2883573828629,10988,1092.41935483871,0,0,0,0,0,0,0,0
65535,50986,0.590909090909091,0.0454545454545455,0.772727272727273,0.0454545454545455,0.0909090909090909,0.0909090909090909,1.04545454545455,1.81818181818182,0,0.727272727272727,0.136363636363636,0.0454545454545455,2.09090909090909,1.09090909090909,0.0454545454545455,0.409090909090909,0,0,0.772727272727273,0.0454545454545455,0.681818181818182,0.5,4.22727272727273,0.727272727272727,0.454545454545455,1.09090909090909,0.0454545454545455,11.1818181818182,0.318181818181818,0.181818181818182,50986,967,0.772022339171465,44,0.916666666666667,44,14.58,6.81009208349903,4.32846317677141,10.0735128731596,794.681818181818,1095.63636363636,0,0,0,0,0,0,0,1
65535,51030,0.28125,0.1875,0.5,0.3125,0.0625,0,1.21875,2.15625,0.09375,0.8125,0.0625,0.15625,1.28125,0.1875,0.5625,0.4375,0.09375,0,2.34375,0.03125,0.8125,0.4375,0.65625,0.65625,0.53125,1.9375,0.1875,9.1875,0.5,0.09375,51030,1407,0.908384900180862,0.842105263157895,0.64,44,22.842,10.7454048329622,4.4930297842792,15.6067663206812,1007.71875,1097.625,0,0,0,0,0,0,0,1
65535,51074,1.33333333333333,0.133333333333333,0.433333333333333,0.0666666666666667,0.116666666666667,0.05,1.65,NaN,0.0333333333333333,0.766666666666667,0.0833333333333333,0.0833333333333333,5.78333333333333,0.55,0.15,0.6,0.05,0.0333333333333333,0.95,0.0833333333333333,0.916666666666667,0.366666666666667,1.63333333333333,0.7,0.75,1.96666666666667,0.216666666666667,14.05,0.183333333333333,0.183333333333333,51074,2637,0.848669901787195,0.769230769230769,0.576923076923077,44,40.574,13.7499033895818,7.27263830313861,77.2188804722702,196.833333333333,1097.18333333333,0,0,0,0,0,0,0,0
65535,51118,0.403508771929825,0.192982456140351,0.298245614035088,0.175438596491228,0.105263157894737,0.12280701754386,1.57894736842105,3.19298245614035,0.0526315789473684,1.50877192982456,0.12280701754386,0,2.75438596491228,0.666666666666667,0.929824561403509,0.719298245614035,0.087719298245614,0.105263157894737,1.31578947368421,0,1.64912280701754,0.684210526315789,0.666666666666667,0.754385964912281,0.87719298245614,1.96491228070175,0.157894736842105,12.8947368421053,0.526315789473684,0.12280701754386,51118,2505,0.808574452122804,0.934426229508197,0.814285714285714,44,26.274,11.3844398750834,6.69853472411812,-10.1969578645316,337.614035087719,1098.75438596491,0,0,0,0,0,0,0,1
65535,51162,0.414634146341463,0.170731707317073,1.17073170731707,0.170731707317073,0.195121951219512,0.121951219512195,0.926829268292683,2.41463414634146,0.0487804878048781,1.39024390243902,0.0975609756097561,0,2.02439024390244,0.731707317073171,0.121951219512195,0.634146341463415,0.0975609756097561,0.0975609756097561,1.82926829268293,0.0731707317073171,1.26829268292683,0.707317073170732,1.4390243902439,0.536585365853659,0.414634146341463,2.14634146341463,0.219512195121951,11.8292682926829,0.390243902439024,0.146341463414634,51162,1802,0.539117875992662,0.931818181818182,0.732142857142857,44,20.419,8.04943429319457,6.77947763901156,-21.3939789989758,915.463414634146,1099.92682926829,0.307692307692308,44,51250,0,0,0,0,1
65535,51206,0.702702702702703,0.135135135135135,0.594594594594595,0.162162162162162,0.216216216216216,0.108108108108108,1.18918918918919,2.18918918918919,0.108108108108108,2.24324324324324,0.135135135135135,0.0810810810810811,1.35135135135135,0.459459459459459,0.162162162162162,0.27027027027027,0.0810810810810811,0.189189189189189,1.56756756756757,0.0540540540540541,1.64864864864865,0.621621621621622,0.432432432432432,0.297297297297297,0.513513513513513,NaN,0.216216216216216,8.08108108108108,0.324324324324324,0.108108108108108,51206,1626,0.59745774543567,0.948717948717949,0.755102040816326,44,19.104,7.7831556277124,6.24131556695704,46.9214571490327,1203.13513513514,1100.18918918919,0,0,0,0,0,0,0,0
65535,51250,2.12121212121212,0.0606060606060606,1.09090909090909,0.151515151515152,0.0909090909090909,0.151515151515152,1.33333333333333,2.96969696969697,0.0606060606060606,1.3030303030303,0.303030303030303,0.0303030303030303,9.12121212121212,0.606060606060606,0.0909090909090909,0.636363636363636,0.151515151515152,0.212121212121212,1.90909090909091,0.0303030303030303,0.939393939393939,0.575757575757576,1.12121212121212,0.363636363636364,0.575757575757576,2.54545454545455,0.242424242424242,14.2121212121212,0.181818181818182,0.363636363636364,51250,1450,0.761547056931982,44,0.825,44,17.971,8.14977153827194,5.28194533816204,-2.71395014974346,908.757575757576,1102.9696969697,0.363636363636364,44,51162,0,0,0,0,1
65535,51294,0.0555555555555556,0.240740740740741,1.03703703703704,0.351851851851852,0.203703703703704,0.0185185185185185,2.77777777777778,2.24074074074074,0.0555555555555556,0.537037037037037,0.166666666666667,0.0185185185185185,1.01851851851852,0.425925925925926,0.12962962962963,0.666666666666667,0.0740740740740741,0.0925925925925926,0.851851851851852,0.0185185185185185,0.888888888888889,0.407407407407407,4.11111111111111,0.666666666666667,0.425925925925926,1.16666666666667,0.240740740740741,16.2037037037037,0.185185185185185,0.259259259259259,51294,2374,0.759061338001543,0.9,0.6,44,26.787,10.616610307256,6.91161622252417,49.3738172308126,275.685185185185,1103.98148148148,0,0,0,0,0,0,0,1
65535,51338,0.703703703703704,0.111111111111111,0.703703703703704,0.0740740740740741,0.0740740740740741,0.037037037037037,1.14814814814815,2.96296296296296,0.148148148148148,0.777777777777778,0.037037037037037,0.037037037037037,1.66666666666667,0.37037037037037,0.037037037037037,0.407407407407407,0,0.037037037037037,0.666666666666667,0,0.555555555555556,0.222222222222222,2.25925925925926,0.407407407407407,0.37037037037037,1.85185185185185,0.333333333333333,10.6666666666667,0.333333333333333,0.111111111111111,51338,1187,0.559767277232534,44,0.75,44,15.457,6.53857505854134,5.41818932604055,50.2867617092804,547.592592592593,1105.44444444444,0.55,44,51470,0,0,0,0,1
65535,51382,0.514285714285714,0.171428571428571,0.6,0.371428571428571,0.0571428571428571,0.0857142857142857,1.17142857142857,2.77142857142857,0.1,0.8,0.0428571428571429,0.0571428571428571,1.82857142857143,0.514285714285714,0.1,0.757142857142857,0.0285714285714286,0.0428571428571429,0.942857142857143,0,0.985714285714286,0.242857142857143,1.08571428571429,0.5,0.514285714285714,1.75714285714286,0.271428571428571,9.64285714285714,0.228571428571429,0.2,51382,3077,0.662606261202081,0.958904109589041,0.707070707070707,44,28.094,11.0492013757606,8.27549735308297,55.4071150496201,1247.25714285714,1104.7,0,0,0,0,0,0,0,1
65535,51426,0.98780487804878,0.121951219512195,0.365853658536585,0.0853658536585366,0.0975609756097561,0.0853658536585366,2.19512195121951,3.52439024390244,0.024390243902439,1.4390243902439,0.0609756097560976,0.024390243902439,2.32926829268293,0.51219512195122,0.74390243902439,0.865853658536585,0.146341463414634,0.0609756097560976,1.32926829268293,0,1.67073170731707,0.573170731707317,0.48780487804878,0.817073170731707,0.829268292682927,2.39024390243902,0.280487804878049,9.28048780487805,0.292682926829268,0.25609756097561,51426,3604,0.768121443458292,0.976190476190476,0.759259259259259,44,30.244,12.8822443519651,8.24855495839316,67.2449868545715,707.841463414634,1106.23170731707,0,0,0,0,0,0,0,1
65535,51470,0.818181818181818,0.0909090909090909,1.04545454545455,0.318181818181818,0.0454545454545455,0.0909090909090909,1.72727272727273,2.36363636363636,0.227272727272727,0.681818181818182,0.136363636363636,0.0454545454545455,2.90909090909091,0.545454545454545,0.136363636363636,0.454545454545455,0.0909090909090909,0.136363636363636,1.36363636363636,0,0.636363636363636,0.363636363636364,3.68181818181818,0.545454545454545,0.454545454545455,1.63636363636364,0.227272727272727,17.3636363636364,0.0909090909090909,0.181818181818182,51470,967,0.579310604603366,0.916666666666667,0.523809523809524,44,16.4,6.33670272569867,5.16508997878915,36.0714394292982,543.954545454546,1109.18181818182,0.684210526315789,44,51338,0,0,0,0,1
65535,51514,0.251798561151079,0.165467625899281,0.949640287769784,0.58273381294964,0.100719424460432,0.107913669064748,2.43165467625899,2.75539568345324,0.0359712230215827,0.60431654676259,0.122302158273381,0.0287769784172662,1.06474820143885,0.640287769784173,0.151079136690647,0.877697841726619,0.0647482014388489,0.0719424460431655,0.906474820143885,0,0.719424460431655,0.424460431654676,5.05035971223022,0.546762589928058,0.20863309352518,1.51079136690647,0.244604316546763,14.7985611510791,0.244604316546763,0.266187050359712,51514,6110,0.785252660680429,0.874213836477987,0.6289592760181,44,44.866,17.7462782520742,10.9880601236616,-78.6641683747057,1129.17985611511,1105.8345323741,0,0,0,0,0,0,0,1
65535,51558,1.47540983606557,0.147540983606557,1.0327868852459,0.0983606557377049,0.131147540983607,0.147540983606557,1.0327868852459,3.52459016393443,0.0491803278688525,1.01639344262295,0.0491803278688525,0.0327868852459016,2.13114754098361,0.491803278688525,0.0983606557377049,0.950819672131147,0.180327868852459,0.0819672131147541,1.01639344262295,0.0163934426229508,0.672131147540984,0.344262295081967,1.55737704918033,0.491803278688525,0.442622950819672,2.37704918032787,0.245901639344262,13.3606557377049,0.213114754098361,0.180327868852459,51558,2681,0.708046576088652,0.924242424242424,0.677777777777778,44,27.631,10.9101016415645,7.70433995082808,40.4351301310972,196.819672131148,1110.4262295082,0,0,0,0,0,0,0,1
65535,51602,0.217391304347826,0.0869565217391304,0.739130434782609,0.521739130434783,0.0434782608695652,0.0869565217391304,1.1304347826087,1.8695652173913,0.0869565217391304,0.695652173913043,0,0.0434782608695652,1.78260869565217,0.130434782608696,0.608695652173913,0.521739130434783,0.0869565217391304,0.173913043478261,1.69565217391304,0,0.869565217391304,0.347826086956522,0.652173913043478,0.565217391304348,0.565217391304348,1.47826086956522,0.173913043478261,10.8260869565217,0.260869565217391,0.130434782608696,51602,1011,0.689369006708676,0.884615384615385,0.638888888888889,44,15.647,6.77820713850505,4.91020348699273,-48.6609541434869,312.260869565217,1109.73913043478,0.05,44,51690,0,0,0,0,1
65535,51646,1.76923076923077,0.153846153846154,0.730769230769231,0.307692307692308,0.0384615384615385,0.115384615384615,7.11538461538462,3.30769230769231,0.192307692307692,0.461538461538462,0.0384615384615385,0,4.73076923076923,0.730769230769231,0.192307692307692,0.538461538461538,0.0769230769230769,0.153846153846154,1.03846153846154,0,0.692307692307692,0.769230769230769,0.807692307692308,0.615384615384615,0.461538461538462,2.30769230769231,0.384615384615385,13.2692307692308,0.230769230769231,0.153846153846154,51646,1143,0.874379137634204,0.962962962962963,0.619047619047619,44,16.681,8.47443032950586,4.11216109298395,34.8607350042362,1355.84615384615,1110.53846153846,0,0,0,0,0,0,0,1
65535,51690,0.3,0.2,0.566666666666667,0.266666666666667,0.133333333333333,0.1,1.1,1.86666666666667,0.0333333333333333,0.6,0.0666666666666667,0.1,1.03333333333333,0.2,0.133333333333333,0.6,0.1,0,1.16666666666667,0.0333333333333333,0.7,0.5,0.7,0.333333333333333,0.6,1.36666666666667,0.233333333333333,6.93333333333333,0.5,0.133333333333333,51690,1319,0.908119438708976,0.967741935483871,0.833333333333333,44,19.079,9.69575000030449,4.05971930316423,10.6494032093962,303.2,1111.56666666667,0.0454545454545455,44,51602,0,0,0,0,1
65535,51734,0.222222222222222,0.144444444444444,0.966666666666667,0.422222222222222,0.122222222222222,0.166666666666667,2.15555555555556,3.53333333333333,0.1,0.888888888888889,0.177777777777778,0.0222222222222222,1.08888888888889,0.455555555555556,0.122222222222222,0.911111111111111,0.122222222222222,0.0777777777777778,0.866666666666667,0.0111111111111111,0.777777777777778,0.577777777777778,3.18888888888889,0.633333333333333,0.366666666666667,1.4,0.233333333333333,16.3222222222222,0.277777777777778,0.188888888888889,51734,3956,0.775413793801185,0.9375,0.681818181818182,44,33.337,13.6519343649991,8.62056093359396,39.7471260953854,16.6222222222222,1113.44444444444,0,0,0,0,0,0,0,1
65535,51777,0.425531914893617,0.0851063829787234,0.382978723404255,0.106382978723404,0.106382978723404,0.0425531914893617,1.06382978723404,2.27659574468085,0.0638297872340425,0.851063829787234,0.0851063829787234,0.0638297872340425,3.74468085106383,0.361702127659574,0.0212765957446809,0.468085106382979,0.170212765957447,0.0638297872340425,0.893617021276596,0.0212765957446809,0.914893617021277,0.276595744680851,0.74468085106383,0.51063829787234,0.74468085106383,1.04255319148936,0.212765957446809,9.93617021276596,0.319148936170213,0.127659574468085,51777,2066,0.539831938865282,0.959183673469388,0.734375,44,21.825,8.58215350004969,7.22422353959603,31.4494216903347,1101.1914893617,1114.34042553191,0,0,0,0,0,0,0,1
65535,51821,0.444444444444444,0.314814814814815,0.537037037037037,0.444444444444444,0.0185185185185185,0.111111111111111,1.55555555555556,2.68518518518519,0.037037037037037,1.11111111111111,0.0925925925925926,0.037037037037037,1.90740740740741,0.388888888888889,0.111111111111111,0.5,0.0555555555555556,0.12962962962963,1.44444444444444,0.0185185185185185,1.07407407407407,0.518518518518518,1.01851851851852,0.555555555555556,0.907407407407407,1.83333333333333,0.111111111111111,11.8703703703704,0.37037037037037,0.203703703703704,51821,2374,0.657016746984869,0.650602409638554,0.461538461538462,44,36.984,11.7875874908157,8.88637907898328,4.49462427030079,1033.42592592593,1116.2962962963,0.025,44,52085,0,0,0,0,1
65535,51865,0.202127659574468,0.148936170212766,1.0531914893617,0.329787234042553,0.127659574468085,0.106382978723404,1.88297872340426,3.96808510638298,0.0957446808510638,1.40425531914894,0.0425531914893617,0.0319148936170213,1.29787234042553,0.617021276595745,0.117021276595745,1.32978723404255,0.170212765957447,0.106382978723404,1.11702127659574,0.0212765957446809,1.76595744680851,0.75531914893617,15.6489361702128,0.978723404255319,0.5,1.53191489361702,0.340425531914894,17.1489361702128,0.457446808510638,0.382978723404255,51865,4132,0.7549252588134,0.886792452830189,0.652777777777778,44,40.549,13.8874222628698,9.10752201458507,85.2405961897209,632.81914893617,1116.32978723404,0,0,0,0,0,0,0,1
65535,51909,0.155172413793103,0.120689655172414,1.01724137931034,0.706896551724138,0.206896551724138,0.0689655172413793,2.44827586206897,2.67241379310345,0.103448275862069,0.620689655172414,0.137931034482759,0.0172413793103448,1.29310344827586,0.53448275862069,0.0344827586206897,0.758620689655172,0.0517241379310345,0.103448275862069,0.741379310344828,0.0344827586206897,0.637931034482759,0.379310344827586,4.79310344827586,0.413793103448276,0.275862068965517,1.10344827586207,0.275862068965517,17.5344827586207,0.5,0.155172413793103,51909,2549,0.723378758495287,0.950819672131147,0.725,44,25.191,10.436331156379,7.20577972982833,-60.178468324844,419.51724137931,1117.86206896552,0,0,0,0,0,0,0,1
65535,51953,0.215686274509804,0.107843137254902,0.57843137254902,0.294117647058824,0.0882352941176471,0.0294117647058824,1.26470588235294,1.88235294117647,0.0490196078431373,0.764705882352941,0.0882352941176471,0.0392156862745098,1.23529411764706,0.362745098039216,0.0882352941176471,0.647058823529412,0.127450980392157,0.0686274509803922,0.833333333333333,0.0196078431372549,0.470588235294118,0.274509803921569,3.44117647058824,0.431372549019608,0.284313725490196,0.950980392156863,0.147058823529412,10.6078431372549,0.245098039215686,0.196078431372549,51953,4483,0.502728973818166,0.894736842105263,0.713286713286713,44,41.177,12.8991444965541,11.1505891824393,-31.426043575417,841.539215686274,1116.43137254902,0,0,0,0,0,0,0,1
65535,51997,0.303370786516854,0.202247191011236,0.876404494382023,0.449438202247191,0.0674157303370787,0.0898876404494382,2.49438202247191,2.0561797752809,0.112359550561798,0.629213483146067,0.101123595505618,0.0337078651685393,1.35955056179775,0.617977528089888,0.0898876404494382,0.606741573033708,0.0561797752808989,0.0786516853932584,1.06741573033708,0.0449438202247191,0.741573033707865,0.449438202247191,2.10112359550562,0.292134831460674,0.415730337078652,1.51685393258427,0.247191011235955,13.2696629213483,0.303370786516854,0.179775280898876,51997,3912,0.731657304396453,0.89,0.618055555555556,44,36.521,13.6153230515874,9.28119321700528,-54.3295899914665,695.595505617978,1121.23595505618,0,0,0,0,0,0,0,1
65535,52041,0.846153846153846,0.230769230769231,0.230769230769231,0.384615384615385,0.0384615384615385,0.153846153846154,1.26923076923077,1.76923076923077,0,0.884615384615385,0.0769230769230769,0.0384615384615385,1.69230769230769,0.346153846153846,0.153846153846154,0.423076923076923,0.0769230769230769,0.0769230769230769,1.65384615384615,0,0.961538461538462,0.230769230769231,0.692307692307692,0.769230769230769,0.423076923076923,1.88461538461538,0.307692307692308,8.80769230769231,0.307692307692308,0.115384615384615,52041,1143,0.836967318380299,0.962962962962963,0.541666666666667,44,17.624,8.18885389264267,4.48137382648253,34.6273689102804,192.384615384615,1121.26923076923,0,0,0,0,0,0,0,1
65535,52085,0.5,0.142857142857143,0.75,0.142857142857143,0.0714285714285714,0.142857142857143,0.857142857142857,2.89285714285714,0.0357142857142857,0.928571428571429,0,0.0714285714285714,1.85714285714286,0.678571428571429,0.464285714285714,0.464285714285714,0.0357142857142857,0.0357142857142857,0.75,0.0357142857142857,1.10714285714286,0.428571428571429,1.07142857142857,0.535714285714286,0.642857142857143,1.64285714285714,0.142857142857143,10.4642857142857,0.357142857142857,0.0714285714285714,52085,1231,0.75473230359252,44,0.8,44,16.193,7.45725032938991,4.89220146885724,22.7740716768333,1023.10714285714,1120.92857142857,0.1,44,51821,0,0,0,0,1
65535,52129,0.375,0.2,0.75,0.25,0.275,0.125,0.9,2.45,0.05,0.8,0.125,0,1.1,0.375,0.1,0.55,0.1,0.05,1.725,0.075,0.675,0.375,0.95,0.55,0.525,1.9,0.125,12.875,0.15,0.225,52129,1758,0.914789597387488,0.909090909090909,0.727272727272727,44,23.876,11.7879091523064,4.76149813437313,6.86515598057437,14.45,1123.75,0,0,0,0,0,0,0,1
65535,52173,0.226190476190476,0.142857142857143,0.952380952380952,0.75,0.214285714285714,0.0833333333333333,2.41666666666667,2.85714285714286,0.0595238095238095,0.726190476190476,0.0833333333333333,0.0357142857142857,1.33333333333333,0.583333333333333,0.154761904761905,1.03571428571429,0.0952380952380952,0.214285714285714,0.833333333333333,0.0238095238095238,0.619047619047619,0.464285714285714,2.86904761904762,0.416666666666667,0.154761904761905,1.61904761904762,0.273809523809524,17.25,0.357142857142857,0.178571428571429,52173,3692,0.454277591853216,0.933333333333333,0.636363636363636,44,31.485,11.1905710887206,9.96923423237447,-61.212654241131,673.261904761905,1124.4880952381,0,0,0,0,0,0,0,1
65535,52217,0.347826086956522,0.130434782608696,0.565217391304348,0.434782608695652,0.0869565217391304,0.0434782608695652,1.52173913043478,2.26086956521739,0.0434782608695652,0.608695652173913,0.0869565217391304,0.0869565217391304,0.869565217391304,0.217391304347826,0,0.391304347826087,0,0.217391304347826,0.869565217391304,0,0.695652173913043,0.260869565217391,1.17391304347826,0.391304347826087,0.434782608695652,1.43478260869565,0,9.30434782608696,0.173913043478261,0.217391304347826,52217,1011,0.492094936902019,0.958333333333333,0.766666666666667,44,14.051,5.92772104300032,5.16032740617828,16.110633405797,1259.5652173913,1127.17391304348,0,0,0,0,0,0,0,1
65535,52261,0.451612903225806,0.032258064516129,0.67741935483871,0.161290322580645,0.032258064516129,0.129032258064516,0.903225806451613,3.80645161290323,0.161290322580645,1.03225806451613,0.032258064516129,0,1.61290322580645,0.67741935483871,0.129032258064516,0.838709677419355,0,0.0967741935483871,0.967741935483871,0.0645161290322581,0.967741935483871,0.32258064516129,1.2258064516129,0.516129032258065,0.193548387096774,1.48387096774194,0.225806451612903,13.4516129032258,0.548387096774194,0.258064516129032,52261,1363,0.716009955179512,0.96875,0.738095238095238,44,17.053,7.62669189833903,5.32411787162719,31.0879518078734,1135.09677419355,1127.51612903226,0,0,0,0,0,0,0,1
65535,52305,0.259259259259259,0.0740740740740741,0.296296296296296,0.111111111111111,0.037037037037037,0,0.703703703703704,2.22222222222222,0.037037037037037,1.22222222222222,0.0740740740740741,0.148148148148148,0.962962962962963,0.259259259259259,0.0740740740740741,0.555555555555556,0.222222222222222,0.0740740740740741,0.814814814814815,0.037037037037037,NaN,0.296296296296296,0.62962962962963,0.481481481481481,0.592592592592593,1.59259259259259,0.185185185185185,5.7037037037037,0.296296296296296,0.037037037037037,52305,1187,0.891483939130204,0.794117647058823,0.6,44,21.089,9.64785325241546,4.37098210327543,-12.2712174409907,1198.25925925926,1128.2962962963,0,0,0,0,0,0,0,0
65535,52349,0.239130434782609,0.173913043478261,1.04347826086957,0.217391304347826,0.152173913043478,0.0652173913043478,1.91304347826087,3.76086956521739,0.0652173913043478,0.978260869565217,0.173913043478261,0.0652173913043478,1.41304347826087,0.58695652173913,0.0434782608695652,0.91304347826087,0.217391304347826,0.130434782608696,0.695652173913043,0.0217391304347826,0.978260869565217,0.369565217391304,11.5652173913043,0.717391304347826,0.521739130434783,1.52173913043478,0.217391304347826,16.2173913043478,0.369565217391304,0.239130434782609,52349,2022,0.559428009713152,0.92,0.71875,44,21.916,8.54257618095763,7.08076151433638,48.6425070015961,944.978260869565,1128.4347826087,0,0,0,0,0,0,0,1
65535,52393,0.0967741935483871,0.258064516129032,1.41935483870968,NaN,0.258064516129032,0.0645161290322581,3.06451612903226,2.29032258064516,0.161290322580645,0.645161290322581,0.0967741935483871,0.129032258064516,1.41935483870968,0.806451612903226,0.161290322580645,0.903225806451613,0,0.032258064516129,1.06451612903226,0.032258064516129,0.645161290322581,0.645161290322581,1.61290322580645,0.709677419354839,0.0967741935483871,2.54838709677419,0.161290322580645,22.9032258064516,0.354838709677419,0.290322580645161,52393,1363,0.79694586100423,0.861111111111111,0.645833333333333,44,19.749,8.46495444372843,5.11326198272346,8.35564522078847,985.290322580645,1128.74193548387,0,0,0,0,0,0,0,0
65535,52437,0.363636363636364,0.136363636363636,0.636363636363636,0.227272727272727,0.0909090909090909,0.0909090909090909,1.18181818181818,1.5,0.0454545454545455,1.13636363636364,0.227272727272727,0.0909090909090909,1.54545454545455,0.272727272727273,0.181818181818182,0.363636363636364,0.136363636363636,0.0909090909090909,1.13636363636364,0,NaN,0.818181818181818,0.636363636363636,0.454545454545455,0.409090909090909,1.72727272727273,0.5,6.90909090909091,0.363636363636364,0.136363636363636,52437,967,0.419131203196807,44,0.88,44,13.381,5.62266174234859,5.1049589675732,45.0000000000001,1245.09090909091,1129.90909090909,0,0,0,0,0,0,0,0
65535,52481,0.444444444444444,0.138888888888889,0.5,0.138888888888889,0.111111111111111,0.0833333333333333,1.5,1.77777777777778,0.0555555555555556,1.27777777777778,0.0833333333333333,0.0833333333333333,1.63888888888889,0.277777777777778,0.0277777777777778,0.416666666666667,0.0277777777777778,0.0833333333333333,1.27777777777778,0.0555555555555556,1.27777777777778,0.666666666666667,0.888888888888889,0.277777777777778,0.777777777777778,2.77777777777778,0.361111111111111,9.69444444444444,0.305555555555556,0.194444444444444,52481,1582,0.61346536950016,44,0.857142857142857,44,18.616,7.71203191901759,6.09035835683105,60.9859423719953,11.3611111111111,1136.02777777778,0,0,0,0,0,0,0,1
65535,52525,0.0746268656716418,0.134328358208955,1.56716417910448,1.77611940298507,0.238805970149254,0.0447761194029851,3.08955223880597,2.97014925373134,0.0597014925373134,0.462686567164179,0.149253731343284,0.0298507462686567,1.52238805970149,0.716417910447761,0.119402985074627,0.925373134328358,0.0746268656716418,0.104477611940299,0.835820895522388,0.0298507462686567,0.805970149253731,0.432835820895522,1.83582089552239,0.402985074626866,0.0895522388059701,2.35820895522388,0.208955223880597,25.7611940298507,0.253731343283582,0.373134328358209,52525,2945,0.837258532031505,0.87012987012987,0.644230769230769,44,31.832,12.9025536749469,7.05520967928692,72.2146835903656,929.567164179104,1136.02985074627,0,0,0,0,0,0,0,1
65535,52569,0.712121212121212,0.121212121212121,0.348484848484849,0.181818181818182,0.0454545454545455,0.0454545454545455,0.984848484848485,2.40909090909091,0.0454545454545455,1.04545454545455,0.0454545454545455,0.0303030303030303,1.95454545454545,0.606060606060606,0.0909090909090909,0.378787878787879,0.0606060606060606,0.121212121212121,0.515151515151515,0,1.53030303030303,0.515151515151515,0.621212121212121,0.575757575757576,0.409090909090909,1.31818181818182,0.196969696969697,9.83333333333333,0.303030303030303,0.136363636363636,52569,2901,0.447701621116266,0.985074626865672,0.733333333333333,44,25.952,9.78311692874981,8.74789695936508,15.6671984499108,1408.71212121212,1133.9696969697,0,0,0,0,0,0,0,1
65535,52613,0.287671232876712,0.178082191780822,0.821917808219178,0.36986301369863,0.178082191780822,0.0547945205479452,1.6027397260274,1.75342465753425,0,1.06849315068493,0.273972602739726,0.0410958904109589,1.0958904109589,0.465753424657534,0.178082191780822,0.643835616438356,0.0821917808219178,0.0547945205479452,1.12328767123288,0.0136986301369863,0.794520547945205,0.301369863013699,1.47945205479452,0.36986301369863,0.383561643835616,1.57534246575342,0.232876712328767,11.2876712328767,0.287671232876712,0.205479452054795,52613,3209,0.736590596480976,0.848837209302326,0.608333333333333,44,35.198,12.8704199924971,8.70476556251426,47.8297752398231,445.342465753425,1136.04109589041,0.452380952380952,88,52964,53008,0,0,0,1
65535,52657,0.363636363636364,0.227272727272727,0.863636363636364,0.681818181818182,0.136363636363636,0,1.72727272727273,3.09090909090909,0.0909090909090909,0.909090909090909,0.0454545454545455,0,1.40909090909091,0.727272727272727,0.0909090909090909,0.454545454545455,0,0.0909090909090909,1.22727272727273,0,0.681818181818182,0.636363636363636,1.45454545454545,0.409090909090909,0.409090909090909,2.09090909090909,0.409090909090909,14.0454545454545,0.136363636363636,0.136363636363636,52657,967,0.786592070129511,44,0.785714285714286,44,14.324,6.83965059029319,4.22329962144638,7.20857581287259,1251.22727272727,1138.59090909091,0.764705882352941,44,53272,0,0,0,0,1
65535,52701,0.612903225806452,0.032258064516129,0.774193548387097,0.129032258064516,0.0645161290322581,0.0967741935483871,NaN,2.35483870967742,0.032258064516129,0.451612903225806,0,0.032258064516129,4.7741935483871,0.451612903225806,0.0967741935483871,0.516129032258065,0.032258064516129,0.0645161290322581,1.41935483870968,0,0.838709677419355,0.580645161290323,3.09677419354839,0.354838709677419,1.12903225806452,0.870967741935484,0.032258064516129,11.3548387096774,0.258064516129032,0.193548387096774,52701,1363,0.822691796943007,0.63265306122449,0.442857142857143,44,27.267,10.7066175340766,6.08657983235744,11.1084765020673,1358.25806451613,1136.67741935484,0,0,0,0,0,0,0,0
65535,52744,0.818181818181818,0.363636363636364,0.772727272727273,0.136363636363636,0.136363636363636,0.181818181818182,1.45454545454545,3.45454545454545,0.136363636363636,0.863636363636364,0.136363636363636,0.0454545454545455,2.36363636363636,1.04545454545455,0.0454545454545455,0.772727272727273,0.0909090909090909,0.0909090909090909,0.818181818181818,0.136363636363636,0.818181818181818,0.5,2.09090909090909,0.545454545454545,0.590909090909091,1.31818181818182,0.181818181818182,NaN,0.272727272727273,0.0454545454545455,52744,967,0.761135014418238,44,0.916666666666667,44,14.026,6.66081787936836,4.3201629839845,12.5574174430723,381.5,1139.5,0,0,0,0,0,0,0,0
65535,52788,0.291666666666667,0.333333333333333,1.16666666666667,0.416666666666667,0,0.0833333333333333,1.29166666666667,2.20833333333333,0.0416666666666667,0.416666666666667,0.0416666666666667,0.0833333333333333,1.16666666666667,0.375,0,0.75,0.166666666666667,0.125,1.08333333333333,0,1.08333333333333,0.416666666666667,1.45833333333333,0.583333333333333,0.458333333333333,1.125,0.333333333333333,10.875,0.0833333333333333,0.208333333333333,52788,1055,0.722466464292272,0.96,0.8,44,15.159,6.83664806721483,4.72689925198127,20.4917011834591,1136.375,50151,0.722222222222222,44,53316,0,0,0,0,0
65535,52832,0.465116279069767,0.127906976744186,0.430232558139535,0.255813953488372,0.0232558139534884,0.0465116279069767,1.40697674418605,3.22093023255814,0.0232558139534884,1.01162790697674,0.0581395348837209,0.0232558139534884,1.55813953488372,0.546511627906977,0.13953488372093,0.709302325581395,0.104651162790698,0.116279069767442,0.976744186046512,0.0232558139534884,1.2906976744186,0.476744186046512,0.755813953488372,0.709302325581395,0.523255813953488,1.59302325581395,0.255813953488372,10.9767441860465,0.372093023255814,0.162790697674419,52832,3780,0.710511841404259,0.88659793814433,0.661538461538462,44,35.967,12.9228295922371,9.09360450030223,5.06037157583853,152.581395348837,1141.11627906977,0,0,0,0,0,0,0,1
65535,52876,0.69047619047619,0.178571428571429,0.261904761904762,0.166666666666667,0.0357142857142857,0.130952380952381,1.4047619047619,3.66666666666667,0.0476190476190476,1.60714285714286,0.0238095238095238,0.0595238095238095,1.47619047619048,0.511904761904762,0.0714285714285714,0.773809523809524,0.178571428571429,0.119047619047619,0.464285714285714,0.0119047619047619,1.64285714285714,0.321428571428571,0.630952380952381,0.678571428571429,0.583333333333333,1.29761904761905,0.214285714285714,7.35714285714286,0.369047619047619,0.0833333333333333,52876,3692,0.486456209294556,0.976744186046512,0.763636363636364,44,30.054,11.221999976639,9.8047170362792,74.4407366188524,469.809523809524,1140.03571428571,0,0,0,0,0,0,0,1
65535,52920,1.31818181818182,0,0.272727272727273,0.272727272727273,0,0.0454545454545455,1.59090909090909,2.59090909090909,0.0454545454545455,1.18181818181818,0.136363636363636,0,3.72727272727273,0.5,0.136363636363636,0.772727272727273,0.181818181818182,0.0909090909090909,0.772727272727273,0.0454545454545455,NaN,0.5,0.545454545454545,0.545454545454545,0.863636363636364,1.54545454545455,0.181818181818182,10.4090909090909,0.227272727272727,0.181818181818182,52920,967,0.392567456965697,0.916666666666667,0.611111111111111,44,15.457,5.92111753407147,5.44578925328897,87.8947507983489,181.954545454545,1141.72727272727,0,0,0,0,0,0,0,0
65535,52964,0.27906976744186,0.209302325581395,0.767441860465116,0.441860465116279,0.162790697674419,0.0697674418604651,2.02325581395349,2.72093023255814,0.0697674418604651,1.27906976744186,0.186046511627907,0.0930232558139535,1.02325581395349,0.418604651162791,0.116279069767442,0.534883720930233,0.0465116279069767,0.0232558139534884,1.11627906976744,0.0465116279069767,0.883720930232558,0.813953488372093,0.906976744186046,0.767441860465116,0.27906976744186,1.65116279069767,0.302325581395349,10.1395348837209,0.209302325581395,0.162790697674419,52964,1890,0.803553353388102,0.86,0.614285714285714,44,24.248,9.90095582135755,5.89337300802961,-20.4433800742219,447.790697674419,1143.18604651163,0.481481481481481,44,52613,0,0,0,0,1
65535,53008,0.666666666666667,0.0952380952380952,0.571428571428571,0.285714285714286,0.285714285714286,0.0476190476190476,NaN,NaN,0.0952380952380952,0.761904761904762,0.0476190476190476,0.142857142857143,0.761904761904762,0.428571428571429,0.0476190476190476,0.428571428571429,0.0952380952380952,0.285714285714286,1.52380952380952,0,0.904761904761905,0.476190476190476,0.952380952380952,0.333333333333333,0.428571428571429,1.0952380952381,0.0952380952380952,9.28571428571429,0.476190476190476,0.0476190476190476,53008,923,0.833736492172951,0.84,0.6,44,17.508,7.5635338541435,4.17630000291198,22.3151774690765,435.238095238095,1142.66666666667,0.277777777777778,44,52613,0,0,0,0,0
65535,53052,0.521739130434783,0.130434782608696,NaN,0.130434782608696,0.173913043478261,0,0.782608695652174,3.04347826086957,0.173913043478261,1.73913043478261,0.0434782608695652,0,1.69565217391304,0.478260869565217,0.0869565217391304,0.652173913043478,0.0434782608695652,0.0434782608695652,0.91304347826087,0.0434782608695652,1.47826086956522,0.652173913043478,0.608695652173913,0.347826086956522,0.391304347826087,1.73913043478261,0.260869565217391,8.69565217391304,0.130434782608696,0.173913043478261,53052,1011,0.840391122191866,0.958333333333333,0.821428571428571,44,15.159,7.48144312606917,4.05479559158221,10.6320623302762,524.869565217391,1143.5652173913,0,0,0,0,0,0,0,0
65535,53096,1.72413793103448,0.310344827586207,0.310344827586207,0.275862068965517,0.206896551724138,0.0344827586206897,1.24137931034483,2.72413793103448,0,0.793103448275862,0.0344827586206897,0.103448275862069,1.24137931034483,0.379310344827586,0,0.379310344827586,0.137931034482759,0.103448275862069,0.931034482758621,0,0.620689655172414,0.931034482758621,0.551724137931034,0.551724137931034,0.551724137931034,1.3448275862069,0.137931034482759,NaN,0.517241379310345,0.0689655172413793,53096,1275,0.785229534834215,44,0.828571428571429,44,16.838,7.80717404472966,4.83423960057416,24.8818208453631,30372,50283,0,0,0,0,0,0,0,0
65535,53140,0.736842105263158,0.087719298245614,0.701754385964912,0.105263157894737,0.0175438596491228,0.0350877192982456,1.05263157894737,2.47368421052632,0.0701754385964912,1.42105263157895,0.0701754385964912,0,2.56140350877193,0.526315789473684,0.12280701754386,0.526315789473684,0.0350877192982456,0.0701754385964912,1.29824561403509,0.0175438596491228,1.56140350877193,0.684210526315789,0.807017543859649,0.456140350877193,1.12280701754386,2.24561403508772,0.192982456140351,13.0701754385965,0.315789473684211,0.105263157894737,53140,2505,0.904007963868143,0.814285714285714,0.438461538461538,44,33.544,14.0224319467791,5.99480862070691,24.6525007409146,986.456140350877,1144.19298245614,0,0,0,0,0,0,0,1
65535,53184,0.125,0.0833333333333333,0.791666666666667,0.0833333333333333,0.0416666666666667,0,0.916666666666667,2.16666666666667,0.0416666666666667,0.75,0.25,0,1.25,0.333333333333333,0.166666666666667,0.291666666666667,0,0.166666666666667,0.583333333333333,0.0416666666666667,0.833333333333333,0.416666666666667,0.541666666666667,0.708333333333333,0.291666666666667,1.29166666666667,0.0833333333333333,11.3333333333333,0.208333333333333,0.208333333333333,53184,1055,0.574717566567462,44,0.8,44,14.142,6.18979878767913,5.06543316906542,19.6048839962283,1370.33333333333,1143.875,0,0,0,0,0,0,0,1
65535,53228,1.875,0.214285714285714,0.482142857142857,0.178571428571429,0.125,0.0892857142857143,1.23214285714286,3.32142857142857,0,1.10714285714286,0.107142857142857,0.0535714285714286,4.16071428571429,0.464285714285714,0.107142857142857,0.767857142857143,0.214285714285714,0.125,1.19642857142857,0.0178571428571429,1.35714285714286,0.464285714285714,0.607142857142857,0.517857142857143,0.321428571428571,1.23214285714286,0.160714285714286,8.94642857142857,0.357142857142857,0.0892857142857143,53228,2461,0.584843391879444,0.96551724137931,0.777777777777778,44,23.967,9.48201215586713,7.69129841615368,64.1517571374422,1152.80357142857,1145.16071428571,0,0,0,0,0,0,0,1
65535,53272,0.116883116883117,0.116883116883117,0.662337662337662,1.24675324675325,0.181818181818182,0.012987012987013,1.84415584415584,1.97402597402597,0.0779220779220779,0.571428571428571,0.0909090909090909,0.0779220779220779,NaN,0.467532467532468,0.051948051948052,0.636363636363636,0,0.051948051948052,1.27272727272727,0.038961038961039,0.558441558441558,0.519480519480519,4.90909090909091,0.480519480519481,0.272727272727273,1.48051948051948,0.285714285714286,15.987012987013,0.402597402597403,0.207792207792208,53272,3384,0.494902893698087,0.9625,0.7,44,30.054,10.8630118107861,9.43939550670001,9.00093608296345,1251.62337662338,1145.05194805195,0.289473684210526,44,52657,0,0,0,0,0
65535,53316,0.5,0.166666666666667,0.703703703703704,0.722222222222222,0.0740740740740741,0.0740740740740741,1.96296296296296,2.46296296296296,0.111111111111111,0.722222222222222,0.203703703703704,0.0555555555555556,1.31481481481481,0.555555555555556,0.0555555555555556,0.5,0.0555555555555556,0.037037037037037,1.09259259259259,0,0.925925925925926,0.537037037037037,0.833333333333333,0.407407407407407,0.296296296296296,1.85185185185185,0.203703703703704,NaN,0.259259259259259,0.0925925925925926,53316,2374,0.863190626709727,0.931034482758621,0.675,44,26.299,11.9372287454432,6.02684591326413,57.8640673177098,1135.51851851852,1147.40740740741,0.375,44,52788,0,0,0,0,0
65535,53360,0.283018867924528,0.226415094339623,0.811320754716981,0.490566037735849,0.113207547169811,0.0754716981132075,2.41509433962264,3.37735849056604,0.0943396226415094,1.13207547169811,0.169811320754717,0.0188679245283019,1.43396226415094,0.415094339622642,0.132075471698113,1.07547169811321,0.0943396226415094,0.0754716981132075,1.37735849056604,0.0188679245283019,1.16981132075472,0.830188679245283,2.18867924528302,0.773584905660377,0.39622641509434,2.26415094339623,0.320754716981132,16.3584905660377,0.415094339622642,0.377358490566038,53360,2330,0.56298294506841,0.898305084745763,0.654320987654321,44,25.009,9.31237511435461,7.69638481653588,25.5365834689844,764.037735849057,1148.20754716981,0.354838709677419,44,53448,0,0,0,0,1
65535,53404,0.25,0.125,0.666666666666667,0.5,0.125,0.0833333333333333,1.83333333333333,1.95833333333333,0.0833333333333333,0.583333333333333,0.0416666666666667,0,1.58333333333333,0.541666666666667,0.0416666666666667,0.5,0.166666666666667,0.0416666666666667,1.41666666666667,0,0.75,0.291666666666667,0.916666666666667,0.583333333333333,0.291666666666667,2.20833333333333,0.166666666666667,8.91666666666667,0.541666666666667,0.333333333333333,53404,1055,0.673882779038366,44,0.685714285714286,44,14.994,6.58201980315617,4.86304817301682,-7.36148753087511,975.25,1149.20833333333,0.263157894736842,44,53624,0,0,0,0,1
65535,53448,0.0882352941176471,0.117647058823529,NaN,0.617647058823529,0.235294117647059,0.147058823529412,2.26470588235294,1.97058823529412,0.0882352941176471,1.94117647058824,0.0882352941176471,0.117647058823529,1.55882352941176,0.705882352941177,0.323529411764706,0.5,0.352941176470588,0.0882352941176471,1.76470588235294,0,1.26470588235294,NaN,4.20588235294118,0.676470588235294,0.588235294117647,2.94117647058824,0.352941176470588,NaN,0.235294117647059,0.235294117647059,53448,1494,0.82025670326889,0.971428571428571,0.708333333333333,44,19.013,8.90370462896261,5.09287967162239,26.9278326918716,771.558823529412,1148.88235294118,0.541666666666667,88,53360,53667,0,0,0,0
65535,53492,0.429752066115702,0.190082644628099,0.991735537190083,0.644628099173554,0.148760330578512,0.0991735537190083,2.72727272727273,2.56198347107438,0.0661157024793388,0.909090909090909,0.190082644628099,0.0661157024793388,1.34710743801653,0.586776859504132,0.206611570247934,0.636363636363636,0.0991735537190083,0.107438016528926,1.18181818181818,0.0165289256198347,0.950413223140496,0.628099173553719,1.47933884297521,0.495867768595041,0.487603305785124,2.33884297520661,0.239669421487603,16.7272727272727,0.347107438016529,0.173553719008264,53492,5318,0.840248915920795,0.801324503311258,0.5,44,52.243,18.0418062604637,9.78228264925005,15.6813054619863,794.057851239669,1150.7520661157,0.241379310344828,44,53580,0,0,0,0,1
65535,53536,0.222222222222222,0.174603174603175,1.50793650793651,1.06349206349206,0.174603174603175,0.0476190476190476,3.01587301587302,3.42857142857143,0.126984126984127,0.619047619047619,0.0793650793650794,0.0476190476190476,1.79365079365079,0.73015873015873,0.0476190476190476,1.15873015873016,0.174603174603175,0.0952380952380952,1.01587301587302,0.0158730158730159,0.73015873015873,0.412698412698413,3.33333333333333,0.476190476190476,0.365079365079365,2.6031746031746,0.396825396825397,21.3333333333333,0.317460317460317,0.238095238095238,53536,2769,0.721333934076072,44,0.9,44,25.72,10.862693869726,7.52336528779945,83.2218444663265,408.126984126984,1152.66666666667,0,0,0,0,0,0,0,1
65535,53580,0.1625,0.075,0.825,0.1625,0.125,0.0875,1.1625,2.15,0.05,1.1625,0.0875,0.05,1.0875,0.425,0.2,0.7375,0.075,0.05,1.0875,0.0125,0.65,0.3625,4.2,0.4375,0.325,1.325,0.2875,11.6125,0.1625,0.275,53580,3516,0.873428570896961,0.869565217391304,0.592592592592593,44,35.231,15.1200706053052,7.36275298765698,-8.12432042352879,807.25,1154.55,0.25,44,53492,0,0,0,0,1
65535,53624,0.15625,0.125,1.21875,0.90625,0.125,0.03125,2.5,1.9375,0.09375,0.4375,0.09375,0.03125,1.3125,0.3125,0.09375,0.5625,0.03125,0.125,0.875,0,0.40625,0.5625,1.375,0.25,0.3125,2.21875,0.21875,15.90625,0.25,0.09375,53624,1407,0.593182403743283,0.96969696969697,0.653061224489796,44,18.823,7.34892937756379,5.91638856653674,-33.1718234286265,978.46875,1155.90625,0.227272727272727,44,53404,0,0,0,0,1
65535,53667,0.191489361702128,0.170212765957447,0.74468085106383,0.659574468085106,0.25531914893617,0.127659574468085,2.51063829787234,1.8936170212766,0.106382978723404,0.659574468085106,0.212765957446809,0.0638297872340425,1.08510638297872,0.48936170212766,0.191489361702128,0.851063829787234,0.170212765957447,0.0851063829787234,1.53191489361702,0.0425531914893617,1.02127659574468,0.617021276595745,2.17021276595745,0.468085106382979,0.191489361702128,1.82978723404255,0.212765957446809,15.5531914893617,0.0851063829787234,0.425531914893617,53667,2066,0.781979087050549,0.92156862745098,0.652777777777778,44,23.231,10.0634572589319,6.27259987170469,42.6855177384014,772.851063829787,1157.1914893617,0.1,44,53448,0,0,0,0,1
65535,53711,0.305555555555556,0.25,0.805555555555556,0.583333333333333,0.0555555555555556,0.0277777777777778,1.08333333333333,2.83333333333333,0.0833333333333333,0.333333333333333,0.111111111111111,0,1.55555555555556,0.305555555555556,0.0833333333333333,0.611111111111111,0.138888888888889,0.0277777777777778,1.22222222222222,0.0277777777777778,0.472222222222222,0.361111111111111,1.44444444444444,0.583333333333333,0.527777777777778,1.02777777777778,0.166666666666667,10.7222222222222,0.194444444444444,0.222222222222222,53711,1582,0.725767231469261,0.972972972972973,0.75,44,19.195,8.29296294063282,5.70506383133544,23.5288642860114,29.9166666666667,1157.72222222222,0,0,0,0,0,0,0,1
65535,53755,0.276119402985075,0.208955223880597,1.07462686567164,0.574626865671642,0.164179104477612,0.104477611940299,3.23134328358209,2.98507462686567,0.082089552238806,0.716417910447761,0.149253731343284,0.0149253731343284,1.32089552238806,0.664179104477612,0.156716417910448,1.1044776119403,0.156716417910448,0.0597014925373134,0.783582089552239,0.0298507462686567,0.634328358208955,0.455223880597015,1.96268656716418,0.485074626865672,0.373134328358209,1.75373134328358,0.26865671641791,17.8358208955224,0.343283582089552,0.238805970149254,53755,5890,0.626580889300781,0.893333333333333,0.687179487179487,44,42.426,15.0345340691641,11.7172602604532,78.2964574397729,88.9253731343284,1157.53731343284,0.215686274509804,44,54283,0,0,0,0,1
65535,53799,0.642857142857143,0.178571428571429,0.410714285714286,0.214285714285714,0.0535714285714286,0.0714285714285714,13.2142857142857,4.10714285714286,0.125,1.05357142857143,0.107142857142857,0.0357142857142857,5.42857142857143,0.678571428571429,0.107142857142857,0.946428571428571,0.178571428571429,0.107142857142857,0.5,0.0178571428571429,1.17857142857143,0.482142857142857,1.71428571428571,0.732142857142857,0.928571428571429,1.67857142857143,0.160714285714286,12.75,0.321428571428571,0.142857142857143,53799,2461,0.703004569126635,0.736842105263158,0.565656565656566,44,37.464,11.2246417443637,7.98280056029949,-2.6562944531393,671.303571428571,1159.05357142857,0,0,0,0,0,0,0,1
65535,53843,1.07407407407407,0.185185185185185,0.444444444444444,0.222222222222222,0.0740740740740741,0.0925925925925926,1.33333333333333,4.27777777777778,0.0185185185185185,1.62962962962963,0.0925925925925926,0.0555555555555556,4.98148148148148,0.740740740740741,0.111111111111111,0.851851851851852,0.0555555555555556,0.0555555555555556,0.703703703703704,0.0185185185185185,1.24074074074074,0.37037037037037,0.87037037037037,0.666666666666667,NaN,1.22222222222222,0.166666666666667,12.0185185185185,0.222222222222222,0.388888888888889,53843,2374,0.728463348119363,0.981818181818182,0.75,44,23.694,10.1328537097973,6.94186381505079,35.8892670168555,1230.38888888889,1158.77777777778,0,0,0,0,0,0,0,0
65535,53887,0.40625,0.21875,0.9375,1.875,0.25,0.1875,3.28125,2.5625,0,0.78125,0.03125,0.03125,2.1875,0.4375,0.125,0.5625,0.0625,0.0625,1.1875,0,0.65625,0.53125,1.25,0.5625,0.53125,1.9375,0.375,16.1875,0.15625,0.15625,53887,1407,0.902012369174476,0.864864864864865,0.592592592592593,44,20.783,10.2445312264554,4.42266849502047,-74.4551910536969,530.90625,1164.03125,0,0,0,0,0,0,0,1
65535,53931,0.0238095238095238,0.19047619047619,0.928571428571429,0.976190476190476,0.19047619047619,0.0714285714285714,2.76190476190476,2.61904761904762,0.119047619047619,0.428571428571429,0.0952380952380952,0,1.4047619047619,0.619047619047619,0.142857142857143,0.904761904761905,0.166666666666667,0.0476190476190476,0.523809523809524,0,0.80952380952381,0.333333333333333,2.33333333333333,0.5,0.0952380952380952,1.80952380952381,0.261904761904762,24.4761904761905,0.214285714285714,0.595238095238095,53931,1846,0.329603399706222,44,0.857142857142857,44,20.113,7.62637245642729,7.2002068236433,51.6390979557051,934.690476190476,1162.07142857143,0,0,0,0,0,0,0,1
65535,53975,0.0930232558139535,0.186046511627907,0.976744186046512,NaN,0.13953488372093,0.0232558139534884,2.37209302325581,NaN,0,0.558139534883721,0.0930232558139535,0.0930232558139535,1.27906976744186,0.581395348837209,0.0465116279069767,0.604651162790698,0.0232558139534884,0.0697674418604651,1.09302325581395,0.0465116279069767,0.953488372093023,0.627906976744186,2.81395348837209,0.627906976744186,0.255813953488372,2.65116279069767,0.372093023255814,21.0232558139535,0.209302325581395,0.209302325581395,53975,1890,0.783974251821908,0.977272727272727,0.796296296296296,44,21.8,9.57181533922461,5.94211922580223,-68.6084774437674,145.674418604651,1163.81395348837,0,0,0,0,0,0,0,0
65535,54019,0.377358490566038,0.113207547169811,0.60377358490566,NaN,0.0377358490566038,0.0566037735849057,1.62264150943396,1.71698113207547,0.150943396226415,0.943396226415094,0.113207547169811,0.0566037735849057,1.11320754716981,0.716981132075472,0.0943396226415094,0.207547169811321,0.113207547169811,0.0754716981132075,1.26415094339623,0.0188679245283019,0.943396226415094,0.792452830188679,0.528301886792453,0.622641509433962,0.490566037735849,2.64150943396226,0.283018867924528,8.09433962264151,0.358490566037736,0.113207547169811,54019,2330,0.882566199513732,0.868852459016393,0.67948717948718,44,29.293,12.4517715442421,5.85467552029794,-2.95344130976646,900.811320754717,1163.35849056604,0,0,0,0,0,0,0,0
65535,54063,0.2,0.168421052631579,0.673684210526316,0.368421052631579,0.147368421052632,0.0842105263157895,1.96842105263158,2.30526315789474,0.0842105263157895,0.6,0.0947368421052632,0.0210526315789474,1.23157894736842,0.431578947368421,0.0947368421052632,0.652631578947368,0.0631578947368421,0.0631578947368421,0.91578947368421,0.0315789473684211,0.684210526315789,0.357894736842105,1.55789473684211,0.410526315789474,0.368421052631579,1.44210526315789,0.2,12.2210526315789,0.115789473684211,0.273684210526316,54063,4176,0.548443691593541,0.95959595959596,0.791666666666667,44,32.386,12.1540288977889,10.163046908118,85.0651380331775,1069.16842105263,1162.66315789474,0,0,0,0,0,0,0,1
65535,54107,0.685393258426966,0.101123595505618,0.595505617977528,0.146067415730337,0.0337078651685393,0.0449438202247191,1.32584269662921,3.01123595505618,0.0112359550561798,1.23595505617978,0.0224719101123596,0.0112359550561798,3.71910112359551,0.719101123595506,0.0674157303370787,0.640449438202247,0.0898876404494382,0.0674157303370787,0.887640449438202,0.0224719101123596,1.2247191011236,0.449438202247191,0.853932584269663,0.528089887640449,0.853932584269663,1.82022471910112,0.314606741573034,12.2134831460674,0.213483146067416,0.168539325842697,54107,3912,0.775671753542228,0.936842105263158,0.760683760683761,44,33.221,13.6132341503028,8.59180948509523,-13.3869693483512,1253.52808988764,1162.92134831461,0,0,0,0,0,0,0,1
65535,54151,0.483870967741936,0.258064516129032,0.387096774193548,0.419354838709677,0,0.032258064516129,0.967741935483871,1.87096774193548,0.0967741935483871,NaN,0.032258064516129,0.0645161290322581,1.06451612903226,0.483870967741936,0.548387096774194,0.612903225806452,0.129032258064516,0,1.96774193548387,0,0.870967741935484,0.580645161290323,0.806451612903226,0.548387096774194,0.290322580645161,1.48387096774194,0.193548387096774,8.61290322580645,0.258064516129032,0.193548387096774,54151,1363,0.800375651994147,0.815789473684211,0.553571428571429,44,25.373,8.98134154485314,5.38430351218913,48.3861945576588,1341.51612903226,1162.41935483871,0.12,44,54239,0,0,0,0,0
65535,54195,0.309278350515464,0.175257731958763,1.16494845360825,0.34020618556701,0.11340206185567,0.0309278350515464,2.12371134020619,3.41237113402062,0.206185567010309,0.670103092783505,0.0721649484536082,0.0103092783505155,1.4020618556701,0.556701030927835,0.0618556701030928,1.32989690721649,0.11340206185567,0.0618556701030928,0.762886597938144,0.0824742268041237,0.865979381443299,0.278350515463918,6.41237113402062,0.474226804123711,0.350515463917526,1.65979381443299,0.164948453608247,11.6494845360825,0.34020618556701,0.257731958762887,54195,4264,0.796793948474742,0.950980392156863,0.678321678321678,44,34.925,14.6248299464744,8.83706972554535,28.7685311185517,486.288659793814,1164.54639175258,0,0,0,0,0,0,0,1
65535,54239,0.645161290322581,0.225806451612903,0.645161290322581,0.290322580645161,0.193548387096774,0.161290322580645,1.09677419354839,1.25806451612903,0.129032258064516,0.741935483870968,0.193548387096774,0.032258064516129,1.16129032258065,0.451612903225806,0.161290322580645,0.612903225806452,0.0967741935483871,0.129032258064516,1.38709677419355,0,1.12903225806452,0.258064516129032,0.612903225806452,0.548387096774194,0.258064516129032,1.61290322580645,0.290322580645161,NaN,0.451612903225806,0.161290322580645,54239,1363,0.397452223214655,44,0.861111111111111,44,17.119,6.68492124433869,6.13423661327228,-29.0546040990771,1347.67741935484,1167.58064516129,0.15,44,54151,0,0,0,0,0
65535,54283,0.326530612244898,0.204081632653061,0.897959183673469,0.612244897959184,0.122448979591837,0.0612244897959184,2.12244897959184,1.6530612244898,0.102040816326531,1.26530612244898,0.163265306122449,0.0816326530612245,0.959183673469388,0.612244897959184,0.183673469387755,0.387755102040816,0.122448979591837,0.0816326530612245,1.28571428571429,0,1.42857142857143,0.63265306122449,0.714285714285714,0.408163265306122,0.510204081632653,1.57142857142857,0.306122448979592,9.93877551020408,0.428571428571429,0.0816326530612245,54283,2154,0.934135964500803,0.830508474576271,0.583333333333333,44,31.261,14.3257617047197,5.11311300663289,14.4212759357243,88.6938775510204,1167.71428571429,0.558823529411765,44,53755,0,0,0,0,1
65535,54327,0.151515151515152,0.212121212121212,0.848484848484849,1.24242424242424,0.0909090909090909,0.272727272727273,2.18181818181818,2.42424242424242,0.121212121212121,0.515151515151515,0.0303030303030303,0,0.696969696969697,0.424242424242424,0.0303030303030303,0.818181818181818,0.0606060606060606,0,0.666666666666667,0,0.575757575757576,0.575757575757576,2.15151515151515,0.424242424242424,0.181818181818182,2.24242424242424,0.121212121212121,17.4848484848485,0.212121212121212,0.272727272727273,54327,1450,0.718837107061627,0.916666666666667,0.785714285714286,44,18.616,8.05820636897509,5.60189220255775,-63.7460539801067,986.212121212121,1168.36363636364,0,0,0,0,0,0,0,1
65535,54371,0.818181818181818,0.181818181818182,0.772727272727273,0.0909090909090909,0.0454545454545455,0.0909090909090909,2.09090909090909,2.68181818181818,0.136363636363636,0.636363636363636,0.181818181818182,0,1.90909090909091,0.272727272727273,0.0454545454545455,0.818181818181818,0.136363636363636,0.318181818181818,0.818181818181818,0,0.681818181818182,0.136363636363636,1.22727272727273,0.5,0.545454545454545,2.13636363636364,0.181818181818182,10.1363636363636,0.0909090909090909,0.0454545454545455,54371,967,0.800044248654326,44,0.785714285714286,44,14.878,7.00331838353082,4.20157781515534,14.3485663841448,271.045454545455,1170.36363636364,0,0,0,0,0,0,0,1
65535,54415,0.487179487179487,0.307692307692308,0.461538461538462,0.333333333333333,0.0256410256410256,0.128205128205128,1.51282051282051,2.33333333333333,0.128205128205128,NaN,0.0769230769230769,0,1.25641025641026,0.358974358974359,0,0.384615384615385,0.0769230769230769,0.0769230769230769,1.1025641025641,0.0256410256410256,1.20512820512821,0.564102564102564,0.461538461538462,0.666666666666667,0.794871794871795,1.74358974358974,0.282051282051282,10.7948717948718,0.128205128205128,0.0512820512820513,54415,1714,0.718303154650826,0.975,0.619047619047619,44,20.8,8.61625244676183,5.99458745184242,-24.4262800807199,1106.82051282051,1170.30769230769,0,0,0,0,0,0,0,0
65535,54459,0.565217391304348,0.0869565217391304,0.478260869565217,0.260869565217391,0.0652173913043478,0.0434782608695652,1.52173913043478,2.95652173913043,0.0434782608695652,0.673913043478261,0.108695652173913,0.0434782608695652,2.56521739130435,0.478260869565217,0.130434782608696,0.369565217391304,0,0.0217391304347826,0.847826086956522,0.0217391304347826,0.891304347826087,0.478260869565217,1.10869565217391,0.456521739130435,0.91304347826087,1.23913043478261,0.217391304347826,11.7391304347826,0.217391304347826,0.0652173913043478,54459,2022,0.66747578299832,0.958333333333333,0.71875,44,21.825,9.04144845202042,6.73254737350318,-36.6196147543172,639.847826086957,1171.30434782609,0,0,0,0,0,0,0,1
65535,54503,0.25,0.1875,0.395833333333333,0.1875,0.125,0.0416666666666667,1.08333333333333,1.52083333333333,0.0625,1.29166666666667,0.0833333333333333,0.0833333333333333,1.1875,0.583333333333333,0.0625,0.416666666666667,0.0625,0.0208333333333333,1.60416666666667,0,1.16666666666667,0.5625,0.5,0.354166666666667,0.5625,1.33333333333333,0.1875,7.39583333333333,0.375,0.104166666666667,54503,2110,0.714326290978371,0.8,0.6,44,30.707,10.278328947333,7.19290612303957,-70.2574020534543,547.083333333333,1172.89583333333,0.294117647058824,44,54810,0,0,0,0,1
65535,54547,0.253968253968254,0.206349206349206,1.12698412698413,1.26984126984127,0.333333333333333,0.0634920634920635,2.84126984126984,3.0952380952381,0.126984126984127,0.73015873015873,0.206349206349206,0.0634920634920635,0.936507936507937,0.777777777777778,0.0793650793650794,0.619047619047619,0.0634920634920635,0.0952380952380952,1.11111111111111,0.0317460317460317,0.492063492063492,0.968253968253968,2.03174603174603,0.555555555555556,0.253968253968254,NaN,0.126984126984127,22.1746031746032,0.238095238095238,0.396825396825397,54547,2769,0.820141737724898,0.91304347826087,0.715909090909091,44,28.077,12.1074100056949,6.92738062285332,-17.199126544246,930.333333333333,1172.53968253968,0,0,0,0,0,0,0,0
65535,54591,0.439024390243902,0.219512195121951,0.609756097560976,0.463414634146341,0.219512195121951,0.024390243902439,1.53658536585366,2.07317073170732,0.0731707317073171,1.1219512195122,0.024390243902439,0,1.19512195121951,0.390243902439024,0,0.634146341463415,0.121951219512195,0.0975609756097561,1.51219512195122,0.024390243902439,0.682926829268293,0.268292682926829,0.536585365853659,0.439024390243902,0.585365853658537,1.31707317073171,0.195121951219512,9.17073170731707,0.170731707317073,0.24390243902439,54591,1802,0.764387093141125,0.976190476190476,0.732142857142857,44,20.783,9.13434536323954,5.88943865830272,42.2326381626867,1416.58536585366,1179.0487804878,0,0,0,0,0,0,0,1
65535,54634,0.64,0.16,0.72,0.28,0.16,0.04,1.4,3.44,0,0.64,0.24,0,1.44,0.48,0.32,0.52,0.08,0.04,1.32,0.04,0.8,0.32,1.08,0.48,0.4,1.6,0.16,12.12,0.24,0.2,54634,1099,0.929737553264212,0.925925925925926,0.555555555555556,44,18.732,9.61882589893254,3.54187167930902,19.9027855461326,413.4,1178.4,0,0,0,0,0,0,0,1
65535,54678,0.342857142857143,0.142857142857143,0.828571428571429,0.0857142857142857,0.0571428571428571,0.0857142857142857,0.942857142857143,2.08571428571429,0.0571428571428571,0.628571428571429,0,0.0857142857142857,1.28571428571429,0.514285714285714,0.0857142857142857,0.428571428571429,0.0857142857142857,0.0571428571428571,1.11428571428571,0.0285714285714286,0.742857142857143,0.6,0.714285714285714,0.485714285714286,0.485714285714286,1.34285714285714,0.228571428571429,9.8,0.285714285714286,0.114285714285714,54678,1538,0.679398450621163,0.972222222222222,0.833333333333333,44,18.434,7.90171825985272,5.79804021291829,25.9418046866993,672.2,1178.54285714286,0,0,0,0,0,0,0,1
65535,54722,0.326530612244898,0.122448979591837,0.469387755102041,0.387755102040816,0.122448979591837,0.0816326530612245,1.63265306122449,2.14285714285714,0.0612244897959184,0.857142857142857,0.0612244897959184,0.102040816326531,1.3265306122449,0.448979591836735,0.0204081632653061,0.428571428571429,0.0204081632653061,0.102040816326531,1.53061224489796,0.0408163265306122,0.775510204081633,0.408163265306122,0.836734693877551,0.530612244897959,0.306122448979592,1.42857142857143,0.285714285714286,9.10204081632653,0.326530612244898,0.0612244897959184,54722,2154,0.919831635184594,0.875,0.510416666666667,44,27.821,13.402544953489,5.25799728062453,27.0705378828294,985.387755102041,1179.97959183673,0,0,0,0,0,0,0,1
65535,54766,0.416666666666667,0.125,0.541666666666667,0.0833333333333333,0.0416666666666667,0.0416666666666667,0.833333333333333,2.45833333333333,0,0.541666666666667,0.0833333333333333,0,3.875,0.333333333333333,0.0416666666666667,0.708333333333333,0.208333333333333,0.208333333333333,0.583333333333333,0,0.708333333333333,0.166666666666667,1.875,0.375,0.791666666666667,1.54166666666667,0.208333333333333,9.04166666666667,0.125,0.0833333333333333,54766,1055,0.814351441047475,44,0.857142857142857,44,15.25,7.39244753958853,4.29037002250238,0.922389233737019,456.208333333333,1180.375,0,0,0,0,0,0,0,1
65535,54810,0.153846153846154,0.134615384615385,0.884615384615385,0.403846153846154,0.0961538461538462,0.0961538461538462,1.90384615384615,1.32692307692308,0.0769230769230769,1.07692307692308,0.153846153846154,0,0.788461538461538,0.25,0.0192307692307692,0.442307692307692,0.134615384615385,0.0576923076923077,0.884615384615385,0,0.596153846153846,0.423076923076923,8.07692307692308,0.403846153846154,0.307692307692308,1.36538461538462,0.173076923076923,NaN,0.230769230769231,0.192307692307692,54810,2286,0.783026368824156,0.912280701754386,0.641975308641975,44,25.381,10.5668662360244,6.57246937832813,49.5553094935985,542.076923076923,1180.46153846154,0.32258064516129,44,54503,0,0,0,0,0
65535,54854,0.321428571428571,0.25,0.571428571428571,0.178571428571429,0,0.0357142857142857,0.714285714285714,3.64285714285714,0.0357142857142857,1.07142857142857,0.0357142857142857,0.0714285714285714,1.32142857142857,0.428571428571429,0.107142857142857,0.535714285714286,0.0714285714285714,0,0.535714285714286,0,0.892857142857143,0.5,1.71428571428571,0.392857142857143,0.357142857142857,1.17857142857143,0.142857142857143,8.35714285714286,0.142857142857143,0.107142857142857,54854,1231,0.737946815310964,0.96551724137931,0.666666666666667,44,16.772,7.46451068907266,5.03749126728357,39.1598699257168,42020,1183.75,0,0,0,0,0,0,0,0
65535,54898,0.26530612244898,0.122448979591837,0.693877551020408,0.489795918367347,0.0816326530612245,0,1.24489795918367,1.93877551020408,0.122448979591837,0.795918367346939,0.0612244897959184,0.0612244897959184,1.10204081632653,0.346938775510204,0.102040816326531,0.448979591836735,0.0816326530612245,0.0816326530612245,1.18367346938776,0,1.04081632653061,0.571428571428571,0.775510204081633,0.653061224489796,0.63265306122449,1.44897959183673,0.26530612244898,10.6122448979592,0.26530612244898,0.0612244897959184,54898,2154,0.70993669051492,0.942307692307692,0.7,44,23.967,9.71599453040047,6.84263975264404,-15.8699925471186,1113.55102040816,1189.4693877551,0,0,0,0,0,0,0,1
65535,54942,0.425,0.275,0.55,0.175,0.125,0.075,1.425,2.05,0.05,0.975,0.05,0.125,0.975,0.3,0.1,0.425,0.05,0.075,1.5,0.05,1.2,0.325,0.725,0.65,0.6,1.275,0.375,9.075,0.275,0.1,54942,1758,0.604961452743994,0.909090909090909,0.714285714285714,44,21.155,8.37081067851688,6.66529783663824,-25.4834161642839,594.475,1190.9,0,0,0,0,0,0,0,1
65535,54986,0.130434782608696,0.0869565217391304,0.811594202898551,0.36231884057971,0.159420289855072,0.101449275362319,2.05797101449275,1.88405797101449,0.072463768115942,0.753623188405797,0.0579710144927536,0.072463768115942,1.04347826086957,0.594202898550725,0.072463768115942,0.550724637681159,0.101449275362319,0.072463768115942,0.811594202898551,0.0289855072463768,0.579710144927536,0.623188405797101,2.47826086956522,0.565217391304348,0.188405797101449,1.34782608695652,0.130434782608696,13.3768115942029,0.333333333333333,0.130434782608696,54986,3033,0.453299052543126,0.932432432432432,0.766666666666667,44,28.168,10.1886130436618,9.08170680219421,-13.5530091818559,64.0434782608696,1192.01449275362,0,0,0,0,0,0,0,1
65535,55030,0.463414634146341,0.121951219512195,0.658536585365854,0.219512195121951,0.0731707317073171,0.0731707317073171,NaN,2.78048780487805,0.0487804878048781,1.1219512195122,0,0.024390243902439,1.21951219512195,0.585365853658537,0.195121951219512,0.707317073170732,0.24390243902439,0.0975609756097561,1.04878048780488,0,0.804878048780488,0.439024390243902,1.63414634146341,0.365853658536585,0.48780487804878,2.07317073170732,0.146341463414634,11.8048780487805,0.268292682926829,0.195121951219512,55030,1802,0.596257845401502,0.976190476190476,0.650793650793651,44,20.899,8.25589687937867,6.62777612552279,-14.1884835931139,1234.63414634146,1192.31707317073,0.259259259259259,44,55338,0,0,0,0,0
65535,55074,0.25,0.214285714285714,0.392857142857143,0.339285714285714,0.107142857142857,0.0714285714285714,1.19642857142857,2.19642857142857,0.0892857142857143,1.5,0.0714285714285714,0.0178571428571429,1.625,0.535714285714286,0.0714285714285714,0.428571428571429,0.107142857142857,0.107142857142857,1.44642857142857,0,1.625,0.607142857142857,0.678571428571429,0.714285714285714,0.625,1.875,0.142857142857143,11.7142857142857,0.321428571428571,0.196428571428571,55074,2461,0.719703126000284,0.933333333333333,0.727272727272727,44,25.745,10.3221896532434,7.16650984423446,-8.54824903845378,140.232142857143,1194.89285714286,0,0,0,0,0,0,0,1
65535,55118,0.884615384615385,0.307692307692308,1.46153846153846,0,0.230769230769231,0.115384615384615,1.19230769230769,2.80769230769231,0.0384615384615385,0.769230769230769,0.307692307692308,0.0769230769230769,1.34615384615385,0.423076923076923,0.230769230769231,0.692307692307692,0.0769230769230769,0,1.15384615384615,0,1.03846153846154,0.461538461538462,2.23076923076923,0.5,0.461538461538462,1.76923076923077,0.230769230769231,9.03846153846154,0.384615384615385,0.230769230769231,55118,1143,0.859873120791848,0.962962962962963,0.8125,44,16.474,8.17751764729339,4.17468656183268,0,613.5,1194.38461538462,0,0,0,0,0,0,0,1
65535,55162,0.166666666666667,0.0952380952380952,0.452380952380952,0.0952380952380952,0.0714285714285714,0.0714285714285714,1.38095238095238,2.4047619047619,0.0714285714285714,0.833333333333333,0.0714285714285714,0.0238095238095238,1.21428571428571,0.333333333333333,0.0952380952380952,0.404761904761905,0.0476190476190476,0.0714285714285714,0.833333333333333,0,0.857142857142857,0.547619047619048,0.523809523809524,0.30952380952381,0.333333333333333,2.11904761904762,0.452380952380952,9.04761904761905,0.214285714285714,0.166666666666667,55162,1846,0.704049779632448,0.777777777777778,0.518518518518518,44,29.326,9.90395246969799,7.03329801967176,42.1521483088779,631.5,1196.16666666667,0,0,0,0,0,0,0,1
65535,55206,0.125,0.232142857142857,1.17857142857143,1.71428571428571,0.142857142857143,0.125,2.44642857142857,2.375,0.0357142857142857,0.535714285714286,0.107142857142857,0.0357142857142857,1.28571428571429,0.803571428571429,0.107142857142857,0.910714285714286,0.0178571428571429,0.160714285714286,0.821428571428571,0,1.19642857142857,0.464285714285714,1.58928571428571,0.732142857142857,0.357142857142857,1.76785714285714,0.25,21.0714285714286,0.321428571428571,0.160714285714286,55206,2461,0.748518876951469,0.982456140350877,0.8,44,24.703,10.5307971776265,6.983113591339,-70.3908819350715,927.25,1198.01785714286,0,0,0,0,0,0,0,1
65535,55250,0.350649350649351,0.246753246753247,0.987012987012987,0.597402597402597,0.12987012987013,0.12987012987013,3.42857142857143,2.42857142857143,0.12987012987013,0.636363636363636,0.0779220779220779,0.038961038961039,1.19480519480519,0.649350649350649,0.116883116883117,0.831168831168831,0.116883116883117,0.142857142857143,0.779220779220779,0,0.792207792207792,0.363636363636364,1.75324675324675,0.480519480519481,0.25974025974026,2.06493506493507,0.337662337662338,18.6363636363636,0.311688311688312,0.25974025974026,55250,3384,0.555861718384303,0.987179487179487,0.77,44,28.747,10.9370164952864,9.09166591631459,-51.7817114913136,305.818181818182,1198.53246753247,0,0,0,0,0,0,0,1
65535,55294,0.772727272727273,0.0909090909090909,0.25,0.181818181818182,0.0681818181818182,0.113636363636364,5.93181818181818,2.34090909090909,0.0909090909090909,1.09090909090909,0.0681818181818182,0.113636363636364,1.56818181818182,0.431818181818182,0.181818181818182,0.454545454545455,0.0681818181818182,0.0454545454545455,0.613636363636364,0.0681818181818182,1.25,0.431818181818182,0.409090909090909,0.522727272727273,0.522727272727273,1.13636363636364,0.227272727272727,8.70454545454546,0.386363636363636,0.113636363636364,55294,1934,0.82720740570306,0.916666666666667,0.698412698412698,44,22.288,10.2335615333873,5.75020451385787,-70.8672018024172,800.886363636364,1200.20454545455,0,0,0,0,0,0,0,1
65535,55338,0.25,0.0588235294117647,0.352941176470588,0.264705882352941,0.132352941176471,0.132352941176471,0.720588235294118,1.92647058823529,0.0882352941176471,1.10294117647059,0.0882352941176471,0.0147058823529412,1.22058823529412,0.441176470588235,0.0588235294117647,0.411764705882353,0.0735294117647059,0.0294117647058824,0.794117647058823,0.0147058823529412,0.882352941176471,0.411764705882353,1.08823529411765,0.632352941176471,0.279411764705882,1.88235294117647,0.147058823529412,11.2794117647059,0.147058823529412,0.102941176470588,55338,2989,0.797625270626449,0.883116883116883,0.653846153846154,44,30.732,12.5537588510356,7.57184133188612,0.134459014277458,1234.70588235294,52788,0.179487179487179,44,55030,0,0,0,0,0
65535,55382,0.211538461538462,0.230769230769231,1.21153846153846,0.75,0.0961538461538462,0.0384615384615385,1.86538461538462,3.73076923076923,0.0769230769230769,0.557692307692308,0.134615384615385,0.0192307692307692,1.23076923076923,0.826923076923077,0.0961538461538462,1.28846153846154,0.115384615384615,0.0192307692307692,0.826923076923077,0,0.75,0.5,5.96153846153846,0.461538461538462,0.307692307692308,1.76923076923077,0.346153846153846,24.9423076923077,0.346153846153846,0.288461538461538,55382,2286,0.876181365916057,0.866666666666667,0.666666666666667,44,30.699,12.6354576467105,6.09005745471881,6.09248887676512,148.634615384615,1202.57692307692,0,0,0,0,0,0,0,1
65535,55426,0.0666666666666667,0.2,0.833333333333333,0.133333333333333,0.1,0.1,0.8,2.6,0.1,0.666666666666667,0.0333333333333333,0.0666666666666667,0.566666666666667,0.2,0.0666666666666667,0.333333333333333,0.0333333333333333,0.0333333333333333,0.566666666666667,0,0.466666666666667,0.3,1.33333333333333,0.466666666666667,0.2,0.8,0.0666666666666667,7.26666666666667,0.4,0.1,55426,1319,0.743490638049084,0.967741935483871,0.75,44,17.508,7.71309077445554,5.15810124782236,-10.5843570085875,706.966666666667,1202.13333333333,0,0,0,0,0,0,0,1
65535,55470,0.828571428571429,0.157142857142857,0.557142857142857,0.314285714285714,0.114285714285714,0.0428571428571429,1.57142857142857,3.12857142857143,0.0428571428571429,1.05714285714286,0.0571428571428571,0.0571428571428571,2.08571428571429,0.414285714285714,0.157142857142857,0.957142857142857,0.0857142857142857,0.128571428571429,0.942857142857143,0,1.27142857142857,0.357142857142857,0.985714285714286,0.814285714285714,0.871428571428571,1.57142857142857,0.228571428571429,10.9428571428571,0.357142857142857,0.157142857142857,55470,3077,0.868654872980122,0.843373493975904,0.454545454545455,44,36.819,14.5166286305706,7.19179497558201,31.3333504912375,39778,1201.14285714286,0,0,0,0,0,0,0,0
65535,55514,0.222222222222222,0.203703703703704,1.09259259259259,1.57407407407407,0.111111111111111,0.111111111111111,2.68518518518519,2.01851851851852,0.037037037037037,0.666666666666667,0.0925925925925926,0.037037037037037,1.18518518518519,0.462962962962963,0.148148148148148,0.444444444444444,0.0555555555555556,0.0555555555555556,0.944444444444444,0.0185185185185185,0.740740740740741,0.555555555555556,1.96296296296296,0.407407407407407,0.166666666666667,1.96296296296296,0.277777777777778,19.2777777777778,0.277777777777778,0.259259259259259,55514,2374,0.756214164484092,0.857142857142857,0.675,44,27.242,10.806421247109,7.07090276171977,64.8214142696051,340.407407407407,1203.94444444444,0,0,0,0,0,0,0,1
65535,55558,0.338461538461538,0.184615384615385,0.815384615384615,0.323076923076923,0.0461538461538462,0.0615384615384615,1.33846153846154,2.41538461538462,0.0923076923076923,0.723076923076923,0.169230769230769,0.0615384615384615,1.66153846153846,0.430769230769231,0.184615384615385,0.630769230769231,0.0923076923076923,0.0923076923076923,0.738461538461539,0.0461538461538462,1.18461538461538,0.553846153846154,5.24615384615385,0.692307692307692,0.630769230769231,1.27692307692308,0.184615384615385,13.0307692307692,0.276923076923077,0.169230769230769,55558,2857,0.738623640894421,0.955882352941177,0.738636363636364,44,28.35,11.5332343466046,7.77476120648972,2.81810737964573,1362.89230769231,1204.64615384615,0,0,0,0,0,0,0,1
65535,55601,1.04761904761905,0.142857142857143,0.333333333333333,0.142857142857143,0.0952380952380952,0.238095238095238,0.619047619047619,1.80952380952381,0,0.380952380952381,0,0.0476190476190476,1.38095238095238,0.285714285714286,0.0952380952380952,0.428571428571429,0.0476190476190476,0,0.380952380952381,0.0476190476190476,0.619047619047619,0.238095238095238,1.04761904761905,0.0952380952380952,0.666666666666667,0.619047619047619,0.333333333333333,7.14285714285714,0.142857142857143,0.19047619047619,55601,923,0.751050147953125,0.954545454545455,0.75,44,14.415,6.52588470893284,4.30868381334234,5.926502083872,616.095238095238,1205.61904761905,0,0,0,0,0,0,0,1
65535,55645,0.567567567567568,0.0810810810810811,0.72972972972973,0.513513513513513,0,0.027027027027027,1.54054054054054,2.72972972972973,0.0540540540540541,1.32432432432432,0.0810810810810811,0.0540540540540541,1.40540540540541,0.486486486486487,0.0810810810810811,0.405405405405405,0.027027027027027,0.108108108108108,1.16216216216216,0.027027027027027,0.891891891891892,0.540540540540541,0.594594594594595,0.405405405405405,0.432432432432432,1.67567567567568,0.162162162162162,8.67567567567568,0.189189189189189,0.216216216216216,55645,1626,0.774748233735705,44,0.925,44,19.261,8.73494575872655,5.5228429213329,86.3050987472953,1334.94594594595,1205.59459459459,0,0,0,0,0,0,0,1
65535,55689,0.678571428571429,0.125,0.446428571428571,0.410714285714286,0.0892857142857143,0.0714285714285714,1.64285714285714,3.10714285714286,0.125,1.35714285714286,0.0535714285714286,0.0714285714285714,1.5,0.464285714285714,1.96428571428571,0.553571428571429,0.125,0.303571428571429,3.23214285714286,0,1.64285714285714,0.285714285714286,0.839285714285714,0.875,0.75,1.78571428571429,0.196428571428571,9.33928571428571,0.446428571428571,0.196428571428571,55689,2461,0.47897959192299,0.96551724137931,0.777777777777778,44,23.785,9.1086771619767,7.99583397170688,-12.0046343332974,462.053571428571,1209.48214285714,0,0,0,0,0,0,0,1
65535,55733,0.0967741935483871,0.129032258064516,0.516129032258065,0.0967741935483871,0.032258064516129,0.032258064516129,NaN,1.7741935483871,0.032258064516129,1.32258064516129,0.129032258064516,0.0967741935483871,0.806451612903226,0.225806451612903,0,0.387096774193548,0.032258064516129,0.129032258064516,1.41935483870968,0,1.51612903225806,0.387096774193548,0.612903225806452,0.32258064516129,0.32258064516129,1.58064516129032,0.258064516129032,7.2258064516129,0.290322580645161,0.0967741935483871,55733,1363,0.955215741261365,0.861111111111111,0.645833333333333,44,24.157,12.2161000465812,3.61486945807427,10.4141355502918,385.741935483871,1212.38709677419,0,0,0,0,0,0,0,0
65535,55777,0.117647058823529,1.08823529411765,1.11764705882353,0.294117647058824,0.0882352941176471,0.117647058823529,1.35294117647059,2.14705882352941,0.147058823529412,1.76470588235294,0.0588235294117647,0.0294117647058824,0.941176470588235,0.529411764705882,0.323529411764706,0.705882352941177,0.117647058823529,0.0882352941176471,1.23529411764706,0,0.558823529411765,0.352941176470588,1.41176470588235,0.352941176470588,0.264705882352941,1.11764705882353,0.235294117647059,9.67647058823529,0.411764705882353,0.0882352941176471,55777,1494,0.807886947262852,0.944444444444444,0.708333333333333,44,19.013,8.7768349805724,5.17251792233756,14.2561364765009,125.558823529412,1213.5,0,0,0,0,0,0,0,1
65535,55821,0.909090909090909,0.454545454545455,0.318181818181818,0,0.181818181818182,0,1.36363636363636,2.68181818181818,0.0454545454545455,1.18181818181818,0,0.0909090909090909,0.954545454545455,0.272727272727273,0.0909090909090909,0.545454545454545,0.0909090909090909,0,0.818181818181818,0,0.909090909090909,0.590909090909091,0.636363636363636,0.454545454545455,0.590909090909091,1.77272727272727,0.272727272727273,8.04545454545455,0.409090909090909,0.0454545454545455,55821,967,0.772022339171465,44,0.916666666666667,44,14.58,6.81009208349903,4.32846317677141,10.0735128731596,1256.68181818182,1214.63636363636,0,0,0,0,0,0,0,1
65535,55865,0.516129032258065,0.032258064516129,1.2258064516129,1.87096774193548,0.32258064516129,0.0645161290322581,2.83870967741936,3.38709677419355,0.0967741935483871,0.516129032258065,0.161290322580645,0.0967741935483871,1.93548387096774,0.806451612903226,0.0645161290322581,1.29032258064516,0.258064516129032,0.0645161290322581,0.67741935483871,0.0645161290322581,0.612903225806452,0.451612903225806,4.03225806451613,0.548387096774194,0.161290322580645,1.90322580645161,0.258064516129032,28.9677419354839,0.258064516129032,0.258064516129032,55865,1363,0.602985504893463,0.96875,0.738095238095238,44,17.417,7.1837166588735,5.73082535584199,58.282525588539,667.645161290323,1220.61290322581,0,0,0,0,0,0,0,1
65535,55909,0.272727272727273,0.136363636363636,0.75,0.818181818181818,0.136363636363636,0.272727272727273,2.90909090909091,2.31818181818182,0.0454545454545455,0.409090909090909,0.113636363636364,0.0227272727272727,1.27272727272727,0.727272727272727,0.0454545454545455,0.909090909090909,0.0909090909090909,0.0909090909090909,0.818181818181818,0,0.568181818181818,0.522727272727273,1.86363636363636,0.477272727272727,0.113636363636364,1.95454545454545,0.272727272727273,21.9545454545455,0.409090909090909,0.431818181818182,55909,1934,0.833636955965369,0.977777777777778,0.698412698412698,44,22.47,10.2546771714838,5.66378943016072,-33.5355563829628,40.3636363636364,1222.84090909091,0.285714285714286,44,56085,0,0,0,0,1
65535,55953,0.206349206349206,0.0793650793650794,NaN,0.523809523809524,0.174603174603175,0.0634920634920635,1.87301587301587,2.79365079365079,0.158730158730159,0.761904761904762,0.0793650793650794,0.0634920634920635,1.0952380952381,0.492063492063492,0.111111111111111,0.73015873015873,0.126984126984127,0.0634920634920635,0.841269841269841,0.0476190476190476,1.06349206349206,0.444444444444444,6.6031746031746,0.46031746031746,0.222222222222222,1.14285714285714,0.0952380952380952,16.0793650793651,0.333333333333333,0.206349206349206,55953,2769,0.672330229708541,0.954545454545455,0.715909090909091,44,26.779,10.6284550942957,7.86772823945612,88.6153293291325,99.9206349206349,1225.42857142857,0,0,0,0,0,0,0,0
65535,55997,0.269230769230769,0.269230769230769,0.769230769230769,0.153846153846154,0.115384615384615,0.115384615384615,0.923076923076923,1.30769230769231,0,0.846153846153846,0.0384615384615385,0.0384615384615385,0.576923076923077,0.423076923076923,0.384615384615385,0.461538461538462,0.0769230769230769,0.0384615384615385,0.961538461538462,0,0.961538461538462,0.423076923076923,0.461538461538462,0.653846153846154,0.5,1.65384615384615,0.230769230769231,6.15384615384615,0.423076923076923,0.115384615384615,55997,1143,0.840952260828088,0.962962962962963,0.619047619047619,44,16.863,8.06715740489899,4.36521404888143,40.2639948159257,1397.42307692308,1225.80769230769,0,0,0,0,0,0,0,1
65535,56041,0.25,0.321428571428571,0.928571428571429,0.178571428571429,0.107142857142857,0.142857142857143,1.07142857142857,2.25,0.107142857142857,0.75,0.214285714285714,0,2.67857142857143,0.642857142857143,0.0357142857142857,0.464285714285714,0.25,0,1.07142857142857,0,0.571428571428571,0.428571428571429,5.71428571428571,0.392857142857143,0.142857142857143,1.39285714285714,0.178571428571429,9.17857142857143,0.25,0.107142857142857,56041,1231,0.879382827005806,0.848484848484849,0.518518518518518,44,19.493,9.14300403447161,4.35312472974422,-24.3815136447143,1261.60714285714,1228.32142857143,0,0,0,0,0,0,0,1
65535,56085,0.0943396226415094,0.188679245283019,0.981132075471698,1.35849056603774,0.30188679245283,0.113207547169811,2.9811320754717,3.0377358490566,0.0188679245283019,0.566037735849057,0.132075471698113,0.0566037735849057,1.54716981132075,0.452830188679245,0.0943396226415094,1.0377358490566,0.113207547169811,0.132075471698113,0.509433962264151,0.0188679245283019,0.433962264150943,0.69811320754717,3.47169811320755,0.60377358490566,0.30188679245283,2.0188679245283,0.169811320754717,29.5283018867925,0.30188679245283,0.320754716981132,56085,2330,0.848074237677973,0.946428571428571,0.6625,44,25.29,11.5515248929241,6.12089228538536,61.2640241650387,41.6981132075472,1231.81132075472,0.28125,44,55909,0,0,0,0,1
65535,56129,0.660714285714286,0.196428571428571,0.910714285714286,0.25,0.125,0.0535714285714286,1.98214285714286,2.25,0.0535714285714286,1.01785714285714,0.0714285714285714,0.0535714285714286,1.05357142857143,0.392857142857143,0.0178571428571429,0.553571428571429,0.178571428571429,0.142857142857143,1.125,0.0357142857142857,0.642857142857143,0.482142857142857,1.55357142857143,0.642857142857143,0.410714285714286,1.51785714285714,0.392857142857143,13.8392857142857,0.285714285714286,0.178571428571429,56129,2461,0.686643913395593,0.96551724137931,0.7,44,24.546,10.0523799327235,7.3080189300094,17.7249731975944,1155.41071428571,1229.92857142857,0,0,0,0,0,0,0,1
65535,56173,0.2,0.1,0.7,0.1,0.05,0.1,1.2,2.5,0,0.8,0.05,0.1,0.85,0.55,0.05,0.4,0.15,0,0.6,0,1.25,0.25,0.55,0.45,0.3,0.95,0.25,NaN,0.25,0.1,56173,879,0.720090395048634,0.909090909090909,0.666666666666667,44,14.142,6.32497547994773,4.38877566580096,4.21348451074034,1232.3,1232.15,0,0,0,0,0,0,0,0
65535,56217,0.424242424242424,0.0909090909090909,0.636363636363636,0.333333333333333,0.0909090909090909,0.0606060606060606,1.24242424242424,2.27272727272727,0.0303030303030303,1.3030303030303,0.0909090909090909,0.0303030303030303,1.21212121212121,0.606060606060606,0.0606060606060606,0.515151515151515,0.0606060606060606,0.121212121212121,0.939393939393939,0.0303030303030303,1.3030303030303,0.393939393939394,0.939393939393939,0.636363636363636,0.666666666666667,1.42424242424242,0.242424242424242,9.93939393939394,0.333333333333333,0.0909090909090909,56217,1450,0.460445488638285,44,0.785714285714286,44,17.417,6.97085124374047,6.18794086790247,-10.7944895369166,317.090909090909,1236.69696969697,0,0,0,0,0,0,0,1
65535,56261,0.217391304347826,0.195652173913043,NaN,0.608695652173913,0.260869565217391,0.0434782608695652,1.80434782608696,1.73913043478261,0.0434782608695652,0.630434782608696,0.0869565217391304,0.0434782608695652,1.08695652173913,0.391304347826087,0.130434782608696,0.565217391304348,0.152173913043478,0.0652173913043478,1.04347826086957,0.0434782608695652,0.782608695652174,0.326086956521739,2.71739130434783,0.456521739130435,0.565217391304348,1.26086956521739,0.260869565217391,12.5869565217391,0.260869565217391,0.173913043478261,56261,2022,0.765627331137867,0.766666666666667,0.464646464646465,44,32.022,10.6738939926561,6.86634924824557,-38.4428860180478,480.5,1237.15217391304,0.305555555555556,44,56481,0,0,0,0,0
65535,56305,0.240963855421687,0.144578313253012,0.421686746987952,0.120481927710843,0.120481927710843,0.0240963855421687,6.57831325301205,3.1566265060241,0.156626506024096,0.987951807228916,0.0843373493975904,0.072289156626506,1.97590361445783,0.481927710843373,5.79518072289157,0.710843373493976,0.0963855421686747,0.578313253012048,0.686746987951807,0.0602409638554217,1.08433734939759,0.530120481927711,1.40963855421687,0.746987951807229,1.48192771084337,3.62650602409639,0.289156626506024,15.1325301204819,0.746987951807229,0.120481927710843,56305,3648,0.807149684658032,0.902173913043478,0.709401709401709,44,32.485,13.6498769126264,8.05816164462925,-3.77001025228395,199.036144578313,1240.22891566265,0.275,44,56744,0,0,0,0,1
65535,56349,0.46,0.08,0.78,0.14,0.26,0.2,1.22,1.84,0.08,0.88,0.1,0.02,1.14,0.44,0.06,0.54,0.14,0.04,1.2,0,0.84,0.4,0.76,0.38,0.36,NaN,0.12,8.68,0.3,0.16,56349,2198,0.448424135951814,44,0.892857142857143,44,22.445,8.56952894117699,7.65962403731389,77.3782914377246,1349.18,1238.76,0,0,0,0,0,0,0,0
65535,56393,0.346153846153846,0.0384615384615385,0.615384615384615,0.269230769230769,0.115384615384615,0.0384615384615385,1.46153846153846,2.23076923076923,0.153846153846154,0.923076923076923,0.0384615384615385,0.0384615384615385,1.11538461538462,0.461538461538462,0.0769230769230769,0.846153846153846,0.0384615384615385,0.192307692307692,0.807692307692308,0.0769230769230769,0.923076923076923,0.423076923076923,0.538461538461538,0.384615384615385,0.730769230769231,1.73076923076923,0.346153846153846,12.0384615384615,0.346153846153846,0.230769230769231,56393,1143,0.670915341148193,0.962962962962963,0.742857142857143,44,15.639,6.78513185796681,5.03140565540237,20.1373930281856,705.884615384615,1241.03846153846,0,0,0,0,0,0,0,1
65535,56437,0.727272727272727,0.181818181818182,0.295454545454545,0.0454545454545455,0.0454545454545455,0.136363636363636,1.40909090909091,3.75,0.0681818181818182,1.15909090909091,0,0.0227272727272727,2.09090909090909,0.613636363636364,0.0681818181818182,1.11363636363636,0.159090909090909,0.159090909090909,0.863636363636364,0.0227272727272727,1.36363636363636,0.204545454545455,0.409090909090909,0.75,0.613636363636364,1.18181818181818,0.204545454545455,7.95454545454545,0.136363636363636,0.0681818181818182,56437,1934,0.696032297792317,0.977777777777778,0.814814814814815,44,21.519,8.93580820519341,6.41600388284494,10.2550997182994,37.8181818181818,1242.54545454545,0,0,0,0,0,0,0,1
65535,56481,0,0.148148148148148,1.07407407407407,0.777777777777778,0.0740740740740741,0.037037037037037,3.18518518518519,3.07407407407407,0.148148148148148,0.37037037037037,0.222222222222222,0.037037037037037,1.37037037037037,0.666666666666667,0.037037037037037,NaN,0,0,0.666666666666667,0,0.666666666666667,0.740740740740741,2.77777777777778,0.666666666666667,0.407407407407407,NaN,0.333333333333333,22.962962962963,0.259259259259259,0.37037037037037,56481,1187,0.723201078321996,44,0.675,44,16.863,7.21745153338037,4.98464291281167,-8.42919938386915,483.555555555556,1242.88888888889,0.7,88,56261,57228,0,0,0,0
65535,56524,0.455882352941176,0.220588235294118,0.426470588235294,0.161764705882353,0.0588235294117647,0,0.955882352941177,2.16176470588235,0.0588235294117647,1.33823529411765,0.176470588235294,0.0147058823529412,1.38235294117647,0.441176470588235,0.147058823529412,0.588235294117647,0.0735294117647059,0.161764705882353,1.36764705882353,0.0588235294117647,1.58823529411765,0.470588235294118,0.808823529411765,0.617647058823529,0.852941176470588,1.39705882352941,0.161764705882353,9.88235294117647,0.279411764705882,0.147058823529412,56524,2989,0.718723107474656,0.971428571428571,0.686868686868687,44,27.73,11.3345498773159,7.88087181439925,-24.990497527557,61052,1241.42647058824,0.142857142857143,44,56920,0,0,0,0,0
65535,56568,0.2,0.138461538461538,0.476923076923077,0.846153846153846,0.0461538461538462,0.0615384615384615,2.06153846153846,3.21538461538462,0.0769230769230769,0.538461538461538,0.0923076923076923,0.0153846153846154,0.830769230769231,0.769230769230769,0.0153846153846154,0.738461538461539,0.0307692307692308,0.0769230769230769,0.446153846153846,0.0307692307692308,0.876923076923077,0.323076923076923,2.21538461538462,0.307692307692308,0.184615384615385,1.18461538461538,0.215384615384615,14.8615384615385,0.153846153846154,0.246153846153846,56568,2857,0.868901540231975,0.915492957746479,0.714285714285714,44,29.02,13.1717346772451,6.51981059901986,3.39546637957136,156.230769230769,1244.83076923077,0,0,0,0,0,0,0,1
65535,56612,0.409090909090909,0.0454545454545455,0.727272727272727,0.272727272727273,0.136363636363636,0,1.81818181818182,1.59090909090909,0.0454545454545455,0.454545454545455,0.0454545454545455,0.0454545454545455,1.09090909090909,0.5,0.0909090909090909,0.545454545454545,0.136363636363636,0.0909090909090909,0.818181818181818,0.0454545454545455,0.681818181818182,0.181818181818182,1.54545454545455,0.772727272727273,0.272727272727273,NaN,0.136363636363636,13.0454545454545,0.136363636363636,0.181818181818182,56612,967,0.553948901063778,0.956521739130435,0.733333333333333,44,14.696,6.05963841617037,5.0449560120326,47.0188553104886,743.272727272727,1245.45454545455,0,0,0,0,0,0,0,0
65535,56656,0.516666666666667,0.283333333333333,1.25,0.633333333333333,0.166666666666667,0.116666666666667,1.96666666666667,3.01666666666667,0.0666666666666667,1.05,0.0666666666666667,0.0166666666666667,1.83333333333333,0.65,0.133333333333333,1.03333333333333,0.0666666666666667,0.116666666666667,0.783333333333333,0,1.43333333333333,0.433333333333333,6.18333333333333,0.583333333333333,0.3,1.88333333333333,0.25,15.1333333333333,0.466666666666667,0.366666666666667,56656,2637,0.715488971839906,0.9375,0.75,44,27.498,10.8411197048109,7.5738667059365,8.10699348805657,915.75,1246.3,0.419354838709677,44,56876,0,0,0,0,1
65535,56700,0.390243902439024,0.0975609756097561,0.951219512195122,0.861788617886179,0.268292682926829,0.0975609756097561,NaN,2.59349593495935,0.138211382113821,0.991869918699187,0.154471544715447,0.024390243902439,1.17073170731707,0.552845528455285,0.024390243902439,0.739837398373984,0.0894308943089431,0.130081300813008,0.951219512195122,0.00813008130081301,0.975609756097561,0.447154471544715,4.71544715447155,0.471544715447154,0.317073170731707,1.84552845528455,0.252032520325203,19.7479674796748,0.268292682926829,0.252032520325203,56700,5406,0.78341202472189,0.798701298701299,0.602941176470588,44,48.215,17.9201015111119,11.1373913784793,12.1412926540995,1107.82926829268,1243.92682926829,0,0,0,0,0,0,0,0
65535,56744,0.409090909090909,0,0.227272727272727,0,0,0.0454545454545455,4.5,4.59090909090909,0.0454545454545455,1.22727272727273,0,0,1.59090909090909,1.22727272727273,3.5,0.590909090909091,0.0909090909090909,0.409090909090909,0.818181818181818,0,0.727272727272727,0.318181818181818,0.909090909090909,1.04545454545455,1.81818181818182,4.40909090909091,0.318181818181818,10.2272727272727,0.636363636363636,0.0454545454545455,56744,967,0.728238040108935,44,0.916666666666667,44,14.026,6.5057719657642,4.4585634321817,0,197.727272727273,1246.5,0.5625,44,56305,0,0,0,0,1
65535,56788,0.146341463414634,0.121951219512195,0.634146341463415,0.560975609756098,0.195121951219512,0.0487804878048781,1.63414634146341,2.39024390243902,0.024390243902439,0.48780487804878,0.121951219512195,0,0.75609756097561,0.439024390243902,0.0487804878048781,0.560975609756098,0.0731707317073171,0.024390243902439,0.951219512195122,0,0.51219512195122,0.268292682926829,1.1219512195122,0.51219512195122,0.195121951219512,1.09756097560976,0.121951219512195,9.65853658536585,0.170731707317073,0.292682926829268,56788,1802,0.431374615842652,44,0.836734693877551,44,20.022,7.71667853613116,6.96177825036765,51.9584387166507,443.756097560976,1247.12195121951,0,0,0,0,0,0,0,1
65535,56832,0.764705882352941,0.176470588235294,0.441176470588235,0.235294117647059,0.0588235294117647,0,0.852941176470588,2.17647058823529,0.0294117647058824,0.617647058823529,0.176470588235294,0,2.82352941176471,0.441176470588235,0.117647058823529,0.588235294117647,0.0588235294117647,0.0294117647058824,0.735294117647059,0,0.382352941176471,0.323529411764706,0.411764705882353,0.470588235294118,0.5,NaN,0.235294117647059,10.6176470588235,0.205882352941176,0.117647058823529,56832,1494,0.843206624070754,0.971428571428571,0.708333333333333,44,19.013,9.1362323639562,4.91154359632533,24.9928510184378,1010.61764705882,1246.82352941176,0,0,0,0,0,0,0,0
65535,56876,0.333333333333333,0.159420289855072,1.30434782608696,0.63768115942029,0.246376811594203,0.130434782608696,2.42028985507246,2.15942028985507,0.144927536231884,0.681159420289855,0.144927536231884,0.0144927536231884,1.40579710144928,0.565217391304348,0.0869565217391304,0.710144927536232,0.0869565217391304,0.0579710144927536,1.11594202898551,0,0.826086956521739,0.492753623188406,3.57971014492754,0.333333333333333,0.27536231884058,1.46376811594203,0.144927536231884,17.5652173913043,0.304347826086957,0.231884057971015,56876,3033,0.792129806411814,0.92,0.71875,44,29.392,12.3467522444216,7.53587307701852,-74.3534467733635,923.536231884058,1247.34782608696,0.416666666666667,44,56656,0,0,0,0,1
65535,56920,0.536585365853659,0.0731707317073171,0.48780487804878,0.24390243902439,0.121951219512195,0.0487804878048781,0.975609756097561,2.14634146341463,0.0487804878048781,0.878048780487805,0.0731707317073171,0,1.26829268292683,0.48780487804878,0.121951219512195,0.317073170731707,0.024390243902439,0.0487804878048781,1.51219512195122,0,0.829268292682927,0.292682926829268,0.463414634146341,0.341463414634146,0.560975609756098,1.68292682926829,0.268292682926829,9.95121951219512,0.24390243902439,0.0731707317073171,56920,1802,0.866974459915579,0.976190476190476,0.82,44,21.8,10.3619566811523,5.16390776129021,8.20010894626168,1396.36585365854,1248.14634146341,0.192307692307692,44,56524,0,0,0,0,1
65535,56964,0.528301886792453,0.226415094339623,0.584905660377358,0.207547169811321,0.0754716981132075,0.132075471698113,1.32075471698113,2.60377358490566,0.0188679245283019,0.69811320754717,0.0377358490566038,0,1.56603773584906,0.547169811320755,0.113207547169811,0.566037735849057,0.0566037735849057,0.0566037735849057,1.11320754716981,0.0188679245283019,0.622641509433962,0.30188679245283,2.77358490566038,0.283018867924528,0.339622641509434,1.16981132075472,0.188679245283019,9.54716981132075,0.452830188679245,0.188679245283019,56964,2330,0.924068035417485,0.815384615384615,0.504761904761905,44,33.147,14.2384128280739,5.44232046701291,-14.0616383638205,1193.22641509434,1250.32075471698,0,0,0,0,0,0,0,1
65535,57008,0.528301886792453,0.207547169811321,0.490566037735849,0.30188679245283,0.132075471698113,0.169811320754717,1.07547169811321,1.60377358490566,0.0566037735849057,1.09433962264151,0.132075471698113,0.188679245283019,1.0188679245283,0.283018867924528,0.207547169811321,0.509433962264151,0.132075471698113,0.132075471698113,1.30188679245283,0,0.886792452830189,0.471698113207547,0.528301886792453,0.641509433962264,0.452830188679245,1.86792452830189,0.226415094339623,8.18867924528302,0.339622641509434,0.207547169811321,57008,2330,0.948328463487953,0.746478873239437,0.473214285714286,44,35.297,16.1120848925882,5.11220801724292,-12.5122469443115,245.471698113208,1250.37735849057,0,0,0,0,0,0,0,1
65535,57052,0.7,0.25,0.75,0,0,0.1,0.85,1.85,0.05,1.7,0.05,0,1.25,0.15,0.1,0.6,0.05,0,1.2,0,0.8,0.45,0.75,0.4,0.4,2.2,0.15,8.75,0.2,0.05,57052,879,0.708665225942011,44,0.833333333333333,44,13.654,6.16173336306476,4.34737951289754,10.8337444683339,1017.95,1251.6,0,0,0,0,0,0,0,1
65535,57096,0.08,0.32,0.44,0.2,0.04,0.04,1.16,2.04,0.16,1.96,0.12,0.12,0.88,0.52,0.12,0.44,0.16,0.08,0.92,0,1.16,0.56,0.4,0.68,0.44,1.68,0.28,7.2,0.28,0.12,57096,1099,0.587133168281951,0.961538461538462,0.833333333333333,44,15.159,6.40208661061387,5.18242739426856,58.7003744114362,1355.92,1250.6,0,0,0,0,0,0,0,1
65535,57140,0.19047619047619,0.19047619047619,1.28571428571429,0.142857142857143,0.0476190476190476,0.142857142857143,1.0952380952381,2.33333333333333,0,0.714285714285714,0.238095238095238,0,2.23809523809524,0.476190476190476,0.0952380952380952,0.19047619047619,0.0476190476190476,0,1.04761904761905,0.0476190476190476,0.857142857142857,0.714285714285714,6.52380952380952,0.19047619047619,0.142857142857143,1.95238095238095,0.19047619047619,13.0952380952381,0.142857142857143,0.238095238095238,57140,923,0.675413379561587,44,0.7,44,13.77,6.18828066155711,4.56348155027431,32.7287825590093,1068.90476190476,1252.28571428571,0,0,0,0,0,0,0,1
65535,57184,0.308510638297872,0.212765957446809,1.0531914893617,0.329787234042553,0.0851063829787234,0.0531914893617021,2.54255319148936,2.72340425531915,0.117021276595745,0.712765957446808,0.106382978723404,0.0106382978723404,1.53191489361702,0.574468085106383,0.468085106382979,0.787234042553192,0.148936170212766,0.106382978723404,1.11702127659574,0.0106382978723404,0.872340425531915,0.340425531914894,2.23404255319149,0.51063829787234,0.234042553191489,1.19148936170213,0.191489361702128,14.1702127659574,0.276595744680851,0.329787234042553,57184,4132,0.860115312474312,0.94949494949495,0.734375,44,35.661,15.6865793726088,8.00171859103663,4.58405938588697,1262.98936170213,1251.79787234043,0,0,0,0,0,0,0,1
65535,57228,0.375,0.2,0.725,0.15,0.15,0.125,1.25,2.425,0.075,0.775,0.2,0.075,1.275,0.2,0.025,0.35,0.075,0.1,0.575,0.1,0.675,0.325,0.75,0.525,0.6,1.625,0.225,10.35,0.375,0.225,57228,1758,0.788748300240054,0.930232558139535,0.740740740740741,44,21.825,9.33482413380738,5.73826847207012,77.2374285103985,488.1,1251.05,0.037037037037037,44,56481,0,0,0,0,1
65535,57272,1.21875,0.21875,0.625,0.125,0.15625,0.0625,1.21875,3.4375,0.03125,0.65625,0.03125,0,2.28125,0.28125,0.03125,0.5625,0.125,0.03125,0.84375,0.09375,0.65625,0.46875,0.96875,0.375,0.90625,1.625,0.125,10.8125,0.4375,0.1875,57272,1407,0.771993108421247,44,0.8,44,17.508,8.08012436733972,5.13597672064327,12.9532539997572,761.5,55162,0,0,0,0,0,0,0,0
65535,57316,0.647727272727273,0.102272727272727,0.363636363636364,0.215909090909091,0.0909090909090909,0.0340909090909091,1.22727272727273,2.85227272727273,0.0340909090909091,1.40909090909091,0.0454545454545455,0.0227272727272727,1.46590909090909,0.443181818181818,0.0454545454545455,0.5,0.0681818181818182,0.0795454545454545,0.465909090909091,0.0227272727272727,1.53409090909091,0.340909090909091,0.556818181818182,0.704545454545455,0.511363636363636,1.61363636363636,0.25,8.44318181818182,0.284090909090909,0.136363636363636,57316,3868,0.623169053464877,0.936170212765957,0.733333333333333,44,32.775,12.2006818063524,9.54199662273546,30.4018879136363,778.477272727273,1257.11363636364,0,0,0,0,0,0,0,1
65535,57360,0.236363636363636,0.327272727272727,0.490909090909091,0.290909090909091,0.109090909090909,0.127272727272727,1.56363636363636,2.27272727272727,0.0727272727272727,1.4,0.0909090909090909,0.0363636363636364,1.34545454545455,0.327272727272727,0.109090909090909,0.418181818181818,0.127272727272727,0.109090909090909,1.34545454545455,0.0545454545454545,1.10909090909091,0.490909090909091,0.4,0.363636363636364,0.418181818181818,1.70909090909091,0.254545454545455,9.14545454545454,0.2,0.0727272727272727,57360,2417,0.788902643906946,0.887096774193548,0.625,44,28.276,11.1053693923441,6.82445161207785,-0.43827259485846,864.709090909091,1255.56363636364,0,0,0,0,0,0,0,1
65535,57404,0.619047619047619,0.0476190476190476,0.333333333333333,0.285714285714286,0.0476190476190476,0.0476190476190476,1.0952380952381,1.38095238095238,0.0952380952380952,1.66666666666667,0.19047619047619,0.0476190476190476,NaN,0.285714285714286,0.0476190476190476,0.428571428571429,0.19047619047619,0.0952380952380952,1.71428571428571,0,1.23809523809524,0.19047619047619,0.285714285714286,0.523809523809524,0.333333333333333,1.76190476190476,0.0952380952380952,6.14285714285714,0.333333333333333,0.0952380952380952,57404,923,0.901548795567534,0.84,0.5,44,17.971,8.57035929076004,3.70820113885966,43.7809356975501,352.428571428571,1258.2380952381,0,0,0,0,0,0,0,0
65535,57448,1.30769230769231,0.256410256410256,0.782051282051282,0.205128205128205,0.153846153846154,0.0641025641025641,3.05128205128205,NaN,0.0512820512820513,1.12820512820513,0.0897435897435897,0.0128205128205128,1.67948717948718,0.358974358974359,0.141025641025641,0.858974358974359,0.128205128205128,0.0641025641025641,0.807692307692308,0.0641025641025641,1.06410256410256,0.487179487179487,0.717948717948718,0.628205128205128,0.961538461538462,2.05128205128205,0.230769230769231,13.4358974358974,0.423076923076923,0.179487179487179,57448,3428,0.766390340972915,0.75,0.541666666666667,44,42.211,13.9413628121127,8.95558515704824,-6.02345621342702,728.038461538462,1260.30769230769,0,0,0,0,0,0,0,0
65535,57491,0.14406779661017,0.127118644067797,0.694915254237288,0.576271186440678,0.152542372881356,0.0423728813559322,2.30508474576271,2.83898305084746,0.0677966101694915,0.805084745762712,0.161016949152542,0.0338983050847458,1.21186440677966,0.474576271186441,0.0593220338983051,1.01694915254237,0.14406779661017,0.14406779661017,0.864406779661017,0.0169491525423729,0.703389830508475,0.466101694915254,1.96610169491525,0.389830508474576,0.186440677966102,1.6271186440678,0.177966101694915,16.0677966101695,0.279661016949153,0.203389830508475,57491,5187,0.821671812494864,0.887218045112782,0.567307692307692,44,41.5,16.8848549482645,9.62370719707843,55.4914842706461,396.771186440678,1260.08474576271,0.0377358490566038,44,57755,0,0,0,0,1
65535,57535,0.19047619047619,0.0476190476190476,0.80952380952381,0.571428571428571,0.0952380952380952,0.142857142857143,1.0952380952381,1.61904761904762,0.142857142857143,0.666666666666667,0.285714285714286,0,1.23809523809524,0.380952380952381,0.0476190476190476,0.285714285714286,0.0476190476190476,0.142857142857143,0.904761904761905,0,0.761904761904762,0.428571428571429,0.571428571428571,0.333333333333333,0.666666666666667,1.19047619047619,0.285714285714286,10.1904761904762,0.142857142857143,0.0952380952380952,57535,923,0.646655222557764,44,0.7,44,13.861,6.07204972437992,4.63165279457672,31.114450021851,450.809523809524,1265.7619047619,0,0,0,0,0,0,0,1
65535,57579,0.692307692307692,0.269230769230769,0.269230769230769,0.192307692307692,0.0769230769230769,0.0769230769230769,1.53846153846154,2.07692307692308,0.0769230769230769,1.42307692307692,0.192307692307692,0.0769230769230769,1.96153846153846,0.269230769230769,0.0769230769230769,0.461538461538462,0.115384615384615,0.0384615384615385,1.23076923076923,0,2.03846153846154,0.692307692307692,2.42307692307692,0.384615384615385,0.730769230769231,1.69230769230769,0.192307692307692,11.1153846153846,0.346153846153846,0.192307692307692,57579,1143,0.586605846892374,0.838709677419355,0.722222222222222,44,18.269,6.70543230282983,5.43054569517223,37.5992204941184,481.692307692308,1266.73076923077,0,0,0,0,0,0,0,1
65535,57623,0.232558139534884,0.13953488372093,0.829457364341085,0.604651162790698,0.147286821705426,0.131782945736434,1.72868217054264,2.63565891472868,0.0697674418604651,0.589147286821705,0.116279069767442,0.0310077519379845,1.06976744186047,0.503875968992248,0.0542635658914729,0.953488372093023,0.0930232558139535,0.0852713178294574,0.511627906976744,0.0232558139534884,0.503875968992248,0.294573643410853,2.97674418604651,0.449612403100775,0.116279069767442,1.31007751937985,0.131782945736434,12.0852713178295,0.24031007751938,0.178294573643411,57623,5670,0.775498620354255,0.895833333333333,0.583710407239819,44,42.716,16.9001151366537,10.6698752085434,-14.0176796193987,1186.86821705426,1267.37984496124,0,0,0,0,0,0,0,1
65535,57667,0.173333333333333,0.16,0.933333333333333,1.09333333333333,0.186666666666667,0.0666666666666667,2.72,1.73333333333333,0.12,0.653333333333333,0.173333333333333,0.0266666666666667,1.08,0.493333333333333,0.0533333333333333,0.653333333333333,0.133333333333333,0.0533333333333333,1.18666666666667,0.0133333333333333,0.786666666666667,0.386666666666667,1.69333333333333,0.4,0.186666666666667,1.54666666666667,0.266666666666667,15.88,0.346666666666667,0.173333333333333,57667,3297,0.775650629080113,0.9375,0.625,44,30.815,12.6120219684227,7.96023531765657,-28.3287852022651,853.906666666667,1268.05333333333,0,0,0,0,0,0,0,1
65535,57711,0.318181818181818,0.227272727272727,0.636363636363636,0.909090909090909,0.0909090909090909,0.136363636363636,2.59090909090909,2.63636363636364,0.0454545454545455,1.22727272727273,0.0909090909090909,0.136363636363636,1.40909090909091,0.363636363636364,0.227272727272727,0.636363636363636,0.0909090909090909,0.0909090909090909,1.27272727272727,0.0454545454545455,1.36363636363636,0.454545454545455,1.77272727272727,0.727272727272727,0.272727272727273,2.22727272727273,0.318181818181818,18.9545454545455,0.5,0.0454545454545455,57711,967,0.411310516617717,0.916666666666667,0.611111111111111,44,15.085,5.83507596719152,5.31864424561127,33.3359394659698,1117.86363636364,1268.45454545455,0.777777777777778,44,57887,0,0,0,0,1
65535,57755,0.333333333333333,0.148148148148148,0.555555555555556,0.0740740740740741,0.037037037037037,0.0740740740740741,1.55555555555556,2.14814814814815,0.0740740740740741,1.11111111111111,0.0740740740740741,0.037037037037037,1.25925925925926,0.259259259259259,0.037037037037037,0.444444444444444,0,0.148148148148148,0.925925925925926,0,0.703703703703704,0.37037037037037,0.814814814814815,0.222222222222222,0.407407407407407,1.66666666666667,0.148148148148148,7.77777777777778,0.222222222222222,0.333333333333333,57755,1187,0.636942679305727,0.964285714285714,0.75,44,15.829,6.83493805486615,5.26913005395687,30.1440189244127,388.592592592593,1270.55555555556,0.1,44,57491,0,0,0,0,1
65535,57799,0.575342465753425,0.232876712328767,0.465753424657534,0.136986301369863,0.0684931506849315,0.0958904109589041,1.10958904109589,2.65753424657534,0.0958904109589041,NaN,0.0547945205479452,0,1.31506849315068,0.506849315068493,0.0136986301369863,0.479452054794521,0.0958904109589041,0.10958904109589,0.904109589041096,0.0273972602739726,1.31506849315068,0.383561643835616,0.383561643835616,0.356164383561644,0.397260273972603,1.3972602739726,0.26027397260274,6.45205479452055,0.342465753424658,0.10958904109589,57799,3209,0.756094191610861,0.924050632911392,0.760416666666667,44,30.98,12.3838344231922,8.10475911055412,80.0825431697153,867.602739726027,1268.31506849315,0,0,0,0,0,0,0,0
65535,57843,0.75,0.178571428571429,0.5,0.321428571428571,0.107142857142857,0.0714285714285714,1.42857142857143,2.60714285714286,0.142857142857143,0.857142857142857,0.0714285714285714,0.0714285714285714,1.32142857142857,0.392857142857143,0.0357142857142857,0.5,0.214285714285714,0.0357142857142857,0.964285714285714,0,0.607142857142857,0.428571428571429,0.464285714285714,0.392857142857143,0.5,1.14285714285714,0.178571428571429,7.5,0.392857142857143,0.25,57843,1231,0.783684037466731,0.96551724137931,0.8,44,16.474,7.69857734372851,4.78204572378797,18.5120454470876,688.964285714286,1270.82142857143,0,0,0,0,0,0,0,1
65535,57887,0.176470588235294,0.215686274509804,0.96078431372549,0.529411764705882,0.215686274509804,0.0588235294117647,2.09803921568627,NaN,0.0980392156862745,0.666666666666667,0.196078431372549,0.0196078431372549,1.11764705882353,0.392156862745098,0.117647058823529,0.705882352941177,0.156862745098039,0.0980392156862745,1.03921568627451,0,0.607843137254902,0.490196078431373,1.80392156862745,0.490196078431373,0.215686274509804,1.68627450980392,0.176470588235294,13.5882352941176,0.333333333333333,0.254901960784314,57887,2242,0.805609294473654,0.796875,0.515151515151515,44,28.681,11.4505268902379,6.78383240011308,29.3028883467638,1113.47058823529,1272.82352941176,0.459459459459459,44,57711,0,0,0,0,0
65535,57931,2.13636363636364,0.272727272727273,0.454545454545455,0.227272727272727,0,0.136363636363636,1.86363636363636,1.95454545454545,0.136363636363636,NaN,0.181818181818182,0.0454545454545455,2.77272727272727,0.409090909090909,0.363636363636364,0.545454545454545,0.0909090909090909,0.0909090909090909,0.863636363636364,0,0.772727272727273,0.681818181818182,0.636363636363636,0.909090909090909,1.18181818181818,2.59090909090909,0.136363636363636,10.9090909090909,0.272727272727273,0.136363636363636,57931,967,0.419131203196807,44,0.88,44,13.381,5.62266174234859,5.1049589675732,-45,642.090909090909,1273.09090909091,0,0,0,0,0,0,0,0
65535,57975,0.356164383561644,0.164383561643836,0.808219178082192,0.575342465753425,0.0821917808219178,0.0273972602739726,1.93150684931507,2.76712328767123,0.0958904109589041,0.767123287671233,0.0821917808219178,0.0273972602739726,1.19178082191781,0.452054794520548,0.0821917808219178,0.452054794520548,0.0410958904109589,0.0273972602739726,0.73972602739726,0.0136986301369863,0.520547945205479,0.561643835616438,3.12328767123288,0.493150684931507,0.356164383561644,1.82191780821918,0.205479452054795,13.4657534246575,0.36986301369863,0.178082191780822,57975,3209,0.800570916744029,0.879518072289157,0.663636363636364,44,32.113,12.8992214542982,7.72970395233829,47.1749795030337,200.849315068493,1275.49315068493,0.230769230769231,44,58327,0,0,0,0,1
65535,58019,1.10714285714286,0.0714285714285714,0.285714285714286,0.285714285714286,0.142857142857143,0.107142857142857,1.28571428571429,1.71428571428571,0.0357142857142857,0.75,0.0357142857142857,0.178571428571429,3.07142857142857,0.464285714285714,0.142857142857143,0.5,0.0714285714285714,0.107142857142857,1.10714285714286,0.0357142857142857,1.35714285714286,0.392857142857143,0.535714285714286,0.428571428571429,NaN,1.82142857142857,0.107142857142857,6.53571428571429,0.392857142857143,0.214285714285714,58019,1231,0.785781182468621,0.96551724137931,0.8,44,16.565,7.75356254201679,4.79561405510676,14.7200596932606,124.892857142857,1277.67857142857,0,0,0,0,0,0,0,0
65535,58063,0.6,0.3,0.8,0,0.35,0.05,1.05,1.3,0.35,1.6,0.1,0.15,2.95,0.75,0.35,0.15,0.2,0.05,1.25,0,0.95,0.25,1.45,0.3,0.65,1.75,0.6,7.7,0.7,0.4,58063,879,0.777520529926428,0.952380952380952,0.666666666666667,44,13.224,6.52796500326228,4.10516011659103,26.9209072800958,628.5,56173,0,0,0,0,0,0,0,0
65535,58107,0.157303370786517,0.146067415730337,0.820224719101124,1.15730337078652,0.168539325842697,0.0674157303370787,NaN,2.37078651685393,0.179775280898876,0.932584269662921,0.134831460674157,0.0561797752808989,1.2247191011236,0.49438202247191,0.0561797752808989,0.775280898876405,0.0449438202247191,0.0449438202247191,1.12359550561798,0.0112359550561798,2.2247191011236,0.685393258426966,1.24719101123596,0.696629213483146,0.202247191011236,2.21348314606742,0.292134831460674,16.876404494382,0.202247191011236,0.224719101123596,58107,3912,0.596367565056679,0.978021978021978,0.741666666666667,44,31.741,12.0556822321478,9.67723458122894,-31.1517008299729,77.8988764044944,1277.92134831461,0,0,0,0,0,0,0,0
65535,58151,0.538461538461538,0.192307692307692,0.576923076923077,0.269230769230769,0.0769230769230769,0,1.5,3.19230769230769,0,1.53846153846154,0.0769230769230769,0.0769230769230769,1.42307692307692,0.384615384615385,0.538461538461538,0.653846153846154,0.0769230769230769,0.192307692307692,1.92307692307692,0.0384615384615385,1.38461538461538,0.692307692307692,0.615384615384615,0.807692307692308,0.730769230769231,2.19230769230769,0.153846153846154,12.1153846153846,0.461538461538462,0.115384615384615,58151,1143,0.775041089485152,0.962962962962963,0.742857142857143,44,16.011,7.3727564085734,4.65892469467458,6.96271976587785,431.846153846154,1278.65384615385,0,0,0,0,0,0,0,1
65535,58195,0.333333333333333,0.181818181818182,0.651515151515151,0.106060606060606,0.121212121212121,0.0606060606060606,1.24242424242424,1.95454545454545,0.0757575757575758,0.803030303030303,0.0454545454545455,0.0909090909090909,1.3030303030303,0.409090909090909,0.121212121212121,0.378787878787879,0.0909090909090909,0.121212121212121,0.878787878787879,0,0.681818181818182,0.363636363636364,0.878787878787879,0.409090909090909,0.515151515151515,1.42424242424242,0.287878787878788,9.43939393939394,0.272727272727273,0.196969696969697,58195,2901,0.403083486845341,0.868421052631579,0.66,44,29.599,9.90877388910662,9.0681453286957,72.0716670059519,802.30303030303,1278.36363636364,0,0,0,0,0,0,0,1
65535,58239,0.257142857142857,0.257142857142857,0.485714285714286,0.742857142857143,0.228571428571429,0.142857142857143,2.68571428571429,1.91428571428571,0.0857142857142857,0.857142857142857,0.0571428571428571,0.0571428571428571,1.17142857142857,0.371428571428571,0.114285714285714,0.485714285714286,0.2,0.257142857142857,1.77142857142857,0,0.914285714285714,0.885714285714286,1.28571428571429,0.371428571428571,0.314285714285714,1.74285714285714,0.228571428571429,9.85714285714286,0.371428571428571,0.314285714285714,58239,1538,0.593215733293531,44,0.833333333333333,44,17.971,7.50866677632245,6.04480364720872,21.1926635427302,994.914285714286,1281.45714285714,0,0,0,0,0,0,0,1
65535,58283,0.179487179487179,0.128205128205128,0.641025641025641,0.307692307692308,0.179487179487179,0,1.23076923076923,NaN,0.0512820512820513,1.20512820512821,0.102564102564103,0,0.846153846153846,0.358974358974359,0.0256410256410256,0.564102564102564,0.128205128205128,0.128205128205128,1.07692307692308,0,1.12820512820513,0.333333333333333,0.743589743589744,0.692307692307692,0.41025641025641,1.61538461538462,0.153846153846154,11.3589743589744,0.282051282051282,0.102564102564103,58283,1714,0.763299976263577,0.951219512195122,0.696428571428571,44,20.783,8.96514848547732,5.79188244402811,27.9479196730645,786.897435897436,1283.4358974359,0,0,0,0,0,0,0,0
65535,58327,0.114285714285714,0.114285714285714,0.885714285714286,0.342857142857143,0.114285714285714,0.0714285714285714,1.87142857142857,2.2,0.0285714285714286,0.671428571428571,0.0714285714285714,0.0428571428571429,0.9,0.314285714285714,0.0857142857142857,0.514285714285714,0.0714285714285714,0.0142857142857143,0.8,0,0.542857142857143,0.314285714285714,3.18571428571429,0.5,0.271428571428571,1.11428571428571,0.142857142857143,13.2142857142857,0.214285714285714,0.185714285714286,58327,3077,0.444095171382579,0.909090909090909,0.636363636363636,44,29.409,10.4140451446308,9.33077220727716,40.1307917054599,203.057142857143,1285.02857142857,0.243243243243243,44,57975,0,0,0,0,1
65535,58371,0.48,0.24,0.52,0.4,0.2,0.04,1.24,1.56,0.12,1.04,0,0.16,0.88,0.36,0,0.4,0.12,0,1.36,0,0.76,0.28,0.28,0.32,0.2,1.88,0.16,6.96,0.24,0.08,58371,1099,0.744474887083824,44,0.714285714285714,44,15.457,7.02133871387777,4.68780005244123,24.9322572188803,1105.16,1287.08,0,0,0,0,0,0,0,1
65535,58414,0.333333333333333,0.179487179487179,0.794871794871795,2.12820512820513,0.230769230769231,0.0512820512820513,2.74358974358974,2.8974358974359,0.256410256410256,0.82051282051282,0.153846153846154,0,1.38461538461538,0.692307692307692,0.282051282051282,0.948717948717949,0.0769230769230769,0.0256410256410256,0.717948717948718,0.0256410256410256,0.794871794871795,0.564102564102564,1.51282051282051,0.461538461538462,0.256410256410256,3.17948717948718,0.333333333333333,25.5128205128205,0.435897435897436,0.205128205128205,58414,1714,0.854934435429858,0.928571428571429,0.866666666666667,44,22.263,10.2315809869408,5.30749011891425,-83.5818063863745,243.179487179487,1285.89743589744,0.423076923076923,44,58590,0,0,0,0,1
65535,58458,0.5,0.269230769230769,0.538461538461538,0.423076923076923,0.0769230769230769,0.153846153846154,1.46153846153846,1.80769230769231,0.115384615384615,1.03846153846154,0.0384615384615385,0,1.03846153846154,0.384615384615385,0,0.538461538461538,0.153846153846154,0.115384615384615,1.46153846153846,0.0384615384615385,0.769230769230769,0.269230769230769,0.692307692307692,0.461538461538462,0.423076923076923,1.53846153846154,0.115384615384615,8.5,0.192307692307692,0.0769230769230769,58458,1143,0.707649965623366,0.962962962962963,0.742857142857143,44,15.366,6.98406228847241,4.93468125403685,-3.33870108902062,857.961538461538,1289.30769230769,0,0,0,0,0,0,0,1
65535,58502,NaN,0.115384615384615,0.730769230769231,0.153846153846154,0.0769230769230769,0,4.19230769230769,2.34615384615385,0.0769230769230769,1.38461538461538,0.0384615384615385,0.0384615384615385,2.23076923076923,0.615384615384615,0.0384615384615385,0.615384615384615,0.0769230769230769,0,1.5,0.0384615384615385,1.23076923076923,0.730769230769231,0.576923076923077,0.5,1.07692307692308,2.53846153846154,0.269230769230769,10.2307692307692,0.230769230769231,0.230769230769231,58502,1143,0.428556489549617,0.896551724137931,0.722222222222222,44,15.738,6.2791186504931,5.67327781814239,-87.7503753188791,130.384615384615,1288.65384615385,0,0,0,0,0,0,0,0
65535,58546,0.333333333333333,0.0952380952380952,0.619047619047619,0.0952380952380952,0.0476190476190476,0.0952380952380952,1.42857142857143,2.80952380952381,0.142857142857143,0.571428571428571,0.19047619047619,0,0.619047619047619,0.0952380952380952,0,0.333333333333333,0.142857142857143,0.0952380952380952,0.714285714285714,0,0.619047619047619,0.476190476190476,0.523809523809524,0.619047619047619,0.238095238095238,1.61904761904762,0.142857142857143,9.47619047619048,0.285714285714286,0.0952380952380952,58546,923,0.921043045552826,0.91304347826087,0.525,44,17.715,8.62519284732811,3.35917443452219,30.1847570017943,921.952380952381,56700,0,0,0,0,0,0,0,0
65535,58590,0.0833333333333333,0.25,0.791666666666667,1.20833333333333,0.333333333333333,0.0833333333333333,2.45833333333333,3.04166666666667,0.0833333333333333,1.08333333333333,0.208333333333333,0,1.04166666666667,0.916666666666667,0.208333333333333,NaN,0.0833333333333333,0.0416666666666667,0.791666666666667,0.125,0.791666666666667,0.625,2.25,0.458333333333333,0.208333333333333,NaN,0.208333333333333,26.9166666666667,0.208333333333333,0.125,58590,1055,0.691554902455819,0.888888888888889,0.666666666666667,44,15.184,6.73910189827915,4.86781436742625,41.4738469960794,241.583333333333,1292.58333333333,0.65,88,58414,58722,0,0,0,0
65535,58634,0.6,0.1,0.95,0.1,0.1,0.1,1.05,2.45,0.05,1.15,0.2,0.05,2.65,0.2,0.05,0.5,0.05,0.1,1.05,0,0.95,0.55,5.45,0.45,0.25,0.7,0.15,10.5,0.3,0.45,58634,879,0.77023250014818,44,0.833333333333333,44,13.29,6.43580498564395,4.10451956426415,11.1951406425828,643.45,1292.65,0,0,0,0,0,0,0,1
65535,58678,0.681818181818182,0.0909090909090909,0.636363636363636,0.136363636363636,0.227272727272727,0,NaN,2.63636363636364,0.0454545454545455,0.909090909090909,0.0454545454545455,0.0454545454545455,0.954545454545455,0.318181818181818,0.227272727272727,0.318181818181818,0.136363636363636,0,NaN,0,1.40909090909091,0.409090909090909,0.590909090909091,0.227272727272727,0.318181818181818,1.59090909090909,0.227272727272727,8.86363636363636,0.272727272727273,0.227272727272727,58678,967,0.728238040108935,44,0.916666666666667,44,14.026,6.5057719657642,4.4585634321817,0,530.727272727273,1294.5,0,0,0,0,0,0,0,0
65535,58722,0.763157894736842,0.171052631578947,0.578947368421053,0.355263157894737,0.118421052631579,0.0657894736842105,1.82894736842105,2.92105263157895,0.105263157894737,1.26315789473684,0.0921052631578947,0.0526315789473684,2.19736842105263,0.618421052631579,0.105263157894737,0.842105263157895,0.0921052631578947,0.105263157894737,0.986842105263158,0.0131578947368421,1.67105263157895,0.578947368421053,1.10526315789474,0.539473684210526,0.684210526315789,2.52631578947368,0.25,16.4078947368421,0.368421052631579,0.276315789473684,58722,3340,0.556928346366961,0.91566265060241,0.690909090909091,44,30.062,11.0618327188554,9.18752179903391,89.4814292534642,231.210526315789,1296.03947368421,0.0526315789473684,44,58590,0,0,0,0,1
65535,58766,0.294117647058824,0.152941176470588,0.976470588235294,0.494117647058824,0.0941176470588235,0.188235294117647,2.57647058823529,3.47058823529412,0.117647058823529,0.823529411764706,0.0941176470588235,0.0352941176470588,1.49411764705882,0.811764705882353,0.0823529411764706,1.14117647058824,0.0352941176470588,0.0470588235294118,0.905882352941176,0,0.694117647058824,0.364705882352941,2.23529411764706,0.611764705882353,0.188235294117647,1.47058823529412,0.258823529411765,16.9176470588235,0.223529411764706,0.223529411764706,58766,3736,0.443685046376366,0.965909090909091,0.702479338842975,44,30.36,11.0857531083081,9.93486106654182,54.1992305195648,372.905882352941,1294.75294117647,0.375,88,59118,59206,0,0,0,1
65535,58810,0.151515151515152,0.0909090909090909,0.575757575757576,0.363636363636364,0.151515151515152,0,2.12121212121212,2.6969696969697,0,1.03030303030303,0.0606060606060606,0.121212121212121,1.15151515151515,0.545454545454545,0.424242424242424,0.545454545454545,0.0303030303030303,0.0606060606060606,1.18181818181818,0.0303030303030303,0.787878787878788,0.363636363636364,3.27272727272727,0.636363636363636,0.272727272727273,0.939393939393939,0.181818181818182,13.7575757575758,0.242424242424242,0.272727272727273,58810,1450,0.810423916631858,0.942857142857143,0.611111111111111,44,19.584,8.77619345495391,5.1414794021819,9.98586633501844,1202.30303030303,1295.18181818182,0,0,0,0,0,0,0,1
65535,58854,0.4,0.142857142857143,1.25714285714286,0.885714285714286,0.0571428571428571,0.0571428571428571,2.05714285714286,2.54285714285714,0.114285714285714,1.37142857142857,0.314285714285714,0.0857142857142857,1.65714285714286,0.4,0.114285714285714,0.571428571428571,0.114285714285714,0.0571428571428571,1.31428571428571,0.0571428571428571,0.771428571428571,0.6,1.45714285714286,0.571428571428571,0.457142857142857,2.11428571428571,0.4,14.7428571428571,0.2,0.0285714285714286,58854,1538,0.790800435027633,0.945945945945946,0.714285714285714,44,19.104,8.69570534529468,5.32241579626749,37.590359730795,49712,1296.11428571429,0,0,0,0,0,0,0,0
65535,58898,0.220588235294118,0.117647058823529,0.720588235294118,0.294117647058824,0.161764705882353,0.0735294117647059,1.80882352941176,2.17647058823529,0.102941176470588,0.588235294117647,0.176470588235294,0.0735294117647059,0.867647058823529,0.441176470588235,0.0441176470588235,0.602941176470588,0.0441176470588235,0.0588235294117647,1.05882352941176,0,0.705882352941177,0.544117647058823,2.83823529411765,0.367647058823529,0.279411764705882,1.39705882352941,0.117647058823529,12.5882352941176,0.235294117647059,0.308823529411765,58898,2989,0.830951042985493,0.894736842105263,0.708333333333333,44,30.707,12.9930246245325,7.22861135098693,-69.7615217188983,358.720588235294,1294.14705882353,0.131578947368421,44,59118,0,0,0,0,1
65535,58942,0.272727272727273,0.181818181818182,0.606060606060606,0.181818181818182,0.0606060606060606,0.0909090909090909,1.27272727272727,1.84848484848485,0.0606060606060606,0.757575757575758,0.0303030303030303,0.0909090909090909,0.909090909090909,0.424242424242424,0,0.393939393939394,0.0303030303030303,0.121212121212121,1.12121212121212,0,NaN,0.393939393939394,0.545454545454545,0.363636363636364,0.454545454545455,1.75757575757576,0.393939393939394,8.48484848484848,0.333333333333333,0.212121212121212,58942,1450,0.817200203203756,0.75,0.55,44,25.745,10.0343089678815,5.78331319308776,-9.01160588959512,910.121212121212,1298.63636363636,0,0,0,0,0,0,0,0
65535,58986,0.565217391304348,0.130434782608696,0.173913043478261,0.173913043478261,0.217391304347826,0.0869565217391304,0.565217391304348,0.739130434782609,0.130434782608696,1.1304347826087,0.0869565217391304,0.0869565217391304,1.17391304347826,0.260869565217391,0.521739130434783,0.130434782608696,0,0.173913043478261,1.26086956521739,0,0.782608695652174,0.304347826086957,0.347826086956522,0.260869565217391,0.347826086956522,0.739130434782609,0.260869565217391,3.78260869565217,0.304347826086957,0.0434782608695652,58986,1011,0.810530132862621,44,0.821428571428571,44,14.605,7.17218412319914,4.2007262830309,3.70243902754836,1066.08695652174,1299.5652173913,0,0,0,0,0,0,0,1
65535,59030,0.458333333333333,0.208333333333333,0.541666666666667,0.166666666666667,0.166666666666667,0.0833333333333333,1.79166666666667,2.16666666666667,0.166666666666667,1.875,0.125,0,1.20833333333333,0.583333333333333,0.125,0.75,0.291666666666667,0.166666666666667,1.04166666666667,0.0416666666666667,1.29166666666667,0.458333333333333,0.875,0.291666666666667,0.25,2.5,0.416666666666667,12.7916666666667,0.5,0.166666666666667,59030,1055,0.855734751308305,0.96,0.685714285714286,44,15.92,7.89686771621541,4.08595592586979,31.7018879659061,241.125,1301.20833333333,0,0,0,0,0,0,0,1
65535,59074,0.2,0.142857142857143,0.571428571428571,0.514285714285714,0.0285714285714286,0.0285714285714286,1.57142857142857,1.85714285714286,0,0.485714285714286,0.0571428571428571,0.0571428571428571,NaN,0.571428571428571,0.142857142857143,0.485714285714286,0.114285714285714,0,0.885714285714286,0,0.742857142857143,0.142857142857143,1.51428571428571,0.6,0.2,0.885714285714286,0.342857142857143,11.7428571428571,0.285714285714286,0.314285714285714,59074,1538,0.579717586528784,0.972222222222222,0.729166666666667,44,18.641,7.53145233163044,6.13675898258943,84.2295497482957,1284.65714285714,1301.48571428571,0,0,0,0,0,0,0,0
65535,59118,0.25,0.125,0.875,0.583333333333333,0.125,0.208333333333333,1.29166666666667,2.16666666666667,0.125,0.458333333333333,0.0416666666666667,0,1.25,0.5,0.0416666666666667,0.5,0.0416666666666667,0.0416666666666667,1.70833333333333,0.0416666666666667,0.458333333333333,0.291666666666667,1.04166666666667,0.666666666666667,0.416666666666667,0.75,0.208333333333333,12.5833333333333,0.333333333333333,0.125,59118,1055,0.80055046399269,0.888888888888889,0.685714285714286,44,15.92,7.38297712474755,4.42436233922899,18.4759524539245,365.75,1301.875,0.473684210526316,88,58766,58898,0,0,0,1
65535,59162,1.05,0.15,0.45,0.5,0.05,0.2,NaN,2.25,0,1.2,0.1,0.2,1.95,0.7,0.1,0.55,0.15,0,1.25,0.15,1.35,0.3,0.6,0.65,1.45,1.7,0.15,11.7,0.2,0.15,59162,879,0.719840046210571,0.952380952380952,0.666666666666667,44,13.497,6.21223898707213,4.31216342850867,22.3784396697915,318.55,1303.8,0,0,0,0,0,0,0,0
65535,59206,0.704918032786885,0.147540983606557,0.918032786885246,0.19672131147541,0.147540983606557,0.0819672131147541,1.86885245901639,3.70491803278689,0.0491803278688525,NaN,0,0.0163934426229508,1.88524590163934,0.639344262295082,0.131147540983607,0.655737704918033,0.0655737704918033,0.114754098360656,0.836065573770492,0.0163934426229508,1.19672131147541,0.39344262295082,0.786885245901639,0.754098360655738,0.524590163934426,1.54098360655738,0.163934426229508,11.4098360655738,0.295081967213115,0.0491803278688525,59206,2681,0.59449855698683,0.835616438356164,0.635416666666667,44,32.295,10.6660734302266,8.57655420041169,7.45505177349817,375.639344262295,1303.96721311475,0.264705882352941,44,58766,0,0,0,0,0
65535,59250,0.875,0.104166666666667,0.520833333333333,0.208333333333333,0.0833333333333333,0.125,1.4375,3.16666666666667,0,0.833333333333333,0.104166666666667,0.0416666666666667,1.60416666666667,0.395833333333333,0.145833333333333,0.666666666666667,0.125,0.0416666666666667,1.29166666666667,0.125,1.0625,0.645833333333333,0.9375,0.520833333333333,1.3125,1.14583333333333,0.0625,12.0833333333333,0.270833333333333,0.0416666666666667,59250,2110,0.853383628793803,0.941176470588235,0.685714285714286,44,24.248,11.0587345984562,5.76473476047991,15.9676489105637,736.666666666667,1305.70833333333,0,0,0,0,0,0,0,1
65535,59294,1.4,0.05,0.1,0.05,0.1,0.05,6.1,1.4,0.05,0.5,0,0.05,1.05,0.8,NaN,0.25,0.1,0.05,1.25,0,0.6,0.3,0.6,0.35,0.9,1.8,0.15,7.75,0.15,0.05,59294,879,0.383661650001981,44,0.8,44,12.645,5.3416601664027,4.93288286231625,26.565051177078,1367.05,1307.1,0,0,0,0,0,0,0,0
65535,59338,0.622222222222222,0.155555555555556,0.311111111111111,0.155555555555556,0.0444444444444444,0.0666666666666667,NaN,2.4,0.0444444444444444,0.844444444444444,0.0222222222222222,0.0222222222222222,1.37777777777778,0.4,0.133333333333333,0.688888888888889,0.244444444444444,0.111111111111111,0.977777777777778,0,1.11111111111111,0.222222222222222,0.533333333333333,0.666666666666667,0.644444444444444,1.11111111111111,0.333333333333333,8.86666666666667,0.222222222222222,0.0666666666666667,59338,1978,0.45274991165601,0.978260869565217,0.803571428571429,44,20.973,8.12769331687886,7.24695654220036,-8.55136448452616,1059.53333333333,1309.26666666667,0,0,0,0,0,0,0,0
65535,59381,0.304347826086957,0.0434782608695652,0.217391304347826,0.0434782608695652,0,0.0434782608695652,1.08695652173913,2.91304347826087,0.0434782608695652,0.826086956521739,0,0.0869565217391304,1.60869565217391,0.347826086956522,0,0.608695652173913,0.130434782608696,0.0434782608695652,NaN,0,0.869565217391304,0.478260869565217,1.73913043478261,0.304347826086957,1.08695652173913,1.56521739130435,0.217391304347826,9.73913043478261,0.391304347826087,0.0434782608695652,59381,1011,0.826271483184083,0.958333333333333,0.821428571428571,44,15.341,7.38639125247535,4.16054796427397,17.2063393408814,156.086956521739,1311.5652173913,0,0,0,0,0,0,0,0
65535,59425,0.542857142857143,0.2,0.714285714285714,0.2,0.0571428571428571,0.0857142857142857,1.54285714285714,2.08571428571429,0.114285714285714,0.828571428571429,0.0857142857142857,0.0571428571428571,1.17142857142857,0.457142857142857,0.0857142857142857,0.428571428571429,0.228571428571429,0.285714285714286,1.88571428571429,0,0.657142857142857,0.542857142857143,0.685714285714286,0.514285714285714,0.342857142857143,2.25714285714286,0.142857142857143,10.9142857142857,0.428571428571429,0.0857142857142857,59425,1538,0.730803778368915,0.945945945945946,0.729166666666667,44,19.195,8.33016426816863,5.68606687109864,10.8594578099861,50942,1312.25714285714,0,0,0,0,0,0,0,0
65535,59469,0.771929824561403,0.157894736842105,0.684210526315789,0.280701754385965,0.0701754385964912,0.0701754385964912,12.4385964912281,2.75438596491228,0.210526315789474,0.87719298245614,0.210526315789474,0,1.98245614035088,0.596491228070175,0.157894736842105,0.666666666666667,0.12280701754386,0.0701754385964912,0.912280701754386,0.0175438596491228,0.754385964912281,0.43859649122807,1.17543859649123,0.421052631578947,0.719298245614035,1.98245614035088,0.385964912280702,12.6491228070175,0.263157894736842,0.157894736842105,59469,2505,0.857847860123082,0.919354838709677,0.57,44,27.548,12.276343566503,6.30885881139073,-38.5236673306421,653.859649122807,1314.31578947368,0.257142857142857,44,59689,0,0,0,0,1
65535,59513,0.592592592592593,0.0740740740740741,0.481481481481481,0.185185185185185,0.037037037037037,0.0740740740740741,7.37037037037037,3.55555555555556,0.222222222222222,0.185185185185185,0.0740740740740741,0.0740740740740741,3.40740740740741,0.777777777777778,0.777777777777778,0.740740740740741,0.037037037037037,0.185185185185185,1.14814814814815,0.111111111111111,0.296296296296296,0.259259259259259,2.92592592592593,0.481481481481481,NaN,2.22222222222222,0.259259259259259,11.6666666666667,0.37037037037037,0.222222222222222,59513,1187,0.731542504991392,0.964285714285714,0.75,44,16.102,7.26792884259733,4.95524362871036,41.4319741272821,679.666666666667,1312.81481481481,0,0,0,0,0,0,0,0
65535,59557,0.171875,0.1328125,1.1484375,0.328125,0.1875,0.078125,1.96875,2.1328125,0.078125,0.65625,0.140625,0.046875,0.859375,0.3046875,0.1015625,0.609375,0.046875,0.0703125,0.8046875,0,0.5078125,0.3046875,2.671875,0.3203125,0.1796875,1.53125,0.1328125,13.046875,0.2109375,0.2890625,59557,5626,0.607964759132798,0.831168831168831,0.571428571428571,44,45.329,15.6818609397405,12.4508332204439,-23.6694517343112,1248.9375,1312.796875,0,0,0,0,0,0,0,1
65535,59601,0.181818181818182,0.181818181818182,0.681818181818182,0.227272727272727,0.0454545454545455,0,1.36363636363636,1.59090909090909,0.0909090909090909,1.09090909090909,0.0454545454545455,0.0454545454545455,0.863636363636364,0.409090909090909,0.136363636363636,0.318181818181818,0.0909090909090909,0.0454545454545455,1.31818181818182,0,1.27272727272727,0.5,0.454545454545455,0.5,0.272727272727273,1.59090909090909,0.318181818181818,9.18181818181818,0.272727272727273,0.136363636363636,59601,967,0.668452546758529,0.956521739130435,0.733333333333333,44,14.051,6.25404520317962,4.65147609811679,10.8805797800259,1319.36363636364,1318.68181818182,0,0,0,0,0,0,0,1
65535,59645,0.487179487179487,0.102564102564103,0.435897435897436,0.179487179487179,0.0512820512820513,0.102564102564103,1.20512820512821,2.48717948717949,0.0512820512820513,0.743589743589744,0.0256410256410256,0.102564102564103,1.05128205128205,0.41025641025641,0.0769230769230769,0.615384615384615,0,0.0769230769230769,0.871794871794872,0.0256410256410256,0.564102564102564,0.358974358974359,0.461538461538462,0.384615384615385,0.461538461538462,1.56410256410256,0.153846153846154,9.76923076923077,0.512820512820513,0.128205128205128,59645,1714,0.807760489142335,0.829787234042553,0.722222222222222,44,24.521,10.1870153885366,6.00535566789458,-88.5038987904097,82.0769230769231,1318.5641025641,0,0,0,0,0,0,0,1
65535,59689,0.8,0.133333333333333,0.933333333333333,0.0666666666666667,0.133333333333333,0.166666666666667,5.16666666666667,3.83333333333333,0.266666666666667,0.766666666666667,0.0666666666666667,0,2.53333333333333,0.9,NaN,0.833333333333333,0.1,0.166666666666667,0.7,0.0333333333333333,0.666666666666667,0.433333333333333,2.1,0.466666666666667,0.333333333333333,NaN,0.4,14.6666666666667,0.166666666666667,0.2,59689,1319,0.85370071456986,0.909090909090909,0.75,44,18.616,8.94397646285729,4.65770049710623,-11.0142575053936,662.5,1319.16666666667,0.409090909090909,44,59469,0,0,0,0,0
65535,59733,1.64,0.24,0.44,0.12,0.16,0.12,4.28,3.48,0.2,1.2,0.12,0.08,8.56,0.72,0.24,0.96,0.12,0.32,1.24,0,1.24,0.68,1.36,0.44,4.32,2.52,0.32,12.92,0.36,0.08,59733,1099,0.782468408702903,0.892857142857143,0.714285714285714,44,16.474,7.60129980553237,4.73325553219771,1.49331849523758,928.56,1321.96,0,0,0,0,0,0,0,1
65535,59777,0.233766233766234,0.051948051948052,1.11688311688312,1.05194805194805,0.194805194805195,0.0909090909090909,2.68831168831169,2.61038961038961,0.0649350649350649,0.636363636363636,0.0649350649350649,0.0649350649350649,1.05194805194805,0.337662337662338,0.0779220779220779,0.779220779220779,0.038961038961039,0.025974025974026,0.805194805194805,0.038961038961039,0.727272727272727,0.402597402597403,1.57142857142857,0.376623376623377,0.38961038961039,1.61038961038961,0.168831168831169,16.974025974026,0.194805194805195,0.246753246753247,59777,3384,0.906769365261083,0.83695652173913,0.5,44,35.132,16.3027536722271,6.87368095039867,60.7301442162007,348.090909090909,1322.22077922078,0,0,0,0,0,0,0,1
65535,59821,0.422222222222222,0.155555555555556,0.755555555555556,0.288888888888889,0.111111111111111,0.0222222222222222,1.37777777777778,2.17777777777778,0.0444444444444444,0.777777777777778,0.111111111111111,0.0222222222222222,NaN,0.355555555555556,0.177777777777778,0.711111111111111,0.0666666666666667,0.111111111111111,1.33333333333333,0,0.733333333333333,0.288888888888889,0.755555555555556,0.466666666666667,0.244444444444444,1.66666666666667,0.0666666666666667,10.3333333333333,0.266666666666667,0.177777777777778,59821,1978,0.784028609655428,0.9375,0.703125,44,23.231,9.82879663922001,6.10097673480933,51.9755955315351,395.644444444444,1321.62222222222,0,0,0,0,0,0,0,0
65535,59865,0.207207207207207,0.198198198198198,0.936936936936937,0.522522522522523,0.126126126126126,0.0630630630630631,2.36036036036036,2.8018018018018,0.117117117117117,0.684684684684685,0.0990990990990991,0.00900900900900901,1.18018018018018,0.594594594594595,0.108108108108108,0.702702702702703,0.108108108108108,0.0630630630630631,0.756756756756757,0.018018018018018,0.846846846846847,0.414414414414414,2.36036036036036,0.486486486486487,0.18018018018018,1.72072072072072,0.225225225225225,16.036036036036,0.324324324324324,0.216216216216216,59865,4879,0.628836334268627,0.940677966101695,0.720779220779221,44,36.703,13.7755504288982,10.7110097062067,-8.57527514159674,971.945945945946,1323.79279279279,0,0,0,0,0,0,0,1
65535,59909,0.192307692307692,0.0769230769230769,0.807692307692308,0.769230769230769,0.115384615384615,0,1.69230769230769,1.38461538461538,0.0769230769230769,0.576923076923077,0.153846153846154,0.0769230769230769,1.19230769230769,0.230769230769231,0.153846153846154,0.346153846153846,0,0.0769230769230769,1.19230769230769,0,0.884615384615385,0.5,1.07692307692308,0.346153846153846,0.153846153846154,1.38461538461538,0.0769230769230769,12.6153846153846,0.269230769230769,0.230769230769231,59909,1143,0.734032928608694,0.928571428571429,0.619047619047619,44,16.4,7.27753321908901,4.94227380897162,67.247972281341,894.538461538462,1325.03846153846,0.333333333333333,44,60436,0,0,0,0,1
65535,59953,0.212121212121212,0.242424242424242,0.454545454545455,0.909090909090909,0,0,2.63636363636364,2.57575757575758,0.0909090909090909,0.666666666666667,0.151515151515152,0.0606060606060606,1.42424242424242,0.454545454545455,0.121212121212121,0.393939393939394,0.0303030303030303,0.0909090909090909,1.42424242424242,0.0303030303030303,0.666666666666667,0.575757575757576,1.48484848484848,0.454545454545455,0.212121212121212,2.45454545454545,0.212121212121212,21.1212121212121,0.303030303030303,0.121212121212121,59953,1450,0.833562762187753,0.970588235294118,0.825,44,18.616,8.82315245731767,4.87412792685463,18.8364848188119,49.4545454545455,1325.93939393939,0,0,0,0,0,0,0,1
65535,59997,0.271186440677966,0.0677966101694915,0.440677966101695,0.305084745762712,0.0677966101694915,0.11864406779661,1.52542372881356,1.6271186440678,0.0677966101694915,0.474576271186441,0.0338983050847458,0.0338983050847458,0.779661016949153,0.372881355932203,0.0508474576271186,0.728813559322034,0.0847457627118644,0.0169491525423729,0.661016949152542,0,0.406779661016949,0.220338983050847,7.64406779661017,0.406779661016949,0.152542372881356,0.966101694915254,0.305084745762712,9.32203389830508,0.169491525423729,0.23728813559322,59997,2593,0.733776942638078,44,0.842857142857143,44,25.075,10.6393237252108,7.22825505004626,80.3192909280016,732.28813559322,1324.77966101695,0.3,44,60129,0,0,0,0,1
65535,60041,0.08,0.2,0.44,0.16,0.12,0.16,1.56,2.28,0.16,1.76,0.16,0.08,1.04,0.84,0.08,0.48,0.04,0,0.76,0.16,0.96,0.32,0.76,0.52,0.36,1.88,0.04,8.72,0.2,0.32,60041,1099,0.674053672242377,0.961538461538462,0.714285714285714,44,15.457,6.7195528462028,4.96361523627229,8.04144489710439,1042.92,1326.28,0.473684210526316,44,60261,0,0,0,0,1
65535,60085,0.221238938053097,0.106194690265487,1.11504424778761,0.63716814159292,0.20353982300885,0.0884955752212389,2.51327433628319,2.74336283185841,0.115044247787611,0.761061946902655,0.106194690265487,0.0353982300884956,1.25663716814159,0.548672566371681,0.079646017699115,0.725663716814159,0.150442477876106,0.141592920353982,0.707964601769911,0.0176991150442478,0.619469026548673,0.460176991150442,6.14159292035398,0.592920353982301,0.415929203539823,1.30973451327434,0.150442477876106,15.5309734513274,0.31858407079646,0.221238938053097,60085,4967,0.617033515794959,0.862595419847328,0.620879120879121,44,47.297,14.4102958054554,11.339993104573,25.6617286273542,319.849557522124,1326.88495575221,0,0,0,0,0,0,0,1
65535,60129,0.177304964539007,0.0851063829787234,1.0354609929078,0.319148936170213,0.141843971631206,0.0638297872340425,2.11347517730496,2.09219858156028,0.0638297872340425,0.695035460992908,0.0780141843971631,0.0283687943262411,1.23404255319149,0.475177304964539,0.0780141843971631,0.652482269503546,0.0780141843971631,0.120567375886525,0.929078014184397,0.0141843971631206,0.624113475177305,0.361702127659574,5.39716312056738,0.390070921985816,0.170212765957447,1.22695035460993,0.191489361702128,14.5744680851064,0.24822695035461,0.26241134751773,60129,6197,0.831546159119627,0.796610169491525,0.489583333333333,44,53.682,19.3977475280295,10.7745885688672,-46.1015579130946,721.659574468085,1326.24113475177,0.149253731343284,44,59997,0,0,0,0,1
65535,60173,0.219512195121951,0.0975609756097561,0.536585365853659,0.195121951219512,0.146341463414634,0.0975609756097561,0.634146341463415,2.24390243902439,0.0487804878048781,0.682926829268293,0.0487804878048781,0.0975609756097561,1.21951219512195,0.560975609756098,0.0975609756097561,0.560975609756098,0.121951219512195,0.146341463414634,0.682926829268293,0.024390243902439,0.536585365853659,0.268292682926829,1.73170731707317,0.292682926829268,0.390243902439024,1.53658536585366,0.268292682926829,7.97560975609756,0.24390243902439,0.146341463414634,60173,1802,0.77099470067337,0.953488372093023,0.640625,44,20.99,9.2195490791746,5.87139201076975,-50.6930674422395,1187.31707317073,1328.19512195122,0,0,0,0,0,0,0,1
65535,60217,0.75,0.136363636363636,0.522727272727273,0.295454545454545,0,0.113636363636364,1.31818181818182,2.22727272727273,0.0454545454545455,0.886363636363636,0.136363636363636,0.0454545454545455,1.81818181818182,0.5,0.0681818181818182,0.636363636363636,0.0909090909090909,0.0454545454545455,1.22727272727273,0.0227272727272727,1.45454545454545,0.613636363636364,0.636363636363636,0.522727272727273,0.681818181818182,1.68181818181818,0.272727272727273,12.25,0.340909090909091,0.0681818181818182,60217,1934,0.914640350616079,0.830188679245283,0.611111111111111,44,27.25,12.8884951431713,5.21041274117811,15.1154642759151,933.204545454546,1329.02272727273,0,0,0,0,0,0,0,1
65535,60261,0.517241379310345,0.103448275862069,0.620689655172414,0.206896551724138,0.137931034482759,0.0344827586206897,0.551724137931034,2.27586206896552,0.0689655172413793,1.10344827586207,0.103448275862069,0,1.13793103448276,0.344827586206897,0.0344827586206897,0.448275862068966,0.0689655172413793,0.137931034482759,0.96551724137931,0.103448275862069,0.620689655172414,0.620689655172414,0.586206896551724,0.448275862068966,0.344827586206897,1.20689655172414,0.103448275862069,8.44827586206897,0.206896551724138,0.172413793103448,60261,1275,0.822262689758374,0.878787878787879,0.725,44,18.252,8.38812921254907,4.77375257014199,88.2804401107825,1046.96551724138,1330.41379310345,0.454545454545455,44,60041,0,0,0,0,1
65535,60305,0.76,0,0.28,0.08,0.12,0.16,0.72,2.84,0.12,1.12,0.04,0,2.64,0.52,0.12,0.84,0.16,0.08,1.12,0.04,0.88,0.32,0.52,0.68,0.24,1.32,0.08,10.76,0.24,0.08,60305,1099,0.72847387163887,0.961538461538462,0.714285714285714,44,16.102,7.01465133369673,4.80555234425069,-4.39870535499552,242.24,1330.48,0,0,0,0,0,0,0,1
65535,60348,0.282051282051282,0.128205128205128,0.358974358974359,0.333333333333333,0,0.0512820512820513,1.56410256410256,2.23076923076923,0.0256410256410256,1.28205128205128,0.0512820512820513,0.0512820512820513,1.8974358974359,0.487179487179487,0.282051282051282,0.58974358974359,0.0256410256410256,0.102564102564103,1.12820512820513,0.0256410256410256,1.35897435897436,0.743589743589744,0.743589743589744,0.435897435897436,0.358974358974359,1.79487179487179,0.153846153846154,9.74358974358974,0.358974358974359,0.230769230769231,60348,1714,0.465949334641144,44,0.696428571428571,44,19.766,7.62634335599393,6.74787555883914,-16.9641786434231,441.051282051282,1331.20512820513,0,0,0,0,0,0,0,1
65535,60392,0.21875,0.125,0.46875,0.28125,0.03125,0.09375,1.53125,4.03125,0.0625,1.25,0.0625,0.0625,1.21875,0.59375,2.78125,0.53125,0.15625,0.28125,1.59375,0.03125,0.90625,0.375,0.59375,0.53125,0.59375,2.125,0.125,10.4375,0.21875,0.15625,60392,1407,0.809970511520738,0.888888888888889,0.666666666666667,44,19.286,8.62643636023312,5.05915135072223,13.6597734429751,491.90625,1331.53125,0,0,0,0,0,0,0,1
65535,60436,0.291666666666667,0.0833333333333333,0.625,0.291666666666667,0.0416666666666667,0.0416666666666667,1.5,2.375,0.0416666666666667,0.625,0.0416666666666667,0.0416666666666667,1.125,0.416666666666667,0.0833333333333333,0.75,0.125,0.166666666666667,1.20833333333333,0,0.625,0.25,0.75,0.291666666666667,0.375,1.75,0.291666666666667,8.66666666666667,0.125,0.125,60436,1055,0.562351594857983,0.923076923076923,0.666666666666667,44,15.366,6.2449979983984,5.16397779494322,0,896.25,1331.5,0.333333333333333,44,59909,0,0,0,0,1
65535,60480,0.9,0.1,0.45,0.2,0.1,0.15,1.95,1.75,0,0.7,0,0,2.1,0.35,0,0.5,0.05,0,0.8,0,0.65,0.2,0.75,0.5,0.4,1.45,0.45,6.35,0.2,0,60480,879,0.82572282384477,0.952380952380952,0.833333333333333,44,13.844,6.8507907086214,3.86436713231718,18.434948822922,1029.5,1331.5,0,0,0,0,0,0,0,1
65535,60524,0.545454545454545,0.181818181818182,0.863636363636364,0.818181818181818,0.0909090909090909,0.227272727272727,1.95454545454545,2.09090909090909,0.181818181818182,1.18181818181818,0.0454545454545455,0.0909090909090909,1.22727272727273,0.772727272727273,0.0909090909090909,0.227272727272727,0,0.0909090909090909,1.5,0.0454545454545455,0.545454545454545,0.318181818181818,1.90909090909091,0.636363636363636,0.227272727272727,1.13636363636364,0.318181818181818,13.1818181818182,0.545454545454545,0.181818181818182,60524,967,0.351417127369474,0.956521739130435,0.733333333333333,44,14.787,5.74064294184586,5.37449895338256,66.5125329945591,713.318181818182,1332.86363636364,0,0,0,0,0,0,0,1
65535,60568,0.606060606060606,0.121212121212121,0.393939393939394,0.242424242424242,0.0606060606060606,0.181818181818182,1.21212121212121,3.15151515151515,0.0606060606060606,1.12121212121212,0.212121212121212,0.0606060606060606,5.42424242424242,0.727272727272727,0.121212121212121,0.727272727272727,0.0606060606060606,0,1.51515151515152,0,1.06060606060606,0.303030303030303,0.787878787878788,0.545454545454545,0.909090909090909,1.54545454545455,0.0303030303030303,14.9090909090909,0.303030303030303,0.0909090909090909,60568,1450,0.575048832863072,0.970588235294118,0.6875,44,18.633,7.32094630295978,5.98940590226224,25.5959171424211,232.30303030303,1334.42424242424,0,0,0,0,0,0,0,1
65535,60612,0.2,0.12,0.88,0.64,0.36,0.04,2.52,1.64,0.08,0.84,0.12,0.08,1.04,0.52,0.08,0.92,0.04,0.12,0.96,0,0.76,0.32,1.84,0.52,0.24,2.08,0.28,16.96,0.28,0.16,60612,1099,0.755750319899804,0.961538461538462,0.833333333333333,44,15.804,7.15351900054606,4.68455254805549,65.8667804811832,545.92,1337.48,0,0,0,0,0,0,0,1
65535,60656,0.395348837209302,0.348837209302326,0.627906976744186,0.0930232558139535,0.0697674418604651,0.0930232558139535,0.86046511627907,2.6046511627907,0.0930232558139535,1.23255813953488,0.0697674418604651,0.0697674418604651,1.41860465116279,0.488372093023256,0.116279069767442,0.372093023255814,0.0465116279069767,0.0930232558139535,0.883720930232558,0,1.16279069767442,0.441860465116279,0.767441860465116,0.558139534883721,0.465116279069767,1.93023255813954,0.232558139534884,9.67441860465116,0.441860465116279,0.13953488372093,60656,1890,0.928094365781763,0.895833333333333,0.651515151515151,44,24.984,12.6637311005713,4.71527779295186,16.0395957298504,1169.3023255814,1337.81395348837,0,0,0,0,0,0,0,1
65535,60700,0.177777777777778,0.211111111111111,0.9,0.633333333333333,0.177777777777778,0.1,2.05555555555556,1.92222222222222,0.0666666666666667,0.855555555555556,0.0555555555555556,0.0888888888888889,1.17777777777778,0.6,0.0666666666666667,0.622222222222222,0.0444444444444444,0.0777777777777778,0.933333333333333,0,0.722222222222222,0.455555555555556,1.35555555555556,0.455555555555556,0.155555555555556,2.03333333333333,0.188888888888889,14.0777777777778,0.377777777777778,0.177777777777778,60700,3956,0.721232771746461,0.927835051546392,0.681818181818182,44,32.601,13.0659001840345,9.05065473577906,-42.487997248994,1426.3,1336.37777777778,0,0,0,0,0,0,0,1
65535,60744,0.655172413793103,0.172413793103448,0.931034482758621,0.482758620689655,0.206896551724138,0.0689655172413793,14.6206896551724,2.68965517241379,0.241379310344828,0.724137931034483,0.0344827586206897,0.0344827586206897,3.31034482758621,0.620689655172414,0.206896551724138,0.448275862068966,0.137931034482759,0.137931034482759,1.51724137931034,0.0344827586206897,1.48275862068966,0.689655172413793,1.62068965517241,0.482758620689655,0.241379310344828,1.58620689655172,0.206896551724138,17.2413793103448,0.379310344827586,0.137931034482759,60744,1275,0.716693821361411,0.966666666666667,0.828571428571429,44,16.474,7.36877537822348,5.13889522697099,0,34899,1338.86206896552,0,0,0,0,0,0,0,0
65535,60788,0.521739130434783,0.217391304347826,0.521739130434783,0.391304347826087,0.173913043478261,0.0434782608695652,0.782608695652174,2.21739130434783,0.0869565217391304,0.695652173913043,0.0434782608695652,0.0869565217391304,NaN,0.434782608695652,0,0.739130434782609,0.0869565217391304,0.0434782608695652,1.04347826086957,0,0.826086956521739,0.782608695652174,0.608695652173913,0.478260869565217,0.434782608695652,1.39130434782609,0.304347826086957,10.0434782608696,0.434782608695652,0.130434782608696,60788,1011,0.849833171757107,0.958333333333333,0.657142857142857,44,15.639,7.69593907410615,4.05615839785512,59.787014813991,854.173913043478,1337.4347826087,0,0,0,0,0,0,0,0
65535,60832,0.483870967741936,0,0.516129032258065,0.838709677419355,0.032258064516129,0.0645161290322581,1.96774193548387,1.12903225806452,0,0.741935483870968,0.0645161290322581,0,0.967741935483871,0.290322580645161,0.67741935483871,0.419354838709677,0,0,1.58064516129032,0,0.612903225806452,0.548387096774194,0.709677419354839,0.354838709677419,0.32258064516129,1.80645161290323,0.258064516129032,8.45161290322581,0.129032258064516,0.129032258064516,60832,1363,0.764487206082769,44,0.738095238095238,44,17.971,8.03283341328325,5.17827689755643,65.5667870948883,615.064516129032,1339.25806451613,0,0,0,0,0,0,0,1
65535,60876,0.173913043478261,0.0869565217391304,1.34782608695652,0.217391304347826,0.130434782608696,0.0869565217391304,0.91304347826087,3.47826086956522,0,0.695652173913043,0.0869565217391304,0,0.869565217391304,0.739130434782609,0.130434782608696,0.391304347826087,0.0869565217391304,0,1.1304347826087,0,0.521739130434783,0.434782608695652,1.21739130434783,0.565217391304348,0.0869565217391304,1.78260869565217,0.0434782608695652,13.1304347826087,0.217391304347826,0.260869565217391,60876,1011,0.646651078194202,0.958333333333333,0.766666666666667,44,14.051,6.30059636826144,4.80600629362445,23.0905944566633,965.608695652174,1340.04347826087,0,0,0,0,0,0,0,1
65535,60920,0.408163265306122,0.224489795918367,0.551020408163265,0.142857142857143,0.0612244897959184,0.0408163265306122,1.22448979591837,3.63265306122449,0.0612244897959184,0.836734693877551,0.0816326530612245,0.0204081632653061,4.48979591836735,0.73469387755102,0.0816326530612245,0.897959183673469,0.102040816326531,0.0816326530612245,0.857142857142857,0,0.897959183673469,0.428571428571429,1.24489795918367,0.612244897959184,0.795918367346939,1.18367346938776,0.26530612244898,NaN,0.36734693877551,0.102040816326531,60920,2154,0.787511051596501,0.875,0.6125,44,29.417,10.7423089731902,6.62049071652126,58.3517174922189,356.102040816327,1339.97959183673,0,0,0,0,0,0,0,0
65535,60964,0.129032258064516,0.193548387096774,0.806451612903226,1.19354838709677,0.161290322580645,0,2.12903225806452,2.45161290322581,0.0645161290322581,0.838709677419355,0.0967741935483871,0.0645161290322581,1.32258064516129,0.548387096774194,0.032258064516129,0.870967741935484,0.0645161290322581,0.0967741935483871,0.67741935483871,0,0.548387096774194,0.419354838709677,3.67741935483871,0.387096774193548,0.161290322580645,1.48387096774194,0.161290322580645,22.1290322580645,0.225806451612903,0.193548387096774,60964,1363,0.721890709074279,44,0.775,44,17.599,7.6734471029665,5.31007975309855,-2.83364283911956,399.612903225806,1341.16129032258,0,0,0,0,0,0,0,1
65535,61008,0.55,0.3,0.4,0.7,0.1,0.05,1.35,1.75,0.05,1.55,0,0.05,0.75,0.35,0.05,0.4,0.1,0.15,1.2,0.05,0.95,0.55,0.35,0.65,0.25,1.45,0.35,8.65,0.3,0,61008,879,0.762517145736076,44,0.833333333333333,44,13.29,6.395710437943,4.13782003724831,11.9029717592289,537.7,1344.5,0,0,0,0,0,0,0,1
65535,61052,0.769230769230769,0.115384615384615,0.923076923076923,0.115384615384615,0.153846153846154,0.0769230769230769,1.34615384615385,3.65384615384615,0.115384615384615,1.15384615384615,0.0384615384615385,0,1.69230769230769,0.730769230769231,0.0384615384615385,1.11538461538462,0.0769230769230769,0.153846153846154,0.961538461538462,0,0.653846153846154,0.269230769230769,1.61538461538462,0.576923076923077,0.423076923076923,2.11538461538462,0.576923076923077,11.9615384615385,0.269230769230769,0.307692307692308,61052,1143,0.841213577641093,0.928571428571429,0.65,44,17.326,8.17563581759519,4.42059068180739,25.6589017934385,1273.80769230769,59162,0,0,0,0,0,0,0,0
65535,61096,0.206896551724138,0.103448275862069,1.75862068965517,0.448275862068966,0.310344827586207,0,NaN,1.58620689655172,0.0344827586206897,0.931034482758621,0.137931034482759,0,0.96551724137931,0.482758620689655,0.0344827586206897,0.517241379310345,0.0344827586206897,0,1.20689655172414,0,0.931034482758621,0.517241379310345,4.3448275862069,0.241379310344828,0.344827586206897,1.93103448275862,0.241379310344828,11.1724137931034,0.310344827586207,0.0689655172413793,61096,1275,0.756415805711196,0.828571428571429,0.604166666666667,44,19.195,7.99410954706942,5.22887567355177,22.3945998510114,1329.27586206897,1345.79310344828,0,0,0,0,0,0,0,0
65535,61140,0.434782608695652,0.173913043478261,0.565217391304348,0.0869565217391304,0,0.130434782608696,1.39130434782609,1.69565217391304,0.0869565217391304,1.08695652173913,0.173913043478261,0,1.26086956521739,0.260869565217391,0.130434782608696,0.478260869565217,0.0869565217391304,0.0434782608695652,0.869565217391304,0,0.739130434782609,0.608695652173913,1.08695652173913,0.173913043478261,0.391304347826087,1.69565217391304,0.304347826086957,10.7391304347826,0.304347826086957,0.130434782608696,61140,1011,0.650504680867885,0.92,0.638888888888889,44,15.457,6.53749957435617,4.96524560344849,-34.2060570846513,1024.17391304348,1346.47826086957,0.894736842105263,44,61315,0,0,0,0,1
65535,61184,0.162162162162162,0.135135135135135,NaN,1.21621621621622,0.0810810810810811,0,3.13513513513514,2.67567567567568,0,0.567567567567568,0.243243243243243,0.027027027027027,1.2972972972973,0.486486486486487,0.027027027027027,0.783783783783784,0.0540540540540541,0.0540540540540541,1.18918918918919,0.027027027027027,0.675675675675676,0.621621621621622,3.13513513513514,0.486486486486487,0.162162162162162,1.86486486486486,0.27027027027027,21.4324324324324,0.378378378378378,0.405405405405405,61184,1626,0.518663060570214,0.948717948717949,0.755102040816326,44,19.195,7.55074072757381,6.4557227215628,-13.7511609149529,445.081081081081,1348.27027027027,0,0,0,0,0,0,0,0
65535,61228,1.5,0.0952380952380952,0.833333333333333,0.19047619047619,0.142857142857143,0.166666666666667,1.04761904761905,2.88095238095238,0,0.904761904761905,0.0952380952380952,0.0238095238095238,2.80952380952381,0.404761904761905,0.214285714285714,0.666666666666667,0.119047619047619,0.0714285714285714,0.761904761904762,0.0238095238095238,0.976190476190476,0.476190476190476,0.666666666666667,0.333333333333333,0.619047619047619,1.4047619047619,0.357142857142857,8.69047619047619,0.142857142857143,0.166666666666667,61228,1846,0.475175825725206,0.976744186046512,0.857142857142857,44,19.931,7.85951650101686,6.91551677406178,48.8305615930329,1193.04761904762,1349.07142857143,0.208333333333333,44,61491,0,0,0,0,1
65535,61271,0.533333333333333,0.266666666666667,0.533333333333333,0.166666666666667,0.0666666666666667,0.133333333333333,1.33333333333333,1.33333333333333,0.0666666666666667,1.1,0.133333333333333,0.0333333333333333,0.733333333333333,0.266666666666667,0.166666666666667,0.533333333333333,0.2,0.0333333333333333,1.2,0,1.3,0.666666666666667,0.6,0.266666666666667,0.466666666666667,1.63333333333333,0.0333333333333333,7.8,0.333333333333333,0.1,61271,1319,0.480555011213631,0.967741935483871,0.833333333333333,44,16.656,6.72096228869313,5.89404589607817,-42.2127159296523,319.233333333333,1349.46666666667,0,0,0,0,0,0,0,1
65535,61315,0.733333333333333,0.166666666666667,0.444444444444444,0.155555555555556,0.0777777777777778,0.0888888888888889,0.955555555555556,3.1,0.0555555555555556,1.02222222222222,0.0444444444444444,0.0333333333333333,2.07777777777778,0.466666666666667,0.0666666666666667,0.744444444444444,0.111111111111111,0.111111111111111,0.811111111111111,0.0222222222222222,1.1,0.533333333333333,0.7,0.5,0.511111111111111,1.58888888888889,0.177777777777778,8.73333333333333,0.311111111111111,0.166666666666667,61315,3956,0.838734653473851,0.818181818181818,0.6,44,40.35,15.2000674409395,8.27704988079473,6.13910251885807,1021.87777777778,1351.34444444444,0.41304347826087,44,61140,0,0,0,0,1
65535,61359,0.76,0.28,0.76,0.24,0.24,0.08,1.12,2.04,0.08,1.48,0.12,0,1.36,0.44,0.16,0.4,0.16,0.12,1.52,0,0.96,0.6,0.92,0.28,0.56,1.68,0.16,NaN,0.12,0.2,61359,1099,0.527789527852822,44,0.833333333333333,44,14.787,6.23983215089175,5.29995862204265,-6.1323868639462,1255.24,1353.2,0,0,0,0,0,0,0,0
65535,61403,0.05,0.05,1.3,0.25,0.05,0.1,1.45,2.85,0,0.6,0.2,0,0.65,0.6,0.1,0.7,0.05,0,1.25,0,0.35,0.2,1.45,0.6,0.15,1.4,0.35,13.5,0.45,0.1,61403,879,0.565926230077307,44,0.8,44,13.472,5.72565238489868,4.72054778960775,-62.6927153645495,1325.45,1355.85,0,0,0,0,0,0,0,1
65535,61447,0.447368421052632,0.131578947368421,0.5,0.157894736842105,0.157894736842105,0.131578947368421,0.789473684210526,2.36842105263158,0.105263157894737,0.763157894736842,0.0263157894736842,0.0263157894736842,1.15789473684211,0.684210526315789,0.131578947368421,0.5,0.105263157894737,0.105263157894737,0.868421052631579,0.0526315789473684,0.631578947368421,0.421052631578947,0.526315789473684,0.210526315789474,0.236842105263158,1.18421052631579,0.157894736842105,9.1578947368421,0.210526315789474,0.131578947368421,61447,1670,0.473271696659359,44,0.775510204081633,44,18.732,7.48360340095205,6.59242980527238,-54.0574319995703,1072.21052631579,1356.10526315789,0.416666666666667,44,61711,0,0,0,0,1
65535,61491,1.13333333333333,0.0666666666666667,0.7,0.233333333333333,0.1,0.0666666666666667,1.13333333333333,2.3,0.166666666666667,1.43333333333333,0,0,2.6,0.666666666666667,0.2,0.966666666666667,0.0333333333333333,0.166666666666667,0.8,0,0.666666666666667,0.5,0.666666666666667,0.633333333333333,0.433333333333333,1.96666666666667,0.333333333333333,10.2,0.166666666666667,0.166666666666667,61491,1319,0.379301883762783,0.967741935483871,0.833333333333333,44,16.565,6.55779298087161,6.06774863044386,-63.7642204117038,1195.2,1356.73333333333,0.3,44,61228,0,0,0,0,1
65535,61535,0.30188679245283,0.0754716981132075,1.07547169811321,0.471698113207547,0.113207547169811,0.150943396226415,2.52830188679245,1.66037735849057,0.132075471698113,0.547169811320755,0.0943396226415094,0.0188679245283019,1.15094339622642,0.320754716981132,0.150943396226415,0.528301886792453,0.0754716981132075,0,1.11320754716981,0.0566037735849057,0.735849056603774,0.773584905660377,1.56603773584906,0.415094339622642,0.415094339622642,1.77358490566038,0.207547169811321,14.6037735849057,0.30188679245283,0.320754716981132,61535,2330,0.821041800390618,0.898305084745763,0.757142857142857,44,28.168,11.3872776509027,6.5006333015547,-76.2165422641197,34855,1359.60377358491,0,0,0,0,0,0,0,0
65535,61579,0.0975609756097561,0.121951219512195,1.41463414634146,0.390243902439024,0.121951219512195,0.0487804878048781,2.80487804878049,2.39024390243902,0.121951219512195,0.48780487804878,0.146341463414634,0.0731707317073171,1.04878048780488,0.609756097560976,0.146341463414634,0.536585365853659,0.121951219512195,0.0731707317073171,1.02439024390244,0.024390243902439,0.731707317073171,0.51219512195122,3.07317073170732,0.51219512195122,0.219512195121951,1.31707317073171,0.268292682926829,15.9268292682927,0.365853658536585,0.121951219512195,61579,1802,0.542217092403877,0.953488372093023,0.836734693877551,44,20.303,8.00871921077413,6.72923368197464,41.6957678308416,937.756097560976,59733,0,0,0,0,0,0,0,0
65535,61623,0.549019607843137,0.0980392156862745,0.843137254901961,1.25490196078431,0.137254901960784,0.0784313725490196,2.07843137254902,1.84313725490196,0.117647058823529,0.823529411764706,0.176470588235294,0.0196078431372549,1.62745098039216,0.568627450980392,0.0588235294117647,0.450980392156863,0,0.137254901960784,1.15686274509804,0,0.588235294117647,0.549019607843137,0.686274509803922,0.313725490196078,0.470588235294118,1.82352941176471,0.294117647058824,12.4901960784314,0.215686274509804,0.137254901960784,61623,2242,0.82777262676273,0.879310344827586,0.6375,44,26.324,11.2530237905532,6.31366319344498,69.7196197057182,329.196078431373,1362.39215686275,0,0,0,0,0,0,0,1
65535,61667,0.384615384615385,0.192307692307692,0.730769230769231,0.769230769230769,0,0.0769230769230769,1.80769230769231,0.923076923076923,0.0769230769230769,0.807692307692308,0.153846153846154,0,0.884615384615385,0.461538461538462,0.961538461538462,0.461538461538462,0.0384615384615385,0.0384615384615385,3.34615384615385,0,NaN,0.384615384615385,0.730769230769231,0.230769230769231,0.384615384615385,1.5,0.307692307692308,8.07692307692308,0.230769230769231,0.0384615384615385,61667,1143,0.706421185512017,0.928571428571429,0.619047619047619,44,17.136,7.15957075229301,5.06748484543265,7.89259475624037,902.576923076923,1361.57692307692,0,0,0,0,0,0,0,0
65535,61711,0.68,0.12,0.44,0,0.12,0.08,0.68,1.8,0.12,1.56,0.04,0,0.76,0.36,0.04,0.68,0,0,0.92,0,NaN,0.48,0.92,0.4,0.24,1.04,0.2,7.68,0.16,0.08,61711,1099,0.541799341168836,0.892857142857143,0.694444444444444,44,15.829,6.39277757195021,5.37317983900009,-1.4678367232106,1073.64,1361.72,0.526315789473684,44,61447,0,0,0,0,0
65535,61755,0.365853658536585,0.0975609756097561,0.463414634146341,0.0975609756097561,0.0731707317073171,0.121951219512195,2.09756097560976,3.24390243902439,0.024390243902439,0.902439024390244,0.121951219512195,0.0487804878048781,13.8536585365854,0.634146341463415,0.170731707317073,1.19512195121951,0.146341463414634,0.121951219512195,0.51219512195122,0.024390243902439,0.902439024390244,0.390243902439024,7.02439024390244,0.463414634146341,0.365853658536585,1.80487804878049,0.24390243902439,12.8780487804878,0.195121951219512,0.170731707317073,61755,1802,0.736108022490559,0.976190476190476,0.683333333333333,44,21.908,9.13364315376242,6.18223494623816,6.48555300484268,415.682926829268,59909,0,0,0,0,0,0,0,0
65535,61799,0.773584905660377,0.113207547169811,0.339622641509434,0.113207547169811,0.0566037735849057,0.0566037735849057,1.07547169811321,3.20754716981132,0.113207547169811,1.05660377358491,0.0566037735849057,0.0377358490566038,2.49056603773585,0.433962264150943,0.0377358490566038,0.830188679245283,0.188679245283019,0.0943396226415094,0.943396226415094,0,1.0377358490566,0.358490566037736,0.943396226415094,0.547169811320755,0.433962264150943,1.24528301886792,0.264150943396226,8.66037735849057,0.188679245283019,0.0754716981132075,61799,2330,0.760231693825678,0.981481481481482,0.757142857142857,44,24.058,10.3329868387348,6.71284596815641,-0.502450233066307,956.490566037736,1365.58490566038,0,0,0,0,0,0,0,1
65535,61843,1.03703703703704,0.037037037037037,0.296296296296296,0.037037037037037,0.148148148148148,0.0740740740740741,0.851851851851852,2.66666666666667,0.0740740740740741,0.888888888888889,0.037037037037037,0.037037037037037,7.18518518518519,0.37037037037037,0,0.518518518518518,0.0740740740740741,0,0.925925925925926,0.037037037037037,0.888888888888889,0.296296296296296,0.888888888888889,0.555555555555556,0.666666666666667,1.2962962962963,0.148148148148148,9.2962962962963,0.259259259259259,0.148148148148148,61843,1187,0.569390822837452,0.9,0.642857142857143,44,16.863,6.65094840315764,5.46752495166764,20.5764650956162,1282.85185185185,1364.25925925926,0.65,44,61887,0,0,0,0,1
65535,61887,0.980769230769231,0.0769230769230769,0.384615384615385,0.115384615384615,0.0769230769230769,0.0384615384615385,1.38461538461538,2.59615384615385,0.0576923076923077,1.30769230769231,0.0192307692307692,0.0192307692307692,2.21153846153846,0.442307692307692,0.0769230769230769,0.576923076923077,0.0192307692307692,0.0384615384615385,0.442307692307692,0,1.17307692307692,0.365384615384615,0.519230769230769,0.519230769230769,0.442307692307692,0.980769230769231,0.153846153846154,6.69230769230769,0.346153846153846,0.173076923076923,61887,2286,0.620932426501215,0.852459016393443,0.577777777777778,44,28.102,9.9848847697751,7.82679267831863,55.6558499477013,1287.40384615385,1366.96153846154,0.5,44,61843,0,0,0,0,1
65535,61931,0.212121212121212,0.151515151515152,0.757575757575758,1.33333333333333,0.212121212121212,0.151515151515152,2.54545454545455,2.36363636363636,0.0909090909090909,0.666666666666667,0.181818181818182,0.0303030303030303,1.24242424242424,0.515151515151515,0.121212121212121,0.96969696969697,0.121212121212121,0.212121212121212,0.484848484848485,0,0.696969696969697,0.333333333333333,3.18181818181818,0.696969696969697,0.212121212121212,2.09090909090909,0.303030303030303,20.7575757575758,0.121212121212121,0.212121212121212,61931,1450,0.650031513105711,0.942857142857143,0.6875,44,18.55,7.60370695724322,5.77811206052952,20.9398194818833,1328.24242424242,1367.72727272727,0.478260869565217,44,62063,0,0,0,0,1
65535,61975,0.208333333333333,0.166666666666667,0.875,0.25,0.0833333333333333,0.125,1.83333333333333,2.33333333333333,0.0833333333333333,0.375,0.0416666666666667,0,1.16666666666667,0.5,0.0833333333333333,0.541666666666667,0.0416666666666667,0,1.375,0,0.416666666666667,0.375,1.83333333333333,0.5,0.166666666666667,0.75,0.208333333333333,13.7083333333333,0.208333333333333,0.208333333333333,61975,1055,0.807950378679485,0.888888888888889,0.685714285714286,44,16.102,7.47506113896564,4.40468372831733,-82.8125539592364,94.7916666666667,1370.95833333333,0.368421052631579,44,62326,0,0,0,0,1
65535,62019,0.75,0.1,0.65,0,0.25,0.05,1.2,2.4,0,1.8,0.05,0,1.3,0.2,0.05,0.4,0.2,0.1,1.15,0.05,1.1,0.65,0.3,0.45,0.25,2.25,0.25,9.3,0.2,0.2,62019,879,0.610722239909611,0.909090909090909,0.666666666666667,44,13.96,5.95547998469339,4.71581645302095,28.9238524293588,1200.4,60217,0,0,0,0,0,0,0,0
65535,62063,0.666666666666667,0.166666666666667,1.26666666666667,0.633333333333333,0.233333333333333,0.166666666666667,2.33333333333333,2.06666666666667,0.0333333333333333,0.6,0.2,0.0333333333333333,1.7,0.266666666666667,0.0333333333333333,0.466666666666667,0.0666666666666667,0.0666666666666667,0.4,0,0.466666666666667,0.5,4.06666666666667,0.6,0.233333333333333,1.63333333333333,0.166666666666667,20.1666666666667,0.3,0.166666666666667,62063,1319,0.779035302656919,0.967741935483871,0.75,44,17.326,7.92936206170291,4.97155191117802,16.867244294596,1333.56666666667,1369.93333333333,0.523809523809524,44,61931,0,0,0,0,1
65535,62107,1.45945945945946,0.27027027027027,0.594594594594595,0.189189189189189,0.108108108108108,0.0810810810810811,1.48648648648649,2.81081081081081,0.027027027027027,NaN,0.0540540540540541,0,1.45945945945946,0.405405405405405,0.189189189189189,0.432432432432432,0.0810810810810811,0.135135135135135,0.837837837837838,0,0.891891891891892,0.351351351351351,0.72972972972973,0.648648648648649,0.351351351351351,1.08108108108108,0.27027027027027,8.48648648648649,0.27027027027027,0.135135135135135,62107,1626,0.675827453527315,0.973684210526316,0.770833333333333,44,18.732,8.0797316195633,5.95524594314851,12.3985500926988,611.621621621622,1372.32432432432,0,0,0,0,0,0,0,0
65535,62151,0.275,0.1125,0.8125,0.7125,0.1125,0.0125,2.75,2.4375,0.125,0.5375,0.15,0.0375,1.4,0.625,0.0625,0.875,0.125,0.0375,0.975,0.0375,0.8125,0.375,1.95,0.4375,0.125,1.4875,0.0625,19.025,0.3125,0.2625,62151,3516,0.43295802476943,0.919540229885057,0.666666666666667,44,31.956,10.9649843657331,9.8839913256688,-14.4325450589477,80.1375,1374.8,0.3,44,62326,0,0,0,0,1
65535,62195,0.757575757575758,0.0909090909090909,0.484848484848485,0.181818181818182,0.0303030303030303,0.0606060606060606,0.727272727272727,1.57575757575758,0.121212121212121,0.727272727272727,0.151515151515152,0.0606060606060606,1.03030303030303,0.272727272727273,0.363636363636364,0.333333333333333,0.151515151515152,0.151515151515152,0.96969696969697,0,0.848484848484849,0.484848484848485,0.515151515151515,0.575757575757576,0.303030303030303,1.66666666666667,0.121212121212121,7.51515151515152,0.303030303030303,0.0909090909090909,62195,1450,0.353859290394978,0.916666666666667,0.673469387755102,44,17.905,6.83056545252584,6.38861878491162,47.5972144538675,1219.81818181818,60436,0,0,0,0,0,0,0,0
65535,62238,1.14084507042254,0.225352112676056,0.394366197183099,0.338028169014085,0.0845070422535211,0.0563380281690141,1.38028169014085,3.46478873239437,0.028169014084507,1.28169014084507,0.112676056338028,0.028169014084507,1.77464788732394,0.647887323943662,0.0422535211267606,1.01408450704225,0.112676056338028,0.0845070422535211,0.774647887323944,0.0140845070422535,1.11267605633803,0.323943661971831,0.605633802816901,0.732394366197183,0.507042253521127,1.42253521126761,0.211267605633803,10.2957746478873,0.267605633802817,0.140845070422535,62238,3121,0.796162589276762,0.934210526315789,0.657407407407407,44,29.599,12.4854803829272,7.55474877513483,24.1575537498019,39.7746478873239,1375.70422535211,0,0,0,0,0,0,0,1
65535,62282,0.48,0.04,0.72,0.12,0.16,0,1.56,4.28,0.12,0.72,0.08,0.04,1.4,0.64,0,1.12,0,0.08,0.76,0,0.52,0.52,0.84,0.44,0.32,1.32,0.16,13.32,0.16,0.16,62282,1099,0.929283364147016,0.892857142857143,0.555555555555556,44,18.732,9.72705643354169,3.59285955825745,24.3800174866932,59513,1375.08,0,0,0,0,0,0,0,0
65535,62326,0.263157894736842,0.192982456140351,1.05263157894737,1.12280701754386,0.192982456140351,0.105263157894737,2.63157894736842,2.66666666666667,0.105263157894737,0.684210526315789,0.0350877192982456,0.087719298245614,1.6140350877193,0.701754385964912,0.0701754385964912,0.754385964912281,0.0350877192982456,0.0701754385964912,1.12280701754386,0.0175438596491228,0.719298245614035,0.543859649122807,2.31578947368421,0.526315789473684,0.175438596491228,2.28070175438596,0.280701754385965,21.4561403508772,0.315789473684211,0.192982456140351,62326,2505,0.810933247286587,0.75,0.527777777777778,44,36.058,12.6776945736369,7.41820939907119,17.207102366203,89.8070175438596,1378.50877192982,0.475,88,61975,62151,0,0,0,1
65535,62370,0.886363636363636,0.113636363636364,0.363636363636364,0.159090909090909,0.0681818181818182,0.0909090909090909,1.20454545454545,2.65909090909091,0.136363636363636,0.840909090909091,0.113636363636364,0.0681818181818182,1.70454545454545,0.545454545454545,0.0454545454545455,0.840909090909091,0.0909090909090909,0.0681818181818182,0.613636363636364,0.0227272727272727,0.977272727272727,0.136363636363636,0.568181818181818,0.704545454545455,0.318181818181818,0.886363636363636,0.0909090909090909,5.65909090909091,0.25,0.0454545454545455,62370,1934,0.699323820789145,0.977777777777778,0.814814814814815,44,21.337,8.93898287363644,6.3896296883294,2.38987111449863,730.659090909091,1377.56818181818,0,0,0,0,0,0,0,1
65535,62414,0.666666666666667,0.0909090909090909,0.515151515151515,0.181818181818182,0.0303030303030303,0.0303030303030303,1.21212121212121,1.60606060606061,0.0606060606060606,0.96969696969697,0.121212121212121,0.0606060606060606,1.12121212121212,0.545454545454545,0.757575757575758,0.151515151515152,0.121212121212121,0.272727272727273,1.81818181818182,0,1.12121212121212,0.575757575757576,0.666666666666667,0.484848484848485,0.515151515151515,1.87878787878788,0.242424242424242,6.54545454545455,0.181818181818182,0.151515151515152,62414,1450,0.900718081647656,0.916666666666667,0.6,44,22.47,10.4371724018043,4.5339506675065,-14.7826504599187,1097.24242424242,1377.87878787879,0.423076923076923,44,62678,0,0,0,0,1
65535,62458,0.258620689655172,0.0862068965517241,0.982758620689655,0.672413793103448,0.137931034482759,0.0862068965517241,2.5,2.05172413793103,0.120689655172414,0.96551724137931,0.0862068965517241,0.0344827586206897,1.13793103448276,0.413793103448276,0.0862068965517241,0.396551724137931,0.137931034482759,0.0689655172413793,0.844827586206897,0.0344827586206897,0.827586206896552,0.448275862068966,4.22413793103448,0.568965517241379,0.344827586206897,1.56896551724138,0.224137931034483,13.9827586206897,0.224137931034483,0.293103448275862,62458,2549,0.843729138927929,0.950819672131147,0.753246753246753,44,26.39,11.9413184877584,6.40973159404121,18.759252728334,191.706896551724,1378.87931034483,0,0,0,0,0,0,0,1
65535,62502,0.170731707317073,0.268292682926829,0.853658536585366,0.121951219512195,0.195121951219512,0.024390243902439,1.07317073170732,2.09756097560976,0.121951219512195,0.658536585365854,0.0731707317073171,0.024390243902439,NaN,0.292682926829268,0.0487804878048781,0.51219512195122,0.0487804878048781,0,1.02439024390244,0,0.829268292682927,0.341463414634146,2.4390243902439,0.317073170731707,0.317073170731707,1.51219512195122,0.268292682926829,9.48780487804878,0.268292682926829,0.121951219512195,62502,1802,0.801860619364284,0.976190476190476,0.732142857142857,44,21.246,9.49743612507056,5.674823764481,40.4296067169535,388.341463414634,1377.09756097561,0.346153846153846,44,62766,0,0,0,0,0
65535,62546,0.560975609756098,0.146341463414634,0.475609756097561,0.109756097560976,0.0975609756097561,0.0731707317073171,1.39024390243902,2.48780487804878,0.0487804878048781,1.39024390243902,0.0731707317073171,0.0487804878048781,3.09756097560976,0.439024390243902,0.0975609756097561,0.670731707317073,0.0975609756097561,0.0609756097560976,1.08536585365854,0.0121951219512195,1.75609756097561,0.426829268292683,0.573170731707317,0.634146341463415,0.768292682926829,1.48780487804878,0.317073170731707,8.09756097560976,0.292682926829268,0.231707317073171,62546,3604,0.589463973113551,0.964705882352941,0.759259259259259,44,29.872,11.4588650092463,9.25641004694895,-4.84611755053295,543.341463414634,1376.9756097561,0,0,0,0,0,0,0,1
65535,62590,0.962025316455696,0.151898734177215,0.354430379746835,0.0886075949367089,0.10126582278481,0.151898734177215,1.79746835443038,3.17721518987342,0.0506329113924051,1.20253164556962,0.126582278481013,0.0632911392405063,2.36708860759494,0.607594936708861,0.177215189873418,0.759493670886076,0.139240506329114,0.10126582278481,0.89873417721519,0.0253164556962025,1.27848101265823,0.379746835443038,0.594936708860759,0.835443037974684,0.594936708860759,1.12658227848101,0.113924050632911,10.379746835443,0.30379746835443,0.126582278481013,62590,3472,0.714667243052768,0.951807228915663,0.731481481481482,44,30.062,12.2148690552187,8.54386854189204,14.5276764877061,229.759493670886,1379.82278481013,0,0,0,0,0,0,0,1
65535,62634,0.505376344086022,0.129032258064516,0.591397849462366,0.182795698924731,0.0752688172043011,0.0860215053763441,1.20430107526882,2.38709677419355,0.010752688172043,1.24731182795699,0.0537634408602151,0.0537634408602151,2.52688172043011,0.419354838709677,0.043010752688172,0.397849462365591,0.129032258064516,0.0752688172043011,0.817204301075269,0.010752688172043,1.36559139784946,0.43010752688172,1.80645161290323,0.505376344086022,0.494623655913979,1.51612903225806,0.193548387096774,9.18279569892473,0.268817204301075,0.129032258064516,62634,4088,0.78568075512898,0.96875,0.738095238095238,44,33.238,14.0458665114929,8.68922475762275,13.1256665214475,957.408602150538,1377.93548387097,0.166666666666667,88,62898,62986,0,0,0,1
65535,62678,0.15,0.1,0.4,0.1,0.15,0.05,0.7,1.25,0.1,1.1,0.15,0,0.5,0.25,0.15,0.1,0.15,0.15,1.05,0.1,0.65,0.55,0.65,0.3,0.4,1.35,0.05,5.65,0.5,0.25,62678,879,0.793324394070934,44,0.833333333333333,44,13.472,6.58681803802368,4.01004922670938,20.9561743575075,1091.7,1380.6,0.5,44,62414,0,0,0,0,1
65535,62722,0.188679245283019,0.169811320754717,1.13207547169811,1.13207547169811,0.113207547169811,0.0943396226415094,2.43396226415094,1.88679245283019,0.0943396226415094,0.622641509433962,0.169811320754717,0.0188679245283019,0.981132075471698,0.547169811320755,0.0943396226415094,0.584905660377358,0.0943396226415094,0.0377358490566038,1.47169811320755,0.0188679245283019,0.867924528301887,0.660377358490566,1.15094339622642,0.377358490566038,0.245283018867925,1.83018867924528,0.226415094339623,14.5471698113208,0.377358490566038,0.188679245283019,62722,2330,0.619184407028519,0.981481481481482,0.736111111111111,44,23.686,9.39065575652367,7.37397122019973,43.5514437960793,110.094339622642,1382.58490566038,0,0,0,0,0,0,0,1
65535,62766,0.134831460674157,0.179775280898876,1.01123595505618,0.224719101123596,0.112359550561798,0.101123595505618,1.46067415730337,2.97752808988764,0.123595505617978,0.640449438202247,0.101123595505618,0.0224719101123596,1.35955056179775,0.404494382022472,0.112359550561798,0.550561797752809,0.0786516853932584,0.0786516853932584,0.573033707865169,0.0112359550561798,0.719101123595506,0.370786516853933,5.95505617977528,0.539325842696629,0.292134831460674,1.07865168539326,0.224719101123596,12.0898876404494,0.179775280898876,0.202247191011236,62766,3912,0.825965934084987,0.881188118811881,0.706349206349206,44,35.024,14.6769682353713,8.27370101961842,9.99357175090794,382.348314606742,1384.2808988764,0.25,44,62502,0,0,0,0,1
65535,62810,0.585365853658537,0.195121951219512,0.560975609756098,0.365853658536585,0.0731707317073171,0.0487804878048781,1.31707317073171,1.53658536585366,0.0975609756097561,1.02439024390244,0.024390243902439,0,1.07317073170732,0.609756097560976,0.0487804878048781,0.317073170731707,0.0975609756097561,0.024390243902439,1.07317073170732,0.024390243902439,0.951219512195122,0.365853658536585,0.463414634146341,0.439024390243902,0.390243902439024,1.34146341463415,0.121951219512195,7.90243902439024,0.195121951219512,0.170731707317073,62810,1802,0.894301589813147,0.953488372093023,0.683333333333333,44,22.561,11.0296034824095,4.93535832074173,-22.4048773066705,751.439024390244,1384.34146341463,0,0,0,0,0,0,0,1
65535,62854,0.258426966292135,0.146067415730337,0.752808988764045,0.258426966292135,0.157303370786517,0.0561797752808989,1.51685393258427,2.08988764044944,0.0561797752808989,1.0561797752809,0.0898876404494382,0.0337078651685393,1.43820224719101,0.460674157303371,0.0112359550561798,0.696629213483146,0.134831460674157,0.157303370786517,0.775280898876405,0.0449438202247191,0.651685393258427,0.438202247191011,3.84269662921348,0.460674157303371,0.325842696629214,1.03370786516854,0.134831460674157,14.0786516853933,0.359550561797753,0.258426966292135,62854,3912,0.653792020596312,0.872549019607843,0.57051282051282,44,39.234,12.9070545946377,9.76643647934282,-38.8898477764025,1309.8202247191,1384.91011235955,0,0,0,0,0,0,0,1
65535,62898,0.142857142857143,0.0476190476190476,2.28571428571429,0.476190476190476,0.142857142857143,0,2.0952380952381,2.0952380952381,0,0.857142857142857,0.142857142857143,0,1.19047619047619,0.523809523809524,0.380952380952381,0.714285714285714,0.19047619047619,0.0476190476190476,0.761904761904762,0,0.857142857142857,0.666666666666667,18.1904761904762,0.428571428571429,0.333333333333333,1.19047619047619,0.19047619047619,16.3333333333333,0.238095238095238,0.523809523809524,62898,923,0.843860809482874,0.91304347826087,0.6,44,15.548,7.46754000253671,4.00679927308849,30.7574386314914,957.095238095238,1385.95238095238,0.947368421052632,88,62634,62986,0,0,0,1
65535,62942,0.352941176470588,0.117647058823529,0.588235294117647,0.382352941176471,0.117647058823529,0.147058823529412,1.82352941176471,2.76470588235294,0.0294117647058824,0.882352941176471,0.176470588235294,0.0294117647058824,1.05882352941176,0.264705882352941,0,0.588235294117647,0.0882352941176471,0.0294117647058824,1.08823529411765,0.0294117647058824,1.17647058823529,0.323529411764706,0.705882352941177,0.558823529411765,0.470588235294118,1.67647058823529,0.235294117647059,12.4117647058824,0.352941176470588,0.0882352941176471,62942,1494,0.752012368926526,0.971428571428571,0.708333333333333,44,18.823,8.24508744284605,5.4347410977114,23.2074816302055,47.8235294117647,1386.73529411765,0,0,0,0,0,0,0,1
65535,62986,0.150943396226415,0.169811320754717,1.52830188679245,0.792452830188679,0.150943396226415,0.0566037735849057,2.33962264150943,2.22641509433962,0.0566037735849057,0.584905660377358,0.0754716981132075,0.0566037735849057,1.39622641509434,0.679245283018868,0.0754716981132075,0.69811320754717,0.0566037735849057,0.188679245283019,0.905660377358491,0.113207547169811,0.509433962264151,0.679245283018868,8.07547169811321,0.433962264150943,0.339622641509434,1.56603773584906,0.245283018867925,19.2075471698113,0.188679245283019,0.188679245283019,62986,2330,0.578250559744448,0.913793103448276,0.654320987654321,44,27.986,9.78603275410391,7.98402518937394,51.1206957924618,962.094339622642,1387.56603773585,0.454545454545455,88,62634,62898,0,0,0,1
65535,63030,0.875,0.125,0.604166666666667,0.229166666666667,0.0625,0.0833333333333333,1.5,2.79166666666667,0.0625,1.22916666666667,0,0.166666666666667,1.27083333333333,0.520833333333333,0.0833333333333333,0.770833333333333,0.145833333333333,0.0416666666666667,1.10416666666667,0.0416666666666667,0.895833333333333,0.4375,0.604166666666667,0.583333333333333,0.395833333333333,1.25,0.208333333333333,8.29166666666667,0.208333333333333,0.125,63030,2110,0.735649449803438,44,0.888888888888889,44,21.982,9.57988218472609,6.48905245557563,84.5516387587768,563.416666666667,1391.85416666667,0,0,0,0,0,0,0,1
65535,63074,1.81578947368421,0.0263157894736842,0.894736842105263,0.263157894736842,0.184210526315789,0.105263157894737,4.34210526315789,3.44736842105263,0.131578947368421,0.868421052631579,0.0789473684210526,0.0789473684210526,5.05263157894737,0.421052631578947,0.0789473684210526,0.842105263157895,0.105263157894737,0.0789473684210526,0.894736842105263,0,0.894736842105263,0.289473684210526,3.84210526315789,0.605263157894737,0.684210526315789,1.73684210526316,0.263157894736842,14.4210526315789,0.394736842105263,0.157894736842105,63074,1670,0.488335093728669,0.926829268292683,0.678571428571429,44,19.956,7.57849136939953,6.61341744903928,6.11860153275647,1341.76315789474,1390.39473684211,0,0,0,0,0,0,0,1
65535,63118,0.15,0.05,0.55,0.15,0.05,0.1,0.85,1.55,0,0.55,0.05,0.1,1.35,0.25,0.05,0.2,0.05,0.05,1.35,0,0.75,0.6,0.6,0.65,0.25,0.65,0.25,8.35,0.3,0.1,63118,879,0.717137165600636,44,0.833333333333333,44,12.736,6.11010092660779,4.25832517937902,0,942.5,1392.5,0,0,0,0,0,0,0,1
65535,63161,0.64,0.08,0.72,0.12,0.08,0,8.76,4.28,0.12,0.56,0.04,0,2.2,0.72,0.2,0.64,0.04,0.04,0.84,0,0.44,0.4,2.36,0.52,0.24,0.96,0,10.16,0.32,0.16,63161,1099,0.647671183472218,44,0.833333333333333,44,14.787,6.56161596425658,4.9994262275065,24.9724331460484,467.56,1392.2,0,0,0,0,0,0,0,1
65535,63205,0.154320987654321,0.185185185185185,1.16666666666667,2.2283950617284,0.160493827160494,0.0740740740740741,3.44444444444444,3.2716049382716,0.0864197530864197,1.29012345679012,0.240740740740741,0.0555555555555556,1.59876543209877,0.660493827160494,0.111111111111111,0.938271604938272,0.0925925925925926,0.0987654320987654,0.691358024691358,0.037037037037037,1.48765432098765,0.567901234567901,1.92592592592593,0.759259259259259,0.17283950617284,2.28395061728395,0.222222222222222,22.1358024691358,0.339506172839506,0.339506172839506,63205,7121,0.835558993428378,0.895027624309392,0.642857142857143,44,51.3,20.3377259268755,11.1735615887866,-2.2239657829126,505.376543209877,1391.99382716049,0,0,0,0,0,0,0,1
65535,63249,0.48936170212766,0.234042553191489,0.914893617021277,0.340425531914894,0.0425531914893617,0.0212765957446809,1.31914893617021,2.51063829787234,0,0.765957446808511,0.148936170212766,0.0212765957446809,1.21276595744681,0.297872340425532,0,0.617021276595745,0.0212765957446809,0.0638297872340425,0.851063829787234,0,0.638297872340426,0.297872340425532,1.82978723404255,0.382978723404255,0.297872340425532,1.29787234042553,0.191489361702128,10.0851063829787,0.191489361702128,0.170212765957447,63249,2066,0.776121800586366,0.746031746031746,0.435185185185185,44,30.633,11.0596451687738,6.97402449925595,12.2117220278722,1358.53191489362,1392.82978723404,0,0,0,0,0,0,0,1
65535,63293,0.481481481481481,0.296296296296296,0.666666666666667,0.222222222222222,0.0740740740740741,0.0740740740740741,1.2962962962963,2.85185185185185,0.111111111111111,1.33333333333333,0.111111111111111,0.111111111111111,1.48148148148148,0.185185185185185,0,0.333333333333333,0.111111111111111,0.111111111111111,1.33333333333333,0.0740740740740741,1.92592592592593,0.555555555555556,0.703703703703704,0.407407407407407,1.07407407407407,2.14814814814815,0.333333333333333,8.37037037037037,0.259259259259259,0.185185185185185,63293,1187,0.790169455463507,44,0.771428571428571,44,16.011,7.59082300793102,4.65232762066196,22.8213174716867,148.925925925926,1395.14814814815,0,0,0,0,0,0,0,1
65535,63337,0.296296296296296,0.148148148148148,0.592592592592593,0.388888888888889,0.0555555555555556,0.111111111111111,1.55555555555556,1.83333333333333,0.0740740740740741,0.574074074074074,0.0740740740740741,0.0555555555555556,1.24074074074074,0.388888888888889,1.33333333333333,0.666666666666667,0.037037037037037,0.111111111111111,1.35185185185185,0.037037037037037,0.592592592592593,0.314814814814815,2.31481481481481,0.333333333333333,0.351851851851852,1.38888888888889,0.0925925925925926,13.5,0.277777777777778,0.203703703703704,63337,2374,0.710906728453989,0.964285714285714,0.771428571428571,44,24.339,10.1239964258305,7.12006801395924,3.52900936971242,433.203703703704,1395.7037037037,0,0,0,0,0,0,0,1
65535,63381,0.7,0.1,0.7,0.2,0.05,0.05,0.8,1.55,0.15,0.8,0,0.15,1.75,0.35,0.05,0.85,0.05,0.05,0.5,0,0.45,0.1,0.75,0.4,0.55,1.2,0.1,10.75,0.3,0.15,63381,879,0.875713185564307,0.952380952380952,0.714285714285714,44,14.696,7.47309891147048,3.60824878937767,8.58283918422238,660.95,1395.1,0,0,0,0,0,0,0,1
65535,63425,1.06976744186047,0.0697674418604651,0.558139534883721,0.162790697674419,0,0.186046511627907,1.25581395348837,2.2093023255814,0.0465116279069767,1.53488372093023,0.0930232558139535,0.0465116279069767,2.32558139534884,0.395348837209302,0.0697674418604651,0.511627906976744,0.0697674418604651,0.0930232558139535,1.34883720930233,0.0465116279069767,1.27906976744186,0.325581395348837,0.837209302325581,0.558139534883721,0.883720930232558,1.48837209302326,0.186046511627907,10.5348837209302,0.209302325581395,0.0697674418604651,63425,1890,0.876319834489975,0.811320754716981,0.597222222222222,44,26.787,11.6662512371711,5.61998023917895,10.1642045063815,620.674418604651,1395.37209302326,0,0,0,0,0,0,0,1
65535,63469,0.407407407407407,0.111111111111111,1.59259259259259,0.037037037037037,0.0740740740740741,0.0740740740740741,1.03703703703704,3.44444444444444,0.111111111111111,1.03703703703704,0.259259259259259,0,1.59259259259259,0.62962962962963,0.0740740740740741,0.703703703703704,0.0740740740740741,0.037037037037037,0.592592592592593,0.037037037037037,0.777777777777778,0.555555555555556,5.66666666666667,0.444444444444444,0.333333333333333,NaN,0.407407407407407,14.2592592592593,0.185185185185185,0.185185185185185,63469,1187,0.755771104975454,0.964285714285714,0.771428571428571,44,15.829,7.35900910931028,4.81894324619216,15.5027942197965,36.1481481481481,1398.11111111111,0,0,0,0,0,0,0,0
65535,63513,0.05,0.0666666666666667,0.783333333333333,0.35,0.116666666666667,0.0333333333333333,2.13333333333333,2.36666666666667,0.1,0.5,0.0333333333333333,0.0166666666666667,1.25,0.483333333333333,0.516666666666667,0.55,0.05,0.0666666666666667,1.23333333333333,0,0.483333333333333,0.266666666666667,4.86666666666667,0.3,0.2,1.26666666666667,0.233333333333333,14.3666666666667,0.233333333333333,0.116666666666667,63513,2637,0.763354779427812,0.952380952380952,0.779220779220779,44,26.39,11.0858013178429,7.16120010327113,-8.35711523395262,256.383333333333,1399.01666666667,0.34375,44,63777,0,0,0,0,1
65535,63557,0.323529411764706,0.0588235294117647,0.411764705882353,0.147058823529412,0.0294117647058824,0.0294117647058824,1.5,2.47058823529412,0.0882352941176471,0.617647058823529,0.0294117647058824,0.0294117647058824,0.794117647058823,0.352941176470588,0.0294117647058824,0.764705882352941,0.0588235294117647,0.176470588235294,0.411764705882353,0,0.323529411764706,0.411764705882353,0.735294117647059,0.323529411764706,0.323529411764706,1.14705882352941,0.147058823529412,10.2352941176471,0.294117647058824,0.205882352941176,63557,1494,0.087822977403038,44,0.944444444444444,44,17.946,6.69796574327155,6.67208545634673,3956,728.352941176471,1398.5,0,0,0,0,0,0,0,1
65535,63601,0.534883720930233,0.0930232558139535,0.488372093023256,0.255813953488372,0.0465116279069767,0.0697674418604651,1.44186046511628,2.41860465116279,0.116279069767442,0.674418604651163,0.0930232558139535,0.0465116279069767,1.51162790697674,0.441860465116279,0.0697674418604651,0.465116279069767,0.0465116279069767,0.0232558139534884,0.883720930232558,0,0.813953488372093,0.302325581395349,0.627906976744186,0.441860465116279,0.767441860465116,1.30232558139535,0.0930232558139535,8.06976744186047,0.325581395348837,0.0697674418604651,63601,1890,0.963311861958482,0.796296296296296,0.358333333333333,44,31.104,15.6849245563316,4.20959112461994,39.7696840364475,324.186046511628,1403.20930232558,0,0,0,0,0,0,0,1
65535,63645,0.72,0.2,0.92,0.2,0.04,0.16,0.92,2.24,0.08,1.6,0,0.12,1.28,0.16,0.16,0.36,0.04,0.08,1.16,0.08,0.8,0.8,0.68,0.32,0.44,1.4,0.32,8.36,0.48,0.16,63645,1099,0.894386649607794,0.925925925925926,0.625,44,17.508,8.7707985122137,3.92313141824444,23.3259903426496,1152.28,1402.28,0,0,0,0,0,0,0,1
65535,63689,0.692307692307692,0.102564102564103,0.487179487179487,0.128205128205128,0.0256410256410256,0.0769230769230769,1.33333333333333,2.15384615384615,0.128205128205128,0.615384615384615,0.128205128205128,0.0256410256410256,1.05128205128205,0.256410256410256,0.128205128205128,0.641025641025641,0.128205128205128,0.0512820512820513,0.666666666666667,0.0256410256410256,0.615384615384615,0.179487179487179,0.794871794871795,0.435897435897436,0.564102564102564,1.38461538461538,0.230769230769231,7.82051282051282,0.282051282051282,0.0769230769230769,63689,1714,0.883297908129183,0.928571428571429,0.557142857142857,44,22.859,10.5668790038551,4.95388096601507,27.4161392924849,527.051282051282,1403.89743589744,0,0,0,0,0,0,0,1
65535,63733,0.541666666666667,0.208333333333333,0.791666666666667,0.0416666666666667,0.125,0,1.04166666666667,1.70833333333333,0.0833333333333333,1.08333333333333,0.0833333333333333,0,0.916666666666667,0.541666666666667,0.291666666666667,0.208333333333333,0.166666666666667,0.0416666666666667,1.58333333333333,0,1.29166666666667,0.375,0.875,0.291666666666667,0.625,1.41666666666667,0.125,5.875,0.25,0.0416666666666667,63733,1055,0.574717566567462,44,0.8,44,14.142,6.18979878767913,5.06543316906542,19.6048839962283,1059.33333333333,1404.875,0.111111111111111,44,64172,0,0,0,0,1
65535,63777,0.2,0.171428571428571,1.05714285714286,0.285714285714286,0.2,0.0571428571428571,1.97142857142857,1.91428571428571,0.114285714285714,1.05714285714286,0.142857142857143,0,1.57142857142857,0.314285714285714,0.0857142857142857,0.628571428571429,0.0857142857142857,0.0285714285714286,0.942857142857143,0,0.457142857142857,0.4,5.51428571428571,0.4,0.314285714285714,0.914285714285714,0.0857142857142857,15.2285714285714,0.114285714285714,0.142857142857143,63777,1538,0.640274724870492,0.921052631578947,0.729166666666667,44,19.104,7.81242874918905,6.00108589080146,1.19670739718252,258.428571428571,1405.34285714286,0.875,88,63513,64085,0,0,0,1
65535,63821,0.611111111111111,0.0277777777777778,0.611111111111111,0.638888888888889,0.0833333333333333,0.111111111111111,1.22222222222222,1.94444444444444,0.111111111111111,0.611111111111111,0.0833333333333333,0.0277777777777778,0.694444444444444,0.333333333333333,0.0833333333333333,0.583333333333333,0,0.0277777777777778,0.972222222222222,0.0277777777777778,0.5,0.25,0.861111111111111,0.416666666666667,0.5,1.27777777777778,0.222222222222222,8.88888888888889,0.166666666666667,0.222222222222222,63821,1582,0.655222984397474,0.972972972972973,0.75,44,19.286,7.94853776301799,6.00460784157563,-66.7438565944346,859.694444444444,1407.19444444444,0,0,0,0,0,0,0,1
65535,63865,0.138888888888889,0.111111111111111,0.666666666666667,0.833333333333333,0.222222222222222,0.111111111111111,1.33333333333333,1.77777777777778,0.0277777777777778,0.527777777777778,0.0555555555555556,0,0.972222222222222,0.361111111111111,0.111111111111111,0.583333333333333,0.194444444444444,0.0555555555555556,0.75,0.0555555555555556,0.527777777777778,0.416666666666667,1.33333333333333,0.388888888888889,0.305555555555556,0.944444444444444,0.138888888888889,11.8611111111111,0.333333333333333,0.305555555555556,63865,1582,0.886032984093807,0.9,0.5625,44,22.288,10.4928518454965,4.86471913343682,54.44650772161,45360,1406.52777777778,0,0,0,0,0,0,0,0
65535,63909,0.807692307692308,0.153846153846154,0.692307692307692,0.153846153846154,0,0.0384615384615385,1.42307692307692,1.65384615384615,0.230769230769231,0.769230769230769,0.153846153846154,0.0384615384615385,2.07692307692308,0.192307692307692,0.0384615384615385,0.5,0.0384615384615385,0.0384615384615385,0.576923076923077,0.0769230769230769,0.769230769230769,0.384615384615385,1.11538461538462,0.269230769230769,0.538461538461538,1.65384615384615,0.0769230769230769,8.65384615384615,0.153846153846154,0.0384615384615385,63909,1143,0.759527018280199,44,0.742857142857143,44,15.366,7.23766331454649,4.70792451263486,20.4515395780146,1259.03846153846,1407.07692307692,0,0,0,0,0,0,0,1
65535,63953,0.266666666666667,0.155555555555556,0.466666666666667,0.511111111111111,0.111111111111111,0.0444444444444444,1.55555555555556,1.4,0.0444444444444444,0.311111111111111,0.0888888888888889,0.0222222222222222,0.688888888888889,0.266666666666667,0.177777777777778,0.333333333333333,0.133333333333333,0.0888888888888889,1.51111111111111,0,0.533333333333333,0.377777777777778,NaN,0.466666666666667,0.4,1.22222222222222,0.0888888888888889,8.44444444444444,0.155555555555556,0.155555555555556,63953,1978,0.691954652042846,0.978260869565217,0.703125,44,21.544,9.00658710541794,6.50222420228009,54.9178623833673,792.288888888889,1408.64444444444,0,0,0,0,0,0,0,0
65535,63997,0.53968253968254,0.111111111111111,0.396825396825397,0.0793650793650794,0.0476190476190476,0.0476190476190476,1.06349206349206,3.03174603174603,0.0634920634920635,0.634920634920635,0.0634920634920635,0.0317460317460317,4.6031746031746,0.365079365079365,0.0793650793650794,0.73015873015873,0.158730158730159,0.19047619047619,0.80952380952381,0,0.777777777777778,0.26984126984127,1.01587301587302,0.571428571428571,0.873015873015873,1.34920634920635,0.238095238095238,9.96825396825397,0.301587301587302,0.111111111111111,63997,2769,0.637025910031993,0.887323943661972,0.636363636363636,44,28.491,10.5920687810615,8.1648156123622,-74.6851730760691,925.063492063492,1407.33333333333,0,0,0,0,0,0,0,1
65535,64041,0.16,0.32,0.36,0.16,0.16,0,1.84,1.88,0.16,0.6,0.24,0.04,1.24,0.4,0,0.44,0,0.04,0.88,0.04,0.76,0.44,2.8,0.28,0.36,1.2,0.28,10.44,0.36,0.04,64041,1099,0.634698018575242,0.961538461538462,0.833333333333333,44,15.159,6.53961921742351,5.05355787122022,9.54055721447679,248.6,1409.76,0.5,44,64085,0,0,0,0,1
65535,64085,0.170731707317073,0.219512195121951,0.658536585365854,0.390243902439024,0.268292682926829,0.170731707317073,1.5609756097561,NaN,0.0975609756097561,0.707317073170732,0.0975609756097561,0.0487804878048781,1.34146341463415,0.390243902439024,0.170731707317073,0.585365853658537,0.0731707317073171,0.024390243902439,1.34146341463415,0,0.560975609756098,0.292682926829268,5.58536585365854,0.390243902439024,0.195121951219512,1.41463414634146,0.317073170731707,15.2926829268293,0.268292682926829,0.195121951219512,64085,1802,0.707907812751923,0.931818181818182,0.759259259259259,44,21.436,8.73384195023577,6.16875485137,-1.82732307605341,255.585365853659,1410.53658536585,44,132,63777,64041,64216,0,0,0
65535,64128,0.65,0.4,0.7,0.2,0,0.05,1.35,1.7,0,0.8,0.05,0,1.05,0.2,0.1,0.2,0.2,0.1,0.95,0.05,0.8,0.3,0.8,0.25,0.4,1.5,0.05,7.5,0.35,0.05,64128,879,0.792807240748112,0.909090909090909,0.666666666666667,44,14.142,6.72292233922728,4.09743601382444,24.0123901705821,587.45,1411.8,0,0,0,0,0,0,0,1
65535,64172,0.6,0.28,0.64,0.24,0.12,0.12,1.12,1.64,0.04,1.24,0.04,0.04,0.68,0.28,0.24,0.52,0,0.04,1.4,0,0.76,0.72,0.48,0.36,0.52,1.16,0.2,8.52,0.4,0.04,64172,1099,0.527789527852822,44,0.833333333333333,44,14.787,6.23983215089175,5.29995862204265,-6.1323868639462,1061.24,1412.2,0.111111111111111,44,63733,0,0,0,0,1
65535,64216,0.377358490566038,0.169811320754717,0.641509433962264,0.39622641509434,0.0188679245283019,0.0566037735849057,1.22641509433962,2.15094339622642,0.0754716981132075,0.867924528301887,0.0377358490566038,0.0377358490566038,0.849056603773585,0.39622641509434,0.113207547169811,0.452830188679245,0.0566037735849057,0.0566037735849057,0.924528301886792,0.0188679245283019,0.981132075471698,0.207547169811321,0.660377358490566,0.471698113207547,0.339622641509434,1.35849056603774,0.226415094339623,8.9811320754717,0.264150943396226,0.245283018867925,64216,2330,0.896123904610484,0.868852459016393,0.582417582417582,44,29.69,13.1702406001504,5.84500482379674,7.78024088969996,261.075471698113,1414.47169811321,0.444444444444444,44,64085,0,0,0,0,1
65535,64260,0.333333333333333,0.285714285714286,0.857142857142857,0,0.0476190476190476,0.0476190476190476,0.666666666666667,3.33333333333333,0.0476190476190476,0.428571428571429,0.0952380952380952,0.0476190476190476,1.14285714285714,0.714285714285714,0.0476190476190476,0.380952380952381,0.0952380952380952,0.0952380952380952,0.904761904761905,0,0.238095238095238,0.0952380952380952,1.57142857142857,0.428571428571429,0.285714285714286,1.42857142857143,0.380952380952381,13.5714285714286,0.285714285714286,0.0476190476190476,64260,923,0.967772834355637,0.807692307692308,0.636363636363636,44,21.916,11.8120223638435,2.97456043176609,-3.68484155614185,526.666666666667,1413.85714285714,0,0,0,0,0,0,0,1
65535,64304,0.355555555555556,0.0888888888888889,0.555555555555556,0.111111111111111,0.111111111111111,0.0666666666666667,1.02222222222222,1.73333333333333,0.0444444444444444,NaN,0.0444444444444444,0.0888888888888889,1.68888888888889,0.377777777777778,0.288888888888889,0.333333333333333,0.0666666666666667,0.155555555555556,0.977777777777778,0.0444444444444444,1.37777777777778,0.333333333333333,0.444444444444444,0.666666666666667,0.688888888888889,1.71111111111111,0.177777777777778,7.95555555555556,0.177777777777778,0.222222222222222,64304,1978,0.748667948297958,0.957446808510638,0.714285714285714,44,21.825,9.46271530788456,6.27326144245433,-23.7951991772545,369.555555555556,1418.15555555556,0,0,0,0,0,0,0,0
65535,64348,0.4,0.153846153846154,0.738461538461539,0.246153846153846,0.107692307692308,0.0769230769230769,1.01538461538462,1.87692307692308,0.0307692307692308,1.70769230769231,0.123076923076923,0.0153846153846154,0.938461538461538,0.338461538461538,0.0923076923076923,0.476923076923077,0.0769230769230769,0.0923076923076923,1.4,0.0461538461538462,0.969230769230769,0.661538461538462,0.492307692307692,0.415384615384615,0.630769230769231,1.58461538461538,0.2,6.46153846153846,0.307692307692308,0.138461538461538,64348,2857,0.501277601037434,0.942028985507246,0.8125,44,27.705,10.0288696908126,8.67784578329806,1.18510898204802,1160.83076923077,1416.26153846154,0,0,0,0,0,0,0,1
65535,64392,0.137931034482759,0.0689655172413793,1.3448275862069,0.758620689655172,0.344827586206897,0.0689655172413793,2.44827586206897,2.20689655172414,0.0344827586206897,0.551724137931034,0.103448275862069,0,1.03448275862069,0.448275862068966,0.0344827586206897,0.551724137931034,0.137931034482759,0.172413793103448,NaN,0,0.758620689655172,0.448275862068966,2.96551724137931,0.344827586206897,0.206896551724138,1.37931034482759,0.310344827586207,18.5862068965517,0.206896551724138,0.379310344827586,64392,1275,0.735827648719329,0.935483870967742,0.69047619047619,44,17.326,7.58451285450676,5.13599595933105,-70.3257474407488,864.275862068965,1419.13793103448,0,0,0,0,0,0,0,0
65535,64436,0.636363636363636,0.272727272727273,0.681818181818182,0.0454545454545455,0.0454545454545455,0,0.590909090909091,2.54545454545455,0.0454545454545455,0.409090909090909,0,0.0454545454545455,1.09090909090909,0.636363636363636,3.09090909090909,0.590909090909091,0.0909090909090909,0.181818181818182,1.86363636363636,0,0.318181818181818,0.409090909090909,1.40909090909091,0.454545454545455,0.772727272727273,0.818181818181818,0.136363636363636,9.45454545454546,0.409090909090909,0.136363636363636,64436,967,0.761135014418238,44,0.916666666666667,44,14.026,6.66081787936836,4.3201629839845,12.5574174430723,1111.5,1421.5,0.25,44,64656,0,0,0,0,1
65535,64480,0.485714285714286,0.0857142857142857,0.557142857142857,0.4,0.0714285714285714,0.0285714285714286,1.61428571428571,2.37142857142857,0.0428571428571429,0.357142857142857,0.0714285714285714,0.0571428571428571,1.34285714285714,0.414285714285714,1.15714285714286,0.828571428571429,0.0714285714285714,0.0714285714285714,1.25714285714286,0,0.485714285714286,0.242857142857143,3.75714285714286,0.371428571428571,0.185714285714286,0.914285714285714,0.214285714285714,10.1142857142857,0.0714285714285714,0.2,64480,3077,0.819719728748532,0.972222222222222,0.833333333333333,44,28.441,12.5905400503409,7.21141870537022,4.29469438577213,1005.31428571429,1422.9,0,0,0,0,0,0,0,1
65535,64524,0.32,0.2,0.44,0.16,0,0.04,1.2,1.4,0.04,1.36,0.32,0.08,1.32,0.48,0,0.4,0,0.04,1.4,0,1.56,0.52,0.44,0.6,0.44,1.8,0.12,5.16,0.24,0.04,64524,1099,0.838678245452452,44,0.892857142857143,44,15.895,7.76533492428581,4.22921271400881,10.7273168080234,1271.08,1422.56,0,0,0,0,0,0,0,1
65535,64568,0.380952380952381,0.142857142857143,0.666666666666667,0.476190476190476,0.238095238095238,0.0952380952380952,1.76190476190476,2.76190476190476,0.0476190476190476,0.428571428571429,0.0952380952380952,0.0476190476190476,1.0952380952381,0.380952380952381,0,0.714285714285714,0,0.0952380952380952,0.619047619047619,0,0.80952380952381,0.0952380952380952,1.71428571428571,0.428571428571429,0.285714285714286,NaN,0.285714285714286,15.8095238095238,0.19047619047619,0.19047619047619,64568,923,0.856248441708922,0.954545454545455,0.75,44,15.25,7.45673568518287,3.85188294453149,18.5573313739451,112.238095238095,1424.42857142857,0,0,0,0,0,0,0,0
65535,64612,0.170212765957447,0.170212765957447,1.74468085106383,0.0638297872340425,0.106382978723404,0.0425531914893617,0.872340425531915,3.4468085106383,0.0638297872340425,0.74468085106383,0.148936170212766,0.0212765957446809,1.29787234042553,0.531914893617021,0.0851063829787234,0.74468085106383,0.0212765957446809,0.106382978723404,0.851063829787234,0.0212765957446809,0.851063829787234,0.191489361702128,3.08510638297872,0.404255319148936,0.276595744680851,1.70212765957447,0.212765957446809,13.7872340425532,0.276595744680851,0.127659574468085,64612,2066,0.837042077246968,0.979166666666667,0.671428571428571,44,23.785,10.6403040127202,5.82172019813768,26.6205074121688,174.212765957447,1424.23404255319,0,0,0,0,0,0,0,1
65535,64656,NaN,0.19047619047619,0.238095238095238,0.142857142857143,0.0476190476190476,0.0476190476190476,NaN,1.95238095238095,0.0476190476190476,1.28571428571429,0,0.142857142857143,1.33333333333333,0.380952380952381,0.238095238095238,0.19047619047619,0,0.0952380952380952,1.38095238095238,0.0476190476190476,1.52380952380952,0.571428571428571,0.714285714285714,0.142857142857143,0.523809523809524,1.52380952380952,0.142857142857143,8.38095238095238,0.238095238095238,0.19047619047619,64656,923,0.73496450927458,44,0.875,44,13.381,6.36380931210564,4.31533456930668,7.20249820514167,1109.38095238095,1427.57142857143,0.25,44,64436,0,0,0,0,0
65535,64700,0.230769230769231,0.115384615384615,0.269230769230769,0.115384615384615,0,0.0384615384615385,0.538461538461538,1.73076923076923,0,0.769230769230769,0.115384615384615,0.0769230769230769,0.461538461538462,0.269230769230769,0.115384615384615,0.346153846153846,0,0.0384615384615385,0.884615384615385,0,0.961538461538462,0.230769230769231,0.423076923076923,0.346153846153846,0.576923076923077,1.73076923076923,0.384615384615385,5.42307692307692,0.192307692307692,0.153846153846154,64700,1143,0.826963729562048,44,0.722222222222222,44,16.102,7.81332075883501,4.39308078220804,42.6586422488546,1157.34615384615,1429.42307692308,0,0,0,0,0,0,0,1
65535,64744,0.14975845410628,0.193236714975845,0.647342995169082,4.73429951690821,0.130434782608696,0.0628019323671498,2.56521739130435,3.70048309178744,0.106280193236715,1.52657004830918,0.135265700483092,0.0144927536231884,1.92270531400966,0.748792270531401,0.0821256038647343,1.38647342995169,0.265700483091787,0.173913043478261,0.560386473429952,0.0338164251207729,1.7487922705314,0.555555555555556,1.4975845410628,0.990338164251208,0.342995169082126,2.65700483091787,0.265700483091787,23.048309178744,0.526570048309179,0.309178743961353,64744,9098,0.670274844509306,0.962790697674419,0.71875,44,49.092,18.9156132260771,14.0375215610696,34.6753854917411,156.342995169082,1427.35265700483,0,0,0,0,0,0,0,1
65535,64788,0.92,0.08,0.48,0.32,0.2,0.12,12.12,2.68,0.36,0.56,0.12,0.04,1.08,0.2,0.08,0.64,0.04,0.12,NaN,0,0.56,0.6,0.68,0.4,0.76,1.24,0.08,NaN,0.36,0.12,64788,1099,0.499028599092118,44,0.694444444444444,44,15.176,6.21292691861384,5.38403248231567,34.3826479328731,604.68,62898,0,0,0,0,0,0,0,0
65535,64832,0.625,0.125,0.84375,0.375,0.0625,0.1875,NaN,2.125,0.15625,0.8125,0.09375,0.03125,1.09375,0.3125,0,0.5625,0.09375,0.125,1.03125,0.0625,1.0625,0.25,0.53125,0.46875,0.46875,1.5,0.34375,9.375,0.21875,0.0625,64832,1407,0.62210265933365,0.96969696969697,0.761904761904762,44,17.326,7.30296743340222,5.71775378390267,0,31954,1436.90625,0,0,0,0,0,0,0,0
65535,64876,0.0606060606060606,0.212121212121212,0.333333333333333,0.272727272727273,0.0909090909090909,0,1.36363636363636,1.18181818181818,0.0909090909090909,0.484848484848485,0.0303030303030303,0.0303030303030303,0.878787878787879,0.272727272727273,0.0909090909090909,0.272727272727273,0,0.0606060606060606,0.575757575757576,0,0.484848484848485,0.181818181818182,1.78787878787879,0.333333333333333,0.303030303030303,1.03030303030303,0.121212121212121,11.0606060606061,0.151515151515152,0.333333333333333,64876,1450,0.71623782643842,0.970588235294118,0.785714285714286,44,17.789,7.88562630836136,5.50303377572924,-33.9620843810984,1194.9696969697,1438.48484848485,0.181818181818182,44,65095,0,0,0,0,1
65535,64920,1.47727272727273,0.159090909090909,0.568181818181818,0.0909090909090909,0.0681818181818182,0.0454545454545455,3.20454545454545,3.13636363636364,0.159090909090909,0.863636363636364,0.0454545454545455,0.0909090909090909,3.43181818181818,0.568181818181818,0.0681818181818182,0.477272727272727,0.113636363636364,0.136363636363636,0.840909090909091,0,0.863636363636364,0.409090909090909,0.636363636363636,0.454545454545455,0.704545454545455,1.97727272727273,0.136363636363636,12.2272727272727,0.227272727272727,0.136363636363636,64920,1934,0.714227494219313,0.977777777777778,0.785714285714286,44,21.155,9.0627594456735,6.34314884228373,-39.9789881822353,599.409090909091,1440.18181818182,0,0,0,0,0,0,0,0
65535,64964,0.875,0.25,0.625,0.125,0.0625,0.125,1.34375,2.6875,0.03125,1.46875,0.0625,0,1.1875,0.4375,1.03125,0.78125,0.125,0,1.875,0.03125,0.71875,0.4375,0.65625,0.46875,0.5,1.59375,0.25,10.46875,0.40625,0.25,64964,1407,0.833196931874938,0.888888888888889,0.711111111111111,44,19.956,8.91415886342771,4.92931926580536,-5.56903237371985,633.65625,1438.96875,0.0833333333333333,44,65183,0,0,0,0,1
65535,65008,0.576923076923077,0.0576923076923077,0.269230769230769,0.134615384615385,0.0384615384615385,0.0384615384615385,0.903846153846154,2.48076923076923,0.173076923076923,0.653846153846154,0.0961538461538462,0.0384615384615385,2.01923076923077,0.615384615384615,0.0576923076923077,0.730769230769231,0.115384615384615,0.0576923076923077,1.38461538461538,0.0192307692307692,0.942307692307692,0.346153846153846,0.75,0.596153846153846,0.903846153846154,1.25,0.269230769230769,12.9038461538462,0.269230769230769,0.230769230769231,65008,2286,0.847190754853763,0.945454545454545,0.675324675324675,44,25.009,11.4597343328929,6.08842888905421,-15.2400671962184,180.884615384615,1440.11538461538,0,0,0,0,0,0,0,0
65535,65052,0.735849056603774,0.132075471698113,0.452830188679245,0.0943396226415094,0.0566037735849057,0.0943396226415094,NaN,3.07547169811321,0.0188679245283019,0.679245283018868,0.0188679245283019,0.0377358490566038,2.92452830188679,0.622641509433962,0.150943396226415,0.905660377358491,0.0566037735849057,0.0566037735849057,0.566037735849057,0.0188679245283019,0.943396226415094,0.358490566037736,1.60377358490566,0.490566037735849,0.679245283018868,1.16981132075472,0.132075471698113,9.26415094339623,0.339622641509434,0.0188679245283019,65052,2330,0.625178309960491,0.946428571428571,0.736111111111111,44,24.149,9.53234869085882,7.43982613388765,-36.0614980458339,741.245283018868,1442.92452830189,0,0,0,0,0,0,0,0
65535,65095,0.606060606060606,0.181818181818182,0.696969696969697,0.121212121212121,0.181818181818182,0.0909090909090909,1.09090909090909,2.24242424242424,0.0909090909090909,1.45454545454545,0.0606060606060606,0,2.15151515151515,0.212121212121212,0.0606060606060606,0.242424242424242,0.0909090909090909,0.181818181818182,NaN,0,1.09090909090909,0.181818181818182,0.666666666666667,0.333333333333333,0.424242424242424,1.45454545454545,0.0606060606060606,6.66666666666667,0.393939393939394,0.242424242424242,65095,1450,0.852377654465474,0.942857142857143,0.733333333333333,44,19.195,9.10253352141678,4.75995782117282,-14.6087959215716,1201.15151515152,1444.93939393939,0.173913043478261,44,64876,0,0,0,0,0
65535,65139,0.413793103448276,0.0689655172413793,0.310344827586207,0.0689655172413793,0.0862068965517241,0.0517241379310345,1.24137931034483,2.29310344827586,0.0689655172413793,0.96551724137931,0.0862068965517241,0.0172413793103448,1.72413793103448,0.413793103448276,0.0172413793103448,0.655172413793103,0.0689655172413793,0.120689655172414,0.637931034482759,0.0344827586206897,1.06896551724138,0.379310344827586,0.672413793103448,0.620689655172414,0.344827586206897,0.931034482758621,0.172413793103448,7.06896551724138,0.293103448275862,0.103448275862069,65139,2549,0.561957312478496,0.950819672131147,0.725,44,25.191,9.60580111115563,7.94559433130622,-11.2879908220008,375.844827586207,1445.58620689655,0,0,0,0,0,0,0,0
65535,65183,0.729411764705882,0.176470588235294,0.611764705882353,0.105882352941176,0.141176470588235,0.152941176470588,1.22352941176471,3.25882352941176,0.0588235294117647,1.07058823529412,0.0705882352941176,0.0941176470588235,2.91764705882353,0.623529411764706,0.0705882352941176,0.729411764705882,0.117647058823529,0.152941176470588,0.811764705882353,0.0117647058823529,1.47058823529412,0.447058823529412,1.10588235294118,0.541176470588235,0.8,1.54117647058824,0.188235294117647,11.1176470588235,0.329411764705882,0.176470588235294,65183,3736,0.683753169069686,0.944444444444444,0.653846153846154,44,32.965,12.764108027745,9.31414029648013,26.7572869397226,641.082352941177,1445.95294117647,0.119047619047619,88,64964,65359,0,0,0,0
65535,65227,0.19,0.08,1.15,0.5,0.16,0.04,2.34,2.55,0.1,0.81,0.1,0.04,1.09,0.41,0.04,0.88,0.1,0.13,0.83,0,0.69,0.43,4.43,0.49,0.16,1.51,0.23,15.4,0.18,0.2,65227,4395,0.612598942472996,0.961538461538462,0.769230769230769,44,33.246,12.7832584646275,10.1038096623599,79.4371333639135,858.71,1447.17,0,0,0,0,0,0,0,0
65535,65271,0.302325581395349,0.0930232558139535,0.558139534883721,0.372093023255814,0.116279069767442,0.0930232558139535,1.90697674418605,1.65116279069767,0.0465116279069767,0.744186046511628,0.162790697674419,0.0465116279069767,NaN,0.372093023255814,0.465116279069767,0.209302325581395,0.0697674418604651,0.116279069767442,1.76744186046512,0,0.744186046511628,0.465116279069767,0.511627906976744,0.27906976744186,0.511627906976744,1.95348837209302,0.162790697674419,9.02325581395349,0.255813953488372,0.0465116279069767,65271,1890,0.918357801893416,0.955555555555556,0.5375,44,24.819,12.1304894468123,4.80065476511067,42.4317213372687,72.3720930232558,1449.25581395349,0,0,0,0,0,0,0,0
65535,65315,1.22222222222222,0.174603174603175,0.317460317460317,0.0634920634920635,0.111111111111111,0.142857142857143,1.3015873015873,1.68253968253968,0.0317460317460317,0.698412698412698,0.0634920634920635,0.0158730158730159,1.76190476190476,0.317460317460317,0.0793650793650794,0.333333333333333,0.0793650793650794,0.111111111111111,0.952380952380952,0.0158730158730159,0.793650793650794,0.253968253968254,0.444444444444444,0.349206349206349,0.301587301587302,1.57142857142857,0.333333333333333,8.66666666666667,0.349206349206349,0.0952380952380952,65315,2769,0.857120701147212,0.926470588235294,0.75,44,28.168,12.6971250548212,6.54048746574558,8.0849369928758,1370.34920634921,1450.26984126984,0,0,0,0,0,0,0,0
65535,65359,0.666666666666667,0.333333333333333,0.857142857142857,0.238095238095238,0.0476190476190476,0.142857142857143,1.33333333333333,2.33333333333333,0.0952380952380952,1.04761904761905,0.0952380952380952,0,1.38095238095238,0.380952380952381,0.0476190476190476,0.571428571428571,0,0.0476190476190476,1.66666666666667,0.0476190476190476,0.761904761904762,0.333333333333333,0.619047619047619,0.523809523809524,0.714285714285714,2.04761904761905,0.333333333333333,13.4761904761905,0.333333333333333,0.333333333333333,65359,923,0.793550329008044,44,0.875,44,13.935,6.74349044769704,4.10344510769753,15.8180179993138,630.571428571429,1452.57142857143,0.1875,44,65183,0,0,0,0,0
65535,65403,0.774193548387097,0.0483870967741935,0.451612903225806,0.129032258064516,0.112903225806452,0.129032258064516,1.12903225806452,3.03225806451613,0.032258064516129,0.580645161290323,0.0483870967741935,0.0645161290322581,2.56451612903226,0.306451612903226,0.0645161290322581,0.67741935483871,0.0967741935483871,0.129032258064516,0.887096774193548,0,1.17741935483871,0.419354838709677,0.483870967741936,0.548387096774194,0.516129032258065,1.24193548387097,0.0806451612903226,7.98387096774194,0.32258064516129,0.0806451612903226,65403,2725,0.38129324706377,0.953846153846154,0.765432098765432,44,25.373,9.30726093041847,8.60413591318206,18.205816039808,799.064516129032,1457.37096774194,0,0,0,0,0,0,0,0
65535,65447,0.35,0.45,0.45,0.25,0,0.05,1.85,0.8,0.1,1.1,0,0.05,0.75,0.3,0.2,0.2,0.25,0.1,1.05,0,1.9,0.65,0.55,0.5,0.5,1.2,0.1,5.9,0.35,0.05,65447,879,0.844339882849303,0.952380952380952,0.714285714285714,44,14.142,7.10789920680807,3.80846892235238,9.73060617344937,721.3,1458.75,0,0,0,0,0,0,0,0
65535,65491,0.666666666666667,0.117647058823529,0.568627450980392,0.176470588235294,0.196078431372549,0.0196078431372549,1.2156862745098,2.49019607843137,0,0.862745098039216,0.0784313725490196,0.0784313725490196,1.6078431372549,0.176470588235294,0.117647058823529,0.764705882352941,0.0196078431372549,0.0980392156862745,0.803921568627451,0,0.647058823529412,0.235294117647059,0.725490196078431,0.490196078431373,0.529411764705882,1.56862745098039,0.196078431372549,8.96078431372549,0.372549019607843,0.0588235294117647,65491,2242,0.855305574098006,0.910714285714286,0.62962962962963,44,25.009,11.4351236442191,5.9248108503181,45.8291270394373,638.921568627451,1459.90196078431,0,0,0,0,0,0,0,0
65535,65535,0.333333333333333,0.307692307692308,0.461538461538462,0.0769230769230769,0.0769230769230769,0.102564102564103,41.8461538461538,3.15384615384615,0.358974358974359,0.641025641025641,0.128205128205128,0.0769230769230769,1.8974358974359,1.56410256410256,0.307692307692308,0.641025641025641,0.205128205128205,0.0769230769230769,0.666666666666667,0.0256410256410256,0.82051282051282,0.615384615384615,5.87179487179487,0.487179487179487,1.07692307692308,1.41025641025641,0.256410256410256,12.1282051282051,0.205128205128205,0.102564102564103,65535,1714,0.712242242846183,0.951219512195122,0.722222222222222,44,20.692,8.62067172587353,6.05114042049469,-15.1857582524352,231.102564102564,1461.69230769231,0,0,0,0,0,0,0,0
