ImageId,CellId,Cell_141Pr_AQP4,Cell_143Nd_SQSTM1,Cell_145Nd_UBQLN2,Cell_147Sm_Glutaminase,Cell_149Sm_C9orf72,Cell_150Nd_PDL1,Cell_151Eu_MAP2,Cell_152Sm_ATXN2,Cell_153Eu_ORF1,Cell_154Sm_pTDP43,Cell_155Gd_FoxP3,Cell_156Gd_CH24H,Cell_158Gd_GFAP,Cell_159Tb_IL6ST,Cell_160Gd_IBA1,Cell_161Dy_CX3CR1,Cell_162Dy_pTBK1,Cell_163Dy_CD4,Cell_164Dy_TMEM119,Cell_165Ho_PD1,Cell_166Er_GAD67,Cell_167Er_CD8,Cell_168Er_FUS,Cell_169Tm_ChAT,Cell_170Er_APOE,Cell_171Yb_TREM2,Cell_172Yb_PDL2,Cell_174Yb_MHCclassII,Cell_175Lu_TDP43,Cell_176Yb_TBK1,Cell_2_ALS_F_FrontalCrtx_240511_1_cellmasked,Area,Eccentricity,Solidity,Extent,EulerNumber,Perimeter,MajorAxisLength,MinorAxisLength,Orientation,X_position,Y_position,Percent_Touching,Number_Neighbors,neighbour_4_CellId1,neighbour_4_CellId2,neighbour_4_CellId3,neighbour_4_CellId4,neighbour_4_CellId5
322271,1,0.685185185,0.092592593,0.37037037,0.055555556,0.074074074,0.148148148,1.259259259,2.425925926,0.055555556,1.259259259,0.092592593,0,2.87037037,0.425925926,0.888888889,0.407407407,0.055555556,0.092592593,1.055555556,0,0.759259259,0.462962963,0.444444444,0.37037037,0.259259259,0.888888889,0.166666667,9.666666667,0.277777778,0.203703704,80,54,0.803592681,0.915254237,0.642857143,1,27.548,11.16016296,6.642301768,-3.51499526,686.0555556,5.462962963,0.428571429,1,5,0,0,0,0
322271,2,0.606060606,0.212121212,0.272727273,0.03030303,0.045454545,0.015151515,0.787878788,2.090909091,0.045454545,1.333333333,0.090909091,0.045454545,1.242424242,0.333333333,0.121212121,0.287878788,0.015151515,0.060606061,0.212121212,0.015151515,0.984848485,0.257575758,0.621212121,0.287878788,0.227272727,0.727272727,0.151515152,6.242424242,0.106060606,0.090909091,160,66,0.669322918,0.956521739,0.75,1,26.787,10.78098968,8.009969387,0.35568039,756.030303,7.166666667,0,0,0,0,0,0,0
322271,3,0.627272727,0.1,0.309090909,0.054545455,0.054545455,0.081818182,0.863636364,2.936363636,0.027272727,1.627272727,0.109090909,0.027272727,2.081818182,0.363636364,0.190909091,0.390909091,0.063636364,0.081818182,0.490909091,0.018181818,0.8,0.372727273,1.054545455,0.472727273,0.218181818,0.845454545,0.109090909,8.263636364,0.327272727,0.054545455,240,110,0.553188178,0.948275862,0.769230769,1,36.157,13.11927628,10.92909607,-3.373742145,439.6545455,8.454545455,0,0,0,0,0,0,0
322271,4,0.56302521,0.100840336,0.336134454,0.042016807,0.033613445,0.042016807,0.781512605,2.495798319,0.033613445,1.151260504,0.033613445,0.025210084,2.025210084,0.403361345,0.100840336,0.25210084,0.042016807,0.100840336,0.361344538,0.008403361,0.630252101,0.369747899,0.680672269,0.268907563,0.226890756,0.714285714,0.092436975,8.159663866,0.235294118,0.084033613,320,119,0.805655239,0.9296875,0.676136364,1,39.06,16.35077934,9.685951566,16.39193312,580.9495798,7.596638655,0,0,0,0,0,0,0
322271,5,0.671052632,0.144736842,0.763157895,0,0.065789474,0.039473684,1.460526316,2.552631579,0.052631579,0.776315789,0.092105263,0.039473684,5.026315789,0.447368421,0.157894737,0.394736842,0.065789474,0.039473684,0.75,0.013157895,0.776315789,0.289473684,3.605263158,0.342105263,0.263157895,1.065789474,0.092105263,11.40789474,0.092105263,0.184210526,401,76,0.555310786,0.95,0.690909091,1,28.772,10.89022797,9.056780887,27.51216709,693.3815789,9.592105263,0.432432432,1,1,0,0,0,0
322271,6,1.535353535,0.101010101,0.474747475,0.090909091,0.080808081,0.070707071,1.292929293,4.02020202,0.04040404,2.464646465,0.141414141,0.04040404,5.252525253,0.606060606,0.181818182,0.464646465,0.111111111,0.080808081,0.494949495,0.02020202,1.090909091,0.515151515,0.848484848,0.535353535,0.232323232,0.656565657,0.191919192,10.04040404,0.292929293,0.171717172,481,99,0.64307076,0.961165049,0.761538462,1,33.064,12.89733864,9.876869154,15.1220524,157.1414141,9.656565657,0.30952381,1,11,0,0,0,0
322271,7,0.76984127,0.142857143,0.388888889,0.095238095,0.047619048,0.103174603,1.333333333,2.166666667,0.047619048,2.071428571,0.055555556,0.031746032,1.69047619,0.436507937,0.071428571,0.452380952,0.079365079,0.087301587,0.619047619,0.015873016,0.984126984,0.515873016,0.634920635,0.388888889,0.246031746,0.857142857,0.23015873,9.174603175,0.261904762,0.103174603,561,126,0.477775915,0.961832061,0.7,1,38.324,13.64673211,11.98840503,-11.85077695,232.015873,9.857142857,0,0,0,0,0,0,0
322271,8,1.239583333,0.083333333,0.541666667,0.145833333,0.041666667,0.09375,0.979166667,2.71875,0.020833333,1.40625,0.052083333,0.041666667,4.697916667,0.395833333,0.375,0.333333333,0.083333333,0.0625,0.90625,0,0.645833333,0.4375,0.572916667,0.458333333,0.229166667,0.916666667,0.072916667,7.625,0.09375,0.125,641,96,0.584691853,0.95049505,0.615384615,1,33.751,12.41316421,10.07024736,-27.19845329,39.73958333,13.73958333,0,0,0,0,0,0,0
322271,9,0.861702128,0.106382979,0.404255319,0.063829787,0.042553191,0.117021277,0.819148936,2.70212766,0.042553191,1.446808511,0.063829787,0.031914894,2.478723404,0.478723404,0.234042553,0.563829787,0.063829787,0.021276596,0.872340426,0.010638298,0.617021277,0.329787234,1.170212766,0.308510638,0.191489362,0.70212766,0.170212766,8.638297872,0.287234043,0.042553191,721,94,0.613108611,0.959183673,0.712121212,1,32.783,12.44935879,9.834976353,37.14471679,718.1489362,13.55319149,0,0,0,0,0,0,0
322271,10,1.098360656,0.106557377,0.393442623,0.131147541,0.090163934,0.073770492,1.172131148,2.549180328,0.057377049,1.409836066,0.106557377,0.057377049,2.368852459,0.385245902,0.06557377,0.459016393,0.098360656,0.073770492,0.590163934,0.008196721,1,0.491803279,0.56557377,0.319672131,0.245901639,0.959016393,0.18852459,9.336065574,0.237704918,0.155737705,801,122,0.590437552,0.924242424,0.726190476,1,39.275,14.10096589,11.38065446,29.55812241,87.14754098,13.1557377,0,0,0,0,0,0,0
322271,11,1.425742574,0.158415842,0.356435644,0.108910891,0.118811881,0.148514851,1.683168317,4.158415842,0.099009901,2.02970297,0.04950495,0.099009901,4.98019802,0.346534653,0.148514851,0.544554455,0.079207921,0.138613861,0.564356436,0.01980198,0.871287129,0.435643564,0.524752475,0.425742574,0.306930693,0.801980198,0.099009901,10.8019802,0.247524752,0.287128713,881,101,0.707180246,0.918181818,0.655844156,1,35.512,13.70917338,9.692842215,-22.57098913,167.6633663,14.86138614,0.272727273,1,6,0,0,0,0
322271,12,1.656862745,0.156862745,0.539215686,0.098039216,0.147058824,0.068627451,1.676470588,2.715686275,0.068627451,1.676470588,0.058823529,0.039215686,6.480392157,0.470588235,0.470588235,0.37254902,0.039215686,0.156862745,1.009803922,0,1.068627451,0.539215686,0.81372549,0.539215686,0.470588235,1.176470588,0.264705882,10.10784314,0.245098039,0.166666667,961,102,0.607395348,0.935779817,0.713286713,1,35.529,12.90675589,10.25312308,-21.39367465,138.5392157,18.10784314,0,0,0,0,0,0,0
322271,13,0.806818182,0.113636364,0.340909091,0.034090909,0.102272727,0.034090909,1.25,2.75,0.079545455,1.034090909,0.113636364,0.034090909,5.045454545,0.443181818,0.113636364,0.352272727,0.034090909,0.079545455,0.613636364,0.034090909,0.659090909,0.5,0.977272727,0.431818182,0.363636364,0.943181818,0.136363636,10.09090909,0.284090909,0.147727273,1042,88,0.310281687,0.946236559,0.727272727,1,30.831,10.94028941,10.40032773,43.35537866,628.1818182,18.72727273,0.025,1,24,0,0,0,0
322271,14,1.095238095,0.133333333,0.39047619,0.133333333,0.028571429,0.028571429,1.20952381,2.657142857,0.038095238,1.457142857,0.133333333,0.066666667,3.533333333,0.476190476,1.504761905,0.447619048,0.076190476,0.152380952,1.39047619,0.047619048,0.876190476,0.380952381,3.59047619,0.504761905,0.495238095,1.028571429,0.171428571,10.26666667,0.323809524,0.285714286,1122,105,0.458669933,0.954545455,0.673076923,1,34.859,12.36878635,10.9909866,17.05999638,102.7619048,20.19047619,0.363636364,1,17,0,0,0,0
322271,15,0.453846154,0.115384615,0.761538462,0.046153846,0.023076923,0.030769231,0.923076923,2.515384615,0.030769231,1.123076923,0.061538462,0.030769231,1.946153846,0.346153846,0.1,0.515384615,0.076923077,0.1,0.638461538,0.030769231,1.030769231,0.407692308,2.3,0.323076923,0.276923077,1.046153846,0.161538462,8.976923077,0.284615385,0.184615385,1202,130,0.558618768,0.948905109,0.714285714,1,39.06,14.25806983,11.82599304,39.72000756,383.6769231,19.01538462,0.428571429,1,20,0,0,0,0
322271,16,0.730337079,0.101123596,0.539325843,0.101123596,0.06741573,0.078651685,1.483146067,2.460674157,0.08988764,0.988764045,0.112359551,0.06741573,3.146067416,0.382022472,0.719101124,0.415730337,0.033707865,0.04494382,0.786516854,0.011235955,0.764044944,0.382022472,0.651685393,0.224719101,0.258426966,0.797752809,0.146067416,8.359550562,0.235955056,0.202247191,1282,89,0.526668045,0.946808511,0.674242424,1,31.311,11.65268447,9.905609586,29.27254429,472.1573034,20.16853933,0,0,0,0,0,0,0
322271,17,0.872881356,0.152542373,0.406779661,0.059322034,0.059322034,0.050847458,1.076271186,2.610169492,0.06779661,1.313559322,0.042372881,0.016949153,3.228813559,0.322033898,0.288135593,0.423728814,0.06779661,0.084745763,0.813559322,0.016949153,0.898305085,0.36440678,0.542372881,0.694915254,0.322033898,0.957627119,0.161016949,9.025423729,0.220338983,0.144067797,1362,118,0.573284819,0.921875,0.655555556,1,38.779,13.76680568,11.27991703,19.7749623,113.6355932,22.20338983,0.354166667,1,14,0,0,0,0
322271,18,0.711340206,0.206185567,0.360824742,0.082474227,0.103092784,0.082474227,1.422680412,2.371134021,0.030927835,2.257731959,0.041237113,0.020618557,3.237113402,0.422680412,0.072164948,0.381443299,0.072164948,0.06185567,0.463917526,0.041237113,0.958762887,0.350515464,0.484536082,0.587628866,0.175257732,0.773195876,0.154639175,8.597938144,0.237113402,0.195876289,1442,97,0.563324104,0.923809524,0.678321678,1,33.916,12.41892151,10.26096023,-13.40360489,455.9896907,20.90721649,0,0,0,0,0,0,0
322271,19,0.781690141,0.154929577,0.563380282,0.070422535,0.070422535,0.084507042,1.035211268,2.485915493,0.042253521,1.436619718,0.133802817,0.049295775,2.190140845,0.443661972,0.112676056,0.478873239,0.098591549,0.084507042,0.591549296,0,0.852112676,0.535211268,1.049295775,0.394366197,0.23943662,1.204225352,0.176056338,10.52816901,0.274647887,0.112676056,1522,142,0.721165934,0.928104575,0.696078431,1,43.187,16.43189031,11.38339522,-0.472060479,534.6478873,22.72535211,0.509433962,2,31,35,0,0,0
322271,20,0.545454545,0.090909091,0.376623377,0.064935065,0.064935065,0.064935065,1.25974026,1.948051948,0.077922078,1.467532468,0.025974026,0.012987013,2.181818182,0.337662338,0.103896104,0.337662338,0.103896104,0.051948052,0.779220779,0.012987013,0.519480519,0.285714286,1.532467532,0.506493506,0.324675325,0.987012987,0.155844156,7.974025974,0.181818182,0.103896104,1602,77,0.808521054,0.875,0.583333333,1,32.51,13.52804826,7.960813364,33.50405521,388.038961,26,0.634146341,2,15,34,0,0,0
322271,21,0.943661972,0.070422535,0.704225352,0.042253521,0.112676056,0.112676056,0.873239437,2.267605634,0.028169014,1.521126761,0.042253521,0.028169014,2.816901408,0.521126761,0.112676056,0.436619718,0.056338028,0.042253521,0.492957746,0.042253521,0.746478873,0.521126761,0.774647887,0.309859155,0.126760563,0.873239437,0.112676056,13.09859155,0.267605634,0.098591549,1682,71,0.763767248,0.91025641,0.591666667,1,30.178,12.04581753,7.775475767,26.50704218,651.5915493,25.30985915,0.513513514,1,25,0,0,0,0
322271,22,1.578947368,0.147368421,0.315789474,0.052631579,0.063157895,0.021052632,1.042105263,2.831578947,0.042105263,1.4,0.084210526,0.105263158,5.4,0.326315789,1.010526316,0.315789474,0.084210526,0.031578947,1.210526316,0.010526316,0.484210526,0.336842105,1.926315789,0.263157895,0.526315789,0.442105263,0.136842105,7.221052632,0.178947368,0.105263158,1763,95,0.554000796,0.95,0.730769231,1,32.51,12.14818943,10.11356373,-2.571225929,424.2105263,26.74736842,0,0,0,0,0,0,0
322271,23,0.648148148,0.157407407,0.722222222,0.055555556,0.092592593,0.055555556,1.296296296,1.898148148,0.074074074,1.444444444,0.064814815,0.018518519,3.268518519,0.222222222,0.333333333,0.314814815,0.037037037,0.064814815,0.907407407,0.027777778,0.703703704,0.333333333,2.231481481,0.314814815,0.268518519,1.037037037,0.12962963,8.824074074,0.25,0.166666667,1843,108,0.477551811,0.931034483,0.639053254,1,35.719,12.66007384,11.12318632,-50.90756278,555.75,26.9537037,0.326086957,1,31,0,0,0,0
322271,24,0.852631579,0.136842105,0.421052632,0.073684211,0.063157895,0.063157895,1.294736842,2.442105263,0.052631579,1.915789474,0.063157895,0.042105263,2.347368421,0.326315789,0.242105263,0.336842105,0.168421053,0.094736842,0.4,0.031578947,0.968421053,0.536842105,0.705263158,0.526315789,0.389473684,0.631578947,0.136842105,8.747368421,0.221052632,0.242105263,1923,95,0.471539605,0.940594059,0.71969697,1,32.237,11.79371842,10.40023026,27.75960928,636.3684211,28.30526316,0.047619048,1,13,0,0,0,0
322271,25,1.173076923,0.125,0.375,0.096153846,0.067307692,0.115384615,1.096153846,3.134615385,0.067307692,1.769230769,0.067307692,0.048076923,3.125,0.375,0.25,0.413461538,0.076923077,0.115384615,0.365384615,0.009615385,0.759615385,0.413461538,0.615384615,0.423076923,0.298076923,0.778846154,0.134615385,9.884615385,0.173076923,0.153846154,2003,104,0.751833173,0.881355932,0.571428571,1,38.415,14.8688504,9.803826775,38.19210526,656.8942308,30.11538462,0.458333333,1,21,0,0,0,0
322271,26,1.05,0.116666667,0.366666667,0,0.033333333,0.116666667,1.683333333,3.433333333,0.05,1.716666667,0.066666667,0.033333333,3.2,0.4,0.166666667,0.45,0.033333333,0.116666667,0.35,0.016666667,0.966666667,0.483333333,0.583333333,0.566666667,0.266666667,1.166666667,0.2,10.3,0.116666667,0.05,2083,60,0.558235924,0.923076923,0.75,1,26.299,9.82829158,8.154359172,-80.54042144,6.9,30.21666667,0,0,0,0,0,0,0
322271,27,0.458333333,0.125,0.5,0.052083333,0.0625,0.104166667,1.052083333,2.385416667,0.041666667,1.447916667,0.083333333,0.041666667,1.385416667,0.322916667,0.0625,0.333333333,0.052083333,0.0625,0.541666667,0.010416667,0.635416667,0.479166667,1.260416667,0.375,0.135416667,0.96875,0.114583333,8.90625,0.229166667,0.229166667,2163,96,0.58804931,0.95049505,0.671328671,1,32.998,12.4137333,10.04053883,21.67492601,494.9895833,29.26041667,0.279069767,1,38,0,0,0,0
322271,28,0.905660377,0.198113208,0.330188679,0.047169811,0.094339623,0.047169811,1.641509434,1.754716981,0.066037736,1.122641509,0.08490566,0.037735849,7.58490566,0.386792453,0.056603774,0.367924528,0.037735849,0.028301887,0.386792453,0.028301887,0.594339623,0.273584906,0.830188679,0.311320755,0.367924528,0.650943396,0.150943396,7.433962264,0.254716981,0.103773585,2243,106,0.658708698,0.963636364,0.757142857,1,34.47,13.49959235,10.15706719,2.14E-15,680.5,29.11320755,0,0,0,0,0,0,0
322271,29,0.882352941,0.137254902,0.441176471,0.068627451,0.058823529,0.058823529,1.078431373,1.81372549,0.078431373,1.088235294,0.049019608,0.019607843,2.088235294,0.352941176,0.176470588,0.37254902,0.029411765,0.058823529,0.745098039,0.068627451,0.735294118,0.31372549,0.509803922,0.460784314,0.303921569,1.088235294,0.156862745,8.441176471,0.18627451,0.068627451,2323,102,0.625754548,0.935779817,0.662337662,1,34.859,13.04584547,10.17602076,-1.574183368,359.8333333,30.68627451,0.522727273,1,45,0,0,0,0
322271,30,1.008403361,0.117647059,0.403361345,0.075630252,0.075630252,0.050420168,1.327731092,3.176470588,0.033613445,2.201680672,0.084033613,0.075630252,4.151260504,0.478991597,0.100840336,0.445378151,0.058823529,0.075630252,0.596638655,0.025210084,0.848739496,0.630252101,0.529411765,0.43697479,0.260504202,0.697478992,0.117647059,9.277310924,0.260504202,0.142857143,2403,119,0.876278719,0.92248062,0.734567901,1,41.574,17.89917028,8.623901355,2.056944718,27.19327731,31.46218487,0.28,1,42,0,0,0,0
322271,31,0.862745098,0.098039216,0.477124183,0.091503268,0.104575163,0.058823529,1.359477124,2.68627451,0.032679739,1.699346405,0.045751634,0.032679739,2.673202614,0.444444444,0.071895425,0.431372549,0.078431373,0.071895425,0.588235294,0.039215686,0.836601307,0.516339869,0.705882353,0.503267974,0.267973856,0.960784314,0.111111111,10.32679739,0.300653595,0.137254902,2484,153,0.715517214,0.950310559,0.75,1,42.707,16.78394419,11.72518121,-89.51528052,545.3333333,31.28104575,0.592592593,3,19,23,35,0,0
322271,32,0.759615385,0.125,0.413461538,0.076923077,0.086538462,0.057692308,1.076923077,2.759615385,0.038461538,1.403846154,0.038461538,0.038461538,1.951923077,0.336538462,0.951923077,0.490384615,0.115384615,0.096153846,1.259615385,0.009615385,0.903846154,0.538461538,0.644230769,0.451923077,0.230769231,0.817307692,0.173076923,9.884615385,0.240384615,0.115384615,2564,104,0.676565169,0.945454545,0.666666667,1,34.594,13.58508897,10.00382534,-38.87750242,724.1153846,33.30769231,0,0,0,0,0,0,0
322271,33,0.794392523,0.093457944,0.457943925,0.046728972,0.037383178,0.08411215,1.074766355,2.560747664,0.028037383,1.364485981,0.065420561,0.028037383,3.317757009,0.336448598,0.093457944,0.317757009,0.028037383,0.102803738,0.355140187,0,0.728971963,0.420560748,0.635514019,0.551401869,0.355140187,0.523364486,0.065420561,8.38317757,0.168224299,0.14953271,2644,107,0.65211851,0.930434783,0.694805195,1,36.182,13.59224707,10.30451414,18.26373006,54.99065421,32.63551402,0,0,0,0,0,0,0
322271,34,0.612903226,0.11827957,0.35483871,0.043010753,0.053763441,0.129032258,1.150537634,1.870967742,0.021505376,1.677419355,0.043010753,0.075268817,2.419354839,0.397849462,0.107526882,0.430107527,0.043010753,0.150537634,0.505376344,0.021505376,0.774193548,0.430107527,0.47311828,0.387096774,0.204301075,0.978494624,0.204301075,7.698924731,0.290322581,0.021505376,2724,93,0.637761407,0.948979592,0.715384615,1,32.419,12.48336774,9.615114051,11.78615483,377.6666667,33.65591398,0.341463415,2,20,56,0,0,0
322271,35,0.492537313,0.111940299,0.626865672,0.052238806,0.059701493,0.037313433,1.082089552,2.014925373,0.074626866,1.626865672,0.089552239,0.052238806,1.753731343,0.276119403,0.149253731,0.425373134,0.052238806,0.067164179,1.059701493,0,0.865671642,0.417910448,0.731343284,0.417910448,0.253731343,1.044776119,0.149253731,7.902985075,0.194029851,0.104477612,2804,134,0.600446759,0.937062937,0.744444444,1,41.384,14.90138797,11.91611447,6.843884898,530.0074627,32.32835821,0.92,5,19,31,39,44,54
322271,36,1.127906977,0.104651163,0.465116279,0.046511628,0.081395349,0.127906977,1.418604651,2.755813953,0.081395349,1.279069767,0.034883721,0.058139535,4.011627907,0.372093023,0.569767442,0.418604651,0.058139535,0.127906977,0.651162791,0.069767442,0.511627907,0.523255814,1.593023256,0.430232558,0.325581395,0.755813953,0.11627907,9.244186047,0.23255814,0.151162791,2884,86,0.763174236,0.895833333,0.601398601,1,34.098,13.42443401,8.674772093,39.26941956,479.4767442,33.76744186,0.714285714,2,38,41,0,0,0
322271,37,0.971428571,0.085714286,0.495238095,0.133333333,0.171428571,0.047619048,1.314285714,3.4,0.028571429,1.6,0.095238095,0.028571429,2.19047619,0.542857143,0.104761905,0.447619048,0.038095238,0.047619048,0.523809524,0,0.866666667,0.447619048,0.685714286,0.457142857,0.219047619,0.79047619,0.219047619,11.0952381,0.295238095,0.20952381,2964,105,0.743885698,0.92920354,0.681818182,1,35.876,14.27477579,9.539930681,-32.99943819,234.3238095,34,0.4,1,40,0,0,0,0
322271,38,0.438202247,0.134831461,0.606741573,0.033707865,0.056179775,0.033707865,1.101123596,2.078651685,0.033707865,1.752808989,0.033707865,0.04494382,1.528089888,0.471910112,0.078651685,0.348314607,0.056179775,0.033707865,0.707865169,0,0.685393258,0.426966292,0.730337079,0.337078652,0.224719101,0.898876404,0.101123596,8.325842697,0.280898876,0.112359551,3044,89,0.704447902,0.89,0.577922078,1,34.313,12.94095904,9.184919445,17.33172293,487.1460674,37.11235955,0.659090909,2,27,36,0,0,0
322271,39,1.211538462,0.163461538,0.423076923,0.134615385,0.076923077,0.067307692,1.375,2.336538462,0.076923077,1.653846154,0.076923077,0.019230769,4.067307692,0.490384615,1.009615385,0.586538462,0.096153846,0.096153846,1.134615385,0.028846154,0.730769231,0.586538462,0.788461538,0.413461538,0.25,0.942307692,0.192307692,8.269230769,0.25,0.163461538,3125,104,0.466022192,0.945454545,0.727272727,1,34.288,12.35817027,10.93417577,-80.45645824,518.625,37.36538462,0.511627907,3,35,44,54,0,0
322271,40,0.758241758,0.142857143,0.626373626,0.076923077,0.054945055,0.065934066,1.197802198,2.747252747,0.043956044,1.351648352,0.043956044,0.054945055,3.120879121,0.296703297,0.461538462,0.351648352,0.032967033,0.043956044,0.593406593,0.032967033,0.868131868,0.483516484,0.648351648,0.527472527,0.230769231,1,0.197802198,7.879120879,0.252747253,0.131868132,3205,91,0.674806641,0.947916667,0.636363636,1,32.717,12.72526675,9.391177857,-32.22843809,227.5824176,39.37362637,0.441860465,1,37,0,0,0,0
322271,42,1.083333333,0.130952381,0.535714286,0.107142857,0.107142857,0.095238095,1.05952381,2.404761905,0.035714286,0.94047619,0.071428571,0,3.726190476,0.380952381,0.261904762,0.392857143,0.083333333,0.047619048,0.535714286,0.035714286,0.619047619,0.333333333,0.583333333,0.488095238,0.226190476,0.69047619,0.083333333,8.702380952,0.238095238,0.107142857,3365,84,0.772685228,0.933333333,0.717948718,1,31.195,13.14668775,8.345377576,16.95363528,22.67857143,39.77380952,0.975,3,30,46,52,0,0
322271,43,0.958333333,0.125,0.591666667,0.075,0.116666667,0.075,1.083333333,3.116666667,0.083333333,1.708333333,0.066666667,0.05,3.766666667,0.35,0.408333333,0.416666667,0.041666667,0.066666667,0.95,0,0.858333333,0.416666667,0.516666667,0.483333333,0.325,0.791666667,0.166666667,9.183333333,0.191666667,0.083333333,3445,120,0.441644278,0.952380952,0.714285714,1,36.827,13.14281525,11.79160561,6.768812697,147.4916667,39.925,0,0,0,0,0,0,0
322271,44,0.779411765,0.147058824,0.411764706,0.132352941,0.088235294,0.014705882,1.029411765,2.073529412,0.102941176,1.661764706,0.073529412,0.029411765,1.926470588,0.367647059,0.529411765,0.323529412,0.102941176,0.058823529,0.808823529,0.014705882,0.882352941,0.191176471,0.367647059,0.470588235,0.411764706,0.823529412,0.132352941,6.720588235,0.294117647,0.073529412,3525,68,0.750420321,0.944444444,0.581196581,1,30.17,11.85685545,7.836918127,-2.618073023,532.7941176,40.38235294,1,4,35,39,54,60,0
322271,45,0.83248731,0.16751269,0.517766497,0.091370558,0.106598985,0.111675127,1.335025381,2.106598985,0.060913706,1.725888325,0.086294416,0.060913706,4.131979695,0.411167513,0.126903553,0.487309645,0.055837563,0.060913706,0.807106599,0.015228426,0.964467005,0.456852792,2.644670051,0.395939086,0.324873096,1.126903553,0.192893401,9.16751269,0.208121827,0.131979695,3605,197,0.791801441,0.827731092,0.521164021,1,57.544,21.97789919,13.42363012,-33.41855682,355.5837563,38.51269036,0.473684211,2,29,66,0,0,0
322271,46,1.19266055,0.174311927,0.339449541,0.04587156,0.128440367,0.04587156,1.119266055,3.440366972,0.036697248,2.504587156,0.100917431,0.073394495,4.321100917,0.348623853,0.678899083,0.403669725,0.082568807,0.110091743,0.532110092,0.04587156,1.091743119,0.422018349,0.559633028,0.458715596,0.155963303,0.779816514,0.19266055,9.844036697,0.201834862,0.165137615,3685,109,0.563845899,0.915966387,0.648809524,1,37.1,13.32423952,11.00422316,-2.18666609,11.6146789,42.58715596,0.282608696,1,42,0,0,0,0
322271,47,0.818181818,0.090909091,0.490909091,0.063636364,0.090909091,0.054545455,0.963636364,2.218181818,0.036363636,1.281818182,0.072727273,0.072727273,2.345454545,0.272727273,0.181818182,0.318181818,0.018181818,0.090909091,0.663636364,0.009090909,0.781818182,0.336363636,0.5,0.290909091,0.227272727,0.790909091,0.172727273,7.090909091,0.309090909,0.1,3765,110,0.768985515,0.948275862,0.733333333,1,36.066,14.91191466,9.532683064,-11.11458561,558,42.64545455,0,0,0,0,0,0,0
322271,48,0.75,0.0875,0.7,0.075,0.1,0.0375,1.4125,2.8625,0.0125,1.1125,0.05,0.05,5.75,0.4125,0.2375,0.525,0.075,0.025,0.775,0,0.5875,0.2875,2.3875,0.3375,0.3,1,0.1625,9.5875,0.2125,0.2375,3846,80,0.683361585,0.888888889,0.615384615,1,31.956,12.22756964,8.927105202,1.190238992,465.375,43.775,0.414634146,1,41,0,0,0,0
322271,49,0.809917355,0.132231405,0.429752066,0.05785124,0.066115702,0.041322314,1.190082645,2.429752066,0.033057851,1.487603306,0.066115702,0.033057851,3.05785124,0.231404959,0.32231405,0.396694215,0.049586777,0.05785124,0.79338843,0.008264463,0.785123967,0.347107438,0.785123967,0.289256198,0.355371901,0.884297521,0.123966942,8.776859504,0.148760331,0.198347107,3926,121,0.57955332,0.96031746,0.720238095,1,36.918,13.84564302,11.28328971,22.8341873,618.9256198,43.76033058,0.276595745,1,69,0,0,0,0
322271,50,1.022222222,0.177777778,0.444444444,0.155555556,0.059259259,0.096296296,1.214814815,2.992592593,0.059259259,1.659259259,0.088888889,0.051851852,5.259259259,0.311111111,0.251851852,0.362962963,0.081481481,0.118518519,0.488888889,0.022222222,0.925925926,0.503703704,0.444444444,0.555555556,0.17037037,0.82962963,0.148148148,10.18518519,0.148148148,0.111111111,4006,135,0.691584947,0.912162162,0.649038462,1,42.55,15.88072275,11.47056877,-8.961380947,85.01481481,44.2,0,0,0,0,0,0,0
322271,51,0.47008547,0.136752137,0.427350427,0.094017094,0.094017094,0.051282051,0.923076923,1.846153846,0.051282051,1.811965812,0.085470085,0.068376068,2.675213675,0.307692308,0.179487179,0.273504274,0.051282051,0.128205128,0.803418803,0.008547009,0.888888889,0.427350427,0.393162393,0.333333333,0.213675214,0.914529915,0.153846154,6.777777778,0.299145299,0.128205128,4086,117,0.771199934,0.936,0.664772727,1,38.994,15.53510277,9.889537852,-11.78914911,441.8461538,43.4957265,0,0,0,0,0,0,0
322271,52,0.904255319,0.223404255,0.468085106,0.212765957,0.063829787,0.074468085,1.361702128,3.063829787,0.095744681,1.255319149,0.063829787,0.042553191,3.212765957,0.340425532,0.085106383,0.542553191,0.042553191,0.085106383,0.670212766,0.031914894,0.755319149,0.340425532,0.840425532,0.340425532,0.234042553,1,0.255319149,10.82978723,0.234042553,0.106382979,4166,94,0.714225674,0.959183673,0.671428571,1,33.089,13.23747775,9.265115663,11.23801604,28.63829787,45.60638298,0.418604651,1,42,0,0,0,0
322271,53,1,0.06741573,0.528089888,0.101123596,0.011235955,0.056179775,0.97752809,2.314606742,0.056179775,1.595505618,0.06741573,0.02247191,2.640449438,0.348314607,0.056179775,0.258426966,0.04494382,0.078651685,0.460674157,0.011235955,0.719101124,0.370786517,0.449438202,0.438202247,0.292134831,0.865168539,0.06741573,8.269662921,0.269662921,0.123595506,4246,89,0.419949543,0.946808511,0.674242424,1,31.493,11.27770109,10.23504891,22.52189089,417.8089888,44.93258427,0.341463415,1,68,0,0,0,0
322271,54,0.947916667,0.15625,0.40625,0.09375,0.072916667,0.072916667,1.770833333,2.197916667,0.03125,2.416666667,0.09375,0.041666667,2.489583333,0.354166667,0.75,0.395833333,0.09375,0.114583333,0.927083333,0.020833333,0.958333333,0.71875,0.635416667,0.541666667,0.40625,0.979166667,0.28125,8.739583333,0.3125,0.125,4326,96,0.873450702,0.864864865,0.6,1,38.316,16.47380196,8.021301602,-11.73167825,526.3958333,45.28125,1,5,35,39,44,60,63
322271,55,1.265957447,0.212765957,0.361702128,0.085106383,0.053191489,0.138297872,1.29787234,2.64893617,0.063829787,1.627659574,0.021276596,0.042553191,2.627659574,0.5,1,0.404255319,0.053191489,0.106382979,0.744680851,0,0.723404255,0.574468085,0.531914894,0.446808511,0.244680851,0.957446809,0.180851064,9.319148936,0.212765957,0.117021277,4406,94,0.64325438,0.949494949,0.723076923,1,32.51,12.59556713,9.643827889,17.11637226,336.4148936,45.62765957,0,0,0,0,0,0,0
322271,56,1.162790698,0.093023256,0.523255814,0.162790698,0.081395349,0.058139535,1.604651163,2.034883721,0.093023256,1.5,0.069767442,0.023255814,2.441860465,0.337209302,0.906976744,0.639534884,0.058139535,0.058139535,0.988372093,0.034883721,0.709302326,0.38372093,0.662790698,0.465116279,0.395348837,0.744186047,0.069767442,9.569767442,0.244186047,0.11627907,4487,86,0.706896728,0.924731183,0.661538462,1,33.271,12.80499016,9.057184309,-10.72962596,379.9651163,45.18604651,0.642857143,2,34,67,0,0,0
322271,57,0.609756098,0.134146341,0.487804878,0.048780488,0.06097561,0.085365854,1.085365854,1.951219512,0.036585366,1.37804878,0.073170732,0.048780488,2,0.37804878,0.012195122,0.451219512,0.048780488,0.06097561,0.365853659,0.024390244,0.743902439,0.463414634,3.585365854,0.243902439,0.195121951,1.048780488,0.158536585,9.658536585,0.231707317,0.158536585,4567,82,0.432152161,0.931818182,0.67768595,1,31.377,11.19146551,10.09247148,-40.12414656,782.6219512,46.29268293,0.725,2,61,70,0,0,0
322271,58,1.080808081,0.060606061,0.505050505,0.080808081,0.121212121,0.060606061,1.464646465,2.97979798,0.111111111,1.454545455,0.080808081,0.02020202,3.727272727,0.444444444,0.858585859,0.464646465,0.04040404,0.090909091,1.04040404,0.01010101,0.737373737,0.393939394,0.878787879,0.555555556,0.232323232,0.909090909,0.242424242,13.07070707,0.303030303,0.151515152,4647,99,0.537874323,0.951923077,0.692307692,1,33.089,12.31829273,10.38462918,9.228928446,107.6767677,47,0,0,0,0,0,0,0
322271,59,0.673267327,0.118811881,0.683168317,0.128712871,0.04950495,0.079207921,1.108910891,3.128712871,0.089108911,1.237623762,0.03960396,0.03960396,3.405940594,0.485148515,0.059405941,0.455445545,0.108910891,0.069306931,0.524752475,0.00990099,0.910891089,0.455445545,3.504950495,0.425742574,0.297029703,1.217821782,0.237623762,12.30693069,0.237623762,0.277227723,4727,101,0.385616589,0.935185185,0.765151515,1,34.197,11.93657901,11.01339345,-80.66985538,179.1485149,47.30693069,0,0,0,0,0,0,0
322271,60,0.564814815,0.185185185,0.648148148,0.148148148,0.092592593,0.12037037,1.12962963,2.527777778,0.074074074,1.333333333,0.046296296,0.046296296,2.092592593,0.425925926,0.101851852,0.435185185,0.046296296,0.055555556,0.925925926,0,0.712962963,0.453703704,0.805555556,0.324074074,0.277777778,1.083333333,0.148148148,10.36111111,0.185185185,0.203703704,4807,108,0.475403984,0.947368421,0.755244755,1,34.652,12.57642139,11.06432822,-6.827483459,540.2685185,47.25925926,0.395348837,2,44,54,0,0,0
322271,61,1.1,0.1125,0.475,0.125,0.025,0.0625,1.175,2.5,0.0125,1.9875,0.0625,0.0125,2.825,0.425,0.0625,0.425,0.05,0.1125,0.475,0.0125,0.7375,0.45,0.6375,0.4625,0.225,0.8125,0.2625,9.3625,0.225,0.1375,4887,80,0.553824479,0.952380952,0.808080808,1,29.21,11.15910793,9.291446434,-89.54995235,790.75,49.225,0.388888889,2,57,70,0,0,0
322271,62,0.983739837,0.162601626,0.699186992,0.081300813,0.06504065,0.06504065,1.170731707,2.869918699,0.032520325,1.804878049,0.06504065,0.056910569,5.25203252,0.43902439,0.382113821,0.471544715,0.081300813,0.040650407,0.617886179,0.016260163,1.203252033,0.593495935,1.382113821,0.414634146,0.365853659,0.975609756,0.178861789,11.60162602,0.325203252,0.12195122,4967,123,0.689594566,0.938931298,0.675824176,1,38.324,14.89255782,10.78512554,46.00906806,53.2195122,49.89430894,0,0,0,0,0,0,0
322271,63,0.780821918,0.178082192,0.767123288,0.095890411,0.082191781,0.054794521,1.150684932,2.684931507,0.109589041,1.465753425,0.068493151,0.054794521,2.917808219,0.383561644,0.232876712,0.547945205,0.164383562,0.054794521,1.191780822,0,0.616438356,0.575342466,0.98630137,0.479452055,0.164383562,1.493150685,0.164383562,12.82191781,0.260273973,0.136986301,5047,73,0.748694698,0.901234568,0.675925926,1,30.062,12.08317956,8.010120543,-1.840482822,525.4109589,51.76712329,0.527777778,1,54,0,0,0,0
322271,64,0.893203883,0.174757282,0.339805825,0.097087379,0.077669903,0.067961165,1.048543689,2.436893204,0.048543689,1.213592233,0.048543689,0.048543689,2.27184466,0.349514563,0.436893204,0.436893204,0.067961165,0.077669903,0.475728155,0.019417476,0.854368932,0.436893204,0.40776699,0.475728155,0.203883495,0.980582524,0.077669903,7.485436893,0.203883495,0.145631068,5127,103,0.611558513,0.944954128,0.668831169,1,34.404,12.99304161,10.28008422,-5.136387576,233.7572816,53.00970874,0,0,0,0,0,0,0
322271,65,1.152173913,0.086956522,0.315217391,0.086956522,0.054347826,0.02173913,1.163043478,2.967391304,0.065217391,1.402173913,0.054347826,0.065217391,2.576086957,0.402173913,0.097826087,0.315217391,0.043478261,0.086956522,0.456521739,0.02173913,0.706521739,0.47826087,0.434782609,0.423913043,0.217391304,0.684782609,0.195652174,8.173913043,0.22826087,0.108695652,5208,92,0.696941941,0.948453608,0.638888889,1,32.717,12.87568536,9.233508768,52.71662475,281.576087,51.38043478,0.119047619,1,79,0,0,0,0
322271,66,1.075471698,0.122641509,0.396226415,0.047169811,0.113207547,0.018867925,0.91509434,2.58490566,0.037735849,1.424528302,0.08490566,0.018867925,2.471698113,0.396226415,0.367924528,0.405660377,0.066037736,0.103773585,0.849056604,0.018867925,0.735849057,0.386792453,1.066037736,0.339622642,0.264150943,0.679245283,0.150943396,9.443396226,0.254716981,0.122641509,5288,106,0.460254627,0.963636364,0.803030303,1,33.618,12.37490213,10.98627668,-25.28495486,352.5,52,0.238095238,1,45,0,0,0,0
322271,68,0.743119266,0.100917431,0.678899083,0.073394495,0.073394495,0.082568807,1.04587156,2.596330275,0.027522936,1.642201835,0.064220183,0.036697248,2.532110092,0.412844037,0.073394495,0.467889908,0.018348624,0.091743119,0.743119266,0,0.71559633,0.513761468,2.256880734,0.394495413,0.146788991,1.091743119,0.247706422,10.0733945,0.19266055,0.146788991,5448,109,0.660614709,0.973214286,0.707792208,1,35.686,13.80491484,10.36369636,-86.30665471,410.4495413,52.44036697,0.739130435,3,53,76,81,0,0
322271,69,0.714285714,0.133333333,0.39047619,0.028571429,0.019047619,0.076190476,1.00952381,2.361904762,0.00952381,1.742857143,0.066666667,0.00952381,3.523809524,0.361904762,0.038095238,0.447619048,0.076190476,0.076190476,0.514285714,0,0.857142857,0.257142857,0.542857143,0.342857143,0.40952381,0.666666667,0.114285714,7.19047619,0.123809524,0.152380952,5528,105,0.37331242,0.921052632,0.673076923,1,35.512,12.1995642,11.31760506,87.65213752,624.2571429,53.42857143,0.288888889,1,49,0,0,0,0
322271,70,0.558823529,0.117647059,0.392156863,0.078431373,0.049019608,0.098039216,0.921568627,2.225490196,0.019607843,1.401960784,0.039215686,0.039215686,2.637254902,0.37254902,0.029411765,0.352941176,0.088235294,0.098039216,0.519607843,0,0.911764706,0.343137255,0.725490196,0.431372549,0.18627451,0.764705882,0.117647059,7.215686275,0.215686275,0.117647059,5608,102,0.566331145,0.962264151,0.653846154,1,34.305,12.67431154,10.44588611,-27.29060514,778.4019608,53.83333333,0.409090909,2,57,61,0,0,0
322271,71,1.161290323,0.107526882,0.430107527,0.107526882,0.043010753,0.053763441,1.88172043,2.279569892,0.064516129,0.913978495,0.11827957,0.043010753,8.419354839,0.387096774,0.193548387,0.387096774,0.053763441,0.075268817,0.494623656,0.021505376,0.688172043,0.451612903,1.774193548,0.397849462,0.268817204,0.731182796,0.129032258,8.677419355,0.193548387,0.086021505,5688,93,0.60195283,0.948979592,0.715384615,1,32.328,12.27220888,9.799747164,7.788878871,154.0430108,55.39784946,0,0,0,0,0,0,0
322271,72,1.105882353,0.105882353,0.505882353,0.105882353,0.152941176,0.070588235,0.976470588,3.294117647,0.023529412,1.741176471,0.082352941,0.035294118,4.635294118,0.4,0.294117647,0.4,0.082352941,0.023529412,0.882352941,0.023529412,0.811764706,0.388235294,0.494117647,0.435294118,0.329411765,0.635294118,0.117647059,9.482352941,0.211764706,0.105882353,5768,85,0.423540574,0.95505618,0.702479339,1,30.459,11.06601417,10.0244492,10.19486987,735.9529412,54.91764706,0.475,1,73,0,0,0,0
322271,73,0.735294118,0.205882353,0.539215686,0.137254902,0.078431373,0.078431373,0.990196078,2.774509804,0.058823529,1.431372549,0.058823529,0.019607843,2.81372549,0.411764706,1.529411765,0.480392157,0.039215686,0.117647059,1.970588235,0.029411765,0.901960784,0.382352941,1.421568627,0.431372549,0.333333333,0.676470588,0.264705882,10.19607843,0.303921569,0.12745098,5848,102,0.785926779,0.857142857,0.56043956,1,38.878,15.47016873,9.565508176,38.09261543,744.0686275,57.50980392,0.530612245,2,72,74,0,0,0
322271,74,1.214285714,0.142857143,0.428571429,0.028571429,0.114285714,0.042857143,1.785714286,2.614285714,0.057142857,1.228571429,0.057142857,0.042857143,8.057142857,0.528571429,0.371428571,0.442857143,0.142857143,0.171428571,1.428571429,0,0.914285714,0.614285714,4.185714286,0.285714286,0.728571429,1.1,0.2,11.91428571,0.257142857,0.257142857,5929,70,0.675829734,0.921052632,0.707070707,1,29.21,11.31053841,8.336520331,-81.7471371,756.0857143,57.61428571,0.685714286,2,73,77,0,0,0
322271,75,0.764227642,0.162601626,0.463414634,0.130081301,0.089430894,0.06504065,1.658536585,2.243902439,0.081300813,1.146341463,0.073170732,0.024390244,5.195121951,0.422764228,0.081300813,0.406504065,0.073170732,0.06504065,1.048780488,0.016260163,0.666666667,0.382113821,0.788617886,0.308943089,0.365853659,0.837398374,0.195121951,9.764227642,0.276422764,0.12195122,6009,123,0.502488751,0.931818182,0.675824176,1,38.142,13.71053573,11.85390635,76.91901575,392.8617886,60.26829268,0.42,2,67,81,0,0,0
322271,76,0.770114943,0.137931034,0.701149425,0.045977011,0.08045977,0.091954023,0.931034483,3.195402299,0.045977011,1.471264368,0.126436782,0.057471264,2.103448276,0.32183908,0.045977011,0.402298851,0.126436782,0.068965517,1.08045977,0,0.781609195,0.402298851,1.735632184,0.298850575,0.149425287,0.701149425,0.16091954,9.655172414,0.126436782,0.114942529,6089,87,0.576994449,0.945652174,0.659090909,1,31.394,11.76407583,9.608286197,27.38059192,416.2068966,60.51724138,0.575,2,68,81,0,0,0
322271,77,1.5,0.12962963,0.527777778,0.111111111,0.101851852,0.101851852,2.62037037,2.87037037,0.064814815,1.685185185,0.166666667,0.111111111,8.685185185,0.564814815,0.166666667,0.657407407,0.083333333,0.083333333,1.185185185,0.009259259,1.138888889,0.509259259,1.694444444,0.407407407,0.648148148,1.564814815,0.240740741,14.75925926,0.425925926,0.175925926,6169,108,0.71752761,0.824427481,0.519230769,1,41.409,15.21764891,10.59954996,65.28016223,763.287037,59.92592593,0.807692308,2,74,82,0,0,0
322271,78,0.75,0.058333333,0.266666667,0.041666667,0.05,0.058333333,1.491666667,2.425,0.033333333,0.891666667,0.058333333,0.058333333,4.791666667,0.291666667,1.041666667,0.275,0.05,0.141666667,0.683333333,0,0.725,0.316666667,0.658333333,0.233333333,0.275,0.608333333,0.075,6.8,0.108333333,0.091666667,6249,120,0.573646544,0.952380952,0.714285714,1,36.736,13.75882013,11.26989016,-25.39398095,294.3666667,60.25,0.333333333,2,83,86,0,0,0
322271,79,0.864864865,0.099099099,0.495495495,0.081081081,0.099099099,0.108108108,1.45045045,2.936936937,0.081081081,1.990990991,0.072072072,0.018018018,2.459459459,0.522522523,0.063063063,0.405405405,0.072072072,0.09009009,0.414414414,0.018018018,1.09009009,0.432432432,0.495495495,0.36036036,0.378378378,0.828828829,0.09009009,9.405405405,0.189189189,0.171171171,6329,111,0.695525638,0.925,0.672727273,1,36.827,14.14458683,10.16290372,10.81305314,277.9099099,64.02702703,0.130434783,1,65,0,0,0,0
322271,80,0.923076923,0.123076923,0.315384615,0.030769231,0.046153846,0.053846154,1,2.438461538,0.053846154,1.876923077,0.038461538,0.015384615,2.469230769,0.415384615,0.1,0.423076923,0.030769231,0.138461538,0.561538462,0,1.107692308,0.3,0.407692308,0.323076923,0.261538462,0.638461538,0.123076923,9.515384615,0.138461538,0.246153846,6409,130,0.724605256,0.921985816,0.677083333,1,40.383,15.68381556,10.80872339,1.088482397,222.2076923,65.33076923,0.019230769,1,87,0,0,0,0
322271,82,1.653333333,0.12,0.386666667,0.146666667,0.12,0.053333333,1.84,3.373333333,0.093333333,2.6,0.106666667,0.04,4.4,0.36,0.4,0.666666667,0.12,0.12,1.36,0.053333333,1.346666667,0.56,0.52,0.413333333,0.453333333,1.093333333,0.16,11.02666667,0.28,0.16,6570,75,0.806609475,0.9375,0.694444444,1,29.971,12.84530241,7.592662062,26.84378156,767.5466667,66.21333333,0.552631579,1,77,0,0,0,0
322271,83,0.9125,0.1375,0.5375,0.0625,0.0125,0.075,2.375,1.675,0.0625,0.775,0.075,0.0625,6.4375,0.425,0.3,0.425,0.0625,0.0625,0.4875,0.0375,0.95,0.4375,0.525,0.3,0.65,1.125,0.1375,7.9125,0.25,0.125,6650,80,0.415522556,0.930232558,0.661157025,1,29.814,10.75113443,9.779047759,-34.53380558,306.1,65.925,0.725,3,78,86,88,0,0
322271,84,1.257575758,0.106060606,0.393939394,0.075757576,0.121212121,0.03030303,1.363636364,2.121212121,0.060606061,1.424242424,0.060606061,0.060606061,9.363636364,0.409090909,0.348484848,0.424242424,0.090909091,0.045454545,0.696969697,0,0.757575758,0.333333333,0.575757576,0.378787879,0.333333333,0.878787879,0.136363636,8.166666667,0.257575758,0.075757576,6730,66,0.688190571,1,0.75,1,26.787,10.92406312,7.925735193,87.88304043,14.03030303,67.8030303,0.529411765,1,85,0,0,0,0
322271,85,1.161290323,0.266129032,0.451612903,0.129032258,0.10483871,0.153225806,1.725806452,2.758064516,0.040322581,1.693548387,0.153225806,0.048387097,8.209677419,0.419354839,0.370967742,0.435483871,0.088709677,0.064516129,0.758064516,0.016129032,1.201612903,0.483870968,0.596774194,0.443548387,0.467741935,1.080645161,0.10483871,10.31451613,0.233870968,0.112903226,6810,124,0.688387029,0.892086331,0.681318681,1,40.722,15.20978417,11.03231918,70.51712398,21.83064516,69.08870968,0.36,1,84,0,0,0,0
322271,86,1.401869159,0.186915888,0.420560748,0.112149533,0.102803738,0.074766355,1.411214953,3.401869159,0.018691589,1.401869159,0.056074766,0.046728972,3.299065421,0.523364486,1.691588785,0.271028037,0.056074766,0.140186916,1.112149533,0,0.747663551,0.327102804,0.803738318,0.514018692,0.280373832,0.887850467,0.205607477,10.81308411,0.158878505,0.158878505,6890,107,0.372312241,0.946902655,0.633136095,1,35.537,12.32882342,11.4424739,-43.82538015,298.7102804,71.91588785,0.5,3,78,83,88,0,0
322271,87,1.045454545,0.109090909,0.418181818,0.081818182,0.072727273,0.081818182,1.290909091,2.127272727,0.027272727,1.936363636,0.054545455,0.018181818,2.427272727,0.409090909,0.072727273,0.327272727,0.036363636,0.109090909,0.536363636,0.027272727,0.772727273,0.481818182,0.536363636,0.3,0.181818182,0.790909091,0.090909091,9,0.118181818,0.145454545,6970,110,0.743072208,0.94017094,0.654761905,1,36.091,14.60334647,9.772723709,33.30346303,234.4272727,73.5,0.020833333,1,80,0,0,0,0
322271,88,1.292993631,0.127388535,0.324840764,0.127388535,0.031847134,0.050955414,1.324840764,3.178343949,0.057324841,1.681528662,0.057324841,0.038216561,3.687898089,0.439490446,0.171974522,0.464968153,0.070063694,0.076433121,0.369426752,0.01910828,0.898089172,0.337579618,0.751592357,0.337579618,0.210191083,0.624203822,0.146496815,8.063694268,0.248407643,0.197452229,7050,157,0.59789942,0.93452381,0.615686275,1,44.626,16.03217631,12.85092975,23.58987008,314.7834395,72.74522293,0.293103448,2,83,86,0,0,0
322271,89,0.833333333,0.111111111,0.324074074,0.111111111,0.046296296,0.074074074,1.203703704,2.361111111,0.055555556,0.861111111,0.046296296,0.018518519,5.694444444,0.37962963,0.472222222,0.351851852,0.064814815,0.046296296,0.731481481,0.018518519,0.407407407,0.185185185,1.814814815,0.231481481,0.25,0.481481481,0.12037037,6.740740741,0.175925926,0.064814815,7130,108,0.310953382,0.964285714,0.692307692,1,34.495,12.13439168,11.53283121,-61.43162881,689.4537037,74.97222222,0.369565217,1,91,0,0,0,0
322271,90,0.35,0.1875,1.15,0.0125,0.0875,0.075,1.0375,2.95,0.0375,1.075,0.075,0.0375,1.8875,0.3875,0.15,0.5,0.075,0.1375,0.9,0.025,0.775,0.4875,1.125,0.4125,0.2375,1.075,0.225,11.5375,0.2125,0.1625,7210,80,0.625286474,0.930232558,0.666666667,1,30.178,11.56713362,9.026936717,-78.47638658,703.6,76.6625,0.368421053,1,91,0,0,0,0
322271,91,0.945205479,0.095890411,0.356164384,0.068493151,0.04109589,0.04109589,1.452054795,2.232876712,0.01369863,1.068493151,0.109589041,0.01369863,3.643835616,0.356164384,0.232876712,0.287671233,0.04109589,0.082191781,0.616438356,0,0.890410959,0.369863014,1.602739726,0.479452055,0.205479452,0.739726027,0.109589041,8.520547945,0.191780822,0.178082192,7291,73,0.748019926,0.935897436,0.603305785,1,30.451,12.32103558,8.177178921,45.6319256,695.7808219,80.76712329,0.743589744,2,89,90,0,0,0
322271,92,0.980582524,0.126213592,0.40776699,0.058252427,0.048543689,0.087378641,1.388349515,3.174757282,0.058252427,1.873786408,0.087378641,0.048543689,4.825242718,0.349514563,0.116504854,0.417475728,0.077669903,0.087378641,0.611650485,0,0.980582524,0.504854369,1.40776699,0.504854369,0.242718447,1,0.223300971,9.330097087,0.174757282,0.155339806,7371,103,0.304912321,0.936363636,0.66025641,1,34.313,11.84034765,11.27651534,-27.34213914,421.9126214,82.3592233,0,0,0,0,0,0,0
322271,93,1.106796117,0.126213592,0.378640777,0.077669903,0.067961165,0.087378641,1.223300971,2.689320388,0.038834951,1.524271845,0.087378641,0.019417476,2.883495146,0.330097087,0.029126214,0.291262136,0.058252427,0.067961165,0.631067961,0.019417476,1.009708738,0.388349515,0.708737864,0.252427184,0.40776699,0.766990291,0.145631068,7.631067961,0.184466019,0.13592233,7451,103,0.710103012,0.944954128,0.66025641,1,34.495,13.7472169,9.67938517,33.52810406,580.1747573,81.3592233,0,0,0,0,0,0,0
322271,94,1.338028169,0.197183099,0.366197183,0.028169014,0.098591549,0.126760563,1.042253521,3.633802817,0.028169014,2.112676056,0.070422535,0.028169014,2.690140845,0.408450704,0.197183099,0.38028169,0.056338028,0.098591549,0.521126761,0.014084507,0.76056338,0.478873239,0.887323944,0.352112676,0.126760563,0.929577465,0.112676056,10.02816901,0.211267606,0.197183099,7531,71,0.788501131,0.8875,0.591666667,1,30.269,12.56909598,7.730412641,-67.33242446,243,84.22535211,0.487179487,1,96,0,0,0,0
322271,95,1.378947368,0.094736842,0.515789474,0.073684211,0.031578947,0.084210526,1.178947368,1.947368421,0.094736842,0.978947368,0.084210526,0.073684211,4.042105263,0.294736842,0.063157895,0.273684211,0.094736842,0.084210526,0.463157895,0.010526316,0.494736842,0.221052632,0.442105263,0.357894737,0.263157895,0.642105263,0.073684211,6.652631579,0.178947368,0.105263158,7611,95,0.672276225,0.940594059,0.730769231,1,32.791,12.91091321,9.557954175,-11.06920654,715.7157895,85.01052632,0,0,0,0,0,0,0
322271,96,0.904109589,0.150684932,0.438356164,0.082191781,0.082191781,0.109589041,1.356164384,2.479452055,0.01369863,1.219178082,0.02739726,0.04109589,3.849315068,0.383561644,0.178082192,0.506849315,0.068493151,0.109589041,0.575342466,0.01369863,0.753424658,0.246575342,1.01369863,0.232876712,0.150684932,0.493150685,0.136986301,8.630136986,0.273972603,0.178082192,7691,73,0.672509414,0.948051948,0.663636364,1,29.144,11.44203294,8.468117765,-66.36980306,237.2191781,87.42465753,0.513513514,1,94,0,0,0,0
322271,98,1.467391304,0.217391304,0.510869565,0.152173913,0.054347826,0.097826087,1.673913043,2.804347826,0.086956522,1.956521739,0.119565217,0.02173913,6.380434783,0.358695652,0.380434783,0.565217391,0.108695652,0.086956522,0.858695652,0.02173913,1.010869565,0.554347826,0.804347826,0.663043478,0.27173913,1.043478261,0.119565217,11.72826087,0.282608696,0.152173913,7851,92,0.497660492,0.948453608,0.696969697,1,32.328,11.73625908,10.17970149,49.88775103,340.0652174,89.10869565,0,0,0,0,0,0,0
322271,99,0.974789916,0.12605042,0.571428571,0.075630252,0.050420168,0.067226891,1.25210084,2.647058824,0.016806723,1.218487395,0.067226891,0.016806723,3.613445378,0.420168067,1.058823529,0.411764706,0.058823529,0.117647059,1.647058824,0.025210084,0.647058824,0.361344538,0.722689076,0.420168067,0.378151261,0.87394958,0.159663866,10.14285714,0.176470588,0.168067227,7931,119,0.303113093,0.937007874,0.704142012,1,36.645,12.75068213,12.15082108,-81.55282774,740.8571429,89.65546218,0,0,0,0,0,0,0
322271,100,0.623376623,0.090909091,0.61038961,0.051948052,0.103896104,0.051948052,0.935064935,2,0,1.623376623,0.077922078,0.012987013,1.935064935,0.376623377,0.038961039,0.298701299,0.012987013,0.064935065,0.61038961,0,0.805194805,0.38961039,2.103896104,0.298701299,0.168831169,0.922077922,0.142857143,8.103896104,0.207792208,0.12987013,8012,77,0.31685912,0.905882353,0.7,1,29.971,10.32653177,9.794432573,-19.81033157,393.5714286,94.46753247,0.486486486,1,108,0,0,0,0
322271,101,0.909090909,0.171717172,0.393939394,0.131313131,0.050505051,0.02020202,1.272727273,2.373737374,0.060606061,1.434343434,0.070707071,0.060606061,3.797979798,0.393939394,0.101010101,0.333333333,0.03030303,0.080808081,0.646464646,0.01010101,0.757575758,0.434343434,0.535353535,0.434343434,0.252525253,0.696969697,0.141414141,9.212121212,0.222222222,0.161616162,8092,99,0.437602042,0.942857143,0.692307692,1,33.825,11.94009096,10.73615674,-77.40089699,625.010101,96.04040404,0,0,0,0,0,0,0
322271,102,1.490322581,0.116129032,0.509677419,0.070967742,0.064516129,0.070967742,8.709677419,3.329032258,0.058064516,0.974193548,0.070967742,0.064516129,6.083870968,0.677419355,0.329032258,0.651612903,0.083870968,0.096774194,0.567741935,0.006451613,0.75483871,0.361290323,3.051612903,0.361290323,0.4,0.935483871,0.148387097,9.129032258,0.219354839,0.174193548,8172,155,0.529761334,0.911764706,0.701357466,1,46.255,15.67934911,13.29838918,13.09875778,90.29677419,95.72903226,0.321428571,1,106,0,0,0,0
322271,104,1.019417476,0.13592233,0.553398058,0.077669903,0.106796117,0.067961165,1.640776699,2.970873786,0.106796117,1.961165049,0.067961165,0.019417476,4.436893204,0.466019417,2.572815534,0.524271845,0.029126214,0.077669903,0.902912621,0.038834951,0.990291262,0.45631068,3.252427184,0.446601942,0.718446602,0.883495146,0.145631068,10.01941748,0.262135922,0.145631068,8332,103,0.623984017,0.944954128,0.668831169,1,34.768,13.0898448,10.2288904,7.338554564,566.2524272,96.63106796,0.022727273,1,123,0,0,0,0
322271,105,1.6,0.055555556,0.455555556,0.055555556,0.111111111,0.044444444,1.377777778,2.688888889,0.022222222,1.255555556,0.077777778,0.055555556,4.911111111,0.366666667,0.166666667,0.377777778,0.055555556,0.077777778,0.588888889,0.011111111,0.855555556,0.388888889,0.622222222,0.355555556,0.388888889,0.7,0.044444444,8.388888889,0.155555556,0.1,8412,90,0.617861403,0.947368421,0.681818182,1,31.592,12.1958302,9.589423048,37.5617677,298.5222222,95.92222222,0,0,0,0,0,0,0
322271,106,1.352941176,0.188235294,0.470588235,0.011764706,0.058823529,0.105882353,1.670588235,2.294117647,0.035294118,1.541176471,0.070588235,0.011764706,2.647058824,0.494117647,0.976470588,0.482352941,0.058823529,0.129411765,1.576470588,0.035294118,0.658823529,0.317647059,0.941176471,0.470588235,0.258823529,0.858823529,0.141176471,10.10588235,0.235294118,0.141176471,8492,85,0.60119749,0.944444444,0.772727273,1,30.98,11.75793001,9.395767526,24.50545383,100.8352941,98.12941176,0.432432432,1,102,0,0,0,0
322271,108,1,0.104166667,0.520833333,0.125,0.083333333,0.083333333,0.958333333,2.260416667,0.041666667,2.322916667,0.0625,0.0625,2.520833333,0.427083333,0.25,0.4375,0.09375,0.104166667,0.635416667,0,1.239583333,0.447916667,0.708333333,0.385416667,0.291666667,0.78125,0.135416667,9.0625,0.322916667,0.083333333,8653,96,0.578760549,0.880733945,0.623376623,1,37.563,12.82955487,10.46247035,-15.90563591,386.6145833,99.4375,0.422222222,1,100,0,0,0,0
322271,109,1.225,0.1875,0.475,0.1625,0.075,0.1625,1.8125,3.6625,0.125,1.55,0.15,0.1,13.4125,0.5875,0.2625,0.6125,0.0625,0.15,0.8375,0,0.875,0.6125,0.875,0.5,0.8375,1.7625,0.1625,13.05,0.2375,0.2375,8733,80,0.543038118,0.879120879,0.606060606,1,32.047,11.3607861,9.539743494,25.44175222,187.925,98.8625,0.85,3,107,111,114,0,0
322271,111,0.759036145,0.084337349,0.638554217,0.036144578,0.048192771,0.120481928,1.096385542,2.289156627,0.036144578,1.289156627,0.036144578,0.012048193,2.710843373,0.445783133,0.168674699,0.409638554,0.108433735,0.060240964,0.686746988,0.012048193,0.78313253,0.325301205,2.13253012,0.337349398,0.228915663,0.843373494,0.096385542,10.18072289,0.144578313,0.120481928,8893,83,0.534010394,0.93258427,0.685950413,1,30.451,11.31169093,9.563784824,-38.21539404,196.0843373,104,0.692307692,3,109,114,126,0,0
322271,113,0.606382979,0.191489362,0.372340426,0.106382979,0.021276596,0.053191489,1.159574468,3.191489362,0.106382979,2.436170213,0.085106383,0.021276596,2,0.457446809,2.255319149,0.404255319,0.074468085,0.117021277,0.968085106,0.042553191,0.968085106,0.776595745,0.617021277,0.478723404,0.14893617,0.723404255,0.138297872,9.819148936,0.29787234,0.159574468,9053,94,0.581206177,0.959183673,0.723076923,1,31.956,12.19294585,9.922086985,7.965036076,53.18085106,104.6170213,0,0,0,0,0,0,0
322271,114,0.607476636,0.102803738,0.364485981,0.102803738,0.065420561,0.074766355,1.242990654,2.168224299,0.093457944,1.644859813,0.065420561,0.046728972,2.457943925,0.570093458,1.663551402,0.485981308,0.065420561,0.158878505,1.869158879,0.009345794,1,0.355140187,1.186915888,0.46728972,0.289719626,0.869158879,0.112149533,9.887850467,0.23364486,0.186915888,9133,107,0.813669741,0.930434783,0.636904762,1,37.001,15.45003299,8.981527585,-26.57538712,186.3364486,107.4205607,0.608695652,4,107,109,111,126,0
322271,115,0.725490196,0.176470588,0.352941176,0.088235294,0.058823529,0.039215686,1.352941176,3.068627451,0.049019608,1.039215686,0.088235294,0.019607843,3.029411765,0.382352941,2.823529412,0.676470588,0.068627451,0.166666667,2.078431373,0,0.549019608,0.303921569,0.833333333,0.401960784,0.352941176,1.156862745,0.12745098,10.54901961,0.205882353,0.12745098,9213,102,0.451514321,0.944444444,0.708333333,1,33.643,12.188039,10.87494688,-46.0025578,713.8823529,105.5392157,0,0,0,0,0,0,0
322271,116,0.531914894,0.085106383,0.531914894,0.074468085,0.095744681,0.010638298,1,2.329787234,0.031914894,1.446808511,0.074468085,0,1.819148936,0.329787234,0.042553191,0.265957447,0.010638298,0.117021277,0.457446809,0.010638298,0.85106383,0.457446809,0.829787234,0.425531915,0.170212766,0.744680851,0.095744681,8.106382979,0.265957447,0.20212766,9293,94,0.577655183,0.949494949,0.723076923,1,32.51,12.21463477,9.970572933,-10.09606555,310.8829787,105.8617021,0.317073171,1,128,0,0,0,0
322271,117,1.859375,0.1953125,0.4765625,0.09375,0.0859375,0.109375,1.84375,3.0390625,0.046875,1.4140625,0.078125,0.0703125,19.65625,0.390625,1.140625,0.5,0.0546875,0.1640625,1.4140625,0.0546875,0.9140625,0.484375,1.015625,0.4921875,0.6796875,1.3203125,0.1875,10.2734375,0.1796875,0.2421875,9374,128,0.710672108,0.948148148,0.727272727,1,40.284,15.44330099,10.86472341,3.599267538,427.3125,106.359375,0.098039216,1,120,0,0,0,0
322271,118,1.730337079,0.112359551,0.258426966,0.056179775,0.078651685,0.033707865,1.06741573,3.404494382,0.078651685,2.157303371,0.056179775,0.02247191,3.741573034,0.269662921,0.112359551,0.415730337,0.04494382,0.033707865,0.415730337,0,0.831460674,0.573033708,0.662921348,0.224719101,0.078651685,0.415730337,0.134831461,7.966292135,0.191011236,0.101123596,9454,89,0.637382804,0.956989247,0.741666667,1,32.047,12.21905042,9.415356459,65.9909116,588.6741573,106.6067416,0.414634146,1,121,0,0,0,0
322271,119,0.984615385,0.117948718,0.246153846,0.097435897,0.107692308,0.061538462,1.394871795,2.81025641,0.076923077,1.225641026,0.046153846,0.035897436,6.805128205,0.420512821,0.451282051,0.548717949,0.051282051,0.102564103,1.066666667,0.030769231,0.902564103,0.451282051,0.641025641,0.507692308,0.394871795,0.887179487,0.153846154,8.769230769,0.287179487,0.143589744,9534,195,0.363155625,0.946601942,0.716911765,1,48.248,16.48124252,15.35604332,62.77361113,17.12307692,109.025641,0,0,0,0,0,0,0
322271,120,0.71,0.12,0.61,0.08,0.07,0.02,1.07,2.27,0.12,1.7,0.08,0.02,2.85,0.27,0.65,0.52,0.06,0.12,1.85,0,1.27,0.46,0.69,0.38,0.38,1.46,0.15,8.21,0.23,0.19,9614,100,0.71752566,0.943396226,0.699300699,1,34.197,13.62601815,9.49095865,-24.65748427,412.67,109.44,0.11627907,1,117,0,0,0,0
322271,121,1.468571429,0.091428571,0.251428571,0.085714286,0.074285714,0.08,1.148571429,2.445714286,0.074285714,1.617142857,0.028571429,0.017142857,5.257142857,0.325714286,0.211428571,0.388571429,0.074285714,0.051428571,0.302857143,0.011428571,0.811428571,0.36,0.628571429,0.331428571,0.228571429,0.52,0.131428571,6.571428571,0.142857143,0.142857143,9694,175,0.634832798,0.906735751,0.607638889,1,50.225,17.68260015,13.66245295,57.42624446,599.0514286,106.0342857,0.258064516,1,118,0,0,0,0
322271,122,1.12745098,0.215686275,0.284313725,0.049019608,0.107843137,0.088235294,1.303921569,3.009803922,0.029411765,1.274509804,0.049019608,0.029411765,4.333333333,0.274509804,0.078431373,0.343137255,0.088235294,0.039215686,0.431372549,0.019607843,0.754901961,0.333333333,0.637254902,0.303921569,0.225490196,0.754901961,0.117647059,9.362745098,0.147058824,0.098039216,9774,102,0.563482836,0.944444444,0.653846154,1,34.677,12.73456201,10.52037532,30.47195,335.9705882,109.8431373,0,0,0,0,0,0,0
322271,123,1.23364486,0.168224299,0.439252336,0.046728972,0.046728972,0.102803738,0.943925234,2.747663551,0.018691589,1.476635514,0.037383178,0.037383178,4.61682243,0.504672897,0.252336449,0.420560748,0.046728972,0.112149533,0.691588785,0.037383178,0.514018692,0.373831776,0.757009346,0.355140187,0.317757009,0.728971963,0.074766355,9.738317757,0.261682243,0.093457944,9854,107,0.409484758,0.938596491,0.685897436,1,34.776,12.32705622,11.24618244,27.61803918,560.7383178,109.6074766,0.044444444,2,104,140,0,0,0
322271,124,0.79047619,0.152380952,0.4,0.076190476,0.066666667,0.085714286,0.980952381,2.333333333,0.038095238,1.542857143,0.047619048,0.038095238,3.095238095,0.257142857,0.066666667,0.380952381,0.085714286,0.085714286,0.457142857,0.019047619,0.685714286,0.371428571,0.695238095,0.333333333,0.219047619,0.761904762,0.20952381,8.733333333,0.152380952,0.076190476,9934,105,0.662641946,0.945945946,0.734265734,1,34.66,13.474025,10.09118706,24.76666884,87.85714286,113.6666667,0,0,0,0,0,0,0
322271,125,2.123287671,0.123287671,0.328767123,0.04109589,0.123287671,0.164383562,2.95890411,3.054794521,0.082191781,0.383561644,0.054794521,0.068493151,11.38356164,0.479452055,1.684931507,0.452054795,0.109589041,0.383561644,1.136986301,0,0.520547945,0.493150685,1.438356164,0.410958904,3.02739726,1.260273973,0.178082192,8.794520548,0.109589041,0.136986301,10015,73,0.73298891,0.973333333,0.760416667,1,28.747,11.91126378,8.102525077,6.528770621,455.3561644,113.9726027,0.527777778,1,112,0,0,0,0
322271,126,0.725274725,0.10989011,0.318681319,0.076923077,0.054945055,0.131868132,1,3.098901099,0.087912088,1.285714286,0.054945055,0.054945055,2.571428571,0.373626374,0.098901099,0.549450549,0.043956044,0.120879121,0.472527473,0.010989011,0.527472527,0.230769231,0.450549451,0.274725275,0.142857143,0.43956044,0.10989011,8.21978022,0.241758242,0.098901099,10095,91,0.534691115,0.957894737,0.758333333,1,31.749,11.79428957,9.966735855,22.91139266,198.9120879,114.7362637,0.282051282,2,111,114,0,0,0
322271,127,0.784313725,0.137254902,0.568627451,0.078431373,0.019607843,0.058823529,1.196078431,2.921568627,0.029411765,2.205882353,0.039215686,0.039215686,3.705882353,0.352941176,0.470588235,0.401960784,0.039215686,0.137254902,0.676470588,0.039215686,0.833333333,0.401960784,0.509803922,0.37254902,0.284313725,0.715686275,0.12745098,8.205882353,0.205882353,0.215686275,10175,102,0.786659705,0.935779817,0.653846154,1,35.512,14.77388611,9.121202846,46.40865955,232.2156863,115.6372549,0.304347826,1,134,0,0,0,0
322271,128,1.010869565,0.076086957,0.5,0.097826087,0.086956522,0.032608696,0.989130435,2.097826087,0.032608696,0.934782609,0.086956522,0.02173913,2.358695652,0.391304348,0.141304348,0.27173913,0.097826087,0.054347826,0.47826087,0.010869565,0.782608696,0.380434783,0.565217391,0.282608696,0.195652174,0.836956522,0.108695652,7.456521739,0.130434783,0.086956522,10255,92,0.413334749,0.93877551,0.760330579,1,32.022,11.43536495,10.41280488,-71.62274248,311.8369565,115.6956522,0.615384615,2,116,136,0,0,0
322271,129,0.578125,0.2421875,0.5,0.1328125,0.0625,0.0546875,23.1875,3.3671875,0.2890625,1.046875,0.0859375,0.0703125,4.421875,0.7109375,0.4921875,0.6015625,0.078125,0.09375,0.7890625,0.0234375,0.671875,0.390625,4.5703125,0.4921875,0.8515625,1.4921875,0.234375,10.6953125,0.28125,0.125,10335,128,0.498746129,0.962406015,0.703296703,1,38.134,13.80060561,11.96164893,63.11180742,736.4375,115.140625,0,0,0,0,0,0,0
322271,131,1.111940299,0.126865672,0.619402985,0.067164179,0.097014925,0.097014925,1.432835821,2.447761194,0.059701493,1.223880597,0.097014925,0.037313433,5.507462687,0.485074627,0.208955224,0.425373134,0.052238806,0.074626866,0.962686567,0.02238806,0.895522388,0.485074627,0.559701493,0.507462687,0.328358209,1.037313433,0.149253731,10.45522388,0.194029851,0.089552239,10495,134,0.512309033,0.937062937,0.687179487,1,39.829,14.32894117,12.30571149,20.67892418,389.0820896,116.3731343,0,0,0,0,0,0,0
322271,132,0.689655172,0.195402299,0.850574713,0.034482759,0.045977011,0.068965517,0.873563218,2.666666667,0.022988506,1.264367816,0.068965517,0.045977011,3.931034483,0.356321839,0.16091954,0.540229885,0.149425287,0.057471264,0.931034483,0.011494253,0.666666667,0.206896552,1.425287356,0.425287356,0.252873563,0.643678161,0.252873563,10.56321839,0.126436782,0.24137931,10575,87,0.710149187,0.966666667,0.805555556,1,31.815,12.7639459,8.986471792,15.33322487,752.7241379,115.5862069,0.421052632,1,137,0,0,0,0
322271,133,1.218309859,0.098591549,0.556338028,0.126760563,0.091549296,0.056338028,5.26056338,2.450704225,0.133802817,1.732394366,0.077464789,0.063380282,4.161971831,0.683098592,0.105633803,0.450704225,0.049295775,0.091549296,0.598591549,0.021126761,0.76056338,0.429577465,1.077464789,0.471830986,0.267605634,1.161971831,0.225352113,11.17605634,0.23943662,0.14084507,10655,142,0.445350752,0.928104575,0.676190476,1,41.417,14.43229765,12.92204704,-69.66772065,783.7535211,119.584507,0,0,0,0,0,0,0
322271,134,1.098901099,0.142857143,0.307692308,0.054945055,0.010989011,0.043956044,0.89010989,2.186813187,0.021978022,1.43956044,0.032967033,0.043956044,2.637362637,0.340659341,0.076923077,0.43956044,0.021978022,0.065934066,0.318681319,0.010989011,0.626373626,0.406593407,0.505494505,0.395604396,0.164835165,0.56043956,0.098901099,7.846153846,0.175824176,0.131868132,10736,91,0.422948099,0.93814433,0.689393939,1,32.328,11.4379809,10.36457109,-3.004502979,221.5824176,118.6043956,0.317073171,1,127,0,0,0,0
322271,135,0.897637795,0.125984252,0.456692913,0.062992126,0.078740157,0.094488189,0.94488189,3.102362205,0.031496063,1.929133858,0.11023622,0.039370079,2.748031496,0.307086614,0.157480315,0.543307087,0.102362205,0.102362205,0.464566929,0.047244094,0.850393701,0.496062992,1.433070866,0.354330709,0.165354331,0.818897638,0.181102362,8.590551181,0.346456693,0.141732283,10816,127,0.555045865,0.962121212,0.75147929,1,37.381,14.01304746,11.65632956,53.28617842,270.0629921,120.8897638,0,0,0,0,0,0,0
322271,136,1.157024793,0.123966942,0.495867769,0.090909091,0.082644628,0.082644628,1.388429752,2.842975207,0.05785124,1.272727273,0.016528926,0.033057851,5.066115702,0.388429752,0.115702479,0.355371901,0.041322314,0.090909091,0.58677686,0.008264463,0.818181818,0.388429752,0.768595041,0.32231405,0.438016529,0.743801653,0.132231405,8.859504132,0.173553719,0.157024793,10896,121,0.51820886,0.937984496,0.664835165,1,37.588,13.54612207,11.58537646,15.7529721,302.4710744,122.322314,0.265306122,1,128,0,0,0,0
322271,137,1.263157895,0.063157895,0.673684211,0.073684211,0.052631579,0.052631579,1.378947368,3.4,0.031578947,1.484210526,0.073684211,0.073684211,5.736842105,0.463157895,0.368421053,0.557894737,0.010526316,0.105263158,0.694736842,0.010526316,0.684210526,0.494736842,1.736842105,0.389473684,0.326315789,0.631578947,0.168421053,9.694736842,0.2,0.189473684,10976,95,0.747256146,0.95959596,0.753968254,1,33.8,13.69392609,9.100108487,7.196696702,751.4947368,123.4526316,0.414634146,1,132,0,0,0,0
322271,138,0.89380531,0.10619469,0.433628319,0.053097345,0.044247788,0.053097345,1.061946903,2.495575221,0.044247788,1.424778761,0.061946903,0.03539823,2.415929204,0.486725664,0.424778761,0.486725664,0.017699115,0.097345133,0.646017699,0.017699115,0.681415929,0.292035398,0.805309735,0.415929204,0.185840708,0.654867257,0.123893805,8.991150442,0.194690265,0.194690265,11056,113,0.534787028,0.941666667,0.668639053,1,35.719,13.14106576,11.10402821,37.70546355,60.19469027,123.0353982,0,0,0,0,0,0,0
322271,139,0.920731707,0.079268293,0.408536585,0.085365854,0.054878049,0.048780488,1.12804878,2.37195122,0.06097561,1.195121951,0.097560976,0.048780488,2.195121951,0.353658537,1,0.384146341,0.024390244,0.134146341,0.884146341,0,0.951219512,0.37195122,0.469512195,0.518292683,0.201219512,0.695121951,0.140243902,7.554878049,0.152439024,0.146341463,11136,164,0.582003739,0.937142857,0.68907563,1,44.882,16.32876896,13.27832809,-78.27503431,627.9634146,124.8658537,0,0,0,0,0,0,0
322271,140,1.02919708,0.175182482,0.737226277,0.131386861,0.087591241,0.102189781,1.306569343,3.00729927,0.080291971,1.649635036,0.131386861,0.072992701,4.299270073,0.481751825,0.145985401,0.532846715,0.065693431,0.138686131,1.094890511,0.00729927,0.948905109,0.635036496,0.875912409,0.379562044,0.284671533,1.313868613,0.218978102,10.67883212,0.343065693,0.116788321,11216,137,0.530234651,0.938356164,0.702564103,1,40.284,14.54502602,12.33201398,-76.49272056,562.7372263,125.379562,0.431372549,2,123,153,0,0,0
322271,141,1.661538462,0.076923077,0.323076923,0.061538462,0.061538462,0.153846154,1.215384615,2.323076923,0.046153846,0.953846154,0.046153846,0.030769231,10.53846154,0.415384615,0.061538462,0.4,0.030769231,0.092307692,0.492307692,0.015384615,0.630769231,0.2,0.446153846,0.276923077,0.292307692,0.553846154,0.107692308,6.707692308,0.138461538,0.092307692,11296,65,0.752659651,0.890410959,0.590909091,1,29.326,11.52512429,7.588254649,33.13528231,366.0461538,127.3076923,0.6,1,149,0,0,0,0
322271,142,1.15625,0.15625,0.34375,0.09375,0.083333333,0.083333333,0.979166667,2.8125,0.083333333,1.53125,0.020833333,0.052083333,2.052083333,0.385416667,0.260416667,0.541666667,0.020833333,0.09375,0.65625,0.010416667,0.645833333,0.4375,0.541666667,0.354166667,0.197916667,0.760416667,0.145833333,10.45833333,0.166666667,0.104166667,11376,96,0.655492254,0.941176471,0.738461538,1,32.791,12.80069431,9.667108622,5.518778986,662.8645833,128.8125,0,0,0,0,0,0,0
322271,143,1.015873016,0.126984127,0.412698413,0.087301587,0.047619048,0.055555556,1.166666667,2.380952381,0.03968254,1.825396825,0.071428571,0.055555556,5.888888889,0.325396825,0.087301587,0.436507937,0.071428571,0.071428571,0.531746032,0.023809524,0.714285714,0.484126984,0.492063492,0.452380952,0.150793651,0.666666667,0.134920635,7.380952381,0.19047619,0.134920635,11457,126,0.498583853,0.940298507,0.692307692,1,39.639,13.75178886,11.92062092,-75.9241617,33.88888889,131.0952381,0,0,0,0,0,0,0
322271,144,1.096153846,0.115384615,0.557692308,0.105769231,0.125,0.076923077,1.278846154,3.230769231,0.057692308,1.875,0.076923077,0.038461538,2.884615385,0.384615385,0.298076923,0.538461538,0.096153846,0.057692308,1.317307692,0.028846154,1.038461538,0.451923077,0.701923077,0.384615385,0.278846154,1.096153846,0.144230769,11.28846154,0.298076923,0.105769231,11537,104,0.223329816,0.928571429,0.722222222,1,34.933,11.90785439,11.60709697,71.16236283,162.6442308,128.8365385,0.340909091,1,154,0,0,0,0
322271,145,1.917127072,0.171270718,0.513812155,0.066298343,0.066298343,0.055248619,2.475138122,2.917127072,0.049723757,1.668508287,0.082872928,0.049723757,8.629834254,0.486187845,1.143646409,0.502762431,0.060773481,0.38121547,1.016574586,0.033149171,1.132596685,0.729281768,0.651933702,0.464088398,2.61878453,1.309392265,0.165745856,10.08839779,0.220994475,0.165745856,11617,181,0.538582803,0.947643979,0.70703125,1,46.007,16.65269934,14.03110796,50.85738264,472.558011,130.9060773,0,0,0,0,0,0,0
322271,146,1.420634921,0.19047619,0.579365079,0.055555556,0.047619048,0.079365079,1.547619048,2.492063492,0.007936508,1.793650794,0.095238095,0.015873016,5.619047619,0.468253968,0.777777778,0.587301587,0.095238095,0.111111111,1.26984127,0.015873016,0.992063492,0.595238095,0.896825397,0.420634921,0.380952381,1.46031746,0.222222222,12.07936508,0.333333333,0.142857143,11697,126,0.583862111,0.926470588,0.646153846,1,38.994,14.21346345,11.53924068,-17.35736056,417.8253968,131.9285714,0.36,3,155,156,168,0,0
322271,147,0.978723404,0.14893617,0.521276596,0.053191489,0.074468085,0.063829787,3.414893617,2.829787234,0.063829787,1.542553191,0.095744681,0.031914894,3.531914894,0.563829787,0.095744681,0.457446809,0.074468085,0.053191489,0.904255319,0.021276596,1,0.425531915,0.840425532,0.510638298,0.478723404,1.021276596,0.127659574,10.58510638,0.212765957,0.085106383,11777,94,0.444954792,0.949494949,0.712121212,1,32.328,11.65632366,10.43885599,-26.09295225,734.9574468,132.106383,0,0,0,0,0,0,0
322271,148,1.17699115,0.132743363,0.690265487,0.230088496,0.053097345,0.097345133,13.97345133,3.601769912,0.203539823,0.938053097,0.10619469,0.044247788,4.911504425,0.82300885,0.548672566,0.584070796,0.07079646,0.150442478,1.150442478,0.03539823,0.831858407,0.566371681,2.734513274,0.327433628,0.407079646,1.292035398,0.14159292,14.53982301,0.247787611,0.14159292,11857,113,0.683408188,0.869230769,0.672619048,1,39.821,14.58330154,10.64634199,-14.8138086,184.1061947,132.7168142,0.38,1,157,0,0,0,0
322271,149,1.02970297,0.108910891,0.366336634,0.04950495,0.099009901,0.04950495,0.99009901,2.069306931,0.04950495,1.564356436,0.079207921,0.02970297,6,0.465346535,0.158415842,0.405940594,0.089108911,0.01980198,0.564356436,0.01980198,0.821782178,0.346534653,0.861386139,0.366336634,0.366336634,0.712871287,0.099009901,7.425742574,0.257425743,0.148514851,11937,101,0.691382991,0.870689655,0.597633136,1,38.299,14.18242916,10.24664126,42.39051541,368.8118812,133.6732673,0.468085106,1,141,0,0,0,0
322271,150,0.958677686,0.107438017,0.495867769,0.107438017,0.041322314,0.024793388,1.115702479,2.066115702,0.066115702,1.214876033,0.082644628,0.016528926,3.173553719,0.363636364,0.115702479,0.404958678,0.024793388,0.107438017,0.785123967,0.041322314,0.892561983,0.454545455,1.289256198,0.388429752,0.289256198,0.867768595,0.074380165,8.289256198,0.148760331,0.140495868,12017,121,0.737289705,0.937984496,0.620512821,1,38.622,15.24493086,10.29912022,35.02356329,685.0991736,133.6694215,0,0,0,0,0,0,0
322271,151,1.34375,0.109375,0.46875,0.1015625,0.0859375,0.0546875,1.171875,2.78125,0.0625,1.21875,0.0546875,0.0390625,8.453125,0.390625,1.1171875,0.390625,0.0234375,0.078125,1.046875,0.0078125,0.703125,0.3359375,1.03125,0.375,0.3828125,1,0.1640625,9.8828125,0.265625,0.109375,12098,128,0.658908179,0.941176471,0.656410256,1,39.366,14.89100548,11.20136246,-29.84810246,113.2578125,132.53125,0,0,0,0,0,0,0
322271,152,0.849557522,0.132743363,0.451327434,0.10619469,0.079646018,0.044247788,1.256637168,1.955752212,0.026548673,1.389380531,0.017699115,0.008849558,3.486725664,0.389380531,0.309734513,0.433628319,0.044247788,0.088495575,0.805309735,0,0.955752212,0.530973451,2.132743363,0.309734513,0.327433628,1.283185841,0.10619469,9.85840708,0.17699115,0.10619469,12178,113,0.484246973,0.911290323,0.724358974,1,37.654,13.0310274,11.40125441,9.715816902,335.3539823,133.619469,0,0,0,0,0,0,0
322271,153,0.615384615,0.13986014,0.671328671,0.132867133,0.034965035,0.034965035,1.153846154,3.118881119,0.034965035,1.370629371,0.181818182,0.041958042,2.762237762,0.447552448,0.370629371,0.426573427,0.090909091,0.111888112,0.713286713,0.027972028,0.867132867,0.482517483,1.342657343,0.356643357,0.272727273,1.258741259,0.223776224,11.2027972,0.244755245,0.132867133,12258,143,0.55955565,0.877300613,0.680952381,1,44.874,15.42023557,12.78017993,21.49920954,562.8111888,136.5594406,0.375,1,140,0,0,0,0
322271,154,0.821917808,0.171232877,0.51369863,0.089041096,0.047945205,0.109589041,1.342465753,2.630136986,0.061643836,1.787671233,0.082191781,0.034246575,3.061643836,0.342465753,0.095890411,0.609589041,0.054794521,0.150684932,0.705479452,0.054794521,0.869863014,0.438356164,0.698630137,0.48630137,0.184931507,0.753424658,0.136986301,10.17808219,0.226027397,0.089041096,12338,146,0.736474424,0.960526316,0.780748663,1,43.468,16.76078457,11.33809067,-2.979712869,158.6849315,138.8082192,0.290909091,1,144,0,0,0,0
322271,155,1.044444444,0.133333333,0.355555556,0.111111111,0.077777778,0.044444444,1.6,2.3,0.055555556,1.666666667,0.077777778,0.011111111,3.444444444,0.366666667,0.622222222,0.388888889,0.022222222,0.077777778,1.022222222,0,1.077777778,0.311111111,0.666666667,0.433333333,0.344444444,1.244444444,0.111111111,8.8,0.277777778,0.177777778,12418,90,0.67630717,0.967741935,0.75,1,32.212,12.62802168,9.302049788,64.95940676,404.0555556,138.6666667,0.5,3,146,156,167,0,0
322271,156,1.341772152,0.164556962,0.367088608,0.063291139,0.088607595,0.075949367,1.949367089,2.012658228,0.050632911,1.873417722,0.101265823,0.075949367,5.113924051,0.392405063,0.164556962,0.46835443,0,0.17721519,0.658227848,0.012658228,0.911392405,0.367088608,0.569620253,0.506329114,0.316455696,1,0.151898734,9.607594937,0.227848101,0.278481013,12498,79,0.618673614,0.918604651,0.718181818,1,30.153,11.55922106,9.081480225,-28.5835492,413.2151899,139.7594937,1,3,146,155,168,0,0
322271,158,1.265957447,0.159574468,0.510638298,0.14893617,0.085106383,0.074468085,1.478723404,2.946808511,0.021276596,1.64893617,0.095744681,0.117021277,14.77659574,0.478723404,0.223404255,0.489361702,0.074468085,0.127659574,0.617021277,0.010638298,0.712765957,0.393617021,0.85106383,0.585106383,0.212765957,0.819148936,0.223404255,10.57446809,0.20212766,0.138297872,12658,94,0.806157569,0.930693069,0.602564103,1,34.768,14.36117459,8.497520167,35.29956158,596.0319149,140.4574468,0.454545455,1,159,0,0,0,0
322271,159,1.052631579,0.14619883,0.356725146,0.081871345,0.046783626,0.046783626,1.035087719,2.643274854,0.076023392,0.964912281,0.058479532,0.046783626,13.20467836,0.473684211,0.18128655,0.421052632,0.076023392,0.076023392,0.50877193,0.01754386,0.701754386,0.286549708,0.754385965,0.415204678,0.257309942,0.941520468,0.087719298,9.456140351,0.222222222,0.122807018,12738,171,0.716717259,0.895287958,0.628676471,1,48.24,18.1895023,12.68470176,51.98989127,605.251462,143.2163743,0.344262295,1,158,0,0,0,0
322271,160,1.423076923,0.173076923,0.75,0.192307692,0.019230769,0.057692308,2.076923077,3.057692308,0.134615385,2.230769231,0.076923077,0.096153846,4.326923077,0.442307692,0.730769231,0.615384615,0.096153846,0.211538462,1.326923077,0.076923077,1.134615385,0.596153846,0.557692308,0.365384615,0.173076923,1.826923077,0.115384615,11.30769231,0.346153846,0.134615385,12819,52,0.611936609,0.928571429,0.65,1,25.009,9.528622367,7.536252343,20.59483867,183.6923077,146.0384615,0.870967742,2,157,163,0,0,0
322271,161,1.327433628,0.150442478,0.89380531,0.07079646,0.10619469,0.03539823,1.672566372,3.690265487,0.061946903,1.716814159,0.079646018,0.07079646,6.274336283,0.530973451,0.619469027,0.477876106,0.088495575,0.061946903,0.610619469,0.008849558,0.725663717,0.530973451,1.902654867,0.628318584,0.212389381,0.867256637,0.14159292,10.74336283,0.265486726,0.115044248,12899,113,0.4842238,0.941666667,0.724358974,1,35.421,12.90259344,11.28904899,4.370424263,59.10619469,146.4955752,0.282608696,1,171,0,0,0,0
322271,162,0.662162162,0.081081081,0.662162162,0.013513514,0.121621622,0.027027027,0.783783784,2.216216216,0.040540541,1.297297297,0.081081081,0.027027027,1.851351351,0.459459459,0.040540541,0.445945946,0.054054054,0.054054054,0.689189189,0.013513514,0.743243243,0.391891892,0.648648649,0.364864865,0.27027027,0.878378378,0.108108108,8.743243243,0.202702703,0.067567568,12979,74,0.63611742,0.913580247,0.74,1,29.301,11.25661256,8.685515216,-40.71169185,198.0135135,146.7567568,0.472222222,1,163,0,0,0,0
322271,163,0.925,0.1625,0.7125,0.15,0.1,0.075,1.8375,2.3625,0.075,1.55,0.1625,0.0375,4.5125,0.3,0.7125,0.4375,0.1,0.0625,0.9875,0,1.1,0.2625,0.8625,0.2875,0.175,1.55,0.1375,10.275,0.2375,0.175,13059,80,0.711475005,0.85106383,0.606060606,1,33.337,12.8109633,9.00241001,69.50167904,190.2625,148.25,0.80952381,3,157,160,162,0,0
322271,165,0.777777778,0.125925926,0.437037037,0.059259259,0.066666667,0.044444444,1.059259259,2.074074074,0.044444444,1.422222222,0.051851852,0.014814815,2.740740741,0.303703704,0.074074074,0.362962963,0.022222222,0.096296296,0.57037037,0.007407407,0.748148148,0.644444444,0.503703704,0.385185185,0.244444444,0.62962963,0.133333333,8.059259259,0.266666667,0.125925926,13219,135,0.315031962,0.950704225,0.798816568,1,40.077,13.61491053,12.92165375,79.82086324,634.4,146.2592593,0.26,1,174,0,0,0,0
322271,166,0.487394958,0.092436975,0.605042017,0.058823529,0.151260504,0.100840336,1.134453782,3.56302521,0.042016807,1.403361345,0.117647059,0.025210084,2.067226891,0.43697479,0.100840336,0.394957983,0.067226891,0.134453782,0.605042017,0.025210084,0.915966387,0.487394958,3.588235294,0.487394958,0.18487395,0.890756303,0.201680672,12.3697479,0.201680672,0.12605042,13299,119,0.709379501,0.944444444,0.708333333,1,37.381,14.78479634,10.4207197,29.46220635,694.8151261,149.5294118,0,0,0,0,0,0,0
322271,167,0.844444444,0.188888889,0.422222222,0.1,0.077777778,0.111111111,1.311111111,2.566666667,0.033333333,1.644444444,0.1,0.044444444,4.266666667,0.377777778,0.844444444,0.433333333,0.111111111,0.111111111,1.566666667,0,0.977777778,0.4,5.622222222,0.433333333,0.222222222,0.722222222,0.233333333,9.122222222,0.166666667,0.122222222,13379,90,0.270282261,0.947368421,0.681818182,1,31.774,11.04860441,10.63738781,56.23183179,403.4888889,150.3222222,0.243902439,1,155,0,0,0,0
322271,168,1.049450549,0.192307692,0.43956044,0.115384615,0.087912088,0.076923077,1.747252747,2.956043956,0.065934066,1.692307692,0.104395604,0.043956044,4.005494505,0.478021978,1.175824176,0.252747253,0.093406593,0.115384615,1.043956044,0.021978022,1.065934066,0.565934066,0.956043956,0.445054945,0.346153846,1.065934066,0.186813187,10.74725275,0.269230769,0.120879121,13460,182,0.496194776,0.91,0.631944444,1,49.77,16.63817076,14.44544674,88.05024571,420.4725275,149.0274725,0.28125,2,146,156,0,0,0
322271,169,0.597014925,0.141791045,0.626865672,0.059701493,0.082089552,0.029850746,1.089552239,2.470149254,0.097014925,1.044776119,0.134328358,0.044776119,2.276119403,0.358208955,0.119402985,0.395522388,0.052238806,0.044776119,0.813432836,0,0.880597015,0.350746269,1.350746269,0.358208955,0.320895522,0.746268657,0.134328358,9.298507463,0.246268657,0.141791045,13540,134,0.709973079,0.95035461,0.697916667,1,39.912,15.65497931,11.02468757,11.77134762,353.141791,150.6119403,0,0,0,0,0,0,0
322271,170,0.935483871,0.193548387,0.548387097,0.075268817,0.129032258,0.107526882,1.021505376,2.935483871,0.064516129,1.193548387,0.064516129,0.032258065,2.537634409,0.462365591,0.376344086,0.47311828,0.043010753,0.032258065,0.462365591,0.010752688,0.655913978,0.483870968,0.505376344,0.559139785,0.258064516,0.795698925,0.107526882,9.311827957,0.161290323,0.268817204,13620,93,0.704987861,0.948979592,0.65034965,1,32.899,13.02022482,9.234195661,30.92468489,373.7311828,151.483871,0,0,0,0,0,0,0
322271,171,0.802631579,0.131578947,0.5,0.131578947,0.065789474,0.078947368,1.302631579,2.381578947,0.078947368,1.171052632,0.039473684,0.052631579,6.513157895,0.342105263,0.960526316,0.407894737,0.078947368,0,0.763157895,0.039473684,0.671052632,0.342105263,1.592105263,0.447368421,0.447368421,0.881578947,0.105263158,9.894736842,0.157894737,0.223684211,13700,76,0.435992831,1,0.844444444,1,28.168,10.44349509,9.398624848,15.57706235,64.78947368,154.9078947,0.764705882,2,161,172,0,0,0
322271,172,1.018348624,0.110091743,0.587155963,0.146788991,0.064220183,0.082568807,1.376146789,2.605504587,0.082568807,1.605504587,0.091743119,0.082568807,7.229357798,0.587155963,0.211009174,0.28440367,0.04587156,0.073394495,0.743119266,0,0.816513761,0.467889908,3.871559633,0.431192661,0.266055046,1.174311927,0.201834862,11.47706422,0.28440367,0.128440367,13780,109,0.542668268,0.886178862,0.698717949,1,37.373,13.22522422,11.10848889,81.62727707,73.69724771,155.1651376,0.347826087,1,171,0,0,0,0
322271,173,0.852941176,0.183823529,0.433823529,0.058823529,0.125,0.095588235,1.088235294,2.970588235,0.022058824,1.308823529,0.044117647,0.044117647,3.860294118,0.264705882,1.147058824,0.323529412,0.066176471,0.058823529,0.919117647,0.029411765,0.801470588,0.352941176,0.514705882,0.463235294,0.25,0.897058824,0.139705882,8,0.213235294,0.117647059,13860,136,0.775700792,0.944444444,0.653846154,1,40.499,16.6860457,10.53057761,24.49064214,296.6029412,156.0147059,0.092592593,1,177,0,0,0,0
322271,174,0.895348837,0.069767442,0.325581395,0.104651163,0.058139535,0.023255814,1.023255814,2.337209302,0.046511628,1.069767442,0.081395349,0.023255814,2.651162791,0.418604651,0.11627907,0.313953488,0.127906977,0.023255814,0.348837209,0,0.558139535,0.244186047,0.465116279,0.26744186,0.255813953,0.720930233,0.139534884,7.302325581,0.255813953,0.069767442,13940,86,0.619675922,0.966292135,0.796296296,1,30.525,11.92020098,9.355662607,5.009582711,635.6162791,156.6511628,0.5,2,165,182,0,0,0
322271,175,0.384615385,0.182692308,0.519230769,0.125,0.086538462,0.057692308,0.884615385,2.346153846,0.067307692,1.057692308,0.048076923,0.048076923,1.971153846,0.403846154,0.028846154,0.471153846,0.086538462,0.048076923,0.471153846,0.019230769,0.557692308,0.355769231,3.134615385,0.413461538,0.240384615,0.769230769,0.134615385,8.346153846,0.211538462,0.115384615,14020,104,0.528569918,0.95412844,0.727272727,1,33.643,12.57590275,10.6755552,-3.152196306,248.2307692,158.0096154,0,0,0,0,0,0,0
322271,176,1.006535948,0.08496732,0.366013072,0.098039216,0.058823529,0.124183007,1.098039216,3.555555556,0.039215686,1.366013072,0.039215686,0.019607843,3.862745098,0.54248366,0.163398693,0.620915033,0.065359477,0.137254902,0.549019608,0.006535948,0.633986928,0.281045752,2.764705882,0.45751634,0.261437908,0.745098039,0.137254902,9.411764706,0.222222222,0.098039216,14100,153,0.598563878,0.962264151,0.735576923,1,41.508,15.67488211,12.55675745,5.780600295,132.8235294,160.7647059,0.092592593,1,185,0,0,0,0
322271,177,0.767676768,0.121212121,0.606060606,0.050505051,0.111111111,0.090909091,1.313131313,2.696969697,0.04040404,1.282828283,0.080808081,0.04040404,4.848484848,0.343434343,0.191919192,0.383838384,0.101010101,0.050505051,0.909090909,0.02020202,0.606060606,0.414141414,0.636363636,0.393939394,0.373737374,1.131313131,0.111111111,9.252525253,0.232323232,0.121212121,14181,99,0.519322407,0.951923077,0.6875,1,33.089,12.23787647,10.45822486,47.33451255,281.1313131,159.2727273,0.11627907,1,173,0,0,0,0
322271,178,1.06779661,0.211864407,0.398305085,0.076271186,0.118644068,0.101694915,1.161016949,2.56779661,0.059322034,2.016949153,0.042372881,0.016949153,3.516949153,0.296610169,0.508474576,0.491525424,0.042372881,0.118644068,0.86440678,0.025423729,0.923728814,0.483050847,0.491525424,0.5,0.203389831,1.152542373,0.101694915,9.262711864,0.305084746,0.13559322,14261,118,0.662634421,0.959349593,0.698224852,1,36.273,14.24005808,10.66499188,-40.0011503,713.8813559,159.8813559,0,0,0,0,0,0,0
322271,179,0.815533981,0.106796117,0.640776699,0.029126214,0.048543689,0.087378641,0.990291262,2.504854369,0.038834951,1.262135922,0.058252427,0.038834951,3.194174757,0.524271845,0.640776699,0.436893204,0.048543689,0.087378641,0.572815534,0.009708738,0.766990291,0.446601942,3.902912621,0.359223301,0.165048544,1.087378641,0.155339806,9.572815534,0.27184466,0.155339806,14341,103,0.627317405,0.953703704,0.72027972,1,33.643,13.06378046,10.17359778,66.41709306,754.0291262,158.1747573,0,0,0,0,0,0,0
322271,180,1.217592593,0.087962963,0.444444444,0.060185185,0.064814815,0.074074074,1.125,2.74537037,0.032407407,1.402777778,0.083333333,0.046296296,5.050925926,0.365740741,0.685185185,0.476851852,0.037037037,0.111111111,0.638888889,0.018518519,0.597222222,0.361111111,0.777777778,0.453703704,0.305555556,0.824074074,0.12962963,9.287037037,0.212962963,0.189814815,14421,216,0.678957207,0.86746988,0.631578947,1,58.371,20.51823669,15.06403484,47.08666559,791.4074074,165.0740741,0.232876712,1,190,0,0,0,0
322271,181,0.797979798,0.111111111,0.494949495,0.070707071,0.080808081,0.070707071,1.060606061,2.393939394,0.03030303,1.343434343,0.101010101,0.01010101,1.98989899,0.424242424,0.121212121,0.282828283,0.050505051,0.050505051,0.383838384,0.01010101,0.767676768,0.363636364,0.515151515,0.545454545,0.141414141,0.787878788,0.080808081,8.727272727,0.252525253,0.090909091,14501,99,0.689247594,0.942857143,0.707142857,1,33.734,13.28578858,9.625897694,-11.83876787,668.7171717,160.3636364,0.046511628,1,188,0,0,0,0
322271,182,0.818181818,0.159090909,0.284090909,0.056818182,0.011363636,0.090909091,0.943181818,2.647727273,0.034090909,1.431818182,0.068181818,0.068181818,5.068181818,0.272727273,0.965909091,0.352272727,0.045454545,0.125,1.238636364,0,0.875,0.306818182,0.477272727,0.329545455,0.25,0.727272727,0.068181818,8.772727273,0.113636364,0.125,14581,88,0.495331364,0.956521739,0.733333333,1,30.368,11.42034336,9.920899275,0,645.5,163.5,0.15,1,174,0,0,0,0
322271,183,1.036144578,0.144578313,0.421686747,0.084337349,0.048192771,0.048192771,0.975903614,3.361445783,0.048192771,1.313253012,0.012048193,0.012048193,4.048192771,0.506024096,0.445783133,0.301204819,0.060240964,0.072289157,0.530120482,0.036144578,0.795180723,0.180722892,0.614457831,0.409638554,0.144578313,0.795180723,0.096385542,8.060240964,0.228915663,0.156626506,14661,83,0.398019326,0.965116279,0.685950413,1,30.178,10.8280186,9.933375555,29.0671756,204.6626506,166.253012,0.435897436,2,186,192,0,0,0
322271,184,0.722222222,0.12962963,0.527777778,0.101851852,0.092592593,0.064814815,1.009259259,2.972222222,0.064814815,1.675925926,0.046296296,0.027777778,2.87037037,0.361111111,0.888888889,0.453703704,0.027777778,0.101851852,0.824074074,0.009259259,0.592592593,0.37037037,1.092592593,0.462962963,0.25,0.722222222,0.138888889,8.87962963,0.268518519,0.101851852,14741,108,0.523529974,0.931034483,0.692307692,1,35.239,12.87768027,10.97187705,60.06847385,762.9814815,170.6666667,0,0,0,0,0,0,0
322271,185,0.896907216,0.12371134,0.484536082,0.051546392,0.082474227,0.082474227,1.154639175,2.257731959,0.051546392,1.278350515,0.010309278,0.051546392,4.742268041,0.24742268,0.092783505,0.268041237,0.051546392,0.072164948,0.412371134,0.041237113,0.319587629,0.309278351,2.567010309,0.24742268,0.134020619,0.773195876,0.113402062,7.597938144,0.206185567,0.113402062,14821,97,0.692881216,0.923809524,0.746153846,1,34.288,13.27528465,9.572167176,14.39263261,144.628866,169.3195876,0.325581395,2,176,197,0,0,0
322271,186,1.609375,0.0625,0.3125,0.046875,0.078125,0.0625,1.0625,2.8125,0,0.96875,0.0625,0.046875,10.96875,0.453125,0.125,0.390625,0.078125,0.03125,0.484375,0,0.71875,0.28125,0.6875,0.328125,0.171875,0.8125,0.125,8.328125,0.1875,0.1875,14902,64,0.212077323,0.901408451,0.64,1,27.176,9.344435243,9.131876336,0.797943746,210.96875,171.890625,0.771428571,2,183,192,0,0,0
322271,187,0.778688525,0.098360656,0.229508197,0.057377049,0.032786885,0.032786885,0.991803279,2.131147541,0.024590164,1.737704918,0.090163934,0.032786885,3.081967213,0.360655738,0.090163934,0.336065574,0.073770492,0.090163934,0.475409836,0.024590164,0.901639344,0.295081967,1.426229508,0.409836066,0.237704918,0.778688525,0.12295082,6.483606557,0.31147541,0.081967213,14982,122,0.570780281,0.945736434,0.677777778,1,37.77,13.85673986,11.37780843,20.62477894,489.8360656,173.2377049,0,0,0,0,0,0,0
322271,188,0.830508475,0.13559322,0.36440678,0.050847458,0.084745763,0.033898305,1.406779661,2.152542373,0.025423729,1.516949153,0.06779661,0.042372881,4.262711864,0.338983051,1.644067797,0.415254237,0.025423729,0.050847458,1.805084746,0.008474576,0.754237288,0.474576271,1.118644068,0.381355932,0.313559322,0.915254237,0.152542373,9.694915254,0.177966102,0.152542373,15062,118,0.664345157,0.944,0.648351648,1,37.125,14.30569903,10.69245033,-44.12189248,676.7033898,172.7118644,0.040816327,1,181,0,0,0,0
322271,189,0.858695652,0.086956522,0.423913043,0.119565217,0.076086957,0.054347826,1.141304348,2.445652174,0.076086957,1.239130435,0.076086957,0.02173913,2.293478261,0.369565217,0.065217391,0.5,0.010869565,0.076086957,0.5,0,0.913043478,0.380434783,0.52173913,0.380434783,0.141304348,0.77173913,0.108695652,8.086956522,0.217391304,0.130434783,15142,92,0.490561814,0.948453608,0.760330579,1,31.567,11.6670647,10.1667548,-53.96025887,398.1521739,174.9565217,0,0,0,0,0,0,0
322271,190,0.482758621,0.126436782,0.574712644,0.08045977,0.034482759,0.022988506,1.218390805,2.781609195,0.045977011,1.827586207,0.034482759,0.057471264,2.988505747,0.390804598,2.287356322,0.367816092,0.137931034,0.149425287,1.264367816,0,0.793103448,0.471264368,5.655172414,0.448275862,0.517241379,1.275862069,0.183908046,11.06896552,0.206896552,0.298850575,15222,87,0.542484876,0.956043956,0.725,1,30.641,11.5500011,9.702758244,20.04064196,787.183908,176.4827586,0.41025641,1,180,0,0,0,0
322271,191,0.693069307,0.217821782,0.396039604,0.04950495,0.079207921,0.069306931,1.405940594,3.316831683,0.059405941,1.722772277,0.089108911,0.00990099,3.207920792,0.455445545,0.445544554,0.475247525,0.128712871,0.059405941,0.673267327,0.01980198,0.811881188,0.475247525,0.603960396,0.386138614,0.158415842,0.841584158,0.217821782,9.99009901,0.217821782,0.089108911,15302,101,0.709333031,0.943925234,0.721428571,1,34.561,13.71297158,9.665910269,7.362982808,643.2475248,176.3564356,0.431818182,1,198,0,0,0,0
322271,192,1.538461538,0.115384615,0.246153846,0.130769231,0.046153846,0.084615385,0.869230769,2.353846154,0.023076923,1.784615385,0.061538462,0.030769231,5.623076923,0.284615385,0.061538462,0.415384615,0.076923077,0.061538462,0.330769231,0.015384615,0.630769231,0.246153846,0.530769231,0.5,0.238461538,0.792307692,0.138461538,7.753846154,0.192307692,0.069230769,15382,130,0.610487345,0.915492958,0.619047619,1,40.863,14.88479842,11.78914751,-18.79186613,206.1,178.8769231,0.41509434,2,183,186,0,0,0
322271,193,0.75862069,0.218390805,0.436781609,0.057471264,0.08045977,0.08045977,1.011494253,2.149425287,0.057471264,1.942528736,0.068965517,0.045977011,1.643678161,0.298850575,0.32183908,0.436781609,0.068965517,0.034482759,0.425287356,0.011494253,0.67816092,0.310344828,0.770114943,0.32183908,0.126436782,0.712643678,0.022988506,7.816091954,0.172413793,0.195402299,15462,87,0.663720712,0.945652174,0.669230769,1,31.865,12.32215704,9.216733091,-18.05974949,563.4367816,178.1264368,0.463414634,1,199,0,0,0,0
322271,194,1.280898876,0.134831461,0.292134831,0.06741573,0.123595506,0.08988764,1.292134831,3.865168539,0.02247191,2.561797753,0.078651685,0.112359551,4.157303371,0.561797753,0.056179775,0.382022472,0.078651685,0.157303371,0.404494382,0.056179775,0.820224719,0.393258427,0.606741573,0.595505618,0.123595506,0.617977528,0.134831461,9.853932584,0.213483146,0.191011236,15543,89,0.719005338,0.967391304,0.760683761,1,31.749,12.84959461,8.930526709,-75.67550868,592.0898876,178.0224719,0.45,2,195,207,0,0,0
322271,195,1.1,0.118181818,0.409090909,0.063636364,0.081818182,0.054545455,1.272727273,2.536363636,0.054545455,1.572727273,0.090909091,0.036363636,2.772727273,0.363636364,1.981818182,0.381818182,0.072727273,0.072727273,2,0.009090909,0.681818182,0.481818182,0.663636364,0.427272727,0.3,0.8,0.209090909,10.1,0.218181818,0.1,15623,110,0.625785563,0.964912281,0.769230769,1,34.743,13.46272313,10.50085871,25.5353978,602.6727273,179.2,0.318181818,2,194,207,0,0,0
322271,196,0.693181818,0.125,0.465909091,0.068181818,0.034090909,0.034090909,1.227272727,2.840909091,0.034090909,1.681818182,0.056818182,0.022727273,2.181818182,0.477272727,0.670454545,0.5,0.056818182,0.102272727,0.829545455,0.034090909,0.954545455,0.386363636,0.329545455,0.454545455,0.272727273,0.863636364,0.079545455,9.579545455,0.238636364,0.170454545,15703,88,0.657052923,0.907216495,0.676923077,1,33.436,12.50755358,9.428749861,-0.096404062,344.6022727,180.875,0.5,1,206,0,0,0,0
322271,197,1.224137931,0.137931034,0.301724138,0.043103448,0.086206897,0.103448276,1.215517241,3.413793103,0.060344828,2.24137931,0.017241379,0.077586207,4.405172414,0.422413793,0.112068966,0.482758621,0.034482759,0.068965517,0.422413793,0.017241379,0.870689655,0.465517241,0.715517241,0.405172414,0.172413793,0.534482759,0.086206897,8.689655172,0.215517241,0.163793103,15783,116,0.541585546,0.913385827,0.69047619,1,38.051,13.55115501,11.39171941,-83.92890187,135.112069,178.3793103,0.204081633,1,185,0,0,0,0
322271,198,0.784810127,0.050632911,0.696202532,0.088607595,0.088607595,0.088607595,1.278481013,2.405063291,0.037974684,1.278481013,0.050632911,0.025316456,2.556962025,0.367088608,0.759493671,0.35443038,0.101265823,0.139240506,1.582278481,0.025316456,0.64556962,0.506329114,0.82278481,0.316455696,0.303797468,0.962025316,0.075949367,11.06329114,0.202531646,0.113924051,15863,79,0.823715241,0.887640449,0.552447552,1,33.635,13.74471346,7.793303448,26.09175537,647.6582278,182.5189873,0.487804878,1,191,0,0,0,0
322271,199,0.707692308,0.107692308,0.584615385,0.076923077,0.076923077,0.123076923,1.030769231,2.446153846,0.061538462,1.215384615,0.046153846,0.046153846,1.923076923,0.323076923,0.061538462,0.323076923,0.076923077,0.107692308,0.446153846,0.061538462,0.584615385,0.461538462,0.523076923,0.415384615,0.246153846,0.969230769,0.061538462,8.369230769,0.261538462,0.107692308,15943,65,0.720537718,0.890410959,0.656565657,1,29.483,11.47644706,7.957949099,-21.16224478,558.9076923,183.7538462,1,3,193,200,212,0,0
322271,200,1.101351351,0.128378378,0.5,0.121621622,0.060810811,0.087837838,0.817567568,2.033783784,0.054054054,1.263513514,0.128378378,0.02027027,5.337837838,0.27027027,0.601351351,0.317567568,0.047297297,0.074324324,0.986486486,0.02027027,0.831081081,0.425675676,0.554054054,0.331081081,0.209459459,0.952702703,0.121621622,7.216216216,0.256756757,0.067567568,16023,148,0.737573882,0.925,0.669683258,1,44.138,16.90569122,11.41584597,8.139787439,546.7094595,183.9864865,0.232142857,1,199,0,0,0,0
322271,201,0.712871287,0.158415842,0.485148515,0.04950495,0.04950495,0,1.079207921,2.534653465,0.04950495,1.742574257,0.059405941,0.079207921,2.03960396,0.336633663,0.059405941,0.485148515,0.02970297,0.03960396,0.603960396,0,0.673267327,0.306930693,0.811881188,0.326732673,0.227722772,0.801980198,0.128712871,7.851485149,0.198019802,0.178217822,16103,101,0.829401228,0.943925234,0.673333333,1,35.694,15.32459625,8.561137552,-21.86626397,78.88118812,183.6237624,0.244444444,1,213,0,0,0,0
322271,202,0.595505618,0.134831461,0.449438202,0.101123596,0.101123596,0.033707865,1.202247191,2.831460674,0.056179775,1.921348315,0.08988764,0.056179775,2.415730337,0.471910112,0.101123596,0.438202247,0.056179775,0.04494382,0.674157303,0.011235955,1.04494382,0.550561798,0.606741573,0.426966292,0.269662921,0.786516854,0.213483146,10.19101124,0.247191011,0.146067416,16183,89,0.595054129,0.927083333,0.674242424,1,31.865,11.99666791,9.641549546,-35.75379871,770.2022472,186.9213483,0.365853659,1,217,0,0,0,0
322271,203,1.178947368,0.115789474,0.484210526,0.105263158,0.073684211,0.042105263,1.442105263,3.021052632,0.042105263,1.652631579,0.010526316,0.073684211,5.2,0.452631579,0.2,0.494736842,0.084210526,0.073684211,0.694736842,0.010526316,0.821052632,0.368421053,0.610526316,0.378947368,0.189473684,0.768421053,0.136842105,9.021052632,0.294736842,0.210526316,16264,95,0.66043451,0.940594059,0.730769231,1,33.643,12.81962918,9.626049972,4.433198011,30.28421053,187.4,0,0,0,0,0,0,0
322271,204,0.217391304,0.141304348,0.380434783,0.108695652,0.065217391,0.032608696,1.02173913,1.5,0.010869565,2.782608696,0.086956522,0.043478261,0.913043478,0.391304348,0.076086957,0.260869565,0.032608696,0.043478261,0.5,0.02173913,1,0.402173913,0.597826087,0.304347826,0.163043478,0.739130435,0.130434783,5.630434783,0.163043478,0.065217391,16344,92,0.473404377,0.93877551,0.696969697,1,32.237,11.67016865,10.27961223,48.09857965,468.326087,187.6413043,0,0,0,0,0,0,0
322271,206,0.622222222,0.127777778,0.355555556,0.111111111,0.055555556,0.061111111,1.3,2.25,0.066666667,1.633333333,0.055555556,0.038888889,2.555555556,0.411111111,1.088888889,0.288888889,0.05,0.138888889,0.994444444,0.038888889,0.894444444,0.388888889,1.466666667,0.466666667,0.55,0.85,0.111111111,10.10555556,0.2,0.138888889,16504,180,0.9130197,0.869565217,0.681818182,1,56.733,24.55860292,10.01783398,-10.82513815,348.6555556,189.3611111,0.542857143,2,196,226,0,0,0
322271,208,1.181818182,0.12987013,0.363636364,0.025974026,0.025974026,0.012987013,1.311688312,3.142857143,0.025974026,1.896103896,0.077922078,0.051948052,4.090909091,0.506493506,0.103896104,0.532467532,0.051948052,0.142857143,0.402597403,0.025974026,0.831168831,0.441558442,0.649350649,0.285714286,0.311688312,0.61038961,0.103896104,9.116883117,0.233766234,0.116883117,16664,77,0.627757661,0.885057471,0.641666667,1,31.195,11.56360689,9.0012138,3.633477203,92.37662338,191.3116883,0.615384615,2,213,222,0,0,0
322271,209,1.470588235,0.161764706,0.220588235,0.073529412,0.088235294,0.088235294,1.264705882,3.514705882,0.073529412,1.838235294,0.073529412,0.044117647,3.897058824,0.529411765,0.161764706,0.397058824,0.088235294,0.117647059,0.470588235,0,0.558823529,0.529411765,0.441176471,0.323529412,0.191176471,0.573529412,0.088235294,7.926470588,0.117647059,0.191176471,16744,68,0.774451531,0.883116883,0.581196581,1,31.749,12.51913841,7.920023198,75.64764034,221.9117647,191.1764706,0.58974359,1,214,0,0,0,0
322271,210,1.012987013,0.168831169,0.506493506,0.038961039,0.12987013,0.116883117,1.454545455,2.155844156,0.064935065,0.974025974,0.051948052,0.038961039,6.38961039,0.337662338,0.077922078,0.441558442,0.038961039,0.038961039,0.441558442,0,0.584415584,0.350649351,0.74025974,0.376623377,0.181818182,1.077922078,0.207792208,8.402597403,0.090909091,0.077922078,16824,77,0.649847698,0.895348837,0.641666667,1,31.286,11.58831475,8.807866085,-5.286547297,238.0779221,190.4935065,0.72972973,2,214,223,0,0,0
322271,211,0.955357143,0.142857143,0.598214286,0.169642857,0.089285714,0.098214286,1.375,2.973214286,0.089285714,1.875,0.0625,0.017857143,3.241071429,0.348214286,0.991071429,0.455357143,0.089285714,0.107142857,1.044642857,0.0625,1.133928571,0.580357143,0.723214286,0.366071429,0.303571429,1.205357143,0.178571429,9.669642857,0.285714286,0.133928571,16905,112,0.635583871,0.949152542,0.727272727,1,35.33,13.66904949,10.55294125,8.469072645,255.5892857,191.1964286,0.565217391,2,205,227,0,0,0
322271,212,1.14893617,0.106382979,0.29787234,0.053191489,0.053191489,0.042553191,1.106382979,3.744680851,0.042553191,1.063829787,0.042553191,0.063829787,3.765957447,0.319148936,0.489361702,0.436170213,0.053191489,0.074468085,0.734042553,0.010638298,0.606382979,0.404255319,0.5,0.393617021,0.35106383,0.659574468,0.20212766,7.170212766,0.138297872,0.170212766,16985,94,0.581974882,0.949494949,0.723076923,1,32.601,12.26040383,9.970243291,0.639933199,562.287234,191.3829787,0.341463415,1,199,0,0,0,0
322271,213,1.043010753,0.064516129,0.451612903,0.075268817,0.021505376,0.075268817,1.258064516,3.021505376,0.043010753,1.483870968,0.053763441,0.064516129,3.88172043,0.365591398,0.064516129,0.419354839,0.075268817,0.053763441,0.494623656,0.010752688,0.623655914,0.440860215,0.655913978,0.408602151,0.23655914,0.827956989,0.161290323,8.35483871,0.204301075,0.150537634,17065,93,0.618114732,0.978947368,0.775,1,32.022,12.36666062,9.721282212,-29.32804079,82.78494624,193.4516129,0.625,3,201,208,222,0,0
322271,214,1.401785714,0.133928571,0.482142857,0.071428571,0.089285714,0.053571429,1.401785714,2.651785714,0.071428571,1.205357143,0.008928571,0.0625,4.455357143,0.392857143,0.133928571,0.4375,0.053571429,0.026785714,0.535714286,0.035714286,0.767857143,0.401785714,0.75,0.303571429,0.321428571,0.875,0.089285714,9.383928571,0.169642857,0.107142857,17145,112,0.703200588,0.896,0.727272727,1,39.68,14.66325621,10.42545073,77.57263137,229.0178571,192.7053571,0.872340426,3,209,210,223,0,0
322271,215,0.903614458,0.180722892,0.626506024,0.036144578,0.048192771,0.072289157,1.228915663,3.518072289,0.024096386,1.734939759,0.036144578,0.072289157,3.34939759,0.457831325,0.301204819,0.385542169,0.060240964,0.144578313,1.156626506,0,0.963855422,0.626506024,2.373493976,0.43373494,0.277108434,1.180722892,0.120481928,9.421686747,0.421686747,0.072289157,17225,83,0.570727117,0.912087912,0.754545455,1,31.261,11.59897195,9.524377412,-89.84513164,403.3855422,193.0120482,0.405405405,1,219,0,0,0,0
322271,216,1.325842697,0.146067416,0.516853933,0.08988764,0.078651685,0.056179775,1.235955056,2.707865169,0.04494382,2.370786517,0.04494382,0.033707865,5.764044944,0.483146067,0.112359551,0.460674157,0.08988764,0.157303371,0.505617978,0.02247191,0.943820225,0.415730337,0.651685393,0.382022472,0.235955056,0.595505618,0.235955056,9.797752809,0.235955056,0.213483146,17305,89,0.389789404,0.956989247,0.73553719,1,30.922,11.18917184,10.30415337,37.59229571,687.4157303,192.247191,0,0,0,0,0,0,0
322271,217,0.692307692,0.164835165,0.703296703,0.054945055,0.153846154,0.10989011,0.912087912,3.065934066,0.043956044,1.186813187,0.054945055,0,1.582417582,0.461538462,0.043956044,0.538461538,0.032967033,0.043956044,0.494505495,0.010989011,0.681318681,0.274725275,1.516483516,0.417582418,0.164835165,0.802197802,0.164835165,9.802197802,0.175824176,0.098901099,17385,91,0.550768121,0.93814433,0.689393939,1,31.774,11.88203965,9.917443009,-34.91348488,764.2197802,193.9340659,0.341463415,1,202,0,0,0,0
322271,218,1.408,0.16,0.272,0.112,0.072,0.088,1.552,3.88,0.008,1.848,0.056,0.04,4.632,0.432,0.096,0.44,0.056,0.104,0.44,0.024,0.96,0.496,0.808,0.368,0.304,0.6,0.096,8.624,0.216,0.192,17465,125,0.583098945,0.912408759,0.694444444,1,40.59,14.39432397,11.69396528,1.077100882,196.848,196.824,0.094339623,1,234,0,0,0,0
322271,219,0.676056338,0.14084507,0.633802817,0.098591549,0.098591549,0.042253521,1.014084507,2.211267606,0.070422535,1.507042254,0.126760563,0,2.084507042,0.309859155,0.084507042,0.464788732,0.098591549,0.098591549,0.845070423,0,0.76056338,0.521126761,5.366197183,0.225352113,0.338028169,1.408450704,0.14084507,9.478873239,0.281690141,0.154929577,17545,71,0.636822743,0.97260274,0.717171717,1,28.838,11.10064439,8.558710517,60.30712968,395.6760563,194.6338028,0.457142857,1,215,0,0,0,0
322271,220,0.319587629,0.144329897,0.525773196,0.092783505,0.041237113,0.041237113,1.12371134,2.010309278,0,1.773195876,0.072164948,0.082474227,2.443298969,0.298969072,0.195876289,0.360824742,0.051546392,0.175257732,0.773195876,0.030927835,0.948453608,0.453608247,0.773195876,0.371134021,0.144329897,1.051546392,0.18556701,8.463917526,0.24742268,0.144329897,17626,97,0.722623591,0.932692308,0.678321678,1,33.916,13.49242164,9.326525029,36.0132958,494.7010309,194.9278351,0.348837209,1,225,0,0,0,0
322271,221,0.644295302,0.167785235,0.536912752,0.140939597,0.080536913,0.073825503,0.959731544,2.583892617,0.11409396,1.684563758,0.060402685,0.046979866,3.161073826,0.516778523,0.174496644,0.402684564,0.100671141,0.093959732,0.838926174,0.033557047,1.033557047,0.476510067,3.355704698,0.389261745,0.208053691,0.859060403,0.140939597,9.295302013,0.234899329,0.161073826,17706,149,0.794536457,0.925465839,0.636752137,1,45.362,17.90476598,10.87206846,-69.20098786,737.9865772,194.8053691,0.275862069,1,229,0,0,0,0
322271,222,0.6,0.155555556,0.5,0.055555556,0.077777778,0.1,1.555555556,3.3,0.044444444,2.322222222,0.066666667,0.066666667,2.6,0.444444444,0.044444444,0.588888889,0.1,0.1,0.455555556,0.011111111,1.122222222,0.5,0.622222222,0.388888889,0.166666667,0.644444444,0.155555556,10.07777778,0.266666667,0.188888889,17786,90,0.796130249,0.9375,0.714285714,1,32.973,13.88614624,8.402858382,14.53796043,94.15555556,198.7888889,0.536585366,3,208,213,235,0,0
322271,223,0.662790698,0.093023256,0.406976744,0.11627907,0.162790698,0.093023256,1.302325581,2,0.034883721,1.523255814,0.093023256,0.011627907,3.697674419,0.360465116,0.662790698,0.406976744,0.069767442,0.104651163,1.046511628,0,0.744186047,0.360465116,0.558139535,0.546511628,0.209302326,0.965116279,0.139534884,7.872093023,0.186046512,0.26744186,17866,86,0.619917332,0.934782609,0.716666667,1,31.468,12.06038194,9.46338526,-9.791113,240.0232558,198.3255814,0.55,3,210,214,227,0,0
322271,224,1.872881356,0.110169492,0.491525424,0.152542373,0.118644068,0.101694915,6.347457627,4.305084746,0.042372881,1.279661017,0.101694915,0.093220339,20.33050847,0.720338983,1.516949153,0.745762712,0.093220339,0.110169492,1.237288136,0.042372881,1.016949153,0.686440678,1.220338983,0.559322034,1.262711864,1.838983051,0.220338983,17.93220339,0.245762712,0.313559322,17946,118,0.518181426,0.959349593,0.702380952,1,36.091,13.33286627,11.40321017,13.10641247,436.440678,199.8220339,0,0,0,0,0,0,0
322271,225,0.528735632,0.206896552,0.563218391,0.057471264,0.068965517,0.091954023,1.057471264,2.666666667,0.068965517,1.954022989,0.057471264,0.103448276,3.16091954,0.402298851,0.310344828,0.367816092,0.103448276,0.114942529,0.793103448,0.034482759,0.666666667,0.505747126,5.91954023,0.413793103,0.298850575,0.804597701,0.183908046,9.08045977,0.149425287,0.149425287,18026,87,0.520149062,0.956043956,0.725,1,30.542,11.45479655,9.783261046,8.069237178,503.1724138,199.3218391,0.333333333,1,220,0,0,0,0
322271,226,0.705357143,0.107142857,0.535714286,0.116071429,0.089285714,0.098214286,1.616071429,2.464285714,0.035714286,1.044642857,0.053571429,0.035714286,6.169642857,0.339285714,1.392857143,0.455357143,0.053571429,0.098214286,1.133928571,0.017857143,0.794642857,0.4375,2.714285714,0.339285714,0.571428571,1,0.116071429,9.767857143,0.214285714,0.142857143,18106,112,0.406583121,0.949152542,0.717948718,1,35.512,12.64752028,11.554949,-20.7704074,347.6607143,199.0625,0.586956522,2,206,228,0,0,0
322271,227,1.020408163,0.112244898,0.397959184,0.12244898,0.040816327,0.071428571,1.306122449,1.857142857,0.081632653,1.295918367,0.040816327,0.040816327,2.234693878,0.316326531,0.357142857,0.37755102,0.071428571,0.091836735,1.12244898,0.040816327,0.887755102,0.316326531,0.56122449,0.346938776,0.234693878,0.918367347,0.081632653,7.693877551,0.244897959,0.081632653,18186,98,0.528133207,0.942307692,0.742424242,1,33.709,12.26215424,10.41254974,-62.23105206,253.4081633,201.377551,0.365853659,2,211,223,0,0,0
322271,228,1.076335878,0.083969466,0.374045802,0.053435115,0.083969466,0.083969466,1.72519084,2.465648855,0.053435115,1.13740458,0.122137405,0.022900763,7.374045802,0.312977099,0.511450382,0.41221374,0.06870229,0.083969466,0.748091603,0.007633588,0.465648855,0.312977099,0.702290076,0.305343511,0.396946565,1.091603053,0.114503817,10,0.27480916,0.038167939,18266,131,0.711083892,0.942446043,0.682291667,1,39.639,15.48958859,10.89084087,-8.127900703,361.1603053,204.4274809,0.18,1,226,0,0,0,0
322271,229,0.476190476,0.107142857,0.392857143,0.071428571,0.107142857,0.071428571,1.011904762,2.130952381,0.107142857,2.166666667,0.071428571,0.011904762,1.44047619,0.392857143,0.488095238,0.392857143,0.083333333,0.071428571,1.642857143,0.035714286,1.154761905,0.654761905,0.619047619,0.226190476,0.19047619,0.702380952,0.119047619,7.261904762,0.226190476,0.226190476,18347,84,0.705079099,0.923076923,0.7,1,31.104,12.48902984,8.856329063,-21.69602449,736.2619048,205.9166667,0.4,1,221,0,0,0,0
322271,230,1.376237624,0.108910891,0.455445545,0.04950495,0.03960396,0.089108911,1.326732673,3.247524752,0.03960396,1.811881188,0.108910891,0.079207921,6.742574257,0.306930693,0.099009901,0.495049505,0.04950495,0.108910891,0.405940594,0,0.881188119,0.514851485,0.663366337,0.376237624,0.287128713,0.673267327,0.198019802,8.267326733,0.247524752,0.198019802,18427,101,0.398987626,0.952830189,0.765151515,1,32.882,11.90022633,10.91198763,27.96480126,111.2772277,207.0693069,0,0,0,0,0,0,0
322271,231,1.490740741,0.111111111,0.435185185,0.111111111,0.037037037,0.064814815,1.296296296,3.240740741,0.074074074,1.546296296,0.055555556,0.037037037,2.861111111,0.444444444,0.101851852,0.481481481,0.12037037,0.064814815,0.472222222,0.027777778,0.861111111,0.342592593,0.712962963,0.481481481,0.185185185,0.75,0.166666667,9.712962963,0.231481481,0.222222222,18507,108,0.695518656,0.931034483,0.701298701,1,36.157,14.03432303,10.08377389,24.52685042,771.2777778,206.1296296,0.377777778,2,236,240,0,0,0
322271,232,0.846153846,0.131868132,0.263736264,0.065934066,0.032967033,0.010989011,1.043956044,3.164835165,0.010989011,1.703296703,0.065934066,0.010989011,3.175824176,0.340659341,0.065934066,0.208791209,0.065934066,0.054945055,0.615384615,0.021978022,0.725274725,0.505494505,0.450549451,0.417582418,0.175824176,0.637362637,0.054945055,7.89010989,0.252747253,0.142857143,18587,91,0.472401439,0.93814433,0.631944444,1,32.072,11.5862842,10.21195977,44.13516974,166.3736264,206.7692308,0,0,0,0,0,0,0
322271,233,1.231481481,0.12962963,0.333333333,0.064814815,0.055555556,0.046296296,1.314814815,2.87037037,0.037037037,1.277777778,0.148148148,0.046296296,5.398148148,0.37962963,0.148148148,0.481481481,0.037037037,0.037037037,0.435185185,0.009259259,0.759259259,0.453703704,0.759259259,0.425925926,0.37962963,0.546296296,0.203703704,8.851851852,0.12037037,0.101851852,18667,108,0.731414022,0.939130435,0.642857143,1,36.273,14.37395328,9.802082689,23.15622017,48.58333333,207.1388889,0.085106383,1,243,0,0,0,0
322271,234,1.086538462,0.134615385,0.288461538,0.125,0.067307692,0.038461538,1.163461538,3.057692308,0.057692308,2.211538462,0.076923077,0.028846154,3.221153846,0.307692308,0.105769231,0.307692308,0.048076923,0.105769231,0.365384615,0.019230769,0.586538462,0.298076923,0.615384615,0.442307692,0.201923077,0.557692308,0.067307692,8.105769231,0.307692308,0.173076923,18747,104,0.577943148,0.936936937,0.615384615,1,35.256,12.89053615,10.51967045,34.74646368,193.9134615,209.8942308,0.086956522,1,218,0,0,0,0
322271,235,0.693181818,0.102272727,0.875,0.102272727,0.102272727,0.079545455,1.352272727,3.204545455,0.090909091,1.636363636,0.125,0.034090909,2.818181818,0.465909091,0.193181818,0.465909091,0.056818182,0.079545455,0.511363636,0.011363636,0.886363636,0.568181818,0.602272727,0.454545455,0.261363636,0.715909091,0.113636364,8.772727273,0.318181818,0.181818182,18827,88,0.391174569,0.956521739,0.666666667,1,30.848,11.11583011,10.23008184,23.709007,90.67045455,210.8522727,0.268292683,2,222,244,0,0,0
322271,236,0.90647482,0.172661871,0.604316547,0.129496403,0.057553957,0.057553957,1.035971223,2.64028777,0.050359712,1.762589928,0.086330935,0.050359712,2.517985612,0.309352518,0.165467626,0.417266187,0.071942446,0.071942446,0.884892086,0.021582734,0.985611511,0.352517986,0.899280576,0.316546763,0.237410072,0.956834532,0.18705036,9.165467626,0.273381295,0.129496403,18907,139,0.679383146,0.95862069,0.723958333,1,40.011,15.63483775,11.47258933,-8.519642649,757.3741007,211.8920863,0.269230769,2,231,240,0,0,0
322271,237,1.076470588,0.158823529,0.394117647,0.164705882,0.117647059,0.058823529,1.452941176,3.417647059,0.058823529,1.994117647,0.041176471,0.029411765,3.441176471,0.376470588,0.105882353,0.229411765,0.058823529,0.041176471,0.458823529,0.011764706,0.829411765,0.435294118,0.576470588,0.5,0.294117647,0.570588235,0.070588235,9.105882353,0.223529412,0.123529412,18988,170,0.882276422,0.904255319,0.702479339,1,52.483,21.85775435,10.28913742,4.072041428,147.2529412,212.7647059,0,0,0,0,0,0,0
322271,238,1.135416667,0.114583333,0.479166667,0.104166667,0.09375,0.072916667,1.15625,3.125,0.020833333,1.354166667,0.052083333,0,4.291666667,0.46875,1.09375,0.458333333,0.041666667,0.208333333,1.03125,0.020833333,0.84375,0.354166667,0.5625,0.53125,0.260416667,0.895833333,0.135416667,10.45833333,0.291666667,0.239583333,19068,96,0.730415057,0.941176471,0.685714286,1,33.643,13.48250898,9.208601446,-14.74827148,625.6041667,213.875,0,0,0,0,0,0,0
322271,239,1.389830508,0.177966102,0.254237288,0.06779661,0.093220339,0.050847458,1,2.601694915,0.033898305,1.661016949,0.059322034,0.033898305,2.677966102,0.449152542,0.245762712,0.406779661,0.084745763,0.076271186,0.313559322,0,0.779661017,0.220338983,0.483050847,0.415254237,0.169491525,0.63559322,0.06779661,7.033898305,0.279661017,0.084745763,19148,118,0.679562519,0.959349593,0.715151515,1,36.827,14.40992252,10.57137278,16.28190969,558.0169492,215.1610169,0,0,0,0,0,0,0
322271,240,0.827956989,0.11827957,0.333333333,0.086021505,0.086021505,0.053763441,1.47311828,2.903225806,0.064516129,2.387096774,0.064516129,0.053763441,3.795698925,0.505376344,0.64516129,0.333333333,0.107526882,0.096774194,0.709677419,0.032258065,1.11827957,0.387096774,1.935483871,0.612903226,0.129032258,0.655913978,0.172043011,10.10752688,0.290322581,0.172043011,19228,93,0.334914166,0.948979592,0.704545455,1,32.047,11.29952069,10.64695802,21.90859644,770.2365591,215.9462366,0.463414634,2,231,236,0,0,0
322271,241,0.483271375,0.133828996,0.565055762,0.107806691,0.100371747,0.063197026,1.553903346,3.204460967,0.07063197,1.453531599,0.089219331,0.074349442,8.375464684,0.494423792,0.401486989,0.434944238,0.055762082,0.133828996,0.70260223,0.029739777,0.73605948,0.342007435,2.394052045,0.330855019,0.360594796,0.840148699,0.111524164,9.918215613,0.234200743,0.130111524,19308,269,0.778893209,0.943859649,0.674185464,1,59.967,23.57406951,14.78463267,-54.01056013,511.063197,217.5799257,0.192307692,1,242,0,0,0,0
322271,242,0.492647059,0.169117647,0.183823529,0.022058824,0.088235294,0.066176471,0.992647059,1.963235294,0.007352941,1.404411765,0.066176471,0.029411765,2.647058824,0.301470588,0.735294118,0.220588235,0.073529412,0.095588235,0.860294118,0.014705882,0.654411765,0.286764706,0.367647059,0.463235294,0.169117647,0.477941176,0.125,6.308823529,0.169117647,0.073529412,19388,136,0.598935959,0.937931034,0.708333333,1,40.375,14.83156947,11.87707524,-7.692122709,526.6617647,217.9558824,0.31372549,2,241,249,0,0,0
322271,243,1.020979021,0.118881119,0.405594406,0.090909091,0.055944056,0.076923077,1.335664336,2.51048951,0.027972028,1.307692308,0.055944056,0.097902098,4.475524476,0.384615385,0.307692308,0.384615385,0.062937063,0.048951049,0.678321678,0.027972028,0.678321678,0.398601399,1.671328671,0.342657343,0.321678322,0.874125874,0.146853147,10.34265734,0.195804196,0.090909091,19468,143,0.822911101,0.940789474,0.684210526,1,44.229,18.05449513,10.25802522,3.459554252,39.88811189,218.5104895,0.109090909,1,233,0,0,0,0
322271,244,0.85,0.1,0.31,0.06,0.04,0.08,1.11,2.49,0.05,1.01,0.05,0.03,2.9,0.28,0.77,0.27,0.03,0.08,0.88,0,0.49,0.31,0.44,0.28,0.25,0.58,0.16,7.36,0.13,0.05,19548,100,0.530741533,0.952380952,0.699300699,1,33.089,12.35651082,10.47255972,6.483808467,99.93,218.12,0.181818182,1,235,0,0,0,0
322271,245,0.761006289,0.157232704,0.471698113,0.100628931,0.119496855,0.062893082,1.383647799,2.610062893,0.044025157,1.729559748,0.06918239,0.012578616,3.610062893,0.408805031,0.088050314,0.377358491,0.081761006,0.06918239,0.553459119,0,0.842767296,0.471698113,1.088050314,0.547169811,0.220125786,0.949685535,0.163522013,8.830188679,0.232704403,0.132075472,19628,159,0.758833804,0.946428571,0.736111111,1,44.601,17.78944778,11.58598829,6.15950811,343.4213836,219.4654088,0,0,0,0,0,0,0
322271,246,1.271028037,0.121495327,0.345794393,0.130841121,0.065420561,0.046728972,1.971962617,3.607476636,0.046728972,1.485981308,0.093457944,0.037383178,13.99065421,0.514018692,0.747663551,0.542056075,0.093457944,0.130841121,1.252336449,0.009345794,1.037383178,0.46728972,0.990654206,0.495327103,0.654205607,1.672897196,0.308411215,15.92523364,0.271028037,0.280373832,19709,107,0.631270898,0.946902655,0.748251748,1,34.842,13.35027153,10.35396878,27.58304766,284.2336449,226.0373832,0,0,0,0,0,0,0
322271,247,0.426086957,0.191304348,0.426086957,0.069565217,0.086956522,0.07826087,0.939130435,2.408695652,0.026086957,0.973913043,0.069565217,0.026086957,2.391304348,0.434782609,0.052173913,0.426086957,0.052173913,0.026086957,0.382608696,0,0.6,0.173913043,3.017391304,0.260869565,0.156521739,0.6,0.086956522,8.773913043,0.104347826,0.113043478,19789,115,0.756304955,0.942622951,0.68452381,1,36.827,15.09119725,9.8729516,30.42819836,249.3826087,226.1565217,0,0,0,0,0,0,0
322271,248,1.448979592,0.163265306,0.408163265,0.030612245,0.081632653,0.091836735,1.112244898,2.989795918,0.071428571,1.5,0.06122449,0.040816327,2.112244898,0.367346939,1.357142857,0.459183673,0.091836735,0.163265306,1.316326531,0.020408163,0.693877551,0.326530612,0.979591837,0.428571429,0.295918367,0.653061224,0.193877551,8.87755102,0.163265306,0.163265306,19869,98,0.589743189,0.951456311,0.680555556,1,33.279,12.58582111,10.16419389,37.99028267,637.6530612,227.4795918,0,0,0,0,0,0,0
322271,249,0.76744186,0.11627907,0.406976744,0.063953488,0.063953488,0.046511628,1.052325581,2.127906977,0.034883721,1.348837209,0.081395349,0.034883721,2.889534884,0.26744186,0.261627907,0.348837209,0.087209302,0.081395349,0.645348837,0.011627907,0.761627907,0.284883721,0.604651163,0.360465116,0.220930233,0.953488372,0.162790698,7.790697674,0.238372093,0.104651163,19949,172,0.624752924,0.955555556,0.671875,1,45.081,16.84139993,13.15014408,-51.16152841,541.6162791,228.3081395,0.016949153,1,242,0,0,0,0
322271,250,1.504424779,0.14159292,0.380530973,0.088495575,0.088495575,0.053097345,0.973451327,2.575221239,0.03539823,1.442477876,0.03539823,0.017699115,2.601769912,0.230088496,0.14159292,0.380530973,0.017699115,0.053097345,0.345132743,0,0.477876106,0.238938053,0.407079646,0.495575221,0.203539823,0.460176991,0.14159292,7.424778761,0.194690265,0.123893805,20029,113,0.458443249,0.926229508,0.724358974,1,37.1,12.88025175,11.4469848,15.690576,765.4955752,233.7699115,0,0,0,0,0,0,0
322271,251,1.080357143,0.133928571,0.446428571,0.125,0.080357143,0.080357143,1.339285714,3.482142857,0.008928571,1.410714286,0.107142857,0.026785714,4.419642857,0.401785714,0.330357143,0.4375,0.053571429,0.053571429,0.571428571,0.035714286,0.848214286,0.5,1.517857143,0.428571429,0.348214286,1.026785714,0.142857143,10.375,0.232142857,0.151785714,20109,112,0.456380332,0.957264957,0.717948718,1,35.049,12.75513932,11.34932911,-8.313678777,562.0625,235.5803571,0,0,0,0,0,0,0
322271,253,0.816326531,0.12244898,0.540816327,0.081632653,0.091836735,0.091836735,0.928571429,1.632653061,0.06122449,1.642857143,0.071428571,0.051020408,2.744897959,0.346938776,0.163265306,0.448979592,0.102040816,0.081632653,0.724489796,0.030612245,0.642857143,0.448979592,0.510204082,0.408163265,0.275510204,0.887755102,0.071428571,6.969387755,0.204081633,0.102040816,20269,98,0.653394874,0.933333333,0.685314685,1,34.586,12.95370144,9.806175624,-23.03472112,349.2959184,236,0,0,0,0,0,0,0
322271,254,1.043478261,0.152173913,0.641304348,0.043478261,0.043478261,0.065217391,1.402173913,2.52173913,0.054347826,1.684782609,0.130434783,0.065217391,4.184782609,0.315217391,0.108695652,0.52173913,0.076086957,0.086956522,1,0.010869565,0.923913043,0.47826087,0.576086957,0.402173913,0.282608696,1.032608696,0.27173913,10.27173913,0.217391304,0.130434783,20349,92,0.490561814,0.948453608,0.760330579,1,31.567,11.6670647,10.1667548,-36.03974113,322.0434783,237.8478261,0,0,0,0,0,0,0
322271,255,1.159090909,0.136363636,0.5,0.113636364,0.125,0.056818182,1.670454545,3.340909091,0.147727273,2.090909091,0.034090909,0.056818182,3.329545455,0.568181818,0.045454545,0.522727273,0.056818182,0.045454545,0.454545455,0.011363636,1,0.409090909,0.761363636,0.375,0.25,0.727272727,0.125,10.46590909,0.181818182,0.147727273,20430,88,0.485668608,0.936170213,0.666666667,1,31.129,11.42032411,9.982996504,31.39565956,384.3522727,240.9431818,0,0,0,0,0,0,0
322271,256,0.632258065,0.174193548,0.387096774,0.109677419,0.174193548,0.058064516,1.464516129,2.509677419,0.058064516,2.058064516,0.038709677,0.032258065,3.703225806,0.477419355,0.174193548,0.387096774,0.064516129,0.070967742,0.625806452,0.025806452,1.038709677,0.535483871,0.929032258,0.387096774,0.212903226,1.077419355,0.161290323,9,0.238709677,0.219354839,20510,155,0.639212832,0.922619048,0.738095238,1,45.858,16.41805816,12.62597728,-35.17541847,113.1548387,241.316129,0.509433962,2,260,266,0,0,0
322271,257,0.859649123,0.105263158,0.385964912,0.105263158,0.01754386,0.043859649,1.078947368,2.868421053,0.043859649,1.307017544,0.00877193,0.061403509,3.184210526,0.307017544,0.078947368,0.464912281,0.026315789,0.043859649,0.315789474,0.026315789,0.596491228,0.307017544,0.552631579,0.315789474,0.201754386,0.754385965,0.087719298,8.921052632,0.140350877,0.078947368,20590,114,0.599023419,0.93442623,0.678571429,1,36.364,13.58235744,10.87582152,-26.96594371,243.4298246,240.6403509,0.29787234,1,264,0,0,0,0
322271,258,1.195652174,0.076086957,0.315217391,0.065217391,0.032608696,0.010869565,1.423913043,2.173913043,0.108695652,2.315217391,0.054347826,0.054347826,5.119565217,0.336956522,0.097826087,0.326086957,0.054347826,0.02173913,0.456521739,0.010869565,0.47826087,0.402173913,1.956521739,0.326086957,0.25,0.706521739,0.108695652,7.902173913,0.239130435,0.097826087,20670,92,0.653644986,0.948453608,0.707692308,1,32.51,12.52167373,9.476419159,0.509321205,439.6847826,242.0543478,0.175,1,272,0,0,0,0
322271,259,0.897727273,0.130681818,0.375,0.102272727,0.056818182,0.096590909,1.068181818,3.056818182,0.011363636,1.568181818,0.045454545,0.034090909,2.045454545,0.443181818,0.107954545,0.448863636,0.056818182,0.068181818,0.426136364,0.005681818,0.602272727,0.375,0.613636364,0.369318182,0.130681818,0.732954545,0.090909091,8.232954545,0.164772727,0.181818182,20750,176,0.743452401,0.941176471,0.712550607,1,47.115,18.48347606,12.36154271,5.16306296,18.32386364,244.3011364,0,0,0,0,0,0,0
322271,260,1.121621622,0.108108108,0.432432432,0.121621622,0.094594595,0.040540541,1.22972973,1.743243243,0.067567568,1.310810811,0.027027027,0.040540541,9.689189189,0.540540541,0.513513514,0.513513514,0.040540541,0.067567568,0.77027027,0,0.756756757,0.418918919,3.5,0.337837838,0.27027027,1.040540541,0.135135135,9.216216216,0.148648649,0.135135135,20830,74,0.425472664,0.936708861,0.822222222,1,28.631,10.41569298,9.42590298,75.59068183,123.4594595,243.2027027,0.411764706,1,256,0,0,0,0
322271,261,0.642276423,0.162601626,0.398373984,0.06504065,0.016260163,0.024390244,1.284552846,1.951219512,0.06504065,1.422764228,0.073170732,0.089430894,6.073170732,0.430894309,0.341463415,0.37398374,0.032520325,0.081300813,0.902439024,0.008130081,0.951219512,0.398373984,1.56097561,0.487804878,0.325203252,0.764227642,0.12195122,8.37398374,0.227642276,0.211382114,20910,123,0.795341877,0.931818182,0.698863636,1,39.424,16.19557725,9.817129177,-19.20305832,143.4308943,245.3170732,0.326530612,1,252,0,0,0,0
322271,262,0.965909091,0.159090909,0.465909091,0.102272727,0.102272727,0.056818182,1.954545455,1.715909091,0.045454545,0.647727273,0.102272727,0.022727273,8.488636364,0.431818182,1.113636364,0.386363636,0.022727273,0.102272727,0.568181818,0,0.659090909,0.363636364,1.204545455,0.386363636,0.511363636,1.068181818,0.227272727,8.875,0.193181818,0.125,20990,88,0.120188604,0.956521739,0.727272727,1,30.459,10.69692677,10.61938557,45,622.2727273,245.2727273,0,0,0,0,0,0,0
322271,263,0.919191919,0.121212121,0.525252525,0.080808081,0.050505051,0.090909091,1.353535354,1.95959596,0.121212121,1.090909091,0.141414141,0.050505051,2.272727273,0.414141414,0.060606061,0.363636364,0.04040404,0.080808081,0.707070707,0.01010101,0.797979798,0.474747475,2.666666667,0.343434343,0.252525253,0.717171717,0.181818182,8.868686869,0.202020202,0.090909091,21071,99,0.533090066,0.942857143,0.692307692,1,33.089,12.29152955,10.39935303,21.54937538,754.8484848,244.9494949,0,0,0,0,0,0,0
322271,264,1.186813187,0.186813187,0.417582418,0.087912088,0.10989011,0.076923077,1.494505495,3.054945055,0.054945055,1.472527473,0.087912088,0.065934066,3.340659341,0.417582418,0.637362637,0.461538462,0.021978022,0.043956044,0.835164835,0.010989011,0.956043956,0.582417582,0.703296703,0.373626374,0.285714286,0.549450549,0.098901099,10.76923077,0.186813187,0.175824176,21151,91,0.732757961,0.947916667,0.583333333,1,33.379,13.23271269,9.00472021,-40.66102583,234.0879121,244.4615385,0.772727273,2,257,269,0,0,0
322271,265,1.106557377,0.098360656,0.352459016,0.024590164,0.073770492,0.040983607,1.286885246,2.959016393,0.040983607,1.385245902,0.057377049,0.049180328,6.37704918,0.442622951,0.090163934,0.467213115,0.06557377,0.073770492,0.393442623,0.016393443,0.491803279,0.31147541,1.540983607,0.385245902,0.213114754,0.680327869,0.073770492,8.385245902,0.147540984,0.155737705,21231,122,0.632593421,0.953125,0.726190476,1,36.827,14.23708338,11.02639417,-30.19984527,368.3278689,246.8278689,0,0,0,0,0,0,0
322271,266,0.559701493,0.126865672,0.432835821,0.082089552,0.141791045,0.126865672,1.104477612,2.902985075,0.082089552,1.574626866,0.029850746,0.052238806,2.552238806,0.373134328,0.186567164,0.470149254,0.089552239,0.067164179,0.582089552,0.007462687,0.753731343,0.350746269,1.02238806,0.395522388,0.208955224,0.805970149,0.111940299,9.791044776,0.23880597,0.104477612,21311,134,0.434685592,0.964028777,0.792899408,1,38.117,13.82440206,12.45001148,49.11773602,101.8955224,248.738806,0.229166667,1,256,0,0,0,0
322271,267,1.104166667,0.1875,0.546875,0.135416667,0.046875,0.067708333,1.90625,3.375,0.072916667,1.635416667,0.09375,0.046875,3.015625,0.463541667,0.635416667,0.442708333,0.041666667,0.083333333,0.661458333,0.026041667,0.989583333,0.536458333,2.166666667,0.421875,0.520833333,1.078125,0.177083333,12.859375,0.317708333,0.223958333,21391,192,0.734423705,0.945812808,0.777327935,1,50.018,19.25105077,13.06551982,-84.32897999,675.9791667,248.96875,0.095238095,1,282,0,0,0,0
322271,268,0.729166667,0.097222222,0.25,0.118055556,0.069444444,0.055555556,1.118055556,2.111111111,0.020833333,1.486111111,0.104166667,0.034722222,3.631944444,0.472222222,0.097222222,0.333333333,0.076388889,0.104166667,0.513888889,0.027777778,0.854166667,0.395833333,0.465277778,0.381944444,0.243055556,0.75,0.076388889,6.909722222,0.236111111,0.152777778,21471,144,0.768880709,0.96,0.705882353,1,42.153,17.11910914,10.9458258,-18.44780962,495.4375,248.3958333,0,0,0,0,0,0,0
322271,269,1.008695652,0.165217391,0.356521739,0.060869565,0.095652174,0.026086957,1.173913043,2.295652174,0.086956522,1.2,0.043478261,0.095652174,3.330434783,0.339130435,0.095652174,0.391304348,0.130434783,0.086956522,0.539130435,0,0.852173913,0.365217391,0.582608696,0.539130435,0.373913043,1.208695652,0.165217391,7.67826087,0.243478261,0.113043478,21551,115,0.627787399,0.958333333,0.680473373,1,36.174,13.85402859,10.78376602,-38.47885803,227.6695652,250.4956522,0.404255319,1,264,0,0,0,0
322271,270,0.648648649,0.117117117,0.72972973,0.09009009,0.081081081,0.135135135,1.216216216,2.711711712,0.045045045,1.864864865,0.036036036,0.081081081,2.540540541,0.36036036,0.054054054,0.414414414,0.018018018,0.054054054,0.792792793,0.018018018,1.081081081,0.378378378,2.891891892,0.324324324,0.45045045,0.963963964,0.117117117,8.513513514,0.18018018,0.126126126,21631,111,0.664141732,0.965217391,0.792857143,1,34.933,13.80475003,10.32052345,4.282364777,540.3603604,252.5855856,0,0,0,0,0,0,0
322271,271,1.026143791,0.150326797,0.39869281,0.071895425,0.098039216,0.071895425,0.810457516,2.483660131,0.078431373,1.85620915,0.065359477,0.019607843,3.960784314,0.339869281,0.117647059,0.392156863,0.045751634,0.065359477,0.477124183,0,0.68627451,0.431372549,0.470588235,0.346405229,0.183006536,0.647058824,0.124183007,7.928104575,0.169934641,0.130718954,21711,153,0.702812201,0.916167665,0.642857143,1,45.552,16.93408905,12.04649497,21.83094476,163.8039216,251.6143791,0,0,0,0,0,0,0
322271,272,0.802083333,0.15625,0.479166667,0.114583333,0.0625,0.083333333,1.34375,2.375,0.041666667,1.71875,0.09375,0.010416667,3.177083333,0.34375,0.15625,0.40625,0.052083333,0.104166667,0.708333333,0.020833333,0.833333333,0.458333333,0.59375,0.385416667,0.15625,0.791666667,0.125,7.90625,0.15625,0.114583333,21792,96,0.545692365,0.95049505,0.727272727,1,32.419,12.14589841,10.1780878,22.74417726,435.5520833,253.3958333,0.292682927,2,258,285,0,0,0
322271,273,0.824,0.152,0.424,0.088,0.072,0.056,1.352,2.888,0.072,1.296,0.032,0.024,3.408,0.408,0.056,0.496,0.08,0.088,0.568,0.016,0.712,0.448,0.864,0.408,0.336,0.928,0.128,9.088,0.256,0.144,21872,125,0.590576387,0.939849624,0.744047619,1,38.423,14.19872953,11.45811548,-18.51822152,392.68,254.136,0.18,1,284,0,0,0,0
322271,274,0.784946237,0.204301075,0.483870968,0.053763441,0.086021505,0.096774194,1.032258065,2.731182796,0.064516129,1.043010753,0.053763441,0.021505376,3.279569892,0.344086022,0.569892473,0.397849462,0.075268817,0.086021505,0.913978495,0.021505376,0.623655914,0.344086022,0.989247312,0.451612903,0.129032258,0.677419355,0.129032258,9.483870968,0.193548387,0.096774194,21952,93,0.524110962,0.939393939,0.704545455,1,32.237,11.88759645,10.12407136,-60.72772662,350.9784946,256.1182796,0,0,0,0,0,0,0
322271,275,1.184782609,0.086956522,0.326086957,0.119565217,0.054347826,0.065217391,1.510869565,2.467391304,0.02173913,0.77173913,0.010869565,0.010869565,4.304347826,0.402173913,0.217391304,0.369565217,0.097826087,0.054347826,0.434782609,0,0.608695652,0.293478261,1.891304348,0.413043478,0.304347826,0.543478261,0.086956522,8.043478261,0.130434783,0.206521739,22032,92,0.615465093,0.958333333,0.707692308,1,31.774,12.27513317,9.674819842,10.31888881,55.22826087,257.7065217,0,0,0,0,0,0,0
322271,276,1.495049505,0.099009901,0.564356436,0.079207921,0.069306931,0.089108911,1.584158416,2.831683168,0.03960396,0.98019802,0.04950495,0.04950495,9.99009901,0.534653465,1.128712871,0.465346535,0.03960396,0.099009901,1.356435644,0.01980198,0.673267327,0.396039604,1.03960396,0.465346535,0.396039604,0.96039604,0.128712871,11.16831683,0.247524752,0.118811881,22112,101,0.405987694,0.961904762,0.765151515,1,32.882,11.93009344,10.90265641,62.85033226,186.1485149,261.4752475,0.261904762,1,288,0,0,0,0
322271,277,1.092783505,0.154639175,0.381443299,0.144329897,0.113402062,0.06185567,1.371134021,3.237113402,0.051546392,1.577319588,0.103092784,0.072164948,2.989690722,0.422680412,0.092783505,0.360824742,0.041237113,0.134020619,0.474226804,0.010309278,1,0.422680412,0.649484536,0.628865979,0.216494845,0.886597938,0.113402062,8.835051546,0.206185567,0.18556701,22192,97,0.758933779,0.941747573,0.678321678,1,33.552,13.89087769,9.045292429,30.52685269,255.2061856,261.3402062,0.363636364,3,278,291,294,0,0
322271,278,0.87804878,0.12195122,0.426829268,0.12195122,0.073170732,0.012195122,0.743902439,2.036585366,0.06097561,0.926829268,0.06097561,0.06097561,3.573170732,0.317073171,1.256097561,0.353658537,0.12195122,0.097560976,1.573170732,0.012195122,0.646341463,0.231707317,3.56097561,0.231707317,0.353658537,0.780487805,0.085365854,8.280487805,0.12195122,0.146341463,22272,82,0.631706279,0.931818182,0.67768595,1,31.658,12.06619121,9.353805883,34.53768466,242.2560976,263.6219512,0.575,2,277,291,0,0,0
322271,279,0.814159292,0.079646018,0.353982301,0.061946903,0.10619469,0.044247788,1.548672566,3.230088496,0.044247788,1.628318584,0.079646018,0.026548673,2.451327434,0.539823009,0.707964602,0.495575221,0.044247788,0.10619469,0.911504425,0.026548673,0.973451327,0.504424779,0.628318584,0.539823009,0.371681416,0.89380531,0.10619469,11.57522124,0.256637168,0.150442478,22352,113,0.772931693,0.896825397,0.627777778,1,40.028,15.47207318,9.816863983,-71.80169817,92.80530973,266.8938053,0.37254902,1,280,0,0,0,0
322271,280,0.265957447,0.191489362,0.425531915,0.14893617,0.031914894,0.074468085,1.212765957,2.191489362,0.021276596,1.244680851,0.085106383,0.010638298,2.64893617,0.436170213,0.095744681,0.446808511,0.095744681,0.042553191,0.659574468,0.021276596,0.478723404,0.382978723,2.585106383,0.436170213,0.14893617,0.765957447,0.138297872,8.521276596,0.14893617,0.095744681,22433,94,0.721397867,0.930693069,0.723076923,1,33.825,13.29450962,9.206725002,67.91356274,101.1914894,264.9042553,0.465116279,1,279,0,0,0,0
322271,281,0.847619048,0.095238095,0.323809524,0.057142857,0.047619048,0.076190476,0.952380952,2.161904762,0.066666667,1.019047619,0.057142857,0.038095238,2.495238095,0.419047619,0.466666667,0.39047619,0.047619048,0.057142857,0.714285714,0,0.638095238,0.342857143,0.485714286,0.19047619,0.20952381,0.561904762,0.19047619,8.228571429,0.247619048,0.20952381,22513,105,0.425375125,0.945945946,0.673076923,1,34.586,12.26947916,11.1040888,88.50355354,473.2666667,264.2380952,0.355555556,2,292,301,0,0,0
322271,282,0.576271186,0.13559322,0.338983051,0.084745763,0.084745763,0.033898305,0.898305085,3.186440678,0.13559322,1.779661017,0.101694915,0.050847458,3.949152542,0.457627119,0.033898305,0.406779661,0,0.169491525,0.542372881,0.033898305,0.847457627,0.288135593,0.728813559,0.508474576,0.355932203,0.813559322,0.203389831,10.05084746,0.152542373,0.271186441,22593,59,0.628731922,0.867647059,0.59,1,28.193,10.28606442,7.998671277,60.57150724,680.4067797,263,0.882352941,3,267,287,290,0,0
322271,283,0.467391304,0.097826087,0.445652174,0.032608696,0.097826087,0.043478261,0.923913043,2.413043478,0.076086957,1.293478261,0.086956522,0.032608696,2.054347826,0.217391304,0.097826087,0.423913043,0.076086957,0.043478261,0.52173913,0.010869565,0.652173913,0.369565217,1.52173913,0.315217391,0.152173913,0.869565217,0.152173913,9.27173913,0.239130435,0.130434783,22673,92,0.311255466,0.958333333,0.760330579,1,31.013,11.15921325,10.60489359,45,796.8804348,265.1195652,0,0,0,0,0,0,0
322271,284,1.28,0.1,0.44,0.1,0.05,0.02,1.2,2.57,0.03,1.46,0.05,0.06,5.09,0.35,0.09,0.47,0.11,0.05,0.68,0.02,0.74,0.48,0.6,0.44,0.22,0.85,0.1,8.22,0.26,0.21,22753,100,0.542407069,0.952380952,0.757575758,1,32.882,12.38068862,10.40121223,37.59976471,388.25,265.85,0.404761905,2,273,297,0,0,0
322271,285,0.711111111,0.162962963,0.896296296,0.081481481,0.081481481,0.066666667,1.192592593,2.807407407,0.02962963,1.355555556,0.118518519,0,2.933333333,0.4,0.222222222,0.459259259,0.02962963,0.074074074,0.82962963,0.022222222,0.696296296,0.466666667,3.837037037,0.362962963,0.22962963,1.118518519,0.222222222,12.67407407,0.288888889,0.140740741,22833,135,0.73869789,0.944055944,0.767045455,1,41.508,16.20718846,10.92423928,-8.854353783,436.9333333,265.6592593,0.075471698,1,272,0,0,0,0
322271,286,0.454545455,0.136363636,0.386363636,0.034090909,0.068181818,0.079545455,0.920454545,2.170454545,0.034090909,1.113636364,0.034090909,0.011363636,1.170454545,0.318181818,0.056818182,0.397727273,0.045454545,0.022727273,0.613636364,0.011363636,0.522727273,0.238636364,0.477272727,0.534090909,0.113636364,0.818181818,0.159090909,6.068181818,0.113636364,0.068181818,22913,88,0.495331364,0.956521739,0.733333333,1,30.368,11.42034336,9.920899275,0,519.5,266.5,0,0,0,0,0,0,0
322271,287,0.985294118,0.235294118,0.617647059,0.117647059,0.102941176,0.088235294,1.147058824,4.132352941,0.044117647,1.955882353,0.058823529,0.058823529,1.838235294,0.529411765,0.132352941,0.5,0.073529412,0.147058824,0.632352941,0.014705882,1.117647059,0.5,0.647058824,0.617647059,0.25,0.926470588,0.073529412,11.58823529,0.205882353,0.132352941,22993,68,0.534754143,0.971428571,0.686868687,1,27.639,10.25376339,8.664508977,63.54045329,673.4411765,267.1323529,0.5,2,282,290,0,0,0
322271,288,0.939393939,0.131313131,0.606060606,0.070707071,0.090909091,0.050505051,1.202020202,2.484848485,0.060606061,1.393939394,0.03030303,0.03030303,2.585858586,0.434343434,0.131313131,0.545454545,0.090909091,0.060606061,0.717171717,0.03030303,0.858585859,0.515151515,0.616161616,0.424242424,0.181818182,0.878787879,0.121212121,11.48484848,0.282828283,0.232323232,23073,99,0.61407073,0.951923077,0.692307692,1,32.816,12.72685964,10.04468668,21.32041693,176,268,0.25,1,276,0,0,0,0
322271,289,1.141414141,0.070707071,0.787878788,0.080808081,0.060606061,0.060606061,0.95959596,2.303030303,0.02020202,1.262626263,0.171717172,0.02020202,2.888888889,0.424242424,0.090909091,0.414141414,0.070707071,0.161616162,0.858585859,0,0.888888889,0.242424242,0.636363636,0.383838384,0.212121212,1.181818182,0.141414141,10.85858586,0.171717172,0.060606061,23154,99,0.73632296,0.933962264,0.707142857,1,34.197,13.73372649,9.292654813,-9.288338349,361.4343434,267.1212121,0.23255814,1,300,0,0,0,0
322271,290,0.756410256,0.115384615,0.666666667,0.102564103,0.038461538,0.128205128,1.166666667,3.358974359,0.051282051,2.58974359,0.076923077,0.051282051,2.91025641,0.423076923,0.102564103,0.461538462,0.076923077,0.064102564,0.564102564,0.025641026,1,0.307692308,1.615384615,0.41025641,0.153846154,0.807692308,0.217948718,9.846153846,0.192307692,0.205128205,23234,78,0.772528619,0.896551724,0.65,1,31.658,12.88983899,8.184789272,27.72147686,682.5897436,269.9358974,0.5,2,282,287,0,0,0
322271,291,1.557692308,0.076923077,0.394230769,0.057692308,0.086538462,0.057692308,1.240384615,2.673076923,0.019230769,1.230769231,0.019230769,0.086538462,8.990384615,0.423076923,0.413461538,0.384615385,0.057692308,0.086538462,1.009615385,0.019230769,0.951923077,0.384615385,0.673076923,0.384615385,0.355769231,0.913461538,0.221153846,10.10576923,0.288461538,0.153846154,23314,104,0.814059661,0.852459016,0.495238095,1,42.244,16.3261993,9.481950542,39.67755658,242.9615385,271.4519231,0.730769231,3,277,278,294,0,0
322271,292,0.804878049,0.158536585,0.548780488,0.073170732,0.097560976,0.036585366,1.134146341,3.195121951,0.097560976,1.512195122,0.06097561,0.036585366,2.62195122,0.463414634,0.073170732,0.463414634,0.024390244,0.073170732,0.390243902,0.012195122,0.682926829,0.536585366,0.536585366,0.451219512,0.207317073,0.658536585,0.024390244,9.268292683,0.231707317,0.146341463,23394,82,0.713121594,0.942528736,0.700854701,1,30.823,12.34650138,8.655395818,11.34618944,482.3658537,268.4878049,0.769230769,3,281,299,301,0,0
322271,293,0.541984733,0.091603053,0.526717557,0.083969466,0.091603053,0.038167939,1.145038168,2.190839695,0.045801527,1.687022901,0.030534351,0.038167939,2.045801527,0.366412214,0.129770992,0.442748092,0.053435115,0.091603053,0.763358779,0.030534351,0.923664122,0.41221374,0.557251908,0.526717557,0.175572519,1.053435115,0.083969466,8.221374046,0.183206107,0.13740458,23474,131,0.671479016,0.935714286,0.671794872,1,39.92,15.19025117,11.25633415,-20.3234812,566.3435115,271.9236641,0.235294118,1,314,0,0,0,0
322271,294,0.83908046,0.114942529,0.390804598,0.057471264,0.057471264,0.045977011,1.137931034,2.045977011,0.034482759,1.126436782,0.091954023,0.011494253,5.068965517,0.333333333,0.379310345,0.459770115,0.034482759,0.091954023,0.781609195,0.011494253,0.735632184,0.367816092,0.540229885,0.413793103,0.310344828,0.620689655,0.114942529,8.402298851,0.114942529,0.08045977,23554,87,0.562922914,0.935483871,0.719008264,1,31.377,11.72760638,9.692976946,59.3167628,251.6666667,272.0344828,0.564102564,2,277,291,0,0,0
322271,295,1.151515152,0.090909091,0.383838384,0.070707071,0.121212121,0.050505051,1.090909091,2.292929293,0.060606061,1.383838384,0.04040404,0.080808081,3.181818182,0.282828283,1,0.393939394,0.03030303,0.050505051,1.212121212,0.01010101,0.676767677,0.272727273,0.494949495,0.373737374,0.131313131,0.696969697,0.121212121,7.95959596,0.141414141,0.161616162,23634,99,0.46220848,0.942857143,0.692307692,1,33.461,12.02982248,10.6677012,11.11025668,748.1717172,273.010101,0,0,0,0,0,0,0
322271,296,0.742857143,0.114285714,0.40952381,0.028571429,0.085714286,0.095238095,1.266666667,2.171428571,0.057142857,1.485714286,0.076190476,0.076190476,3.771428571,0.371428571,0.476190476,0.40952381,0.076190476,0.066666667,1.047619048,0.00952381,1.057142857,0.533333333,0.819047619,0.485714286,0.352380952,0.60952381,0.142857143,8.257142857,0.266666667,0.142857143,23714,105,0.664011362,0.92920354,0.681818182,1,35.049,13.48497965,10.08302246,-87.24542035,773.0571429,275.1238095,0,0,0,0,0,0,0
322271,297,0.808080808,0.141414141,0.707070707,0.070707071,0.070707071,0.060606061,1.737373737,2.575757576,0.060606061,1.616161616,0.151515152,0.050505051,1.838383838,0.444444444,0.181818182,0.404040404,0.070707071,0.111111111,0.646464646,0.01010101,1.01010101,0.595959596,0.565656566,0.424242424,0.131313131,1.111111111,0.181818182,10.09090909,0.171717172,0.161616162,23794,99,0.466882278,0.951923077,0.6875,1,32.998,12.04013442,10.64732538,43.33849697,379.5353535,274.3131313,0.454545455,2,284,300,0,0,0
322271,298,1.157303371,0.134831461,0.719101124,0.101123596,0.123595506,0.06741573,1.303370787,3.606741573,0.033707865,1.93258427,0.101123596,0.02247191,2.820224719,0.528089888,0.078651685,0.460674157,0.056179775,0.112359551,0.606741573,0.011235955,0.943820225,0.483146067,0.685393258,0.528089888,0.213483146,0.988764045,0.191011236,11.82022472,0.179775281,0.247191011,23875,89,0.690543826,0.927083333,0.684615385,1,33.155,12.76534583,9.233054053,-6.071512357,77.47191011,274.5842697,0.475,1,310,0,0,0,0
322271,299,0.555555556,0.101851852,0.537037037,0.055555556,0.046296296,0.064814815,0.805555556,2.916666667,0.083333333,1.333333333,0.037037037,0.027777778,1.675925926,0.407407407,0.083333333,0.444444444,0.037037037,0.083333333,0.481481481,0,0.703703704,0.240740741,1.962962963,0.388888889,0.166666667,0.574074074,0.148148148,8.046296296,0.305555556,0.083333333,23955,108,0.645667246,0.964285714,0.771428571,1,34.933,13.5274782,10.32983787,3.249167803,493.4351852,274.1944444,0.272727273,2,292,301,0,0,0
322271,300,0.653846154,0.144230769,0.394230769,0.134615385,0.086538462,0.048076923,1.336538462,2.913461538,0.076923077,1.875,0.057692308,0.019230769,2.615384615,0.192307692,0.442307692,0.375,0.144230769,0.076923077,0.75,0.009615385,0.817307692,0.394230769,0.788461538,0.375,0.173076923,1.221153846,0.182692308,11.47115385,0.278846154,0.221153846,24035,104,0.563576314,0.95412844,0.727272727,1,33.552,12.73702663,10.52159921,12.25097336,366.7980769,276.7403846,0.454545455,2,289,297,0,0,0
322271,301,0.838383838,0.202020202,0.424242424,0.111111111,0.111111111,0.101010101,1.474747475,3.262626263,0.03030303,1.727272727,0.04040404,0.060606061,3.242424242,0.464646465,0.121212121,0.545454545,0.03030303,0.060606061,0.707070707,0,0.909090909,0.474747475,0.474747475,0.272727273,0.181818182,0.797979798,0.090909091,8.464646465,0.232323232,0.131313131,24115,99,0.689434201,0.908256881,0.692307692,1,35.322,13.42886472,9.727175544,-14.71394753,478.9191919,276.1616162,0.431818182,3,281,292,299,0,0
322271,302,0.619047619,0.238095238,0.733333333,0.066666667,0.152380952,0.104761905,1.266666667,2.714285714,0.104761905,1.60952381,0.104761905,0.047619048,1.952380952,0.438095238,0.085714286,0.361904762,0.057142857,0.095238095,1.019047619,0.019047619,1.180952381,0.533333333,1.247619048,0.380952381,0.2,0.971428571,0.20952381,10.37142857,0.247619048,0.114285714,24195,105,0.525427447,0.954545455,0.734265734,1,33.825,12.62528441,10.7420769,-10.58034569,641.152381,276.3047619,0.431818182,2,315,317,0,0,0
322271,303,0.65,0.075,0.4875,0.0875,0.075,0.0375,0.8125,2.3125,0.05,1.5125,0.0875,0.025,2.4375,0.2875,0.05,0.4625,0.0625,0.0625,0.55,0.05,0.7125,0.325,0.55,0.35,0.0875,0.775,0.075,9,0.2125,0.1125,24275,80,0.773688669,0.930232558,0.666666667,1,31.658,12.98397816,8.22620677,28.68705484,286.5125,276.475,0.575,3,308,316,320,0,0
322271,304,0.908163265,0.163265306,0.540816327,0.071428571,0.071428571,0.071428571,1.142857143,2.846938776,0.091836735,1.591836735,0.051020408,0.030612245,2.632653061,0.510204082,0.183673469,0.479591837,0.06122449,0.030612245,0.93877551,0.020408163,0.571428571,0.346938776,1.081632653,0.37755102,0.163265306,0.948979592,0.132653061,9.663265306,0.224489796,0.183673469,24355,98,0.447634167,0.960784314,0.742424242,1,32.973,11.89759332,10.63902761,29.83786771,438.0408163,280.244898,0,0,0,0,0,0,0
322271,305,0.694444444,0.083333333,0.685185185,0.046296296,0.111111111,0.046296296,0.833333333,2.722222222,0.009259259,1.388888889,0.055555556,0.046296296,2.296296296,0.324074074,0.055555556,0.527777778,0.055555556,0.083333333,0.490740741,0,0.685185185,0.324074074,1.083333333,0.305555556,0.333333333,0.824074074,0.12037037,9.101851852,0.212962963,0.12037037,24435,108,0.764258092,0.947368421,0.642857143,1,35.719,14.74502069,9.509218838,33.13739837,331.5740741,279.7962963,0,0,0,0,0,0,0
322271,306,0.986486486,0.128378378,0.452702703,0.101351351,0.094594595,0.074324324,1.195945946,2.594594595,0.047297297,2.067567568,0.054054054,0.087837838,2.804054054,0.486486486,0.236486486,0.439189189,0.047297297,0.040540541,0.587837838,0.006756757,0.959459459,0.439189189,0.668918919,0.472972973,0.236486486,0.945945946,0.202702703,9.472972973,0.256756757,0.168918919,24516,148,0.807069522,0.948717949,0.747474747,1,42.616,17.98154271,10.61731738,7.071331121,667.5,280.7972973,0.166666667,1,317,0,0,0,0
322271,307,1.165048544,0.077669903,0.446601942,0.126213592,0.058252427,0.077669903,1.349514563,3.067961165,0.058252427,1.844660194,0.048543689,0.048543689,3.533980583,0.291262136,0.485436893,0.640776699,0.048543689,0.116504854,1.087378641,0,1.184466019,0.378640777,0.669902913,0.54368932,0.213592233,0.893203883,0.203883495,10.73786408,0.213592233,0.126213592,24596,103,0.465152852,0.953703704,0.66025641,1,33.759,12.27700181,10.86797497,-14.89018782,186.961165,281.5339806,0,0,0,0,0,0,0
322271,308,0.693333333,0.133333333,0.6,0.04,0.08,0.026666667,1.106666667,2.56,0.053333333,1.533333333,0.053333333,0.026666667,1.866666667,0.413333333,0.186666667,0.373333333,0.066666667,0.16,0.693333333,0.013333333,1,0.4,0.586666667,0.453333333,0.133333333,0.906666667,0.186666667,9.28,0.146666667,0.253333333,24676,75,0.6583672,0.815217391,0.524475524,1,34.561,12.01578448,9.044243783,46.47203804,289.68,282.8133333,0.738095238,3,303,316,320,0,0
322271,309,0.724770642,0.100917431,0.394495413,0.027522936,0.055045872,0.04587156,1.568807339,1.798165138,0.064220183,1.128440367,0.036697248,0.055045872,5.743119266,0.28440367,0.155963303,0.266055046,0.04587156,0.027522936,0.366972477,0.027522936,0.596330275,0.275229358,0.95412844,0.357798165,0.28440367,0.688073394,0.146788991,6.816513761,0.23853211,0.128440367,24756,109,0.462148773,0.947826087,0.756944444,1,34.933,12.5806207,11.15652473,-63.04187996,459.7155963,282.6146789,0,0,0,0,0,0,0
322271,310,0.888198758,0.155279503,0.50931677,0.111801242,0.093167702,0.099378882,1.304347826,3.571428571,0.043478261,1.708074534,0.074534161,0.031055901,2.527950311,0.50310559,0.086956522,0.50931677,0.105590062,0.080745342,0.459627329,0.01863354,0.583850932,0.347826087,0.689440994,0.422360248,0.223602484,0.795031056,0.099378882,8.968944099,0.204968944,0.161490683,24836,161,0.815075389,0.92,0.670833333,1,47.297,19.25513983,11.15555977,7.533438868,71.88198758,282.5714286,0.533333333,3,298,325,326,0,0
322271,311,0.670886076,0.164556962,0.632911392,0.088607595,0.050632911,0.113924051,0.797468354,2.113924051,0.050632911,1.443037975,0.126582278,0.025316456,3.215189873,0.455696203,0.063291139,0.405063291,0.025316456,0.063291139,0.53164557,0.037974684,0.53164557,0.392405063,0.848101266,0.392405063,0.253164557,1,0.126582278,8.962025316,0.341772152,0.101265823,24916,79,0.669753261,0.887640449,0.658333333,1,31.84,11.93038492,8.859309522,74.16143247,532.2405063,282.3037975,0.421052632,1,313,0,0,0,0
322271,312,1.323232323,0.151515152,0.565656566,0.131313131,0.141414141,0.070707071,1.181818182,3.101010101,0.060606061,1.838383838,0.060606061,0.03030303,3.111111111,0.404040404,0.101010101,0.434343434,0.070707071,0.131313131,0.505050505,0.04040404,0.707070707,0.343434343,0.707070707,0.393939394,0.212121212,0.717171717,0.141414141,9.434343434,0.191919192,0.171717172,24996,99,0.306812349,0.942857143,0.6875,1,34.007,11.66949037,11.10667115,18.83189861,701.2828283,282.6868687,0.214285714,1,324,0,0,0,0
322271,313,0.789473684,0.092105263,0.578947368,0.078947368,0.118421053,0.118421053,1.460526316,2.434210526,0.092105263,1.736842105,0.092105263,0.039473684,4.828947368,0.407894737,0.447368421,0.447368421,0.052631579,0.078947368,0.5,0.026315789,0.763157895,0.368421053,0.75,0.447368421,0.236842105,1.039473684,0.184210526,9.75,0.236842105,0.065789474,25076,76,0.589930454,0.987012987,0.767676768,1,28.747,11.12689257,8.984454587,78.17434334,524.6315789,284.1052632,0.472222222,1,311,0,0,0,0
322271,314,1.139344262,0.114754098,0.381147541,0.086065574,0.049180328,0.081967213,1.463114754,2.364754098,0.069672131,1.37295082,0.06147541,0.016393443,3.81147541,0.368852459,0.31557377,0.397540984,0.06147541,0.086065574,0.602459016,0.012295082,0.700819672,0.405737705,0.56147541,0.344262295,0.299180328,0.918032787,0.110655738,7.885245902,0.213114754,0.131147541,25156,244,0.663641195,0.924242424,0.645502646,1,59.248,20.77549996,15.54113443,26.95336829,570.0532787,285.6352459,0.179487179,1,293,0,0,0,0
322271,315,0.79245283,0.150943396,0.641509434,0.075471698,0.047169811,0.075471698,1.226415094,3.216981132,0.094339623,1.783018868,0.113207547,0.028301887,2.358490566,0.396226415,0.113207547,0.509433962,0.075471698,0.103773585,0.547169811,0.047169811,1.018867925,0.603773585,0.735849057,0.509433962,0.160377358,0.801886792,0.122641509,11.80188679,0.216981132,0.150943396,25237,106,0.674500966,0.92173913,0.679487179,1,35.603,13.67562821,10.09636026,-28.87696309,634.6886792,283.9811321,0.355555556,2,302,317,0,0,0
322271,316,0.621052632,0.084210526,0.294736842,0.063157895,0.073684211,0.052631579,0.894736842,1.936842105,0.042105263,1.326315789,0.042105263,0.031578947,2.652631579,0.252631579,0.157894737,0.305263158,0.021052632,0.105263158,0.515789474,0,0.726315789,0.347368421,0.589473684,0.336842105,0.242105263,0.831578947,0.178947368,7.263157895,0.178947368,0.105263158,25317,95,0.786992838,0.95959596,0.753968254,1,33.8,14.09559131,8.696446083,-9.352426433,276.9263158,283.7368421,0.536585366,3,303,308,320,0,0
322271,317,0.9453125,0.171875,0.515625,0.0859375,0.0546875,0.0546875,1.2578125,3.578125,0.0546875,2.234375,0.078125,0.0234375,2.2734375,0.5390625,0.34375,0.46875,0.0859375,0.078125,0.7578125,0.03125,0.953125,0.4375,0.5546875,0.5,0.171875,1.0078125,0.2109375,10.734375,0.171875,0.21875,25397,128,0.833943557,0.934306569,0.60952381,1,40.954,17.43997799,9.624247457,39.49742175,650.484375,284.9765625,0.333333333,3,302,306,315,0,0
322271,318,1.202898551,0.115942029,0.695652174,0,0.101449275,0.115942029,1.289855072,3.797101449,0.014492754,1.463768116,0.014492754,0.043478261,5.391304348,0.449275362,0.695652174,0.695652174,0.072463768,0.057971014,0.666666667,0.014492754,1.043478261,0.289855072,0.811594203,0.434782609,0.391304348,1.072463768,0.115942029,12.52173913,0.217391304,0.217391304,25477,69,0.747349431,0.884615385,0.663461538,1,30.798,12.0799727,8.026310836,-87.36449969,735.2463768,285.5797101,0.527777778,1,319,0,0,0,0
322271,319,0.95412844,0.146788991,0.330275229,0.018348624,0.064220183,0.100917431,1.247706422,5.669724771,0.064220183,3.128440367,0.04587156,0.055045872,3.467889908,0.559633028,0.23853211,0.513761468,0.091743119,0.064220183,0.330275229,0.018348624,0.963302752,0.339449541,0.495412844,0.467889908,0.174311927,0.541284404,0.183486239,10.9266055,0.330275229,0.146788991,25557,109,0.754418264,0.939655172,0.648809524,1,38.208,14.99636511,9.843524082,-51.7382767,727.3119266,284.706422,0.382978723,1,318,0,0,0,0
322271,320,1.140625,0.140625,0.515625,0.09375,0.171875,0.0625,1.109375,2.28125,0.0625,0.84375,0.125,0.03125,2.5625,0.34375,0.078125,0.328125,0.046875,0.03125,0.796875,0.015625,0.609375,0.25,2.03125,0.421875,0.21875,0.875,0.171875,8.3125,0.140625,0.109375,25637,64,0.592653201,0.853333333,0.581818182,1,29.88,10.74963483,8.658376663,42.96072754,283.234375,289.53125,0.702702703,3,303,308,316,0,0
322271,321,0.9609375,0.125,0.453125,0.0703125,0.046875,0.09375,0.90625,2.0078125,0.03125,1.21875,0.0703125,0.0625,2.875,0.2578125,0.328125,0.3203125,0.03125,0.0390625,0.6640625,0,0.5859375,0.25,0.625,0.265625,0.21875,0.921875,0.1328125,7.484375,0.2265625,0.140625,25717,128,0.634508973,0.948148148,0.703296703,1,38.142,14.61705741,11.29775016,-63.52848657,593.3515625,290.3203125,0,0,0,0,0,0,0
322271,322,0.64,0.16,0.48,0.08,0.12,0.04,0.76,2.82,0.06,1.52,0.12,0.02,2.56,0.48,0.02,0.3,0.02,0.08,0.58,0,0.62,0.36,4.4,0.38,0.22,1,0.1,9.22,0.26,0.14,25797,50,0.617744529,0.649350649,0.347222222,1,34.826,11.12386153,8.747569447,-32.90206093,799.02,290.7,0.921052632,2,323,329,0,0,0
322271,323,1.034482759,0.126436782,0.471264368,0.045977011,0.103448276,0.057471264,1.333333333,3.08045977,0.091954023,1.908045977,0.08045977,0.022988506,3.482758621,0.494252874,0.218390805,0.505747126,0.034482759,0.091954023,0.574712644,0.011494253,0.942528736,0.356321839,0.586206897,0.517241379,0.275862069,0.896551724,0.091954023,9.459770115,0.252873563,0.126436782,25878,87,0.751066319,0.945652174,0.743589744,1,32.113,13.12144403,8.663128578,-89.67201838,792.7816092,294.2643678,0.487179487,2,322,329,0,0,0
322271,324,0.712871287,0.118811881,0.435643564,0.04950495,0.04950495,0.059405941,1.03960396,3.415841584,0.02970297,2.059405941,0.079207921,0.069306931,2.108910891,0.336633663,0.405940594,0.415841584,0.04950495,0.079207921,0.643564356,0,0.940594059,0.415841584,1.782178218,0.356435644,0.168316832,0.653465347,0.118811881,8.861386139,0.287128713,0.306930693,25958,101,0.656494552,0.952830189,0.647435897,1,33.85,13.17104044,9.935321013,50.74053555,692.3762376,292.0594059,0.177777778,1,312,0,0,0,0
322271,325,1.172413793,0.08045977,0.310344828,0.103448276,0.08045977,0.057471264,1.505747126,3.034482759,0.068965517,1.896551724,0.057471264,0.022988506,7.942528736,0.24137931,0.172413793,0.459770115,0.149425287,0.114942529,0.528735632,0.011494253,0.942528736,0.344827586,0.816091954,0.333333333,0.103448276,0.896551724,0.183908046,9,0.298850575,0.402298851,26038,87,0.580386024,0.925531915,0.659090909,1,32.973,11.94606832,9.728179084,52.0162885,69.13793103,294.4827586,0.525,2,310,326,0,0,0
322271,326,1.708860759,0.17721519,0.379746835,0.063291139,0.050632911,0.063291139,1.430379747,3.088607595,0.126582278,1.405063291,0.075949367,0.050632911,11.29113924,0.481012658,0.164556962,0.721518987,0.063291139,0.050632911,0.658227848,0,0.810126582,0.405063291,0.632911392,0.316455696,0.202531646,0.810126582,0.101265823,11.4556962,0.088607595,0.126582278,26118,79,0.648417385,0.918604651,0.718181818,1,30.798,11.85563723,9.025519135,-31.69079627,78.03797468,295.1898734,0.432432432,2,310,325,0,0,0
322271,327,1.043956044,0.142857143,0.406593407,0.120879121,0.043956044,0.065934066,1.043956044,3.043956044,0.054945055,1.791208791,0.076923077,0.032967033,3.78021978,0.56043956,0.076923077,0.483516484,0.065934066,0.10989011,0.714285714,0.032967033,0.769230769,0.505494505,0.43956044,0.428571429,0.274725275,0.879120879,0.197802198,10.89010989,0.21978022,0.186813187,26198,91,0.517745526,0.957894737,0.758333333,1,31.013,11.69798575,10.00803237,-9.495192863,244.3626374,294.3956044,0,0,0,0,0,0,0
322271,328,0.86746988,0.108433735,0.445783133,0.096385542,0.13253012,0.048192771,1.204819277,2.072289157,0.012048193,1.180722892,0.048192771,0.024096386,5.180722892,0.409638554,0.120481928,0.518072289,0.072289157,0.084337349,0.554216867,0.012048193,0.614457831,0.361445783,0.759036145,0.493975904,0.156626506,0.975903614,0.168674699,9.289156627,0.13253012,0.192771084,26278,83,0.513435746,0.943181818,0.691666667,1,30.55,11.24210807,9.647168174,16.40745018,345.8072289,294.3855422,0.384615385,1,335,0,0,0,0
322271,329,0.723684211,0.118421053,0.315789474,0.039473684,0.065789474,0.026315789,0.855263158,3.065789474,0.026315789,1.776315789,0.026315789,0.026315789,3.223684211,0.315789474,0.131578947,0.276315789,0.105263158,0.026315789,0.302631579,0,0.539473684,0.223684211,0.921052632,0.473684211,0.144736842,0.447368421,0.092105263,7.223684211,0.118421053,0.171052632,26358,76,0.70732672,0.95,0.767676768,1,30.31,11.9554203,8.451128489,-4.474832622,803.4210526,296.4868421,0.542857143,2,322,323,0,0,0
322271,330,0.913461538,0.125,0.509615385,0.057692308,0.076923077,0.076923077,1.711538462,2.971153846,0.096153846,1.538461538,0.048076923,0.019230769,3.490384615,0.423076923,0.346153846,0.423076923,0.038461538,0.105769231,0.673076923,0.009615385,0.788461538,0.384615385,2.009615385,0.471153846,0.307692308,0.884615385,0.134615385,9.884615385,0.240384615,0.134615385,26438,104,0.408788714,0.95412844,0.722222222,1,33.916,12.1226429,11.0634761,-31.22971396,96.55769231,301.0384615,0,0,0,0,0,0,0
322271,331,1.138613861,0.158415842,0.495049505,0.158415842,0.069306931,0.059405941,2.178217822,3.910891089,0.108910891,1.613861386,0.03960396,0.099009901,5.089108911,0.415841584,0.277227723,0.643564356,0.118811881,0.178217822,1.198019802,0.00990099,0.881188119,0.574257426,1.277227723,0.554455446,0.455445545,1.336633663,0.168316832,15.04950495,0.297029703,0.306930693,26518,101,0.746575192,0.90990991,0.721428571,1,36.637,14.08649577,9.371760375,-11.74759813,116.5148515,301.5544554,0,0,0,0,0,0,0
322271,332,0.414772727,0.107954545,0.607954545,0.147727273,0.102272727,0.068181818,1.710227273,1.920454545,0.079545455,1.022727273,0.085227273,0.017045455,1.5625,0.369318182,0.545454545,0.409090909,0.051136364,0.090909091,1.068181818,0.017045455,0.522727273,0.329545455,5.170454545,0.403409091,0.221590909,0.903409091,0.113636364,9.142045455,0.227272727,0.147727273,26599,176,0.743085834,0.936170213,0.60899654,1,48.455,18.65209458,12.48190927,43.09196855,520.1306818,301.0965909,0,0,0,0,0,0,0
322271,333,0.678832117,0.109489051,0.489051095,0.080291971,0.04379562,0.094890511,1.116788321,2.416058394,0.051094891,1.240875912,0.02919708,0.02919708,2.277372263,0.321167883,0.058394161,0.452554745,0.094890511,0.072992701,0.532846715,0.00729927,0.708029197,0.364963504,0.744525547,0.313868613,0.197080292,0.715328467,0.175182482,7.766423358,0.189781022,0.138686131,26679,137,0.757654004,0.951388889,0.713541667,1,40.656,16.44208206,10.73103052,-15.69875883,209.4671533,301.0291971,0,0,0,0,0,0,0
322271,335,0.710280374,0.112149533,0.598130841,0.177570093,0.112149533,0.056074766,1.308411215,2.710280374,0.093457944,1.299065421,0.056074766,0.074766355,3.747663551,0.46728972,0.317757009,0.439252336,0.08411215,0.08411215,0.813084112,0.009345794,0.76635514,0.327102804,2.056074766,0.411214953,0.177570093,0.841121495,0.130841121,9.747663551,0.271028037,0.168224299,26839,107,0.605580276,0.938596491,0.694805195,1,35.603,13.21614318,10.51719823,0.952702205,341.6261682,302.9719626,0.555555556,2,328,348,0,0,0
322271,336,1.193103448,0.15862069,0.462068966,0.068965517,0.089655172,0.103448276,1.344827586,3.531034483,0.04137931,2.303448276,0.096551724,0.034482759,2.4,0.55862069,0.110344828,0.613793103,0.103448276,0.075862069,0.531034483,0.006896552,0.896551724,0.455172414,0.731034483,0.531034483,0.317241379,0.889655172,0.186206897,12.35172414,0.310344828,0.282758621,26919,145,0.700269044,0.900621118,0.656108597,1,44.502,16.45130764,11.74424351,8.446825504,660.8275862,303.0896552,0,0,0,0,0,0,0
322271,337,0.623762376,0.188118812,0.405940594,0.01980198,0.04950495,0.03960396,1.128712871,2.524752475,0.04950495,2.297029703,0.118811881,0.01980198,1.594059406,0.277227723,0.584158416,0.396039604,0.079207921,0.099009901,0.386138614,0.00990099,0.663366337,0.336633663,0.920792079,0.356435644,0.168316832,0.613861386,0.108910891,9.584158416,0.089108911,0.188118812,26999,101,0.543029446,0.943925234,0.706293706,1,34.106,12.47612243,10.47637035,-11.18357124,634.5049505,303.7425743,0,0,0,0,0,0,0
322271,338,1.122222222,0.088888889,0.411111111,0.044444444,0.066666667,0.022222222,1.566666667,2,0.066666667,1.444444444,0.066666667,0.022222222,2.944444444,0.377777778,1.333333333,0.311111111,0.066666667,0.077777778,1.388888889,0.033333333,0.944444444,0.333333333,0.588888889,0.433333333,0.222222222,0.744444444,0.166666667,8.2,0.222222222,0.122222222,27079,90,0.424182129,0.957446809,0.681818182,1,31.774,11.39159688,10.31596699,41.33528573,395.6222222,304.4666667,0.243902439,1,346,0,0,0,0
322271,339,0.673913043,0.043478261,0.304347826,0.086956522,0.054347826,0.02173913,1.108695652,2.108695652,0.02173913,1.369565217,0.054347826,0.02173913,1.815217391,0.315217391,0.032608696,0.467391304,0.010869565,0.076086957,0.467391304,0,0.5,0.369565217,0.717391304,0.315217391,0.152173913,0.815217391,0.130434783,10.80434783,0.22826087,0.130434783,27159,92,0.459097162,0.948453608,0.696969697,1,32.419,11.62971221,10.33167424,69.89386883,729.6956522,303.7173913,0,0,0,0,0,0,0
322271,340,1.387387387,0.126126126,0.612612613,0.063063063,0.018018018,0.063063063,1.225225225,3.126126126,0.018018018,1.504504505,0.018018018,0.036036036,3.486486486,0.396396396,0.09009009,0.369369369,0.027027027,0.045045045,0.468468468,0.036036036,0.504504505,0.414414414,0.54954955,0.333333333,0.126126126,0.675675676,0.108108108,6.90990991,0.162162162,0.153153153,27239,111,0.679672288,0.940677966,0.656804734,1,36,14.03134992,10.29221831,-51.08977462,176.0630631,308.9459459,0,0,0,0,0,0,0
322271,341,1.028301887,0.235849057,0.58490566,0.169811321,0.113207547,0.056603774,1.603773585,2.443396226,0.066037736,2.094339623,0.08490566,0.066037736,2.188679245,0.29245283,0.075471698,0.433962264,0.075471698,0.075471698,0.877358491,0.018867925,1.264150943,0.405660377,0.783018868,0.330188679,0.254716981,0.867924528,0.113207547,9.556603774,0.320754717,0.122641509,27320,106,0.659973746,0.954954955,0.741258741,1,34.379,13.47423276,10.12303831,28.14523705,578.0754717,308.1132075,0,0,0,0,0,0,0
322271,342,1.276315789,0.105263158,0.644736842,0.039473684,0.184210526,0.078947368,1.447368421,2.644736842,0.013157895,1.223684211,0.118421053,0.013157895,6.486842105,0.447368421,0.552631579,0.539473684,0.039473684,0.052631579,1.157894737,0.039473684,1.052631579,0.394736842,0.605263158,0.434210526,0.368421053,1.263157895,0.105263158,11.69736842,0.236842105,0.171052632,27400,76,0.751952293,0.915662651,0.633333333,1,30.823,12.63246282,8.327540911,-24.65127427,135.6578947,308.7105263,0.5,2,345,350,0,0,0
322271,343,0.690721649,0.113402062,0.360824742,0.06185567,0.041237113,0.12371134,1.402061856,2.206185567,0.041237113,1.639175258,0.051546392,0.020618557,1.93814433,0.360824742,0.381443299,0.505154639,0.06185567,0.082474227,0.618556701,0.051546392,0.75257732,0.402061856,0.701030928,0.309278351,0.350515464,0.628865979,0.092783505,7.608247423,0.154639175,0.030927835,27480,97,0.262236558,0.941747573,0.673611111,1,32.998,11.43487917,11.0346998,12.11436672,377.4845361,308.8762887,0.279069767,1,346,0,0,0,0
322271,344,1.045045045,0.09009009,0.342342342,0.099099099,0.036036036,0.045045045,1.333333333,2.081081081,0.027027027,1.36036036,0.063063063,0.072072072,2.864864865,0.513513514,0.774774775,0.27027027,0.036036036,0.135135135,2.126126126,0.009009009,1.018018018,0.414414414,0.864864865,0.333333333,0.414414414,1.018018018,0.09009009,8.387387387,0.162162162,0.117117117,27560,111,0.560705588,0.956896552,0.776223776,1,34.842,13.13798046,10.87844809,-77.66500303,535.972973,311.1891892,0.181818182,1,357,0,0,0,0
322271,345,1.8,0.116666667,0.45,0.083333333,0.066666667,0.066666667,1.516666667,3.383333333,0.05,1.316666667,0.033333333,0.066666667,5.866666667,0.266666667,0.6,0.566666667,0.05,0.15,0.883333333,0.05,0.516666667,0.25,0.983333333,0.3,0.3,1.2,0.15,11.38333333,0.266666667,0.083333333,27640,60,0.87177729,0.869565217,0.576923077,1,29.781,13.2143656,6.47374935,14.088842,131.1666667,314.35,0.805555556,2,342,350,0,0,0
322271,346,1.017241379,0.094827586,0.353448276,0.051724138,0.077586207,0.086206897,1.103448276,2.353448276,0.043103448,1.413793103,0.094827586,0.00862069,2.198275862,0.362068966,1.379310345,0.284482759,0.025862069,0.094827586,1.293103448,0.00862069,0.663793103,0.327586207,0.629310345,0.293103448,0.163793103,0.543103448,0.137931034,7.974137931,0.189655172,0.172413793,27720,116,0.565550957,0.935483871,0.69047619,1,37.017,13.53408358,11.16173946,-7.528629726,388.2068966,313.5344828,0.5,2,338,343,0,0,0
322271,347,0.619565217,0.065217391,0.630434783,0.119565217,0.054347826,0.097826087,1.152173913,2.576086957,0.043478261,1.293478261,0.076086957,0.043478261,2.043478261,0.391304348,0.336956522,0.391304348,0.152173913,0.086956522,0.739130435,0.054347826,0.684782609,0.369565217,1.195652174,0.304347826,0.260869565,1.010869565,0.152173913,10.22826087,0.206521739,0.163043478,27800,92,0.447813223,0.958333333,0.638888889,1,32.436,11.5431619,10.32105418,56.8044765,593.5326087,315.1304348,0.341463415,1,355,0,0,0,0
322271,348,1.666666667,0.137254902,0.490196078,0.147058824,0.107843137,0.049019608,1.558823529,2.656862745,0.068627451,1.058823529,0.088235294,0.039215686,13.32352941,0.431372549,0.401960784,0.441176471,0.068627451,0.098039216,0.784313725,0.009803922,0.637254902,0.352941176,0.901960784,0.470588235,0.490196078,0.892156863,0.205882353,11.20588235,0.254901961,0.156862745,27880,102,0.409742247,0.971428571,0.772727273,1,33.337,12.05316395,10.99491235,-12.36713283,337.5980392,313.6470588,0.69047619,3,335,354,356,0,0
322271,349,0.540322581,0.161290323,0.548387097,0.112903226,0.096774194,0.064516129,0.830645161,3.314516129,0.032258065,1.677419355,0.064516129,0.032258065,1.669354839,0.370967742,0.072580645,0.419354839,0.032258065,0.048387097,0.491935484,0,0.620967742,0.387096774,2.790322581,0.387096774,0.201612903,0.596774194,0.112903226,9.137096774,0.153225806,0.153225806,27961,124,0.60183929,0.939393939,0.681318681,1,37.96,14.1726871,11.31855201,22.37425813,681.3629032,317.766129,0,0,0,0,0,0,0
322271,350,1.11827957,0.086021505,0.559139785,0.086021505,0.107526882,0.032258065,1.311827957,2.602150538,0.053763441,1.215053763,0.053763441,0.021505376,3.333333333,0.182795699,0.258064516,0.462365591,0.064516129,0.064516129,0.784946237,0.010752688,0.516129032,0.215053763,1.709677419,0.387096774,0.23655914,0.634408602,0.193548387,9.731182796,0.23655914,0.150537634,28041,93,0.844547377,0.902912621,0.62,1,35.322,15.2132629,8.146410776,15.00153634,136.516129,318.6021505,0.511111111,2,342,345,0,0,0
322271,351,0.692307692,0.111111111,0.358974359,0.094017094,0.051282051,0.034188034,1.034188034,2.401709402,0.05982906,1.128205128,0.05982906,0.034188034,2.606837607,0.418803419,0.051282051,0.324786325,0.085470085,0.042735043,0.547008547,0,0.700854701,0.316239316,1,0.299145299,0.170940171,0.769230769,0.11965812,7.64957265,0.136752137,0.102564103,28121,117,0.822970782,0.921259843,0.596938776,1,38.994,16.40759132,9.320885199,50.37223588,474.3931624,318.8034188,0,0,0,0,0,0,0
322271,352,0.946564885,0.114503817,0.381679389,0.06870229,0.099236641,0.022900763,1.335877863,2.358778626,0.045801527,2.167938931,0.061068702,0.015267176,2.297709924,0.496183206,0.076335878,0.34351145,0.053435115,0.061068702,0.519083969,0,0.961832061,0.442748092,0.503816794,0.496183206,0.099236641,0.732824427,0.13740458,9.022900763,0.27480916,0.122137405,28201,131,0.758396965,0.935714286,0.642156863,1,40.863,16.17787366,10.54462392,-12.05698205,505.3129771,321.6641221,0.176470588,1,366,0,0,0,0
322271,354,1.161764706,0.176470588,0.308823529,0.058823529,0.088235294,0.058823529,1.367647059,2.220588235,0.088235294,1.147058824,0.102941176,0,4.088235294,0.264705882,0.397058824,0.470588235,0.102941176,0.058823529,0.779411765,0.044117647,0.632352941,0.279411765,0.382352941,0.455882353,0.25,0.691176471,0.25,8.102941176,0.25,0.132352941,28361,68,0.393450929,0.918918919,0.755555556,1,27.986,9.864294707,9.068696121,-28.5857291,339.6617647,322.6911765,0.575757576,2,348,356,0,0,0
322271,355,0.648648649,0.081081081,0.324324324,0.013513514,0.040540541,0.013513514,1.054054054,2.810810811,0.067567568,1.445945946,0.094594595,0.040540541,2.216216216,0.283783784,0.148648649,0.283783784,0.040540541,0.108108108,0.527027027,0.013513514,0.797297297,0.324324324,0.5,0.445945946,0.202702703,0.72972973,0.081081081,7.675675676,0.297297297,0.094594595,28441,74,0.755621434,0.936708861,0.632478632,1,30.36,12.19722268,7.989285584,23.18989169,598.9864865,321.7972973,0.842105263,2,347,359,0,0,0
322271,356,0.730769231,0.115384615,0.262820513,0.070512821,0.051282051,0.076923077,1.038461538,2.230769231,0.038461538,1.108974359,0.025641026,0.012820513,3.25,0.384615385,0.512820513,0.455128205,0.070512821,0.076923077,0.692307692,0.019230769,0.705128205,0.333333333,1.173076923,0.307692308,0.128205128,0.91025641,0.057692308,8.198717949,0.121794872,0.147435897,28521,156,0.550009177,0.962962963,0.742857143,1,42.889,15.53376969,12.97316152,50.90915247,328.3846154,323.4551282,0.339622642,2,348,354,0,0,0
322271,357,0.88976378,0.078740157,0.456692913,0.086614173,0.094488189,0.05511811,1.503937008,2.236220472,0.031496063,1.330708661,0.11023622,0.039370079,3.559055118,0.236220472,0.157480315,0.448818898,0.047244094,0.094488189,0.700787402,0.031496063,0.645669291,0.385826772,0.551181102,0.354330709,0.393700787,0.952755906,0.165354331,9.086614173,0.275590551,0.125984252,28601,127,0.590094416,0.954887218,0.705555556,1,37.679,14.24311935,11.49895798,-7.047588637,540.8818898,323.6850394,0.18,1,344,0,0,0,0
322271,358,0.824817518,0.145985401,0.430656934,0.058394161,0.116788321,0.03649635,1.109489051,2.291970803,0.04379562,1.642335766,0.080291971,0.03649635,3.788321168,0.437956204,0.124087591,0.394160584,0.102189781,0.058394161,0.729927007,0.01459854,0.832116788,0.335766423,1.598540146,0.489051095,0.350364964,0.751824818,0.211678832,8.97810219,0.233576642,0.153284672,28682,137,0.617268381,0.951388889,0.702564103,1,39.457,14.98630651,11.79051649,25.88599482,640.9854015,324.1021898,0,0,0,0,0,0,0
322271,359,0.643835616,0.191780822,0.534246575,0.054794521,0.04109589,0.123287671,1.178082192,1.767123288,0.082191781,1.479452055,0.068493151,0.04109589,2,0.246575342,0.082191781,0.315068493,0.068493151,0.068493151,0.684931507,0,0.643835616,0.328767123,0.452054795,0.575342466,0.136986301,0.890410959,0.109589041,8.383561644,0.109589041,0.178082192,28762,73,0.776160372,0.924050633,0.608333333,1,30.087,12.37537251,7.803112285,35.18813887,604.9589041,325.9178082,0.641025641,2,355,377,0,0,0
322271,360,0.743119266,0.119266055,0.311926606,0.128440367,0.04587156,0.137614679,1.357798165,2.642201835,0.036697248,1.412844037,0.073394495,0.082568807,4.449541284,0.52293578,0.119266055,0.440366972,0.100917431,0.04587156,0.596330275,0.018348624,0.724770642,0.348623853,0.559633028,0.403669725,0.183486239,0.660550459,0.137614679,8.137614679,0.155963303,0.110091743,28842,109,0.760738063,0.947826087,0.644970414,1,36.455,14.76795773,9.585276034,43.15371662,53.66055046,332.4587156,0.191489362,1,365,0,0,0,0
322271,361,0.808695652,0.147826087,0.495652174,0.060869565,0.086956522,0.07826087,1.643478261,3.07826087,0.034782609,1.626086957,0.060869565,0.043478261,3.07826087,0.4,0.156521739,0.565217391,0.104347826,0.095652174,0.556521739,0.017391304,1.052173913,0.391304348,0.513043478,0.365217391,0.191304348,0.869565217,0.165217391,10.33043478,0.260869565,0.113043478,28922,115,0.78195657,0.942622951,0.638888889,1,38.142,15.53062907,9.680752276,28.12511465,209.5478261,333.2173913,0.1875,1,362,0,0,0,0
322271,362,1.125,0.108333333,0.641666667,0.15,0.05,0.05,1.191666667,2.925,0.066666667,1.741666667,0.1,0.058333333,4.775,0.4,0.191666667,0.466666667,0.1,0.075,0.775,0.016666667,0.766666667,0.416666667,0.683333333,0.333333333,0.191666667,0.933333333,0.108333333,9.408333333,0.166666667,0.091666667,29002,120,0.608983882,0.952380952,0.659340659,1,37.216,13.98135239,11.0897654,-38.02234512,223.2083333,333.1666667,0.204081633,2,361,385,0,0,0
322271,363,1.357798165,0.165137615,0.486238532,0.110091743,0.036697248,0.027522936,1.027522936,2.577981651,0.073394495,1.605504587,0.064220183,0.027522936,5.055045872,0.256880734,0.100917431,0.357798165,0.055045872,0.04587156,0.52293578,0.018348624,0.733944954,0.247706422,0.660550459,0.422018349,0.165137615,0.532110092,0.091743119,7.247706422,0.211009174,0.174311927,29082,109,0.729037569,0.915966387,0.644970414,1,37.679,14.44562648,9.887651156,50.79276757,311.440367,331.293578,0.234042553,1,374,0,0,0,0
322271,364,0.739495798,0.336134454,0.521008403,0.12605042,0.117647059,0.075630252,1.18487395,2.067226891,0.042016807,1.915966387,0.084033613,0.033613445,2.773109244,0.462184874,0.159663866,0.386554622,0.075630252,0.067226891,0.638655462,0.008403361,1.12605042,0.352941176,0.521008403,0.378151261,0.159663866,1,0.18487395,8.058823529,0.294117647,0.109243697,29162,119,0.529580832,0.944444444,0.708333333,1,37.77,13.4697202,11.42581783,-78.77090343,669.4453782,333.4285714,0,0,0,0,0,0,0
322271,365,0.8125,0.197916667,0.541666667,0.145833333,0.125,0.0625,1.572916667,3.96875,0.03125,2.03125,0.072916667,0.09375,3.052083333,0.489583333,0.260416667,0.572916667,0.072916667,0.114583333,0.520833333,0.020833333,1.0625,0.645833333,0.958333333,0.520833333,0.239583333,0.8125,0.208333333,10.53125,0.15625,0.229166667,29242,96,0.681955491,0.932038835,0.671328671,1,33.734,13.05028385,9.544895074,76.46613431,65.15625,334.2083333,0.238095238,1,360,0,0,0,0
322271,366,0.719298246,0.122807018,0.535087719,0.087719298,0.096491228,0.070175439,1.149122807,2.228070175,0.052631579,1.710526316,0.043859649,0.061403509,2.657894737,0.394736842,1.359649123,0.438596491,0.070175439,0.114035088,1.5,0.00877193,0.763157895,0.535087719,1.315789474,0.48245614,0.368421053,0.99122807,0.131578947,9.307017544,0.289473684,0.114035088,29323,114,0.59148111,0.966101695,0.74025974,1,35.14,13.47076205,10.86172943,-14.11820613,508.5,334,0.152173913,1,352,0,0,0,0
322271,367,0.519607843,0.147058824,0.392156863,0.058823529,0.049019608,0.009803922,1.029411765,2.529411765,0.088235294,1.568627451,0.049019608,0.029411765,4.303921569,0.274509804,0.166666667,0.343137255,0.049019608,0.058823529,0.382352941,0,0.843137255,0.37254902,0.715686275,0.490196078,0.245098039,0.696078431,0.088235294,8.794117647,0.235294118,0.088235294,29403,102,0.602359889,0.944444444,0.713286713,1,34.197,12.84734516,10.25506737,16.66752338,788.3921569,334.872549,0.23255814,1,373,0,0,0,0
322271,368,0.56043956,0.164835165,0.362637363,0.076923077,0.043956044,0.043956044,1.263736264,5.076923077,0.065934066,2.142857143,0.054945055,0.043956044,2.373626374,0.527472527,1.923076923,0.296703297,0.131868132,0.054945055,0.637362637,0,1.197802198,0.252747253,3.78021978,0.549450549,0.428571429,1.010989011,0.153846154,9.747252747,0.164835165,0.208791209,29483,91,0.517745526,0.957894737,0.758333333,1,31.013,11.69798575,10.00803237,80.50480714,157.3956044,334.6373626,0,0,0,0,0,0,0
322271,369,0.576271186,0.152542373,0.440677966,0.06779661,0.110169492,0.042372881,1.245762712,2.677966102,0.050847458,1.906779661,0.084745763,0.042372881,1.983050847,0.813559322,0.686440678,0.36440678,0.033898305,0.093220339,0.754237288,0.008474576,0.923728814,0.423728814,1.118644068,0.483050847,0.194915254,0.661016949,0.211864407,8.728813559,0.211864407,0.152542373,29563,118,0.57246262,0.936507937,0.648351648,1,37.886,13.69011633,11.2249483,38.82070452,762.7457627,333.5254237,0.16,2,373,381,0,0,0
322271,370,0.802469136,0.148148148,0.407407407,0.061728395,0.074074074,0.037037037,1.432098765,2.617283951,0.024691358,1.49382716,0.061728395,0.061728395,3.12345679,0.271604938,0.111111111,0.37037037,0.061728395,0.049382716,0.814814815,0.037037037,0.716049383,0.296296296,0.679012346,0.395061728,0.296296296,0.703703704,0.172839506,7.716049383,0.234567901,0.148148148,29643,81,0.721939969,0.931034483,0.669421488,1,31.286,12.39901595,8.579569669,45.21274521,82.09876543,336.8518519,0.564102564,2,371,380,0,0,0
322271,371,0.789473684,0.122807018,0.543859649,0.070175439,0.087719298,0.070175439,1.421052632,2.122807018,0.070175439,1.754385965,0.122807018,0.070175439,4.087719298,0.421052632,0.122807018,0.298245614,0.070175439,0.122807018,0.385964912,0.035087719,0.789473684,0.385964912,0.631578947,0.315789474,0.280701754,1.122807018,0.210526316,7.403508772,0.263157895,0.087719298,29723,57,0.507984961,0.890625,0.633333333,1,26.514,9.509193957,8.190895772,-62.72385697,90.59649123,337.2982456,0.823529412,3,370,380,382,0,0
322271,372,0.635294118,0.082352941,0.341176471,0.058823529,0.082352941,0.035294118,1.447058824,2.188235294,0.070588235,1.247058824,0.070588235,0.023529412,4.623529412,0.247058824,0.235294118,0.482352941,0.082352941,0.152941176,0.623529412,0.023529412,0.705882353,0.305882353,0.670588235,0.352941176,0.541176471,0.858823529,0.141176471,9.247058824,0.176470588,0.129411765,29803,85,0.597295601,0.944444444,0.708333333,1,31.005,11.71935886,9.399173961,-16.72796647,654.1882353,337.9529412,0.394736842,1,378,0,0,0,0
322271,373,0.646464646,0.131313131,0.404040404,0.121212121,0.090909091,0.090909091,0.949494949,2.686868687,0.04040404,1.818181818,0.050505051,0.050505051,3.262626263,0.363636364,0.050505051,0.363636364,0.101010101,0.131313131,0.494949495,0.060606061,0.949494949,0.525252525,0.737373737,0.434343434,0.222222222,0.737373737,0.080808081,9.161616162,0.242424242,0.04040404,29883,99,0.694950823,0.951923077,0.634615385,1,33.668,13.35556898,9.603418928,31.13620397,776.030303,337.6363636,0.288888889,2,367,369,0,0,0
322271,374,0.354166667,0.145833333,0.4375,0.114583333,0.03125,0.104166667,0.885416667,2.71875,0.052083333,0.989583333,0.125,0.020833333,2.25,0.458333333,0.0625,0.427083333,0.03125,0.041666667,0.489583333,0.010416667,0.541666667,0.25,4.291666667,0.395833333,0.15625,0.625,0.1875,9.375,0.208333333,0.135416667,29963,96,0.533503271,0.932038835,0.727272727,1,33.337,12.28761305,10.39283856,88.51562614,301.6354167,338.5520833,0.714285714,2,363,375,0,0,0
322271,375,1.115942029,0.137681159,0.304347826,0.130434783,0.101449275,0.050724638,1.036231884,2.855072464,0.086956522,1.275362319,0.043478261,0.028985507,3.31884058,0.362318841,0.246376812,0.442028986,0.065217391,0.043478261,0.760869565,0.007246377,0.760869565,0.297101449,0.550724638,0.333333333,0.108695652,0.739130435,0.152173913,7.557971014,0.123188406,0.101449275,30044,138,0.703309321,0.913907285,0.663461538,1,43.377,15.98429545,11.36297918,73.33276139,292.1521739,341.5,0.333333333,1,374,0,0,0,0
322271,376,0.869918699,0.138211382,0.479674797,0.073170732,0.089430894,0.040650407,1.18699187,3.276422764,0.040650407,1.821138211,0.089430894,0.024390244,3.707317073,0.414634146,0.235772358,0.37398374,0.056910569,0.097560976,0.691056911,0.016260163,0.715447154,0.292682927,0.975609756,0.317073171,0.203252033,0.788617886,0.178861789,9.130081301,0.170731707,0.12195122,30124,123,0.572560592,0.953488372,0.732142857,1,37.472,13.91701581,11.41003809,-30.54305158,341.6829268,340.6829268,0,0,0,0,0,0,0
322271,377,0.692307692,0.128205128,0.47008547,0.196581197,0.102564103,0.051282051,1.735042735,2.316239316,0.102564103,1.512820513,0.085470085,0.017094017,2.615384615,0.418803419,0.205128205,0.452991453,0.05982906,0.076923077,0.769230769,0.034188034,0.888888889,0.461538462,1.162393162,0.572649573,0.264957265,0.752136752,0.076923077,9.504273504,0.256410256,0.196581197,30204,117,0.611770791,0.936,0.692307692,1,37.472,13.89037632,10.98777495,-43.20431239,605.6752137,337.8290598,0.170212766,1,359,0,0,0,0
322271,378,0.648148148,0.138888889,0.296296296,0.148148148,0.083333333,0.046296296,1.268518519,1.601851852,0.037037037,1.453703704,0.101851852,0.009259259,3.666666667,0.490740741,0.12037037,0.407407407,0.018518519,0.018518519,0.5,0.037037037,0.75,0.25,0.611111111,0.481481481,0.259259259,0.953703704,0.166666667,8.657407407,0.203703704,0.148148148,30284,108,0.678976536,0.931034483,0.593406593,1,36.935,13.99480482,10.27442551,-50.73810332,645.3240741,340.6388889,0.340425532,1,372,0,0,0,0
322271,379,1.1328125,0.1640625,0.3984375,0.1015625,0.0703125,0.1015625,1.265625,2.8359375,0.03125,1.34375,0.125,0.0390625,2.96875,0.4609375,0.1171875,0.3984375,0.078125,0.171875,0.6953125,0.0078125,0.859375,0.390625,0.609375,0.4375,0.2421875,0.9375,0.1328125,10.453125,0.2890625,0.1171875,30364,128,0.768500241,0.955223881,0.656410256,1,39.176,16.11017924,10.30809009,34.8379308,437.859375,339.8359375,0,0,0,0,0,0,0
322271,380,0.984615385,0.261538462,0.553846154,0.092307692,0.076923077,0.107692308,1.538461538,3.230769231,0.107692308,1.723076923,0.030769231,0.015384615,4.215384615,0.369230769,0.138461538,0.353846154,0.046153846,0.076923077,0.692307692,0,1.261538462,0.584615385,0.523076923,0.492307692,0.230769231,1.092307692,0.092307692,10.26153846,0.261538462,0.2,30444,65,0.791248616,0.942028986,0.656565657,1,27.548,11.8354034,7.237285093,29.28474805,84.2,343.9230769,0.916666667,3,370,371,382,0,0
322271,381,1.226415094,0.179245283,0.386792453,0.066037736,0.08490566,0.056603774,4.981132075,2.632075472,0.103773585,1.603773585,0.075471698,0.028301887,5.405660377,0.452830189,0.216981132,0.311320755,0.028301887,0.08490566,0.518867925,0.028301887,0.650943396,0.452830189,0.783018868,0.396226415,0.424528302,0.58490566,0.188679245,8.5,0.188679245,0.103773585,30524,106,0.519095433,0.946428571,0.679487179,1,35.322,12.75800236,10.90447241,28.02262708,751.3962264,342.7264151,0.136363636,1,369,0,0,0,0
322271,382,0.987012987,0.077922078,0.584415584,0.012987013,0.051948052,0.090909091,1.246753247,1.935064935,0.051948052,1.38961039,0.038961039,0.025974026,4.597402597,0.402597403,0.428571429,0.402597403,0.025974026,0.051948052,0.792207792,0.038961039,0.727272727,0.454545455,0.480519481,0.350649351,0.103896104,1.012987013,0.142857143,7.961038961,0.181818182,0.116883117,30604,77,0.908186825,0.885057471,0.513333333,1,35.231,15.87799674,6.645974297,32.09790299,92.61038961,344.5844156,0.545454545,2,371,380,0,0,0
322271,383,0.855855856,0.117117117,0.423423423,0.108108108,0.045045045,0.072072072,1.378378378,2.63963964,0.045045045,2.099099099,0.072072072,0.063063063,2.792792793,0.378378378,0.117117117,0.423423423,0.081081081,0.081081081,0.567567568,0.036036036,0.747747748,0.513513514,0.81981982,0.396396396,0.144144144,0.702702703,0.126126126,10.43243243,0.198198198,0.117117117,30684,111,0.465723691,0.940677966,0.711538462,1,35.603,12.74905759,11.28202597,-13.12584721,244.1711712,345.1531532,0,0,0,0,0,0,0
322271,384,0.67,0.09,0.45,0.11,0.09,0.08,1.1,2.21,0.03,1.45,0.05,0.03,3.04,0.49,0.12,0.45,0.12,0.07,0.61,0.02,1.01,0.41,0.84,0.32,0.21,0.81,0.14,8.78,0.15,0.07,30765,100,0.73266391,0.952380952,0.641025641,1,34.495,13.79052215,9.385700049,-39.31439055,622.72,346.42,0.222222222,1,390,0,0,0,0
322271,385,1.656565657,0.070707071,0.383838384,0.121212121,0.101010101,0.070707071,1.737373737,2.707070707,0.050505051,1.686868687,0.070707071,0.121212121,4.949494949,0.484848485,0.464646465,0.393939394,0.090909091,0.090909091,1.060606061,0.03030303,0.96969697,0.414141414,0.888888889,0.333333333,0.262626263,0.95959596,0.171717172,10.41414141,0.151515152,0.111111111,30845,99,0.786640623,0.925233645,0.634615385,1,34.958,14.41938183,8.902687141,32.6952945,225.979798,346.5555556,0.022222222,1,362,0,0,0,0
322271,386,0.841666667,0.166666667,0.458333333,0.1,0.083333333,0.058333333,1.258333333,2.366666667,0.016666667,2.116666667,0.066666667,0.05,2.441666667,0.416666667,0.091666667,0.375,0.075,0.066666667,0.733333333,0.025,0.941666667,0.325,0.5,0.425,0.175,1.016666667,0.158333333,11.11666667,0.241666667,0.25,30925,120,0.093071752,0.96,0.710059172,1,36.918,12.51138065,12.4570738,-84.75939093,593.725,347.725,0,0,0,0,0,0,0
322271,387,1.442105263,0.126315789,0.326315789,0.084210526,0.094736842,0.063157895,1.368421053,2.578947368,0.042105263,1.431578947,0.021052632,0.021052632,6.757894737,0.421052632,0.778947368,0.273684211,0.042105263,0.094736842,1.357894737,0.031578947,0.536842105,0.231578947,0.473684211,0.347368421,0.242105263,0.821052632,0.105263158,8.189473684,0.242105263,0.147368421,31005,95,0.083660421,0.95959596,0.785123967,1,31.658,11.07232998,11.03351396,90,363.7684211,349,0,0,0,0,0,0,0
322271,388,1.547826087,0.086956522,0.356521739,0.095652174,0.060869565,0.043478261,1.365217391,2.808695652,0.034782609,0.956521739,0.060869565,0.043478261,9.956521739,0.32173913,0.582608696,0.304347826,0.043478261,0.104347826,0.6,0.008695652,0.660869565,0.313043478,0.756521739,0.382608696,0.243478261,0.617391304,0.156521739,7.852173913,0.156521739,0.104347826,31085,115,0.531655851,0.950413223,0.680473373,1,35.81,13.24124718,11.21481308,-55.60200513,114.3478261,349.973913,0,0,0,0,0,0,0
322271,389,1.123595506,0.123595506,0.494382022,0.02247191,0.033707865,0.08988764,12.59550562,2.876404494,0.123595506,1.224719101,0.011235955,0.06741573,2.808988764,0.842696629,0.303370787,0.460674157,0.08988764,0.04494382,0.494382022,0,0.696629213,0.438202247,2.97752809,0.494382022,0.370786517,0.898876404,0.146067416,8.056179775,0.202247191,0.157303371,31165,89,0.413329614,0.946808511,0.73553719,1,31.104,11.22168278,10.2182565,60.73467434,269.7191011,350.0786517,0,0,0,0,0,0,0
322271,390,0.663157895,0.115789474,0.547368421,0.042105263,0.073684211,0.094736842,1.063157895,2.315789474,0.031578947,1.926315789,0.042105263,0.042105263,3.168421053,0.389473684,0.315789474,0.4,0.094736842,0.052631579,0.894736842,0.010526316,0.842105263,0.494736842,0.505263158,0.378947368,0.210526316,0.568421053,0.178947368,9.442105263,0.221052632,0.189473684,31245,95,0.624680345,0.931372549,0.730769231,1,32.973,12.56323433,9.810385606,8.509168576,634.6631579,349.4526316,0.243902439,1,384,0,0,0,0
322271,391,0.705263158,0.094736842,0.463157895,0.126315789,0.084210526,0.052631579,1.242105263,2.421052632,0.063157895,1.157894737,0.042105263,0.042105263,2.905263158,0.294736842,1.263157895,0.421052632,0.115789474,0.063157895,1.021052632,0,0.747368421,0.442105263,1.189473684,0.526315789,0.284210526,1.063157895,0.157894737,9.389473684,0.210526316,0.105263158,31325,95,0.429422729,0.940594059,0.71969697,1,32.146,11.67760314,10.54608549,-51.41556131,61.68421053,351.5263158,0,0,0,0,0,0,0
322271,392,0.806818182,0.102272727,0.522727273,0.113636364,0.045454545,0.045454545,1.295454545,2.363636364,0.056818182,1.875,0.125,0.034090909,4.397727273,0.306818182,1.045454545,0.352272727,0.090909091,0.090909091,1.238636364,0.045454545,0.795454545,0.488636364,0.534090909,0.443181818,0.261363636,0.977272727,0.136363636,9.204545455,0.284090909,0.113636364,31406,88,0.70394731,0.88,0.676923077,1,34.495,13.05671125,9.273557864,-82.49313042,702.5681818,351.6363636,0.395348837,1,393,0,0,0,0
322271,393,0.621621622,0.189189189,0.662162162,0.094594595,0.148648649,0.054054054,1.081081081,2.432432432,0.013513514,2.594594595,0.121621622,0.040540541,3.297297297,0.405405405,0.864864865,0.432432432,0.054054054,0.135135135,0.972972973,0.027027027,1.202702703,0.554054054,0.662162162,0.581081081,0.216216216,0.851351351,0.22972973,9.094594595,0.243243243,0.202702703,31486,74,0.531587223,0.936708861,0.74,1,27.92,10.62837946,9.002275203,-56.95222387,710.3378378,352.5405405,0.5,1,392,0,0,0,0
322271,394,0.697916667,0.145833333,0.552083333,0.0625,0.104166667,0.03125,1.072916667,2.6875,0.072916667,1.322916667,0.125,0.052083333,2.947916667,0.541666667,0.125,0.53125,0.041666667,0.114583333,0.833333333,0.020833333,0.84375,0.385416667,1.760416667,0.447916667,0.208333333,0.822916667,0.145833333,9.635416667,0.302083333,0.052083333,31566,96,0.606709237,0.96,0.738461538,1,32.237,12.47156904,9.913947477,3.931879278,328.0625,352.5833333,0,0,0,0,0,0,0
322271,395,0.769230769,0.120879121,0.450549451,0.10989011,0.142857143,0.043956044,1.164835165,3.736263736,0.054945055,1.945054945,0.131868132,0.065934066,2.461538462,0.43956044,0.043956044,0.461538462,0.087912088,0.10989011,0.450549451,0.021978022,0.956043956,0.549450549,0.527472527,0.626373626,0.208791209,0.846153846,0.120879121,10.71428571,0.373626374,0.10989011,31646,91,0.605364771,0.947916667,0.689393939,1,31.865,12.16633813,9.683774611,-27.44396832,191.6483516,356.9120879,0,0,0,0,0,0,0
322271,396,1.186813187,0.120879121,0.21978022,0.043956044,0.054945055,0.054945055,1.076923077,2.395604396,0.054945055,1.307692308,0.043956044,0.032967033,3.087912088,0.362637363,0.054945055,0.296703297,0.054945055,0.054945055,0.549450549,0.010989011,0.659340659,0.252747253,0.461538462,0.318681319,0.153846154,0.615384615,0.10989011,6.989010989,0.164835165,0.120879121,31726,91,0.517745526,0.957894737,0.758333333,1,31.013,11.69798575,10.00803237,9.495192863,549.6373626,356.3956044,0,0,0,0,0,0,0
322271,397,0.924731183,0.096774194,0.419354839,0.107526882,0.053763441,0.032258065,1.010752688,2.397849462,0.021505376,1.462365591,0.064516129,0,2.870967742,0.408602151,0.096774194,0.333333333,0.064516129,0.032258065,0.52688172,0.021505376,0.870967742,0.322580645,0.569892473,0.483870968,0.258064516,0.688172043,0.11827957,6.688172043,0.204301075,0.11827957,31806,93,0.502355552,0.948979592,0.704545455,1,32.237,11.79840092,10.20161887,-5.842545013,460.827957,359.3548387,0,0,0,0,0,0,0
322271,398,0.860465116,0.093023256,0.418604651,0.11627907,0.081395349,0.139534884,0.848837209,2.406976744,0.046511628,1.488372093,0.046511628,0.058139535,2.441860465,0.430232558,0.034883721,0.313953488,0.069767442,0.046511628,0.523255814,0.011627907,0.941860465,0.5,0.651162791,0.430232558,0.11627907,0.744186047,0.11627907,8.174418605,0.348837209,0.11627907,31886,86,0.657264119,0.886597938,0.597222222,1,34.47,12.54556406,9.455093816,38.87559065,511.2674419,359.5465116,0.404761905,1,399,0,0,0,0
322271,399,0.788235294,0.082352941,0.305882353,0.070588235,0.035294118,0.023529412,0.788235294,2.305882353,0.082352941,0.858823529,0.035294118,0.011764706,2.952941176,0.176470588,0.082352941,0.364705882,0.035294118,0.047058824,0.352941176,0.011764706,0.541176471,0.305882353,0.517647059,0.376470588,0.235294118,0.611764706,0.141176471,6.776470588,0.247058824,0.105882353,31966,85,0.510111482,0.977011494,0.772727273,1,31.17,11.47637912,9.870928863,-39.56213058,502.4235294,361.6,0.5,2,398,413,0,0,0
322271,400,1.083333333,0.145833333,0.677083333,0.072916667,0.03125,0.09375,1.520833333,2.84375,0.041666667,1.302083333,0.0625,0.03125,4.4375,0.489583333,1.447916667,0.4375,0.104166667,0.104166667,1.28125,0.010416667,0.65625,0.40625,3.385416667,0.354166667,0.229166667,0.90625,0.104166667,10.66666667,0.197916667,0.197916667,32046,96,0.4850982,0.932038835,0.666666667,1,33.643,12.04902498,10.53638655,39.58714858,67.20833333,364.3333333,0,0,0,0,0,0,0
322271,401,0.744680851,0.20212766,0.553191489,0.138297872,0.053191489,0.085106383,1.106382979,2.64893617,0.063829787,1.063829787,0.063829787,0.031914894,3.042553191,0.361702128,0.265957447,0.404255319,0.074468085,0.063829787,0.819148936,0.063829787,0.595744681,0.35106383,2.553191489,0.35106383,0.159574468,0.936170213,0.180851064,8.70212766,0.255319149,0.191489362,32127,94,0.681767393,0.930693069,0.723076923,1,33.643,12.91304702,9.446785078,-4.272630659,290.1702128,365.0106383,0,0,0,0,0,0,0
322271,402,0.392156863,0.117647059,0.509803922,0.039215686,0.039215686,0.088235294,0.941176471,2.490196078,0.088235294,1.264705882,0.068627451,0.049019608,1.37254902,0.284313725,0.039215686,0.343137255,0.019607843,0.107843137,0.333333333,0.019607843,0.774509804,0.31372549,0.735294118,0.509803922,0.166666667,0.81372549,0.107843137,9.392156863,0.18627451,0.196078431,32207,102,0.484741141,0.962264151,0.708333333,1,32.998,12.2587825,10.72223804,39.24838216,772.5294118,365.5980392,0.045454545,1,405,0,0,0,0
322271,403,0.912087912,0.131868132,0.307692308,0.032967033,0.098901099,0.098901099,1.428571429,1.945054945,0.043956044,1.472527473,0.043956044,0.032967033,2.307692308,0.351648352,0.043956044,0.263736264,0.032967033,0.076923077,0.461538462,0.010989011,1.010989011,0.395604396,0.626373626,0.252747253,0.296703297,0.582417582,0.10989011,7.175824176,0.175824176,0.208791209,32287,91,0.554629862,0.93814433,0.689393939,1,32.237,11.93543422,9.931441151,22.66970242,50.78021978,366.8681319,0,0,0,0,0,0,0
322271,404,0.8,0.0375,0.35,0.0625,0.1,0.025,1,2.7125,0.0875,1.1125,0.05,0.0375,7.35,0.45,0.25,0.475,0.0875,0.05,0.5375,0.025,0.6875,0.325,0.7875,0.2625,0.1875,0.7875,0.15,8.9875,0.175,0.125,32367,80,0.710152755,0.898876404,0.615384615,1,31.584,12.37430647,8.71210113,-10.557975,696.4875,370.55,0.43902439,1,411,0,0,0,0
322271,405,0.838983051,0.118644068,0.474576271,0.050847458,0.076271186,0.042372881,1.118644068,2.711864407,0.06779661,1.161016949,0.042372881,0.025423729,3.669491525,0.423728814,0.483050847,0.347457627,0.076271186,0.06779661,0.525423729,0.025423729,0.584745763,0.449152542,2.474576271,0.372881356,0.279661017,0.915254237,0.118644068,9.618644068,0.228813559,0.13559322,32447,118,0.605206521,0.959349593,0.702380952,1,36.455,13.81048884,10.99409523,19.46384229,784.3728814,372.0423729,0.042553191,1,402,0,0,0,0
322271,407,0.25,0.152173913,0.739130435,0.108695652,0.065217391,0.043478261,0.836956522,1.956521739,0.054347826,0.891304348,0.065217391,0.054347826,1.489130435,0.336956522,0.086956522,0.239130435,0.032608696,0.119565217,0.72826087,0.010869565,0.402173913,0.467391304,0.934782609,0.402173913,0.217391304,0.891304348,0.163043478,10.36956522,0.260869565,0.065217391,32607,92,0.480513783,0.929292929,0.638888889,1,33.916,11.97313221,10.50028339,-69.92543894,370.9456522,374.2717391,0.441860465,1,406,0,0,0,0
322271,408,0.849206349,0.103174603,0.388888889,0.150793651,0.047619048,0.03968254,0.952380952,2.158730159,0.055555556,1.404761905,0.03968254,0.023809524,2.69047619,0.214285714,0.111111111,0.246031746,0.071428571,0.031746032,0.484126984,0.023809524,0.563492063,0.23015873,0.46031746,0.174603175,0.142857143,0.579365079,0.103174603,7.873015873,0.198412698,0.079365079,32687,126,0.767504254,0.961832061,0.7875,1,38.671,15.92460758,10.20837178,2.666384775,133.3333333,375.1349206,0,0,0,0,0,0,0
322271,409,0.782608696,0.076086957,0.347826087,0.032608696,0.065217391,0.097826087,1.695652174,2.347826087,0.065217391,0.858695652,0.043478261,0.02173913,4.760869565,0.326086957,0.097826087,0.380434783,0.076086957,0.054347826,0.489130435,0.010869565,0.804347826,0.25,0.826086957,0.336956522,0.586956522,0.75,0.195652174,8.684782609,0.27173913,0.108695652,32768,92,0.547228064,0.958333333,0.766666667,1,31.567,11.89772203,9.958197501,22.05462891,456.6086957,376.5326087,0,0,0,0,0,0,0
322271,410,0.670212766,0.095744681,0.319148936,0.063829787,0.085106383,0.074468085,0.914893617,1.64893617,0.042553191,0.691489362,0.042553191,0.021276596,2.031914894,0.127659574,0.063829787,0.20212766,0.053191489,0.021276596,0.414893617,0.010638298,0.382978723,0.255319149,0.29787234,0.29787234,0.159574468,0.755319149,0.053191489,6.021276596,0.095744681,0.095744681,32848,94,0.591718508,0.949494949,0.712121212,1,32.146,12.28268863,9.901623813,24.89577669,665.5,376.2021277,0,0,0,0,0,0,0
322271,411,1.525,0.125,0.45,0.05,0.15,0.05,1.675,2.475,0.0625,1.65,0.1375,0.05,11.65,0.6125,0.775,0.6,0.1,0.15,1.4875,0.0125,0.775,0.375,0.8625,0.425,0.4375,1.1375,0.1625,12.85,0.2125,0.1625,32928,80,0.629979185,0.91954023,0.606060606,1,31.493,11.77684639,9.146040442,-26.97205977,692.1875,376.85,0.45,1,404,0,0,0,0
322271,412,0.877777778,0.166666667,0.566666667,0.077777778,0.088888889,0.1,1.222222222,2.355555556,0.088888889,1.044444444,0.088888889,0.022222222,3.644444444,0.255555556,1.911111111,0.444444444,0.1,0.188888889,1.744444444,0.022222222,0.755555556,0.388888889,2.788888889,0.411111111,0.633333333,1.011111111,0.144444444,10.35555556,0.188888889,0.111111111,33008,90,0.511718183,0.927835052,0.625,1,32.535,11.67260619,10.02855887,44.58918633,340.3333333,376.7444444,0,0,0,0,0,0,0
322271,413,0.681818182,0.113636364,0.416666667,0.075757576,0.113636364,0.03030303,0.848484848,1.825757576,0.106060606,1.333333333,0.045454545,0.007575758,2.386363636,0.424242424,0.492424242,0.257575758,0.068181818,0.113636364,0.734848485,0.015151515,0.545454545,0.28030303,0.310606061,0.310606061,0.204545455,0.78030303,0.128787879,7.863636364,0.25,0.136363636,33088,132,0.842390436,0.910344828,0.55,1,43.882,18.06627838,9.735333138,36.41410602,499.9318182,375.2424242,0.105263158,1,399,0,0,0,0
322271,414,2.658536585,0.109756098,0.475609756,0.073170732,0.024390244,0.06097561,3.512195122,2.451219512,0.06097561,1.024390244,0.097560976,0.085365854,20.81707317,0.402439024,0.256097561,0.487804878,0.073170732,0.085365854,0.707317073,0,0.841463415,0.390243902,0.87804878,0.353658537,0.609756098,1.317073171,0.158536585,6.817073171,0.304878049,0.134146341,33168,82,0.727423938,0.88172043,0.569444444,1,35.504,12.96543765,8.896731911,43.52486293,387.5121951,377.6341463,0.697674419,2,406,415,0,0,0
322271,415,1.009090909,0.154545455,0.5,0.145454545,0.063636364,0.045454545,1.490909091,2.272727273,0.054545455,1.718181818,0.045454545,0.045454545,3.927272727,0.345454545,0.072727273,0.390909091,0.054545455,0.127272727,0.590909091,0.045454545,1.018181818,0.609090909,0.5,0.4,0.381818182,0.945454545,0.145454545,9.372727273,0.245454545,0.118181818,33248,110,0.803617128,0.873015873,0.564102564,1,41.508,15.82195504,9.416383227,37.10802532,395.2272727,379.9909091,0.431372549,1,414,0,0,0,0
322271,416,0.93258427,0.112359551,0.460674157,0.06741573,0.04494382,0.04494382,1.146067416,2.415730337,0.033707865,1.168539326,0.04494382,0.06741573,2.775280899,0.393258427,1.056179775,0.404494382,0.033707865,0.134831461,0.921348315,0.011235955,0.494382022,0.370786517,0.550561798,0.337078652,0.078651685,0.494382022,0.157303371,7.820224719,0.112359551,0.179775281,33328,89,0.499232046,0.956989247,0.741666667,1,30.922,11.5159357,9.978193563,-16.06801628,729.4719101,380.3595506,0,0,0,0,0,0,0
322271,417,0.823129252,0.136054422,0.530612245,0.108843537,0.074829932,0.095238095,0.993197279,2.367346939,0.054421769,1.707482993,0.074829932,0.040816327,2.544217687,0.414965986,0.401360544,0.408163265,0.040816327,0.108843537,0.768707483,0,0.741496599,0.591836735,0.598639456,0.401360544,0.265306122,0.918367347,0.129251701,8.156462585,0.183673469,0.088435374,33408,147,0.736858327,0.948387097,0.680555556,1,42.914,16.81703711,11.36911071,-11.12248943,644.2244898,382.877551,0,0,0,0,0,0,0
322271,418,0.967391304,0.130434783,0.402173913,0.065217391,0.032608696,0.065217391,1.25,2.652173913,0.076086957,0.793478261,0.065217391,0.02173913,3.652173913,0.315217391,0.836956522,0.391304348,0.043478261,0.054347826,0.913043478,0.010869565,0.47826087,0.27173913,1.054347826,0.260869565,0.25,1.097826087,0.130434783,8.5,0.217391304,0.119565217,33489,92,0.464094001,0.948453608,0.766666667,1,31.749,11.56266741,10.2420484,-5.269161881,295.1195652,386.5326087,0,0,0,0,0,0,0
322271,419,0.688888889,0.066666667,0.577777778,0.1,0.066666667,0.011111111,0.988888889,2.988888889,0.055555556,1.611111111,0.077777778,0.055555556,2.722222222,0.377777778,0.033333333,0.466666667,0.055555556,0.088888889,0.488888889,0,0.577777778,0.366666667,0.688888889,0.511111111,0.2,0.722222222,0.122222222,8.355555556,0.144444444,0.233333333,33569,90,0.524800694,0.947368421,0.681818182,1,31.41,11.70784582,9.966012647,-15.22198055,361.7,385.9555556,0.047619048,1,434,0,0,0,0
322271,420,0.971428571,0.142857143,0.485714286,0.047619048,0.076190476,0.104761905,1.419047619,3.047619048,0,2.019047619,0.076190476,0.019047619,3.666666667,0.495238095,0.057142857,0.428571429,0.076190476,0.085714286,0.380952381,0.038095238,1.314285714,0.447619048,0.742857143,0.40952381,0.161904762,0.628571429,0.085714286,10.0952381,0.20952381,0.180952381,33649,105,0.714591845,0.9375,0.681818182,1,35.603,13.99959376,9.79329867,-20.67401335,205.5809524,387.7714286,0.266666667,1,429,0,0,0,0
322271,421,1.350318471,0.089171975,0.52866242,0.070063694,0.057324841,0.044585987,1.121019108,2.872611465,0.025477707,1.445859873,0.063694268,0.095541401,7.496815287,0.439490446,0.121019108,0.382165605,0.057324841,0.082802548,0.375796178,0.01910828,0.554140127,0.318471338,1.968152866,0.382165605,0.318471338,0.662420382,0.159235669,9.140127389,0.229299363,0.184713376,33729,157,0.729403657,0.94011976,0.659663866,1,43.683,17.27569896,11.8180215,20.88945985,46.06369427,390.2038217,0,0,0,0,0,0,0
322271,422,0.52173913,0.086956522,0.402173913,0.054347826,0.043478261,0.065217391,1.217391304,2.282608696,0.065217391,1.608695652,0.054347826,0.02173913,2.065217391,0.27173913,0.108695652,0.576086957,0.076086957,0.065217391,0.663043478,0.02173913,0.804347826,0.445652174,5.304347826,0.336956522,0.336956522,0.836956522,0.108695652,9.913043478,0.22826087,0.163043478,33809,92,0.524662611,0.948453608,0.696969697,1,31.501,11.82044634,10.06286715,21.82889017,567.6413043,389.1413043,0,0,0,0,0,0,0
322271,423,1.102272727,0.102272727,0.443181818,0.079545455,0.068181818,0.090909091,1.477272727,2.602272727,0.034090909,1.420454545,0.090909091,0.090909091,14.27272727,0.443181818,0.193181818,0.556818182,0.056818182,0.125,0.670454545,0.056818182,0.943181818,0.375,0.681818182,0.454545455,0.477272727,1.318181818,0.125,10.5,0.318181818,0.125,33889,88,0.804368534,0.854368932,0.520710059,1,37.398,14.62118144,8.686892432,38.59282158,274.1704545,391.1931818,0.510638298,1,425,0,0,0,0
322271,424,0.662921348,0.123595506,0.550561798,0.033707865,0.101123596,0.101123596,0.786516854,2.449438202,0.06741573,0.876404494,0.134831461,0.056179775,3.191011236,0.258426966,0.134831461,0.359550562,0.02247191,0.04494382,0.606741573,0.04494382,0.426966292,0.314606742,1.505617978,0.382022472,0.247191011,0.764044944,0.123595506,9.325842697,0.247191011,0.168539326,33969,89,0.31099788,0.946808511,0.674242424,1,31.311,11.02663519,10.47983103,23.86447952,704.6516854,391.3483146,0,0,0,0,0,0,0
322271,425,1.134615385,0.201923077,0.528846154,0.067307692,0.048076923,0.076923077,1.625,3.201923077,0.076923077,2.038461538,0.086538462,0.038461538,6.548076923,0.596153846,0.134615385,0.721153846,0.076923077,0.096153846,1.134615385,0.028846154,1.173076923,0.644230769,0.759615385,0.596153846,0.336538462,1.028846154,0.134615385,11.21153846,0.317307692,0.125,34049,104,0.659007615,0.928571429,0.666666667,1,35.694,13.50576406,10.15817496,29.29967231,277.5576923,397.875,0.488888889,1,423,0,0,0,0
322271,426,0.905660377,0.122641509,0.462264151,0.066037736,0.047169811,0.075471698,1.150943396,2.613207547,0.056603774,1.018867925,0.066037736,0.037735849,3.150943396,0.330188679,1.537735849,0.443396226,0.103773585,0.113207547,0.79245283,0.009433962,0.518867925,0.320754717,0.481132075,0.320754717,0.311320755,1,0.075471698,10.29245283,0.132075472,0.122641509,34129,106,0.69569508,0.929824561,0.688311688,1,35.421,13.81319945,9.922535227,2.812264064,479.3396226,395.9716981,0,0,0,0,0,0,0
322271,427,0.685185185,0.209876543,0.438271605,0.092592593,0.086419753,0.055555556,1.438271605,2.808641975,0.055555556,2.166666667,0.074074074,0.049382716,3.358024691,0.382716049,0.586419753,0.395061728,0.111111111,0.160493827,1,0.018518519,1,0.419753086,1.50617284,0.512345679,0.283950617,0.987654321,0.197530864,9.469135802,0.240740741,0.154320988,34210,162,0.824327565,0.952941176,0.642857143,1,45.726,19.17827089,10.85707079,35.61240985,234.7222222,395.6234568,0.254237288,2,430,435,0,0,0
322271,428,1.05,0.116666667,0.408333333,0.016666667,0.041666667,0.041666667,1.141666667,6.316666667,0.091666667,1.966666667,0.108333333,0.033333333,4.833333333,0.575,1.233333333,0.333333333,0.15,0.066666667,1.4,0.033333333,1.416666667,0.35,1.925,0.816666667,0.358333333,1.166666667,0.166666667,6.566666667,0.25,0.1,34290,120,0.390412185,0.967741935,0.769230769,1,35.694,12.93017493,11.90403847,18.54287067,159.1416667,398.625,0.043478261,1,441,0,0,0,0
322271,429,0.730769231,0.115384615,0.759615385,0.067307692,0.105769231,0.038461538,1.432692308,2.798076923,0.048076923,1.711538462,0.096153846,0.019230769,2.711538462,0.423076923,0.028846154,0.480769231,0.096153846,0.048076923,0.567307692,0.019230769,0.692307692,0.240384615,1.269230769,0.298076923,0.211538462,0.759615385,0.115384615,9.826923077,0.163461538,0.125,34370,104,0.35689244,0.971962617,0.787878788,1,33.155,11.95900335,11.17144898,-14.18677484,205.6442308,398.0576923,0.380952381,2,420,430,0,0,0
322271,430,0.536842105,0.2,0.663157895,0.115789474,0.115789474,0.052631579,0.978947368,3.6,0.042105263,2,0.105263158,0.010526316,3.515789474,0.494736842,1.452631579,0.673684211,0.084210526,0.073684211,0.957894737,0,1.052631579,0.621052632,0.631578947,0.589473684,0.294736842,0.842105263,0.073684211,12.55789474,0.210526316,0.168421053,34450,95,0.515668713,0.940594059,0.659722222,1,32.998,11.9779586,10.26257191,40.6676064,219.7052632,398.5368421,0.214285714,2,427,429,0,0,0
322271,431,1.197802198,0.142857143,0.527472527,0.098901099,0.076923077,0.065934066,1.417582418,3.241758242,0.010989011,1.340659341,0.076923077,0,4.956043956,0.43956044,0.901098901,0.362637363,0.131868132,0.131868132,1.527472527,0,0.758241758,0.340659341,0.736263736,0.472527473,0.318681319,1.197802198,0.186813187,9.747252747,0.186813187,0.175824176,34530,91,0.499786682,0.928571429,0.689393939,1,32.237,11.70712523,10.14010929,51.94910593,81.82417582,397.5934066,0,0,0,0,0,0,0
322271,432,0.850574713,0.120689655,0.545977011,0.051724138,0.057471264,0.040229885,1.344827586,2.534482759,0.068965517,1.074712644,0.08045977,0.045977011,2.804597701,0.402298851,0.218390805,0.41954023,0.063218391,0.097701149,0.540229885,0.017241379,0.856321839,0.333333333,1.91954023,0.482758621,0.212643678,0.695402299,0.132183908,8.442528736,0.218390805,0.126436782,34610,174,0.755852662,0.940540541,0.682352941,1,46.842,18.65718188,12.21563583,-36.41646906,542.5632184,398.1206897,0,0,0,0,0,0,0
322271,433,0.302083333,0.15625,0.510416667,0.052083333,0.072916667,0.020833333,1.020833333,2,0.041666667,1.15625,0.125,0.03125,1.864583333,0.3125,0.052083333,0.364583333,0.0625,0.03125,0.5625,0,0.697916667,0.354166667,0.614583333,0.395833333,0.114583333,0.9375,0.135416667,7.802083333,0.166666667,0.135416667,34690,96,0.618927486,0.932038835,0.727272727,1,33.527,12.59495938,9.892687307,-63.19595594,687.0833333,398.65625,0,0,0,0,0,0,0
322271,434,0.765957447,0.117021277,0.329787234,0.138297872,0.095744681,0.053191489,1.276595745,3.744680851,0.085106383,2.063829787,0.053191489,0.031914894,3.191489362,0.457446809,0.117021277,0.446808511,0.106382979,0.138297872,0.35106383,0.010638298,0.691489362,0.446808511,0.968085106,0.372340426,0.191489362,0.670212766,0.127659574,8.712765957,0.191489362,0.170212766,34770,94,0.492900529,0.949494949,0.652777778,1,32.626,11.83670608,10.2989483,-43.8109615,362.4787234,399.2021277,0.209302326,2,419,438,0,0,0
322271,435,1.06504065,0.195121951,0.382113821,0.113821138,0.073170732,0.081300813,1.430894309,2.983739837,0.073170732,1.731707317,0.081300813,0.081300813,4.243902439,0.471544715,0.138211382,0.504065041,0.073170732,0.073170732,0.577235772,0.016260163,0.772357724,0.455284553,0.528455285,0.308943089,0.276422764,0.642276423,0.12195122,9.804878049,0.227642276,0.195121951,34851,123,0.671002962,0.938931298,0.683333333,1,39.085,14.69218323,10.89358785,1.447049956,247.5203252,401.5447154,0.14,1,427,0,0,0,0
322271,436,0.971153846,0.115384615,0.548076923,0.096153846,0.115384615,0.086538462,1.278846154,4.317307692,0.086538462,1.788461538,0.096153846,0.019230769,3.230769231,0.528846154,0.865384615,0.346153846,0.134615385,0.076923077,0.875,0.009615385,0.971153846,0.451923077,0.778846154,0.528846154,0.211538462,0.653846154,0.144230769,10.48076923,0.173076923,0.144230769,34931,104,0.416033405,0.95412844,0.666666667,1,34.123,12.1810351,11.07681612,9.054143707,322.9423077,401.0096154,0,0,0,0,0,0,0
322271,437,0.805555556,0.046296296,0.333333333,0.027777778,0,0.055555556,1.12962963,2.268518519,0.027777778,1.157407407,0.037037037,0.018518519,2.611111111,0.268518519,0.416666667,0.25,0.064814815,0.074074074,0.5,0.009259259,0.453703704,0.194444444,0.481481481,0.277777778,0.138888889,0.574074074,0.148148148,6.537037037,0.157407407,0.064814815,35011,108,0.521561218,0.947368421,0.692307692,1,34.867,12.79211817,10.91441255,-85.43777569,126.4907407,401.3240741,0,0,0,0,0,0,0
322271,438,0.623529412,0.2,0.529411765,0.047058824,0.094117647,0.035294118,1.764705882,2.694117647,0.023529412,1.4,0.011764706,0.035294118,3.329411765,0.470588235,0.211764706,0.329411765,0.058823529,0.070588235,0.423529412,0.011764706,0.894117647,0.435294118,0.482352941,0.376470588,0.270588235,0.552941176,0.152941176,8.788235294,0.282352941,0.129411765,35091,85,0.350927902,0.934065934,0.702479339,1,31.104,10.88455924,10.19232828,-38.13374314,374.4235294,402.1764706,0.641025641,2,434,444,0,0,0
322271,439,1.02173913,0.184782609,0.456521739,0.043478261,0.043478261,0.065217391,1,2.043478261,0.032608696,1.032608696,0.086956522,0.02173913,5.054347826,0.347826087,0.673913043,0.326086957,0.02173913,0.032608696,1.065217391,0.02173913,0.717391304,0.456521739,0.554347826,0.304347826,0.206521739,0.630434783,0.141304348,7.717391304,0.206521739,0.173913043,35171,92,0.311255466,0.958333333,0.760330579,1,31.013,11.15921325,10.60489359,45,178.8804348,406.1195652,0.25,1,441,0,0,0,0
322271,440,0.803738318,0.177570093,0.429906542,0.079439252,0.060747664,0.135514019,1.135514019,2.76635514,0.046728972,1.785046729,0.070093458,0.037383178,2.009345794,0.420560748,0.355140187,0.434579439,0.065420561,0.088785047,0.822429907,0.023364486,0.85046729,0.341121495,1.009345794,0.490654206,0.247663551,0.710280374,0.14953271,9.448598131,0.168224299,0.140186916,35251,214,0.833412257,0.891666667,0.594444444,1,56.783,22.95302702,12.68503165,58.90508968,629.1401869,401.8504673,0,0,0,0,0,0,0
322271,441,0.967741935,0.107526882,0.559139785,0.129032258,0.064516129,0.11827957,1.225806452,2.387096774,0.064516129,0.903225806,0.053763441,0.053763441,6.666666667,0.387096774,0.741935484,0.301075269,0.086021505,0.107526882,0.827956989,0.032258065,0.602150538,0.311827957,0.505376344,0.47311828,0.23655914,0.903225806,0.150537634,8.419354839,0.193548387,0.064516129,35331,93,0.203228919,0.948979592,0.704545455,1,32.51,11.11202961,10.88013546,-0.685921408,168.311828,408.6774194,0.325,2,428,439,0,0,0
322271,442,0.342105263,0.149122807,0.578947368,0.192982456,0.026315789,0.087719298,1.789473684,1.736842105,0.026315789,1.447368421,0.070175439,0.043859649,1.736842105,0.315789474,0.385964912,0.385964912,0.078947368,0.043859649,0.763157895,0.026315789,0.657894737,0.403508772,4.377192982,0.289473684,0.298245614,0.833333333,0.157894737,8.210526316,0.228070175,0.228070175,35411,114,0.497918375,0.94214876,0.730769231,1,35.512,13.02308446,11.29393009,12.04460903,719.0350877,408.5350877,0,0,0,0,0,0,0
322271,443,0.881987578,0.124223602,0.391304348,0.080745342,0.093167702,0.049689441,1.677018634,2.310559006,0.043478261,1.559006211,0.062111801,0.01863354,2.97515528,0.366459627,0.341614907,0.391304348,0.074534161,0.055900621,0.652173913,0.02484472,0.788819876,0.354037267,0.608695652,0.391304348,0.335403727,0.664596273,0.180124224,9.062111801,0.242236025,0.111801242,35491,161,0.582610437,0.952662722,0.670833333,1,43.493,15.99881567,13.0030622,30.34744375,42.80745342,410.1552795,0,0,0,0,0,0,0
322271,444,0.776223776,0.13986014,0.342657343,0.076923077,0.090909091,0.041958042,3.678321678,3.272727273,0.083916084,1.818181818,0.097902098,0.020979021,13.38461538,0.622377622,0.244755245,0.552447552,0.097902098,0.146853147,0.531468531,0.027972028,1.097902098,0.552447552,0.888111888,0.538461538,0.475524476,1.230769231,0.188811189,10.34965035,0.230769231,0.202797203,35572,143,0.659175054,0.831395349,0.595833333,1,49.373,16.55872965,12.45199127,36.74653654,379.4615385,410.006993,0.967213115,5,438,449,451,453,457
322271,445,0.747826087,0.07826087,0.426086957,0.069565217,0.060869565,0.086956522,0.965217391,2.330434783,0.034782609,1.591304348,0.052173913,0.07826087,2.252173913,0.252173913,0.191304348,0.469565217,0.095652174,0.060869565,0.539130435,0,0.765217391,0.4,0.643478261,0.460869565,0.2,0.860869565,0.139130435,7.634782609,0.313043478,0.104347826,35652,115,0.553045049,0.950413223,0.680473373,1,36.182,13.34980696,11.1224097,-60.18854159,598.8,411.173913,0,0,0,0,0,0,0
322271,446,0.615384615,0.125,0.932692308,0.028846154,0.057692308,0.009615385,1.115384615,3.211538462,0.048076923,1.163461538,0.096153846,0.086538462,2.192307692,0.432692308,0.259615385,0.365384615,0.038461538,0.086538462,0.788461538,0.038461538,0.730769231,0.413461538,2.653846154,0.432692308,0.240384615,0.865384615,0.163461538,12.94230769,0.192307692,0.173076923,35732,104,0.537524407,0.95412844,0.727272727,1,33.916,12.59800624,10.62324598,25.67586904,11.75961538,412.1442308,0,0,0,0,0,0,0
322271,447,0.724489796,0.081632653,0.387755102,0.081632653,0.102040816,0.051020408,1.153061224,2.428571429,0.040816327,1.397959184,0.030612245,0.010204082,2.163265306,0.336734694,0.43877551,0.387755102,0.071428571,0.06122449,0.775510204,0.010204082,0.612244898,0.336734694,0.428571429,0.275510204,0.183673469,0.653061224,0.153061224,7.969387755,0.173469388,0.132653061,35812,98,0.672900428,0.924528302,0.628205128,1,34.495,13.15682911,9.732541572,-34.14780343,736.3061224,414.1326531,0,0,0,0,0,0,0
322271,448,0.782608696,0.076086957,0.510869565,0.173913043,0.086956522,0.108695652,1.130434783,2.77173913,0.010869565,1.641304348,0.119565217,0.032608696,3.760869565,0.423913043,0.152173913,0.326086957,0.054347826,0.108695652,0.630434783,0.010869565,0.880434783,0.445652174,2.097826087,0.434782609,0.217391304,0.989130435,0.130434783,11.81521739,0.217391304,0.173913043,35892,92,0.599392708,0.948453608,0.696969697,1,31.683,12.19393963,9.760701274,-29.99276687,455.6630435,414.9673913,0,0,0,0,0,0,0
322271,449,0.6484375,0.1171875,0.34375,0.046875,0.078125,0.0546875,3.7578125,3.125,0.09375,1.6015625,0.0546875,0.0390625,7.953125,0.578125,0.84375,0.546875,0.046875,0.0703125,0.9609375,0.0234375,0.96875,0.6796875,0.90625,0.421875,0.875,1.15625,0.109375,11.453125,0.3046875,0.1640625,35972,128,0.652001609,0.853333333,0.57918552,1,44.874,15.58761528,11.81880398,89.47776368,390.40625,412.4140625,0.607142857,3,444,451,460,0,0
322271,450,0.784946237,0.096774194,0.516129032,0.075268817,0.043010753,0.064516129,0.924731183,3.086021505,0.010752688,1.516129032,0.043010753,0.021505376,2.053763441,0.35483871,0.086021505,0.35483871,0.021505376,0.086021505,0.344086022,0.021505376,0.548387097,0.365591398,0.76344086,0.408602151,0.129032258,0.505376344,0.139784946,7.677419355,0.215053763,0.215053763,36052,93,0.495222615,0.948979592,0.704545455,1,31.683,11.7608376,10.21741718,-20.39249324,655.3978495,416.9892473,0,0,0,0,0,0,0
322271,451,0.435897436,0.102564103,0.282051282,0,0.051282051,0.051282051,4.230769231,2.025641026,0,1,0.076923077,0.025641026,7.58974359,0.358974359,0.256410256,0.282051282,0.102564103,0.179487179,0.358974359,0,0.923076923,0.58974359,0.846153846,0.205128205,0.58974359,0.794871795,0.153846154,8.538461538,0.230769231,0.153846154,36132,39,0.862448451,0.928571429,0.78,1,22.172,10.17841526,5.151753067,-82.1186226,384.025641,418.4871795,1,4,444,449,453,460,0
322271,452,1.283018868,0.132075472,0.377358491,0.08490566,0.066037736,0.08490566,1.622641509,3.150943396,0.028301887,1.783018868,0.113207547,0.037735849,4.349056604,0.433962264,0.377358491,0.462264151,0.066037736,0.08490566,0.820754717,0.018867925,0.867924528,0.301886792,0.962264151,0.377358491,0.283018868,0.79245283,0.188679245,11.36792453,0.179245283,0.113207547,36212,106,0.727998673,0.946428571,0.688311688,1,35.421,14.13373021,9.689782101,16.99785811,292.6320755,418.6132075,0,0,0,0,0,0,0
322271,453,1.230769231,0.173076923,0.365384615,0.173076923,0.153846154,0.096153846,3.423076923,2.615384615,0.096153846,1.596153846,0.038461538,0.057692308,4.923076923,0.5,1.807692308,0.326923077,0.038461538,0.096153846,1.057692308,0.019230769,1.192307692,0.5,0.846153846,0.653846154,0.634615385,1.153846154,0.173076923,12.61538462,0.365384615,0.076923077,36293,52,0.510009985,0.945454545,0.8125,1,24.223,9.045102653,7.780312207,-40.39193659,378.5961538,419.6730769,0.892857143,3,444,451,457,0,0
322271,454,0.883116883,0.090909091,0.357142857,0.064935065,0.025974026,0.032467532,1.350649351,2.435064935,0.045454545,1.415584416,0.045454545,0.038961039,3.785714286,0.383116883,0.071428571,0.350649351,0.116883117,0.077922078,0.5,0.019480519,0.655844156,0.25974026,0.616883117,0.467532468,0.214285714,0.850649351,0.11038961,8.305194805,0.214285714,0.175324675,36373,154,0.756931279,0.916666667,0.647058824,1,44.973,17.63591845,11.5249754,25.40753139,520.2272727,416.7922078,0.25862069,1,462,0,0,0,0
322271,455,0.503496503,0.188811189,0.227272727,0.29020979,0.090909091,0.052447552,2.982517483,2.527972028,0.08041958,1.111888112,0.024475524,0.066433566,2.251748252,0.451048951,0.171328671,0.58041958,0.08041958,0.087412587,0.48951049,0.017482517,0.65034965,0.342657343,3.804195804,0.437062937,0.276223776,0.916083916,0.164335664,10.4020979,0.206293706,0.115384615,36453,286,0.800204743,0.947019868,0.700980392,1,62.936,24.93088402,14.9517221,-19.74488276,326.9545455,420.6993007,0.217948718,1,456,0,0,0,0
322271,456,1.126436782,0.114942529,0.379310345,0.114942529,0.045977011,0.057471264,0.931034483,2.344827586,0.011494253,1.114942529,0.034482759,0,3.735632184,0.287356322,0.183908046,0.310344828,0.011494253,0.114942529,0.379310345,0.011494253,0.655172414,0.218390805,0.551724138,0.298850575,0.310344828,0.574712644,0.172413793,7.333333333,0.195402299,0.057471264,36533,87,0.530867973,0.956043956,0.659090909,1,31.311,11.56336735,9.79942814,-78.94769527,312.9195402,422.7931034,0.414634146,1,455,0,0,0,0
322271,457,0.971428571,0.171428571,0.478571429,0.085714286,0.05,0.042857143,1.15,2.321428571,0.05,1.514285714,0.1,0.028571429,2.685714286,0.35,0.171428571,0.385714286,0.05,0.071428571,0.628571429,0.021428571,0.8,0.407142857,0.55,0.478571429,0.221428571,0.842857143,0.114285714,8.985714286,0.242857143,0.164285714,36613,140,0.759621177,0.927152318,0.633484163,1,43.013,16.79469552,10.9226955,68.31211363,368.4571429,421.8285714,0.277777778,2,444,453,0,0,0
322271,458,0.43956044,0.10989011,0.659340659,0.076923077,0.054945055,0.043956044,0.813186813,2.208791209,0.043956044,0.78021978,0.153846154,0.043956044,3.703296703,0.373626374,0.087912088,0.483516484,0.054945055,0.076923077,0.296703297,0.043956044,0.571428571,0.175824176,4.989010989,0.428571429,0.10989011,0.604395604,0.208791209,9.351648352,0.21978022,0.164835165,36693,91,0.5271275,0.947916667,0.758333333,1,31.749,11.74862595,9.983820288,-24.44450833,116.6703297,422.4725275,0,0,0,0,0,0,0
322271,459,1.119402985,0.089552239,0.358208955,0.059701493,0.089552239,0.014925373,1.208955224,1.850746269,0.029850746,0.656716418,0.119402985,0.044776119,5.656716418,0.268656716,0.149253731,0.298507463,0.044776119,0,0.313432836,0.014925373,0.417910448,0.268656716,0.52238806,0.313432836,0.149253731,0.447761194,0.104477612,5.567164179,0.149253731,0.089552239,36773,67,0.735207041,0.930555556,0.697916667,1,28.102,11.417028,7.738948074,-4.446683443,169.8059701,422.9850746,0.485714286,2,464,465,0,0,0
322271,460,0.789473684,0.065789474,0.118421053,0.118421053,0.039473684,0.052631579,1.907894737,2.184210526,0.039473684,1.289473684,0.092105263,0.052631579,4.565789474,0.342105263,1.223684211,0.434210526,0.092105263,0.065789474,0.828947368,0,0.907894737,0.5,0.434210526,0.381578947,0.289473684,0.776315789,0.092105263,8.75,0.355263158,0.144736842,36853,76,0.543705188,0.938271605,0.690909091,1,29.326,10.97014615,9.206983411,12.84656538,391.5263158,423.5657895,0.473684211,2,449,451,0,0,0
322271,461,1.0875,0.15,0.425,0.0875,0.0625,0.075,1.75,2.15,0.0625,1.175,0.0625,0.0125,4.5875,0.375,0.1375,0.25,0,0.0375,0.675,0.0375,0.825,0.3,0.3875,0.3625,0.175,0.9,0.1625,7.425,0.1875,0.0625,36934,80,0.22090487,0.941176471,0.727272727,1,30.525,10.4506899,10.19250937,-1.936535374,150.2125,427.3,0.432432432,1,464,0,0,0,0
322271,462,1.040816327,0.102040816,0.469387755,0.051020408,0.071428571,0.020408163,1.285714286,2.632653061,0.040816327,1.602040816,0.091836735,0.030612245,2.867346939,0.336734694,0.102040816,0.469387755,0.091836735,0.051020408,0.602040816,0.010204082,0.642857143,0.367346939,1.265306122,0.469387755,0.336734694,1,0.285714286,9.959183673,0.153061224,0.102040816,37014,98,0.636650807,0.924528302,0.680555556,1,33.825,12.83998516,9.901583092,44.02919631,522.7959184,427.1734694,0.5,3,454,475,477,0,0
322271,463,0.739130435,0.152173913,0.434782609,0.086956522,0.097826087,0.076086957,1.032608696,2.923913043,0.032608696,1.793478261,0.065217391,0.02173913,2.25,0.456521739,0.130434783,0.434782609,0.054347826,0.043478261,0.619565217,0.032608696,1.02173913,0.402173913,0.510869565,0.336956522,0.152173913,0.934782609,0.086956522,8.934782609,0.293478261,0.108695652,37094,92,0.596618779,0.948453608,0.707692308,1,31.865,12.16122458,9.759684151,-3.371625444,697.1195652,427.2934783,0,0,0,0,0,0,0
322271,464,1.223404255,0.117021277,0.5,0.117021277,0.042553191,0.074468085,1.70212766,2.329787234,0.042553191,1.425531915,0.095744681,0.042553191,6.234042553,0.382978723,0.170212766,0.457446809,0.074468085,0.053191489,0.723404255,0,0.840425532,0.329787234,0.659574468,0.329787234,0.329787234,0.989361702,0.159574468,8.744680851,0.180851064,0.117021277,37174,94,0.561571771,0.921568627,0.712121212,1,34.164,12.30058537,10.17784913,72.18869735,158.5744681,429.2340426,0.725,3,459,461,465,0,0
322271,465,1.294117647,0.094117647,0.505882353,0.058823529,0.047058824,0.117647059,2.141176471,2.8,0.047058824,1.811764706,0.058823529,0.047058824,4.694117647,0.376470588,0.082352941,0.423529412,0.047058824,0.058823529,0.4,0.047058824,0.764705882,0.470588235,0.6,0.552941176,0.211764706,0.823529412,0.152941176,9.952941176,0.223529412,0.105882353,37254,85,0.702481502,0.934065934,0.787037037,1,31.815,12.62550448,8.985596821,-8.369088929,169.0352941,429.9411765,0.763157895,3,459,464,471,0,0
322271,466,1.433333333,0.111111111,0.433333333,0.055555556,0.044444444,0.122222222,1.222222222,2.3,0.055555556,0.966666667,0.066666667,0.066666667,8.488888889,0.244444444,0.044444444,0.466666667,0.033333333,0.077777778,0.555555556,0,0.677777778,0.355555556,0.433333333,0.377777778,0.211111111,0.755555556,0.144444444,7.566666667,0.155555556,0.1,37334,90,0.387867172,0.97826087,0.743801653,1,31.468,11.30443357,10.41946915,-38.77869725,789.6333333,429.9333333,0.725,2,470,473,0,0,0
322271,467,1.08045977,0.114942529,0.287356322,0.091954023,0.08045977,0.103448276,1.931034483,2.793103448,0.126436782,1.356321839,0.103448276,0.08045977,7.816091954,0.528735632,0.16091954,0.471264368,0.08045977,0.057471264,0.75862069,0,0.896551724,0.574712644,0.83908046,0.459770115,0.701149425,1.264367816,0.24137931,9.896551724,0.229885057,0.218390805,37414,87,0.621679616,0.935483871,0.659090909,1,31.956,12.15928328,9.524021703,-36.47029678,82.96551724,431.5057471,0.619047619,2,474,476,0,0,0
322271,468,1.314285714,0.161904762,0.685714286,0.066666667,0.066666667,0.123809524,1.314285714,2.857142857,0.066666667,1.438095238,0.076190476,0.00952381,4.304761905,0.485714286,1.257142857,0.4,0.057142857,0.152380952,1.095238095,0.028571429,0.657142857,0.39047619,0.514285714,0.447619048,0.228571429,0.657142857,0.095238095,9.704761905,0.352380952,0.2,37494,105,0.74309657,0.913043478,0.636363636,1,36.918,14.49840388,9.702102734,-15.27425111,197.7047619,434.4380952,0.127659574,1,471,0,0,0,0
322271,470,0.74025974,0.123376623,0.292207792,0.058441558,0.077922078,0.084415584,1.253246753,2.792207792,0.038961039,2.246753247,0.051948052,0.032467532,3.162337662,0.506493506,0.181818182,0.285714286,0.038961039,0.058441558,0.61038961,0,0.74025974,0.467532468,0.649350649,0.298701299,0.383116883,0.590909091,0.162337662,9.331168831,0.201298701,0.149350649,37655,154,0.840591562,0.93902439,0.641666667,1,46.95,19.23474512,10.41887439,-15.51760801,779.5519481,434.7337662,0.293103448,2,466,473,0,0,0
322271,471,1.572580645,0.096774194,0.419354839,0.072580645,0.064516129,0.056451613,1.475806452,3.298387097,0.056451613,1.548387097,0.129032258,0.064516129,4.75,0.411290323,0.10483871,0.427419355,0.048387097,0.032258065,0.411290323,0,0.725806452,0.524193548,0.629032258,0.362903226,0.185483871,0.862903226,0.120967742,8.717741935,0.14516129,0.201612903,37735,124,0.699537916,0.96124031,0.688888889,1,37.679,14.96354132,10.69287903,25.35910596,182.1209677,434.7096774,0.2,2,465,468,0,0,0
322271,472,1.221238938,0.159292035,0.495575221,0.079646018,0.088495575,0.088495575,1.10619469,2.513274336,0.053097345,1.061946903,0.079646018,0.026548673,3.575221239,0.345132743,0.318584071,0.469026549,0.061946903,0.061946903,0.743362832,0.017699115,0.628318584,0.327433628,0.849557522,0.283185841,0.194690265,0.82300885,0.150442478,8.07079646,0.168141593,0.115044248,37815,113,0.336825315,0.926229508,0.668639053,1,37.935,12.80589649,12.05761153,-16.12253944,507.619469,434.8849558,0.333333333,1,475,0,0,0,0
322271,473,0.901098901,0.054945055,0.527472527,0.131868132,0.076923077,0.076923077,1.604395604,2.318681319,0.076923077,1.010989011,0.032967033,0.098901099,8.824175824,0.406593407,0.098901099,0.384615385,0.065934066,0.087912088,0.582417582,0,0.813186813,0.296703297,0.450549451,0.351648352,0.472527473,0.824175824,0.10989011,9.406593407,0.230769231,0.076923077,37895,91,0.501765943,0.883495146,0.631944444,1,34.189,12.05771181,10.4299621,74.74530005,797.6153846,434.032967,0.697674419,3,466,470,485,0,0
322271,474,0.797101449,0.152173913,0.326086957,0.072463768,0.101449275,0.086956522,1.492753623,2.405797101,0.057971014,1.666666667,0.028985507,0.028985507,3.52173913,0.471014493,0.384057971,0.543478261,0.02173913,0.115942029,0.927536232,0,0.746376812,0.304347826,0.492753623,0.449275362,0.275362319,1.02173913,0.144927536,9.898550725,0.210144928,0.166666667,37975,138,0.70666085,0.932432432,0.624434389,1,41.897,15.99508116,11.31735855,87.0983456,75.44202899,438.5362319,0.333333333,2,467,476,0,0,0
322271,475,0.814814815,0.222222222,0.469135802,0.160493827,0.135802469,0.061728395,1.345679012,2.49382716,0.037037037,1.728395062,0.024691358,0,2.580246914,0.469135802,0.567901235,0.50617284,0.074074074,0.111111111,0.703703704,0.037037037,0.864197531,0.37037037,0.740740741,0.432098765,0.37037037,0.827160494,0.197530864,11.24691358,0.209876543,0.160493827,38055,81,0.78908708,0.920454545,0.692307692,1,32.113,13.2757968,8.155074415,-80.4547811,515.9012346,439.4814815,0.820512821,3,462,472,477,0,0
322271,476,1.182692308,0.125,0.451923077,0.134615385,0.019230769,0.115384615,1.730769231,2.826923077,0.057692308,1.336538462,0.048076923,0.028846154,4.538461538,0.355769231,0.086538462,0.384615385,0.057692308,0.096153846,0.653846154,0.019230769,0.923076923,0.298076923,0.653846154,0.480769231,0.605769231,1.134615385,0.144230769,9.576923077,0.25,0.173076923,38135,104,0.785213088,0.920353982,0.63030303,1,36.645,14.88217917,9.215427073,-18.9061904,91.29807692,439.9326923,0.234042553,2,467,474,0,0,0
322271,477,0.89516129,0.177419355,0.5,0.10483871,0.056451613,0.10483871,0.903225806,2.25,0.032258065,1.370967742,0.048387097,0.048387097,3.830645161,0.427419355,0.088709677,0.411290323,0.048387097,0.096774194,0.580645161,0.008064516,0.741935484,0.411290323,1.387096774,0.516129032,0.137096774,0.975806452,0.137096774,9.580645161,0.169354839,0.201612903,38215,124,0.765525749,0.932330827,0.635897436,1,39.639,15.99858195,10.29357176,54.54736721,525.1290323,440.766129,0.37254902,2,462,475,0,0,0
322271,478,1.132075472,0.103773585,0.386792453,0.08490566,0.122641509,0.037735849,1.226415094,2.971698113,0.047169811,1.235849057,0.094339623,0.037735849,4.358490566,0.433962264,0.981132075,0.396226415,0.047169811,0.150943396,0.594339623,0,0.773584906,0.320754717,0.641509434,0.5,0.320754717,0.471698113,0.113207547,8.716981132,0.179245283,0.08490566,38296,106,0.800904576,0.883333333,0.706666667,1,38.051,15.32022149,9.173626076,0.314864808,643.6509434,438.3113208,0,0,0,0,0,0,0
322271,479,1.12371134,0.12371134,0.886597938,0.082474227,0.154639175,0.12371134,1.639175258,3.886597938,0.072164948,2.226804124,0.12371134,0.041237113,2.773195876,0.597938144,0.082474227,0.474226804,0.072164948,0.041237113,0.731958763,0.030927835,1.237113402,0.577319588,0.680412371,0.701030928,0.350515464,1.041237113,0.164948454,14.5257732,0.257731959,0.18556701,38376,97,0.37766491,0.881818182,0.621794872,1,36.885,12.18302057,11.28077456,12.97584557,410.1958763,438.7938144,0.697674419,3,469,482,486,0,0
322271,481,0.796116505,0.165048544,0.45631068,0.126213592,0.13592233,0.038834951,1.310679612,2.689320388,0.029126214,1.72815534,0.048543689,0.048543689,3.737864078,0.417475728,0.553398058,0.388349515,0.048543689,0.126213592,0.699029126,0.029126214,0.834951456,0.475728155,0.582524272,0.378640777,0.310679612,1.009708738,0.038834951,8.563106796,0.32038835,0.184466019,38536,103,0.637936683,0.953703704,0.715277778,1,34.007,13.18713505,10.15526525,46.14803785,387.631068,440.3786408,0.431818182,2,469,482,0,0,0
322271,482,1.154411765,0.191176471,0.860294118,0.132352941,0.088235294,0.088235294,1.845588235,3.5,0.044117647,1.713235294,0.088235294,0.036764706,4.176470588,0.5,1.088235294,0.544117647,0.095588235,0.139705882,1.022058824,0.014705882,1.036764706,0.470588235,0.992647059,0.492647059,0.507352941,1.154411765,0.183823529,12.80147059,0.242647059,0.161764706,38616,136,0.574915837,0.834355828,0.566666667,1,49.53,16.07239251,13.1506333,-22.61801013,400.3529412,442.5073529,0.733333333,4,469,479,481,486,0
322271,483,0.761363636,0.159090909,0.329545455,0.204545455,0.113636364,0.102272727,1.818181818,2.125,0.022727273,1.488636364,0,0.022727273,3.727272727,0.556818182,1.681818182,0.340909091,0.011363636,0.090909091,0.647727273,0.011363636,0.715909091,0.340909091,0.420454545,0.465909091,0.215909091,0.647727273,0.113636364,8.965909091,0.261363636,0.090909091,38696,88,0.059490324,0.946236559,0.666666667,1,31.22,10.69692677,10.67798126,0,12.5,443.3409091,0,0,0,0,0,0,0
322271,484,0.545454545,0.161616162,0.484848485,0.101010101,0.04040404,0.02020202,1.474747475,2.97979798,0.060606061,2.222222222,0.04040404,0.02020202,3.929292929,0.484848485,0.080808081,0.414141414,0.04040404,0.121212121,0.363636364,0.01010101,0.858585859,0.494949495,0.676767677,0.515151515,0.232323232,0.676767677,0.202020202,10.19191919,0.191919192,0.161616162,38776,99,0.590608384,0.942857143,0.692307692,1,33.734,12.64665526,10.20532373,25.58473714,765.1010101,443.5454545,0,0,0,0,0,0,0
322271,485,0.990291262,0.106796117,0.398058252,0.106796117,0.058252427,0.067961165,1.203883495,2.815533981,0.038834951,1.563106796,0.067961165,0.058252427,4.233009709,0.339805825,1.13592233,0.485436893,0.067961165,0.126213592,0.776699029,0.009708738,0.59223301,0.242718447,0.640776699,0.40776699,0.116504854,0.708737864,0.087378641,7.689320388,0.13592233,0.13592233,38856,103,0.612113147,0.944954128,0.72027972,1,33.643,12.95821422,10.24696953,-22.54855899,800.8543689,444.0291262,0.295454545,1,473,0,0,0,0
322271,486,0.557692308,0.076923077,0.403846154,0.105769231,0.105769231,0.067307692,1.019230769,2.057692308,0.028846154,1.509615385,0.038461538,0.009615385,2.144230769,0.403846154,0.048076923,0.269230769,0.067307692,0.057692308,0.403846154,0.028846154,0.615384615,0.269230769,0.461538462,0.259615385,0.192307692,0.490384615,0.096153846,11.06730769,0.201923077,0.096153846,38936,104,0.747636286,0.920353982,0.675324675,1,36.521,14.32980183,9.51654194,17.32368818,413.5288462,446.6923077,0.644444444,3,479,482,495,0,0
322271,487,1.269230769,0.130769231,0.384615385,0.076923077,0.1,0.053846154,1.307692308,2.8,0.030769231,1.830769231,0.061538462,0.076923077,6.046153846,0.323076923,0.076923077,0.415384615,0.107692308,0.123076923,0.592307692,0.007692308,0.792307692,0.384615385,0.492307692,0.492307692,0.169230769,0.953846154,0.176923077,9.938461538,0.253846154,0.169230769,39017,130,0.361883596,0.921985816,0.663265306,1,40.772,13.59877987,12.67709931,-56.96884999,576.7923077,446.9230769,0,0,0,0,0,0,0
322271,488,0.990291262,0.13592233,0.45631068,0.106796117,0.067961165,0.097087379,1.466019417,3.291262136,0.038834951,1.582524272,0.116504854,0.029126214,5.563106796,0.466019417,0.398058252,0.524271845,0.058252427,0.184466019,0.553398058,0,1.019417476,0.466019417,0.514563107,0.495145631,0.417475728,0.786407767,0.184466019,9.844660194,0.203883495,0.194174757,39097,103,0.494061118,0.962616822,0.72027972,1,33.552,12.3660622,10.75139052,12.82284034,292,450.9223301,0,0,0,0,0,0,0
322271,489,0.468468468,0.081081081,0.45045045,0.081081081,0.117117117,0.09009009,1.009009009,2.324324324,0.009009009,1.342342342,0.054054054,0.054054054,2.135135135,0.36036036,0.216216216,0.405405405,0.054054054,0.054054054,0.693693694,0,0.792792793,0.333333333,0.864864865,0.396396396,0.099099099,1.045045045,0.09009009,9.162162162,0.198198198,0.054054054,39177,111,0.795613213,0.940677966,0.60989011,1,37.77,15.52071054,9.402522999,39.12206547,693.2882883,451.4324324,0,0,0,0,0,0,0
322271,490,0.575471698,0.103773585,0.594339623,0.018867925,0.047169811,0.028301887,1.132075472,3.160377358,0.075471698,1.188679245,0.056603774,0.018867925,2.877358491,0.330188679,0.150943396,0.424528302,0.047169811,0.113207547,0.537735849,0.009433962,0.650943396,0.452830189,4.122641509,0.330188679,0.113207547,0.858490566,0.160377358,10.16981132,0.226415094,0.141509434,39257,106,0.367043927,0.963636364,0.803030303,1,33.618,12.09669911,11.25239318,0,32.73584906,454,0,0,0,0,0,0,0
322271,491,1.329896907,0.18556701,0.577319588,0.051546392,0.051546392,0.072164948,1.134020619,3.381443299,0.030927835,2.206185567,0.072164948,0.041237113,3.680412371,0.402061856,0.226804124,0.463917526,0.12371134,0.134020619,0.546391753,0.010309278,0.896907216,0.494845361,0.494845361,0.587628866,0.237113402,0.546391753,0.164948454,9.298969072,0.206185567,0.164948454,39337,97,0.375131074,0.932692308,0.673611111,1,33.18,11.6788992,10.82600996,-31.24981384,473.5876289,455.3402062,0,0,0,0,0,0,0
322271,492,0.596899225,0.108527132,0.403100775,0.100775194,0.093023256,0.093023256,1.263565891,2.558139535,0.07751938,1.441860465,0.093023256,0.007751938,2.92248062,0.333333333,0.11627907,0.294573643,0.054263566,0.085271318,0.472868217,0.023255814,0.736434109,0.364341085,0.534883721,0.317829457,0.186046512,0.829457364,0.069767442,8.325581395,0.23255814,0.162790698,39417,129,0.638201394,0.948529412,0.716666667,1,38.233,14.70326473,11.31959443,-12.54435287,157.8682171,458.4418605,0,0,0,0,0,0,0
322271,493,0.733990148,0.128078818,0.610837438,0.246305419,0.083743842,0.068965517,1.802955665,2.147783251,0.0591133,1.389162562,0.093596059,0.039408867,3.073891626,0.359605911,0.236453202,0.463054187,0.044334975,0.088669951,0.669950739,0.014778325,0.699507389,0.443349754,1.295566502,0.45320197,0.226600985,1.137931034,0.137931034,10.53694581,0.201970443,0.128078818,39497,203,0.485554419,0.860169492,0.593567251,1,58.172,18.61157807,16.27036148,50.7238275,556.635468,458.3004926,0.315068493,1,496,0,0,0,0
322271,494,0.983193277,0.159663866,0.420168067,0.067226891,0.084033613,0.050420168,0.899159664,2.638655462,0.025210084,1.386554622,0.117647059,0.016806723,2.991596639,0.403361345,0.100840336,0.361344538,0.075630252,0.12605042,0.369747899,0.016806723,0.579831933,0.327731092,0.638655462,0.453781513,0.201680672,0.68907563,0.12605042,7.773109244,0.210084034,0.159663866,39577,119,0.372326415,0.959677419,0.762820513,1,36.066,12.86577158,11.94074638,0.863408853,722.2016807,458.8571429,0,0,0,0,0,0,0
322271,495,0.950704225,0.11971831,0.35915493,0.063380282,0.042253521,0.098591549,1.183098592,3.485915493,0.070422535,1.774647887,0.098591549,0.035211268,2.535211268,0.457746479,0.971830986,0.429577465,0.056338028,0.077464789,0.830985915,0.014084507,0.626760563,0.408450704,0.598591549,0.330985915,0.267605634,0.556338028,0.133802817,9.429577465,0.225352113,0.204225352,39657,142,0.692925829,0.946666667,0.642533937,1,42.749,15.98133036,11.522681,-19.91496111,414.8450704,459.5704225,0.090909091,1,486,0,0,0,0
322271,497,1.027522936,0.155963303,0.422018349,0.082568807,0.110091743,0.064220183,1.541284404,2.651376147,0.100917431,1.605504587,0.064220183,0.064220183,3.28440367,0.724770642,0.100917431,0.266055046,0.036697248,0.055045872,0.458715596,0.009174312,0.825688073,0.339449541,2.95412844,0.357798165,0.183486239,0.651376147,0.128440367,8.137614679,0.19266055,0.137614679,39818,109,0.343529322,0.947826087,0.644970414,1,35.438,12.28775908,11.53995004,-67.44488442,507,463.0550459,0.361702128,1,505,0,0,0,0
322271,498,0.865384615,0.125,0.480769231,0.076923077,0.153846154,0.048076923,1.086538462,2.971153846,0.057692308,1.567307692,0.076923077,0.019230769,2.663461538,0.480769231,0.048076923,0.394230769,0.038461538,0.076923077,0.625,0.009615385,0.75,0.375,0.817307692,0.471153846,0.134615385,0.894230769,0.134615385,9.586538462,0.173076923,0.163461538,39898,104,0.664869355,0.866666667,0.615384615,1,38.597,13.82403796,10.32599877,45.29246882,617.6923077,465.4519231,0.404255319,1,508,0,0,0,0
322271,499,1.978417266,0.057553957,0.424460432,0.09352518,0.035971223,0.071942446,1.784172662,2.424460432,0.107913669,1.057553957,0.079136691,0.021582734,5.776978417,0.525179856,0.237410072,0.28057554,0.064748201,0.079136691,0.618705036,0.014388489,0.726618705,0.402877698,0.705035971,0.467625899,0.374100719,0.942446043,0.136690647,8.978417266,0.230215827,0.100719424,39978,139,0.574538357,0.908496732,0.661904762,1,43.212,15.01460861,12.28912169,-26.15684714,527.0719424,466.7194245,0.363636364,2,505,514,0,0,0
322271,500,0.954954955,0.126126126,0.432432432,0.063063063,0.054054054,0.054054054,1.540540541,2.702702703,0.036036036,1.423423423,0.081081081,0.072072072,3.288288288,0.261261261,1.666666667,0.558558559,0.099099099,0.054054054,1.279279279,0.018018018,0.990990991,0.495495495,0.567567568,0.405405405,0.297297297,0.891891892,0.207207207,10.69369369,0.171171171,0.18018018,40058,111,0.449202539,0.940677966,0.711538462,1,35.603,12.66574685,11.3159576,-50.05538599,454.0540541,467.9099099,0.088888889,1,521,0,0,0,0
322271,501,0.368421053,0.115789474,0.4,0.063157895,0.063157895,0.073684211,0.8,2.421052632,0.010526316,0.831578947,0.031578947,0.021052632,1.442105263,0.4,0.063157895,0.378947368,0.073684211,0.063157895,0.431578947,0.010526316,0.536842105,0.221052632,0.536842105,0.157894737,0.2,0.621052632,0.084210526,8.073684211,0.178947368,0.126315789,40138,95,0.732431655,0.95,0.753968254,1,33.064,13.40388484,9.12590848,6.079103437,599.2631579,468.0105263,0,0,0,0,0,0,0
322271,502,1.308411215,0.121495327,0.355140187,0.056074766,0.065420561,0.08411215,1.112149533,3.327102804,0.037383178,1.76635514,0.037383178,0.037383178,3.252336449,0.439252336,0.411214953,0.542056075,0.08411215,0.074766355,0.560747664,0.046728972,1.121495327,0.420560748,1.439252336,0.504672897,0.214953271,0.76635514,0.112149533,9.514018692,0.158878505,0.140186916,40218,107,0.599294742,0.930434783,0.685897436,1,35.785,13.17947077,10.55054141,40.69952086,388.6168224,469.1401869,0,0,0,0,0,0,0
322271,503,0.764044944,0.112359551,0.651685393,0.08988764,0.112359551,0.08988764,1.415730337,2.247191011,0.06741573,1.224719101,0.033707865,0.04494382,2.662921348,0.314606742,0.662921348,0.337078652,0.06741573,0.08988764,1.168539326,0.056179775,0.752808989,0.438202247,0.876404494,0.393258427,0.235955056,1.078651685,0.078651685,9.606741573,0.280898876,0.101123596,40298,89,0.389789404,0.956989247,0.73553719,1,30.922,11.18917184,10.30415337,37.59229571,146.4157303,469.247191,0,0,0,0,0,0,0
322271,504,1.327731092,0.109243697,0.411764706,0.033613445,0.12605042,0.100840336,1.327731092,1.554621849,0.042016807,1.033613445,0.168067227,0.016806723,4.882352941,0.344537815,0.285714286,0.159663866,0.100840336,0.109243697,0.924369748,0.016806723,0.663865546,0.327731092,0.621848739,0.25210084,0.277310924,0.831932773,0.12605042,5.764705882,0.159663866,0.100840336,40379,119,0.672788589,0.937007874,0.661111111,1,37.679,14.5064811,10.73239938,23.81625054,204.5210084,470.2857143,0,0,0,0,0,0,0
322271,505,0.909090909,0.181818182,0.393939394,0.090909091,0.03030303,0.075757576,7.121212121,2.348484848,0.136363636,1.46969697,0.151515152,0.03030303,7.621212121,0.878787879,0.333333333,0.363636364,0.318181818,0.166666667,0.545454545,0.045454545,1.136363636,0.318181818,0.712121212,0.575757576,0.318181818,1.378787879,0.196969697,8.212121212,0.333333333,0.212121212,40459,66,0.844780855,0.929577465,0.545454545,1,29.806,12.85620499,6.879515021,46.8237815,513.2878788,468.5151515,0.973684211,4,497,499,514,518,0
322271,506,0.898148148,0.12962963,0.416666667,0.046296296,0.092592593,0.111111111,1.398148148,2.490740741,0.055555556,1.527777778,0.055555556,0.027777778,2.842592593,0.361111111,0.527777778,0.333333333,0.037037037,0.083333333,0.509259259,0.009259259,0.555555556,0.388888889,0.648148148,0.416666667,0.194444444,0.601851852,0.185185185,9.240740741,0.222222222,0.138888889,40539,108,0.785845641,0.947368421,0.654545455,1,36.364,15.03680699,9.299102685,22.63094586,232.8240741,470.75,0,0,0,0,0,0,0
322271,507,0.876712329,0.109589041,0.342465753,0.136986301,0.082191781,0.04109589,1.410958904,2.808219178,0.054794521,2.575342466,0.02739726,0.01369863,2.547945205,0.452054795,0.109589041,0.465753425,0.054794521,0.095890411,0.493150685,0.054794521,0.945205479,0.356164384,0.643835616,0.493150685,0.356164384,0.767123288,0.068493151,9.643835616,0.273972603,0.178082192,40619,73,0.647763163,0.924050633,0.663636364,1,29.599,11.24333541,8.565642559,-60.5096885,673.1917808,469.1643836,0.555555556,2,511,520,0,0,0
322271,508,0.597402597,0.077922078,0.662337662,0.064935065,0.103896104,0.038961039,1.064935065,2.38961039,0.064935065,1.753246753,0.077922078,0.012987013,2.571428571,0.25974026,0.051948052,0.285714286,0.038961039,0.051948052,0.376623377,0.012987013,0.974025974,0.311688312,0.545454545,0.350649351,0.142857143,0.844155844,0.103896104,8.974025974,0.220779221,0.181818182,40699,77,0.727204452,0.916666667,0.641666667,1,30.641,12.12672936,8.324040779,32.18874593,620.5454545,472.7792208,0.526315789,1,498,0,0,0,0
322271,509,1.272727273,0.111111111,0.585858586,0.131313131,0.101010101,0.02020202,1.161616162,2.808080808,0.070707071,1.242424242,0.070707071,0,5.606060606,0.424242424,1.313131313,0.555555556,0.04040404,0.04040404,1.01010101,0.050505051,0.787878788,0.303030303,1.454545455,0.383838384,0.272727273,0.636363636,0.080808081,10.53535354,0.303030303,0.111111111,40779,99,0.475313171,0.951923077,0.692307692,1,32.998,12.06614445,10.61599514,1.234524294,636.9292929,471.3737374,0.209302326,1,510,0,0,0,0
322271,510,0.82300885,0.132743363,0.548672566,0.088495575,0.07079646,0.10619469,1.203539823,2.238938053,0.061946903,1.584070796,0.079646018,0.026548673,3.876106195,0.398230088,0.132743363,0.424778761,0.053097345,0.115044248,0.584070796,0.008849558,0.725663717,0.300884956,1.566371681,0.398230088,0.247787611,0.672566372,0.159292035,10.05309735,0.256637168,0.079646018,40859,113,0.679740311,0.926229508,0.733766234,1,37.472,14.25585255,10.45599593,-20.96496416,649.9911504,470.5752212,0.191489362,1,509,0,0,0,0
322271,511,1.081967213,0.147540984,0.344262295,0.098360656,0.032786885,0.016393443,1.229508197,2.31147541,0.049180328,2.131147541,0.032786885,0.06557377,1.901639344,0.475409836,0.081967213,0.196721311,0.081967213,0.032786885,0.409836066,0.016393443,0.754098361,0.508196721,0.573770492,0.327868852,0.131147541,0.639344262,0.114754098,9.180327869,0.06557377,0.180327869,40939,61,0.742299253,0.924242424,0.554545455,1,28.309,11.11051742,7.444807951,-43.77174345,667.3278689,472.6229508,0.694444444,2,507,520,0,0,0
322271,512,0.544715447,0.162601626,0.609756098,0.081300813,0.12195122,0.016260163,1.170731707,1.902439024,0.040650407,1.455284553,0.073170732,0.016260163,2.495934959,0.447154472,0.146341463,0.284552846,0.073170732,0.056910569,0.593495935,0.024390244,0.723577236,0.398373984,0.650406504,0.56097561,0.284552846,1.016260163,0.073170732,9.211382114,0.130081301,0.162601626,41019,123,0.502398055,0.953488372,0.727810651,1,36.918,13.54985375,11.71569748,-56.62144369,771.495935,472.3333333,0,0,0,0,0,0,0
322271,513,0.62,0.17,0.53,0.07,0.09,0.07,1.46,2.71,0.05,1.91,0.07,0.02,2.59,0.42,0.17,0.62,0.07,0.13,0.9,0.02,0.93,0.58,0.94,0.51,0.23,1.25,0.27,11.43,0.26,0.11,41100,100,0.747146995,0.925925926,0.641025641,1,34.867,14.02172917,9.319666183,33.43344317,110.76,475.15,0.304347826,1,519,0,0,0,0
322271,515,0.775510204,0.132653061,0.357142857,0.040816327,0.051020408,0.040816327,0.816326531,2.93877551,0.030612245,2.408163265,0.081632653,0.020408163,3.275510204,0.357142857,0.214285714,0.214285714,0.091836735,0,0.37755102,0.020408163,0.673469388,0.255102041,0.5,0.265306122,0.112244898,0.459183673,0.112244898,5.765306122,0.153061224,0.163265306,41260,98,0.665279072,0.942307692,0.685314685,1,33.552,13.0472745,9.741026962,-25.43315953,435.8367347,474.5612245,0,0,0,0,0,0,0
322271,516,2.273684211,0.263157895,0.905263158,0.105263158,0.094736842,0.115789474,6.831578947,3.873684211,0.115789474,1.252631579,0.178947368,0.063157895,8.578947368,0.715789474,1.778947368,0.621052632,0.084210526,0.136842105,1.294736842,0.010526316,0.684210526,0.442105263,5.821052632,0.526315789,1.084210526,1.073684211,0.263157895,15.42105263,0.336842105,0.115789474,41340,95,0.57747026,0.95,0.730769231,1,32.51,12.25918059,10.00853873,-12.1065719,166.9157895,476.2526316,0,0,0,0,0,0,0
322271,517,1.193181818,0.159090909,0.602272727,0.079545455,0.068181818,0.056818182,1.181818182,3.079545455,0.022727273,1.715909091,0.079545455,0.034090909,3.806818182,0.454545455,0.397727273,0.5,0.079545455,0.045454545,0.772727273,0.011363636,0.715909091,0.375,0.943181818,0.284090909,0.215909091,0.852272727,0.125,10.92045455,0.284090909,0.170454545,41420,88,0.529736253,0.946236559,0.666666667,1,31.129,11.58385794,9.824993064,-21.86862129,264.5227273,476.2045455,0,0,0,0,0,0,0
322271,518,0.67032967,0.252747253,0.373626374,0.043956044,0.098901099,0.098901099,1.230769231,2.21978022,0.065934066,2.010989011,0.065934066,0.021978022,2.307692308,0.538461538,0.10989011,0.428571429,0.043956044,0.065934066,0.857142857,0.010989011,1.296703297,0.450549451,0.527472527,0.307692308,0.318681319,0.835164835,0.252747253,9.604395604,0.197802198,0.230769231,41500,91,0.447118325,0.968085106,0.689393939,1,31.493,11.51215432,10.29733216,-22.27545431,512.1648352,479.1428571,0.476190476,2,505,514,0,0,0
322271,519,0.786885246,0.106557377,0.467213115,0.06557377,0.049180328,0.090163934,1.590163934,2.827868852,0.098360656,1.442622951,0.057377049,0.024590164,2.180327869,0.37704918,0.06557377,0.508196721,0.040983607,0.12295082,0.901639344,0.008196721,0.770491803,0.409836066,1.040983607,0.368852459,0.18852459,0.909836066,0.254098361,9.024590164,0.31147541,0.081967213,41580,122,0.66990269,0.953125,0.739393939,1,37.654,14.56485637,10.81366175,3.409836967,98.95901639,480.1803279,0.270833333,1,513,0,0,0,0
322271,520,0.489130435,0.097826087,0.293478261,0.076086957,0.043478261,0.086956522,0.706521739,2.086956522,0.043478261,2.402173913,0.032608696,0.054347826,2.152173913,0.27173913,0.054347826,0.25,0.043478261,0.032608696,0.293478261,0.010869565,0.576086957,0.347826087,0.77173913,0.27173913,0.043478261,0.423913043,0.152173913,6.956521739,0.130434783,0.195652174,41660,92,0.71428693,0.93877551,0.707692308,1,32.419,13.10167718,9.169247711,18.45077871,673.9673913,479.2717391,0.428571429,2,507,511,0,0,0
322271,521,0.902173913,0.108695652,0.391304348,0.054347826,0.086956522,0.032608696,1.152173913,2.456521739,0.032608696,1.423913043,0.076086957,0.032608696,3.836956522,0.423913043,0.706521739,0.456521739,0.032608696,0.130434783,1.076086957,0.02173913,0.717391304,0.282608696,2.065217391,0.532608696,0.173913043,0.641304348,0.239130435,8.967391304,0.184782609,0.076086957,41741,92,0.722066884,0.93877551,0.643356643,1,32.816,13.15692391,9.102265917,30.34249971,455.75,480.8586957,0.139534884,1,500,0,0,0,0
322271,522,1.06372549,0.181372549,0.495098039,0.068627451,0.078431373,0.06372549,1.294117647,2.862745098,0.034313725,2.397058824,0.078431373,0.049019608,5.053921569,0.348039216,0.259803922,0.362745098,0.058823529,0.068627451,0.759803922,0.019607843,0.882352941,0.480392157,0.892156863,0.421568627,0.274509804,0.955882353,0.147058824,10.50980392,0.215686275,0.220588235,41821,204,0.6865643,0.886956522,0.631578947,1,54.815,19.35351017,14.07133903,-56.65353033,299.245098,481.9460784,0.279411765,1,528,0,0,0,0
322271,523,0.726666667,0.153333333,0.6,0.066666667,0.053333333,0.053333333,1.266666667,3.44,0.073333333,1.64,0.04,0.026666667,3.86,0.446666667,0.153333333,0.346666667,0.06,0.093333333,0.553333333,0.04,0.573333333,0.36,3.54,0.373333333,0.266666667,0.873333333,0.166666667,9.953333333,0.206666667,0.173333333,41901,150,0.646535917,0.967741935,0.721153846,1,41.88,15.93466226,12.15629169,-20.24131453,337.1666667,486.6,0,0,0,0,0,0,0
322271,524,1.02247191,0.269662921,0.483146067,0.06741573,0.056179775,0.04494382,1.382022472,2.696629213,0.033707865,1.91011236,0.08988764,0.033707865,3.449438202,0.393258427,0.078651685,0.516853933,0.08988764,0.056179775,0.561797753,0.033707865,0.853932584,0.449438202,0.516853933,0.415730337,0.314606742,1.04494382,0.134831461,11.04494382,0.359550562,0.179775281,41981,89,0.459476556,0.936842105,0.674242424,1,31.774,11.39943268,10.12486095,-72.0654038,358.0898876,487.7865169,0,0,0,0,0,0,0
322271,525,0.966666667,0.111111111,0.422222222,0.077777778,0.022222222,0.077777778,1.033333333,2.322222222,0.022222222,1.255555556,0.066666667,0.077777778,3.9,0.244444444,0.033333333,0.422222222,0.066666667,0.044444444,0.411111111,0.033333333,0.522222222,0.255555556,0.422222222,0.255555556,0.122222222,0.555555556,0.111111111,6.233333333,0.211111111,0.155555556,42061,90,0.391974594,0.947368421,0.743801653,1,30.922,11.23719232,10.33794772,-52.58125698,622.0222222,488.1666667,0,0,0,0,0,0,0
322271,526,0.575539568,0.129496403,0.410071942,0.107913669,0.079136691,0.071942446,1.251798561,2.374100719,0.035971223,1.690647482,0.050359712,0.043165468,3.45323741,0.460431655,0.374100719,0.467625899,0.064748201,0.129496403,0.798561151,0.014388489,1.064748201,0.35971223,2.834532374,0.474820144,0.230215827,0.892086331,0.165467626,10.8705036,0.352517986,0.158273381,42141,139,0.852768143,0.926666667,0.609649123,1,44.047,18.6504131,9.740918009,16.42076376,744.0503597,487.5539568,0,0,0,0,0,0,0
322271,527,0.76056338,0.112676056,0.521126761,0.098591549,0.098591549,0.084507042,0.816901408,2.605633803,0.028169014,1.14084507,0.070422535,0.042253521,1.901408451,0.211267606,0.042253521,0.323943662,0.084507042,0.028169014,0.436619718,0,0.464788732,0.23943662,1.056338028,0.450704225,0.197183099,0.718309859,0.056338028,6.915492958,0.112676056,0.225352113,42221,71,0.698402718,0.855421687,0.591666667,1,30.641,11.64544446,8.334702802,-75.65374089,399.7183099,488.8732394,0.605263158,2,529,531,0,0,0
322271,528,0.588235294,0.075630252,0.294117647,0.109243697,0.100840336,0.033613445,1.100840336,2.336134454,0.008403361,1.739495798,0.058823529,0.042016807,2.966386555,0.302521008,0.210084034,0.504201681,0.075630252,0.050420168,0.420168067,0,0.789915966,0.378151261,0.504201681,0.378151261,0.159663866,0.588235294,0.159663866,9.117647059,0.260504202,0.142857143,42301,119,0.736798169,0.9296875,0.661111111,1,39.358,15.34165435,10.37268821,3.902617501,290.3865546,490.2941176,0.352941176,1,522,0,0,0,0
322271,529,1,0.150684932,0.575342466,0.136986301,0.082191781,0.04109589,1.315068493,2.410958904,0.082191781,1.438356164,0.095890411,0.04109589,3.301369863,0.383561644,0.123287671,0.273972603,0.082191781,0.095890411,0.465753425,0,0.876712329,0.342465753,0.397260274,0.630136986,0.246575342,0.630136986,0.164383562,7.863013699,0.219178082,0.123287671,42381,73,0.40535789,0.948051948,0.73,1,28.747,10.33416153,9.447057183,55.85519438,392.9041096,491.9726027,0.472222222,1,527,0,0,0,0
322271,530,1.188888889,0.144444444,0.677777778,0.077777778,0.088888889,0.055555556,1.8,2.744444444,0.033333333,1.1,0.1,0.044444444,2.9,0.5,0.411111111,0.444444444,0.011111111,0.122222222,0.766666667,0.022222222,0.633333333,0.333333333,0.844444444,0.522222222,0.355555556,0.966666667,0.144444444,9.377777778,0.266666667,0.133333333,42462,90,0.528703939,0.957446809,0.75,1,31.104,11.70320412,9.933753457,-10.33251581,106.3333333,492.8333333,0.025,1,542,0,0,0,0
322271,531,1.018867925,0.122641509,0.58490566,0.122641509,0.141509434,0.132075472,1.113207547,3.405660377,0.066037736,2,0.08490566,0.047169811,4.424528302,0.433962264,0.641509434,0.452830189,0.08490566,0.075471698,0.811320755,0.056603774,0.924528302,0.5,1.009433962,0.443396226,0.198113208,0.886792453,0.094339623,10.73584906,0.301886792,0.226415094,42542,106,0.495303459,0.938053097,0.630952381,1,36.637,12.85045452,11.16344718,-81.56501838,410.2264151,494.8773585,0.5,2,527,544,0,0,0
322271,532,0.93877551,0.137755102,0.494897959,0.056122449,0.091836735,0.06122449,1.418367347,2.403061224,0.056122449,1.617346939,0.056122449,0.015306122,3.387755102,0.357142857,0.413265306,0.367346939,0.076530612,0.096938776,0.908163265,0.005102041,1,0.397959184,0.87755102,0.423469388,0.209183673,0.744897959,0.12755102,9.698979592,0.229591837,0.193877551,42622,196,0.525479142,0.933333333,0.640522876,1,49.489,17.41843136,14.81971433,-78.4563206,123.5969388,495.6989796,0.292307692,1,542,0,0,0,0
322271,533,0.802083333,0.177083333,0.708333333,0.0625,0.052083333,0.041666667,1.072916667,1.895833333,0.052083333,1.291666667,0.072916667,0.03125,2.5,0.291666667,0.020833333,0.427083333,0.03125,0.104166667,0.645833333,0,0.489583333,0.458333333,1.197916667,0.302083333,0.239583333,0.78125,0.0625,9.875,0.208333333,0.1875,42702,96,0.606709237,0.95049505,0.738461538,1,32.237,12.47156904,9.913947477,86.06812072,801.4166667,494.9375,0,0,0,0,0,0,0
322271,534,1.1875,0.203125,0.390625,0.15625,0.09375,0.09375,1.421875,3,0.078125,1.796875,0.140625,0.078125,3.46875,0.359375,0.140625,0.375,0.078125,0.09375,0.765625,0.015625,1,0.46875,0.734375,0.484375,0.25,0.78125,0.140625,10.25,0.21875,0.234375,42782,64,0.604709204,0.927536232,0.64,1,28.284,10.48011211,8.346846973,46.58342371,203.390625,494.328125,0.794117647,3,536,543,545,0,0
322271,535,1.069306931,0.108910891,0.326732673,0.069306931,0.03960396,0.069306931,1.128712871,2.108910891,0.079207921,1.524752475,0.079207921,0.03960396,2.722772277,0.465346535,0.772277228,0.544554455,0.079207921,0.138613861,0.633663366,0.00990099,0.702970297,0.297029703,0.613861386,0.396039604,0.257425743,0.772277228,0.069306931,8.96039604,0.128712871,0.089108911,42862,101,0.617282472,0.943925234,0.701388889,1,33.643,12.8832219,10.13576665,-51.36705143,777.3762376,495.3762376,0,0,0,0,0,0,0
322271,536,0.632911392,0.101265823,0.518987342,0.101265823,0.126582278,0.050632911,1.493670886,2.544303797,0.050632911,1.772151899,0.113924051,0.037974684,2.949367089,0.417721519,0.139240506,0.594936709,0.075949367,0.088607595,0.721518987,0.012658228,1.101265823,0.582278481,0.772151899,0.607594937,0.17721519,1.139240506,0.101265823,10.78481013,0.278481013,0.189873418,42942,79,0.777597175,0.759615385,0.512987013,1,37.191,13.91476993,8.749089415,74.94719253,209.6329114,495.7594937,0.872340426,4,534,537,543,545,0
322271,537,0.6,0.130769231,0.492307692,0.061538462,0.069230769,0.084615385,1.430769231,3,0.046153846,1.623076923,0.046153846,0.046153846,2.646153846,0.569230769,2.561538462,0.376923077,0.092307692,0.123076923,2.038461538,0.007692308,0.923076923,0.430769231,1.207692308,0.338461538,0.330769231,1,0.169230769,11.60769231,0.230769231,0.192307692,43022,130,0.670425513,0.928571429,0.677083333,1,41.343,15.18556417,11.26733692,9.456621926,217.6846154,501.2076923,0.547169811,3,536,543,559,0,0
322271,538,0.888888889,0.111111111,0.454545455,0.080808081,0.111111111,0.070707071,1.03030303,2.848484848,0.070707071,1.111111111,0.070707071,0.04040404,3.292929293,0.333333333,0.505050505,0.363636364,0.070707071,0.090909091,0.797979798,0.01010101,0.474747475,0.272727273,0.565656566,0.333333333,0.202020202,0.515151515,0.121212121,8.888888889,0.141414141,0.080808081,43102,99,0.467407182,0.961165049,0.75,1,32.419,12.00085804,10.60926436,29.00266526,677.2222222,499.979798,0.571428571,3,540,557,558,0,0
322271,539,1.217391304,0.141304348,0.423913043,0.054347826,0.043478261,0.097826087,1.141304348,2.77173913,0.086956522,1.739130435,0.076086957,0.054347826,3.934782609,0.391304348,0.065217391,0.25,0.097826087,0.097826087,0.5,0.010869565,0.967391304,0.347826087,0.5,0.445652174,0.315217391,0.72826087,0.239130435,10.06521739,0.27173913,0.217391304,43183,92,0.85563518,0.876190476,0.613333333,1,36.273,15.58589433,8.066937898,14.90869924,468.6304348,500.2282609,0.458333333,1,550,0,0,0,0
322271,540,0.688073394,0.128440367,0.577981651,0.064220183,0.064220183,0.055045872,0.981651376,2.495412844,0.018348624,1.431192661,0.119266055,0.027522936,6.816513761,0.348623853,1.440366972,0.495412844,0.082568807,0.018348624,1.752293578,0.009174312,0.642201835,0.348623853,0.697247706,0.366972477,0.311926606,1.036697248,0.146788991,11.26605505,0.357798165,0.165137615,43263,109,0.698434641,0.939655172,0.707792208,1,36.066,14.05221542,10.05680304,29.56139501,689.412844,500.146789,0.711111111,4,538,551,553,558,0
322271,541,0.982905983,0.136752137,0.452991453,0.102564103,0.085470085,0.068376068,1.452991453,2.222222222,0.017094017,1.871794872,0.042735043,0.085470085,4.136752137,0.427350427,0.324786325,0.401709402,0.042735043,0.11965812,1.11965812,0.025641026,1.153846154,0.444444444,0.547008547,0.555555556,0.213675214,0.777777778,0.213675214,9.358974359,0.290598291,0.11965812,43343,117,0.466381322,0.936,0.696428571,1,37.1,13.11178405,11.59847149,4.236514516,598.8376068,501.6239316,0.217391304,1,561,0,0,0,0
322271,542,1.141025641,0.153846154,0.435897436,0.076923077,0.08974359,0.064102564,1.384615385,2.794871795,0.064102564,1.448717949,0.038461538,0.012820513,2.730769231,0.487179487,0.038461538,0.320512821,0.051282051,0.064102564,0.294871795,0.012820513,0.615384615,0.294871795,0.641025641,0.525641026,0.346153846,0.692307692,0.08974359,8.435897436,0.217948718,0.076923077,43423,78,0.572743707,0.939759036,0.644628099,1,30.087,11.13921442,9.131198337,-41.46871492,115.4615385,502.9871795,0.5,2,530,532,0,0,0
322271,543,1.28,0.22,0.66,0.04,0.14,0.06,1.48,2.84,0.12,1.78,0.1,0,8.24,0.44,0.26,0.5,0.18,0.06,1.08,0.02,1.12,0.48,0.9,0.5,0.36,0.92,0.14,12.44,0.18,0.14,43503,50,0.541741085,0.943396226,0.694444444,1,23.322,8.883309572,7.466825143,19.36452242,204.48,503.86,0.857142857,4,534,536,537,545,0
322271,544,0.858585859,0.121212121,0.535353535,0.191919192,0.101010101,0.080808081,1.484848485,2.585858586,0.050505051,1.828282828,0.03030303,0.02020202,3.585858586,0.444444444,0.262626263,0.424242424,0.060606061,0.101010101,0.727272727,0.01010101,1,0.404040404,0.747474747,0.505050505,0.282828283,0.838383838,0.090909091,10.06060606,0.262626263,0.101010101,43583,99,0.781431759,0.933962264,0.634615385,1,35.992,14.44241252,9.011931232,-43.27688064,408.3333333,504.3535354,0.413043478,1,531,0,0,0,0
322271,545,0.990825688,0.128440367,0.495412844,0.110091743,0.073394495,0.073394495,1.52293578,2.733944954,0.04587156,2.009174312,0.073394495,0.091743119,3.660550459,0.394495413,0.110091743,0.467889908,0.082568807,0.091743119,0.651376147,0.027522936,0.743119266,0.385321101,0.550458716,0.458715596,0.146788991,0.752293578,0.146788991,10.35779817,0.211009174,0.19266055,43663,109,0.784562322,0.825757576,0.660606061,1,41.202,15.64700711,9.701926257,79.96671558,197.3669725,503.853211,0.9,4,534,536,543,552,0
322271,546,0.65034965,0.167832168,0.440559441,0.090909091,0.090909091,0.055944056,3.188811189,2.188811189,0.06993007,1.797202797,0.097902098,0.027972028,3.202797203,0.447552448,0.853146853,0.370629371,0.062937063,0.118881119,1.706293706,0.006993007,1.146853147,0.65034965,0.608391608,0.447552448,0.538461538,1.601398601,0.230769231,9.664335664,0.216783217,0.202797203,43743,143,0.753059687,0.916666667,0.635555556,1,44.998,16.94494819,11.14896608,40.08828898,146.3566434,503.1958042,0,0,0,0,0,0,0
322271,547,0.96,0.15,0.23,0.01,0.05,0.1,0.94,2.83,0.01,1.54,0.05,0.01,1.6,0.3,0.05,0.3,0.03,0.04,0.32,0,0.69,0.21,0.5,0.52,0.27,0.67,0.08,7.76,0.16,0.11,43824,100,0.670799797,0.943396226,0.714285714,1,33.643,13.1994783,9.789240997,-4.628505051,262.19,506.61,0.302325581,2,568,570,0,0,0
322271,548,0.795454545,0.090909091,0.409090909,0.079545455,0.113636364,0.056818182,1.147727273,2.5,0.056818182,1.181818182,0.022727273,0.011363636,3.795454545,0.386363636,0.090909091,0.329545455,0.045454545,0.102272727,0.545454545,0,0.534090909,0.375,0.545454545,0.465909091,0.181818182,0.727272727,0.136363636,7.409090909,0.272727273,0.045454545,43904,88,0.495331364,0.956521739,0.733333333,1,30.368,11.42034336,9.920899275,0,368.5,505.5,0,0,0,0,0,0,0
322271,549,1.204819277,0.120481928,0.373493976,0.084337349,0.096385542,0.036144578,1.337349398,3,0.036144578,1.168674699,0.096385542,0.024096386,9.951807229,0.34939759,0.084337349,0.43373494,0.036144578,0.108433735,0.385542169,0.036144578,0.759036145,0.397590361,0.855421687,0.385542169,0.277108434,0.734939759,0.253012048,9.192771084,0.240963855,0.120481928,43984,83,0.708963299,0.93258427,0.691666667,1,31.559,12.43954438,8.772931155,-29.95269423,442.0963855,504.8072289,0.538461538,1,554,0,0,0,0
322271,550,1.048387097,0.016129032,0.387096774,0.064516129,0.096774194,0.080645161,0.919354839,2.290322581,0.096774194,1.677419355,0.112903226,0.016129032,3.85483871,0.258064516,0.064516129,0.290322581,0.193548387,0.032258065,0.758064516,0.016129032,0.838709677,0.241935484,0.338709677,0.387096774,0.14516129,1,0.290322581,8.096774194,0.258064516,0.048387097,44064,62,0.663817229,0.925373134,0.688888889,1,26.605,10.49661505,7.850364191,29.73883568,471.516129,506.0322581,0.588235294,1,539,0,0,0,0
322271,551,1.217821782,0.118811881,0.584158416,0.03960396,0.04950495,0.118811881,1.445544554,2.059405941,0.059405941,1.297029703,0.148514851,0.04950495,4.742574257,0.336633663,0.118811881,0.376237624,0.069306931,0,0.742574257,0.01980198,0.762376238,0.326732673,1.910891089,0.485148515,0.04950495,0.782178218,0.089108911,9.376237624,0.188118812,0.148514851,44144,101,0.66649383,0.89380531,0.655844156,1,36.24,13.51300358,10.07408668,85.64915631,699.6435644,504.2574257,0.522727273,2,540,553,0,0,0
322271,552,0.864516129,0.193548387,0.425806452,0.083870968,0.090322581,0.051612903,1.483870968,2.664516129,0.032258065,1.361290323,0.051612903,0.058064516,1.941935484,0.522580645,1.238709677,0.387096774,0.129032258,0.038709677,1.6,0.019354839,0.709677419,0.419354839,0.496774194,0.451612903,0.35483871,0.877419355,0.161290323,8.632258065,0.167741935,0.129032258,44224,155,0.800877046,0.880681818,0.717592593,1,48.612,18.94018139,11.34192649,71.20637134,187.5290323,508.1806452,0.629032258,2,545,556,0,0,0
322271,553,0.828571429,0.085714286,0.514285714,0.171428571,0.042857143,0.1,1.057142857,1.828571429,0.114285714,1.371428571,0.085714286,0.085714286,4.628571429,0.3,0.042857143,0.242857143,0.057142857,0.014285714,0.371428571,0,0.742857143,0.428571429,0.428571429,0.628571429,0.185714286,0.814285714,0.1,7.971428571,0.228571429,0.1,44304,70,0.668829762,0.945945946,0.795454545,1,28.995,11.19872504,8.325306858,0.747094323,691.6,508.5285714,0.939393939,4,540,551,558,569,0
322271,554,0.757575758,0.151515152,0.777777778,0.090909091,0.04040404,0.050505051,1.252525253,3.121212121,0.050505051,1,0.050505051,0.060606061,4.939393939,0.464646465,0.181818182,0.626262626,0.080808081,0.050505051,0.676767677,0.01010101,0.808080808,0.393939394,2.505050505,0.424242424,0.282828283,0.97979798,0.090909091,11.29292929,0.202020202,0.060606061,44384,99,0.785853871,0.9,0.634615385,1,35.785,14.68515702,9.08148078,-46.74562848,437.1010101,510.3737374,0.434782609,1,549,0,0,0,0
322271,555,1.229885057,0.068965517,0.252873563,0.057471264,0.08045977,0.022988506,1.114942529,2.413793103,0.034482759,1.413793103,0.034482759,0.057471264,6.068965517,0.356321839,0.16091954,0.333333333,0.057471264,0.08045977,0.436781609,0,0.793103448,0.356321839,0.540229885,0.528735632,0.206896552,0.655172414,0.103448276,8.712643678,0.333333333,0.126436782,44464,87,0.606091254,0.956043956,0.719008264,1,31.104,11.9029062,9.467513464,42.00183103,654.8275862,508.8850575,0.425,1,566,0,0,0,0
322271,556,0.756410256,0.192307692,0.653846154,0.051282051,0.115384615,0.038461538,1.538461538,2.615384615,0.051282051,1.756410256,0.051282051,0.038461538,2.461538462,0.384615385,0.076923077,0.294871795,0.051282051,0.064102564,0.666666667,0,0.846153846,0.346153846,0.576923077,0.333333333,0.205128205,0.833333333,0.243589744,9.487179487,0.179487179,0.115384615,44545,78,0.694181715,0.962962963,0.65,1,30.269,11.92631443,8.5845587,60.2907318,178.8333333,511.1666667,0.538461538,1,552,0,0,0,0
322271,557,0.980952381,0.20952381,0.438095238,0.076190476,0.095238095,0.019047619,1.238095238,2.628571429,0.047619048,1.695238095,0.066666667,0.019047619,4.819047619,0.428571429,0.476190476,0.39047619,0.038095238,0.104761905,0.742857143,0.028571429,0.685714286,0.4,0.438095238,0.276190476,0.20952381,0.714285714,0.142857143,9.733333333,0.123809524,0.133333333,44625,105,0.747676659,0.882352941,0.636363636,1,38.969,14.69123928,9.755907837,-85.00870527,676.0380952,511.3428571,0.617021277,3,538,558,569,0,0
322271,558,0.781818182,0.127272727,0.472727273,0.072727273,0.018181818,0.054545455,1.090909091,2.4,0.109090909,1.6,0.054545455,0.072727273,4.163636364,0.490909091,0.163636364,0.290909091,0.127272727,0.127272727,1.163636364,0.018181818,0.854545455,0.654545455,0.709090909,0.345454545,0.254545455,1.236363636,0.145454545,9.545454545,0.309090909,0.109090909,44705,55,0.677000134,0.873015873,0.6875,1,27.589,10.39018775,7.647000437,-78.80926618,683.8545455,509.6727273,1,5,538,540,553,557,569
322271,559,0.784946237,0.129032258,0.946236559,0.107526882,0.096774194,0.086021505,1.88172043,3.172043011,0.107526882,1.193548387,0.150537634,0.053763441,3.311827957,0.376344086,0.225806452,0.430107527,0.107526882,0.032258065,0.795698925,0.021505376,0.634408602,0.344086022,1.053763441,0.333333333,0.35483871,0.720430108,0.172043011,12.44086022,0.23655914,0.161290323,44785,93,0.633735556,0.958762887,0.715384615,1,32.047,12.43966013,9.622696221,-19.89033887,221.1505376,511.6021505,0.292682927,1,537,0,0,0,0
322271,560,1.184210526,0.078947368,0.526315789,0.157894737,0.092105263,0.105263158,1.473684211,2.684210526,0.065789474,1.973684211,0.105263158,0.052631579,2.328947368,0.605263158,0.184210526,0.657894737,0.078947368,0.065789474,1.078947368,0.026315789,1.25,0.605263158,0.552631579,0.578947368,0.157894737,0.802631579,0.157894737,11.07894737,0.197368421,0.157894737,44865,76,0.57753097,0.95,0.633333333,1,29.806,11.08985701,9.053412988,-20.59441849,549.2368421,511.6578947,0.447368421,1,571,0,0,0,0
322271,561,1.040816327,0.234693878,0.551020408,0.091836735,0.040816327,0.081632653,1.489795918,2.336734694,0.071428571,1.87755102,0.06122449,0.020408163,3.244897959,0.37755102,0.316326531,0.265306122,0.06122449,0.051020408,1.071428571,0.030612245,0.908163265,0.653061224,0.551020408,0.408163265,0.153061224,0.846938776,0.142857143,9.469387755,0.153061224,0.163265306,44945,98,0.44432543,0.942307692,0.680555556,1,32.998,11.88757758,10.64967009,-23.41101301,604.4693878,512.6020408,0.209302326,1,541,0,0,0,0
322271,562,0.584070796,0.132743363,0.442477876,0.123893805,0.079646018,0.07079646,1.601769912,2.504424779,0,1.407079646,0.079646018,0.061946903,3.168141593,0.486725664,0.221238938,0.318584071,0.079646018,0.14159292,0.82300885,0.026548673,1.212389381,0.513274336,0.601769912,0.548672566,0.194690265,1.017699115,0.150442478,9.831858407,0.203539823,0.123893805,45025,113,0.494708418,0.941666667,0.724358974,1,35.512,13.00942162,11.30595521,-12.99726541,80.39823009,513.5309735,0.217391304,1,564,0,0,0,0
322271,563,0.894230769,0.067307692,0.557692308,0.115384615,0.115384615,0.076923077,1.548076923,2.951923077,0.057692308,1.432692308,0.057692308,0.028846154,2.355769231,0.317307692,0.115384615,0.461538462,0.086538462,0.096153846,0.807692308,0,0.903846154,0.365384615,0.682692308,0.509615385,0.25,0.730769231,0.153846154,11.79807692,0.423076923,0.25,45105,104,0.424007579,0.971962617,0.787878788,1,34.743,12.2071572,11.0555174,-6.101404414,341.0192308,513.2980769,0.372093023,1,565,0,0,0,0
322271,564,0.656565657,0.202020202,0.373737374,0.070707071,0.080808081,0.060606061,1.555555556,2.04040404,0.02020202,1.515151515,0.101010101,0.04040404,2.171717172,0.454545455,0.343434343,0.363636364,0.050505051,0.090909091,0.818181818,0.02020202,0.818181818,0.474747475,0.353535354,0.494949495,0.232323232,0.838383838,0.050505051,7.101010101,0.131313131,0.121212121,45186,99,0.566096058,0.961165049,0.761538462,1,33.064,12.43280384,10.2488486,-4.002831886,68.25252525,513.6262626,0.292682927,1,562,0,0,0,0
322271,565,0.723577236,0.178861789,0.487804878,0.097560976,0.113821138,0.040650407,1.227642276,2.869918699,0.032520325,1.430894309,0.06504065,0.040650407,3.195121951,0.382113821,0.089430894,0.406504065,0.040650407,0.105691057,0.772357724,0.016260163,0.682926829,0.317073171,0.585365854,0.414634146,0.203252033,0.918699187,0.170731707,9.154471545,0.211382114,0.105691057,45266,123,0.468847804,0.946153846,0.788461538,1,37.72,13.43362939,11.86564232,81.89427659,351.7642276,514.3252033,0.333333333,1,563,0,0,0,0
322271,566,0.989010989,0.120879121,0.43956044,0.10989011,0.076923077,0.098901099,1.098901099,3.098901099,0.065934066,1.725274725,0.010989011,0.021978022,5.516483516,0.340659341,0.263736264,0.505494505,0.087912088,0.054945055,0.516483516,0,0.681318681,0.230769231,0.626373626,0.428571429,0.263736264,0.626373626,0.076923077,7.791208791,0.263736264,0.076923077,45346,91,0.50347138,0.93814433,0.636363636,1,32.808,11.80912548,10.20322498,26.28883437,661.2747253,514.5934066,0.428571429,1,555,0,0,0,0
322271,567,1.258823529,0.152941176,0.541176471,0.082352941,0.082352941,0.023529412,1.905882353,2.941176471,0.082352941,2.141176471,0.023529412,0.011764706,3.694117647,0.529411765,0.141176471,0.447058824,0.011764706,0.094117647,0.647058824,0.023529412,0.847058824,0.447058824,0.564705882,0.411764706,0.364705882,1.164705882,0.247058824,10.52941176,0.247058824,0.141176471,45426,85,0.22273953,0.923913043,0.702479339,1,31.286,10.71751282,10.44826739,-1.849276667,8.658823529,515.9647059,0,0,0,0,0,0,0
322271,568,0.989690722,0.092783505,0.412371134,0.134020619,0.103092784,0.06185567,1.268041237,2.618556701,0.020618557,1.216494845,0.092783505,0.041237113,3.773195876,0.278350515,0.453608247,0.587628866,0.06185567,0.195876289,0.865979381,0.020618557,0.659793814,0.360824742,0.484536082,0.443298969,0.237113402,0.927835052,0.113402062,8.969072165,0.226804124,0.144329897,45506,97,0.436594834,0.91509434,0.673611111,1,34.561,11.88295549,10.69059883,46.9889062,270.3092784,516.5463918,0.390243902,2,547,570,0,0,0
322271,569,0.863013699,0.123287671,0.520547945,0.164383562,0.082191781,0.068493151,1.164383562,3.589041096,0.01369863,1.753424658,0.095890411,0.02739726,3.369863014,0.452054795,0.136986301,0.547945205,0.04109589,0.109589041,0.726027397,0.02739726,0.767123288,0.356164384,0.849315068,0.479452055,0.178082192,0.917808219,0.136986301,12.04109589,0.273972603,0.178082192,45586,73,0.620075279,0.973333333,0.811111111,1,27.986,10.98701147,8.619775444,30.59005651,683.5753425,517.6849315,0.558823529,3,553,557,558,0,0
322271,570,0.921348315,0.08988764,0.370786517,0.112359551,0.04494382,0.06741573,1.471910112,2.471910112,0.033707865,1.775280899,0.08988764,0.033707865,2.292134831,0.314606742,0.483146067,0.382022472,0.08988764,0.056179775,0.943820225,0.033707865,0.831460674,0.494382022,0.730337079,0.584269663,0.258426966,0.730337079,0.191011236,9.741573034,0.168539326,0.157303371,45666,89,0.623046678,0.967391304,0.741666667,1,31.286,12.13302459,9.49026567,-63.89308479,260.8202247,517.6629213,0.6,3,547,568,578,0,0
322271,571,0.678082192,0.205479452,0.438356164,0.089041096,0.054794521,0.102739726,1.136986301,2.5,0.047945205,2.184931507,0.095890411,0.034246575,1.863013699,0.363013699,0.116438356,0.575342466,0.068493151,0.095890411,0.924657534,0.020547945,1.006849315,0.417808219,0.630136986,0.363013699,0.198630137,0.924657534,0.123287671,10.25342466,0.219178082,0.267123288,45746,146,0.497421627,0.906832298,0.695238095,1,44.229,14.8275835,12.86306093,-1.353980086,554.0410959,520.7123288,0.327272727,1,560,0,0,0,0
322271,572,0.877192982,0.070175439,0.710526316,0.122807018,0.087719298,0.052631579,1.622807018,3.263157895,0.043859649,1.421052632,0.087719298,0.061403509,2.798245614,0.421052632,0.078947368,0.473684211,0.061403509,0.105263158,0.649122807,0,0.868421053,0.315789474,3.675438596,0.368421053,0.149122807,0.763157895,0.087719298,11.81578947,0.254385965,0.219298246,45826,114,0.686627746,0.94214876,0.74025974,1,36.066,14.22457133,10.34139385,14.75559144,131.2280702,523.9385965,0.282608696,1,576,0,0,0,0
322271,573,0.637681159,0.115942029,0.362318841,0.057971014,0.072463768,0.086956522,1.072463768,2.971014493,0.057971014,1.434782609,0.028985507,0.043478261,5.956521739,0.652173913,0.536231884,0.405797101,0.043478261,0.057971014,0.913043478,0.043478261,0.739130435,0.434782609,0.579710145,0.47826087,0.231884058,1.014492754,0.15942029,11.10144928,0.101449275,0.101449275,45907,69,0.59963019,0.971830986,0.8625,1,27.407,10.6359547,8.511712307,-4.621426448,451.5652174,523.8695652,0.46875,1,575,0,0,0,0
322271,574,1,0.164835165,0.43956044,0.065934066,0.043956044,0.098901099,1.681318681,2.736263736,0.043956044,1.571428571,0.065934066,0.021978022,3.912087912,0.285714286,0.274725275,0.406593407,0.032967033,0.065934066,0.769230769,0.010989011,1.076923077,0.406593407,0.659340659,0.516483516,0.32967033,0.725274725,0.153846154,10.74725275,0.252747253,0.21978022,45987,91,0.507775951,0.947916667,0.636363636,1,32.345,11.7274281,10.10305225,-78.7085584,472.2417582,527.967033,0.380952381,1,579,0,0,0,0
322271,575,0.568,0.08,0.728,0.056,0.08,0.048,1.312,3.208,0.056,1.28,0.088,0.048,2.864,0.36,0.168,0.536,0.04,0.04,0.712,0.008,0.744,0.36,2.712,0.352,0.2,1.224,0.192,11.728,0.328,0.176,46067,125,0.76984441,0.899280576,0.710227273,1,41.574,16.15057314,10.30780625,-3.433429936,451.632,532.2,0.7,3,573,579,584,0,0
322271,576,0.918367347,0.102040816,0.479591837,0.06122449,0.112244898,0.06122449,1.295918367,2.755102041,0.030612245,1.704081633,0.091836735,0.071428571,2.704081633,0.448979592,0.214285714,0.5,0.06122449,0.081632653,0.826530612,0.040816327,0.816326531,0.275510204,2.836734694,0.336734694,0.173469388,1.040816327,0.193877551,10.54081633,0.193877551,0.153061224,46147,98,0.669831399,0.951456311,0.753846154,1,32.882,13.03974291,9.682181626,-18.03668393,133.7857143,533.6938776,0.30952381,1,572,0,0,0,0
322271,577,1.710144928,0.057971014,0.311594203,0.043478261,0.079710145,0.094202899,2.014492754,2.739130435,0.065217391,1.615942029,0.101449275,0.043478261,5.956521739,0.47826087,0.463768116,0.362318841,0.036231884,0.086956522,0.449275362,0.02173913,0.601449275,0.384057971,0.688405797,0.514492754,0.239130435,0.68115942,0.079710145,8.601449275,0.195652174,0.166666667,46227,138,0.430073872,0.93877551,0.707692308,1,40.193,14.065362,12.6981202,87.35996861,179.9710145,533.3695652,0,0,0,0,0,0,0
322271,578,0.929078014,0.177304965,0.29787234,0.113475177,0.106382979,0.063829787,1.617021277,2.595744681,0.078014184,1.744680851,0.092198582,0.063829787,5.397163121,0.382978723,0.326241135,0.397163121,0.063829787,0.04964539,0.843971631,0.042553191,0.794326241,0.489361702,2.042553191,0.510638298,0.382978723,1.035460993,0.184397163,9.978723404,0.241134752,0.14893617,46307,141,0.665978107,0.927631579,0.723076923,1,42.343,15.82217135,11.80288553,75.412314,262.6524823,532.4184397,0.074074074,1,570,0,0,0,0
322271,579,0.98013245,0.086092715,0.589403974,0.105960265,0.072847682,0.066225166,1.01986755,2.662251656,0.052980132,1.900662252,0.139072848,0.039735099,3.947019868,0.390728477,0.145695364,0.370860927,0.046357616,0.066225166,0.609271523,0.013245033,0.927152318,0.450331126,0.735099338,0.258278146,0.251655629,0.920529801,0.17218543,10.12582781,0.231788079,0.165562914,46387,151,0.784338096,0.955696203,0.699074074,1,44.229,17.85399975,11.07543558,71.93423301,465.0794702,538.218543,0.413793103,2,574,575,0,0,0
322271,580,1.086206897,0.060344828,0.5,0.086206897,0.051724138,0.086206897,1.560344828,2.672413793,0.051724138,1.379310345,0.043103448,0.025862069,7.534482759,0.456896552,0.103448276,0.50862069,0.060344828,0.051724138,0.482758621,0.017241379,0.672413793,0.448275862,1.284482759,0.379310345,0.284482759,0.577586207,0.163793103,9.672413793,0.172413793,0.206896552,46467,116,0.531286407,0.958677686,0.753246753,1,36.066,13.34252557,11.30368461,0,217.5,540.4482759,0,0,0,0,0,0,0
322271,581,0.635714286,0.128571429,0.35,0.078571429,0.107142857,0.085714286,1.15,2.442857143,0.021428571,1.707142857,0.035714286,0.05,2.678571429,0.407142857,0.15,0.407142857,0.064285714,0.1,0.45,0.021428571,1.271428571,0.485714286,0.585714286,0.364285714,0.121428571,0.785714286,0.1,7.771428571,0.192857143,0.1,46547,140,0.557443811,0.903225806,0.625,1,44.436,15.10525817,12.54060692,-65.06495411,712.3714286,539.8428571,0,0,0,0,0,0,0
322271,582,0.597014925,0.104477612,0.425373134,0.111940299,0.089552239,0.052238806,0.873134328,1.985074627,0.059701493,1.402985075,0.059701493,0.037313433,2.820895522,0.425373134,0.044776119,0.462686567,0.037313433,0.089552239,0.410447761,0.02238806,0.656716418,0.373134328,1.731343284,0.335820896,0.171641791,0.805970149,0.208955224,8.104477612,0.164179104,0.126865672,46628,134,0.75391133,0.937062937,0.697916667,1,40.656,16.38636302,10.76545024,18.95593183,389.4253731,541.7313433,0,0,0,0,0,0,0
322271,583,1.167883212,0.153284672,0.350364964,0.102189781,0.080291971,0.03649635,1.00729927,3.532846715,0.065693431,1.605839416,0.080291971,0.058394161,4,0.510948905,0.919708029,0.357664234,0.03649635,0.131386861,0.875912409,0.03649635,0.773722628,0.357664234,0.773722628,0.423357664,0.189781022,0.547445255,0.211678832,9.96350365,0.197080292,0.109489051,46708,137,0.767729074,0.951388889,0.658653846,1,41.045,16.59351026,10.63269966,35.68069139,551.6423358,540.8905109,0,0,0,0,0,0,0
322271,584,0.505154639,0.082474227,0.618556701,0.092783505,0.092783505,0.092783505,1.216494845,2.628865979,0.030927835,1.422680412,0.12371134,0.030927835,2.711340206,0.381443299,0.505154639,0.360824742,0.06185567,0.113402062,0.93814433,0,0.835051546,0.484536082,2.432989691,0.360824742,0.164948454,0.969072165,0.164948454,11.07216495,0.195876289,0.103092784,46788,97,0.642802153,0.941747573,0.678321678,1,32.998,12.79180876,9.798937909,18.42255575,448.9896907,543.1030928,0.209302326,1,575,0,0,0,0
322271,585,0.610169492,0.084745763,0.525423729,0.093220339,0.101694915,0.093220339,0.974576271,2.779661017,0.06779661,1.245762712,0.076271186,0.016949153,3.423728814,0.254237288,0.050847458,0.398305085,0.050847458,0.06779661,0.262711864,0.042372881,0.771186441,0.288135593,0.677966102,0.338983051,0.245762712,0.56779661,0.101694915,7.788135593,0.262711864,0.127118644,46868,118,0.636348648,0.944,0.702380952,1,36.736,14.09512605,10.87300251,-27.60985198,696.8389831,545.5084746,0,0,0,0,0,0,0
322271,586,0.444444444,0.176470588,0.588235294,0.111111111,0.058823529,0.078431373,1.326797386,2.594771242,0.032679739,1.444444444,0.08496732,0.065359477,1.908496732,0.366013072,0.117647059,0.54248366,0.098039216,0.071895425,1,0.026143791,0.77124183,0.490196078,3.980392157,0.385620915,0.169934641,0.921568627,0.156862745,9.986928105,0.222222222,0.196078431,46948,153,0.702097982,0.950310559,0.683035714,1,43.005,16.76574362,11.93855656,56.39900463,76.9869281,547.130719,0,0,0,0,0,0,0
322271,587,0.848837209,0.11627907,0.488372093,0.058139535,0.046511628,0.023255814,0.848837209,2.593023256,0.034883721,1.837209302,0.093023256,0,2.837209302,0.395348837,0.151162791,0.38372093,0.011627907,0.104651163,0.581395349,0.011627907,0.790697674,0.325581395,0.581395349,0.348837209,0.220930233,0.558139535,0.081395349,9.279069767,0.174418605,0.11627907,47028,86,0.54288417,0.955555556,0.710743802,1,30.459,11.53929989,9.690791562,-43.63661916,645.372093,549.8953488,0.275,1,593,0,0,0,0
322271,588,0.90990991,0.063063063,0.369369369,0.099099099,0.081081081,0.054054054,1.396396396,3.468468468,0.054054054,2.027027027,0.072072072,0.018018018,3.108108108,0.495495495,0.504504505,0.405405405,0.027027027,0.099099099,0.540540541,0,0.936936937,0.432432432,0.918918919,0.477477477,0.171171171,0.882882883,0.09009009,11.38738739,0.288288288,0.18018018,47108,111,0.829780055,0.902439024,0.616666667,1,38.994,16.16477654,9.021409001,-66.65886143,771.3513514,547.3063063,0.06122449,1,596,0,0,0,0
322271,589,1.784946237,0.193548387,0.462365591,0.150537634,0.075268817,0.053763441,1.731182796,2.903225806,0.086021505,1.516129032,0.096774194,0,3.311827957,0.451612903,0.129032258,0.505376344,0.107526882,0.11827957,0.559139785,0,0.76344086,0.47311828,1.161290323,0.462365591,0.182795699,0.903225806,0.150537634,10.82795699,0.268817204,0.129032258,47188,93,0.665969638,0.958762887,0.65034965,1,32.535,12.72130937,9.489827709,-27.13245203,13.90322581,550.9247312,0,0,0,0,0,0,0
322271,590,0.804511278,0.172932331,0.533834586,0.052631579,0.052631579,0.112781955,1.533834586,2.781954887,0.060150376,1.496240602,0.022556391,0.030075188,2.939849624,0.458646617,0.105263158,0.526315789,0.082706767,0.030075188,0.616541353,0.052631579,0.902255639,0.488721805,0.62406015,0.481203008,0.203007519,0.962406015,0.195488722,10.2556391,0.142857143,0.105263158,47269,133,0.455272889,0.956834532,0.730769231,1,38.696,13.90674066,12.38189367,35.36345769,240.8045113,549.4511278,0,0,0,0,0,0,0
322271,591,0.823529412,0.058823529,0.617647059,0.12745098,0.049019608,0.039215686,1.18627451,2.12745098,0.068627451,1.352941176,0.068627451,0.019607843,2.68627451,0.31372549,0.058823529,0.37254902,0.049019608,0.068627451,0.5,0.039215686,0.68627451,0.490196078,6.18627451,0.254901961,0.225490196,0.607843137,0.137254902,8.549019608,0.117647059,0.12745098,47349,102,0.654958045,0.944444444,0.653846154,1,34.131,13.22452359,9.993312824,31.98693422,311.0882353,550.7647059,0,0,0,0,0,0,0
322271,592,1.083333333,0.145833333,0.364583333,0.0625,0.052083333,0.0625,1.25,2.645833333,0.041666667,1.104166667,0.0625,0.083333333,4.09375,0.354166667,0.083333333,0.447916667,0.052083333,0.125,0.395833333,0.010416667,0.46875,0.395833333,0.65625,0.5,0.302083333,0.71875,0.083333333,9.635416667,0.197916667,0.1875,47429,96,0.551189185,0.95049505,0.666666667,1,33.089,12.22403231,10.19949172,-42.69132882,341.4166667,553.28125,0.166666667,1,595,0,0,0,0
322271,593,0.955555556,0.177777778,0.433333333,0.044444444,0.155555556,0.077777778,1.188888889,2.988888889,0.033333333,1.588888889,0.088888889,0.033333333,3.377777778,0.411111111,0.111111111,0.366666667,0.022222222,0.111111111,0.522222222,0,0.788888889,0.3,0.655555556,0.244444444,0.122222222,0.788888889,0.055555556,10.54444444,0.2,0.077777778,47509,90,0.839246884,0.918367347,0.714285714,1,34.47,14.7874295,8.040673021,-15.63833785,656.2222222,554.2555556,0.659090909,2,587,603,0,0,0
322271,594,1.014925373,0.149253731,0.402985075,0.097014925,0.067164179,0.082089552,1.537313433,3.305970149,0.044776119,2.231343284,0.067164179,0.052238806,4.201492537,0.425373134,0.126865672,0.462686567,0.037313433,0.052238806,0.485074627,0.007462687,0.813432836,0.365671642,0.567164179,0.231343284,0.21641791,0.694029851,0.104477612,8.097014925,0.291044776,0.201492537,47589,134,0.616837981,0.943661972,0.687179487,1,40.011,14.86982536,11.70389309,-17.79497564,531.3134328,555.261194,0,0,0,0,0,0,0
322271,595,1.368421053,0.096491228,0.49122807,0.035087719,0.087719298,0.070175439,1.403508772,2.798245614,0.070175439,1.166666667,0.061403509,0.078947368,7.614035088,0.438596491,0.201754386,0.280701754,0.070175439,0.078947368,0.5,0.026315789,0.692982456,0.350877193,0.587719298,0.368421053,0.315789474,0.719298246,0.114035088,10.73684211,0.245614035,0.201754386,47669,114,0.683771157,0.95,0.674556213,1,36.736,14.23497726,10.38721331,-47.3595613,353.9912281,556.3684211,0.170212766,1,592,0,0,0,0
322271,596,0.693548387,0.096774194,0.338709677,0.096774194,0.016129032,0.064516129,0.975806452,2.475806452,0.048387097,1.790322581,0.064516129,0.088709677,1.975806452,0.362903226,0.040322581,0.298387097,0.10483871,0.120967742,0.532258065,0.008064516,0.717741935,0.39516129,0.556451613,0.524193548,0.209677419,0.64516129,0.088709677,9.709677419,0.233870968,0.080645161,47749,124,0.503945702,0.946564885,0.681318681,1,38.142,13.7724881,11.89578463,-41.09668092,783.3548387,556.7741935,0.38,3,588,604,607,0,0
322271,597,0.610619469,0.132743363,0.424778761,0.07079646,0.10619469,0.026548673,1.079646018,2.548672566,0.017699115,1.292035398,0.044247788,0.026548673,2.123893805,0.292035398,0.044247788,0.442477876,0.03539823,0.03539823,0.477876106,0.017699115,0.769911504,0.230088496,1.486725664,0.362831858,0.221238938,0.840707965,0.132743363,9.433628319,0.238938053,0.194690265,47829,113,0.693228128,0.957627119,0.668639053,1,36.182,14.21691066,10.24638665,45.93738859,711.3539823,559.920354,0,0,0,0,0,0,0
322271,598,1.114583333,0.208333333,0.572916667,0.083333333,0.072916667,0.041666667,1.104166667,3.104166667,0.083333333,1.833333333,0.114583333,0.0625,4.177083333,0.40625,0.135416667,0.40625,0.072916667,0.104166667,0.541666667,0,0.729166667,0.489583333,2.427083333,0.322916667,0.125,0.677083333,0.166666667,9.354166667,0.197916667,0.177083333,47909,96,0.67101132,0.95049505,0.685714286,1,33.453,12.96460939,9.612572089,-7.862385145,626.5104167,559.96875,0,0,0,0,0,0,0
322271,599,0.813333333,0.113333333,0.4,0.093333333,0.06,0.053333333,1.26,2.393333333,0.046666667,1.26,0.086666667,0.02,2.006666667,0.36,0.093333333,0.506666667,0.04,0.093333333,0.526666667,0.033333333,0.86,0.326666667,0.766666667,0.38,0.186666667,0.873333333,0.16,9.14,0.246666667,0.113333333,47990,150,0.667421397,0.955414013,0.735294118,1,42.525,16.23084909,12.0867928,5.330334715,28.04,562.1266667,0,0,0,0,0,0,0
322271,600,1.036697248,0.155963303,0.47706422,0.091743119,0.073394495,0.027522936,1.366972477,2.605504587,0.064220183,1.660550459,0.073394495,0.027522936,3.788990826,0.339449541,0.357798165,0.348623853,0.073394495,0.091743119,0.605504587,0.082568807,0.889908257,0.357798165,0.706422018,0.348623853,0.155963303,0.651376147,0.137614679,8.137614679,0.174311927,0.165137615,48070,109,0.228953484,0.956140351,0.644970414,1,35.066,12.03387306,11.71422167,16.43906782,271.6330275,561.8990826,0,0,0,0,0,0,0
322271,601,0.922222222,0.1,0.711111111,0.044444444,0.055555556,0.088888889,1.655555556,2.844444444,0.066666667,1.444444444,0.066666667,0.055555556,5.788888889,0.444444444,0.1,0.4,0.066666667,0.044444444,0.633333333,0,0.766666667,0.344444444,0.577777778,0.555555556,0.244444444,0.955555556,0.133333333,11.42222222,0.211111111,0.144444444,48150,90,0.54579623,0.947368421,0.681818182,1,31.683,11.83305224,9.915126766,22.43188908,162.4222222,562.6777778,0.390243902,1,605,0,0,0,0
322271,602,1.349514563,0.145631068,0.368932039,0.038834951,0.077669903,0.087378641,1.194174757,2.737864078,0.058252427,1.252427184,0.038834951,0.019417476,2.844660194,0.368932039,0.417475728,0.359223301,0.029126214,0.077669903,0.524271845,0,0.72815534,0.368932039,0.485436893,0.417475728,0.174757282,0.67961165,0.165048544,8.524271845,0.252427184,0.126213592,48230,103,0.718050354,0.944954128,0.668831169,1,34.958,13.90105091,9.675008493,20.19039638,455.9902913,565.2330097,0,0,0,0,0,0,0
322271,603,0.941176471,0.171122995,0.556149733,0.090909091,0.069518717,0.085561497,1.636363636,3.609625668,0.101604278,1.438502674,0.106951872,0.032085561,7.176470588,0.497326203,0.139037433,0.561497326,0.07486631,0.112299465,0.839572193,0.021390374,0.957219251,0.49197861,2.711229947,0.513368984,0.593582888,0.92513369,0.197860963,13,0.20855615,0.192513369,48310,187,0.798352511,0.912195122,0.719230769,1,50.969,20.15585134,12.13766001,-10.43563588,658.3636364,564.2780749,0.625,3,593,608,614,0,0
322271,604,0.572916667,0.208333333,0.614583333,0.083333333,0.09375,0.041666667,1.166666667,2.46875,0.0625,1.125,0.0625,0.09375,1.739583333,0.354166667,0.104166667,0.541666667,0.0625,0.0625,0.864583333,0.03125,0.75,0.354166667,1.09375,0.520833333,0.1875,0.864583333,0.15625,12.13541667,0.21875,0.197916667,48390,96,0.493856964,0.932038835,0.727272727,1,33.8,12.0208911,10.45268358,39.85817952,780.09375,566.78125,0.853658537,3,596,607,610,0,0
322271,605,1.633802817,0.14084507,0.366197183,0.070422535,0.070422535,0.028169014,1.901408451,3.098591549,0.056338028,1.647887324,0.098591549,0.042253521,8.788732394,0.464788732,0.408450704,0.422535211,0.042253521,0.056338028,0.605633803,0,0.690140845,0.408450704,0.661971831,0.23943662,0.366197183,0.633802817,0.169014085,10.42253521,0.183098592,0.267605634,48470,71,0.802934788,0.898734177,0.546153846,1,30.757,12.65611723,7.543892327,30.9266715,167.7887324,568.4647887,0.925,3,601,606,609,0,0
322271,607,0.763888889,0.083333333,0.416666667,0.041666667,0.055555556,0.027777778,0.819444444,2.361111111,0.069444444,1.180555556,0.097222222,0.013888889,1.777777778,0.333333333,0.125,0.263888889,0.041666667,0.055555556,0.625,0.013888889,0.611111111,0.208333333,0.847222222,0.333333333,0.194444444,0.736111111,0.138888889,8.680555556,0.180555556,0.180555556,48630,72,0.55703144,0.923076923,0.654545455,1,29.508,10.9299827,9.0772567,26.01543643,788.0833333,570.2916667,0.837837838,3,596,604,615,0,0
322271,608,0.79787234,0.095744681,0.70212766,0.053191489,0.053191489,0.063829787,1.340425532,2.670212766,0,1.287234043,0.117021277,0.031914894,5.734042553,0.436170213,0.223404255,0.489361702,0.085106383,0.085106383,0.670212766,0.010638298,0.723404255,0.329787234,2.063829787,0.382978723,0.436170213,1.170212766,0.20212766,12.93617021,0.287234043,0.170212766,48711,94,0.656566327,0.949494949,0.723076923,1,33.246,12.72030115,9.594519839,21.43431335,672.6914894,570.8829787,0.56097561,3,603,614,618,0,0
322271,609,1.607954545,0.164772727,0.397727273,0.045454545,0.102272727,0.136363636,2.022727273,4.073863636,0.028409091,1.761363636,0.085227273,0.051136364,11.26136364,0.625,0.517045455,0.585227273,0.125,0.085227273,0.619318182,0.017045455,0.920454545,0.386363636,0.818181818,0.539772727,0.25,0.732954545,0.181818182,11.625,0.164772727,0.125,48791,176,0.731881788,0.88,0.578947368,1,51.54,18.7409028,12.7706437,-63.07256147,179.8863636,575.7784091,0.328358209,2,605,606,0,0,0
322271,610,0.426086957,0.208695652,0.6,0.052173913,0.086956522,0.052173913,1.295652174,2.295652174,0.12173913,2.182608696,0.12173913,0.026086957,1.808695652,0.356521739,0.156521739,0.356521739,0.043478261,0.034782609,1.147826087,0.043478261,0.87826087,0.391304348,0.669565217,0.4,0.252173913,0.973913043,0.147826087,10.09565217,0.156521739,0.243478261,48871,115,0.647861889,0.950413223,0.746753247,1,36.339,14.01611564,10.67688566,-16.30710079,770.0521739,573.5478261,0.260869565,1,604,0,0,0,0
322271,611,1.155172414,0.137931034,0.767241379,0.146551724,0.043103448,0.103448276,1.75,3.146551724,0.034482759,1.49137931,0.068965517,0.025862069,3.577586207,0.465517241,0.094827586,0.543103448,0.077586207,0.068965517,0.594827586,0.00862069,0.913793103,0.525862069,0.836206897,0.456896552,0.284482759,0.793103448,0.189655172,11.9137931,0.112068966,0.163793103,48951,116,0.698641157,0.935483871,0.686390533,1,37.563,14.49465744,10.37052511,-33.65879157,558.9137931,573.1982759,0,0,0,0,0,0,0
322271,612,0.689320388,0.106796117,0.533980583,0.067961165,0.077669903,0.058252427,1.378640777,2.40776699,0.019417476,1.514563107,0.048543689,0.058252427,3.485436893,0.330097087,0.300970874,0.310679612,0.087378641,0.038834951,0.54368932,0,0.699029126,0.242718447,0.495145631,0.427184466,0.223300971,0.669902913,0.155339806,7.67961165,0.281553398,0.126213592,49031,103,0.590496128,0.953703704,0.66025641,1,34.222,12.84671164,10.36781622,53.08325286,700.4174757,574.8349515,0,0,0,0,0,0,0
322271,613,0.669230769,0.115384615,0.430769231,0.092307692,0.138461538,0.038461538,1.392307692,3.576923077,0.038461538,2.315384615,0.046153846,0.061538462,2.469230769,0.507692308,0.092307692,0.538461538,0.038461538,0.176923077,0.446153846,0,0.861538462,0.546153846,0.792307692,0.5,0.138461538,0.607692308,0.1,9.223076923,0.230769231,0.261538462,49111,130,0.816255957,0.921985816,0.625,1,41.971,17.2727824,9.97832078,-63.3092579,330.6384615,576.4076923,0,0,0,0,0,0,0
322271,614,1.082191781,0.095890411,0.589041096,0.054794521,0.068493151,0.123287671,1.534246575,2.191780822,0.02739726,1.205479452,0.054794521,0.082191781,7.465753425,0.410958904,0.04109589,0.369863014,0.054794521,0.123287671,0.561643836,0.02739726,0.753424658,0.534246575,0.821917808,0.424657534,0.452054795,1.191780822,0.178082192,10.50684932,0.232876712,0.301369863,49191,73,0.616934576,0.960526316,0.73,1,28.929,11.05713925,8.70212826,-32.00019099,661.6712329,573.7671233,1,5,603,608,617,618,622
322271,615,0.627906977,0.174418605,0.73255814,0.104651163,0.11627907,0.058139535,1.046511628,2.174418605,0.011627907,1.418604651,0.034883721,0.093023256,3.662790698,0.313953488,0.069767442,0.406976744,0.093023256,0.081395349,0.61627907,0.034883721,0.61627907,0.465116279,5.162790698,0.406976744,0.174418605,0.825581395,0.139534884,7.627906977,0.186046512,0.11627907,49271,86,0.743574795,0.905263158,0.661538462,1,33.246,13.12737355,8.777654663,10.05001429,788.5,577.6046512,0.425,1,607,0,0,0,0
322271,616,1.435185185,0.074074074,0.518518519,0.074074074,0.037037037,0.055555556,2.333333333,2.592592593,0.055555556,0.898148148,0.046296296,0.074074074,5.101851852,0.518518519,0.083333333,0.509259259,0.046296296,0.046296296,0.462962963,0.027777778,0.907407407,0.37037037,0.685185185,0.37037037,0.240740741,0.842592593,0.12962963,8.527777778,0.222222222,0.074074074,49352,108,0.728965515,0.947368421,0.72,1,35.694,14.28057771,9.77577547,2.003330861,296.7777778,579.5185185,0,0,0,0,0,0,0
322271,617,1.031746032,0.126984127,0.619047619,0.095238095,0.19047619,0.111111111,1.142857143,2.476190476,0.031746032,1.365079365,0.095238095,0.031746032,5.825396825,0.238095238,0.19047619,0.317460317,0.047619048,0.126984127,0.492063492,0.015873016,0.603174603,0.365079365,0.507936508,0.349206349,0.142857143,0.666666667,0.174603175,8.936507937,0.19047619,0.095238095,49432,63,0.586238431,0.940298507,0.636363636,1,27.275,10.27090513,8.320856387,-76.73172,658.7777778,580.9206349,0.714285714,3,614,618,622,0,0
322271,618,0.857142857,0.186813187,0.56043956,0.087912088,0.098901099,0.098901099,1.241758242,3.549450549,0.043956044,1.307692308,0.021978022,0.120879121,3.626373626,0.593406593,0.230769231,0.428571429,0.054945055,0.054945055,0.879120879,0.010989011,0.791208791,0.351648352,1.659340659,0.538461538,0.208791209,1.043956044,0.142857143,11.45054945,0.208791209,0.197802198,49512,91,0.700396915,0.947916667,0.7,1,32.411,12.88845474,9.199180609,-28.9689396,671.9230769,580.1978022,0.707317073,4,608,614,617,622,0
322271,619,1.314814815,0.222222222,0.435185185,0.064814815,0.092592593,0.083333333,1.12962963,4.287037037,0.046296296,2.138888889,0.037037037,0.046296296,4.851851852,0.462962963,0.259259259,0.444444444,0.018518519,0.148148148,0.361111111,0.018518519,0.768518519,0.648148148,0.814814815,0.388888889,0.203703704,0.907407407,0.138888889,9.87037037,0.240740741,0.194444444,49592,108,0.685179047,0.907563025,0.6,1,37.58,13.96290995,10.17023005,82.20340219,347.9351852,577.8518519,0.489361702,2,624,628,0,0,0
322271,620,0.993103448,0.124137931,0.386206897,0.04137931,0.062068966,0.068965517,1.917241379,2.427586207,0.013793103,1.055172414,0.04137931,0.055172414,5.482758621,0.337931034,0.124137931,0.406896552,0.082758621,0.027586207,0.579310345,0.013793103,0.668965517,0.393103448,3.317241379,0.317241379,0.317241379,0.8,0.144827586,8.275862069,0.206896552,0.213793103,49672,145,0.700194746,0.947712418,0.710784314,1,41.599,16.20092931,11.56668428,0.945523039,83.51034483,582.8275862,0.113207547,2,626,636,0,0,0
322271,621,0.9375,0.104166667,0.458333333,0.104166667,0.052083333,0.03125,1.09375,2.75,0.0625,1.375,0.052083333,0.03125,2.510416667,0.375,0.28125,0.333333333,0.072916667,0.083333333,0.59375,0.052083333,0.791666667,0.229166667,0.510416667,0.458333333,0.166666667,1.052083333,0.166666667,8.979166667,0.197916667,0.1875,49752,96,0.606709237,0.95049505,0.738461538,1,32.237,12.47156904,9.913947477,3.931879278,591.9375,582.4166667,0,0,0,0,0,0,0
322271,622,0.703703704,0.092592593,0.481481481,0.12962963,0.018518519,0.092592593,1.166666667,2.62962963,0.018518519,1.148148148,0.12962963,0.037037037,6.907407407,0.388888889,0.166666667,0.407407407,0.055555556,0,0.5,0,0.685185185,0.240740741,0.907407407,0.5,0.185185185,0.944444444,0.12962963,9.037037037,0.203703704,0.222222222,49832,54,0.451653466,0.931034483,0.6,1,26.043,9.224277425,8.22983987,-39.63454006,665.3888889,583.962963,0.84375,3,614,617,618,0,0
322271,623,0.567901235,0.141975309,0.574074074,0.061728395,0.080246914,0.067901235,3.197530864,2.611111111,0.086419753,1.185185185,0.092592593,0.043209877,5.537037037,0.604938272,0.382716049,0.444444444,0.061728395,0.104938272,0.567901235,0.00617284,0.660493827,0.358024691,4.012345679,0.351851852,0.339506173,0.808641975,0.209876543,11.2345679,0.197530864,0.135802469,49912,162,0.687284795,0.880434783,0.6,1,49.654,17.64819875,12.81944082,-18.2169846,485.4814815,582.1111111,0.209677419,2,637,642,0,0,0
322271,624,1.294117647,0.058823529,0.161764706,0.102941176,0.029411765,0.029411765,1.235294118,2.926470588,0.014705882,2.117647059,0.029411765,0.029411765,4.558823529,0.411764706,0.720588235,0.441176471,0.058823529,0.088235294,0.323529412,0,0.75,0.338235294,0.279411765,0.235294118,0.191176471,0.397058824,0.102941176,6.823529412,0.220588235,0.161764706,49992,68,0.636612991,0.957746479,0.62962963,1,28.954,10.84052531,8.360033615,-66.21916821,342.6029412,585.5441176,0.694444444,2,619,628,0,0,0
322271,625,1.395833333,0.083333333,0.645833333,0.09375,0.020833333,0.041666667,1.25,3.166666667,0.041666667,1.333333333,0.114583333,0.0625,4.53125,0.427083333,0.03125,0.53125,0.104166667,0.125,0.729166667,0.020833333,0.833333333,0.40625,0.854166667,0.385416667,0.25,0.885416667,0.125,9.510416667,0.208333333,0.145833333,50073,96,0.304308867,0.941176471,0.666666667,1,33.18,11.50257968,10.95705162,49.01969957,720.0208333,586.6979167,0,0,0,0,0,0,0
322271,626,0.864864865,0.099099099,0.288288288,0.054054054,0.081081081,0.072072072,1.333333333,1.972972973,0.045045045,1.153153153,0.099099099,0.036036036,4.234234234,0.351351351,0.063063063,0.342342342,0.036036036,0.099099099,0.567567568,0.009009009,0.693693694,0.45045045,0.423423423,0.234234234,0.126126126,0.936936937,0.117117117,7.135135135,0.18018018,0.099099099,50153,111,0.793418145,0.917355372,0.69375,1,38.622,15.38442692,9.364146279,7.797848468,67.52252252,589.3783784,0.020833333,1,620,0,0,0,0
322271,627,0.98245614,0.149122807,0.394736842,0.087719298,0.061403509,0.061403509,1.236842105,2.973684211,0.035087719,1.552631579,0.052631579,0.026315789,2.543859649,0.438596491,0.184210526,0.438596491,0.078947368,0.043859649,0.850877193,0.026315789,0.771929825,0.438596491,1.631578947,0.456140351,0.140350877,0.736842105,0.184210526,9.035087719,0.122807018,0.140350877,50233,114,0.590742491,0.966101695,0.730769231,1,35.231,13.47793692,10.87481027,54.00546718,416.754386,589.0438596,0,0,0,0,0,0,0
322271,628,1.697247706,0.165137615,0.275229358,0.036697248,0.055045872,0.064220183,1.100917431,3.651376147,0.064220183,1.605504587,0.04587156,0.018348624,3.76146789,0.339449541,0.119266055,0.596330275,0.055045872,0.146788991,0.596330275,0.009174312,0.706422018,0.394495413,0.431192661,0.302752294,0.165137615,0.513761468,0.146788991,8.357798165,0.266055046,0.137614679,50313,109,0.793084948,0.939655172,0.644970414,1,36.083,15.21790165,9.269391978,43.06826215,351.0366972,589.0091743,0.4375,2,619,624,0,0,0
322271,629,0.974137931,0.094827586,0.448275862,0.051724138,0.103448276,0.043103448,1.327586207,2.431034483,0.060344828,1.284482759,0.077586207,0.094827586,2.767241379,0.301724138,0.336206897,0.362068966,0.034482759,0.051724138,1.155172414,0.017241379,1.00862069,0.318965517,1.034482759,0.318965517,0.224137931,0.948275862,0.181034483,9.482758621,0.172413793,0.206896552,50393,116,0.284170456,0.950819672,0.743589744,1,36.157,12.50950258,11.99378302,-17.50749346,35.56034483,589.887931,0,0,0,0,0,0,0
322271,630,0.651785714,0.125,1.0625,0.071428571,0.098214286,0.080357143,1.080357143,3.25,0.089285714,1.598214286,0.107142857,0.053571429,2.9375,0.348214286,0.151785714,0.526785714,0.017857143,0.089285714,0.4375,0,0.696428571,0.473214286,3.508928571,0.375,0.214285714,0.803571429,0.160714286,12.09821429,0.196428571,0.169642857,50473,112,0.804429926,0.941176471,0.622222222,1,38.233,15.67892838,9.314029031,32.28867145,570.6428571,590.5535714,0,0,0,0,0,0,0
322271,631,1.247191011,0.056179775,0.382022472,0.078651685,0.08988764,0.06741573,1.280898876,2.04494382,0.04494382,1.06741573,0.06741573,0.04494382,6.449438202,0.426966292,0.134831461,0.595505618,0.06741573,0.08988764,0.797752809,0.02247191,0.685393258,0.449438202,0.730337079,0.337078652,0.303370787,0.696629213,0.134831461,8.730337079,0.191011236,0.101123596,50553,89,0.556744137,0.956989247,0.741666667,1,30.922,11.75889414,9.767925629,-13.45642515,18.69662921,592.5168539,0,0,0,0,0,0,0
322271,632,0.931034483,0.103448276,0.333333333,0.045977011,0.057471264,0.057471264,1.333333333,2.505747126,0.045977011,2.356321839,0.057471264,0.057471264,4.16091954,0.310344828,0.057471264,0.24137931,0.137931034,0.045977011,0.379310345,0.011494253,0.597701149,0.333333333,0.563218391,0.356321839,0.114942529,0.712643678,0.114942529,7.183908046,0.08045977,0.103448276,50633,87,0.272474676,0.956043956,0.719008264,1,30.277,10.8044727,10.39566337,23.82461365,263.045977,592.1034483,0,0,0,0,0,0,0
322271,633,3.324324324,0.198198198,0.378378378,0.171171171,0.117117117,0.063063063,1.774774775,2.036036036,0.072072072,0.684684685,0.045045045,0.135135135,14.76576577,0.504504505,1.009009009,0.477477477,0.072072072,0.297297297,1.504504505,0.063063063,0.702702703,0.486486486,0.45045045,0.216216216,0.45045045,1.072072072,0.207207207,5.783783784,0.387387387,0.243243243,50714,111,0.614911659,0.940677966,0.720779221,1,37.191,13.59797989,10.72331255,-11.9380233,518.2882883,588.4324324,0.645833333,2,639,644,0,0,0
322271,634,1.056818182,0.147727273,0.522727273,0.045454545,0.159090909,0.045454545,1.079545455,2.102272727,0.079545455,1.659090909,0.090909091,0.045454545,3.454545455,0.375,0.454545455,0.5,0.102272727,0.113636364,0.943181818,0.022727273,0.977272727,0.420454545,0.556818182,0.454545455,0.193181818,1.079545455,0.125,10.53409091,0.261363636,0.079545455,50794,88,0.495331364,0.956521739,0.733333333,1,30.368,11.42034336,9.920899275,0,432.5,593.5,0,0,0,0,0,0,0
322271,635,0.827956989,0.11827957,0.268817204,0.11827957,0.075268817,0.021505376,1.032258065,2.612903226,0.043010753,1.376344086,0.032258065,0.064516129,4.23655914,0.333333333,0.064516129,0.344086022,0.075268817,0.010752688,0.430107527,0.010752688,0.559139785,0.290322581,0.516129032,0.268817204,0.129032258,0.494623656,0.150537634,6.408602151,0.193548387,0.032258065,50874,93,0.495222615,0.948979592,0.704545455,1,31.683,11.7608376,10.21741718,69.60750676,689.0107527,593.3978495,0,0,0,0,0,0,0
322271,636,1.169491525,0.06779661,0.372881356,0.118644068,0.059322034,0.059322034,1.5,2.127118644,0.059322034,1.237288136,0.059322034,0.042372881,4.118644068,0.36440678,0.084745763,0.491525424,0.06779661,0.076271186,0.593220339,0.076271186,0.898305085,0.372881356,0.610169492,0.322033898,0.389830508,0.915254237,0.169491525,8.144067797,0.279661017,0.211864407,50954,118,0.698574691,0.951612903,0.715151515,1,36.645,14.57820245,10.43124531,-10.87323833,92.07627119,594.0338983,0.104166667,1,620,0,0,0,0
322271,637,1.2,0.155555556,0.511111111,0.088888889,0.044444444,0.144444444,2.811111111,2.455555556,0.044444444,1.355555556,0.077777778,0.055555556,10.03333333,0.6,0.122222222,0.5,0.044444444,0.155555556,0.577777778,0.011111111,0.955555556,0.366666667,0.744444444,0.444444444,0.633333333,1.3,0.244444444,9.377777778,0.3,0.122222222,51034,90,0.654779832,0.865384615,0.576923077,1,37.464,13.21120619,9.985289493,-87.24004204,480.3444444,593.0888889,1,3,623,642,645,0,0
322271,638,0.416666667,0.083333333,0.583333333,0.055555556,0.046296296,0.092592593,7.722222222,3.212962963,0.101851852,1.333333333,0.037037037,0.009259259,2.990740741,0.898148148,1.990740741,0.527777778,0.101851852,0.203703704,1.453703704,0,0.824074074,0.416666667,2.694444444,0.37962963,0.472222222,1.194444444,0.287037037,9.333333333,0.351851852,0.157407407,51114,108,0.849689306,0.87804878,0.553846154,1,40.838,16.60984382,8.758099636,-46.62005456,495.8333333,596.0092593,0.8,2,642,643,0,0,0
322271,639,1.625,0.25,0.2375,0.1375,0.125,0.025,4.1375,1.9875,0.1125,1.0625,0.1,0.075,7.025,0.475,0.625,0.5125,0.1125,0.1375,0.9125,0.025,0.7,0.5125,1.15,0.2875,0.375,1.1125,0.125,6.5375,0.45,0.075,51194,80,0.754869945,0.941176471,0.683760684,1,31.956,12.73475712,8.352402516,72.15223951,508.325,592.3,0.951219512,3,633,643,644,0,0
322271,640,0.871287129,0.079207921,0.653465347,0.089108911,0.069306931,0.099009901,0.98019802,2.485148515,0.02970297,1.128712871,0.069306931,0.04950495,2.069306931,0.386138614,0.069306931,0.425742574,0.099009901,0.059405941,0.603960396,0.069306931,0.603960396,0.287128713,0.514851485,0.415841584,0.297029703,0.801980198,0.198019802,7.821782178,0.227722772,0.188118812,51274,101,0.780573394,0.926605505,0.673333333,1,35.603,14.46525215,9.04171037,-2.236061106,779.7821782,593.6534653,0,0,0,0,0,0,0
322271,641,0.447058824,0.105882353,0.458823529,0.094117647,0.070588235,0.082352941,1.105882353,2.305882353,0.058823529,1.094117647,0.035294118,0.035294118,2.141176471,0.388235294,0.141176471,0.482352941,0.058823529,0.070588235,0.729411765,0.058823529,0.552941176,0.305882353,0.729411765,0.588235294,0.294117647,0.823529412,0.105882353,8.858823529,0.317647059,0.047058824,51354,85,0.582985211,0.944444444,0.708333333,1,30.641,11.64149906,9.458517348,-13.1075901,285.7411765,594.7294118,0.35,1,647,0,0,0,0
322271,642,0.616438356,0.150684932,0.438356164,0.150684932,0.054794521,0.109589041,3.602739726,2.301369863,0.054794521,1.356164384,0.04109589,0.054794521,2.479452055,0.630136986,0.287671233,0.273972603,0.054794521,0.123287671,1.109589041,0,0.657534247,0.630136986,1.136986301,0.369863014,0.315068493,1.082191781,0.082191781,8.328767123,0.301369863,0.095890411,51435,73,0.672057724,0.869047619,0.608333333,1,32.047,11.7556294,8.705029004,77.95411297,486.739726,596.8356164,0.825,4,623,637,638,645,0
322271,643,0.388235294,0.105882353,0.294117647,0.070588235,0.047058824,0.023529412,13.57647059,2.364705882,0.270588235,1.164705882,0.011764706,0.011764706,2.870588235,1.541176471,0.2,0.258823529,0.129411765,0.094117647,0.388235294,0,1.035294118,0.435294118,1.752941176,0.517647059,0.294117647,0.929411765,0.2,5.776470588,0.305882353,0.129411765,51515,85,0.866133333,0.732758621,0.472222222,1,42.244,16.79402636,8.393872944,-62.49890867,501.0352941,591.8705882,0.826923077,2,638,639,0,0,0
322271,644,1.785123967,0.148760331,0.429752066,0.107438017,0.05785124,0.074380165,1.553719008,2.438016529,0.082644628,1.280991736,0.115702479,0.066115702,5.67768595,0.429752066,1.760330579,0.404958678,0.099173554,0.214876033,1.909090909,0.008264463,0.876033058,0.495867769,0.429752066,0.404958678,0.41322314,1.190082645,0.165289256,7.223140496,0.314049587,0.165289256,51595,121,0.841478433,0.806666667,0.611111111,1,47.016,17.99753657,9.723901731,3.470371533,519.8760331,596.4132231,0.803571429,3,633,639,646,0,0
322271,645,1.022222222,0.122222222,0.444444444,0.111111111,0.1,0.055555556,1.644444444,2.466666667,0.055555556,1.844444444,0.144444444,0.044444444,5.277777778,0.455555556,1.511111111,0.477777778,0.066666667,0.111111111,1.277777778,0.011111111,1.077777778,0.455555556,0.577777778,0.4,0.444444444,1.3,0.188888889,10.72222222,0.244444444,0.188888889,51675,90,0.74941852,0.9375,0.629370629,1,34.007,13.44097016,8.899220389,-62.73058693,473.5888889,596.6333333,0.5,2,637,642,0,0,0
322271,646,1.313131313,0.171717172,0.707070707,0.141414141,0.04040404,0.050505051,1.161616162,1.878787879,0.080808081,1.323232323,0.131313131,0.03030303,9.858585859,0.363636364,0.151515152,0.454545455,0.131313131,0.151515152,0.747474747,0.04040404,0.656565657,0.404040404,0.565656566,0.262626263,0.353535354,1.212121212,0.222222222,7.535353535,0.212121212,0.080808081,51755,99,0.529092212,0.925233645,0.634615385,1,35.231,12.43328909,10.55044569,-50.95423635,531.0505051,600,0.681818182,2,644,649,0,0,0
322271,647,0.806451613,0.150537634,0.440860215,0.107526882,0.075268817,0.053763441,1.075268817,2.892473118,0.064516129,1.032258065,0.096774194,0.043010753,3.290322581,0.451612903,0.129032258,0.483870968,0.043010753,0.107526882,0.741935484,0.021505376,0.698924731,0.333333333,1.290322581,0.387096774,0.268817204,0.64516129,0.139784946,8.709677419,0.193548387,0.150537634,51835,93,0.607042434,0.958762887,0.65034965,1,32.717,12.3082339,9.780977063,-3.173450623,277.2580645,600.0860215,0.333333333,1,641,0,0,0,0
322271,648,0.614583333,0.104166667,0.614583333,0.072916667,0.104166667,0.072916667,1.291666667,2.34375,0.041666667,1.71875,0.03125,0.03125,3.34375,0.46875,0.0625,0.479166667,0.052083333,0.145833333,0.583333333,0,0.71875,0.239583333,0.864583333,0.416666667,0.135416667,0.90625,0.145833333,12.55208333,0.229166667,0.145833333,51915,96,0.283962091,0.941176471,0.727272727,1,32.419,11.37259854,10.90445129,-34.60587716,643.7083333,601.9375,0.317073171,1,650,0,0,0,0
322271,649,1.024193548,0.129032258,0.556451613,0.096774194,0.040322581,0.072580645,1.540322581,2.943548387,0.032258065,1.862903226,0.096774194,0.056451613,4.548387097,0.459677419,0.887096774,0.572580645,0.096774194,0.14516129,1.201612903,0.016129032,0.903225806,0.564516129,1.096774194,0.532258065,0.508064516,1.064516129,0.201612903,13,0.274193548,0.193548387,51995,124,0.561100549,0.925373134,0.738095238,1,38.762,13.96127593,11.55641336,-63.26473129,541.6290323,605.0887097,0.276595745,1,646,0,0,0,0
322271,650,0.591304348,0.104347826,0.513043478,0.052173913,0.017391304,0.12173913,1.252173913,2.72173913,0.060869565,1.947826087,0.017391304,0.034782609,3,0.486956522,0.356521739,0.452173913,0.043478261,0.113043478,0.573913043,0,0.565217391,0.47826087,0.486956522,0.234782609,0.226086957,0.904347826,0.095652174,9.582608696,0.156521739,0.130434783,52075,115,0.6839604,0.950413223,0.680473373,1,36.273,14.32803003,10.4525721,41.07489667,633.0173913,605.9478261,0.291666667,1,648,0,0,0,0
322271,651,0.705882353,0.166666667,0.529411765,0.117647059,0.039215686,0.058823529,1.284313725,3.509803922,0.088235294,1.764705882,0.107843137,0.009803922,3.470588235,0.637254902,0.166666667,0.441176471,0.049019608,0.068627451,0.490196078,0.009803922,0.764705882,0.401960784,0.519607843,0.264705882,0.166666667,0.784313725,0.137254902,10.44117647,0.156862745,0.176470588,52156,102,0.417541628,0.962264151,0.772727273,1,33.064,12.02621085,10.92771023,72.69651507,617.6568627,609.3529412,0,0,0,0,0,0,0
322271,652,0.705882353,0.129411765,0.447058824,0,0.047058824,0.035294118,1.258823529,2.4,0.082352941,1.176470588,0.058823529,0.058823529,2.164705882,0.411764706,0.011764706,0.364705882,0.047058824,0.047058824,0.458823529,0.011764706,0.505882353,0.235294118,1.6,0.258823529,0.176470588,0.941176471,0.117647059,9.011764706,0.211764706,0.094117647,52236,85,0.500669236,1,0.772727273,1,30.798,11.38503262,9.855324555,65.05878613,112.2,609.8823529,0.473684211,1,654,0,0,0,0
322271,653,1.818181818,0.151515152,0.424242424,0.04040404,0.050505051,0.03030303,1.141414141,2.474747475,0.01010101,1.484848485,0.060606061,0.04040404,4,0.363636364,0.02020202,0.363636364,0.02020202,0.04040404,0.393939394,0.03030303,0.898989899,0.444444444,0.484848485,0.505050505,0.262626263,0.636363636,0.202020202,8.060606061,0.121212121,0.121212121,52316,99,0.462135767,0.961165049,0.75,1,32.791,12.0083072,10.64907713,-12.08146759,721.7272727,610.1111111,0,0,0,0,0,0,0
322271,654,0.543103448,0.146551724,0.25862069,0.077586207,0.051724138,0.060344828,0.879310345,2.284482759,0.077586207,0.784482759,0.060344828,0.00862069,1.698275862,0.336206897,0.077586207,0.431034483,0.094827586,0.043103448,0.387931034,0.00862069,0.456896552,0.189655172,2.189655172,0.379310345,0.172413793,0.672413793,0.086206897,6.525862069,0.163793103,0.163793103,52396,116,0.781534655,0.878787879,0.644444444,1,39.796,15.8313406,9.87656912,-74.80849748,120.6034483,612.3189655,0.346938776,1,652,0,0,0,0
322271,655,1.630434783,0.152173913,0.326086957,0.054347826,0.043478261,0.065217391,1.195652174,3.326086957,0.054347826,1.815217391,0.032608696,0.054347826,2.608695652,0.456521739,0.086956522,0.380434783,0.054347826,0.010869565,0.402173913,0.010869565,0.619565217,0.391304348,0.52173913,0.239130435,0.260869565,0.72826087,0.130434783,8.358695652,0.260869565,0.206521739,52476,92,0.469143105,0.958333333,0.696969697,1,31.501,11.61935082,10.26130617,12.00085923,371.75,613.1413043,0,0,0,0,0,0,0
322271,657,2.355704698,0.167785235,0.422818792,0.11409396,0.040268456,0.11409396,2.946308725,2.194630872,0.073825503,0.973154362,0.067114094,0.073825503,9.899328859,0.516778523,1.348993289,0.44295302,0.053691275,0.315436242,1.77852349,0.026845638,0.657718121,0.523489933,0.765100671,0.416107383,0.879194631,1.046979866,0.174496644,9.100671141,0.228187919,0.10738255,52636,149,0.770005303,0.897590361,0.665178571,1,45.916,17.63767658,11.25349882,30.43773298,458.9597315,616.9597315,0,0,0,0,0,0,0
322271,658,0.991666667,0.058333333,0.533333333,0.066666667,0.1,0.033333333,1.208333333,2.975,0.1,1.583333333,0.041666667,0.041666667,4.841666667,0.45,0.075,0.516666667,0.075,0.1,0.575,0,0.908333333,0.433333333,0.658333333,0.441666667,0.233333333,0.783333333,0.1,10.15,0.308333333,0.166666667,52716,120,0.803826844,0.96,0.681818182,1,38.787,16.14557832,9.604412801,-24.28216556,592.7666667,618.7333333,0,0,0,0,0,0,0
322271,659,0.96039604,0.138613861,0.554455446,0.059405941,0.069306931,0.079207921,1.930693069,3.01980198,0.059405941,1.801980198,0.02970297,0.04950495,2.425742574,0.554455446,0.366336634,0.603960396,0.099009901,0.108910891,0.821782178,0.01980198,0.831683168,0.396039604,0.801980198,0.465346535,0.267326733,1.128712871,0.118811881,12.64356436,0.297029703,0.178217822,52797,101,0.541230531,0.943925234,0.647435897,1,33.941,12.46486561,10.48138458,41.55406847,188.980198,619.6930693,0,0,0,0,0,0,0
322271,661,1.335664336,0.202797203,0.41958042,0.06993007,0.083916084,0.090909091,1.195804196,3.783216783,0.006993007,2.237762238,0.153846154,0.062937063,6.167832168,0.475524476,0.125874126,0.454545455,0.034965035,0.097902098,0.328671329,0,0.86013986,0.440559441,0.692307692,0.426573427,0.202797203,0.461538462,0.125874126,9.629370629,0.230769231,0.167832168,52957,143,0.78768445,0.934640523,0.662037037,1,43.675,17.36563125,10.69859895,-8.011500553,670.7762238,619.0559441,0.214285714,1,668,0,0,0,0
322271,662,0.27826087,0.139130435,0.591304348,0.095652174,0.086956522,0.095652174,1.243478261,2.573913043,0.069565217,1.991304348,0.130434783,0.026086957,2.582608696,0.460869565,0.095652174,0.417391304,0.052173913,0.060869565,0.739130435,0,0.782608696,0.634782609,3.582608696,0.547826087,0.217391304,0.991304348,0.130434783,10.15652174,0.208695652,0.217391304,53037,115,0.198358964,0.927419355,0.680473373,1,37.009,12.3573867,12.11183852,-73.00777632,31.85217391,622.1217391,0,0,0,0,0,0,0
322271,663,1.554794521,0.130136986,0.506849315,0.109589041,0.082191781,0.047945205,11.73287671,3,0.212328767,0.849315068,0.150684932,0.068493151,7.232876712,0.767123288,0.349315068,0.671232877,0.089041096,0.123287671,0.97260274,0.01369863,0.753424658,0.431506849,2.438356164,0.417808219,0.45890411,1.116438356,0.178082192,10.12328767,0.246575342,0.095890411,53117,146,0.659565966,0.954248366,0.760416667,1,41.21,15.85992392,11.92105922,-8.120889889,692.6506849,623.130137,0,0,0,0,0,0,0
322271,664,0.674418605,0.162790698,0.738372093,0.081395349,0.075581395,0.063953488,1.313953488,3,0.052325581,1.069767442,0.13372093,0.023255814,1.959302326,0.406976744,0.406976744,0.558139535,0.087209302,0.040697674,0.930232558,0.029069767,0.668604651,0.412790698,1.98255814,0.401162791,0.197674419,1.069767442,0.261627907,11.73837209,0.279069767,0.122093023,53197,172,0.78527996,0.945054945,0.674509804,1,46.842,18.96681649,11.74313076,-54.46413433,78.26744186,625.1976744,0,0,0,0,0,0,0
322271,665,1.074074074,0.157407407,0.361111111,0.111111111,0.111111111,0.092592593,1.055555556,2.712962963,0.018518519,2.314814815,0.037037037,0.018518519,2.740740741,0.490740741,0.074074074,0.425925926,0.055555556,0.175925926,0.537037037,0.037037037,0.842592593,0.444444444,0.675925926,0.509259259,0.148148148,0.777777778,0.203703704,9.416666667,0.212962963,0.212962963,53277,108,0.693236963,0.955752212,0.771428571,1,34.842,13.88414973,10.00644179,7.135510222,304.4351852,624.7037037,0,0,0,0,0,0,0
322271,666,1.425925926,0.175925926,0.388888889,0.083333333,0.111111111,0.101851852,1.231481481,3.194444444,0.092592593,2,0.046296296,0.018518519,5.046296296,0.388888889,0.064814815,0.472222222,0.083333333,0.092592593,0.546296296,0.018518519,0.694444444,0.37037037,0.592592593,0.37962963,0.305555556,0.592592593,0.138888889,9.611111111,0.185185185,0.138888889,53357,108,0.697919399,0.947368421,0.692307692,1,35.512,13.98897223,10.01857056,-33.30943491,536.8981481,626.9351852,0,0,0,0,0,0,0
322271,667,0.977272727,0.147727273,0.375,0.125,0.102272727,0.102272727,1.272727273,3.625,0.079545455,2.329545455,0.034090909,0.045454545,3.090909091,0.238636364,0.204545455,0.454545455,0.102272727,0.022727273,0.693181818,0.011363636,0.943181818,0.5,1.022727273,0.340909091,0.056818182,0.613636364,0.068181818,9.079545455,0.193181818,0.318181818,53437,88,0.52637878,0.956521739,0.666666667,1,30.947,11.58560267,9.850660832,-22.3739573,740.5909091,626,0,0,0,0,0,0,0
322271,668,1.151260504,0.159663866,0.336134454,0.117647059,0.092436975,0.025210084,1.176470588,2.756302521,0.042016807,1.176470588,0.12605042,0.050420168,9.672268908,0.445378151,0.31092437,0.386554622,0.084033613,0.058823529,0.68907563,0.008403361,0.941176471,0.226890756,1.210084034,0.394957983,0.210084034,1.058823529,0.12605042,9.596638655,0.218487395,0.168067227,53518,119,0.651640763,0.952,0.704142012,1,36.918,14.22271897,10.78832672,36.44226347,661.9159664,628.5714286,0.234042553,1,661,0,0,0,0
322271,669,0.614035088,0.114035088,0.429824561,0.096491228,0.078947368,0.061403509,0.780701754,1.859649123,0.01754386,1.271929825,0.035087719,0.070175439,1.771929825,0.307017544,1.298245614,0.315789474,0.052631579,0.026315789,1.149122807,0,0.578947368,0.166666667,0.377192982,0.263157895,0.201754386,0.561403509,0.114035088,6.412280702,0.210526316,0.114035088,53598,114,0.798082307,0.93442623,0.647727273,1,37.952,15.6277424,9.416471915,16.38457387,722.4736842,628.8508772,0.063829787,1,676,0,0,0,0
322271,670,0.947368421,0.072368421,0.414473684,0.065789474,0.078947368,0.052631579,1.631578947,3.098684211,0.078947368,1.460526316,0.105263158,0.032894737,3.032894737,0.381578947,0.184210526,0.421052632,0.065789474,0.111842105,0.618421053,0.006578947,0.796052632,0.388157895,0.690789474,0.421052632,0.177631579,0.861842105,0.125,10.23026316,0.217105263,0.085526316,53678,152,0.844280541,0.894117647,0.666666667,1,46.834,19.48568772,10.44240837,5.444214278,142.2105263,631.2763158,0.327586207,1,675,0,0,0,0
322271,671,0.435114504,0.122137405,0.396946565,0.053435115,0.038167939,0.06870229,1.106870229,3.893129771,0.022900763,1.748091603,0.061068702,0.015267176,2.145038168,0.427480916,0.030534351,0.427480916,0.045801527,0.076335878,0.335877863,0,0.748091603,0.305343511,0.748091603,0.557251908,0.145038168,0.732824427,0.167938931,10.21374046,0.167938931,0.20610687,53758,131,0.567680662,0.929078014,0.671794872,1,39.366,14.3764802,11.83542076,-62.73872455,642.9312977,631.6717557,0,0,0,0,0,0,0
322271,672,0.631067961,0.155339806,0.757281553,0.038834951,0.058252427,0.048543689,1.233009709,2.466019417,0.038834951,1.388349515,0.116504854,0.058252427,1.86407767,0.504854369,0.067961165,0.669902913,0.067961165,0.048543689,0.533980583,0.019417476,0.883495146,0.485436893,2.699029126,0.504854369,0.087378641,0.786407767,0.145631068,10.21359223,0.223300971,0.116504854,53838,103,0.399331093,0.962616822,0.78030303,1,32.973,12.0107184,11.0115081,16.42516568,327.6213592,633.8932039,0,0,0,0,0,0,0
322271,673,0.582524272,0.155339806,0.466019417,0.106796117,0.058252427,0.097087379,1.40776699,3.203883495,0.019417476,1.45631068,0.126213592,0.077669903,2.631067961,0.427184466,0.116504854,0.252427184,0.048543689,0.067961165,0.893203883,0.029126214,0.601941748,0.368932039,1.27184466,0.504854369,0.262135922,0.54368932,0.13592233,9.747572816,0.233009709,0.13592233,53918,103,0.737404803,0.962616822,0.817460317,1,34.263,14.00213076,9.457754288,-3.196053149,396.3495146,634.0776699,0.238095238,1,677,0,0,0,0
322271,674,1.666666667,0.181818182,0.5,0.095959596,0.101010101,0.070707071,8.54040404,3.686868687,0.156565657,1.580808081,0.161616162,0.070707071,11.75757576,1.323232323,0.171717172,0.666666667,0.090909091,0.121212121,0.555555556,0.035353535,1.181818182,0.5,2.247474747,0.449494949,0.348484848,1.085858586,0.166666667,9.974747475,0.358585859,0.171717172,53998,198,0.631413445,0.929577465,0.727941176,1,50.878,18.271612,14.16865507,40.2638134,614.4444444,637.6969697,0,0,0,0,0,0,0
322271,676,0.791666667,0.075,0.425,0.075,0.091666667,0.066666667,1.116666667,2.766666667,0.1,1.9,0.091666667,0.033333333,3.666666667,0.375,0.283333333,0.416666667,0.091666667,0.1,0.716666667,0.025,0.616666667,0.383333333,0.658333333,0.341666667,0.233333333,0.658333333,0.141666667,7.616666667,0.158333333,0.175,54159,120,0.341191453,0.930232558,0.612244898,1,38.349,12.92959434,12.15373885,38.60236183,728.6583333,640.1666667,0.06,1,669,0,0,0,0
322271,677,0.821052632,0.084210526,0.873684211,0.052631579,0.042105263,0.031578947,1.168421053,2.947368421,0.031578947,1.347368421,0.063157895,0.052631579,2.778947368,0.347368421,0.094736842,0.410526316,0.063157895,0.105263158,0.768421053,0.052631579,0.8,0.347368421,4.073684211,0.389473684,0.126315789,0.957894737,0.094736842,11.88421053,0.284210526,0.147368421,54239,95,0.522069743,0.95959596,0.71969697,1,32.237,11.99985436,10.23470936,-21.71662573,386.5789474,640.2526316,0.285714286,1,673,0,0,0,0
322271,678,1.5,0.260416667,0.5,0.09375,0.0625,0.03125,1.697916667,3,0.104166667,2,0.083333333,0.083333333,6.385416667,0.447916667,0.229166667,0.625,0.083333333,0.15625,0.979166667,0,0.9375,0.583333333,0.6875,0.447916667,0.302083333,0.822916667,0.229166667,11.23958333,0.270833333,0.125,54319,96,0.677484466,0.941176471,0.685714286,1,34.379,13.05752252,9.604292008,17.62247957,582.3541667,640.0729167,0,0,0,0,0,0,0
322271,679,1.026315789,0.149122807,0.429824561,0.052631579,0.078947368,0.070175439,1.596491228,2.429824561,0.01754386,1.245614035,0.043859649,0.01754386,3.877192982,0.403508772,0.184210526,0.298245614,0.052631579,0.096491228,0.666666667,0.052631579,0.640350877,0.333333333,0.771929825,0.315789474,0.140350877,1,0.096491228,8.903508772,0.210526316,0.210526316,54399,114,0.613053962,0.93442623,0.678571429,1,36.364,13.68065179,10.80827632,-9.675571975,95.29824561,640.6754386,0,0,0,0,0,0,0
322271,680,0.915492958,0.154929577,0.253521127,0.098591549,0.056338028,0.056338028,1.056338028,2.309859155,0.014084507,1.507042254,0.042253521,0.042253521,3.338028169,0.267605634,0.394366197,0.211267606,0.084507042,0.070422535,0.323943662,0,0.85915493,0.338028169,0.309859155,0.478873239,0.112676056,0.746478873,0.112676056,7.338028169,0.211267606,0.112676056,54479,71,0.712148478,0.898734177,0.537878788,1,31.584,11.88654005,8.344694374,-27.38693479,207.943662,641.7183099,0.552631579,1,687,0,0,0,0
322271,681,1.298076923,0.173076923,0.346153846,0.125,0.038461538,0.048076923,1.192307692,3.125,0.096153846,2.038461538,0.067307692,0.028846154,4.278846154,0.384615385,0.125,0.538461538,0.028846154,0.086538462,0.538461538,0.009615385,0.663461538,0.394230769,0.509615385,0.384615385,0.240384615,0.644230769,0.096153846,9.730769231,0.153846154,0.076923077,54559,104,0.319521327,0.95412844,0.787878788,1,33.527,11.88106326,11.25824705,-12.87352328,767.1634615,642.0384615,0.071428571,1,683,0,0,0,0
322271,682,0.966101695,0.084745763,0.423728814,0.076271186,0.101694915,0.093220339,1.13559322,2.559322034,0.008474576,1.016949153,0.025423729,0.076271186,4.974576271,0.5,0.169491525,0.288135593,0.059322034,0.050847458,0.703389831,0.016949153,0.711864407,0.406779661,0.542372881,0.372881356,0.161016949,0.771186441,0.127118644,9.076271186,0.169491525,0.144067797,54639,118,0.742100613,0.951612903,0.715151515,1,37.472,15.08082084,10.10850085,-16.21239422,660.5169492,644.6779661,0,0,0,0,0,0,0
322271,683,1.330275229,0.174311927,0.366972477,0.082568807,0.036697248,0.055045872,1.064220183,3.311926606,0.055045872,2,0.036697248,0.036697248,4.440366972,0.376146789,0.660550459,0.330275229,0.027522936,0.091743119,0.431192661,0.027522936,0.697247706,0.256880734,0.568807339,0.330275229,0.211009174,0.614678899,0.100917431,8.642201835,0.165137615,0.201834862,54719,109,0.748351352,0.931623932,0.660606061,1,36.943,14.59548394,9.681221511,15.19581597,751.8165138,643.7706422,0.020833333,1,681,0,0,0,0
322271,684,0.759493671,0.113924051,0.53164557,0.063291139,0.050632911,0.012658228,0.987341772,2.329113924,0.063291139,1.35443038,0.025316456,0.088607595,3.443037975,0.379746835,0.139240506,0.518987342,0.063291139,0.075949367,0.481012658,0.025316456,0.746835443,0.392405063,1,0.481012658,0.316455696,0.683544304,0.189873418,9.632911392,0.215189873,0.126582278,54799,79,0.79755647,0.887640449,0.607692308,1,32.783,13.23833158,7.985947976,-37.03128389,516.6835443,644.0253165,0.512195122,1,685,0,0,0,0
322271,685,0.568421053,0.084210526,0.810526316,0.084210526,0.063157895,0.073684211,1.2,2.452631579,0.031578947,1.442105263,0.021052632,0.052631579,2.368421053,0.473684211,0.326315789,0.4,0.073684211,0.073684211,0.894736842,0.031578947,0.926315789,0.494736842,0.915789474,0.389473684,0.147368421,0.915789474,0.115789474,10.87368421,0.252631579,0.263157895,54880,95,0.696225538,0.931372549,0.616883117,1,35.413,13.34983134,9.582817292,-24.71465706,509.6105263,647.5894737,0.444444444,1,684,0,0,0,0
322271,686,1.412844037,0.165137615,0.339449541,0.064220183,0.082568807,0.073394495,2.495412844,2.440366972,0.055045872,1.073394495,0.055045872,0.027522936,8.596330275,0.366972477,0.467889908,0.47706422,0.04587156,0.082568807,1.073394495,0.018348624,0.844036697,0.174311927,0.642201835,0.339449541,0.293577982,0.816513761,0.137614679,8.577981651,0.211009174,0.055045872,54960,109,0.571253701,0.939655172,0.698717949,1,34.685,13.08852662,10.74271637,29.80193773,71.89908257,648.5229358,0,0,0,0,0,0,0
322271,687,1.112676056,0.105633803,0.528169014,0.098591549,0.091549296,0.028169014,1.464788732,2.457746479,0.070422535,1.514084507,0.035211268,0.021126761,3.345070423,0.401408451,0.218309859,0.330985915,0.063380282,0.105633803,0.521126761,0.014084507,0.753521127,0.225352113,0.471830986,0.471830986,0.23943662,0.774647887,0.126760563,8.661971831,0.211267606,0.098591549,55040,142,0.402992681,0.940397351,0.676190476,1,41.872,14.27528218,13.06478394,12.85983615,205.1126761,650.2957746,0.615384615,2,680,692,0,0,0
322271,688,1,0.291666667,0.375,0.09375,0.052083333,0.114583333,1.927083333,2.697916667,0.052083333,1.770833333,0.072916667,0.072916667,3.395833333,0.364583333,0.104166667,0.260416667,0.0625,0.09375,0.5625,0,0.875,0.375,0.447916667,0.4375,0.260416667,0.927083333,0.145833333,8.8125,0.208333333,0.125,55120,96,0.607267472,0.941176471,0.671328671,1,33.726,12.56672965,9.984234816,-16.83129581,239.6354167,650.28125,0.428571429,1,693,0,0,0,0
322271,689,0.798076923,0.134615385,0.663461538,0.115384615,0.067307692,0.028846154,6.259615385,2.221153846,0.019230769,1.105769231,0.086538462,0.038461538,3.403846154,0.375,0.480769231,0.538461538,0.115384615,0.125,0.673076923,0.009615385,0.701923077,0.586538462,0.759615385,0.394230769,0.288461538,1.173076923,0.192307692,11.25961538,0.269230769,0.134615385,55200,104,0.781327818,0.95412844,0.619047619,1,35.347,14.68391272,9.164536159,34.60576568,706.3269231,651.5865385,0,0,0,0,0,0,0
322271,690,0.815217391,0.22826087,0.510869565,0.054347826,0.032608696,0.086956522,1.72826087,2.880434783,0.086956522,2.010869565,0.043478261,0.054347826,2.902173913,0.369565217,0.206521739,0.380434783,0.163043478,0.108695652,0.380434783,0.010869565,1.195652174,0.586956522,0.880434783,0.489130435,0.141304348,0.989130435,0.119565217,9.413043478,0.206521739,0.086956522,55280,92,0.475111311,0.948453608,0.696969697,1,31.501,11.6309209,10.23434624,-61.53810383,118.8043478,651.5869565,0,0,0,0,0,0,0
322271,691,0.941935484,0.109677419,0.425806452,0.090322581,0.077419355,0.070967742,1.341935484,2.587096774,0.058064516,1.44516129,0.096774194,0.019354839,2.877419355,0.419354839,0.374193548,0.380645161,0.116129032,0.083870968,0.858064516,0.006451613,1.058064516,0.393548387,0.619354839,0.367741935,0.161290323,0.787096774,0.187096774,10.12258065,0.264516129,0.148387097,55360,155,0.717570022,0.950920245,0.701357466,1,44.502,16.98460928,11.82954886,27.24370328,168.1354839,652.5548387,0,0,0,0,0,0,0
322271,692,0.87,0.21,0.41,0.09,0.03,0.08,1.24,2.22,0.03,1.38,0.07,0.03,2.72,0.39,0.09,0.38,0.04,0.1,1,0.06,0.85,0.32,0.45,0.32,0.24,1,0.13,6.37,0.16,0.22,55440,100,0.576909195,0.952380952,0.699300699,1,33.18,12.5733571,10.2700223,-20.45561164,193.62,655.36,0.558139535,2,687,701,0,0,0
322271,693,1.02247191,0.112359551,0.325842697,0.123595506,0.056179775,0.033707865,1.865168539,2.696629213,0.08988764,1.179775281,0.056179775,0.033707865,4.123595506,0.359550562,0.146067416,0.303370787,0.101123596,0.06741573,0.617977528,0,0.831460674,0.224719101,0.629213483,0.235955056,0.449438202,0.696629213,0.179775281,9.842696629,0.112359551,0.134831461,55520,89,0.727353533,0.946808511,0.674242424,1,32.047,12.99797886,8.920031324,-34.92005595,233.4044944,656.1011236,0.428571429,1,688,0,0,0,0
322271,694,0.629032258,0.137096774,0.5,0.056451613,0.10483871,0.088709677,1.274193548,2.112903226,0.056451613,1.75,0.056451613,0,2.274193548,0.282258065,0.435483871,0.35483871,0.048387097,0.064516129,0.637096774,0.016129032,0.846774194,0.362903226,0.532258065,0.330645161,0.161290323,0.629032258,0.161290323,7.911290323,0.258064516,0.137096774,55601,124,0.642337086,0.953846154,0.688888889,1,37.497,14.44259527,11.06912639,13.02537845,305.9274194,655.2822581,0,0,0,0,0,0,0
322271,695,0.947916667,0.208333333,0.583333333,0.125,0.114583333,0.0625,4.854166667,2.1875,0.0625,1.041666667,0.1875,0.03125,3.427083333,0.791666667,0.1875,0.5625,0.083333333,0.114583333,1.197916667,0.041666667,0.739583333,0.416666667,0.739583333,0.458333333,0.208333333,1.635416667,0.15625,11.21875,0.3125,0.104166667,55681,96,0.690031109,0.941176471,0.738461538,1,33.825,13.10807479,9.487358567,19.17001924,723.25,659.6770833,0,0,0,0,0,0,0
322271,696,1.363636364,0.109090909,0.245454545,0.127272727,0.072727273,0.036363636,1.518181818,2.436363636,0.045454545,1.618181818,0.036363636,0.054545455,8.509090909,0.354545455,0.281818182,0.327272727,0.127272727,0.1,0.718181818,0.027272727,0.718181818,0.409090909,0.536363636,0.345454545,0.209090909,0.581818182,0.090909091,8.527272727,0.190909091,0.163636364,55761,110,0.260561768,0.973451327,0.705128205,1,34.768,12.16019436,11.74014695,8.595751825,20.1,662.0181818,0.282608696,1,707,0,0,0,0
322271,697,0.981308411,0.168224299,0.61682243,0.112149533,0.074766355,0.056074766,1.476635514,2.710280374,0.08411215,1.672897196,0.056074766,0.009345794,2.775700935,0.495327103,0.962616822,0.663551402,0.028037383,0.130841121,1.14953271,0.028037383,0.943925234,0.327102804,1.53271028,0.373831776,0.205607477,0.906542056,0.252336449,9.504672897,0.224299065,0.177570093,55841,107,0.604302582,0.946902655,0.685897436,1,34.776,13.20296723,10.51952898,24.80877074,180.3364486,662.4205607,0.173913043,1,701,0,0,0,0
322271,698,0.788461538,0.086538462,0.576923077,0.038461538,0.057692308,0.038461538,0.942307692,2.980769231,0.009615385,1.576923077,0.067307692,0.067307692,3.75,0.461538462,0.057692308,0.451923077,0.067307692,0.067307692,0.461538462,0,0.634615385,0.298076923,0.625,0.423076923,0.144230769,0.759615385,0.096153846,9.519230769,0.144230769,0.211538462,55921,104,0.791413852,0.881355932,0.63030303,1,38.117,15.27045928,9.334537285,-26.44562183,438.0480769,663.4903846,0.446808511,1,704,0,0,0,0
322271,699,0.945736434,0.170542636,0.426356589,0.093023256,0.124031008,0.085271318,0.891472868,2.589147287,0.046511628,1.472868217,0.07751938,0.007751938,4.100775194,0.271317829,0.434108527,0.364341085,0.100775194,0.023255814,0.527131783,0.015503876,0.643410853,0.325581395,0.728682171,0.449612403,0.178294574,0.775193798,0.162790698,8.263565891,0.162790698,0.178294574,56001,129,0.706051984,0.962686567,0.716666667,1,38.514,15.31828388,10.84779602,65.38814936,578.8372093,662.1860465,0,0,0,0,0,0,0
322271,700,0.586956522,0.119565217,0.456521739,0.065217391,0.076086957,0.086956522,1.369565217,3.010869565,0.043478261,2.010869565,0.076086957,0.032608696,2.619565217,0.413043478,0.097826087,0.47826087,0.054347826,0.065217391,0.489130435,0.010869565,0.804347826,0.369565217,0.467391304,0.47826087,0.217391304,0.760869565,0.173913043,9.22826087,0.184782609,0.097826087,56081,92,0.647323869,0.948453608,0.707692308,1,31.956,12.48331925,9.514974016,-8.014392268,751.7065217,663.7717391,0.414634146,1,710,0,0,0,0
322271,701,0.544554455,0.178217822,0.574257426,0.108910891,0.069306931,0.108910891,1.603960396,2.237623762,0.03960396,1.99009901,0.059405941,0.079207921,3.138613861,0.435643564,0.059405941,0.297029703,0.108910891,0.069306931,0.99009901,0.03960396,0.900990099,0.386138614,0.693069307,0.326732673,0.316831683,0.95049505,0.079207921,9.574257426,0.227722772,0.178217822,56161,101,0.701857954,0.935185185,0.721428571,1,34.015,13.52838029,9.636494358,3.336865889,193.4455446,665.6237624,0.409090909,2,692,697,0,0,0
322271,702,0.936170213,0.127659574,0.680851064,0.053191489,0.063829787,0.063829787,1.180851064,2.978723404,0.074468085,1.329787234,0.117021277,0.021276596,3.70212766,0.414893617,0.117021277,0.425531915,0.053191489,0.074468085,0.510638298,0.010638298,0.64893617,0.382978723,0.70212766,0.542553191,0.117021277,0.606382979,0.180851064,10.4893617,0.191489362,0.138297872,56242,94,0.757814165,0.903846154,0.671428571,1,34.652,13.85846721,9.042240372,0.415784782,554.1276596,665.8085106,0.357142857,2,711,718,0,0,0
322271,703,1.535353535,0.101010101,0.424242424,0.04040404,0.060606061,0.050505051,1.474747475,2.727272727,0.090909091,1.080808081,0.101010101,0.04040404,9.525252525,0.515151515,0.232323232,0.484848485,0.03030303,0.060606061,0.606060606,0.080808081,0.868686869,0.343434343,0.646464646,0.434343434,0.232323232,0.727272727,0.212121212,9.717171717,0.212121212,0.171717172,56322,99,0.582678312,0.942857143,0.6875,1,33.461,12.55249106,10.20144574,-37.47043131,285.5757576,666.7575758,0,0,0,0,0,0,0
322271,704,0.695121951,0.195121951,0.5,0.048780488,0.12195122,0.073170732,1.012195122,3.56097561,0.06097561,0.975609756,0.024390244,0,2.268292683,0.402439024,0.109756098,0.426829268,0.048780488,0.036585366,0.353658537,0,0.597560976,0.256097561,0.658536585,0.487804878,0.170731707,0.707317073,0.097560976,10.97560976,0.329268293,0.207317073,56402,82,0.680289387,0.931818182,0.700854701,1,31.286,12.10193165,8.870033586,-8.373898025,431.5365854,668.3170732,0.512820513,1,698,0,0,0,0
322271,706,0.72815534,0.067961165,0.310679612,0.145631068,0.077669903,0.058252427,1.242718447,2.13592233,0.038834951,1.524271845,0.067961165,0.058252427,2.883495146,0.67961165,0.106796117,0.427184466,0.067961165,0.077669903,0.485436893,0.019417476,0.834951456,0.32038835,0.757281553,0.398058252,0.13592233,0.611650485,0.087378641,8.912621359,0.242718447,0.155339806,56562,103,0.562884683,0.953703704,0.72027972,1,33.825,12.66587492,10.4687945,-3.353329326,300.9029126,669.3106796,0,0,0,0,0,0,0
322271,707,1.428571429,0.142857143,0.307692308,0.131868132,0.043956044,0.032967033,3.021978022,2.835164835,0.043956044,0.978021978,0.10989011,0.054945055,11.6043956,0.461538462,0.637362637,0.351648352,0.054945055,0.054945055,0.516483516,0.021978022,0.648351648,0.274725275,0.934065934,0.428571429,0.351648352,0.604395604,0.153846154,8.813186813,0.131868132,0.142857143,56642,91,0.599777609,0.947916667,0.752066116,1,32.204,12.22044465,9.778393414,32.20684285,27.7032967,669.6373626,0.775,2,696,717,0,0,0
322271,708,0.565656566,0.121212121,0.252525253,0.050505051,0.101010101,0.04040404,1.272727273,2.313131313,0.04040404,1.202020202,0.04040404,0.03030303,3.949494949,0.292929293,0.101010101,0.393939394,0.070707071,0.080808081,0.505050505,0.03030303,0.868686869,0.303030303,2,0.393939394,0.242424242,0.828282828,0.070707071,8.95959596,0.191919192,0.151515152,56722,99,0.7597715,0.916666667,0.642857143,1,36.893,14.68775547,9.54983435,84.13895647,121.1717172,670.5454545,0.456521739,1,709,0,0,0,0
322271,710,1.794871795,0.115384615,0.448717949,0.102564103,0.115384615,0.076923077,1.333333333,2.294871795,0.012820513,1.012820513,0.051282051,0.025641026,5.756410256,0.525641026,2.858974359,0.525641026,0.051282051,0.128205128,1.820512821,0.038461538,0.807692308,0.41025641,0.717948718,0.320512821,0.782051282,1.179487179,0.141025641,10.1025641,0.064102564,0.166666667,56882,78,0.641646188,0.906976744,0.65,1,30.55,11.70711972,8.979369743,-13.39657199,746.9615385,670.6666667,0.475,2,700,712,0,0,0
322271,711,0.666666667,0.070175439,0.631578947,0.070175439,0.01754386,0.087719298,1.122807018,2.50877193,0.01754386,1.666666667,0.070175439,0.01754386,2.842105263,0.333333333,0.263157895,0.368421053,0,0.105263158,0.50877193,0.035087719,0.877192982,0.368421053,0.631578947,0.438596491,0.052631579,0.877192982,0.070175439,9.964912281,0.228070175,0.157894737,56963,57,0.713683372,0.982758621,0.74025974,1,26.018,10.50333901,7.357257554,0.949223003,552.5263158,672.5438596,0.967741935,2,702,718,0,0,0
322271,712,1.533333333,0.122222222,0.577777778,0.077777778,0.033333333,0.1,1.644444444,2.677777778,0.066666667,1.111111111,0.055555556,0.055555556,12.82222222,0.422222222,0.277777778,0.466666667,0.044444444,0.1,0.766666667,0.033333333,0.633333333,0.511111111,0.788888889,0.311111111,0.422222222,1.066666667,0.077777778,11.95555556,0.2,0.266666667,57043,90,0.425176939,0.957446809,0.681818182,1,31.311,11.33256314,10.25721909,-54.74394856,735.0444444,674.6111111,0.048780488,1,710,0,0,0,0
322271,713,0.503597122,0.136690647,0.597122302,0.107913669,0.129496403,0.107913669,1.597122302,2.194244604,0.079136691,1.35971223,0.079136691,0.035971223,1.899280576,0.410071942,0.064748201,0.467625899,0.079136691,0.100719424,0.647482014,0.014388489,0.820143885,0.45323741,3.071942446,0.402877698,0.194244604,0.956834532,0.151079137,9.820143885,0.302158273,0.143884892,57123,139,0.712430536,0.908496732,0.668269231,1,42.434,16.17957516,11.35389777,-26.25165116,258.381295,673.1151079,0.283018868,1,722,0,0,0,0
322271,714,0.943396226,0.150943396,0.367924528,0.08490566,0.075471698,0.056603774,1.075471698,2.981132075,0.056603774,1.933962264,0.103773585,0.056603774,3.745283019,0.547169811,1.509433962,0.405660377,0.009433962,0.122641509,0.70754717,0.028301887,1.132075472,0.377358491,0.669811321,0.452830189,0.264150943,0.735849057,0.169811321,10.43396226,0.264150943,0.150943396,57203,106,0.741289604,0.938053097,0.627218935,1,35.81,14.3048681,9.601217353,-45.15237324,533.6415094,675.3018868,0,0,0,0,0,0,0
322271,715,0.886792453,0.113207547,0.386792453,0.094339623,0.113207547,0.037735849,1.547169811,2.783018868,0.066037736,2.518867925,0.056603774,0.037735849,3.613207547,0.433962264,0.075471698,0.481132075,0.075471698,0.08490566,0.547169811,0.028301887,0.905660377,0.443396226,0.660377358,0.462264151,0.179245283,0.698113208,0.132075472,9.660377358,0.29245283,0.150943396,57283,106,0.616336521,0.938053097,0.736111111,1,34.933,13.26779654,10.44816269,48.9411606,13.28301887,676.5471698,0,0,0,0,0,0,0
322271,716,0.934065934,0.197802198,0.549450549,0.098901099,0.098901099,0.131868132,1.098901099,2.912087912,0.054945055,1.472527473,0.065934066,0.076923077,3.571428571,0.384615385,0.340659341,0.428571429,0.054945055,0.076923077,0.681318681,0.021978022,0.692307692,0.428571429,0.505494505,0.384615385,0.274725275,0.582417582,0.153846154,10.42857143,0.230769231,0.10989011,57363,91,0.635670863,0.947916667,0.7,1,31.774,12.33921974,9.525386568,9.840589385,515.2307692,675.7582418,0,0,0,0,0,0,0
322271,717,1.34,0.09,0.44,0.09,0.08,0.07,2.77,2.72,0.09,1.17,0.08,0.06,8.14,0.45,0.12,0.34,0.16,0.09,0.59,0.01,0.66,0.41,0.61,0.36,0.26,0.99,0.12,8.92,0.29,0.11,57443,100,0.46700539,0.892857143,0.694444444,1,37.836,12.58616905,11.12937623,34.56421038,29.76,678.13,0.717391304,2,707,719,0,0,0
322271,718,1.160493827,0.098765432,0.419753086,0.061728395,0.037037037,0.086419753,1.086419753,2.320987654,0.086419753,1.24691358,0.111111111,0.037037037,2.469135802,0.296296296,0.222222222,0.469135802,0.037037037,0.061728395,0.456790123,0.024691358,0.654320988,0.37037037,0.592592593,0.358024691,0.345679012,0.888888889,0.074074074,9.135802469,0.172839506,0.148148148,57523,81,0.751313012,0.89010989,0.623076923,1,32.419,12.99807563,8.578028367,16.94337081,556.7407407,677.8765432,0.452380952,2,702,711,0,0,0
322271,719,0.985915493,0.098591549,0.366197183,0,0.098591549,0.14084507,2.267605634,3.183098592,0.014084507,1.478873239,0.084507042,0.070422535,6.774647887,0.253521127,0.084507042,0.464788732,0.042253521,0.211267606,0.464788732,0,0.887323944,0.436619718,0.690140845,0.338028169,0.183098592,0.704225352,0.169014085,10.76056338,0.295774648,0.169014085,57604,71,0.747871233,0.855421687,0.546153846,1,33.155,12.37558494,8.215455591,79.17853415,38.01408451,678.0985915,0.975,4,717,720,721,726,0
322271,720,0.623529412,0.035294118,0.211764706,0.047058824,0.070588235,0.058823529,1.458823529,2.705882353,0,1.788235294,0.058823529,0.070588235,4.211764706,0.447058824,0.105882353,0.541176471,0.035294118,0.058823529,0.705882353,0.047058824,0.670588235,0.423529412,1.564705882,0.329411765,0.2,0.847058824,0.211764706,8.941176471,0.082352941,0.117647059,57684,85,0.748820489,0.934065934,0.594405594,1,32.808,13.0705739,8.662821757,-65.22076956,48.18823529,676.4588235,0.452380952,3,719,721,726,0,0
322271,721,1.368421053,0.052631579,0.368421053,0.105263158,0.131578947,0.052631579,1.736842105,3.394736842,0.026315789,1.657894737,0,0,5.684210526,0.447368421,0.026315789,0.236842105,0.052631579,0.052631579,0.578947368,0,0.894736842,0.342105263,0.789473684,0.447368421,0.263157895,0.947368421,0.157894737,9.868421053,0.184210526,0.131578947,57764,38,0.695778553,0.76,0.475,1,25.952,9.226232877,6.626800488,60.01288909,42.89473684,680.6578947,1,3,719,720,726,0,0
322271,722,0.466666667,0.1,1.133333333,0.211111111,0.111111111,0.122222222,2.555555556,1.6,0.055555556,0.811111111,0.133333333,0.022222222,1.522222222,0.555555556,0.077777778,0.433333333,0.066666667,0.066666667,1.077777778,0,0.6,0.566666667,6.7,0.466666667,0.244444444,1.2,0.222222222,10.35555556,0.288888889,0.2,57844,90,0.381276691,0.967741935,0.818181818,1,31.079,11.21324364,10.36620609,4.551497022,256.2555556,683.2666667,0.368421053,1,713,0,0,0,0
322271,723,0.872340426,0.14893617,0.475177305,0.078014184,0.056737589,0.078014184,1.191489362,1.453900709,0.021276596,1.226950355,0.106382979,0.021276596,3.191489362,0.368794326,0.397163121,0.24822695,0.056737589,0.106382979,0.921985816,0.021276596,1.042553191,0.475177305,0.709219858,0.368794326,0.234042553,0.723404255,0.113475177,5.24822695,0.226950355,0.113475177,57924,141,0.656069031,0.952702703,0.734375,1,41.235,15.60805351,11.77941181,-6.232398623,675.7801418,683.8297872,0.203703704,1,728,0,0,0,0
322271,724,0.829457364,0.201550388,0.674418605,0.131782946,0.07751938,0.062015504,1.387596899,2.837209302,0.054263566,1.418604651,0.062015504,0.007751938,2.798449612,0.341085271,0.108527132,0.604651163,0.03875969,0.100775194,0.496124031,0.015503876,0.705426357,0.310077519,1.379844961,0.457364341,0.325581395,0.953488372,0.131782946,12.4496124,0.403100775,0.201550388,58004,129,0.383980737,0.948529412,0.708791209,1,38.142,13.44847062,12.41752571,-85.97906427,500.0620155,683.620155,0,0,0,0,0,0,0
322271,725,0.98019802,0.108910891,0.287128713,0.148514851,0.03960396,0.02970297,1.356435644,2.97029703,0.02970297,1.811881188,0.108910891,0.02970297,4.089108911,0.415841584,0.059405941,0.475247525,0.118811881,0.108910891,0.534653465,0.00990099,0.544554455,0.287128713,0.396039604,0.415841584,0.158415842,0.623762376,0.118811881,7.544554455,0.168316832,0.089108911,58084,101,0.458458448,0.952830189,0.765151515,1,32.882,12.09575756,10.74969139,20.10221971,370.3267327,688.019802,0,0,0,0,0,0,0
322271,726,0.784090909,0.125,0.511363636,0.159090909,0.068181818,0.102272727,2.056818182,2,0.136363636,1.113636364,0.068181818,0.079545455,4.465909091,0.261363636,0.829545455,0.397727273,0.045454545,0.125,0.568181818,0.011363636,0.795454545,0.227272727,1.375,0.238636364,0.420454545,1.034090909,0.170454545,8.534090909,0.193181818,0.193181818,58164,88,0.515628139,0.956521739,0.733333333,1,30.823,11.50377531,9.856578229,-3.898039112,45.125,687.7159091,0.461538462,3,719,720,721,0,0
322271,727,2.885714286,0.114285714,0.4,0.085714286,0.123809524,0.066666667,3.380952381,2.952380952,0.133333333,1.39047619,0.114285714,0.095238095,13.13333333,0.504761905,0.19047619,0.685714286,0.019047619,0.295238095,0.619047619,0.028571429,0.714285714,0.371428571,0.752380952,0.495238095,0.676190476,1.057142857,0.152380952,10.37142857,0.295238095,0.171428571,58244,105,0.468951164,0.963302752,0.795454545,1,33.709,12.36843621,10.92410091,26.55417611,75.76190476,689.2285714,0,0,0,0,0,0,0
322271,728,1.057142857,0.133333333,0.333333333,0.047619048,0,0.047619048,0.914285714,2.752380952,0.047619048,1.39047619,0.057142857,0.047619048,5.133333333,0.514285714,0.180952381,0.361904762,0.076190476,0.028571429,0.361904762,0.00952381,0.6,0.333333333,0.466666667,0.333333333,0.19047619,0.695238095,0.123809524,7.352380952,0.180952381,0.133333333,58325,105,0.496832315,0.954545455,0.673076923,1,34.214,12.5510862,10.89241698,60.67991214,687.7619048,688.9619048,0.673913043,3,723,729,733,0,0
322271,729,1.425531915,0.138297872,0.382978723,0.085106383,0,0.063829787,1.329787234,2.946808511,0.074468085,1.308510638,0.063829787,0.010638298,4.106382979,0.478723404,0.117021277,0.393617021,0.010638298,0.042553191,0.510638298,0.010638298,0.744680851,0.35106383,0.638297872,0.361702128,0.35106383,0.840425532,0.180851064,9.255319149,0.244680851,0.127659574,58405,94,0.176053963,0.949494949,0.776859504,1,31.658,11.09412459,10.9208401,-73.13233758,701.0531915,690.7553191,0.35,2,728,733,0,0,0
322271,730,0.744680851,0.159574468,0.595744681,0.053191489,0.127659574,0.063829787,1.510638298,2.776595745,0.074468085,1.638297872,0.063829787,0.074468085,2.265957447,0.446808511,0.095744681,0.319148936,0.085106383,0.095744681,0.521276596,0.021276596,0.531914894,0.489361702,0.531914894,0.329787234,0.127659574,0.691489362,0.159574468,10.04255319,0.212765957,0.085106383,58485,94,0.518897603,0.959183673,0.783333333,1,31.658,11.89552631,10.16872893,0,728.5,690.7021277,0,0,0,0,0,0,0
322271,731,1.109090909,0.090909091,0.590909091,0.072727273,0.045454545,0.072727273,1.409090909,2.727272727,0.090909091,1.6,0.036363636,0.036363636,5.854545455,0.581818182,0.172727273,0.336363636,0.090909091,0.181818182,0.490909091,0.027272727,0.736363636,0.372727273,3.727272727,0.445454545,0.281818182,0.945454545,0.118181818,10.33636364,0.190909091,0.2,58565,110,0.546172586,0.956521739,0.769230769,1,34.933,13.026135,10.91163732,-15.19975977,275.5181818,692.2272727,0,0,0,0,0,0,0
322271,732,1.039215686,0.176470588,0.441176471,0.098039216,0.029411765,0.068627451,1.568627451,3.774509804,0.107843137,1.558823529,0.078431373,0.039215686,3.519607843,0.431372549,0.196078431,0.5,0.078431373,0.098039216,0.578431373,0.009803922,0.87254902,0.37254902,1.401960784,0.529411765,0.196078431,0.676470588,0.147058824,10.51960784,0.235294118,0.18627451,58645,102,0.608599277,0.971428571,0.772727273,1,34.164,12.92814614,10.25819615,27.19136814,512.8823529,692.7156863,0.43902439,1,740,0,0,0,0
322271,733,0.845070423,0.112676056,0.366197183,0.070422535,0.014084507,0.056338028,0.929577465,2.591549296,0.070422535,1.535211268,0.014084507,0,2.830985915,0.323943662,0.056338028,0.507042254,0.042253521,0.084507042,0.464788732,0.014084507,0.873239437,0.309859155,0.591549296,0.507042254,0.14084507,0.549295775,0.14084507,8.577464789,0.197183099,0.056338028,58725,71,0.678368617,0.8875,0.591666667,1,30.641,11.56725417,8.498712987,62.73313205,693.028169,695.6338028,0.923076923,3,728,729,750,0,0
322271,734,0.644859813,0.102803738,0.46728972,0.065420561,0.074766355,0.037383178,0.841121495,3,0.046728972,1.429906542,0.065420561,0.009345794,3.130841121,0.429906542,0.177570093,0.373831776,0.065420561,0.037383178,0.439252336,0.046728972,0.560747664,0.23364486,1.53271028,0.327102804,0.112149533,0.738317757,0.140186916,8.579439252,0.214953271,0.056074766,58805,107,0.788754846,0.930434783,0.713333333,1,36.736,15.09811627,9.280931234,-10.50395975,573,697.5327103,0,0,0,0,0,0,0
322271,735,0.676767677,0.202020202,0.393939394,0.090909091,0.03030303,0.03030303,1.090909091,2.727272727,0.060606061,1.222222222,0.060606061,0.04040404,2.919191919,0.313131313,0.181818182,0.434343434,0.060606061,0.060606061,0.444444444,0.02020202,0.595959596,0.232323232,0.707070707,0.323232323,0.272727273,0.616161616,0.080808081,8.121212121,0.313131313,0.101010101,58885,99,0.462135767,0.961165049,0.75,1,32.791,12.0083072,10.64907713,-12.08146759,464.7272727,698.1111111,0,0,0,0,0,0,0
322271,736,0.894736842,0.084210526,0.526315789,0.168421053,0.052631579,0.084210526,1.010526316,2.168421053,0.021052632,1.368421053,0.042105263,0.031578947,2.589473684,0.315789474,0.073684211,0.347368421,0.021052632,0.052631579,0.494736842,0.021052632,0.684210526,0.221052632,1.031578947,0.431578947,0.168421053,0.684210526,0.073684211,7.778947368,0.221052632,0.178947368,58965,95,0.447089869,0.931372549,0.71969697,1,33.064,11.71217791,10.47641481,20.92752127,716.2105263,698.3157895,0,0,0,0,0,0,0
322271,737,0.366666667,0.166666667,0.366666667,0.066666667,0.033333333,0.033333333,1.322222222,2.611111111,0.066666667,1.433333333,0.055555556,0.055555556,2.188888889,0.455555556,1.244444444,0.511111111,0.022222222,0.055555556,1.288888889,0,0.844444444,0.555555556,3.6,0.4,0.366666667,1.011111111,0.2,10.51111111,0.244444444,0.211111111,59046,90,0.47758511,0.947368421,0.681818182,1,32.328,11.52762773,10.12800646,72.74795009,213.2888889,699.0111111,0,0,0,0,0,0,0
322271,738,0.433333333,0.144444444,0.722222222,0.044444444,0.088888889,0.033333333,0.977777778,2.577777778,0.066666667,0.977777778,0.055555556,0.011111111,3.377777778,0.422222222,0.3,0.544444444,0.055555556,0.088888889,0.511111111,0.022222222,0.566666667,0.244444444,4.333333333,0.255555556,0.166666667,0.722222222,0.144444444,9.388888889,0.088888889,0.155555556,59126,90,0.832546087,0.891089109,0.666666667,1,36.728,14.79028572,8.193164352,-13.70297782,352.1444444,698.9777778,0.553191489,2,746,751,0,0,0
322271,739,0.810344828,0.129310345,0.49137931,0.051724138,0.068965517,0.094827586,1.163793103,2.905172414,0.060344828,1.043103448,0.086206897,0.077586207,3.448275862,0.379310345,0.146551724,0.560344828,0.017241379,0.137931034,0.663793103,0.043103448,0.586206897,0.387931034,3.577586207,0.370689655,0.137931034,1.120689655,0.112068966,9.155172414,0.25,0.137931034,59206,116,0.640306404,0.920634921,0.753246753,1,38.208,14.10022896,10.83066213,-0.121190315,46.75,701.0431034,0,0,0,0,0,0,0
322271,740,1.205607477,0.112149533,0.46728972,0.112149533,0.102803738,0.037383178,1.392523364,4.299065421,0.009345794,1.364485981,0.102803738,0.037383178,3.588785047,0.457943925,0.168224299,0.570093458,0.065420561,0.130841121,0.607476636,0.009345794,0.719626168,0.280373832,0.897196262,0.635514019,0.23364486,0.943925234,0.205607477,9.85046729,0.242990654,0.205607477,59286,107,0.829381061,0.87704918,0.594444444,1,38.969,15.98399884,8.929993593,26.96427207,511.7102804,701.7102804,0.387755102,1,732,0,0,0,0
322271,741,2.251968504,0.039370079,0.393700787,0.086614173,0.094488189,0.070866142,3.448818898,2.748031496,0.05511811,0.527559055,0.070866142,0.086614173,13.97637795,0.842519685,0.188976378,0.606299213,0.078740157,0.086614173,0.535433071,0.023622047,0.692913386,0.322834646,1.417322835,0.291338583,0.543307087,0.842519685,0.228346457,11.73228346,0.228346457,0.165354331,59366,127,0.765563748,0.913669065,0.661458333,1,40.954,16.17801315,10.40828728,-17.61834076,776.3622047,700.8425197,0,0,0,0,0,0,0
322271,742,0.876106195,0.088495575,0.362831858,0.044247788,0.044247788,0.017699115,1.097345133,3.14159292,0.017699115,2.548672566,0.079646018,0.044247788,3.584070796,0.407079646,0.247787611,0.522123894,0.03539823,0.061946903,0.592920354,0.008849558,0.849557522,0.389380531,0.690265487,0.575221239,0.221238938,0.805309735,0.123893805,12.22123894,0.256637168,0.194690265,59446,113,0.39340338,0.974137931,0.784722222,1,35.388,12.62466754,11.60668968,28.37776431,615.3893805,700.2920354,0.372093023,1,749,0,0,0,0
322271,743,0.917355372,0.157024793,0.429752066,0.090909091,0.099173554,0.066115702,1.223140496,2.776859504,0.041322314,2.041322314,0.05785124,0.05785124,2.818181818,0.520661157,0.462809917,0.380165289,0.090909091,0.05785124,0.801652893,0,0.752066116,0.462809917,0.752066116,0.330578512,0.173553719,0.669421488,0.223140496,8.743801653,0.280991736,0.165289256,59526,121,0.683324798,0.923664122,0.672222222,1,38.903,14.70697655,10.73777721,-12.37046655,742.0578512,702.0247934,0,0,0,0,0,0,0
322271,744,0.595744681,0.138297872,0.223404255,0.053191489,0.085106383,0.042553191,0.723404255,2.489361702,0.021276596,1.20212766,0.021276596,0.063829787,2.053191489,0.446808511,0.042553191,0.382978723,0.085106383,0.063829787,0.35106383,0.021276596,0.563829787,0.265957447,0.436170213,0.265957447,0.095744681,0.5,0.117021277,7.127659574,0.138297872,0.180851064,59606,94,0.65227985,0.930693069,0.657342657,1,33.271,12.69159413,9.619952061,-20.90150473,798.287234,701.6595745,0,0,0,0,0,0,0
322271,745,1.303030303,0.116161616,0.464646465,0.03030303,0.065656566,0.095959596,1.676767677,2.318181818,0.035353535,1.267676768,0.085858586,0.015151515,5.176767677,0.393939394,0.202020202,0.398989899,0.085858586,0.106060606,0.681818182,0.015151515,0.818181818,0.373737374,0.696969697,0.343434343,0.252525253,0.863636364,0.131313131,9.782828283,0.232323232,0.151515152,59687,198,0.58701983,0.961165049,0.7734375,1,48.314,17.79612415,14.40725366,39.0351839,289.0707071,702.7626263,0,0,0,0,0,0,0
322271,746,0.923076923,0.169230769,0.384615385,0.092307692,0.061538462,0.061538462,1.707692308,4.692307692,0.076923077,1.769230769,0.076923077,0.061538462,3.661538462,0.538461538,0.138461538,0.553846154,0.076923077,0.153846154,0.584615385,0,0.830769231,0.430769231,2.015384615,0.4,0.353846154,0.892307692,0.338461538,12.18461538,0.430769231,0.446153846,59767,65,0.362894041,0.78313253,0.537190083,1,34.768,10.47219605,9.758310748,65.20287333,347.0615385,704.5846154,0.833333333,2,738,751,0,0,0
322271,747,2.490797546,0.312883436,0.54601227,0.116564417,0.049079755,0.042944785,5.858895706,4.26993865,0.128834356,1.337423313,0.110429448,0.073619632,20.34969325,1.490797546,0.515337423,0.564417178,0.116564417,0.306748466,0.840490798,0.018404908,1.36809816,0.619631902,2.263803681,0.441717791,0.63803681,1.717791411,0.294478528,11.60122699,0.490797546,0.214723926,59847,163,0.718321946,0.942196532,0.646825397,1,46.925,17.58790769,12.23609815,-76.36962793,659.8895706,705.4110429,0.355932203,2,752,754,0,0,0
322271,748,1.076923077,0.215384615,0.661538462,0.061538462,0.061538462,0.030769231,1.384615385,1.969230769,0.015384615,1.707692308,0.030769231,0.061538462,5.046153846,0.446153846,0.138461538,0.323076923,0.061538462,0.076923077,0.815384615,0.030769231,0.8,0.307692308,0.707692308,0.261538462,0.2,1.015384615,0.076923077,9.215384615,0.215384615,0.076923077,59927,65,0.708286518,0.928571429,0.601851852,1,28.309,11.08448081,7.824812926,-23.16217465,408.9846154,705.5538462,0.527777778,2,753,759,0,0,0
322271,749,0.9125,0.1375,0.3625,0.075,0.15,0.0625,0.8,1.9625,0.1,1.425,0.0625,0.025,2.45,0.2625,0.075,0.425,0.05,0.1,0.6625,0.0125,0.9875,0.4875,0.5,0.4625,0.2625,0.9125,0.2375,8.475,0.2375,0.1125,60007,80,0.676869237,0.909090909,0.666666667,1,31.377,12.04627154,8.867299966,-3.158437527,614.3375,709.1375,0.657894737,2,742,762,0,0,0
322271,750,1.125,0.0546875,0.5390625,0.0546875,0.078125,0.1015625,1.3203125,2.9296875,0.0625,1.625,0.0859375,0.03125,4.546875,0.4375,2.234375,0.484375,0.078125,0.1015625,0.7421875,0.015625,0.8203125,0.4609375,3.3671875,0.3984375,0.28125,0.7578125,0.0703125,9.9609375,0.171875,0.1640625,60087,128,0.604106775,0.962406015,0.653061224,1,38.258,14.40780757,11.48163061,-46.22790132,695.875,707.484375,0.196078431,1,733,0,0,0,0
322271,751,0.759259259,0.092592593,0.731481481,0.018518519,0.064814815,0.074074074,0.916666667,2.324074074,0.027777778,1.064814815,0.111111111,0.055555556,4.638888889,0.462962963,0.12962963,0.416666667,0.018518519,0.046296296,0.574074074,0.018518519,0.787037037,0.453703704,4.111111111,0.305555556,0.212962963,1.12962963,0.157407407,11.83333333,0.166666667,0.166666667,60167,108,0.596596647,0.915254237,0.642857143,1,36.637,13.33631202,10.70294038,66.36413368,352.8611111,710.537037,0.47826087,2,738,746,0,0,0
322271,752,1.168421053,0.126315789,0.436842105,0.1,0.057894737,0.073684211,2.652631579,2.026315789,0.063157895,1.363157895,0.1,0.052631579,6.942105263,0.436842105,0.189473684,0.394736842,0.084210526,0.084210526,0.752631579,0.031578947,0.884210526,0.494736842,0.557894737,0.426315789,0.252631579,0.978947368,0.152631579,7.510526316,0.363157895,0.110526316,60247,190,0.749188685,0.833333333,0.666666667,1,58.9,20.28875035,13.43838845,68.07562591,673.3894737,712.0315789,0.416666667,2,747,754,0,0,0
322271,753,0.949494949,0.191919192,0.505050505,0.141414141,0.060606061,0.04040404,1.232323232,1.727272727,0.02020202,1.303030303,0.101010101,0.050505051,3.151515152,0.454545455,0.353535354,0.353535354,0.060606061,0.060606061,0.898989899,0.02020202,0.727272727,0.333333333,0.474747475,0.363636364,0.252525253,0.949494949,0.202020202,8.878787879,0.191919192,0.101010101,60327,99,0.623657707,0.942857143,0.642857143,1,34.95,13.05470316,10.20482952,-14.44712517,403.1515152,710.7272727,0.866666667,3,748,758,759,0,0
322271,755,0.688,0.144,0.584,0.08,0.072,0.136,1.248,3.104,0.056,1.4,0.088,0.008,3.944,0.4,0.088,0.552,0.048,0.056,0.912,0.032,0.68,0.296,0.848,0.504,0.232,0.912,0.168,11.472,0.256,0.104,60488,125,0.602289193,0.954198473,0.744047619,1,37.563,14.19953895,11.33517923,18.95092955,785.576,713.896,0.1875,1,766,0,0,0,0
322271,756,0.696969697,0.121212121,0.454545455,0.151515152,0.090909091,0.080808081,1.535353535,3.626262626,0.050505051,2.272727273,0.101010101,0.04040404,2.606060606,0.545454545,0.181818182,0.353535354,0.101010101,0.050505051,0.292929293,0.02020202,0.939393939,0.464646465,0.626262626,0.505050505,0.222222222,0.727272727,0.151515152,8.838383838,0.191919192,0.252525253,60568,99,0.400824038,0.951923077,0.75,1,32.791,11.80617705,10.81628883,-17.51003943,209.3232323,715.7575758,0,0,0,0,0,0,0
322271,757,1.266666667,0.122222222,0.6,0.1,0.111111111,0.066666667,1.8,2.811111111,0.077777778,1.477777778,0.066666667,0.033333333,5.288888889,0.433333333,0.233333333,0.344444444,0.033333333,0.088888889,0.733333333,0.011111111,0.777777778,0.311111111,0.888888889,0.377777778,0.266666667,1.111111111,0.2,10.26666667,0.211111111,0.188888889,60648,90,0.391505438,0.957446809,0.743801653,1,30.922,11.2255975,10.32952309,35.63150968,68.92222222,718.2222222,0,0,0,0,0,0,0
322271,758,0.8,0.176470588,0.341176471,0.129411765,0.058823529,0.058823529,1.235294118,2.329411765,0.035294118,1.611764706,0.070588235,0.035294118,3.552941176,0.482352941,0.494117647,0.341176471,0.105882353,0.058823529,0.870588235,0.023529412,0.705882353,0.376470588,0.376470588,0.470588235,0.223529412,1.070588235,0.129411765,9.905882353,0.141176471,0.152941176,60728,85,0.468663361,0.923913043,0.643939394,1,31.402,11.25836308,9.945377288,-27.70747812,397.1411765,718.1764706,0.414634146,2,753,759,0,0,0
322271,759,1.726618705,0.136690647,0.446043165,0.071942446,0.050359712,0.057553957,1.410071942,2.503597122,0.057553957,1.194244604,0.064748201,0.057553957,5.237410072,0.446043165,0.18705036,0.489208633,0.09352518,0.079136691,0.589928058,0.007194245,0.913669065,0.489208633,0.697841727,0.388489209,0.316546763,0.920863309,0.201438849,10.15107914,0.302158273,0.086330935,60808,139,0.634268859,0.932885906,0.712820513,1,40.929,15.32941385,11.85136222,-11.03994616,412.0935252,718.5107914,0.346153846,3,748,753,758,0,0
322271,760,1.342592593,0.092592593,0.231481481,0.092592593,0.018518519,0.074074074,2.101851852,2.731481481,0.083333333,0.648148148,0.037037037,0.046296296,8.824074074,0.425925926,0.62962963,0.472222222,0.064814815,0.111111111,0.416666667,0.009259259,0.518518519,0.314814815,1.166666667,0.444444444,0.564814815,0.962962963,0.101851852,6.990740741,0.148148148,0.12037037,60888,108,0.390043673,0.947368421,0.692307692,1,34.958,12.35209805,11.3737669,-37.65338066,144.5740741,719.7777778,0,0,0,0,0,0,0
322271,761,1.364583333,0.145833333,0.302083333,0.041666667,0.072916667,0.083333333,1.125,2.604166667,0.072916667,0.96875,0.041666667,0.083333333,6.020833333,0.416666667,1.34375,0.333333333,0.125,0.0625,1.166666667,0.010416667,0.614583333,0.302083333,0.583333333,0.28125,0.239583333,0.708333333,0.15625,7.0625,0.260416667,0.208333333,60968,96,0.400870401,0.96,0.727272727,1,31.774,11.61528584,10.64116725,-20.41859041,291.34375,719.1354167,0,0,0,0,0,0,0
322271,762,0.931372549,0.284313725,0.431372549,0.068627451,0.078431373,0.039215686,1.352941176,3.009803922,0.019607843,1.941176471,0.078431373,0.049019608,3.676470588,0.362745098,0.107843137,0.480392157,0.029411765,0.117647059,0.823529412,0.019607843,0.715686275,0.421568627,3.088235294,0.382352941,0.294117647,0.843137255,0.196078431,12.00980392,0.245098039,0.225490196,61048,102,0.683244636,0.935779817,0.662337662,1,34.495,13.44226337,9.815400139,-25.69791077,616.6078431,719.8529412,0.181818182,1,749,0,0,0,0
322271,763,0.588235294,0.176470588,0.725490196,0.098039216,0.068627451,0.117647059,1.156862745,2.401960784,0.058823529,1.274509804,0.166666667,0.029411765,1.784313725,0.401960784,0.088235294,0.450980392,0.107843137,0.088235294,0.725490196,0,0.803921569,0.37254902,1.470588235,0.382352941,0.254901961,0.960784314,0.12745098,13.14705882,0.264705882,0.166666667,61129,102,0.769470493,0.935779817,0.603550296,1,35.628,14.54151554,9.287409494,-44.11203513,430.8235294,719.3823529,0,0,0,0,0,0,0
322271,764,0.670212766,0.095744681,0.957446809,0.031914894,0.074468085,0.074468085,0.978723404,3.361702128,0.074468085,1.031914894,0.20212766,0.085106383,2.680851064,0.29787234,0.095744681,0.468085106,0.031914894,0.180851064,0.691489362,0.010638298,0.521276596,0.29787234,1.340425532,0.436170213,0.085106383,0.978723404,0.074468085,11.57446809,0.138297872,0.095744681,61209,94,0.662525676,0.949494949,0.712121212,1,32.146,12.72547204,9.531877447,57.57682855,523,721.5,0,0,0,0,0,0,0
322271,765,1.240534521,0.211581292,0.476614699,0.111358575,0.097995546,0.10467706,6.142538976,4.131403118,0.106904232,1.106904232,0.10467706,0.064587973,5.472160356,0.748329621,0.775055679,0.726057906,0.189309577,0.380846325,0.5077951,0.031180401,1.204899777,0.605790646,3,0.786191537,1.919821826,1.830734967,0.31403118,10.0623608,0.4922049,0.151447661,61289,449,0.78910778,0.920081967,0.62973352,1,81.42,31.38481291,19.27827075,-69.09382562,104.8730512,724.0289532,0,0,0,0,0,0,0
322271,766,0.977272727,0.113636364,0.465909091,0.056818182,0.068181818,0.022727273,1.477272727,2.534090909,0.022727273,1.443181818,0.068181818,0.022727273,2.295454545,0.363636364,0.295454545,0.454545455,0.090909091,0.056818182,0.806818182,0.011363636,0.534090909,0.409090909,0.784090909,0.375,0.193181818,0.625,0.113636364,7.443181818,0.375,0.159090909,61369,88,0.364693336,0.946236559,0.727272727,1,31.286,11.08412336,10.32073416,62.3885851,788.4545455,725.3977273,0.564102564,2,755,773,0,0,0
322271,767,0.805194805,0.149350649,0.5,0.045454545,0.097402597,0.064935065,1.24025974,3.24025974,0.038961039,1.25974026,0.071428571,0.006493506,4.220779221,0.461038961,0.12987013,0.428571429,0.071428571,0.097402597,0.636363636,0.006493506,0.590909091,0.305194805,1.714285714,0.454545455,0.24025974,0.909090909,0.12987013,10.24025974,0.214285714,0.168831169,61449,154,0.65373235,0.950617284,0.647058824,1,43.22,16.29417606,12.33022426,-17.88847783,185.4220779,726.8116883,0,0,0,0,0,0,0
322271,768,1.567010309,0.144329897,0.340206186,0.113402062,0.103092784,0.06185567,1.340206186,2.371134021,0.06185567,1.134020619,0.030927835,0.020618557,4.525773196,0.350515464,0.577319588,0.505154639,0.041237113,0.041237113,0.783505155,0.010309278,0.731958763,0.216494845,0.659793814,0.391752577,0.18556701,0.494845361,0.092783505,6.494845361,0.134020619,0.164948454,61529,97,0.718653017,0.941747573,0.76984127,1,34.561,13.44669632,9.350413793,-0.313010815,747.3505155,726.1443299,0,0,0,0,0,0,0
322271,769,1.282352941,0.117647059,0.447058824,0.094117647,0.058823529,0.070588235,1.752941176,2.517647059,0.035294118,1.8,0.058823529,0.070588235,5.505882353,0.470588235,0.152941176,0.364705882,0.047058824,0.058823529,0.905882353,0.058823529,0.717647059,0.329411765,0.552941176,0.423529412,0.223529412,1.105882353,0.305882353,11.82352941,0.258823529,0.141176471,61609,85,0.520349023,0.965909091,0.643939394,1,30.848,11.36950417,9.709029972,-15.1206511,598.8117647,727.1764706,0.525,2,772,775,0,0,0
322271,770,0.838709677,0.096774194,0.47311828,0.247311828,0.064516129,0.086021505,1.430107527,3.161290323,0.032258065,1.419354839,0.096774194,0.096774194,3.11827957,0.408602151,0.430107527,0.52688172,0.096774194,0.107526882,0.817204301,0.010752688,0.989247312,0.376344086,2.021505376,0.591397849,0.268817204,0.978494624,0.161290323,10.31182796,0.193548387,0.258064516,61689,93,0.591900611,0.958762887,0.775,1,32.485,12.27627349,9.894810974,-17.01429225,37.02150538,730.0645161,0.425,1,776,0,0,0,0
322271,771,0.660377358,0.094339623,0.452830189,0.113207547,0.047169811,0.08490566,0.990566038,2.150943396,0.075471698,0.933962264,0.103773585,0.018867925,2.820754717,0.283018868,0.349056604,0.424528302,0.037735849,0.075471698,0.566037736,0.009433962,0.58490566,0.330188679,1.405660377,0.349056604,0.537735849,0.679245283,0.113207547,7.924528302,0.20754717,0.150943396,61770,106,0.600087832,0.954954955,0.679487179,1,34.677,13.10639001,10.48424854,-33.19573345,465.5377358,730.8113208,0,0,0,0,0,0,0
322271,772,0.796610169,0.13559322,0.542372881,0.076271186,0.076271186,0.169491525,1.36440678,2.474576271,0.025423729,1.449152542,0.042372881,0.076271186,2.957627119,0.330508475,0.06779661,0.372881356,0.050847458,0.06779661,0.652542373,0.008474576,0.686440678,0.415254237,0.593220339,0.415254237,0.271186441,0.940677966,0.228813559,10.6440678,0.186440678,0.093220339,61850,118,0.433877257,0.936507937,0.756410256,1,37.381,13.05111341,11.75868761,-29.4626603,590.0847458,733.8728814,0.446808511,2,769,775,0,0,0
322271,773,0.743589744,0.076923077,0.525641026,0.115384615,0.141025641,0.115384615,1.256410256,2.192307692,0.038461538,1.576923077,0.025641026,0.038461538,2.307692308,0.269230769,0.102564103,0.448717949,0.064102564,0.153846154,0.423076923,0.025641026,0.858974359,0.423076923,0.435897436,0.487179487,0.115384615,0.782051282,0.102564103,8.807692308,0.230769231,0.064102564,61930,78,0.702442316,0.928571429,0.722222222,1,30.616,11.97757674,8.524928594,21.82563149,786.1025641,734.5128205,0.756756757,2,766,778,0,0,0
322271,774,1.089285714,0.125,0.366071429,0.089285714,0.053571429,0.0625,1.794642857,2.321428571,0.035714286,0.964285714,0.035714286,0.053571429,8.598214286,0.383928571,0.080357143,0.3125,0.089285714,0.044642857,0.642857143,0.035714286,0.607142857,0.419642857,0.6875,0.5,0.321428571,0.866071429,0.205357143,9.401785714,0.25,0.116071429,62010,112,0.638330873,0.941176471,0.727272727,1,35.512,13.6952342,10.54207229,-4.746567504,73.52678571,734.7946429,0,0,0,0,0,0,0
322271,775,1.093333333,0.186666667,0.426666667,0.066666667,0.093333333,0.08,1.253333333,2.026666667,0.04,1.52,0.053333333,0.053333333,3.68,0.426666667,0.306666667,0.4,0.053333333,0.12,0.84,0,0.746666667,0.346666667,0.346666667,0.386666667,0.253333333,0.76,0.133333333,10.09333333,0.253333333,0.12,62090,75,0.625265934,0.852272727,0.681818182,1,32.419,11.60698772,9.058229685,29.34990322,600.6933333,735.24,0.6,2,769,772,0,0,0
322271,776,0.758333333,0.108333333,0.441666667,0.066666667,0.108333333,0.066666667,1.1,2.491666667,0.05,1.183333333,0.083333333,0.008333333,2.816666667,0.275,0.483333333,0.408333333,0.033333333,0.058333333,0.391666667,0,0.666666667,0.258333333,0.991666667,0.325,0.241666667,0.875,0.091666667,7.483333333,0.15,0.166666667,62170,120,0.848468187,0.888888889,0.64171123,1,40.838,17.40256283,9.21024347,9.842193532,42.35833333,737.2416667,0.37254902,1,770,0,0,0,0
322271,777,1.343434343,0.191919192,0.636363636,0.111111111,0.080808081,0.03030303,1.202020202,2.727272727,0.04040404,1.141414141,0.131313131,0.03030303,3.191919192,0.474747475,0.070707071,0.313131313,0.090909091,0.03030303,0.737373737,0.01010101,0.676767677,0.262626263,0.96969697,0.303030303,0.313131313,0.878787879,0.151515152,9.292929293,0.191919192,0.151515152,62250,99,0.475061977,0.961165049,0.75,1,32.419,12.03203874,10.58762062,-27.40454859,200.5252525,736.7575758,0,0,0,0,0,0,0
322271,778,0.471264368,0.103448276,0.436781609,0.068965517,0.045977011,0.08045977,1.413793103,2.172413793,0.057471264,1.563218391,0.022988506,0.034482759,2.425287356,0.298850575,0.034482759,0.402298851,0.08045977,0.045977011,0.574712644,0.011494253,1.091954023,0.183908046,0.379310345,0.356321839,0.298850575,0.689655172,0.24137931,7,0.172413793,0.149425287,62330,87,0.789832963,0.878787879,0.557692308,1,34.958,14.02024176,8.598922885,39.31210428,790.3563218,740.2528736,0.454545455,1,773,0,0,0,0
322271,779,1.918699187,0.154471545,0.414634146,0.089430894,0.06504065,0.040650407,1.642276423,3.471544715,0.073170732,1.658536585,0.081300813,0.032520325,5.682926829,0.382113821,0.601626016,0.487804878,0.073170732,0.12195122,0.617886179,0.016260163,0.666666667,0.333333333,0.674796748,0.406504065,0.455284553,0.756097561,0.18699187,11.11382114,0.178861789,0.195121951,62410,123,0.463986037,0.917910448,0.675824176,1,39.457,13.62451162,12.06917161,-10.45158705,396.4715447,740.6585366,0,0,0,0,0,0,0
322271,780,0.657894737,0.184210526,0.407894737,0.078947368,0.078947368,0.039473684,1.065789474,2.315789474,0.052631579,1.223684211,0.052631579,0.026315789,2.947368421,0.342105263,0.131578947,0.434210526,0.013157895,0.026315789,0.434210526,0,0.513157895,0.25,1.223684211,0.394736842,0.289473684,0.526315789,0.105263158,6.657894737,0.157894737,0.210526316,62491,76,0.625598919,0.853932584,0.575757576,1,32.411,11.5112432,8.980437144,-50.11505894,278.8026316,742.9473684,0.512820513,1,781,0,0,0,0
322271,781,0.666666667,0.145833333,0.354166667,0.020833333,0.041666667,0.041666667,1.072916667,2,0.0625,1.3125,0.072916667,0.010416667,2.291666667,0.34375,0.333333333,0.260416667,0.052083333,0.083333333,0.833333333,0,0.604166667,0.302083333,0.375,0.322916667,0.15625,0.78125,0.104166667,6.916666667,0.166666667,0.135416667,62571,96,0.784287729,0.914285714,0.615384615,1,35.785,14.42992903,8.952288404,-58.30788031,272.3958333,746.8020833,0.413043478,1,780,0,0,0,0
322271,782,0.914893617,0.138297872,0.670212766,0.095744681,0.042553191,0.085106383,1.20212766,1.968085106,0.074468085,1.734042553,0.063829787,0.021276596,3.159574468,0.382978723,0.138297872,0.446808511,0.095744681,0.085106383,0.382978723,0.031914894,0.64893617,0.404255319,0.734042553,0.457446809,0.117021277,0.819148936,0.095744681,9.212765957,0.074468085,0.127659574,62651,94,0.786044293,0.94,0.696296296,1,34.007,14.05319593,8.687266638,3.303706873,610.6914894,747.8191489,0.428571429,1,787,0,0,0,0
322271,783,0.497435897,0.169230769,0.430769231,0.097435897,0.066666667,0.107692308,0.938461538,1.994871795,0.035897436,1.205128205,0.082051282,0.051282051,2.184615385,0.364102564,0.656410256,0.256410256,0.071794872,0.061538462,0.958974359,0.020512821,0.702564103,0.461538462,0.676923077,0.343589744,0.102564103,0.702564103,0.148717949,6.656410256,0.169230769,0.117948718,62731,195,0.720544447,0.942028986,0.696428571,1,51.151,19.28106942,13.36966231,-23.09127722,770.8923077,749.174359,0,0,0,0,0,0,0
322271,784,0.897637795,0.188976378,0.354330709,0.102362205,0.102362205,0.031496063,1.299212598,2.25984252,0.062992126,1.299212598,0.133858268,0.039370079,9.181102362,0.417322835,1.850393701,0.385826772,0.070866142,0.118110236,1.220472441,0.039370079,0.763779528,0.393700787,0.582677165,0.275590551,0.511811024,0.88976378,0.149606299,8.952755906,0.196850394,0.157480315,62811,127,0.497331483,0.954887218,0.697802198,1,37.588,13.72049554,11.90336135,-26.3787733,357.4094488,751.5748031,0,0,0,0,0,0,0
322271,785,0.727941176,0.102941176,0.279411765,0.036764706,0.022058824,0.080882353,1.183823529,2.441176471,0.036764706,1.125,0.073529412,0.022058824,3.323529412,0.330882353,0.433823529,0.323529412,0.073529412,0.110294118,0.389705882,0.007352941,0.676470588,0.426470588,0.382352941,0.235294118,0.213235294,0.764705882,0.132352941,7.764705882,0.235294118,0.080882353,62891,136,0.766383288,0.931506849,0.666666667,1,41.789,16.76069695,10.76679642,-10.21290949,259.9338235,753.0808824,0,0,0,0,0,0,0
322271,786,0.720720721,0.117117117,0.648648649,0.099099099,0.117117117,0.072072072,1.288288288,3.207207207,0.045045045,1.414414414,0.081081081,0.063063063,2.252252252,0.423423423,0.504504505,0.495495495,0.09009009,0.063063063,0.828828829,0.045045045,0.693693694,0.423423423,1.459459459,0.522522523,0.144144144,0.954954955,0.162162162,10.09009009,0.171171171,0.126126126,62971,111,0.583985382,0.965217391,0.720779221,1,35.231,13.27165649,10.77345526,-19.02135836,203.2432432,754.2072072,0.088888889,1,795,0,0,0,0
322271,787,1.313953488,0.11627907,0.372093023,0.058139535,0.058139535,0.046511628,1.034883721,2.279069767,0.11627907,1.209302326,0.058139535,0.034883721,4.069767442,0.244186047,0.174418605,0.255813953,0.139534884,0.104651163,0.38372093,0,0.546511628,0.290697674,0.546511628,0.313953488,0.395348837,0.581395349,0.139534884,7.825581395,0.209302326,0.151162791,63051,86,0.590547329,0.905263158,0.651515152,1,31.956,11.92863796,9.626446699,14.98366335,615.6395349,754.5930233,0.43902439,1,782,0,0,0,0
322271,788,0.606382979,0.212765957,0.691489362,0.074468085,0.031914894,0.053191489,1.031914894,1.840425532,0.031914894,1.425531915,0.095744681,0.021276596,2.106382979,0.414893617,0.085106383,0.489361702,0.053191489,0.053191489,0.808510638,0.021276596,0.659574468,0.436170213,3.159574468,0.29787234,0.20212766,0.787234043,0.212765957,9.765957447,0.20212766,0.180851064,63132,94,0.526824764,0.94,0.712121212,1,32.328,11.95423054,10.16078422,79.1707005,801.893617,756.5,0,0,0,0,0,0,0
322271,790,0.913043478,0.156521739,0.565217391,0.104347826,0.147826087,0.052173913,1.47826087,2.895652174,0.060869565,1.356521739,0.043478261,0.017391304,4.086956522,0.382608696,0.643478261,0.382608696,0.052173913,0.104347826,0.513043478,0.017391304,0.808695652,0.356521739,0.6,0.426086957,0.182608696,0.834782609,0.069565217,10.64347826,0.260869565,0.130434783,63292,115,0.540927098,0.912698413,0.638888889,1,38.688,13.56905483,11.41251792,-20.12173031,454.0956522,758.3565217,0.408163265,1,796,0,0,0,0
322271,792,0.638297872,0.063829787,0.968085106,0.063829787,0.063829787,0.042553191,1.095744681,2.776595745,0.010638298,0.510638298,0.063829787,0.021276596,2.329787234,0.319148936,0.776595745,0.531914894,0.085106383,0.010638298,0.755319149,0.021276596,0.425531915,0.255319149,1.223404255,0.319148936,0.14893617,0.989361702,0.223404255,11.19148936,0.255319149,0.14893617,63452,94,0.673980885,0.930693069,0.657342657,1,33.362,12.85521555,9.496774857,21.63155569,235.5638298,762.0212766,0.214285714,1,804,0,0,0,0
322271,793,1.680851064,0.053191489,0.393617021,0.085106383,0.095744681,0.106382979,1.053191489,1.989361702,0.074468085,1.223404255,0.085106383,0.053191489,5.425531915,0.329787234,0.244680851,0.382978723,0.053191489,0.085106383,0.436170213,0.010638298,0.478723404,0.234042553,0.436170213,0.436170213,0.20212766,0.659574468,0.159574468,8.265957447,0.159574468,0.159574468,63532,94,0.519051694,0.94,0.712121212,1,32.328,11.91817649,10.18697613,-34.9713867,471.2765957,762.3617021,0.048780488,1,796,0,0,0,0
322271,794,0.945054945,0.175824176,0.362637363,0.065934066,0.087912088,0.076923077,1.076923077,1.692307692,0.054945055,0.934065934,0.021978022,0.065934066,2.274725275,0.274725275,0.087912088,0.263736264,0.054945055,0.076923077,0.461538462,0.021978022,0.56043956,0.252747253,0.505494505,0.285714286,0.098901099,0.714285714,0.153846154,7.934065934,0.153846154,0.065934066,63612,91,0.403895822,0.947916667,0.689393939,1,31.774,11.35423347,10.38690941,-24.74674132,726.2417582,762.2967033,0,0,0,0,0,0,0
322271,795,0.447368421,0.096491228,0.385964912,0.052631579,0.087719298,0.061403509,1.421052632,2.236842105,0.061403509,1.184210526,0.061403509,0.043859649,2.140350877,0.412280702,0.228070175,0.394736842,0.096491228,0.043859649,0.719298246,0.01754386,0.885964912,0.49122807,1.587719298,0.447368421,0.210526316,0.98245614,0.078947368,10.90350877,0.219298246,0.201754386,63692,114,0.607710342,0.95,0.74025974,1,35.975,13.64175411,10.83371856,2.151216519,196.1929825,765.2894737,0.086956522,1,786,0,0,0,0
322271,796,0.957746479,0.154929577,0.690140845,0.126760563,0.056338028,0.042253521,1.112676056,2.366197183,0.056338028,2.23943662,0.070422535,0.028169014,3.633802817,0.394366197,0.253521127,0.309859155,0.056338028,0.112676056,0.507042254,0.014084507,0.887323944,0.338028169,0.521126761,0.408450704,0.225352113,0.732394366,0.14084507,9.464788732,0.281690141,0.154929577,63772,71,0.722870651,0.8875,0.645454545,1,29.789,11.80865487,8.159584166,35.33106704,458.6197183,765.5352113,0.894736842,3,790,793,808,0,0
322271,797,0.694915254,0.110169492,0.5,0.076271186,0.101694915,0.076271186,1.194915254,2.991525424,0.008474576,1.516949153,0.084745763,0.042372881,3.127118644,0.36440678,0.847457627,0.483050847,0.13559322,0.084745763,1.305084746,0.025423729,0.779661017,0.449152542,0.652542373,0.466101695,0.271186441,0.949152542,0.161016949,9.389830508,0.194915254,0.118644068,63853,118,0.48579238,0.944,0.702380952,1,36.273,13.19677486,11.53496085,-7.601918477,91.15254237,765.3474576,0,0,0,0,0,0,0
322271,798,2.652380952,0.2,0.385714286,0.119047619,0.071428571,0.09047619,4.314285714,2.957142857,0.104761905,0.942857143,0.09047619,0.066666667,14.37142857,0.642857143,0.885714286,0.59047619,0.119047619,0.20952381,0.833333333,0.033333333,0.938095238,0.6,1.271428571,0.428571429,1.019047619,1.757142857,0.261904762,9.776190476,0.323809524,0.152380952,63933,210,0.561165874,0.945945946,0.68627451,1,50.415,18.10262969,14.98360752,62.70897452,145.552381,765.3095238,0.40625,2,789,801,0,0,0
322271,799,1.668269231,0.269230769,0.307692308,0.0625,0.081730769,0.048076923,3.653846154,2.9375,0.067307692,0.778846154,0.076923077,0.052884615,11.89903846,0.605769231,0.644230769,0.552884615,0.25,0.375,0.456730769,0.014423077,0.591346154,0.495192308,2.182692308,0.5625,1.307692308,1.067307692,0.173076923,7.331730769,0.240384615,0.182692308,64013,208,0.711701607,0.928571429,0.641975309,1,51.722,19.74140419,13.86797917,-56.3672689,168.0961538,765.5288462,0.343283582,1,801,0,0,0,0
322271,800,0.528735632,0.229885057,0.390804598,0.08045977,0.057471264,0.068965517,1.379310345,2.988505747,0.068965517,1.91954023,0.08045977,0.011494253,2.310344828,0.471264368,0.034482759,0.402298851,0.045977011,0.045977011,0.471264368,0,0.931034483,0.540229885,0.827586207,0.517241379,0.206896552,0.988505747,0.103448276,10.05747126,0.229885057,0.183908046,64093,87,0.550897501,0.956043956,0.725,1,30.55,11.60974602,9.689179526,-0.775838715,368.5402299,768.4252874,0.5,1,807,0,0,0,0
322271,801,1.903409091,0.164772727,0.414772727,0.068181818,0.039772727,0.090909091,2.477272727,2.170454545,0.045454545,1,0.125,0.034090909,14.82954545,0.460227273,0.630681818,0.477272727,0.079545455,0.159090909,0.732954545,0.022727273,0.772727273,0.613636364,1.034090909,0.380681818,0.517045455,1.096590909,0.136363636,7.789772727,0.267045455,0.136363636,64173,176,0.645122734,0.956521739,0.739495798,1,45.61,17.22937046,13.16459947,-87.38047973,157.4090909,771.3465909,0.666666667,2,798,799,0,0,0
322271,802,1.147058824,0.166666667,0.568627451,0.058823529,0.068627451,0.029411765,1.392156863,3.490196078,0.049019608,1.529411765,0.019607843,0.058823529,3.450980392,0.558823529,0.117647059,0.401960784,0.068627451,0.068627451,0.539215686,0,0.892156863,0.333333333,0.696078431,0.431372549,0.156862745,0.833333333,0.166666667,9.382352941,0.176470588,0.078431373,64253,102,0.59720773,0.971428571,0.713286713,1,34.007,12.81575446,10.27934503,-57.5283476,758.2843137,771.0294118,0.488372093,1,803,0,0,0,0
322271,803,0.791304348,0.12173913,0.573913043,0.086956522,0.069565217,0.12173913,1.052173913,2.408695652,0.052173913,1.173913043,0.139130435,0.060869565,1.652173913,0.382608696,0.113043478,0.434782609,0.086956522,0.043478261,0.565217391,0.017391304,0.808695652,0.426086957,0.72173913,0.52173913,0.295652174,0.817391304,0.139130435,9.330434783,0.234782609,0.095652174,64333,115,0.643084745,0.845588235,0.631868132,1,40.375,14.60884693,11.18738221,-71.90512777,767.2434783,771.3826087,0.392156863,1,802,0,0,0,0
322271,804,0.586466165,0.127819549,0.526315789,0.060150376,0.045112782,0.07518797,1.007518797,2.368421053,0.07518797,1.112781955,0.135338346,0.015037594,3.526315789,0.285714286,0.458646617,0.443609023,0.037593985,0.037593985,0.69924812,0.037593985,0.593984962,0.248120301,3.473684211,0.37593985,0.180451128,0.827067669,0.127819549,7.84962406,0.172932331,0.142857143,64413,133,0.721226782,0.95,0.692708333,1,39.821,15.83337872,10.96776588,-72.84986002,244.3233083,772.5714286,0.153846154,1,792,0,0,0,0
322271,805,0.789473684,0.135338346,0.135338346,0.07518797,0.060150376,0.022556391,1.436090226,2,0.037593985,0.706766917,0.082706767,0.030075188,2.962406015,0.210526316,0.315789474,0.308270677,0.067669173,0.060150376,0.526315789,0.015037594,0.533834586,0.180451128,0.563909774,0.308270677,0.135338346,0.578947368,0.120300752,5.721804511,0.233082707,0.135338346,64493,133,0.547465647,0.943262411,0.678571429,1,38.903,14.29788956,11.96487657,53.58270647,70.57894737,776.3157895,0,0,0,0,0,0,0
322271,806,1.22,0.09,0.5,0.02,0.15,0.03,1.75,2.48,0.08,1.35,0.07,0.05,3.49,0.45,0.05,0.43,0.08,0.06,0.95,0.02,0.7,0.35,0.78,0.43,0.22,1.17,0.15,9.89,0.34,0.08,64574,100,0.512270378,0.934579439,0.699300699,1,33.643,12.28583165,10.55136992,-7.574986281,219.65,775.61,0,0,0,0,0,0,0
322271,807,0.567307692,0.134615385,0.548076923,0.096153846,0.125,0.125,1.471153846,2.548076923,0.067307692,1.625,0.125,0.038461538,1.528846154,0.548076923,0.057692308,0.461538462,0.057692308,0.134615385,0.625,0.028846154,1,0.451923077,1.769230769,0.461538462,0.288461538,1.173076923,0.105769231,12.65384615,0.317307692,0.25,64654,104,0.756036231,0.881355932,0.675324675,1,37.1,14.73206089,9.642572395,8.644243054,370.6442308,776.2211538,0.404255319,1,800,0,0,0,0
322271,808,0.830188679,0.094339623,0.594339623,0.103773585,0.056603774,0.094339623,1.330188679,2.443396226,0.028301887,1.490566038,0.08490566,0.056603774,3.632075472,0.349056604,0.849056604,0.462264151,0.056603774,0.094339623,1,0.047169811,0.849056604,0.320754717,1.433962264,0.433962264,0.216981132,1.132075472,0.20754717,9.698113208,0.20754717,0.179245283,64734,106,0.694971223,0.92173913,0.642424242,1,37.77,14.00677716,10.07139874,6.756138764,456.9150943,774.9622642,0.666666667,2,796,812,0,0,0
322271,809,0.744680851,0.170212766,0.563829787,0.063829787,0.106382979,0.127659574,0.936170213,2.531914894,0.021276596,1.085106383,0.053191489,0.042553191,2.85106383,0.414893617,0.063829787,0.436170213,0.042553191,0.053191489,0.755319149,0,0.510638298,0.361702128,0.744680851,0.276595745,0.14893617,0.680851064,0.127659574,8.159574468,0.14893617,0.106382979,64814,94,0.591718508,0.94,0.712121212,1,32.146,12.28268863,9.901623813,24.89577669,691.5,775.7978723,0,0,0,0,0,0,0
322271,810,0.794871795,0.128205128,0.376068376,0.034188034,0.076923077,0.068376068,1.358974359,1.957264957,0.068376068,1.111111111,0.034188034,0.05982906,2.803418803,0.213675214,1.205128205,0.333333333,0.05982906,0.085470085,1.341880342,0.025641026,0.692307692,0.256410256,0.358974359,0.256410256,0.222222222,0.897435897,0.153846154,7.41025641,0.094017094,0.051282051,64894,117,0.369742614,0.959016393,0.75,1,36.066,12.75424613,11.85040653,-43.37600876,802.7948718,777.965812,0,0,0,0,0,0,0
322271,811,1.052083333,0.072916667,0.625,0.072916667,0.052083333,0.09375,1.322916667,2.739583333,0.020833333,1.552083333,0.072916667,0.052083333,4.0625,0.395833333,0.927083333,0.3125,0.041666667,0.125,1.0625,0.010416667,0.6875,0.322916667,0.635416667,0.5625,0.28125,0.75,0.145833333,8.9375,0.21875,0.083333333,64974,96,0.554320343,0.95049505,0.738461538,1,32.419,12.18373176,10.14056143,-3.324468773,651.8854167,778.53125,0,0,0,0,0,0,0
322271,812,0.651162791,0.162790698,0.744186047,0.093023256,0.104651163,0.058139535,1.372093023,3.046511628,0.058139535,1.023255814,0.081395349,0.034883721,3.174418605,0.26744186,0.034883721,0.546511628,0.058139535,0.046511628,0.76744186,0.023255814,0.604651163,0.488372093,1.174418605,0.38372093,0.279069767,1.046511628,0.104651163,11.13953488,0.325581395,0.244186047,65054,86,0.625697023,0.924731183,0.651515152,1,32.51,12.27821678,9.57782158,-31.81233463,450.0116279,780.8953488,0.476190476,1,808,0,0,0,0
322271,813,1.090909091,0.125,0.363636364,0.079545455,0.102272727,0.102272727,1.238636364,3.352272727,0.068181818,1.931818182,0.079545455,0.011363636,3.056818182,0.477272727,0.090909091,0.545454545,0.045454545,0.079545455,0.522727273,0.011363636,0.863636364,0.613636364,0.488636364,0.443181818,0.193181818,0.727272727,0.102272727,11.36363636,0.215909091,0.238636364,65134,88,0.44852802,0.946236559,0.666666667,1,31.311,11.2855522,10.08667412,-1.331071069,518.1818182,779.7954545,0,0,0,0,0,0,0
322271,814,0.747474747,0.101010101,0.545454545,0.070707071,0.090909091,0.03030303,1.343434343,2.474747475,0.060606061,1.303030303,0.02020202,0.060606061,2.616161616,0.313131313,0.101010101,0.363636364,0.04040404,0.070707071,0.515151515,0.01010101,0.545454545,0.373737374,0.565656566,0.414141414,0.161616162,0.616161616,0.101010101,7.525252525,0.212121212,0.060606061,65215,99,0.53948104,0.961165049,0.6875,1,33.089,12.33103872,10.38270682,-34.62525285,619.5757576,782.2626263,0,0,0,0,0,0,0
322271,815,1.063829787,0.117021277,0.627659574,0.14893617,0.170212766,0.085106383,1.319148936,2.638297872,0.031914894,1.361702128,0.053191489,0.085106383,6.127659574,0.436170213,0.180851064,0.29787234,0.095744681,0.063829787,0.776595745,0.021276596,0.819148936,0.287234043,0.521276596,0.404255319,0.20212766,0.765957447,0.170212766,8.340425532,0.244680851,0.14893617,65295,94,0.413423658,0.949494949,0.712121212,1,31.683,11.53998769,10.50760637,58.11333306,308.0957447,781.5531915,0,0,0,0,0,0,0
322271,816,1.136363636,0.136363636,0.613636364,0.102272727,0.079545455,0.068181818,1.215909091,2.590909091,0.045454545,1.772727273,0.056818182,0.068181818,2.420454545,0.329545455,0.102272727,0.431818182,0.125,0.068181818,0.534090909,0,1.147727273,0.284090909,0.545454545,0.397727273,0.193181818,0.715909091,0.181818182,9.261363636,0.238636364,0.136363636,65375,88,0.465377313,0.936170213,0.666666667,1,31.129,11.35296083,10.04864638,-2.47972705,715.4090909,783.7045455,0,0,0,0,0,0,0
322271,817,0.878787879,0.131313131,0.494949495,0.02020202,0.060606061,0.060606061,1.232323232,1.818181818,0.04040404,1.585858586,0.070707071,0.01010101,3.616161616,0.373737374,0.090909091,0.323232323,0.070707071,0.090909091,0.595959596,0.02020202,0.707070707,0.343434343,0.636363636,0.323232323,0.181818182,0.727272727,0.070707071,7.060606061,0.111111111,0.111111111,65455,99,0.58685414,0.961165049,0.692307692,1,33.362,12.55914171,10.16904497,-17.70618894,699.3535354,786.4747475,0,0,0,0,0,0,0
322271,818,0.865853659,0.195121951,0.390243902,0.048780488,0.048780488,0.036585366,1.036585366,2.658536585,0.06097561,1.182926829,0.085365854,0.012195122,2.317073171,0.280487805,0.146341463,0.414634146,0.12195122,0.073170732,0.5,0,0.682926829,0.317073171,0.548780488,0.304878049,0.207317073,0.780487805,0.097560976,8.62195122,0.182926829,0.170731707,65535,82,0.768344326,0.964705882,0.788461538,1,31.079,12.96263845,8.296564525,2.215006425,251.0731707,787.9390244,0,0,0,0,0,0,0
