ImageId,CellId,Cell_141Pr_AQP4,Cell_143Nd_SQSTM1,Cell_145Nd_UBQLN2,Cell_147Sm_Glutaminase,Cell_149Sm_C9orf72,Cell_150Nd_PDL1,Cell_151Eu_MAP2,Cell_152Sm_ATXN2,Cell_153Eu_ORF1,Cell_154Sm_pTDP43,Cell_155Gd_FoxP3,Cell_156Gd_CH24H,Cell_158Gd_GFAP,Cell_159Tb_IL6ST,Cell_160Gd_IBA1,Cell_161Dy_CX3CR1,Cell_162Dy_pTBK1,Cell_163Dy_CD4,Cell_164Dy_TMEM119,Cell_165Ho_PD1,Cell_166Er_GAD67,Cell_167Er_CD8,Cell_168Er_FUS,Cell_169Tm_ChAT,Cell_170Er_APOE,Cell_171Yb_TREM2,Cell_172Yb_PDL2,Cell_174Yb_MHCclassII,Cell_175Lu_TDP43,Cell_176Yb_TBK1,Cell_CellMasked,Area,Eccentricity,Solidity,Extent,EulerNumber,Perimeter,MajorAxisLength,MinorAxisLength,Orientation,X_position,Y_position,Percent_Touching,Number_Neighbors,neighbour_4_CellId1,neighbour_4_CellId2,neighbour_4_CellId3,Selection,Sel01
65535,75,0.5,0.122950819672131,1.26229508196721,0.795081967213115,0.0163934426229508,0.0655737704918033,1.0655737704918,1.89344262295082,0.0983606557377049,0.491803278688525,0.114754098360656,0.0163934426229508,1.94262295081967,0.319672131147541,0.0983606557377049,0.491803278688525,0.0819672131147541,0.114754098360656,0.959016393442623,0.00819672131147541,0.573770491803279,0.39344262295082,4.72131147540984,0.344262295081967,0.786885245901639,1.12295081967213,0.19672131147541,20.9180327868852,0.139344262295082,0.163934426229508,5643,9179,0.66040916660559,0.968253968253968,0.726190476190476,75,37.464,14.5004281448266,10.8884576451864,62.9056681424188,844.385245901639,6.81967213114754,0,0,0,0,0,0,1
65535,150,0.436974789915966,0.176470588235294,0.663865546218487,1.87394957983193,0.0588235294117647,0.0420168067226891,1.0672268907563,1.78151260504202,0.0420168067226891,0.478991596638655,0.168067226890756,0.00840336134453781,1.01680672268908,0.529411764705882,0.0672268907563025,0.571428571428571,0.100840336134454,0.109243697478992,1.36974789915966,0.0336134453781513,0.638655462184874,0.73109243697479,4.42857142857143,0.327731092436975,0.554621848739496,2.25210084033613,0.226890756302521,26.5882352941176,0.142857142857143,0.327731092436975,11286,8954,0.493410713850703,0.944444444444444,0.708333333333333,75,36.827,13.300619500764,11.5688316476919,-83.9087393695119,443.697478991597,8.32773109243698,0,0,0,0,0,0,1
65535,226,0.214285714285714,0.102040816326531,0.306122448979592,1.3265306122449,0.0510204081632653,0.0612244897959184,0.285714285714286,1.61224489795918,0.0510204081632653,0.5,0.0510204081632653,0.0204081632653061,NaN,0.295918367346939,0.0612244897959184,0.397959183673469,0.142857142857143,0.0816326530612245,0.540816326530612,0.0102040816326531,0.642857142857143,0.224489795918367,0.459183673469388,0.336734693877551,0.591836734693878,1.04081632653061,0.102040816326531,12.1326530612245,0.153061224489796,0.0816326530612245,17004,7374,0.604860196800063,0.98,0.742424242424242,75,33.064,12.6584347953217,10.0803126288887,29.6133434827614,552.765306122449,8.33673469387755,0,0,0,0,0,0,0
65535,301,0.533783783783784,0.175675675675676,0.587837837837838,1.62837837837838,0.0472972972972973,0.0337837837837838,0.608108108108108,1.44594594594595,0.00675675675675676,0.297297297297297,0.108108108108108,0.0675675675675676,0.790540540540541,0.256756756756757,0.0743243243243243,0.405405405405405,0.027027027027027,0.0675675675675676,0.797297297297297,0.0135135135135135,0.452702702702703,0.317567567567568,3.76351351351351,0.263513513513513,0.398648648648649,0.993243243243243,0.155405405405405,16.5405405405405,0.121621621621622,0.162162162162162,22648,11136,0.773977534881493,0.919254658385093,0.621848739495798,75,44.965,17.8367274144712,11.294448692197,-64.1691076996024,609.432432432432,8.58783783783784,0,0,0,0,0,0,1
65535,376,0.331168831168831,0.149350649350649,0.487012987012987,1.1038961038961,0.0324675324675325,0.0324675324675325,0.311688311688312,1.00649350649351,0.0454545454545455,0.38961038961039,0.0584415584415584,0.012987012987013,0.467532467532468,0.279220779220779,0.337662337662338,0.350649350649351,0.0194805194805195,0.025974025974026,0.87012987012987,0.012987012987013,0.655844155844156,0.331168831168831,1.01948051948052,0.285714285714286,0.383116883116883,0.974025974025974,0.0779220779220779,8.68831168831169,0.0714285714285714,0.103896103896104,28291,11587,0.555778436214639,0.950617283950617,0.641666666666667,75,43.94,15.6320323503556,12.9953846080299,-53.5525505033663,653.227272727273,12.9090909090909,0.385964912280702,75,602,0,0,0,1
65535,451,0.436507936507937,0.0873015873015873,0.706349206349206,1.24603174603175,0.0476190476190476,0.0158730158730159,0.420634920634921,1.3968253968254,0.0317460317460317,0.277777777777778,0.0317460317460317,0.0317460317460317,0.563492063492063,0.261904761904762,0.317460317460317,0.325396825396825,0.0396825396825397,0.0555555555555556,0.928571428571429,0.00793650793650794,0.428571428571429,0.285714285714286,6.38888888888889,0.26984126984127,0.484126984126984,0.69047619047619,0.111111111111111,14.9920634920635,0.0317460317460317,0.134920634920635,33934,9480,0.761666324727689,0.947368421052632,0.642857142857143,75,38.994,15.9146575543422,10.3122119225962,-46.4544776280672,587.293650793651,16.7619047619048,0,0,0,0,0,0,1
65535,527,0.218390804597701,0.132183908045977,0.511494252873563,1.51149425287356,0.0459770114942529,0.0862068965517241,0.522988505747126,1.1551724137931,0.028735632183908,0.488505747126437,0.0919540229885057,0.0114942528735632,1.05172413793103,0.304597701149425,0.0862068965517241,0.229885057471264,0.0689655172413793,0.0459770114942529,0.637931034482759,0.00574712643678161,0.724137931034483,0.385057471264368,2.27011494252874,0.224137931034483,0.339080459770115,0.913793103448276,0.137931034482759,10.9770114942529,0.0862068965517241,0.137931034482759,39652,13092,0.7245643919978,0.925531914893617,0.644444444444444,75,47.967,18.3044428117692,12.6155521487096,63.530864376173,1492.27011494253,19.0689655172414,0,0,0,0,0,0,1
65535,602,0.211009174311927,0.146788990825688,0.605504587155963,1.81651376146789,0.0275229357798165,0.073394495412844,0.458715596330275,1.30275229357798,0.018348623853211,0.36697247706422,0.100917431192661,0.0642201834862385,0.660550458715596,0.339449541284404,0.220183486238532,0.339449541284404,0.055045871559633,0.055045871559633,0.871559633027523,0.018348623853211,0.467889908256881,0.311926605504587,1.20183486238532,0.229357798165138,0.431192660550459,1.15596330275229,0.192660550458716,13.6330275229358,0.192660550458716,0.192660550458716,45295,8201,0.821574812309205,0.872,0.567708333333333,75,39.73,16.1600427545216,9.21285196472005,23.4172785540764,659.247706422018,21.256880733945,0.470588235294118,75,376,0,0,0,1
65535,677,0.311258278145695,0.152317880794702,0.443708609271523,0.794701986754967,0.0264900662251656,0.0728476821192053,1.62251655629139,1.63576158940397,0.0397350993377483,0.490066225165563,0.0397350993377483,0.0198675496688742,1.24503311258278,1.21854304635762,0.0397350993377483,0.218543046357616,0.0794701986754967,0.0728476821192053,0.456953642384106,0.0198675496688742,0.781456953642384,0.211920529801325,2.34437086092715,0.28476821192053,0.543046357615894,1.16556291390728,0.112582781456954,9.98013245033113,0.105960264900662,0.0728476821192053,50938,11361,0.61730211245355,0.961783439490446,0.719047619047619,75,41.144,15.7108193394967,12.3601130799661,-46.3987775219396,804.549668874172,26.0927152317881,0,0,0,0,0,0,1
65535,752,0.513157894736842,0.105263157894737,0.690789473684211,1.38157894736842,0.0394736842105263,0.0592105263157895,0.598684210526316,1.57236842105263,0.0328947368421053,0.743421052631579,0.0986842105263158,0.0197368421052632,1.44078947368421,0.453947368421053,0.0789473684210526,0.447368421052632,0.0328947368421053,0.0460526315789474,1.07894736842105,0.00657894736842105,0.585526315789474,0.572368421052632,1.99342105263158,0.381578947368421,0.611842105263158,1.31578947368421,0.144736842105263,16.6842105263158,0.157894736842105,0.118421052631579,56581,11437,0.569718572241463,0.968152866242038,0.730769230769231,75,41.136,15.4199520766921,12.6727311898549,-81.4179425475973,876.565789473684,30.3815789473684,0,0,0,0,0,0,1
65535,828,0.36,0.155555555555556,0.977777777777778,2.08444444444444,0.0711111111111111,0.0577777777777778,0.986666666666667,1.84,0.08,0.355555555555556,0.173333333333333,0.0444444444444444,1.11111111111111,0.511111111111111,0.0533333333333333,0.355555555555556,0.0622222222222222,0.0755555555555556,1.16888888888889,0.0222222222222222,0.622222222222222,0.702222222222222,5.49777777777778,0.355555555555556,0.595555555555556,1.81333333333333,0.16,25.5377777777778,0.16,0.186666666666667,62300,16929,0.851599929568911,0.910931174089069,0.625,75,57.428,23.8334954184224,12.4933346117152,-74.3861804760534,420.36,31.8311111111111,0,0,0,0,0,0,1
65535,903,0.37719298245614,0.166666666666667,0.824561403508772,1.01754385964912,0.0526315789473684,0.0964912280701754,0.684210526315789,1.7280701754386,0.043859649122807,0.473684210526316,0.0964912280701754,0.043859649122807,0.736842105263158,0.394736842105263,0.0263157894736842,0.385964912280702,0.0526315789473684,0.0964912280701754,1.42982456140351,0.0175438596491228,0.657894736842105,0.307017543859649,1.18421052631579,0.350877192982456,0.587719298245614,1.2719298245614,0.149122807017544,16.8070175438597,0.0614035087719298,0.0964912280701754,903,8577,0.643939934170212,0.957983193277311,0.74025974025974,75,35.785,13.8555613894205,10.600558168365,-19.3661620915758,635.982456140351,35.219298245614,0,0,0,0,0,0,1
65535,978,0.224137931034483,0.103448275862069,1.18965517241379,0.448275862068966,0.0258620689655172,0.0431034482758621,0.75,1.41379310344828,0.0862068965517241,0.482758620689655,0.163793103448276,0.0431034482758621,0.775862068965517,0.25,0.0431034482758621,0.258620689655172,0.0258620689655172,0.0517241379310345,1.19827586206897,0.0172413793103448,0.594827586206897,0.344827586206897,5.39655172413793,0.224137931034483,0.827586206896552,1.10344827586207,0.0862068965517241,12.7672413793103,0.120689655172414,0.0862068965517241,978,8728,0.708224522320448,0.943089430894309,0.69047619047619,75,36.918,14.5799553220878,10.2932628605716,23.8627256872723,924.491379310345,34.5086206896552,0,0,0,0,0,0,1
65535,1053,0.394160583941606,0.0802919708029197,0.401459854014599,0.970802919708029,0.0072992700729927,0.0656934306569343,0.992700729927007,1.54744525547445,0.072992700729927,0.854014598540146,0.0583941605839416,0.0291970802919708,1.05839416058394,0.445255474452555,0.0437956204379562,0.35036496350365,0.0218978102189781,0.0583941605839416,0.452554744525547,0.0291970802919708,1.51824817518248,0.343065693430657,0.671532846715328,0.394160583941606,1.21167883211679,1.12408759124088,0.145985401459854,13.4233576642336,0.109489051094891,0.18978102189781,1053,10308,0.709847437642867,0.944827586206897,0.702564102564103,75,40.193,15.8323223617314,11.1515827139023,26.0893021818724,581.56204379562,35.6642335766423,0,0,0,0,0,0,1
65535,1129,0.143589743589744,0.138461538461538,1.25128205128205,1.55897435897436,0.0358974358974359,0.0564102564102564,1.38461538461538,1.82051282051282,0.0512820512820513,0.348717948717949,0.153846153846154,0.0461538461538462,0.564102564102564,0.18974358974359,0.148717948717949,0.476923076923077,0.0461538461538462,0.0769230769230769,0.841025641025641,0.0153846153846154,0.451282051282051,0.369230769230769,2.14871794871795,0.251282051282051,0.2,1.72820512820513,0.184615384615385,19.774358974359,0.107692307692308,0.184615384615385,1129,14672,0.814963750677128,0.960591133004926,0.65,75,50.415,20.9750694228047,12.1553031091368,66.5860475149174,1108.6,35.1846153846154,0,0,0,0,0,0,1
65535,1204,0.685714285714286,0.157142857142857,0.942857142857143,1.88571428571429,0.0642857142857143,0.0785714285714286,1.1,1.9,0.0571428571428571,0.364285714285714,0.192857142857143,0.0357142857142857,1.32857142857143,0.457142857142857,0.0857142857142857,0.692857142857143,0.121428571428571,0.05,1.07142857142857,0.00714285714285714,0.528571428571429,0.614285714285714,8.80714285714286,0.292857142857143,0.364285714285714,1.53571428571429,0.171428571428571,26.2642857142857,0.114285714285714,0.278571428571429,1204,10534,0.785535414924038,0.939597315436242,0.673076923076923,75,41.599,17.0825164619412,10.5709465157606,-61.8487438736475,1066.03571428571,34.9142857142857,0.377358490566038,75,1731,0,0,0,1
65535,1279,0.511013215859031,0.149779735682819,1.24669603524229,2.31277533039648,0.0616740088105727,0.0837004405286344,0.969162995594714,1.70925110132159,0.0484581497797357,0.400881057268722,0.185022026431718,0.026431718061674,0.938325991189427,0.431718061674009,0.0881057268722467,0.515418502202643,0.066079295154185,0.0748898678414097,1.44052863436123,0.0440528634361234,0.585903083700441,0.3215859030837,4.87224669603524,0.299559471365639,0.400881057268722,1.94713656387665,0.176211453744493,22.15859030837,0.101321585903084,0.224669603524229,1279,17080,0.733662258988611,0.961864406779661,0.702786377708978,75,52.375,20.7195517291868,14.0792317784744,-54.9525537524377,1129.53303964758,39.8986784140969,0,0,0,0,0,0,1
65535,1354,0.211920529801325,0.119205298013245,0.635761589403974,1.22516556291391,0.0463576158940397,0.0662251655629139,0.754966887417219,0.986754966887417,0.0264900662251656,0.615894039735099,0.0596026490066225,0.033112582781457,1.41721854304636,0.364238410596026,0.033112582781457,0.264900662251656,0.0662251655629139,0.0596026490066225,0.847682119205298,0.0132450331125828,0.874172185430464,0.47682119205298,10.4172185430464,0.258278145695364,0.649006622516556,1.34437086092715,0.132450331125828,11.9072847682119,0.0927152317880795,0.0662251655629139,1354,11361,0.710764789272748,0.955696202531646,0.725961538461538,75,42.062,16.6226018752648,11.6928326949957,-29.3375255751717,1477.83443708609,38.9867549668874,0,0,0,0,0,0,1
65535,1430,0.27810650887574,0.0946745562130177,0.615384615384615,NaN,0.0355029585798817,0.0355029585798817,0.497041420118343,1.54437869822485,0.0532544378698225,0.656804733727811,0.0828402366863905,0.0177514792899408,0.609467455621302,0.242603550295858,0.0650887573964497,0.325443786982249,0.100591715976331,0.0591715976331361,0.733727810650888,0.0236686390532544,0.928994082840237,0.414201183431953,1.2189349112426,0.313609467455621,0.455621301775148,1.09467455621302,0.195266272189349,13.1715976331361,0.100591715976331,0.118343195266272,1430,12716,0.642168060489298,0.960227272727273,0.710084033613445,75,44.51,16.8317655563942,12.902623511795,-85.2785044193764,694.644970414201,40.1538461538462,0,0,0,0,0,0,0
65535,1505,0.212389380530973,0.079646017699115,0.68141592920354,2.33628318584071,0.132743362831858,0.106194690265487,1.11504424778761,2.00884955752212,0.0442477876106195,0.442477876106195,0.168141592920354,0.0530973451327434,0.787610619469027,0.371681415929204,0.106194690265487,0.566371681415929,0.0619469026548673,0.141592920353982,1.50442477876106,0,0.610619469026549,0.690265486725664,4.53097345132743,0.336283185840708,0.36283185840708,1.75221238938053,0.230088495575221,25.7964601769912,0.15929203539823,0.221238938053097,1505,8502,0.600615756618943,0.933884297520661,0.668639053254438,75,36.736,13.5581606816015,10.8402621268184,42.9346678694966,304.345132743363,43.1681415929204,0,0,0,0,0,0,1
65535,1580,0.257352941176471,0.0882352941176471,0.610294117647059,0.794117647058823,0.0367647058823529,0.0441176470588235,0.5,1.19852941176471,0.0441176470588235,0.595588235294118,0.0294117647058824,0.0294117647058824,1.22058823529412,0.272058823529412,0.0147058823529412,0.294117647058824,0.0514705882352941,0.0367647058823529,0.632352941176471,0.0294117647058824,1.02205882352941,0.294117647058824,0.698529411764706,0.294117647058824,1.47794117647059,1.38235294117647,0.117647058823529,12.0514705882353,0.110294117647059,0.0735294117647059,1580,10233,0.563481585631956,0.931506849315068,0.647619047619048,75,40.863,14.644422169172,12.0981763293482,33.1526352692291,775.764705882353,42.625,0,0,0,0,0,0,1
65535,1655,0.273972602739726,0.205479452054795,0.253424657534247,0.0684931506849315,0.0410958904109589,0.164383561643836,5.49315068493151,2.27397260273973,0.123287671232877,0.273972602739726,0.10958904109589,0.089041095890411,0.431506849315069,0.39041095890411,1.56849315068493,0.171232876712329,0.0958904109589041,0.116438356164384,0.226027397260274,0.0136986301369863,1.08904109589041,0.671232876712329,1.58904109589041,0.417808219178082,NaN,0.910958904109589,0.26027397260274,1.84931506849315,0.116438356164384,0.0753424657534247,1655,10985,0.695845958987902,0.929936305732484,0.648888888888889,75,44.138,16.3444355999486,11.7384275593095,-42.3184254314332,1024.50684931507,44.9246575342466,0.303571428571429,75,2107,0,0,0,0
65535,1731,0.330578512396694,0.140495867768595,0.471074380165289,1.58677685950413,0.0578512396694215,0.0330578512396694,0.553719008264463,1.5702479338843,0.0826446280991736,0.380165289256198,0.107438016528926,0.0578512396694215,0.735537190082645,0.479338842975207,0.0826446280991736,0.355371900826446,0.0330578512396694,0.0495867768595041,0.958677685950413,0.00826446280991736,0.512396694214876,0.322314049586777,1.5702479338843,0.256198347107438,0.43801652892562,1.10743801652893,0.165289256198347,16.5867768595041,0.0165289256198347,0.132231404958678,1731,9104,0.757366556168662,0.889705882352941,0.733333333333333,75,40.929,15.8844789894016,10.3724054426589,-10.1755874483439,1067.44628099174,46.0495867768595,0.372549019607843,75,1204,0,0,0,1
65535,1806,0.335820895522388,0.0447761194029851,1.17910447761194,1.24626865671642,0.0746268656716418,0.082089552238806,0.828358208955224,1.58208955223881,0.0447761194029851,0.567164179104478,0.126865671641791,0.0671641791044776,1.07462686567164,0.462686567164179,0.082089552238806,0.440298507462687,0.119402985074627,0.0746268656716418,0.977611940298508,0.0149253731343284,0.708955223880597,0.455223880597015,12.1492537313433,0.358208955223881,0.805970149253731,1.50746268656716,0.119402985074627,22.7761194029851,0.156716417910448,0.156716417910448,1806,10082,0.437868187419169,0.930555555555556,0.736263736263736,75,40.102,13.925896228395,12.5199263512762,3.29996976362907,188.014925373134,46.9477611940299,0,0,0,0,0,0,1
65535,1881,0.585227272727273,0.164772727272727,0.8125,1.72727272727273,0.0625,0.0795454545454545,0.857954545454545,1.27272727272727,0.0397727272727273,0.761363636363636,0.142045454545455,0.0397727272727273,1.05681818181818,0.335227272727273,0.0511363636363636,0.431818181818182,0.0397727272727273,0.0625,0.698863636363636,0.0170454545454545,0.778409090909091,0.517045454545455,2.36931818181818,0.301136363636364,0.443181818181818,1.19886363636364,0.159090909090909,NaN,0.0738636363636364,0.125,1881,13242,0.814927748293884,0.884422110552764,0.628571428571429,75,51.217,20.2293849513361,11.7241942012967,74.2369842786706,1088.73863636364,50.8352272727273,0.375,75,1956,0,0,0,0
65535,1956,1.20634920634921,0.174603174603175,1.12698412698413,1.43650793650794,0.0793650793650794,0.0476190476190476,1.58730158730159,2.36507936507937,0.0317460317460317,0.317460317460317,0.126984126984127,0.0396825396825397,2.53968253968254,0.380952380952381,0.0873015873015873,0.53968253968254,0.0714285714285714,0.0396825396825397,0.579365079365079,0,0.373015873015873,0.317460317460317,6.1031746031746,0.317460317460317,0.563492063492063,0.968253968253968,0.0793650793650794,21.3015873015873,0.126984126984127,0.111111111111111,1956,9480,0.489462633709691,0.9,0.692307692307692,75,40.747,13.8779904828771,12.1019445416448,12.8079121993966,1097.2619047619,56.8650793650794,0.450980392156863,75,1881,0,0,0,1
65535,2032,0.185714285714286,0.15,0.664285714285714,1.14285714285714,0.05,0.0357142857142857,0.6,1.41428571428571,0.0285714285714286,0.278571428571429,0.0857142857142857,0.0428571428571429,0.6,0.214285714285714,1.75,0.357142857142857,0.107142857142857,0.05,1.57142857142857,0,0.5,0.221428571428571,4.55714285714286,0.278571428571429,0.7,0.928571428571429,0.128571428571429,11.7214285714286,0.0571428571428571,0.121428571428571,2032,10534,0.779262441385331,0.927152317880795,0.673076923076923,75,42.434,17.2248494266858,10.7947740718375,32.1042072112228,645.857142857143,57.2642857142857,0,0,0,0,0,0,1
65535,2107,0.24031007751938,0.271317829457364,0.286821705426357,0.0542635658914729,0.0697674418604651,0.155038759689922,6.49612403100775,2.35658914728682,0.10077519379845,0.24031007751938,0.0387596899224806,0.0775193798449612,0.472868217054264,0.294573643410853,0.37984496124031,0.224806201550388,0.13953488372093,0.116279069767442,0.147286821705426,0.0232558139534884,1.37209302325581,0.565891472868217,1.61240310077519,0.542635658914729,NaN,0.930232558139535,0.232558139534884,1.67441860465116,0.147286821705426,0.155038759689922,2107,9706,0.801843465496677,0.921428571428571,0.573333333333333,75,41.434,16.9931411811277,10.1539821206474,46.6690649514032,1019.41860465116,56.7441860465116,0.285714285714286,75,1655,0,0,0,0
65535,2182,0.218045112781955,0.135338345864662,0.804511278195489,1.93233082706767,0.0601503759398496,0.0902255639097744,0.593984962406015,1.47368421052632,0.0225563909774436,0.323308270676692,0.0676691729323308,0.0225563909774436,0.879699248120301,0.360902255639098,0.037593984962406,0.518796992481203,0.075187969924812,0.037593984962406,0.661654135338346,0.0150375939849624,0.601503759398496,0.308270676691729,1.94736842105263,0.315789473684211,0.413533834586466,1.19548872180451,0.180451127819549,16.1353383458647,0.0601503759398496,0.0676691729323308,2182,10007,0.72920133782382,0.956834532374101,0.755681818181818,75,39.432,15.8412707183119,10.8401690392024,10.5400871896675,901.736842105263,60.4436090225564,0,0,0,0,0,0,1
65535,2257,0.308333333333333,0.108333333333333,0.383333333333333,1.14166666666667,0.0333333333333333,0.075,0.416666666666667,1.46666666666667,0.025,1.05833333333333,0.05,0.0166666666666667,0.766666666666667,0.175,0.425,0.316666666666667,0.0333333333333333,0.0333333333333333,0.691666666666667,0.025,1.725,0.283333333333333,0.366666666666667,0.441666666666667,0.441666666666667,1.11666666666667,0.158333333333333,11.5083333333333,0.166666666666667,0.166666666666667,2257,9029,0.66979334777104,0.9375,0.666666666666667,75,37.497,14.4668859348932,10.7423507779107,8.21596809092911,1164.85,60.1333333333333,0,0,0,0,0,0,1
65535,2332,0.243697478991597,0.142857142857143,NaN,3.15126050420168,0.0672268907563025,0.0588235294117647,0.857142857142857,2.04201680672269,0.0336134453781513,0.815126050420168,0.19327731092437,0,0.764705882352941,0.361344537815126,0.0504201680672269,0.840336134453782,0.0840336134453782,0.117647058823529,0.773109243697479,0.00840336134453781,1.00840336134454,0.411764705882353,2.16806722689076,0.436974789915966,0.319327731092437,1.70588235294118,0.176470588235294,15.0756302521008,0.117647058823529,0.159663865546218,2332,8954,0.780765951061713,0.937007874015748,0.636363636363636,75,40.094,15.9764643380103,9.98247194435481,81.10052856261,1227.73949579832,64.1008403361345,0.450980392156863,75,2408,0,0,0,0
65535,2408,0.200956937799043,0.186602870813397,0.851674641148325,2.43062200956938,0.0287081339712919,0.0717703349282297,0.641148325358852,1.97129186602871,0.0334928229665072,1.34928229665072,0.0909090909090909,0.0143540669856459,0.856459330143541,0.416267942583732,0.0574162679425837,0.559808612440191,0.114832535885167,0.0813397129186603,0.665071770334928,0.00956937799043062,2.22488038277512,0.511961722488038,1.53588516746411,0.660287081339713,0.334928229665072,1.76076555023923,0.15311004784689,13.2631578947368,0.110047846889952,0.110047846889952,2408,15725,0.520075846069686,0.920704845814978,0.725694444444444,75,51.978,17.9131404346452,15.2999729754403,19.4799423235107,1238.6985645933,67.9138755980861,0.333333333333333,75,2332,0,0,0,1
65535,2483,0.251968503937008,0.21259842519685,1.03149606299213,1.53543307086614,0.0866141732283465,0.078740157480315,0.755905511811024,1.48031496062992,0.031496062992126,0.259842519685039,0.165354330708661,0.0236220472440945,1.11811023622047,0.259842519685039,0.0551181102362205,0.330708661417323,0.047244094488189,0.0551181102362205,0.913385826771654,0.0236220472440945,0.551181102362205,0.417322834645669,9.77952755905512,0.259842519685039,0.543307086614173,1.34645669291339,0.118110236220472,17.9212598425197,0.125984251968504,0.267716535433071,2483,9556,0.574705464616827,0.940740740740741,0.651282051282051,75,38.994,14.2630916606684,11.6723483914637,-82.6788512796807,401.456692913386,71.1653543307087,0,0,0,0,0,0,1
65535,2558,0.533834586466165,0.112781954887218,0.669172932330827,1.18796992481203,0.0451127819548872,0.037593984962406,0.631578947368421,1.57894736842105,0.0225563909774436,0.473684210526316,0.037593984962406,0.0601503759398496,2.25563909774436,0.360902255639098,0.075187969924812,0.421052631578947,0.0902255639097744,0.0451127819548872,0.962406015037594,0,0.676691729323308,0.421052631578947,1.55639097744361,0.240601503759398,0.706766917293233,1.45864661654135,0.12781954887218,15.2932330827068,0.0902255639097744,0.135338345864662,2558,10007,0.580611066216139,0.956834532374101,0.738888888888889,75,38.969,14.5224965618745,11.8239415672224,84.5453154078278,347.932330827068,71.5639097744361,0,0,0,0,0,0,1
65535,2633,0.420289855072464,0.16304347826087,0.815217391304348,1.81884057971015,0.0471014492753623,0.0688405797101449,0.717391304347826,1.82246376811594,0.0688405797101449,0.52536231884058,0.188405797101449,0.0253623188405797,NaN,0.38768115942029,0.108695652173913,0.431159420289855,0.072463768115942,0.0869565217391304,0.996376811594203,0.0217391304347826,0.768115942028985,0.532608695652174,3.79710144927536,0.347826086956522,0.431159420289855,1.71376811594203,0.16304347826087,20.6485507246377,0.13768115942029,0.181159420289855,2633,20767,0.707244308228491,0.948453608247423,0.696969696969697,75,59.479,22.5958709642742,15.9745854378489,-64.506818704483,754.275362318841,71.3224637681159,0,0,0,0,0,0,0
65535,2709,0.45,0.142857142857143,0.8,1.77142857142857,0.0642857142857143,0.0214285714285714,0.55,1.50714285714286,0.05,0.4,0.178571428571429,0.0214285714285714,0.692857142857143,0.357142857142857,0.328571428571429,0.407142857142857,0.0428571428571429,0.0428571428571429,1.00714285714286,0.0285714285714286,0.478571428571429,0.385714285714286,1.66428571428571,0.307142857142857,0.478571428571429,1.38571428571429,0.15,17.8714285714286,0.107142857142857,0.142857142857143,2709,10534,0.779359473830909,0.952380952380952,0.686274509803922,75,41.88,17.038607978319,10.676000872225,20.2110875360847,650.564285714286,74.1928571428571,0,0,0,0,0,0,1
65535,2784,0.184615384615385,0.130769230769231,0.592307692307692,1.05384615384615,0.0538461538461538,0.0307692307692308,0.430769230769231,1.23076923076923,0.0307692307692308,0.707692307692308,0.0384615384615385,0.0230769230769231,0.907692307692308,0.423076923076923,0.215384615384615,0.338461538461538,0.0923076923076923,0.0769230769230769,0.753846153846154,0,1.27692307692308,0.346153846153846,8.34615384615385,0.269230769230769,0.584615384615385,1.03076923076923,0.115384615384615,9.91538461538462,0.0923076923076923,0.123076923076923,2784,9781,0.814998460422556,0.921985815602837,0.577777777777778,75,42.542,17.3327628064909,10.0436968450088,36.0682251857412,710.246153846154,78.3307692307692,0.351851851851852,75,3010,0,0,0,1
65535,2859,0.780821917808219,0.150684931506849,1.08219178082192,2.13698630136986,0.045662100456621,0.045662100456621,1.27397260273973,1.92237442922374,0.0502283105022831,0.36986301369863,0.0776255707762557,0.0319634703196347,1.21917808219178,0.515981735159817,0.091324200913242,0.584474885844749,0.0502283105022831,0.0958904109589041,0.707762557077626,0.0091324200913242,0.648401826484018,0.328767123287671,2.26027397260274,0.305936073059361,0.465753424657534,1.32420091324201,0.091324200913242,20.5936073059361,0.10958904109589,0.19634703196347,2859,16478,0.814260565343903,0.969026548672566,0.711038961038961,75,52.929,22.0876919248702,12.8218953023659,15.1561089023249,1113.96803652968,78.958904109589,0.132352941176471,75,3612,0,0,0,1
65535,2934,0.375,0.108870967741935,0.370967741935484,1.36693548387097,0.00806451612903226,0.0604838709677419,0.665322580645161,1.7258064516129,0.0403225806451613,0.532258064516129,0.0645161290322581,0.0282258064516129,3.29838709677419,0.415322580645161,0.0483870967741935,0.423387096774194,0.0967741935483871,0.0604838709677419,0.455645161290323,0.0120967741935484,0.592741935483871,0.270161290322581,0.762096774193548,0.314516129032258,0.94758064516129,1.09677419354839,0.149193548387097,12.2298387096774,0.0766129032258065,0.116935483870968,2934,18660,0.59616029616073,0.957528957528958,0.688888888888889,75,54.633,20.0061192272655,16.0622215483298,-59.8431267432702,1426.8064516129,78.2862903225806,0,0,0,0,0,0,1
65535,3010,0.177142857142857,0.142857142857143,0.417142857142857,1.57714285714286,0.0342857142857143,0.0457142857142857,0.594285714285714,1.31428571428571,0.0457142857142857,0.68,0.165714285714286,0.0171428571428571,0.634285714285714,0.365714285714286,0.0457142857142857,0.257142857142857,0.08,0.0457142857142857,0.811428571428571,0,0.891428571428571,0.565714285714286,3.03428571428571,0.434285714285714,0.314285714285714,1.61714285714286,0.177142857142857,12.5828571428571,0.114285714285714,0.222857142857143,3010,13167,0.486581587356451,0.906735751295337,0.686274509803922,75,50.754,16.5720007670876,14.4778822197463,68.5839461657823,698.274285714286,81.4114285714286,0.327868852459016,75,2784,0,0,0,1
65535,3085,0.149484536082474,0.118556701030928,0.510309278350515,1.59278350515464,0.0567010309278351,0.0309278350515464,0.623711340206186,0.974226804123711,0.0412371134020619,0.43298969072165,0.077319587628866,0.0412371134020619,0.520618556701031,0.27319587628866,0.0360824742268041,0.371134020618557,0.0206185567010309,0.0515463917525773,0.670103092783505,0.0257731958762887,0.484536082474227,0.335051546391753,1.85051546391753,0.216494845360825,0.278350515463918,0.860824742268041,0.170103092783505,10.7886597938144,0.103092783505155,0.164948453608247,3085,14597,0.397665212752294,0.950980392156863,0.713235294117647,75,47.603,16.5371740835466,15.1733630485784,-53.448938927986,1192.84536082474,83.1288659793814,0,0,0,0,0,0,1
65535,3160,0.20952380952381,0.257142857142857,1.02857142857143,2.11428571428571,0.0761904761904762,0.0571428571428571,0.752380952380952,1.36190476190476,0.104761904761905,0.371428571428571,0.161904761904762,0.0380952380952381,0.742857142857143,0.495238095238095,0.0571428571428571,0.495238095238095,0.0666666666666667,0.0857142857142857,1.2,0.0285714285714286,0.6,0.533333333333333,5.96190476190476,0.304761904761905,0.495238095238095,1.59047619047619,0.114285714285714,16.5333333333333,0.142857142857143,0.123809523809524,3160,7900,0.832305643537846,0.897435897435897,0.576923076923077,75,39.358,15.8231190232363,8.77102357138991,-43.4665691764145,610.057142857143,82.6190476190476,0.530612244897959,75,3461,0,0,0,1
65535,3235,0.238461538461538,0.1,0.661538461538462,2.43846153846154,0.0692307692307692,0.0538461538461538,0.692307692307692,1.53846153846154,0.0230769230769231,0.484615384615385,0.138461538461538,0.0384615384615385,2.24615384615385,0.3,0.0692307692307692,0.507692307692308,0.0538461538461538,0.1,0.869230769230769,0.0307692307692308,0.561538461538462,0.415384615384615,7.9,0.276923076923077,0.430769230769231,1.46153846153846,0.1,19.7538461538462,0.153846153846154,0.253846153846154,3235,9781,0.495463947317215,0.935251798561151,0.769230769230769,75,40.168,14.062111455298,12.2147508279779,-45.6034712732878,894.515384615385,85.6692307692308,0.346938775510204,75,3913,0,0,0,1
65535,3311,0.666666666666667,0.135802469135802,0.765432098765432,3.59259259259259,0.037037037037037,0.111111111111111,0.91358024691358,1.77777777777778,0.0493827160493827,0.382716049382716,0.0864197530864197,0.0246913580246914,1.12345679012346,0.407407407407407,0.0617283950617284,0.666666666666667,0.0740740740740741,0.0864197530864197,1.04938271604938,0.0246913580246914,0.641975308641975,0.827160493827161,0.888888888888889,0.382716049382716,0.740740740740741,1.97530864197531,0.0987654320987654,21.8395061728395,0.111111111111111,0.234567901234568,3311,6095,0.619883788257759,0.964285714285714,0.75,75,29.971,11.6416884063109,9.13515870589226,-2.37179436287111,798.160493827161,86.4691358024691,0.5,75,3687,0,0,0,1
65535,3386,0.302752293577982,0.0458715596330275,0.779816513761468,1.35779816513761,0.055045871559633,0.0458715596330275,0.541284403669725,1.34862385321101,0.0275229357798165,0.339449541284404,0.036697247706422,0.0275229357798165,0.944954128440367,0.238532110091743,0.055045871559633,0.339449541284404,0.036697247706422,0.0458715596330275,0.825688073394495,0.00917431192660551,0.541284403669725,0.385321100917431,9.11926605504587,0.18348623853211,0.605504587155963,0.889908256880734,0.0642201834862385,14.2110091743119,0.100917431192661,0.073394495412844,3386,8201,0.641264159887273,0.939655172413793,0.698717948717949,75,35.421,13.5479258921069,10.3955970984384,-58.9592115359446,817.963302752294,87.2935779816514,0,0,0,0,0,0,1
65535,3461,0.26797385620915,0.117647058823529,0.993464052287582,2.34640522875817,0.0261437908496732,0.0326797385620915,0.797385620915033,1.44444444444444,0.124183006535948,0.30718954248366,0.156862745098039,0.0261437908496732,0.725490196078431,0.405228758169935,0.0326797385620915,0.549019607843137,0.065359477124183,0.0326797385620915,0.764705882352941,0,0.529411764705882,0.418300653594771,2.27450980392157,0.254901960784314,0.241830065359477,1.37254901960784,0.143790849673203,15.516339869281,0.117647058823529,0.111111111111111,3461,11512,0.779577558723223,0.879310344827586,0.5625,75,48.538,18.3509988055638,11.4933351538287,-45.9362362229757,606.006535947712,89.9803921568627,0.442622950819672,75,3160,0,0,0,1
65535,3536,0.16030534351145,0.0763358778625954,0.67175572519084,1.48854961832061,0.0458015267175573,0.0610687022900763,0.732824427480916,1.17557251908397,0.0381679389312977,0.396946564885496,0.16030534351145,0.00763358778625954,0.557251908396947,0.221374045801527,0.114503816793893,0.473282442748092,0.106870229007634,0.0534351145038168,0.893129770992366,0.00763358778625954,0.687022900763359,0.435114503816794,5.08396946564886,0.251908396946565,0.343511450381679,1.37404580152672,0.190839694656489,12.3587786259542,0.0916030534351145,0.145038167938931,3536,9857,0.374335795935879,0.922535211267606,0.623809523809524,75,40.954,13.7718695831071,12.7705612616074,62.9513249224944,508.396946564885,91.175572519084,0,0,0,0,0,0,1
65535,3612,0.283464566929134,0.15748031496063,0.47244094488189,0.606299212598425,0.031496062992126,0.047244094488189,0.551181102362205,1.2755905511811,0.0393700787401575,0.716535433070866,0.0551181102362205,0.031496062992126,2.28346456692913,0.228346456692913,0.0393700787401575,0.259842519685039,0.031496062992126,0.031496062992126,0.480314960629921,0.0078740157480315,0.795275590551181,0.244094488188976,2.39370078740158,0.259842519685039,0.874015748031496,0.929133858267717,0.102362204724409,11.1496062992126,0.102362204724409,0.047244094488189,3612,9556,0.393293555080916,0.954887218045113,0.697802197802198,75,38.688,13.4574258011969,12.3729316058122,30.7273181327827,1111.09448818898,93.0551181102362,0.166666666666667,75,2859,0,0,0,1
65535,3687,0.409090909090909,0.123376623376623,0.824675324675325,2.26623376623377,0.0454545454545455,0.0194805194805195,0.655844155844156,1.69480519480519,0.0649350649350649,0.454545454545455,0.11038961038961,0.051948051948052,0.707792207792208,0.253246753246753,0.0324675324675325,0.597402597402597,0.0649350649350649,0.0779220779220779,0.714285714285714,0.00649350649350649,0.409090909090909,0.305194805194805,2.01948051948052,0.188311688311688,0.512987012987013,1.01298701298701,0.136363636363636,16.4545454545455,0.0909090909090909,0.12987012987013,3687,11587,0.712965394667317,0.905882352941176,0.6875,75,44.659,17.051364502008,11.9564034872636,13.5017226950188,801.266233766234,94.8766233766234,0.345454545454545,75,3311,0,0,0,1
65535,3762,0.382608695652174,0.130434782608696,0.739130434782609,1.50434782608696,0.0434782608695652,0.0695652173913043,1.81739130434783,2.28695652173913,0.0434782608695652,0.573913043478261,0.173913043478261,0.0608695652173913,1.14782608695652,0.547826086956522,0.182608695652174,0.434782608695652,0.0521739130434783,0.0608695652173913,1.25217391304348,0,0.756521739130435,0.843478260869565,2.64347826086957,0.347826086956522,0.339130434782609,1.7304347826087,0.147826086956522,22.8086956521739,0.121739130434783,0.147826086956522,3762,8653,0.50313161251358,0.950413223140496,0.680473372781065,75,36.182,13.1197204157438,11.3381909722845,-39.687924656143,127.034782608696,95.7739130434783,0,0,0,0,0,0,1
65535,3837,0.598214285714286,0.160714285714286,1.875,2.42857142857143,0.116071428571429,0.0892857142857143,1.60714285714286,1.95535714285714,0.0535714285714286,0.419642857142857,0.25,0.0267857142857143,2.10714285714286,0.455357142857143,1.9375,0.473214285714286,0.0357142857142857,0.0714285714285714,1.54464285714286,0.00892857142857143,0.473214285714286,0.455357142857143,4.80357142857143,0.366071428571429,0.491071428571429,1.94642857142857,0.151785714285714,24.1339285714286,0.133928571428571,0.214285714285714,3837,8427,0.618536933644942,0.949152542372881,0.666666666666667,75,36.182,13.6645288300725,10.7369817780631,-71.7053083765029,412.598214285714,94.1785714285714,0,0,0,0,0,0,1
65535,3913,0.23936170212766,0.138297872340426,0.372340425531915,1.28723404255319,0.0319148936170213,0.0372340425531915,0.930851063829787,1.79255319148936,0.0106382978723404,0.478723404255319,0.111702127659574,0.0372340425531915,2.62234042553191,0.388297872340426,0.0425531914893617,0.420212765957447,0.101063829787234,0.0638297872340425,0.553191489361702,0.00531914893617021,0.952127659574468,0.265957446808511,5.01063829787234,0.468085106382979,1.09574468085106,1.00531914893617,0.180851063829787,17.4414893617021,0.138297872340426,0.117021276595745,3913,14145,0.786791559626731,0.94949494949495,0.783333333333333,75,49.786,19.9780349081143,12.3308186453833,-9.46781799506907,899.909574468085,96.5904255319149,0.283333333333333,75,3235,0,0,0,1
65535,3988,0.321428571428571,0.0982142857142857,1.25892857142857,1.9375,0.0625,0.0714285714285714,1.25,1.51785714285714,0.0625,0.464285714285714,0.0982142857142857,0.0267857142857143,1.21428571428571,0.339285714285714,0.0625,0.375,0.0446428571428571,0.0535714285714286,0.919642857142857,0.00892857142857143,0.526785714285714,0.375,5.75,0.348214285714286,0.6875,1.3125,0.151785714285714,18.0714285714286,0.0892857142857143,0.142857142857143,3988,8427,0.618398453059444,0.96551724137931,0.717948717948718,75,35.049,13.5398607415498,10.6404988283974,-54.8736824496246,987.553571428571,103.258928571429,0,0,0,0,0,0,1
65535,4063,0.403361344537815,0.184873949579832,0.38655462184874,0.747899159663866,0.0168067226890756,0.0336134453781513,0.680672268907563,1.65546218487395,0.00840336134453781,1.49579831932773,0.0672268907563025,0.0252100840336134,1.63025210084034,0.46218487394958,0.0504201680672269,0.361344537815126,0.0840336134453782,0.092436974789916,0.554621848739496,0.00840336134453781,2.38655462184874,0.478991596638655,0.428571428571429,0.470588235294118,0.411764705882353,1.60504201680672,0.168067226890756,10.781512605042,0.109243697478992,0.109243697478992,4063,8954,0.447142761306882,0.967479674796748,0.708333333333333,75,36.174,13.0877403317387,11.7064943053314,-1.00583746564942,971.840336134454,105.235294117647,0,0,0,0,0,0,1
65535,4138,0.251798561151079,0.158273381294964,0.294964028776978,0.669064748201439,0.00719424460431655,0.0719424460431655,0.510791366906475,1.7410071942446,0.0287769784172662,0.705035971223022,0.0359712230215827,0.0287769784172662,2.17985611510791,0.431654676258993,0.0647482014388489,0.366906474820144,0.0863309352517986,0.0863309352517986,0.438848920863309,0.00719424460431655,1.48201438848921,0.431654676258993,9.38848920863309,0.424460431654676,1.05755395683453,1.05755395683453,0.172661870503597,12.0359712230216,0.129496402877698,0.122302158273381,4138,10459,0.333851670751799,0.965277777777778,0.709183673469388,75,39.457,13.8327736617267,13.0391268672243,-7.84434667953716,259.928057553957,107.705035971223,0,0,0,0,0,0,1
65535,4214,0.261194029850746,0.126865671641791,0.619402985074627,1.20149253731343,0.0223880597014925,0.0447761194029851,0.567164179104478,1.20149253731343,0.00746268656716418,0.582089552238806,0.0522388059701493,0.0373134328358209,1.19402985074627,0.373134328358209,0.26865671641791,0.238805970149254,0.0597014925373134,0.0447761194029851,0.656716417910448,0,0.925373134328358,0.223880597014925,4.06716417910448,0.350746268656716,0.813432835820896,1.16417910447761,0.119402985074627,9.72388059701493,0.141791044776119,0.0597014925373134,4214,10082,0.583963189679531,0.964028776978417,0.683673469387755,75,38.903,14.6181030288935,11.8666856999279,-47.7742192001908,1452.23134328358,112.686567164179,0,0,0,0,0,0,1
65535,4289,0.151685393258427,0.157303370786517,1.31460674157303,0.960674157303371,0.0168539325842697,0.0674157303370787,1.52808988764045,2.2752808988764,0.0730337078651685,0.674157303370787,0.134831460674157,0.0224719101123596,0.904494382022472,0.455056179775281,0.106741573033708,0.573033707865169,0.0617977528089888,0.0898876404494382,1.79213483146067,0.0112359550561798,1.04494382022472,0.713483146067416,1.86516853932584,0.49438202247191,0.5,1.59550561797753,0.207865168539326,17.5280898876404,0.134831460674157,0.157303370786517,4289,13393,0.795999805121422,0.931937172774869,0.624561403508772,75,48.447,19.5740392183608,11.8481048243595,62.5448393106312,429.893258426966,113.370786516854,0,0,0,0,0,0,1
65535,4364,0.23972602739726,0.191780821917808,0.493150684931507,0.821917808219178,0.0273972602739726,0.0547945205479452,0.534246575342466,1.21232876712329,0.0273972602739726,0.458904109589041,0.0410958904109589,0.0205479452054795,0.773972602739726,0.301369863013699,0.0273972602739726,0.321917808219178,0.089041095890411,0.0342465753424658,0.424657534246575,0.0136986301369863,0.917808219178082,0.294520547945205,2.06164383561644,0.26027397260274,0.931506849315068,0.986301369863014,0.102739726027397,11.3082191780822,0.0753424657534247,0.0821917808219178,4364,10985,0.504939723182862,0.941935483870968,0.695238095238095,75,41.417,14.8744653323681,12.8389632814549,-18.4492816865255,1367.65068493151,115.22602739726,0,0,0,0,0,0,1
65535,4439,0.335135135135135,0.178378378378378,0.491891891891892,0.821621621621622,0.0162162162162162,0.0756756756756757,0.643243243243243,1.69189189189189,0.0378378378378378,0.827027027027027,0.0702702702702703,0.0324324324324324,4.78378378378378,0.367567567567568,0.0756756756756757,0.502702702702703,0.0756756756756757,0.0486486486486487,0.540540540540541,0.00540540540540541,1.51351351351351,0.351351351351351,3.65945945945946,0.372972972972973,0.854054054054054,1.25945945945946,0.102702702702703,11.9945945945946,0.0864864864864865,0.118918918918919,4439,13920,0.64678884006043,0.939086294416244,0.725490196078431,75,48.612,17.7468355414472,13.5349635588711,-71.5796886056381,834.12972972973,118.47027027027,0,0,0,0,0,0,1
65535,4514,0.236111111111111,0.0868055555555556,0.545138888888889,1.11111111111111,0.0381944444444444,0.0590277777777778,0.572916666666667,1.59375,0.03125,0.607638888888889,0.0520833333333333,0.0277777777777778,1.50347222222222,0.357638888888889,0.0590277777777778,0.350694444444444,0.0520833333333333,0.0763888888888889,0.583333333333333,0.0173611111111111,0.989583333333333,0.288194444444444,1.18402777777778,0.295138888888889,0.833333333333333,1.00694444444444,0.138888888888889,11.9826388888889,0.104166666666667,0.114583333333333,4514,21669,0.894070707338881,0.888888888888889,0.507936507936508,75,69.991,29.9292433525351,13.4060818747918,-52.6218450110825,1240.34375,116.802083333333,0,0,0,0,0,0,1
65535,4590,0.262773722627737,0.145985401459854,0.284671532846715,0.642335766423358,0.0656934306569343,0.0291970802919708,0.510948905109489,1.32116788321168,0.0364963503649635,1.08759124087591,0.072992700729927,0.0145985401459854,3.58394160583942,0.35036496350365,0.0583941605839416,0.357664233576642,0.0510948905109489,0.0948905109489051,0.328467153284672,0.0072992700729927,2.05839416058394,0.306569343065693,0.518248175182482,0.386861313868613,0.941605839416058,1.51824817518248,0.145985401459854,11.4160583941606,0.138686131386861,0.0802919708029197,4590,10308,0.804790125923204,0.938356164383562,0.732620320855615,75,41.21,17.3331673929666,10.2882657795312,12.1264619276085,372.751824817518,123.817518248175,0,0,0,0,0,0,1
65535,4665,0.43010752688172,0.188172043010753,0.795698924731183,1.86559139784946,0.021505376344086,0.10752688172043,0.838709677419355,1.98387096774194,0.032258064516129,1.5,0.0752688172043011,0.00537634408602151,2.35483870967742,0.440860215053763,0.0537634408602151,0.60752688172043,0.0537634408602151,0.0537634408602151,0.887096774193548,0.021505376344086,2.43010752688172,0.543010752688172,1.17741935483871,0.650537634408602,0.473118279569893,1.69354838709677,0.112903225806452,13.3118279569892,0.0860215053763441,0.139784946236559,4665,13995,0.414873052674391,0.953846153846154,0.683823529411765,75,46.768,16.2303442375235,14.7676543391845,31.4396400983705,990.629032258065,127.586021505376,0,0,0,0,0,0,1
65535,4740,0.432692307692308,0.115384615384615,0.706730769230769,2.45673076923077,0.0576923076923077,0.0817307692307692,0.769230769230769,1.67788461538462,0.0673076923076923,0.322115384615385,0.163461538461538,0.0192307692307692,0.658653846153846,0.298076923076923,0.0625,0.490384615384615,0.0673076923076923,0.0528846153846154,0.942307692307692,0.00961538461538462,0.639423076923077,0.471153846153846,3.8125,0.365384615384615,0.399038461538462,1.75,0.206730769230769,20.0625,0.115384615384615,0.163461538461538,4740,15650,0.64129507145036,0.932735426008969,0.693333333333333,75,52.491,18.9390741723249,14.5318447521809,-78.2763243598044,294.168269230769,130.413461538462,0,0,0,0,0,0,1
65535,4815,0.422222222222222,0.192592592592593,0.77037037037037,2.01481481481481,0.0814814814814815,0.0592592592592593,1.0962962962963,2.14074074074074,0.0444444444444444,0.437037037037037,0.133333333333333,0.0222222222222222,0.918518518518519,0.444444444444444,0.0888888888888889,0.62962962962963,0.037037037037037,0.118518518518519,1.47407407407407,0.0444444444444444,0.651851851851852,0.703703703703704,5.02222222222222,0.214814814814815,0.325925925925926,2.05185185185185,0.222222222222222,31.2814814814815,0.118518518518519,0.177777777777778,4815,10158,0.839216640863823,0.931034482758621,0.681818181818182,75,42.153,17.9280284656233,9.74921225756577,11.7361965333478,171.674074074074,130.377777777778,0.25,75,5568,0,0,0,1
65535,4891,0.25,0.111842105263158,1.17105263157895,1.38815789473684,0.0460526315789474,0.0526315789473684,1.03289473684211,1.42105263157895,0.0328947368421053,0.532894736842105,0.0855263157894737,0.0328947368421053,0.796052631578947,0.296052631578947,0.0723684210526316,0.506578947368421,0.0526315789473684,0.105263157894737,1.03947368421053,0.00657894736842105,0.730263157894737,0.315789473684211,2.02631578947368,0.322368421052632,0.302631578947368,1.65131578947368,0.197368421052632,18.5328947368421,0.157894736842105,0.0986842105263158,4891,11437,0.464125022359788,0.95,0.779487179487179,75,42.153,14.9042979888383,13.2017755766368,-87.7438867887101,878.039473684211,132.019736842105,0,0,0,0,0,0,1
65535,4966,0.122222222222222,0.0555555555555556,0.577777777777778,1.47777777777778,0.0444444444444444,0.0666666666666667,0.666666666666667,1.34444444444444,0.0111111111111111,0.355555555555556,0.133333333333333,0.0555555555555556,0.733333333333333,0.433333333333333,1.05555555555556,0.366666666666667,0.222222222222222,0.0777777777777778,0.966666666666667,0.0111111111111111,0.611111111111111,0.244444444444444,1.2,0.422222222222222,0.355555555555556,1.04444444444444,0.0333333333333333,9.11111111111111,0.0888888888888889,0.1,4966,6772,0.632024197341605,0.918367346938776,0.629370629370629,75,32.717,12.4088520670172,9.61622318811163,-63.6344106355829,1160.88888888889,132.466666666667,0.488372093023256,75,5342,0,0,0,1
65535,5041,0.158333333333333,0.1,0.683333333333333,0.691666666666667,0.00833333333333333,0.0583333333333333,0.366666666666667,1.24166666666667,0.05,0.4,0.108333333333333,0.0583333333333333,0.458333333333333,0.325,0.05,0.341666666666667,0.0333333333333333,0.0333333333333333,0.883333333333333,0.0333333333333333,0.466666666666667,0.216666666666667,0.85,0.233333333333333,0.391666666666667,1.175,0.166666666666667,10.4,0.108333333333333,0.108333333333333,5041,9029,0.562356546083233,0.94488188976378,0.659340659340659,75,37.588,13.7743957311718,11.3899770762119,-32.3718521739575,1381.5,135.091666666667,0,0,0,0,0,0,1
65535,5116,0.245454545454545,0.195454545454545,0.568181818181818,0.995454545454545,0.0272727272727273,0.0681818181818182,0.722727272727273,1.30909090909091,0.0227272727272727,0.631818181818182,0.0454545454545455,0.0272727272727273,1.51818181818182,0.345454545454545,0.0818181818181818,0.322727272727273,0.0772727272727273,0.0409090909090909,0.745454545454545,0.0136363636363636,1.03181818181818,0.418181818181818,4.02727272727273,0.35,0.654545454545455,1.22727272727273,0.177272727272727,10.8636363636364,0.0818181818181818,0.0818181818181818,5116,16553,0.865668244738407,0.883534136546185,0.597826086956522,75,58.354,24.4751311433321,12.2526938458807,19.5658898799172,1439.83636363636,134.090909090909,0,0,0,0,0,0,1
65535,5192,0.613636363636364,0.0833333333333333,0.901515151515151,1.45454545454545,0.0378787878787879,0.0909090909090909,0.71969696969697,1.86363636363636,0.0151515151515152,0.439393939393939,0.0227272727272727,0.0227272727272727,1.38636363636364,0.401515151515151,0.0227272727272727,0.5,0.053030303030303,0.0757575757575758,0.871212121212121,0.00757575757575758,0.477272727272727,0.257575757575758,1.82575757575758,0.325757575757576,0.553030303030303,1.3030303030303,0.204545454545455,19.9393939393939,0.128787878787879,0.166666666666667,5192,9932,0.441747122748156,0.956521739130435,0.725274725274725,75,38.051,13.7510207347651,12.3365853768878,55.5363633099756,206.787878787879,135.606060606061,0,0,0,0,0,0,1
65535,5267,0.278551532033426,0.133704735376045,0.924791086350975,2.20612813370474,0.064066852367688,0.052924791086351,0.713091922005571,1.5125348189415,0.0306406685236769,0.632311977715877,0.0974930362116992,0.0194986072423398,1.03899721448468,0.387186629526462,0.311977715877437,0.582172701949861,0.0807799442896936,0.0752089136490251,0.941504178272981,0.0139275766016713,0.947075208913649,0.568245125348189,3.33983286908078,0.337047353760446,0.323119777158774,1.49303621169916,0.153203342618384,15.6796657381616,0.119777158774373,0.181058495821727,5267,27012,0.551766556512672,0.952254641909814,0.652727272727273,75,68.891,23.8895503338257,19.923851566156,87.0204005857947,652.610027855153,136.325905292479,0,0,0,0,0,0,1
65535,5342,0.273885350318471,0.101910828025478,0.719745222929936,1.56687898089172,0.0127388535031847,0.121019108280255,0.789808917197452,NaN,0.0445859872611465,0.630573248407643,0.089171974522293,0.0191082802547771,0.853503184713376,0.24203821656051,0.611464968152866,0.496815286624204,0.203821656050955,0.0573248407643312,0.987261146496815,0,0.898089171974522,0.229299363057325,1.54777070063694,0.484076433121019,0.452229299363057,1.27388535031847,0.159235668789809,12.4267515923567,0.140127388535032,0.133757961783439,5342,11813,0.806111709758066,0.912790697674419,0.623015873015873,75,46.743,19.0062330506287,11.2471929276134,-67.7044618603911,1152.59872611465,134.643312101911,0.372881355932203,75,4966,0,0,0,0
65535,5417,0.248366013071895,0.0980392156862745,0.431372549019608,0.581699346405229,0.0392156862745098,0.0588235294117647,0.555555555555556,1.22875816993464,0.0457516339869281,0.666666666666667,0.0522875816993464,0.0326797385620915,1.79738562091503,0.30718954248366,0.0392156862745098,0.281045751633987,0.130718954248366,0.0718954248366013,0.359477124183007,0.0392156862745098,0.843137254901961,0.287581699346405,1.68627450980392,0.320261437908497,0.849673202614379,0.718954248366013,0.0915032679738562,8.48366013071895,0.0980392156862745,0.0326797385620915,5417,11512,0.400719452726231,0.950310559006211,0.780612244897959,75,42.707,14.771083335948,13.5332784844236,65.3988516468892,1055.39869281046,137.947712418301,0,0,0,0,0,0,1
65535,5493,0.65,0.133333333333333,0.916666666666667,3.03333333333333,0.0416666666666667,0.125,1.03333333333333,2.00833333333333,0.025,0.433333333333333,0.166666666666667,0.0416666666666667,1.36666666666667,0.458333333333333,0.0583333333333333,0.575,0.0833333333333333,0.116666666666667,1.00833333333333,0.0166666666666667,0.683333333333333,0.583333333333333,1.16666666666667,0.391666666666667,0.75,1.26666666666667,0.133333333333333,18.1833333333333,0.1,0.158333333333333,5493,9029,0.590296744478984,0.930232558139535,0.710059171597633,75,38.572,14.0353627625421,11.3291528030545,-20.4498325132265,1352.14166666667,137.733333333333,0.404255319148936,75,6019,0,0,0,1
65535,5568,0.583333333333333,0.125,0.766666666666667,1.06666666666667,0.075,0.05,0.65,1.55833333333333,0.0416666666666667,0.358333333333333,0.075,0.0166666666666667,0.666666666666667,0.333333333333333,0.05,0.375,0.05,0.075,0.966666666666667,0.00833333333333333,0.583333333333333,0.366666666666667,2.64166666666667,0.283333333333333,0.416666666666667,1.15,0.108333333333333,17.5,0.108333333333333,0.125,5568,9029,0.326077737585476,0.952380952380952,0.710059171597633,75,36.273,12.8065192433508,12.1065527886861,-20.5132870576386,163.758333333333,139.825,0.270833333333333,75,4815,0,0,0,1
65535,5643,0.450909090909091,0.287272727272727,0.490909090909091,0.541818181818182,0.0763636363636364,0.0581818181818182,0.909090909090909,2.12727272727273,0.0690909090909091,0.996363636363636,0.0981818181818182,0.0618181818181818,1.54545454545455,0.483636363636364,0.330909090909091,0.385454545454545,0.163636363636364,0.247272727272727,0.636363636363636,0.0218181818181818,1.57818181818182,0.425454545454545,4.72,0.447272727272727,0.643636363636364,1.57454545454545,0.185454545454545,13.8727272727273,0.145454545454545,0.134545454545455,5643,20691,0.826675831549365,0.907590759075908,0.545634920634921,75,65.426,25.4772967169981,14.3355265386397,-33.6562150400588,1289.63636363636,142.010909090909,0.25,75,6170,0,0,0,1
65535,5718,0.261904761904762,0.150793650793651,0.817460317460317,1.94444444444444,0.0555555555555556,0.0476190476190476,0.611111111111111,1.9047619047619,0.0396825396825397,0.436507936507937,0.119047619047619,0.00793650793650794,0.698412698412698,0.365079365079365,0.0476190476190476,0.579365079365079,0.0396825396825397,0.103174603174603,0.753968253968254,0.00793650793650794,0.468253968253968,0.412698412698413,2.07936507936508,0.206349206349206,0.404761904761905,1.42857142857143,0.19047619047619,18.5555555555556,0.134920634920635,0.142857142857143,5718,9480,0.620954015134297,0.940298507462687,0.7,75,40.673,14.6419287942219,11.4770318818536,-69.862705902042,758.873015873016,141.650793650794,0,0,0,0,0,0,1
65535,5794,0.0952380952380952,0.169312169312169,1.26455026455026,1.69312169312169,0.0687830687830688,0.0423280423280423,1.08994708994709,1.63492063492063,0.0634920634920635,0.523809523809524,0.195767195767196,0.0317460317460317,0.724867724867725,0.375661375661376,0.428571428571429,0.396825396825397,0.0793650793650794,0.105820105820106,1.51851851851852,0.0158730158730159,0.518518518518518,0.497354497354497,9.77248677248677,0.322751322751323,0.412698412698413,1.56084656084656,0.164021164021164,20.6084656084656,0.142857142857143,0.195767195767196,5794,14221,0.713162002921039,0.91747572815534,0.675,75,50.696,18.9978671561374,13.3174907512142,-88.7488773751507,509.740740740741,142.047619047619,0,0,0,0,0,0,1
65535,5869,0.420289855072464,0.144927536231884,0.601449275362319,1.13768115942029,0.0072463768115942,0.0797101449275362,0.63768115942029,1.94202898550725,0.036231884057971,0.231884057971015,0.0434782608695652,0.0289855072463768,0.927536231884058,0.398550724637681,0.0942028985507246,0.384057971014493,0.0579710144927536,0.0942028985507246,0.942028985507246,0,0.615942028985507,0.492753623188406,12.7971014492754,0.260869565217391,0.449275362318841,1.51449275362319,0.173913043478261,25.1304347826087,0.159420289855072,0.391304347826087,5869,10383,0.476969821565089,0.926174496644295,0.704081632653061,75,41.88,14.4216247159801,12.6754496608723,-70.6920219764373,124.391304347826,144.95652173913,0,0,0,0,0,0,1
65535,5944,0.37719298245614,0.166666666666667,1.05263157894737,1.04385964912281,0.043859649122807,0.0350877192982456,1.02631578947368,1.78070175438596,0.0526315789473684,0.491228070175439,0.0789473684210526,0.0350877192982456,0.649122807017544,0.315789473684211,0.0350877192982456,0.56140350877193,0.0087719298245614,0.043859649122807,0.868421052631579,0.0263157894736842,0.456140350877193,0.350877192982456,1.99122807017544,0.298245614035088,0.640350877192982,1.35087719298246,0.114035087719298,15.1491228070175,0.114035087719298,0.105263157894737,5944,8577,0.677756991670747,0.95,0.74025974025974,75,36.066,14.1835824518158,10.4289892058743,15.5932176917771,33.9210526315789,147.280701754386,0,0,0,0,0,0,1
65535,6019,0.155737704918033,0.10655737704918,0.967213114754098,2.4344262295082,0.0655737704918033,0.0573770491803279,1.13934426229508,1.5,0.0245901639344262,0.360655737704918,0.0573770491803279,0.0491803278688525,0.598360655737705,0.39344262295082,0.0327868852459016,0.5,0.040983606557377,0.0491803278688525,0.721311475409836,0.00819672131147541,0.5,0.278688524590164,3.5655737704918,0.360655737704918,0.39344262295082,0.934426229508197,0.163934426229508,16.6967213114754,0.155737704918033,0.254098360655738,6019,9179,0.665744647374891,0.938461538461538,0.67032967032967,75,38.506,14.6507001757241,10.9320542745731,-25.5434537896209,1350.10655737705,146.983606557377,0.428571428571429,75,5493,0,0,0,1
65535,6095,0.244274809160305,0.198473282442748,0.809160305343511,2.16030534351145,0.0534351145038168,0.083969465648855,0.511450381679389,1.68702290076336,0.0610687022900763,0.748091603053435,0.137404580152672,0.0229007633587786,1.06870229007634,0.419847328244275,0.0916030534351145,0.473282442748092,0.0458015267175573,0.129770992366412,0.877862595419847,0,0.854961832061069,0.526717557251908,3.67175572519084,0.412213740458015,0.625954198473282,1.74045801526718,0.16793893129771,15.175572519084,0.129770992366412,0.114503816793893,6095,9857,0.643588818049813,0.909722222222222,0.668367346938776,75,41.963,15.0369961417744,11.5088873128333,40.1931670993917,463.007633587786,148.022900763359,0.470588235294118,75,6245,0,0,0,1
65535,6170,0.809090909090909,0.172727272727273,0.636363636363636,0.409090909090909,0.0272727272727273,0.0454545454545455,1.04545454545455,1.5,0.0636363636363636,0.336363636363636,0.109090909090909,0.0272727272727273,2.78181818181818,0.518181818181818,0.0818181818181818,0.254545454545455,0.145454545454545,0.0636363636363636,0.972727272727273,0.00909090909090909,0.554545454545455,0.490909090909091,1.24545454545455,0.245454545454545,0.536363636363636,1.71818181818182,0.145454545454545,14.3363636363636,0.154545454545455,0.172727272727273,6170,8277,0.410208640539856,0.94017094017094,0.705128205128205,75,35.694,12.5380909371057,11.4346349396836,31.4856372135676,1286,153.463636363636,0.422222222222222,75,5643,0,0,0,1
65535,6245,0.296774193548387,0.135483870967742,0.819354838709677,1.7741935483871,0.0709677419354839,0.0580645161290323,0.52258064516129,1.58064516129032,0.0645161290322581,0.567741935483871,0.187096774193548,0.0580645161290323,1.6258064516129,0.380645161290323,0.0903225806451613,0.432258064516129,0.0387096774193548,0.0516129032258065,0.806451612903226,0,0.670967741935484,0.374193548387097,5.67741935483871,0.32258064516129,0.4,1.38064516129032,0.264516129032258,20.2645161290323,0.129032258064516,0.2,6245,11662,0.780903790623601,0.885714285714286,0.607843137254902,75,47.686,18.3598490978216,11.4685039476777,24.8768175098021,464.193548387097,157.832258064516,0.426229508196721,75,6095,0,0,0,1
65535,6320,0.38135593220339,0.14406779661017,1.11864406779661,2.50847457627119,0.0593220338983051,0.0338983050847458,0.974576271186441,1.38983050847458,0.0423728813559322,0.533898305084746,0.194915254237288,0.0423728813559322,1.14406779661017,0.474576271186441,0.169491525423729,0.466101694915254,0.0338983050847458,0.076271186440678,1.09322033898305,0.0169491525423729,0.76271186440678,0.406779661016949,4.05932203389831,0.389830508474576,0.466101694915254,1.66101694915254,0.194915254237288,16.4152542372881,0.11864406779661,0.127118644067797,6320,8878,0.89644197305837,0.929133858267717,0.491666666666667,75,42.468,18.7356738384993,8.30292242755299,-50.7253422221783,532.601694915254,155.542372881356,0.535714285714286,75,6621,0,0,0,1
65535,6395,0.388278388278388,0.194139194139194,0.864468864468865,1.22710622710623,0.0476190476190476,0.0695970695970696,0.765567765567766,1.3992673992674,0.0476190476190476,0.432234432234432,0.128205128205128,0.0366300366300366,1.41758241758242,0.336996336996337,0.0842490842490843,0.399267399267399,0.0512820512820513,0.0805860805860806,0.901098901098901,0.010989010989011,0.688644688644689,0.406593406593407,4.47619047619048,0.271062271062271,0.791208791208791,1.15018315018315,0.117216117216117,12.5494505494505,0.113553113553114,0.124542124542125,6395,20541,0.523794225399478,0.954545454545455,0.758333333333333,75,58.28,20.3630235517867,17.3461362764795,-66.359626861503,1015.71794871795,159.520146520147,0,0,0,0,0,0,1
65535,6471,0.374384236453202,0.182266009852217,0.428571428571429,0.758620689655172,0.0147783251231527,0.0492610837438424,0.724137931034483,1.7487684729064,0.0344827586206897,0.857142857142857,0.0541871921182266,0.0246305418719212,4.54187192118227,0.408866995073892,0.0886699507389163,0.330049261083744,0.0689655172413793,0.0492610837438424,0.556650246305419,0.0147783251231527,1.22167487684729,0.320197044334975,3.08374384236453,0.339901477832512,1.53694581280788,1.44827586206897,0.152709359605911,15.64039408867,0.108374384236453,0.152709359605911,6471,15274,0.662271992667844,0.962085308056872,0.676666666666667,75,51.879,19.1162330674568,14.3230958900584,-69.4519003062438,347.354679802956,157.84236453202,0.21875,75,7223,0,0,0,1
65535,6546,0.3,0.10625,0.54375,1.06875,0.04375,0.05,0.725,NaN,0,0.49375,0.05,0.0125,5.725,0.4125,0.1375,0.54375,0.125,0.06875,0.59375,0.01875,0.85,0.38125,5.275,0.4125,1.30625,1.85625,0.175,14.99375,0.11875,0.11875,6546,12039,0.70080016927684,0.930232558139535,0.627450980392157,75,45.842,17.1627258855145,12.2431616360055,32.8801679331728,405.775,159.5125,0,0,0,0,0,0,0
65535,6621,0.477707006369427,0.114649681528662,1.14649681528662,1.5859872611465,0.0445859872611465,0.0509554140127389,0.726114649681529,1.46496815286624,0.0573248407643312,0.35031847133758,0.222929936305732,0.0127388535031847,0.968152866242038,0.452229299363057,0.0445859872611465,0.535031847133758,0.0636942675159236,0.0764331210191083,0.668789808917197,0.0191082802547771,0.522292993630573,0.331210191082803,3.31210191082803,0.299363057324841,0.369426751592357,1.28662420382166,0.114649681528662,16.9872611464968,0.0828025477707006,0.146496815286624,6621,11813,0.771938853912384,0.91812865497076,0.543252595155709,75,47.711,18.5648625440529,11.8016234823001,-47.9817731153989,526.707006369427,161.025477707006,0.46875,75,6320,0,0,0,1
65535,6696,0.186567164179104,0.126865671641791,0.858208955223881,1.62686567164179,0.0447761194029851,0.0447761194029851,0.649253731343284,1.55223880597015,0.0149253731343284,0.619402985074627,0.149253731343284,0,0.559701492537313,0.313432835820896,0.0373134328358209,0.365671641791045,0.0298507462686567,0.0447761194029851,0.723880597014925,0.0149253731343284,0.865671641791045,0.604477611940298,4.86567164179105,0.350746268656716,0.380597014925373,1.28358208955224,0.17910447761194,16.455223880597,0.0970149253731343,0.17910447761194,6696,10082,0.831185074640197,0.91156462585034,0.563025210084034,75,43.394,17.7539962151182,9.87114800063232,31.370943203247,1379.58955223881,157.55223880597,0.357142857142857,75,7148,0,0,0,1
65535,6772,0.117647058823529,0.105882352941176,1.02352941176471,0.847058823529412,0.0352941176470588,0.0705882352941176,0.552941176470588,1.04705882352941,0.0352941176470588,0.4,0.0941176470588235,0.0235294117647059,0.6,0.458823529411765,0.164705882352941,0.270588235294118,0.0117647058823529,0.0823529411764706,1.22352941176471,0.0117647058823529,0.388235294117647,0.305882352941176,7.70588235294118,0.164705882352941,0.470588235294118,1.22352941176471,0.0705882352941176,9.11764705882353,0.129411764705882,0.0705882352941176,6772,6395,0.684339898050043,0.944444444444444,0.772727272727273,75,31.815,12.3130775192047,8.97824242909651,62.4561898729186,1255.95294117647,158.835294117647,0.648648648648649,150,6997,7073,0,0,1
65535,6847,0.278225806451613,0.157258064516129,1.03629032258065,1.75806451612903,0.0362903225806452,0.0604838709677419,0.770161290322581,1.70564516129032,0.0685483870967742,0.439516129032258,0.157258064516129,0.0362903225806452,0.862903225806452,0.451612903225806,0.0766129032258065,0.520161290322581,0.0725806451612903,0.0725806451612903,0.870967741935484,0.00806451612903226,0.548387096774194,0.467741935483871,4.45161290322581,0.350806451612903,0.399193548387097,1.26209677419355,0.0766129032258065,17.0161290322581,0.100806451612903,0.189516129032258,6847,18660,0.604093098608533,0.946564885496183,0.694677871148459,75,57.42,20.3902588650634,16.2492776975197,-76.1699571885733,314.697580645161,161.104838709677,0,0,0,0,0,0,1
65535,6922,0.243243243243243,0.12972972972973,0.389189189189189,0.654054054054054,0.0486486486486487,0.0594594594594595,0.486486486486487,1.12432432432432,0.027027027027027,0.718918918918919,0.0594594594594595,0.00540540540540541,0.962162162162162,0.318918918918919,0.0594594594594595,0.194594594594595,0.0378378378378378,0.0756756756756757,0.427027027027027,0.0108108108108108,1.21621621621622,0.351351351351351,3.78378378378378,0.259459459459459,1.21081081081081,1.07567567567568,0.0540540540540541,10.5621621621622,0.0810810810810811,0.0594594594594595,6922,13920,0.751422340579507,0.95360824742268,0.695488721804511,75,48.265,19.0216164402769,12.5508722735258,20.5987224673417,603.551351351351,160.940540540541,0,0,0,0,0,0,1
65535,6997,0.0845070422535211,0.0985915492957746,1.14084507042254,1.56338028169014,0.0422535211267606,0.0563380281690141,1.08450704225352,1.97183098591549,0.0704225352112676,0.408450704225352,0.0985915492957746,0.0563380281690141,0.76056338028169,0.366197183098592,0.0422535211267606,0.47887323943662,0.0704225352112676,0.0845070422535211,0.873239436619718,0,0.619718309859155,0.436619718309859,14.9295774647887,0.309859154929577,0.408450704225352,1.64788732394366,0.197183098591549,15.5352112676056,0.126760563380282,0.0985915492957746,6997,5342,0.774450013074607,0.91025641025641,0.657407407407407,75,30.153,12.3922784954408,7.83979041861537,-65.9076067757154,1263.76056338028,161.253521126761,0.702702702702703,150,6772,7073,0,0,1
65535,7073,0.151785714285714,0.116071428571429,1.27678571428571,1.28571428571429,0.0625,0.0357142857142857,0.982142857142857,1.35714285714286,0.0267857142857143,0.357142857142857,0.178571428571429,0.00892857142857143,0.678571428571429,0.267857142857143,0.0714285714285714,0.321428571428571,0.0178571428571429,0.0714285714285714,0.785714285714286,0,0.517857142857143,0.455357142857143,10.5535714285714,0.25,0.383928571428571,0.928571428571429,0.107142857142857,11.9107142857143,0.0892857142857143,0.0892857142857143,7073,8427,0.854516909097827,0.854961832061069,0.622222222222222,75,42.889,17.0363672596965,8.84909081656513,-8.82315024319068,1259.07142857143,168.142857142857,0.568627450980392,150,6772,6997,0,0,1
65535,7148,0.092436974789916,0.117647058823529,1.11764705882353,1.07563025210084,0.0336134453781513,0.0168067226890756,0.764705882352941,0.957983193277311,0.0420168067226891,0.689075630252101,0.151260504201681,0.00840336134453781,0.394957983193277,0.277310924369748,0.092436974789916,0.218487394957983,0.0420168067226891,0.0252100840336134,0.680672268907563,0.0168067226890756,0.840336134453782,0.411764705882353,2.64705882352941,0.226890756302521,0.369747899159664,1.25210084033613,0.0504201680672269,11.7899159663866,0.109243697478992,0.151260504201681,7148,8954,0.647547521447143,0.868613138686131,0.607142857142857,75,40.954,14.7110267178232,11.2101711659574,-39.1088717074672,1372.87394957983,166.823529411765,0.39622641509434,75,6696,0,0,0,1
65535,7223,0.212121212121212,0.133333333333333,2.13333333333333,0.848484848484849,0.0363636363636364,0.0787878787878788,1.12121212121212,1.56363636363636,0.0606060606060606,0.284848484848485,0.16969696969697,0.0484848484848485,0.921212121212121,0.412121212121212,0.0606060606060606,0.424242424242424,0.0424242424242424,0.096969696969697,1.10909090909091,0.0121212121212121,0.321212121212121,0.254545454545455,6.20606060606061,0.272727272727273,0.4,1.70909090909091,0.145454545454545,18.5515151515152,0.0909090909090909,0.151515151515152,7223,12415,0.80118603456573,0.9375,0.647058823529412,75,46.743,19.1015450414731,11.4306578716781,-33.7658348786858,360.969696969697,166.193939393939,0.23728813559322,75,6471,0,0,0,1
65535,7298,0.32967032967033,0.104395604395604,0.686813186813187,2.09340659340659,0.0494505494505494,0.032967032967033,0.818681318681319,1.42857142857143,0.0384615384615385,0.445054945054945,0.120879120879121,0.0274725274725275,0.82967032967033,0.324175824175824,0.0549450549450549,0.516483516483517,0.043956043956044,0.0824175824175824,0.868131868131868,0.032967032967033,0.664835164835165,0.450549450549451,1.00549450549451,0.269230769230769,0.450549450549451,1.36813186813187,0.164835164835165,13.7252747252747,0.104395604395604,0.10989010989011,7298,13694,0.314297183206063,0.957894736842105,0.669117647058823,75,46.495,15.8135003474683,15.0121455954418,-45.8757082784305,899.664835164835,168.285714285714,0,0,0,0,0,0,1
65535,7374,0.337037037037037,0.125925925925926,0.511111111111111,0.57037037037037,0.0296296296296296,0.062962962962963,0.559259259259259,1.3,0.0259259259259259,0.781481481481481,0.0703703703703704,0.037037037037037,1.06666666666667,0.355555555555556,0.0703703703703704,0.296296296296296,0.0777777777777778,0.0666666666666667,0.618518518518518,0.0148148148148148,1.12962962962963,0.42962962962963,3.74814814814815,0.385185185185185,0.655555555555556,1.02962962962963,0.148148148148148,10.2703703703704,0.0666666666666667,0.0925925925925926,7374,20315,0.724548544417939,0.918367346938776,0.612244897959184,75,62.523,22.6884067247036,15.6373892452324,38.0909483435985,845.318518518519,180.885185185185,0,0,0,0,0,0,1
65535,7449,0.152941176470588,0.0352941176470588,0.658823529411765,1.22352941176471,0.0352941176470588,0.0117647058823529,0.470588235294118,0.905882352941176,0.0235294117647059,0.270588235294118,0.0941176470588235,0,0.447058823529412,0.364705882352941,0.0235294117647059,0.282352941176471,0.0823529411764706,0.0235294117647059,0.588235294117647,0.0235294117647059,0.505882352941176,0.164705882352941,1.56470588235294,0.176470588235294,0.235294117647059,1.12941176470588,0.105882352941176,8.49411764705882,0.0941176470588235,0.0941176470588235,7449,6395,0.674572052591797,0.965909090909091,0.708333333333333,75,30.914,12.2270540131546,9.02612146656475,57.635206984495,1491.23529411765,184.070588235294,0,0,0,0,0,0,1
65535,7524,0.273743016759777,0.128491620111732,0.385474860335196,NaN,0.0502793296089386,0.0558659217877095,0.391061452513966,0.748603351955307,0.0335195530726257,0.865921787709497,0.0502793296089386,0.0111731843575419,0.452513966480447,0.256983240223464,0.0558659217877095,0.251396648044693,0.0279329608938547,0.0670391061452514,0.592178770949721,0.0167597765363128,1.19553072625698,0.329608938547486,0.301675977653631,0.240223463687151,0.53072625698324,0.82122905027933,0.0949720670391061,6.50837988826816,0.0502793296089386,0.100558659217877,7524,13468,0.633842440270912,0.947089947089947,0.662962962962963,75,46.586,17.3686884741797,13.4340238420904,-12.536670212093,1450.23463687151,186.564245810056,0,0,0,0,0,0,0
65535,7599,0.408333333333333,0.2,1.425,1.35,0.075,0.0333333333333333,1.41666666666667,1.1,0.0583333333333333,0.408333333333333,0.108333333333333,0.0166666666666667,1.1,0.35,0.1,0.258333333333333,0.0333333333333333,0.0416666666666667,1.13333333333333,0.05,0.466666666666667,0.433333333333333,1.73333333333333,0.3,0.233333333333333,1.45833333333333,0.158333333333333,14.3416666666667,0.05,0.116666666666667,7599,9029,0.65209689765013,0.94488188976378,0.666666666666667,75,37.679,14.2909634091328,10.8344885719911,-75.8230106114356,369.733333333333,188.833333333333,0,0,0,0,0,0,1
65535,7675,0.336898395721925,0.053475935828877,0.834224598930481,1.35294117647059,0.0374331550802139,0.0588235294117647,0.855614973262032,1.25133689839572,0.0160427807486631,0.401069518716578,0.13903743315508,0.0053475935828877,0.764705882352941,0.219251336898396,0.0267379679144385,0.368983957219251,0.0588235294117647,0.0588235294117647,0.508021390374332,0.0160427807486631,0.427807486631016,0.240641711229947,3.68449197860963,0.294117647058824,0.299465240641711,0.6524064171123,0.101604278074866,11.3368983957219,0.0641711229946524,0.0802139037433155,7675,14070,0.700197077500651,0.921182266009852,0.647058823529412,75,50.531,18.6895302669379,13.3433829373141,-44.3879345392786,1094.05347593583,186.647058823529,0,0,0,0,0,0,1
65535,7750,0.231441048034935,0.170305676855895,0.755458515283843,1.8471615720524,0.0436681222707424,0.0567685589519651,0.646288209606987,1.22270742358079,0.0349344978165939,0.301310043668122,0.131004366812227,0.0436681222707424,0.703056768558952,0.327510917030568,0.0611353711790393,0.310043668122271,0.0655021834061135,0.0349344978165939,0.956331877729258,0.00436681222707424,0.510917030567686,0.458515283842795,6.24454148471616,0.205240174672489,0.336244541484716,1.20960698689956,0.100436681222707,12.7248908296943,0.100436681222707,0.174672489082969,7750,17230,0.384554103770049,0.954166666666667,0.748366013071895,75,52.259,17.8980154578021,16.5217019975433,32.1975681475611,457.235807860262,190.087336244541,0,0,0,0,0,0,1
65535,7825,0.342592592592593,0.0925925925925926,0.583333333333333,1.37962962962963,0.0648148148148148,0.0648148148148148,0.898148148148148,1.37962962962963,0.037037037037037,0.333333333333333,0.111111111111111,0.0555555555555556,0.583333333333333,0.25,0.0277777777777778,0.222222222222222,0.037037037037037,0.0648148148148148,0.583333333333333,0.0555555555555556,0.472222222222222,0.324074074074074,0.944444444444444,0.314814814814815,0.453703703703704,1.27777777777778,0.0833333333333333,12.0277777777778,0.0740740740740741,0.157407407407407,7825,8126,0.828377809682204,0.907563025210084,0.514285714285714,75,39.466,16.1823077219264,9.06484007426671,-35.8353604884516,1358.46296296296,189.925925925926,0.480769230769231,75,7900,0,0,0,1
65535,7900,0.26,0.13,0.59,0.7,0.04,0.02,0.66,1.21,0.02,1.07,0.04,0.05,0.88,0.25,0.04,0.41,0.03,0.05,0.82,0.01,1.54,0.41,0.52,0.24,0.78,1.59,0.08,9.39,0.13,0.1,7900,7524,0.858836150746912,0.917431192660551,0.595238095238095,75,36.819,16.121433628385,8.25821072825372,-31.4520702953158,1355.04,196.17,0.520833333333333,75,7825,0,0,0,1
65535,7976,0.235294117647059,0.0840336134453782,0.941176470588235,1.3781512605042,0.0252100840336134,0.0420168067226891,0.80672268907563,1.15126050420168,0.0336134453781513,0.403361344537815,0.142857142857143,0.0252100840336134,0.512605042016807,0.319327731092437,0.00840336134453781,0.327731092436975,0.0168067226890756,0.134453781512605,0.722689075630252,0.00840336134453781,0.521008403361345,0.252100840336134,6.5546218487395,0.184873949579832,0.210084033613445,1.21008403361345,0.0336134453781513,13.4285714285714,0.117647058823529,0.126050420168067,7976,8954,0.780514682513614,0.944444444444444,0.661111111111111,75,37.96,15.7357984332444,9.83703689353764,-64.5097922157177,566.109243697479,193.243697478992,0,0,0,0,0,0,1
65535,8051,0.161290322580645,0.135483870967742,0.72258064516129,1.40645161290323,0.032258064516129,0.0645161290322581,0.638709677419355,1.14193548387097,0.0387096774193548,0.348387096774194,0.141935483870968,0.0129032258064516,0.406451612903226,0.245161290322581,0.0774193548387097,0.438709677419355,0.0516129032258065,0.0516129032258065,0.806451612903226,0.0129032258064516,0.606451612903226,0.309677419354839,5.69677419354839,0.27741935483871,0.296774193548387,1.12903225806452,0.141935483870968,13.4645161290323,0.0967741935483871,0.180645161290323,8051,11662,0.530351030252913,0.962732919254658,0.738095238095238,75,42.062,15.3817606276264,13.0403205059662,-54.97528960751,810.8,197.612903225806,0,0,0,0,0,0,1
65535,8126,0.419161676646707,0.155688622754491,0.838323353293413,1.8562874251497,0.0419161676646707,0.0778443113772455,0.610778443113773,1.19760479041916,0.0479041916167665,0.389221556886228,0.11377245508982,0.0179640718562874,1.04191616766467,0.383233532934132,0.0419161676646707,0.37125748502994,0.0538922155688623,0.0359281437125748,0.718562874251497,0.0179640718562874,0.377245508982036,0.413173652694611,2.51497005988024,0.215568862275449,0.574850299401198,1.20359281437126,0.125748502994012,15.6407185628743,0.131736526946108,0.0778443113772455,8126,12565,0.690465007681441,0.922651933701657,0.713675213675214,75,46.098,17.4631955614784,12.6322783380524,-86.1108696279735,385.706586826347,197.646706586826,0,0,0,0,0,0,1
65535,8201,0.260869565217391,0.123188405797101,0.347826086956522,1.02898550724638,0.0217391304347826,0.036231884057971,0.36231884057971,0.91304347826087,0.0217391304347826,0.797101449275362,0.036231884057971,0.0434782608695652,0.869565217391304,0.246376811594203,0.0579710144927536,0.304347826086957,0.0289855072463768,0.0217391304347826,0.536231884057971,0,1.31884057971015,0.326086956521739,0.463768115942029,0.27536231884058,0.630434782608696,1.14492753623188,0.0869565217391304,9.77536231884058,0.130434782608696,0.0652173913043478,8201,10383,0.458166484184745,0.945205479452055,0.704081632653061,75,40.4,14.2192789523613,12.639039258754,39.0731073610987,628.978260869565,199.95652173913,0,0,0,0,0,0,1
65535,8277,0.345381526104418,0.152610441767068,0.526104417670683,1.30120481927711,0.036144578313253,0.0682730923694779,0.365461847389558,1.24096385542169,0.0120481927710843,0.522088353413655,0.100401606425703,0.0281124497991968,0.795180722891566,0.349397590361446,0.0441767068273092,0.34136546184739,0.0883534136546185,0.0522088353413655,0.526104417670683,0.0160642570281124,0.726907630522088,0.289156626506024,1.53413654618474,0.281124497991968,0.257028112449799,1.04417670682731,0.100401606425703,10.9558232931727,0.0763052208835341,0.124497991967871,8277,18735,0.624034234755749,0.961389961389961,0.62406015037594,75,56.254,20.4430513526593,15.9741390271654,-60.5102980712262,545.522088353414,202.136546184739,0,0,0,0,0,0,1
65535,8352,0.39,0.25,0.97,1.92,0.03,0.1,1.07,1.9,0.04,0.48,0.16,0.03,0.75,0.4,0.42,0.62,0.06,0.04,0.87,0,0.59,0.51,5.21,0.24,0.3,1.2,0.15,18.7,0.14,0.17,8352,7524,0.529481059540771,0.980392156862745,0.757575757575758,75,33.337,12.3562650781927,10.4820885315905,-40.8519573463754,323.84,204.46,0.365853658536585,75,8502,0,0,0,1
65535,8427,0.482394366197183,0.161971830985916,0.795774647887324,1.84859154929577,0.0598591549295775,0.0422535211267606,0.619718309859155,1.32746478873239,0.0246478873239437,0.404929577464789,0.147887323943662,0.0457746478873239,0.690140845070423,0.426056338028169,0.109154929577465,0.457746478873239,0.0528169014084507,0.0809859154929578,0.644366197183099,0.028169014084507,0.665492957746479,0.359154929577465,3.24295774647887,0.28169014084507,0.316901408450704,1.25704225352113,0.154929577464789,15.8732394366197,0.119718309859155,0.169014084507042,8427,21368,0.801947363361219,0.928104575163399,0.668235294117647,75,61.745,24.987705439692,14.9275227699435,-85.6194106074875,355.883802816901,206.570422535211,0,0,0,0,0,0,1
65535,8502,0.231578947368421,0.126315789473684,0.842105263157895,1.97894736842105,0.105263157894737,0.0736842105263158,0.821052631578947,1.77894736842105,0.0210526315789474,0.4,0.210526315789474,0.0526315789473684,0.568421052631579,0.284210526315789,0.442105263157895,0.568421052631579,0.0526315789473684,0.0947368421052632,0.894736842105263,0.0315789473684211,0.536842105263158,0.442105263157895,4.73684210526316,0.242105263157895,0.357894736842105,1.33684210526316,0.0736842105263158,17.8526315789474,0.0947368421052632,0.221052631578947,8502,7148,0.593299490676451,0.931372549019608,0.71969696969697,75,33.519,12.4451642796874,10.0181308670859,3.68614408672585,325.378947368421,213.715789473684,0.375,75,8352,0,0,0,1
65535,8577,0.333333333333333,0.178947368421053,0.656140350877193,1.77894736842105,0.0421052631578947,0.0491228070175439,0.498245614035088,1.33333333333333,0.0385964912280702,0.480701754385965,0.115789473684211,0.0280701754385965,1.4280701754386,0.347368421052632,0.0701754385964912,0.36140350877193,0.087719298245614,0.0666666666666667,0.519298245614035,0.0175438596491228,0.575438596491228,0.305263157894737,1.16842105263158,0.217543859649123,0.333333333333333,1.16842105263158,0.129824561403509,11.1789473684211,0.126315789473684,0.12280701754386,8577,21444,0.563602331051953,0.95,0.714285714285714,75,60.91,21.2186844394189,17.5276147791057,73.953223866588,580.487719298246,219.789473684211,0,0,0,0,0,0,1
65535,8653,0.194444444444444,0.0833333333333333,0.944444444444444,1.5462962962963,0.037037037037037,0.0185185185185185,0.777777777777778,1.32407407407407,0.0462962962962963,0.25,0.12037037037037,0.00925925925925926,0.638888888888889,0.185185185185185,0.0185185185185185,0.398148148148148,0.111111111111111,0.0462962962962963,0.5,0.00925925925925926,0.407407407407407,0.25,3.09259259259259,0.25,0.324074074074074,0.925925925925926,0.138888888888889,13.3240740740741,0.12962962962963,0.111111111111111,8653,8126,0.574534318718137,0.947368421052632,0.63905325443787,75,35.074,13.0981832048567,10.7206074404627,-40.6364153014824,778.861111111111,218.861111111111,0,0,0,0,0,0,1
65535,8728,0.384057971014493,0.202898550724638,0.376811594202899,0.166666666666667,0.036231884057971,0.036231884057971,2.09420289855072,1.47826086956522,0.0507246376811594,0.297101449275362,0.0507246376811594,0.0652173913043478,0.579710144927536,0.210144927536232,3.10869565217391,0.181159420289855,0.13768115942029,0.166666666666667,NaN,0.072463768115942,0.608695652173913,0.217391304347826,0.818840579710145,0.13768115942029,NaN,1.31159420289855,0.22463768115942,9.57971014492754,0.0797101449275362,0.108695652173913,8728,10383,0.479942079649273,0.945205479452055,0.758241758241758,75,39.92,14.2681432420185,12.5174445885754,4.25312458650616,983.630434782609,226.550724637681,0,0,0,0,0,0,0
65535,8803,0.171597633136095,0.118343195266272,0.757396449704142,2.01775147928994,0.0177514792899408,0.0355029585798817,0.502958579881657,1.17159763313609,0.0532544378698225,0.390532544378698,0.153846153846154,0.0236686390532544,0.502958579881657,0.29585798816568,0.0946745562130177,0.443786982248521,0.0532544378698225,0.0710059171597633,0.781065088757396,0.0177514792899408,0.727810650887574,0.390532544378698,5.23076923076923,0.218934911242604,0.443786982248521,1.0414201183432,0.0769230769230769,11.5207100591716,0.118343195266272,0.130177514792899,8803,12716,0.52377767109986,0.94413407821229,0.66015625,75,45.734,16.234376026264,13.8293344873541,53.1358733053101,826.887573964497,227.970414201183,0,0,0,0,0,0,1
65535,8878,0.128440366972477,0.110091743119266,0.486238532110092,0.541284403669725,0.00917431192660551,0.0275229357798165,0.559633027522936,0.807339449541284,0.0458715596330275,0.394495412844037,0.0642201834862385,0.073394495412844,0.302752293577982,0.201834862385321,0.422018348623853,0.211009174311927,0.0917431192660551,0.0275229357798165,0.669724770642202,0,0.541284403669725,0.238532110091743,6.71559633027523,0.229357798165138,0.293577981651376,0.715596330275229,0.119266055045872,8.89908256880734,0.0917431192660551,0.110091743119266,8878,8201,0.345378524695669,0.964601769911504,0.698717948717949,75,35.14,12.3044964259397,11.5473203479469,-57.571682452934,1388.11009174312,229.192660550459,0,0,0,0,0,0,1
65535,8954,0.366666666666667,0.111111111111111,0.944444444444444,1.52222222222222,0.0111111111111111,0.0333333333333333,0.683333333333333,1.32777777777778,0.0277777777777778,0.394444444444444,0.133333333333333,0.05,0.594444444444444,0.266666666666667,0.0166666666666667,0.361111111111111,0.0611111111111111,0.0333333333333333,0.611111111111111,0.00555555555555556,0.527777777777778,0.294444444444444,3.42222222222222,0.194444444444444,0.333333333333333,0.994444444444444,0.0833333333333333,12.6333333333333,0.1,0.116666666666667,8954,13543,0.50207325420175,0.957446808510638,0.705882352941177,75,46.834,16.6377023669422,14.3887025538654,23.898614298724,606.177777777778,231.711111111111,0,0,0,0,0,0,1
65535,9029,0.208,0.088,1.28,3.216,0.04,0.032,0.984,1.336,0.04,0.448,0.248,0.016,0.504,0.408,0.04,0.48,0.024,0.096,0.872,0,0.736,0.56,6.376,0.168,0.4,1.376,0.168,15.768,0.136,0.096,9029,9405,0.56782696726617,0.93984962406015,0.637755102040816,75,38.721,14.1318005601564,11.6325625549416,42.929861296734,483.112,235.848,0,0,0,0,0,0,1
65535,9104,0.288235294117647,0.0647058823529412,0.664705882352941,1.35294117647059,0.0176470588235294,0.0235294117647059,0.570588235294118,1.16470588235294,0.0352941176470588,0.641176470588235,0.0647058823529412,0.0117647058823529,1.44705882352941,0.317647058823529,0.0705882352941176,0.223529411764706,0.0352941176470588,0.0294117647058824,0.652941176470588,0.00588235294117647,0.894117647058824,0.376470588235294,0.476470588235294,0.217647058823529,0.517647058823529,1.21176470588235,0.117647058823529,11.2352941176471,0.170588235294118,0.0823529411764706,9104,12791,0.693133161163758,0.944444444444444,0.674603174603175,75,45.916,17.528833057337,12.6349504325234,13.3884753527353,1224.21176470588,235.452941176471,0,0,0,0,0,0,1
65535,9179,0.285714285714286,0.121212121212121,0.463203463203463,0.168831168831169,0.012987012987013,0.051948051948052,1.54978354978355,1.19480519480519,0.051948051948052,0.329004329004329,0.0779220779220779,0.00432900432900433,0.584415584415584,0.380952380952381,0.0606060606060606,0.177489177489178,0.038961038961039,0.0735930735930736,0.363636363636364,0.00432900432900433,0.61038961038961,0.294372294372294,1.61471861471861,0.16017316017316,0.614718614718615,1.0952380952381,0.0865800865800866,6.86147186147186,0.0822510822510823,0.134199134199134,9179,17381,0.663689995955338,0.927710843373494,0.611111111111111,75,57.618,20.8083148438465,15.5647807009948,-19.5546938316516,1427.1038961039,237.021645021645,0,0,0,0,0,0,1
65535,9255,0.202072538860104,0.0984455958549223,0.725388601036269,1.09844559585492,0.0155440414507772,0.0362694300518135,1.1139896373057,1.23316062176166,0.0673575129533679,0.373056994818653,0.0984455958549223,0.0155440414507772,0.61139896373057,0.253886010362694,0.0259067357512953,0.269430051813472,0.0621761658031088,0.0466321243523316,0.709844559585492,0.0155440414507772,0.549222797927461,0.321243523316062,4.72538860103627,0.227979274611399,0.398963730569948,0.772020725388601,0.119170984455959,12.0777202072539,0.0880829015544041,0.0829015544041451,9255,14522,0.627851691111241,0.946078431372549,0.714814814814815,75,47.694,17.8803744645433,13.9168854415958,-86.4805821807526,1021.80829015544,240.40932642487,0,0,0,0,0,0,1
65535,9330,0.150485436893204,0.12621359223301,0.752427184466019,1.61165048543689,0.0388349514563107,0.0485436893203883,0.781553398058252,1.29611650485437,0.0485436893203883,0.820388349514563,0.111650485436893,0.0485436893203883,0.912621359223301,0.29126213592233,0.0436893203883495,0.320388349514563,0.0485436893203883,0.0388349514563107,0.606796116504854,0.00970873786407767,1.16019417475728,0.470873786407767,1.25728155339806,0.330097087378641,0.266990291262136,1.54368932038835,0.184466019417476,9.60679611650485,0.106796116504854,0.111650485436893,9330,15500,0.844283134113553,0.907488986784141,0.572222222222222,75,55.733,22.6507961328232,12.1385020396044,40.267217158283,1179.23786407767,241.004854368932,0.422535211267606,75,9556,0,0,0,1
65535,9405,0.141242937853107,0.11864406779661,0.621468926553672,1.29378531073446,0.0847457627118644,0.0451977401129944,0.672316384180791,0.926553672316384,0.0225988700564972,0.68361581920904,0.101694915254237,0.0225988700564972,0.485875706214689,0.271186440677966,0.0225988700564972,0.322033898305085,0.0282485875706215,0.0621468926553672,0.384180790960452,0.00564971751412429,0.598870056497175,0.271186440677966,1.88700564971751,0.186440677966102,0.265536723163842,0.966101694915254,0.112994350282486,8.63841807909605,0.112994350282486,0.124293785310734,9405,13318,0.827092817960857,0.912371134020619,0.517543859649123,75,51.557,20.5447522476618,11.5474935968066,47.9679129591492,836.062146892655,240.322033898305,0.462686567164179,75,9631,0,0,0,1
65535,9480,0.199134199134199,0.108225108225108,0.727272727272727,1.27272727272727,0.0303030303030303,0.0822510822510823,0.497835497835498,0.818181818181818,0.00432900432900433,0.437229437229437,0.0865800865800866,0.0346320346320346,1.03896103896104,0.186147186147186,0.333333333333333,0.19047619047619,0.0303030303030303,0.0692640692640693,0.848484848484849,0.0216450216450216,0.471861471861472,0.277056277056277,2.64935064935065,0.220779220779221,0.294372294372294,1.13419913419913,0.112554112554113,8.93939393939394,0.0822510822510823,0.0735930735930736,9480,17381,0.703637186112729,0.924,0.721875,75,56.502,20.6134374467522,14.647072460522,76.4326473018459,529.454545454546,243.891774891775,0,0,0,0,0,0,1
65535,9556,0.145569620253165,0.10126582278481,0.784810126582278,1.29113924050633,0.0189873417721519,0.0506329113924051,0.860759493670886,1.06329113924051,0.0632911392405063,0.487341772151899,0.10126582278481,0.0316455696202532,0.651898734177215,0.272151898734177,0.145569620253165,0.291139240506329,0.069620253164557,0.0316455696202532,0.550632911392405,0.00632911392405063,0.607594936708861,0.316455696202532,1.37341772151899,0.348101265822785,0.234177215189873,1.22151898734177,0.126582278481013,10.3227848101266,0.0822784810126582,0.107594936708861,9556,11888,0.740106816488457,0.918604651162791,0.619607843137255,75,46.189,17.8833415012672,12.0263563606162,35.8132506043278,1186.78481012658,247.474683544304,0.466666666666667,75,9330,0,0,0,1
65535,9631,0.172248803827751,0.167464114832536,0.588516746411483,1.89952153110048,0.0287081339712919,0.0430622009569378,0.61244019138756,1.32535885167464,0.0143540669856459,0.803827751196172,0.114832535885167,0.0287081339712919,0.555023923444976,0.363636363636364,0.0287081339712919,0.4688995215311,0.129186602870813,0.062200956937799,0.717703349282297,0.00478468899521531,1.10047846889952,0.435406698564593,1.67464114832536,0.382775119617225,0.330143540669856,1.07655502392344,0.0861244019138756,11.6411483253589,0.105263157894737,0.148325358851675,9631,15725,0.75273487730084,0.916666666666667,0.580555555555556,75,53.889,20.7675522375328,13.6717735720866,51.2013221850332,843.272727272727,247.751196172249,0.430555555555556,75,9405,0,0,0,1
65535,9706,0.482758620689655,0.137931034482759,0.689655172413793,NaN,0.0344827586206897,0.0482758620689655,0.489655172413793,1.4,0.0137931034482759,0.275862068965517,0.0758620689655172,0.0344827586206897,0.793103448275862,0.296551724137931,0.103448275862069,0.4,0.0206896551724138,0.0758620689655172,0.662068965517241,0.00689655172413793,0.620689655172414,0.241379310344828,1.48275862068966,0.275862068965517,0.386206896551724,1.19310344827586,0.158620689655172,14.0689655172414,0.0896551724137931,0.117241379310345,9706,10910,0.755465126372188,0.966666666666667,0.755208333333333,75,41.764,16.919943581058,11.0857585534635,-70.7242749533946,122.88275862069,255.08275862069,0,0,0,0,0,0,0
65535,9781,0.214285714285714,0.116071428571429,0.491071428571429,1.54464285714286,0.0357142857142857,0.0625,0.330357142857143,0.866071428571429,0.00892857142857143,0.482142857142857,0.0803571428571429,0.00892857142857143,0.303571428571429,0.142857142857143,0.0267857142857143,0.258928571428571,0.0267857142857143,0.0535714285714286,0.607142857142857,0.00892857142857143,0.589285714285714,0.196428571428571,0.517857142857143,0.169642857142857,0.464285714285714,0.821428571428571,0.160714285714286,9.60714285714286,0.0446428571428571,0.0446428571428571,9781,8427,0.542107521268305,0.957264957264957,0.727272727272727,75,35.512,13.1117948167714,11.0179609063214,-84.5044612859728,466.196428571429,258.285714285714,0,0,0,0,0,0,1
65535,9857,0.265625,0.078125,0.78125,0.953125,0.0703125,0.046875,0.375,1.0625,0.03125,0.4765625,0.046875,0.015625,0.6640625,0.3125,0.609375,0.2109375,0.0703125,0.0546875,1.2578125,0,0.484375,0.34375,1.015625,0.1484375,0.6484375,0.9453125,0.1484375,11.4765625,0.140625,0.0625,9857,9631,0.790080417325239,0.948148148148148,0.60952380952381,75,40.309,16.4373772361807,10.0761649921811,37.4379227720657,778.171875,257.1484375,0.0384615384615385,75,10910,0,0,0,1
65535,9932,0.38135593220339,0.14406779661017,0.449152542372881,0.864406779661017,0.0169491525423729,0.0847457627118644,0.406779661016949,0.677966101694915,0.0169491525423729,0.550847457627119,0.0677966101694915,0.0169491525423729,0.73728813559322,0.245762711864407,0.161016949152542,0.271186440677966,0.0254237288135593,0.0338983050847458,0.584745762711864,0.0338983050847458,0.805084745762712,0.305084745762712,0.5,0.161016949152542,0.364406779661017,1.11016949152542,0.127118644067797,7.3135593220339,0.0847457627118644,0.135593220338983,9932,8878,0.841893624561423,0.921875,0.631016042780749,75,39.821,16.8572774613132,9.09692048818825,-72.2969186222198,1073.13559322034,265.85593220339,0.44,75,10158,0,0,0,1
65535,10007,0.247863247863248,0.153846153846154,0.393162393162393,0.341880341880342,0.0256410256410256,0.0170940170940171,1.43589743589744,1.26495726495726,0.00854700854700855,0.333333333333333,0.0427350427350427,0.0256410256410256,1.72649572649573,0.282051282051282,0.444444444444444,0.153846153846154,0.0769230769230769,0.0598290598290598,0.641025641025641,0,0.760683760683761,0.35042735042735,6.8974358974359,0.213675213675214,0.598290598290598,0.957264957264957,0.136752136752137,7.51282051282051,0.0427350427350427,0.0769230769230769,10007,8803,0.590409550354455,0.928571428571429,0.642857142857143,75,38.142,13.8618862398553,11.1879812214495,27.7855941572845,1181.64102564103,264.333333333333,0,0,0,0,0,0,1
65535,10082,0.291044776119403,0.119402985074627,0.5,0.58955223880597,0.0223880597014925,0.0895522388059701,0.634328358208955,1.04477611940299,0.0298507462686567,0.850746268656716,0.0447761194029851,0.0447761194029851,2.50746268656716,0.328358208955224,0.0373134328358209,0.208955223880597,0.0298507462686567,0.0895522388059701,0.582089552238806,0.0223880597014925,1.52238805970149,0.261194029850746,1.82089552238806,0.26865671641791,0.902985074626866,1.24626865671642,0.0522388059701493,9.48507462686567,0.082089552238806,0.0895522388059701,10082,10082,0.413478337850268,0.950354609929078,0.638095238095238,75,39.945,13.8187120073171,12.5821301370457,-65.3505162984216,1032.40298507463,265.89552238806,0,0,0,0,0,0,1
65535,10158,0.37037037037037,0.157407407407407,0.564814814814815,1.10185185185185,0.0185185185185185,0.037037037037037,0.555555555555556,1.02777777777778,0.0277777777777778,0.5,0.111111111111111,0.0277777777777778,0.777777777777778,0.222222222222222,0.259259259259259,0.212962962962963,0.0462962962962963,0.0277777777777778,0.666666666666667,0.0185185185185185,0.759259259259259,0.268518518518519,0.638888888888889,0.166666666666667,0.444444444444444,1.11111111111111,0.0648148148148148,9.56481481481481,0.138888888888889,0.0833333333333333,10158,8126,0.844278530350684,0.915254237288136,0.6,75,38.415,16.4170339925491,8.79796438553761,-63.8085536093736,1065.71296296296,268.148148148148,0.448979591836735,75,9932,0,0,0,1
65535,10233,0.3125,0.173076923076923,0.778846153846154,1.23557692307692,0.0240384615384615,0.0769230769230769,0.774038461538462,1.17307692307692,0.0240384615384615,0.432692307692308,0.177884615384615,0.0240384615384615,0.846153846153846,0.302884615384615,0.216346153846154,0.350961538461538,0.0769230769230769,0.0528846153846154,0.649038461538462,0.0144230769230769,0.543269230769231,0.403846153846154,1.26923076923077,0.307692307692308,0.240384615384615,1.16346153846154,0.158653846153846,11.5865384615385,0.0576923076923077,0.100961538461538,10233,15650,0.738697029479602,0.896551724137931,0.65,75,54.616,20.5074214584495,13.8227733310441,28.588475964723,1218.96634615385,265.355769230769,0,0,0,0,0,0,1
65535,10308,0.29746835443038,0.19620253164557,0.829113924050633,1.36075949367089,0.0316455696202532,0.0822784810126582,0.481012658227848,1.06962025316456,0.0632911392405063,0.379746835443038,0.10126582278481,0.0379746835443038,0.487341772151899,0.246835443037975,0.0506329113924051,0.246835443037975,0.0316455696202532,0.0379746835443038,0.493670886075949,0.0126582278481013,0.468354430379747,0.30379746835443,3.81012658227848,0.20253164556962,0.221518987341772,0.89873417721519,0.107594936708861,11.5316455696203,0.0759493670886076,0.126582278481013,10308,11888,0.690861229593764,0.969325153374233,0.714932126696833,75,43.923,16.9013912494524,12.2194926924022,-63.5841103434218,299.310126582278,271.664556962025,0,0,0,0,0,0,1
65535,10383,0.216417910447761,0.164179104477612,0.552238805970149,1.01492537313433,0.0298507462686567,0.0447761194029851,0.791044776119403,0.985074626865672,0.0298507462686567,0.365671641791045,0.0597014925373134,0.0447761194029851,0.470149253731343,0.313432835820896,0.0522388059701493,0.41044776119403,0.0447761194029851,0.0746268656716418,0.873134328358209,0,0.507462686567164,0.305970149253731,1.91044776119403,0.23134328358209,0.276119402985075,1.21641791044776,0.126865671641791,12.7761194029851,0.149253731343284,0.119402985074627,10383,10082,0.613763043519449,0.957142857142857,0.687179487179487,75,40.565,15.0416705166188,11.8752528983218,-78.9738220795816,57484,272.134328358209,0.480769230769231,75,10910,0,0,0,0
65535,10459,0.258064516129032,0.139784946236559,0.306451612903226,0.951612903225806,0.00537634408602151,0.043010752688172,0.424731182795699,1.67204301075269,0.0376344086021505,0.838709677419355,0.032258064516129,0.021505376344086,1.01612903225806,0.290322580645161,0.145161290322581,0.354838709677419,0.0806451612903226,0.0376344086021505,0.473118279569893,0,1.24731182795699,0.198924731182796,0.446236559139785,0.424731182795699,0.763440860215054,1.10752688172043,0.102150537634409,9.86559139784946,0.0483870967741935,0.112903225806452,10459,13995,0.686192628689652,0.925373134328358,0.652631578947368,75,49.464,18.23904285885,13.2674422989072,23.7875497979134,112.94623655914,272.193548387097,0,0,0,0,0,0,1
65535,10534,0.236263736263736,0.137362637362637,0.576923076923077,0.895604395604396,0.0384615384615385,0.0494505494505494,0.626373626373626,1.07142857142857,0.0274725274725275,0.615384615384615,0.0879120879120879,0.010989010989011,0.423076923076923,0.362637362637363,0.0384615384615385,0.467032967032967,0.0549450549450549,0.0934065934065934,0.730769230769231,0.010989010989011,0.906593406593407,0.291208791208791,0.868131868131868,0.313186813186813,0.582417582417582,1.14835164835165,0.131868131868132,10.8626373626374,0.115384615384615,0.104395604395604,10534,13694,0.407964701642978,0.94300518134715,0.669117647058823,75,46.867,16.0934920477897,14.6933212422984,-74.9944111693684,1380.64835164835,273.587912087912,0,0,0,0,0,0,1
65535,10609,0.155102040816327,0.0938775510204082,0.710204081632653,0.922448979591837,0.0244897959183673,0.0448979591836735,0.526530612244898,1.15918367346939,0.0326530612244898,0.489795918367347,0.0489795918367347,0.0244897959183673,0.742857142857143,0.33469387755102,0.0612244897959184,0.359183673469388,0.114285714285714,0.0612244897959184,0.493877551020408,0.00816326530612245,0.783673469387755,0.297959183673469,1.44081632653061,0.33469387755102,0.346938775510204,1.02040816326531,0.114285714285714,9.4,0.118367346938776,0.122448979591837,10609,18434,0.521241870018635,0.953307392996109,0.686274509803922,75,54.36,19.243797704671,16.4228300612977,-85.7217825233588,589.938775510204,274.040816326531,0,0,0,0,0,0,1
65535,10684,0.245901639344262,0.0737704918032787,0.827868852459016,1.20491803278689,0,0.0655737704918033,0.934426229508197,1.25409836065574,0.0327868852459016,0.368852459016393,0.114754098360656,0.0327868852459016,0.549180327868853,0.377049180327869,0.0573770491803279,0.385245901639344,0.0327868852459016,0.0655737704918033,0.713114754098361,0.00819672131147541,0.508196721311475,0.459016393442623,1.45901639344262,0.278688524590164,0.344262295081967,1.33606557377049,0.213114754098361,14.3032786885246,0.0737704918032787,0.180327868852459,10684,9179,0.551759592087429,0.960629921259842,0.726190476190476,75,36.827,13.7489429480744,11.4666625383696,81.6722640255171,423.737704918033,273.909836065574,0,0,0,0,0,0,1
65535,10759,0.352941176470588,0.117647058823529,0.635294117647059,1.95294117647059,0.0470588235294118,0.0823529411764706,0.6,1.38823529411765,0.0470588235294118,0.341176470588235,0.0941176470588235,0.0352941176470588,0.423529411764706,0.341176470588235,0.0235294117647059,0.317647058823529,0.0352941176470588,0.117647058823529,0.529411764705882,0,0.717647058823529,0.341176470588235,0.576470588235294,0.270588235294118,0.270588235294118,1.12941176470588,0.117647058823529,10.2235294117647,0.0588235294117647,0.0941176470588235,10759,6395,0.785155111437419,75,0.817307692307692,75,31.906,13.4943854157807,8.35706156803819,-89.7807227431034,248.023529411765,276.858823529412,0.447368421052632,75,10835,0,0,0,1
65535,10835,0.480916030534351,0.083969465648855,0.763358778625954,1.86259541984733,0.0534351145038168,0.0381679389312977,0.778625954198473,1.49618320610687,0.0610687022900763,0.274809160305344,0.137404580152672,0.00763358778625954,0.679389312977099,0.488549618320611,0.0534351145038168,0.580152671755725,0.114503816793893,0.0458015267175573,0.770992366412214,0.00763358778625954,0.66412213740458,0.450381679389313,1.58015267175573,0.221374045801527,0.290076335877863,1.25190839694657,0.190839694656489,13.2442748091603,0.083969465648855,0.114503816793893,10835,9857,0.420270667064464,0.929078014184397,0.775147928994083,75,41.086,13.9525609535839,12.6605369444564,16.8644236321681,257.114503816794,276.610687022901,0.354166666666667,75,10759,0,0,0,1
65535,10910,0.12401055408971,0.121372031662269,0.812664907651715,2.11081794195251,0.0316622691292876,0.0395778364116095,0.852242744063325,1.57519788918206,0.0527704485488127,1.06068601583113,0.131926121372032,0.0105540897097625,0.620052770448549,0.390501319261214,0.0395778364116095,0.474934036939314,0.0765171503957784,0.0606860158311346,0.630606860158311,0.0211081794195251,1.41688654353562,0.461741424802111,0.976253298153034,0.503957783641161,0.277044854881267,1.43007915567282,0.155672823218997,10.7387862796834,0.105540897097625,0.113456464379947,10910,28516,0.445408758126202,0.917675544794189,0.71780303030303,75,72.215,23.7154147622404,21.2330591158561,6.61043113886115,778.026385224274,276.923482849604,0.340659340659341,226,9857,10383,11286,0,1
65535,10985,0.271186440677966,0.161016949152542,0.788135593220339,0.813559322033898,0.0338983050847458,0.0677966101694915,0.398305084745763,1.05084745762712,0.0847457627118644,0.398305084745763,0.101694915254237,0.0423728813559322,0.576271186440678,0.338983050847458,0.0508474576271186,0.313559322033898,0.0169491525423729,0.0677966101694915,0.923728813559322,0,0.525423728813559,0.288135593220339,4.06779661016949,0.169491525423729,0.449152542372881,1.27118644067797,0.220338983050847,10.2542372881356,0.076271186440678,0.0932203389830508,10985,8878,0.636358311814879,0.944,0.698224852071006,75,37.29,14.0735951655652,10.8562813570481,-45.3197286309353,560.618644067797,277.661016949153,0,0,0,0,0,0,1
65535,11060,0.311594202898551,0.130434782608696,0.623188405797101,1.97826086956522,0.101449275362319,0.0507246376811594,0.514492753623188,1.18115942028986,0.0217391304347826,0.659420289855073,0.115942028985507,0.036231884057971,0.673913043478261,0.27536231884058,0.036231884057971,0.333333333333333,0.036231884057971,0.036231884057971,0.681159420289855,0.0289855072463768,0.731884057971015,0.311594202898551,0.811594202898551,0.239130434782609,0.442028985507246,0.985507246376812,0.13768115942029,11.3260869565217,0.0797101449275362,0.072463768115942,11060,10383,0.417886570678948,0.951724137931035,0.657142857142857,75,40.59,14.1076841906732,12.8168199380842,-73.1906908505511,708.623188405797,280.442028985507,0,0,0,0,0,0,1
65535,11136,0.408333333333333,0.1625,0.770833333333333,1.80416666666667,0.0375,0.0583333333333333,0.545833333333333,1.38333333333333,0.0416666666666667,0.504166666666667,0.1625,0.0291666666666667,0.595833333333333,0.2625,0.0333333333333333,0.404166666666667,0.075,0.0583333333333333,0.691666666666667,0.0125,0.620833333333333,0.358333333333333,1.7,0.270833333333333,0.383333333333333,1.19166666666667,0.120833333333333,14.6125,0.0666666666666667,0.104166666666667,11136,18058,0.732244961558246,0.926640926640927,0.631578947368421,75,57.081,21.661585113693,14.7524351031734,-37.0671124710955,74.8208333333333,279.791666666667,0,0,0,0,0,0,1
65535,11211,0.353982300884956,0.168141592920354,0.36283185840708,0.610619469026549,0,0.079646017699115,0.530973451327434,1.56637168141593,0.0265486725663717,0.52212389380531,0.0442477876106195,0.0265486725663717,2.92035398230089,0.238938053097345,0.0353982300884956,0.345132743362832,0.0530973451327434,0.0619469026548673,0.601769911504425,0,1.10619469026549,0.380530973451327,0.548672566371681,0.256637168141593,0.893805309734513,1.13274336283186,0.123893805309735,10.0176991150442,0.0973451327433628,0.106194690265487,11211,8502,0.518531892326272,0.941666666666667,0.672619047619048,75,36.546,13.1209551938899,11.2191814908667,10.8958086034629,1166.95575221239,290.663716814159,0,0,0,0,0,0,1
65535,11286,0.287671232876712,0.157534246575342,0.616438356164384,0.917808219178082,0.0273972602739726,0.0410958904109589,0.376712328767123,0.849315068493151,0.0205479452054795,0.589041095890411,0.102739726027397,0.0205479452054795,0.513698630136986,0.246575342465753,0.0410958904109589,0.198630136986301,0.0753424657534247,0.0547945205479452,0.643835616438356,0.00684931506849315,0.616438356164384,0.335616438356164,0.410958904109589,0.171232876712329,0.321917808219178,1.06849315068493,0.143835616438356,8.47260273972603,0.123287671232877,0.0547945205479452,11286,10985,0.779430148629536,0.954248366013072,0.780748663101604,75,41.946,17.3346123724117,10.8599464094535,8.29407761253491,785.308219178082,293.150684931507,0.0192307692307692,75,10910,0,0,0,1
65535,11361,0.0710059171597633,0.106508875739645,0.562130177514793,0.952662721893491,0.00591715976331361,0.0532544378698225,0.680473372781065,0.816568047337278,0.0591715976331361,0.431952662721893,0.153846153846154,0.0236686390532544,0.331360946745562,0.27810650887574,0.0473372781065089,0.313609467455621,0.0769230769230769,0.0650887573964497,0.402366863905325,0.0118343195266272,0.57396449704142,0.337278106508876,0.893491124260355,0.355029585798817,0.183431952662722,0.93491124260355,0.142011834319527,9.54437869822485,0.0828402366863905,0.0828402366863905,11361,12716,0.595836110384443,0.954802259887006,0.662745098039216,75,44.535,16.5310720044835,13.2762039605281,-65.8957589071704,1427.19526627219,293.272189349112,0,0,0,0,0,0,1
65535,11437,0.330543933054393,0.167364016736402,0.841004184100418,1.94560669456067,0.0418410041841004,0.0418410041841004,0.866108786610879,1.4602510460251,0.0585774058577406,0.811715481171548,0.179916317991632,0.00836820083682008,0.849372384937239,0.405857740585774,0.0334728033472803,0.485355648535565,0.0585774058577406,0.0543933054393305,0.518828451882845,0.0209205020920502,1.2092050209205,0.426778242677824,1.15899581589958,0.372384937238494,0.343096234309623,1.55648535564854,0.167364016736402,14.2928870292887,0.125523012552301,0.0794979079497908,11437,17983,0.440420788769922,0.956,0.663888888888889,75,53.897,18.695825769336,16.7849529546103,-17.7660321300278,726.794979079498,293.903765690377,0,0,0,0,0,0,1
65535,11512,0.292207792207792,0.123376623376623,0.857142857142857,1.21428571428571,0.038961038961039,0.0454545454545455,0.935064935064935,1.38961038961039,0.0909090909090909,0.363636363636364,0.246753246753247,0.012987012987013,1.18831168831169,0.402597402597403,0.0454545454545455,0.363636363636364,0.0324675324675325,0.038961038961039,0.681818181818182,0.00649350649350649,0.551948051948052,0.357142857142857,4.24675324675325,0.201298701298701,0.519480519480519,1.16233766233766,0.162337662337662,13.5584415584416,0.0649350649350649,0.0844155844155844,11512,11587,0.774085975872396,0.950617283950617,0.658119658119658,75,44.965,17.8434646804771,11.2963492947107,28.6722072258646,1061.16233766234,294.24025974026,0.431034482758621,75,11888,0,0,0,1
65535,11587,0.305825242718447,0.0922330097087379,1.1747572815534,2.44660194174757,0.0825242718446602,0.0533980582524272,0.951456310679612,1.62135922330097,0.0436893203883495,0.393203883495146,0.140776699029126,0.0533980582524272,0.776699029126214,0.359223300970874,0.218446601941748,0.524271844660194,0.087378640776699,0.0679611650485437,0.941747572815534,0.00970873786407767,0.737864077669903,0.558252427184466,3.09708737864078,0.233009708737864,0.485436893203884,1.53883495145631,0.179611650485437,17.1796116504854,0.111650485436893,0.116504854368932,11587,15500,0.837997984914577,0.827309236947791,0.492822966507177,75,58.661,23.1735435874206,12.6451845742149,-39.3524428630202,607.383495145631,293.776699029126,0.415584415584416,75,11738,0,0,0,1
65535,11662,0.220125786163522,0.125786163522013,0.50314465408805,0.981132075471698,0.0188679245283019,0.0314465408805031,0.672955974842767,1.18867924528302,0.0251572327044025,0.773584905660377,0.0314465408805031,0.0377358490566038,1.15094339622642,0.415094339622642,0.0377358490566038,0.264150943396226,0.050314465408805,0.050314465408805,0.559748427672956,0.0377358490566038,1.16981132075472,0.433962264150943,5.11949685534591,0.339622641509434,1.0440251572327,1.22012578616352,0.169811320754717,13.1446540880503,0.182389937106918,0.144654088050314,11662,11963,0.671797717869448,0.957831325301205,0.6625,75,43.493,16.6621634504805,12.3422418629623,43.9353171929774,62.9308176100629,298.987421383648,0,0,0,0,0,0,1
65535,11738,0.372340425531915,0.191489361702128,0.531914893617021,1.78723404255319,0.0212765957446809,0.0212765957446809,0.617021276595745,0.978723404255319,0.0531914893617021,0.51063829787234,0.159574468085106,0.0106382978723404,0.595744680851064,0.308510638297872,0.25531914893617,0.234042553191489,0.0319148936170213,0.0531914893617021,0.702127659574468,0,0.531914893617021,0.478723404255319,0.851063829787234,0.265957446808511,0.436170212765957,1.14893617021277,0.117021276595745,9.6063829787234,0.0425531914893617,0.0638297872340425,11738,7073,0.87973000710793,0.959183673469388,0.602564102564103,75,37.067,16.3617659992359,7.77958727095034,-53.8744724761409,601.276595744681,298.744680851064,0.630434782608696,75,11587,0,0,0,1
65535,11813,0.179775280898876,0.146067415730337,0.297752808988764,0.775280898876405,0.0224719101123596,0.0393258426966292,0.415730337078652,1.03370786516854,0.0224719101123596,0.601123595505618,0.0280898876404494,0.0168539325842697,1.04494382022472,0.297752808988764,0.0786516853932584,0.264044943820225,0.0280898876404494,0.0393258426966292,0.438202247191011,0.0112359550561798,1.35393258426966,0.308988764044944,1.74719101123596,0.247191011235955,0.691011235955056,1.03370786516854,0.106741573033708,7.46067415730337,0.106741573033708,0.0617977528089888,11813,13393,0.566918912998177,0.956989247311828,0.698039215686274,75,46.007,16.7120416838922,13.7669387618612,33.2267093103892,916.780898876405,299.724719101124,0.0677966101694915,75,12340,0,0,0,1
65535,11888,0.246073298429319,0.157068062827225,1.3455497382199,1.94240837696335,0.031413612565445,0.0837696335078534,0.984293193717278,1.40837696335079,0.0523560209424084,0.523560209424084,0.209424083769634,0.0209424083769634,0.963350785340314,0.340314136125654,0.06282722513089,0.403141361256544,0.0418848167539267,0.0732984293193717,0.759162303664921,0.00523560209424084,0.649214659685864,0.476439790575916,3.79057591623037,0.267015706806283,0.382198952879581,1.29842931937173,0.167539267015707,16.1204188481675,0.0994764397905759,0.172774869109948,11888,14371,0.708781396363875,0.900943396226415,0.558479532163743,75,52.02,19.2636793796168,13.5891424900895,40.5387530317081,1068.07853403141,302.083769633508,0.441176470588235,150,11512,12641,0,0,1
65535,11963,0.0615384615384615,0.0923076923076923,0.943589743589744,1.68717948717949,0.0564102564102564,0.041025641025641,0.851282051282051,1.00512820512821,0.041025641025641,0.374358974358974,0.0974358974358974,0.0256410256410256,0.558974358974359,0.220512820512821,0.0512820512820513,0.348717948717949,0.0512820512820513,0.0564102564102564,0.538461538461538,0.0205128205128205,0.641025641025641,0.394871794871795,2.97435897435897,0.261538461538462,0.287179487179487,1.12307692307692,0.153846153846154,10.9333333333333,0.0769230769230769,0.138461538461538,11963,14672,0.698873481459602,0.9375,0.684210526315789,75,50.506,18.8320423267662,13.469529997169,-73.4840168772435,1213.08717948718,301.153846153846,0,0,0,0,0,0,1
65535,12039,0.169082125603865,0.183574879227053,0.710144927536232,1.71497584541063,0.0676328502415459,0.0676328502415459,0.676328502415459,1.26086956521739,0.0628019323671498,0.516908212560386,0.1256038647343,0.0338164251207729,0.521739130434783,0.338164251207729,0.0628019323671498,0.429951690821256,0.101449275362319,0.0579710144927536,0.758454106280193,0.00483091787439614,0.594202898550725,0.492753623188406,2.17391304347826,0.260869565217391,0.246376811594203,1.67149758454106,0.1256038647343,16.0096618357488,0.101449275362319,0.154589371980676,12039,15575,0.781865985408198,0.924107142857143,0.704081632653061,75,52.557,21.0584237252396,13.1288012847783,-87.0373631726643,293.367149758454,303.710144927536,0,0,0,0,0,0,1
65535,12114,0.190721649484536,0.118556701030928,1.04123711340206,2.0360824742268,0.0360824742268041,0.0567010309278351,0.938144329896907,1.34536082474227,0.0257731958762887,0.319587628865979,0.195876288659794,0.0567010309278351,0.603092783505155,0.298969072164948,0.0412371134020619,0.38659793814433,0.0618556701030928,0.0515463917525773,0.788659793814433,0.0103092783505155,0.463917525773196,0.309278350515464,1.18556701030928,0.268041237113402,0.345360824742268,1.39175257731959,0.15979381443299,13.7010309278351,0.118556701030928,0.0876288659793814,12114,14597,0.439228631214283,0.96039603960396,0.76078431372549,75,47.76,16.8265515213416,15.1165585506973,75.0357430520232,497.082474226804,306.701030927835,0,0,0,0,0,0,1
65535,12189,0.25,0.105,1.15,1.21,0.06,0.04,1.12,1.085,0.045,0.415,0.145,0.035,0.51,0.34,0.045,0.265,0.03,0.02,0.92,0.02,0.59,0.405,2.35,0.32,0.29,1.035,0.145,12.25,0.11,0.1,12189,15048,0.729823182423609,0.938967136150235,0.694444444444444,75,51.333,19.8110658690998,13.5435569846645,34.5347162619524,148.65,310.495,0.151515151515152,75,12941,0,0,0,1
65535,12264,0.299435028248588,0.129943502824859,0.395480225988701,0.338983050847458,0.0112994350282486,0.0282485875706215,1.42372881355932,1.06214689265537,0.0395480225988701,0.779661016949153,0.0451977401129944,0.0225988700564972,0.666666666666667,0.72316384180791,0.0677966101694915,0.265536723163842,0.0169491525423729,0.0621468926553672,0.474576271186441,0.00564971751412429,1.3728813559322,0.293785310734463,1.09604519774011,0.220338983050847,0.457627118644068,1.11864406779661,0.101694915254237,6.09604519774011,0.0790960451977401,0.0734463276836158,12264,13318,0.711434675774798,0.941489361702128,0.650735294117647,75,47.231,18.1336879677324,12.7434897262828,-34.0492787065741,700.446327683616,311.225988700565,0,0,0,0,0,0,1
65535,12340,0.225,0.1,0.6,1.45,0.05,0.0625,0.775,1.13125,0.0375,0.48125,0.08125,0.025,0.39375,0.28125,0.03125,0.26875,0.01875,0.05,0.76875,0.0125,0.4625,0.325,0.625,0.2,0.44375,0.95,0.1625,9.78125,0.08125,0.075,12340,12039,0.427492239865703,0.952380952380952,0.666666666666667,75,43.311,15.1473539701131,13.6934960609321,73.1293848099985,912.175,316.3375,0.0517241379310345,75,11813,0,0,0,1
65535,12415,0.218045112781955,0.142857142857143,0.353383458646617,0.804511278195489,0.0075187969924812,0.0601503759398496,0.714285714285714,1.00751879699248,0.0526315789473684,0.533834586466165,0.0451127819548872,0.0225563909774436,1.38345864661654,0.240601503759398,0.150375939849624,0.278195488721805,0.037593984962406,0.0451127819548872,0.699248120300752,0.0075187969924812,0.646616541353383,0.285714285714286,3.2406015037594,0.293233082706767,0.789473684210526,0.819548872180451,0.0827067669172932,9.81954887218045,0.0676691729323308,0.0902255639097744,12415,10007,0.665235680264969,0.956834532374101,0.738888888888889,75,38.878,15.1481986803068,11.3101516496618,19.585275733859,1251.93984962406,317.676691729323,0,0,0,0,0,0,1
65535,12490,0.285714285714286,0.181818181818182,0.824675324675325,2.20779220779221,0.025974025974026,0.0454545454545455,0.772727272727273,1.51298701298701,0.0454545454545455,0.545454545454545,0.25974025974026,0.012987012987013,0.545454545454545,0.350649350649351,0.0194805194805195,0.461038961038961,0.025974025974026,0.0909090909090909,0.915584415584416,0.012987012987013,0.435064935064935,0.474025974025974,1.16883116883117,0.266233766233766,0.298701298701299,1.94155844155844,0.181818181818182,15.0454545454545,0.11038961038961,0.103896103896104,12490,11587,0.781519492232689,0.922155688622755,0.69683257918552,75,46.139,18.106129776455,11.2960671746222,-24.2517268932527,736.12987012987,319.512987012987,0.4,75,12791,0,0,0,1
65535,12565,0.129496402877698,0.0863309352517986,1.94964028776978,1.51798561151079,0.0287769784172662,0.0647482014388489,0.964028776978417,1.1726618705036,0.0503597122302158,0.510791366906475,0.151079136690647,0.0575539568345324,0.467625899280576,0.20863309352518,0.0215827338129496,0.41726618705036,0.0503597122302158,0.0719424460431655,0.705035971223022,0.0215827338129496,0.525179856115108,0.316546762589928,4.84172661870504,0.309352517985612,0.287769784172662,1.09352517985612,0.079136690647482,13.3884892086331,0.129496402877698,0.20863309352518,12565,10459,0.859152069486268,0.794285714285714,0.522556390977444,75,48.976,20.1292497342201,10.3005468154758,-71.356720867413,1380.30935251799,316.208633093525,0.45,75,12716,0,0,0,1
65535,12641,0.171428571428571,0.0685714285714286,1.42285714285714,1.23428571428571,0.0228571428571429,0.0457142857142857,0.845714285714286,0.96,0.0171428571428571,0.348571428571429,0.08,0.0228571428571429,0.742857142857143,0.205714285714286,0.0685714285714286,0.228571428571429,0.0571428571428571,0.04,0.571428571428571,0.0114285714285714,0.365714285714286,0.337142857142857,4.08,0.171428571428571,0.462857142857143,0.851428571428571,0.08,12.2628571428571,0.102857142857143,0.125714285714286,12641,13167,0.852515003870463,0.892857142857143,0.583333333333333,75,51.449,21.0267401122423,10.9907349469446,-27.6714243153303,1066.06857142857,318.794285714286,0.0615384615384615,75,11888,0,0,0,1
65535,12716,0.166666666666667,0.0972222222222222,1.35416666666667,0.951388888888889,0.0763888888888889,0.0416666666666667,0.958333333333333,1.09027777777778,0.0555555555555556,0.465277777777778,0.1875,0.0138888888888889,0.458333333333333,0.263888888888889,0.0347222222222222,0.326388888888889,0.0416666666666667,0.0416666666666667,0.777777777777778,0.00694444444444444,0.451388888888889,0.347222222222222,3.35416666666667,0.319444444444444,0.256944444444444,1.1875,0.173611111111111,12.5625,0.0972222222222222,0.104166666666667,12716,10835,0.610149101730714,0.966442953020134,0.692307692307692,75,43.063,15.6125232415556,12.3695931251302,-75.4904430257165,1372.21527777778,318.868055555556,0.471698113207547,75,12565,0,0,0,1
65535,12791,0.152173913043478,0.184782608695652,0.608695652173913,2.66304347826087,0.0543478260869565,0.0434782608695652,0.630434782608696,1.19565217391304,0.0434782608695652,0.543478260869565,0.130434782608696,0.0217391304347826,0.565217391304348,0.271739130434783,0.0434782608695652,0.271739130434783,0.0326086956521739,0.119565217391304,1.01086956521739,0.0108695652173913,0.565217391304348,0.630434782608696,1.03260869565217,0.326086956521739,0.282608695652174,1.93478260869565,0.0978260869565217,12.3804347826087,0.119565217391304,0.0434782608695652,12791,6922,0.744909192337618,0.884615384615385,0.597402597402597,75,35.876,13.8613006683549,9.24778668938087,-62.0822791106149,726.423913043478,321.445652173913,0.511111111111111,75,12490,0,0,0,1
65535,12866,0.15929203539823,0.132743362831858,1.00884955752212,0.920353982300885,0.0265486725663717,0.079646017699115,0.955752212389381,1.04424778761062,0.0176991150442478,0.398230088495575,0.0619469026548673,0.0265486725663717,0.47787610619469,0.265486725663717,0.0442477876106195,0.185840707964602,0.0442477876106195,0.0530973451327434,0.407079646017699,0.0353982300884956,0.433628318584071,0.407079646017699,7.20353982300885,0.265486725663717,0.407079646017699,0.946902654867257,0.115044247787611,10.9734513274336,0.0442477876106195,0.0530973451327434,12866,8502,0.742434557250513,0.933884297520661,0.668639053254438,75,36.827,14.7787860197575,9.90058361329906,-54.7164779790348,886.761061946903,323.070796460177,0,0,0,0,0,0,1
65535,12941,0.522292993630573,0.210191082802548,1.45859872611465,1.61783439490446,0.0573248407643312,0.0445859872611465,0.929936305732484,2.03821656050955,0.0700636942675159,0.414012738853503,0.203821656050955,0.0382165605095541,0.770700636942675,0.356687898089172,2.01910828025478,0.67515923566879,0.0636942675159236,0.114649681528662,1.4140127388535,0.0127388535031847,0.535031847133758,0.573248407643312,3.22929936305732,0.24203821656051,0.356687898089172,1.88535031847134,0.210191082802548,19.8216560509554,0.114649681528662,0.133757961783439,12941,11813,0.43548169921591,0.957317073170732,0.747619047619048,75,41.971,14.9789355579879,13.4840015952719,17.4484637986107,140.006369426752,324.433121019108,0.185185185185185,75,12189,0,0,0,1
65535,13017,0.124497991967871,0.100401606425703,0.979919678714859,1.43373493975904,0.0441767068273092,0.0441767068273092,0.835341365461847,1.06827309236948,0.0401606425702811,0.393574297188755,0.172690763052209,0.0240963855421687,0.44578313253012,0.337349397590361,0.0441767068273092,0.36144578313253,0.0481927710843374,0.0321285140562249,0.497991967871486,0.00401606425702811,0.642570281124498,0.273092369477912,2.32931726907631,0.236947791164659,0.281124497991968,1.10441767068273,0.1285140562249,11.9839357429719,0.0843373493975904,0.108433734939759,13017,18735,0.733272778013723,0.976470588235294,0.778125,75,54.955,21.6903012970742,14.7479859016105,-61.9837843005309,956.192771084337,324.718875502008,0,0,0,0,0,0,1
65535,13092,0.0969162995594714,0.127753303964758,0.682819383259912,1.51982378854626,0.039647577092511,0.039647577092511,0.682819383259912,0.960352422907489,0.0440528634361234,0.405286343612335,0.0572687224669604,0.013215859030837,0.361233480176211,0.251101321585903,0.026431718061674,0.255506607929515,0.026431718061674,0.092511013215859,0.607929515418502,0.00881057268722467,0.488986784140969,0.268722466960352,1.55506607929515,0.224669603524229,0.3215859030837,1.04845814977974,0.114537444933921,8.70044052863436,0.0572687224669604,0.0704845814977974,13092,17080,0.599091889692632,0.945833333333333,0.66374269005848,75,52.59,19.1056141068199,15.2974884159168,32.5749762211654,809.726872246696,329.559471365639,0,0,0,0,0,0,1
65535,13167,0.290598290598291,0.111111111111111,0.615384615384615,1.33333333333333,0.0341880341880342,0.0854700854700855,0.632478632478632,1.07692307692308,0.0512820512820513,0.572649572649573,0.145299145299145,0.0256410256410256,0.538461538461538,0.230769230769231,0.743589743589744,0.213675213675214,0.0512820512820513,0.0683760683760684,0.769230769230769,0,0.521367521367521,0.307692307692308,0.709401709401709,0.196581196581197,0.461538461538462,NaN,0.094017094017094,10.0512820512821,0.094017094017094,0.153846153846154,13167,8803,0.521605806097966,0.959016393442623,0.696428571428571,75,36.273,13.298733317204,11.3463011304341,78.0916726830532,1019.35042735043,330.854700854701,0,0,0,0,0,0,0
65535,13242,0.311111111111111,0.133333333333333,0.481481481481481,1.43703703703704,0.0444444444444444,0.0444444444444444,0.259259259259259,0.822222222222222,0.0592592592592593,0.481481481481481,0.0814814814814815,0.00740740740740741,0.451851851851852,0.244444444444444,0.222222222222222,0.237037037037037,0.0444444444444444,0.037037037037037,0.725925925925926,0.0148148148148148,0.474074074074074,0.274074074074074,0.392592592592593,0.333333333333333,0.6,1.14074074074074,0.103703703703704,8.4962962962963,0.0888888888888889,0.0592592592592593,13242,10158,0.523981003544972,0.944055944055944,0.741758241758242,75,40.284,14.3012313194184,12.1807870382806,59.6314472607672,858.844444444444,335.777777777778,0,0,0,0,0,0,1
65535,13318,0.210526315789474,0.0986842105263158,0.460526315789474,0.572368421052632,0.0197368421052632,0.0460526315789474,0.894736842105263,1.34868421052632,0.0131578947368421,1.15131578947368,0.0855263157894737,0.0394736842105263,0.611842105263158,0.355263157894737,0.131578947368421,0.236842105263158,0.131578947368421,0.131578947368421,0.75,0.0131578947368421,1.99342105263158,0.368421052631579,0.473684210526316,0.434210526315789,0.493421052631579,1.27631578947368,0.190789473684211,8.24342105263158,0.125,0.0921052631578947,13318,11437,0.680227831737782,0.932515337423313,0.678571428571429,75,43.096,16.38784958958,12.0123060113064,-31.2577926030238,1332.35526315789,337.506578947368,0,0,0,0,0,0,1
65535,13393,0.146551724137931,0.181034482758621,0.370689655172414,1.19827586206897,0.0431034482758621,0.0431034482758621,0.258620689655172,0.603448275862069,0,0.431034482758621,0.103448275862069,0.00862068965517241,0.362068965517241,0.224137931034483,0.0517241379310345,0.198275862068966,0.00862068965517241,0.0517241379310345,0.612068965517241,0.0172413793103448,0.594827586206897,0.224137931034483,0.327586206896552,0.224137931034483,0.293103448275862,0.948275862068966,0.129310344827586,7.14655172413793,0.0603448275862069,0.0258620689655172,13393,8728,0.740932303844586,0.958677685950413,0.69047619047619,75,36.546,14.9081719107725,10.0120259264754,-34.3503750873845,795.293103448276,340.73275862069,0,0,0,0,0,0,1
65535,13468,0.146341463414634,0.134146341463415,2.00609756097561,1.69512195121951,0.0426829268292683,0.0670731707317073,1.15853658536585,1.04878048780488,0.0365853658536585,0.463414634146341,0.189024390243902,0.024390243902439,0.707317073170732,0.24390243902439,0.0670731707317073,0.353658536585366,0.0731707317073171,0.0548780487804878,1.04268292682927,0.0121951219512195,0.554878048780488,0.426829268292683,2.92682926829268,0.189024390243902,0.213414634146341,1.43292682926829,0.134146341463415,14.3719512195122,0.0853658536585366,0.115853658536585,13468,12340,0.585467874401032,0.947976878612717,0.683333333333333,75,44.237,16.2484046210665,13.1725102554273,50.8652627262661,1084.7012195122,340.018292682927,0.172413793103448,75,13694,0,0,0,1
65535,13543,0.150793650793651,0.126984126984127,0.436507936507937,1.45238095238095,0.0396825396825397,0.0555555555555556,0.563492063492063,0.888888888888889,0.0476190476190476,0.428571428571429,0.103174603174603,0.00793650793650794,0.46031746031746,0.285714285714286,0.142857142857143,0.246031746031746,0.00793650793650794,0.0476190476190476,0.682539682539683,0.0158730158730159,0.484126984126984,0.365079365079365,0.46031746031746,0.158730158730159,0.341269841269841,0.833333333333333,0.19047619047619,9.8015873015873,0.103174603174603,0.103174603174603,13543,9480,0.58158072900996,0.940298507462687,0.642857142857143,75,38.812,14.2168556622904,11.5652513488098,-45.2267896483488,1142.03174603175,351.706349206349,0,0,0,0,0,0,1
65535,13619,0.184210526315789,0.131578947368421,0.467105263157895,0.592105263157895,0.0197368421052632,0.0263157894736842,0.375,1.21052631578947,0.0394736842105263,0.710526315789474,0.0526315789473684,0.0131578947368421,0.723684210526316,0.217105263157895,0.0328947368421053,0.203947368421053,0.0723684210526316,0.0131578947368421,0.401315789473684,0.0131578947368421,1.19736842105263,0.322368421052632,0.875,0.282894736842105,1.19078947368421,1.03947368421053,0.131578947368421,9.33552631578947,0.0921052631578947,0.0855263157894737,13619,11437,0.398350809168224,0.932515337423313,0.678571428571429,75,43.129,14.6899332466969,13.4740935960222,-83.7964265370368,543.118421052632,353.447368421053,0,0,0,0,0,0,1
65535,13694,0.171052631578947,0.0855263157894737,0.763157894736842,1.40131578947368,0.0789473684210526,0.0328947368421053,1.21052631578947,1.03947368421053,0.0263157894736842,0.335526315789474,0.0921052631578947,0.0131578947368421,0.552631578947368,0.230263157894737,0.0986842105263158,0.230263157894737,0.0263157894736842,0.0460526315789474,0.618421052631579,0,0.407894736842105,0.315789473684211,0.927631578947368,0.223684210526316,0.276315789473684,1.15131578947368,0.164473684210526,11.4342105263158,0.0986842105263158,0.0526315789473684,13694,11437,0.650771700577444,0.944099378881988,0.678571428571429,75,43.129,16.1286686268044,12.2460701042801,-21.5404603802846,1089.09868421053,354.638157894737,0.228070175438596,150,13468,14070,0,0,1
65535,13769,0.149253731343284,0.149253731343284,0.664179104477612,1.09701492537313,0.082089552238806,0.0746268656716418,0.462686567164179,0.955223880597015,0,0.634328358208955,0.119402985074627,0.0149253731343284,0.447761194029851,0.216417910447761,0.0223880597014925,0.208955223880597,0.0298507462686567,0.0746268656716418,0.604477611940298,0.00746268656716418,0.522388059701492,0.305970149253731,4.57462686567164,0.246268656716418,0.276119402985075,1.06716417910448,0.0522388059701493,8.44029850746269,0.104477611940299,0.0895522388059701,13769,10082,0.657657307356472,0.905405405405405,0.644230769230769,75,41.905,15.45693784605,11.6439777775504,12.5321906223704,671.149253731343,356.365671641791,0,0,0,0,0,0,1
65535,13844,0.184873949579832,0.159663865546218,0.420168067226891,0.92436974789916,0.0420168067226891,0.0504201680672269,0.546218487394958,0.697478991596639,0.0420168067226891,0.38655462184874,0.0840336134453782,0.0336134453781513,0.285714285714286,0.294117647058824,0.0588235294117647,0.201680672268908,0.0588235294117647,0.0168067226890756,0.403361344537815,0,0.512605042016807,0.252100840336134,0.378151260504202,0.168067226890756,0.495798319327731,0.907563025210084,0.109243697478992,7.69747899159664,0.0588235294117647,0.092436974789916,13844,8954,0.598816760076872,0.959677419354839,0.708333333333333,75,36.637,13.852000400621,11.0938740823341,-27.1077851882246,1298.97478991597,360.521008403361,0,0,0,0,0,0,1
65535,13920,0.220689655172414,0.151724137931034,0.448275862068966,0.675862068965517,0.0206896551724138,0.0275862068965517,0.4,1.15862068965517,0.0482758620689655,0.758620689655172,0.0482758620689655,0.0344827586206897,1.2,0.406896551724138,0.151724137931034,0.255172413793103,0.0413793103448276,0.0413793103448276,0.648275862068965,0.00689655172413793,1.41379310344828,0.296551724137931,2.50344827586207,0.227586206896552,0.620689655172414,1.03448275862069,0.103448275862069,9.4,0.117241379310345,0.0827586206896552,13920,10910,0.51249429943792,0.960264900662252,0.69047619047619,75,41.227,14.8008719396488,12.7093700072619,23.846537624624,819.186206896552,364.993103448276,0,0,0,0,0,0,1
65535,13995,0.0956521739130435,0.147826086956522,0.860869565217391,1.29565217391304,0.0608695652173913,0.0434782608695652,0.643478260869565,NaN,0.0260869565217391,0.339130434782609,0.11304347826087,0.0173913043478261,0.521739130434783,0.260869565217391,0.0782608695652174,0.234782608695652,0.0608695652173913,0.0434782608695652,0.391304347826087,0.00869565217391304,0.591304347826087,0.269565217391304,NaN,0.295652173913043,0.243478260869565,1.02608695652174,0.0956521739130435,10.5652173913043,0.0434782608695652,0.0695652173913043,13995,8653,0.705777586678758,0.942622950819672,0.68452380952381,75,36.827,14.551869048848,10.3090312570412,56.9065792645726,1151.12173913043,369.2,0,0,0,0,0,0,0
65535,14070,0.158227848101266,0.0949367088607595,0.658227848101266,1.41139240506329,0.00632911392405063,0.0316455696202532,1.05063291139241,1.39873417721519,0.0253164556962025,0.354430379746835,0.107594936708861,0.0316455696202532,0.715189873417722,0.253164556962025,0.0316455696202532,0.29746835443038,0.0506329113924051,0.0253164556962025,0.632911392405063,0,0.708860759493671,0.430379746835443,0.753164556962025,0.386075949367089,0.405063291139241,0.993670886075949,0.145569620253165,11.4556962025316,0.113924050632911,0.0569620253164557,14070,11888,0.436781009802077,0.946107784431138,0.752380952380952,75,42.616,15.0451095380725,13.5340971138186,0.950893305743213,1087.98734177215,369.962025316456,0.0754716981132075,75,13694,0,0,0,1
65535,14145,0.349593495934959,0.186991869918699,0.495934959349593,1.0650406504065,0.0487804878048781,0.016260162601626,0.341463414634146,1.01626016260163,0.024390243902439,0.447154471544715,0.0650406504065041,0.016260162601626,0.699186991869919,0.211382113821138,1.13008130081301,0.219512195121951,0.0487804878048781,0.0731707317073171,0.658536585365854,0.016260162601626,0.829268292682927,0.252032520325203,0.284552845528455,0.16260162601626,0.658536585365854,0.959349593495935,0.0569105691056911,8.41463414634146,0.0894308943089431,0.130081300813008,14145,9255,0.782497361472253,0.953488372093023,0.591346153846154,75,39.474,16.0239360230021,9.97736625940776,-28.2599371579388,414.520325203252,374.983739837398,0,0,0,0,0,0,1
65535,14221,0.671328671328671,0.188811188811189,0.531468531468531,0.167832167832168,0.034965034965035,0.027972027972028,1.43356643356643,1.97902097902098,0.0559440559440559,0.713286713286713,0.0909090909090909,0.0629370629370629,3.27972027972028,0.426573426573427,2.48951048951049,0.328671328671329,0.027972027972028,0.454545454545455,0.559440559440559,0.027972027972028,0.923076923076923,0.426573426573427,0.846153846153846,0.426573426573427,1.0979020979021,1.43356643356643,0.181818181818182,12.2237762237762,0.146853146853147,0.104895104895105,14221,10759,0.519934844239154,0.940789473684211,0.635555555555556,75,41.715,14.8331136177843,12.6705334989256,-38.3127592563723,788.342657342657,373.559440559441,0,0,0,0,0,0,1
65535,14296,0.163636363636364,0.1,0.590909090909091,1.59090909090909,0.0545454545454545,0.0363636363636364,0.590909090909091,1.06363636363636,0.0363636363636364,0.445454545454545,0.0545454545454545,0.0363636363636364,0.481818181818182,0.209090909090909,0.0454545454545455,0.236363636363636,0.0545454545454545,0.0272727272727273,0.472727272727273,0.0272727272727273,0.381818181818182,0.254545454545455,0.863636363636364,0.109090909090909,0.3,1.13636363636364,0.109090909090909,9.44545454545455,0.118181818181818,0.145454545454545,14296,8277,0.760175264104437,0.92436974789916,0.654761904761905,75,37.282,14.9141109049568,9.68996732262533,-24.5191561237238,1189.23636363636,375.936363636364,0.391304347826087,75,14597,0,0,0,1
65535,14371,0.266304347826087,0.141304347826087,1.66304347826087,1.6195652173913,0.0652173913043478,0.0978260869565217,1.02173913043478,1.23369565217391,0.0326086956521739,0.315217391304348,0.125,0.0217391304347826,0.576086956521739,0.385869565217391,0.0434782608695652,0.391304347826087,0.0434782608695652,0.0923913043478261,0.71195652173913,0,0.467391304347826,0.309782608695652,5.67391304347826,0.266304347826087,0.260869565217391,0.994565217391304,0.141304347826087,17.1358695652174,0.119565217391304,0.190217391304348,14371,13844,0.830422952507265,0.929292929292929,0.625850340136054,75,50.87,20.8685294398766,11.6265565306833,-72.647507800586,749.771739130435,379.45652173913,0,0,0,0,0,0,1
65535,14446,0.315068493150685,0.164383561643836,0.465753424657534,0.684931506849315,0.0547945205479452,0.0273972602739726,0.465753424657534,1.05479452054795,0.0136986301369863,0.794520547945205,0.0479452054794521,0.0205479452054795,0.972602739726027,0.287671232876712,0.0342465753424658,0.267123287671233,0.0821917808219178,0.0410958904109589,0.39041095890411,0.0136986301369863,1.08219178082192,0.356164383561644,2.54794520547945,0.294520547945205,0.493150684931507,1.28767123287671,0.0547945205479452,7.71917808219178,0.0958904109589041,0.0958904109589041,14446,10985,0.725443017088709,0.941935483870968,0.715686274509804,75,42.608,16.5874257227587,11.4168303763423,-11.8845613382608,282.513698630137,380.86301369863,0.480769230769231,150,14747,14898,0,0,1
65535,14522,0.115384615384615,0.1,1.00769230769231,1.10769230769231,0.0538461538461538,0.0153846153846154,0.846153846153846,1.12307692307692,0.0538461538461538,0.392307692307692,0.161538461538462,0.00769230769230769,0.338461538461538,0.261538461538462,0.0384615384615385,0.376923076923077,0.0461538461538462,0.0307692307692308,0.407692307692308,0.00769230769230769,0.446153846153846,0.323076923076923,2.47692307692308,0.238461538461538,0.438461538461538,0.953846153846154,0.1,12.9769230769231,0.0769230769230769,0.1,14522,9781,0.474351511225177,0.955882352941177,0.773809523809524,75,38.208,13.7755956800238,12.1271463116619,17.7418874772717,1220.03846153846,380.538461538462,0,0,0,0,0,0,1
65535,14597,0.175572519083969,0.099236641221374,0.564885496183206,0.893129770992366,0.0229007633587786,0.0458015267175573,0.473282442748092,0.893129770992366,0.0610687022900763,0.473282442748092,0.0916030534351145,0.00763358778625954,0.351145038167939,0.297709923664122,0.00763358778625954,0.213740458015267,0.0305343511450382,0.0610687022900763,0.732824427480916,0.0152671755725191,0.595419847328244,0.251908396946565,0.885496183206107,0.152671755725191,0.366412213740458,1.02290076335878,0.152671755725191,8.23664122137405,0.0610687022900763,0.0916030534351145,14597,9857,0.804004727038534,0.929078014184397,0.700534759358289,75,41.69,17.0055769440899,10.1119055601074,8.89323799979408,1186.85496183206,384.801526717557,0.358490566037736,75,14296,0,0,0,1
65535,14672,0.0821256038647343,0.130434782608696,0.608695652173913,0.0917874396135266,0.0289855072463768,0.0483091787439614,1.68599033816425,1.82125603864734,0.0386473429951691,0.502415458937198,0.111111111111111,0.0144927536231884,1.1304347826087,0.526570048309179,0.342995169082126,0.309178743961353,0.0531400966183575,0.0579710144927536,0.386473429951691,0.00483091787439614,0.792270531400966,0.473429951690821,9.3816425120773,0.198067632850242,0.468599033816425,1.20772946859903,0.115942028985507,11.1932367149758,0.0917874396135266,0.130434782608696,14672,15575,0.351873065583101,0.940909090909091,0.716262975778547,75,50.944,17.1790267674005,16.0803889438896,-32.3291957102444,241.144927536232,386.545893719807,0,0,0,0,0,0,1
65535,14747,0.337837837837838,0.216216216216216,0.351351351351351,0.540540540540541,0,0.0810810810810811,0.418918918918919,1.01351351351351,0.027027027027027,0.918918918918919,0.0540540540540541,0.027027027027027,1.12162162162162,0.337837837837838,0.0405405405405405,0.27027027027027,0.0405405405405405,0.0135135135135135,0.486486486486487,0.0135135135135135,0.905405405405405,0.351351351351351,5.17567567567568,0.256756756756757,0.594594594594595,0.918918918918919,0.135135135135135,7.7027027027027,0.0945945945945946,0.0675675675675676,14747,5568,0.686459941887316,0.925,0.685185185185185,75,30.153,11.5868817464333,8.42560522761619,-81.4758724272917,276.72972972973,389.094594594595,0.666666666666667,150,14446,14898,0,0,1
65535,14822,0.423312883435583,0.0797546012269939,0.361963190184049,0.325153374233129,0.0122699386503067,0.0245398773006135,0.644171779141104,0.926380368098159,0.0245398773006135,0.319018404907975,0.0613496932515337,0.0245398773006135,0.803680981595092,0.319018404907975,0.0920245398773006,0.263803680981595,0.0429447852760736,0.0429447852760736,0.423312883435583,0.0122699386503067,0.49079754601227,0.245398773006135,0.588957055214724,0.196319018404908,0.582822085889571,0.699386503067485,0.098159509202454,9.22699386503067,0.0306748466257669,0.0797546012269939,14822,12264,0.810786863833457,0.936781609195402,0.603703703703704,75,46.305,19.0378072852573,11.1436185073987,28.9981526785459,1009.79754601227,388.570552147239,0,0,0,0,0,0,1
65535,14898,0.235294117647059,0.141176470588235,0.376470588235294,0.694117647058824,0.0352941176470588,0.0705882352941176,0.458823529411765,1.25882352941176,0.0470588235294118,0.741176470588235,0.0705882352941176,0.0235294117647059,NaN,0.270588235294118,0.188235294117647,0.164705882352941,0.0705882352941176,0.0588235294117647,0.635294117647059,0.0235294117647059,1.14117647058824,0.247058823529412,3.42352941176471,0.270588235294118,0.564705882352941,1.05882352941176,0.152941176470588,7.48235294117647,0.0705882352941176,0.0705882352941176,14898,6395,0.707916206578154,0.894736842105263,0.643939393939394,75,33.246,12.6610144283433,8.94242926791169,54.3078775154226,284.552941176471,391.494117647059,0.575,150,14446,14747,0,0,0
65535,14973,0.321167883211679,0.102189781021898,0.722627737226277,1.90510948905109,0.0364963503649635,0.109489051094891,0.897810218978102,1.14598540145985,0.0364963503649635,0.27007299270073,0.124087591240876,0.0291970802919708,0.510948905109489,0.262773722627737,0.0291970802919708,0.299270072992701,0.0291970802919708,0.0437956204379562,0.664233576642336,0,0.518248175182482,0.18978102189781,1.32116788321168,0.211678832116788,0.416058394160584,0.941605839416058,0.167883211678832,12.8321167883212,0.0802919708029197,0.182481751824818,14973,10308,0.762697683294103,0.931972789115646,0.67156862745098,75,41.235,16.585301568335,10.7266294580914,-7.67596285950329,496.423357664234,391.51094890511,0,0,0,0,0,0,1
65535,15048,0.303468208092486,0.11271676300578,0.690751445086705,2.16184971098266,0.0722543352601156,0.106936416184971,0.604046242774566,1.41618497109827,0.0433526011560694,0.965317919075145,0.135838150289017,0.0317919075144509,0.742774566473988,0.332369942196532,0.0578034682080925,0.364161849710983,0.0606936416184971,0.0953757225433526,0.682080924855491,0.00867052023121387,1.30057803468208,0.395953757225434,0.950867052023121,0.338150289017341,0.407514450867052,1.48843930635838,0.161849710982659,12.3179190751445,0.158959537572254,0.132947976878613,15048,26033,0.28948440537389,0.942779291553134,0.683794466403162,75,68.196,22.1546019166176,21.2060023496463,-6.82116229816524,343.699421965318,395.479768786127,0,0,0,0,0,0,1
65535,15123,0.12448132780083,0.141078838174274,0.692946058091286,1.11203319502075,0.012448132780083,0.037344398340249,0.771784232365145,1.07883817427386,0.04149377593361,0.630705394190871,0.0580912863070539,0.00829875518672199,0.439834024896266,0.261410788381743,0.215767634854772,0.278008298755187,0.0622406639004149,0.033195020746888,0.597510373443983,0.020746887966805,1.01244813278008,0.390041493775934,1.04564315352697,0.327800829875519,0.286307053941909,1.13692946058091,0.128630705394191,8.95435684647303,0.0954356846473029,0.103734439834025,15123,18133,0.846862028083526,0.851590106007067,0.642666666666667,75,64.441,25.4699308126865,13.5452316568034,-82.0063225427704,971.734439834025,395.547717842324,0.320987654320988,75,15199,0,0,0,1
65535,15199,0.121739130434783,0.0956521739130435,0.730434782608696,1.31304347826087,0.0347826086956522,0.0521739130434783,0.817391304347826,1.06086956521739,0.0695652173913043,0.495652173913044,0.121739130434783,0.0173913043478261,0.6,0.252173913043478,0.147826086956522,0.217391304347826,0.0782608695652174,0.0260869565217391,0.582608695652174,0,0.826086956521739,0.28695652173913,1.0695652173913,0.321739130434783,0.226086956521739,1.13913043478261,0.104347826086957,9.78260869565217,0.0608695652173913,0.0434782608695652,15199,8653,0.247967276834755,0.934959349593496,0.737179487179487,75,36.339,12.418213574269,12.0303730027544,-52.7025754756227,981.252173913044,397.591304347826,0.543478260869565,75,15123,0,0,0,1
65535,15274,0.198347107438017,0.107438016528926,0.297520661157025,0.330578512396694,0.0413223140495868,0.0165289256198347,0.429752066115702,0.677685950413223,0.0165289256198347,0.256198347107438,0.0247933884297521,0.0165289256198347,0.487603305785124,0.198347107438017,0.0661157024793388,0.256198347107438,0.0330578512396694,0.0413223140495868,0.371900826446281,0,0.305785123966942,0.198347107438017,3.03305785123967,0.181818181818182,0.396694214876033,0.504132231404959,0.0909090909090909,7.09090909090909,0.0661157024793388,0.0661157024793388,15274,9104,0.748320515743563,0.952755905511811,0.733333333333333,75,37.472,15.3366261836345,10.1733565753756,-21.2000315504055,1307.71900826446,398.289256198347,0,0,0,0,0,0,1
65535,15349,0.191082802547771,0.171974522292994,0.834394904458599,1.50955414012739,0.0318471337579618,0.089171974522293,0.700636942675159,1.01273885350318,0.0382165605095541,0.515923566878981,0.0828025477707006,0.0445859872611465,0.605095541401274,0.312101910828025,0.0382165605095541,0.32484076433121,0.0636942675159236,0.0700636942675159,0.477707006369427,0.0191082802547771,0.43312101910828,0.394904458598726,3.29936305732484,0.292993630573248,0.32484076433121,1.19745222929936,0.114649681528662,10.4012738853503,0.101910828025478,0.152866242038217,15349,11813,0.734804859671805,0.940119760479042,0.623015873015873,75,45.453,17.4076776214769,11.8072546800287,69.1865715655161,420.050955414013,400.28025477707,0.355932203389831,75,15650,0,0,0,1
65535,15424,0.314285714285714,0.128571428571429,0.571428571428571,0.378571428571429,0.0285714285714286,0.0357142857142857,0.9,1.02142857142857,0.0357142857142857,0.335714285714286,0.0785714285714286,0.0214285714285714,0.714285714285714,0.271428571428571,0.0357142857142857,0.2,0.0357142857142857,0.0642857142857143,0.692857142857143,0.00714285714285714,0.635714285714286,0.414285714285714,2.00714285714286,0.25,0.442857142857143,0.992857142857143,0.128571428571429,8.12857142857143,0.0928571428571429,0.0857142857142857,15424,10534,0.390678341288632,0.952380952380952,0.769230769230769,75,40.656,14.0318903220219,12.9167375297525,-22.56933323848,1287.06428571429,403.978571428571,0,0,0,0,0,0,1
65535,15500,0.111940298507463,0.0970149253731343,0.492537313432836,0.940298507462687,0.0522388059701493,0.0746268656716418,0.485074626865672,0.611940298507463,0.0597014925373134,0.634328358208955,0.0671641791044776,0.0149253731343284,0.343283582089552,0.216417910447761,0.26865671641791,0.26865671641791,0.0373134328358209,0.0970149253731343,0.746268656716418,0.00746268656716418,0.656716417910448,0.350746268656716,0.417910447761194,0.186567164179104,0.328358208955224,0.783582089552239,0.104477611940299,5.36567164179105,0.0970149253731343,0.0970149253731343,15500,10082,0.627049653240066,0.924137931034483,0.687179487179487,75,40.772,15.1536098882499,11.8043482534253,-20.6484699275363,1485.98507462687,404.261194029851,0,0,0,0,0,0,1
65535,15575,0.14070351758794,0.150753768844221,0.532663316582915,0.49748743718593,0.0251256281407035,0.050251256281407,0.537688442211055,1.12562814070352,0.0301507537688442,0.487437185929648,0.0904522613065327,0.0201005025125628,0.954773869346734,0.180904522613065,0.0351758793969849,0.261306532663317,0.0653266331658292,0.0703517587939698,0.57286432160804,0.0100502512562814,0.597989949748744,0.296482412060302,3.36683417085427,0.241206030150754,0.452261306532663,0.804020100502513,0.130653266331658,10.8341708542714,0.120603015075377,0.0954773869346734,15575,14973,0.872656276111434,0.846808510638298,0.695804195804196,75,57.13,23.7952670466182,11.6200605525059,87.6379435088092,834.698492462312,410.869346733668,0,0,0,0,0,0,1
65535,15650,0.295454545454545,0.189393939393939,0.75,1.14393939393939,0.0681818181818182,0.0454545454545455,0.492424242424242,1.00757575757576,0.0378787878787879,0.53030303030303,0.151515151515152,0.0227272727272727,0.643939393939394,0.409090909090909,0.053030303030303,0.348484848484849,0.0681818181818182,0.0606060606060606,0.803030303030303,0.0151515151515152,0.462121212121212,0.378787878787879,3.37878787878788,0.174242424242424,0.234848484848485,1.25757575757576,0.159090909090909,9.67424242424242,0.0757575757575758,0.0757575757575758,15650,9932,0.203214523316686,0.936170212765957,0.673469387755102,75,39.722,13.2327253730131,12.9566144848324,-62.0549046586569,428.378787878788,408.106060606061,0.38,75,15349,0,0,0,1
65535,15725,0.186046511627907,0.12093023255814,0.334883720930233,0.623255813953488,0.00930232558139535,0.0325581395348837,0.665116279069767,1.10697674418605,0.013953488372093,1.32093023255814,0.0744186046511628,0.0325581395348837,NaN,0.269767441860465,0.0790697674418605,0.26046511627907,0.0372093023255814,0.0651162790697674,0.376744186046512,0.00930232558139535,1.66976744186047,0.358139534883721,4.86511627906977,0.297674418604651,0.962790697674419,1.04651162790698,0.148837209302326,9.10232558139535,0.106976744186047,0.0465116279069767,15725,16177,0.631989124767929,0.942982456140351,0.707236842105263,75,50.878,19.0201042913601,14.7401482185354,-22.747389311914,580.995348837209,407.367441860465,0,0,0,0,0,0,0
65535,15801,0.0759493670886076,0.240506329113924,0.518987341772152,0.0759493670886076,0.0506329113924051,0.0632911392405063,1.10126582278481,1.67088607594937,0.0632911392405063,0.974683544303797,0.0379746835443038,0.0126582278481013,0.759493670886076,0.455696202531646,0.177215189873418,0.240506329113924,0.0759493670886076,0.139240506329114,0.405063291139241,0.0126582278481013,1.63291139240506,0.392405063291139,5.68354430379747,0.30379746835443,0.265822784810127,1.65822784810127,0.139240506329114,8.36708860759494,0.0759493670886076,0.113924050632911,15801,5944,0.607385902483173,0.897727272727273,0.598484848484849,75,32.138,11.6369223854401,9.24445175048368,-82.1731008274148,198.025316455696,408.860759493671,0.8,150,15876,16177,0,0,1
65535,15876,0.107142857142857,0.196428571428571,0.491071428571429,0.0535714285714286,0.00892857142857143,0.0535714285714286,1.08928571428571,1.25892857142857,0.0178571428571429,0.767857142857143,0.0892857142857143,0.0178571428571429,0.883928571428571,0.473214285714286,1.72321428571429,0.151785714285714,0.0803571428571429,0.232142857142857,0.178571428571429,0.00892857142857143,0.955357142857143,0.5,1.70535714285714,0.294642857142857,0.232142857142857,1.26785714285714,0.116071428571429,5.66964285714286,0.133928571428571,0.0714285714285714,15876,8427,0.848033780882892,0.888888888888889,0.538461538461538,75,40.491,17.0476852784987,9.03428737720731,61.3286410556495,204.330357142857,413.375,0.461538461538462,150,15801,16177,0,0,1
65535,15951,0.25,0.13125,0.375,0.59375,0.0125,0.03125,0.4375,0.7125,0.03125,0.525,0.06875,0.025,0.69375,0.20625,0.04375,0.2,0.025,0.075,0.5125,0,0.875,0.325,0.3375,0.25625,0.49375,0.91875,0.10625,7.15625,0.09375,0.09375,15951,12039,0.723296700001019,0.935672514619883,0.627450980392157,75,44.626,17.4124948661556,12.0239787176612,-58.9217760232557,1413.175,409.91875,0,0,0,0,0,0,1
65535,16026,0.276923076923077,0.148717948717949,1.77435897435897,2.16923076923077,0.0256410256410256,0.0461538461538462,1.07692307692308,1.24102564102564,0.0307692307692308,0.425641025641026,0.220512820512821,0.0564102564102564,0.543589743589744,0.446153846153846,0.0820512820512821,0.461538461538462,0.0615384615384615,0.0358974358974359,0.81025641025641,0.0153846153846154,0.620512820512821,0.353846153846154,4.53846153846154,0.317948717948718,0.194871794871795,1.51282051282051,0.138461538461538,15.5538461538462,0.0871794871794872,0.164102564102564,16026,14672,0.595612819500637,0.919811320754717,0.716911764705882,75,50.597,17.7466436475055,14.255376006962,62.092084558725,511.164102564103,411.569230769231,0,0,0,0,0,0,1
65535,16102,0.14527027027027,0.125,0.902027027027027,1.16891891891892,0.0337837837837838,0.0439189189189189,0.689189189189189,1.22635135135135,0.0439189189189189,0.736486486486487,0.121621621621622,0.0439189189189189,1.03040540540541,0.236486486486486,0.0574324324324324,0.277027027027027,0.101351351351351,0.0743243243243243,0.533783783783784,0.0168918918918919,0.966216216216216,0.381756756756757,1.15878378378378,0.320945945945946,0.375,1.44932432432432,0.121621621621622,9.56081081081081,0.0878378378378378,0.0743243243243243,16102,22271,0.797286758476406,0.933753943217666,0.685185185185185,75,63.614,25.3056453025412,15.2745056318926,-69.7795538902145,915.077702702703,414.067567567568,0,0,0,0,0,0,1
65535,16177,0.0841121495327103,0.280373831775701,0.672897196261682,0.0560747663551402,0.00934579439252336,0.0467289719626168,6.96261682242991,2.61682242990654,0.11214953271028,0.738317757009346,0.0560747663551402,0.0280373831775701,1.52336448598131,1.39252336448598,0.747663551401869,0.336448598130841,0.149532710280374,0.177570093457944,0.383177570093458,0.00934579439252336,2.00934579439252,0.775700934579439,10.6822429906542,0.457943925233645,0.570093457943925,2.16822429906542,0.130841121495327,10.1214953271028,0.0747663551401869,0.121495327102804,16177,8051,0.635085462967084,0.922413793103448,0.633136094674556,75,36.546,13.5316303738741,10.4523979769932,-57.9649291253439,191.738317757009,414.467289719626,0.456521739130435,150,15801,15876,0,0,1
65535,16252,0.158415841584158,0.118811881188119,0.361386138613861,0.53960396039604,0.0148514851485149,0.0297029702970297,0.485148514851485,0.96039603960396,0.0198019801980198,0.767326732673267,0.0643564356435644,0.0099009900990099,0.53960396039604,0.252475247524752,0.0495049504950495,0.272277227722772,0.0594059405940594,0.0396039603960396,0.48019801980198,0.00495049504950495,0.876237623762376,0.346534653465347,3.22772277227723,0.277227722772277,0.653465346534653,0.965346534653465,0.138613861386139,7.35148514851485,0.103960396039604,0.118811881188119,16252,15199,0.495018108702512,0.930875576036866,0.701388888888889,75,51.639,17.4184190347195,15.1345622158484,-18.9627234704031,729.504950495049,415.544554455446,0,0,0,0,0,0,1
65535,16327,0.275280898876405,0.123595505617978,0.460674157303371,0.601123595505618,0.0280898876404494,0.0449438202247191,0.466292134831461,1.28089887640449,0.0617977528089888,0.730337078651685,0.0337078651685393,0.0449438202247191,1.97191011235955,0.393258426966292,0.224719101123596,0.292134831460674,0.0955056179775281,0.0393258426966292,0.5,0.0112359550561798,1.20224719101124,0.247191011235955,0.48876404494382,0.325842696629214,0.674157303370787,1.11797752808989,0.106741573033708,7.79775280898876,0.123595505617978,0.112359550561798,16327,13393,0.583597846774814,0.962162162162162,0.747899159663866,75,44.692,16.7736221734394,13.6208995724434,80.6358168445475,168.578651685393,417.224719101124,0,0,0,0,0,0,1
65535,16403,0.158730158730159,0.111111111111111,0.46031746031746,0.53968253968254,0,0.0158730158730159,0.476190476190476,0.968253968253968,0.0396825396825397,0.325396825396825,0.0873015873015873,0.0238095238095238,0.404761904761905,0.126984126984127,0.0476190476190476,0.19047619047619,0.0396825396825397,0.0634920634920635,0.380952380952381,0.0158730158730159,0.396825396825397,0.206349206349206,2.1984126984127,0.182539682539683,0.833333333333333,0.642857142857143,0.111111111111111,7.95238095238095,0.0714285714285714,0.0476190476190476,16403,9480,0.617250700035887,0.954545454545455,0.692307692307692,75,37.77,14.3579342608302,11.2963421216261,-46.3160697092623,1233.51587301587,417.031746031746,0,0,0,0,0,0,1
65535,16478,0.0725806451612903,0.0725806451612903,0.637096774193548,0.612903225806452,0.032258064516129,0.032258064516129,0.524193548387097,0.774193548387097,0.032258064516129,0.467741935483871,0.145161290322581,0.0241935483870968,0.354838709677419,0.241935483870968,0.0564516129032258,0.209677419354839,0.0241935483870968,0.0403225806451613,0.548387096774194,0.0161290322580645,0.508064516129032,0.362903225806452,2.10483870967742,0.145161290322581,0.298387096774194,0.919354838709677,0.0564516129032258,7.0241935483871,0.0483870967741935,0.0645161290322581,16478,9330,0.729680935661101,0.961240310077519,0.733727810650888,75,38.109,15.2838259670325,10.4508934732262,-47.7028501553324,1008.27419354839,420.064516129032,0.25,75,17004,0,0,0,1
65535,16553,0.107594936708861,0.164556962025316,0.537974683544304,1.00632911392405,0.0253164556962025,0.0506329113924051,0.677215189873418,0.962025316455696,0.0189873417721519,0.424050632911392,0.170886075949367,0.0126582278481013,0.531645569620253,0.341772151898734,0.0759493670886076,0.234177215189873,0.113924050632911,0.0316455696202532,0.474683544303797,0.00632911392405063,0.405063291139241,0.316455696202532,3.01898734177215,0.19620253164557,0.613924050632911,1.10759493670886,0.120253164556962,10.0569620253165,0.126582278481013,0.10126582278481,16553,11888,0.780558818824963,0.902857142857143,0.619607843137255,75,46.743,18.2874098638766,11.4311369294018,38.5409743206482,1142.3164556962,419.151898734177,0.457627118644068,150,16779,17080,0,0,1
65535,16628,0.137254901960784,0.156862745098039,1.47058823529412,0.764705882352941,0.0588235294117647,0.0294117647058824,0.764705882352941,1.08823529411765,0.0490196078431373,0.362745098039216,0.225490196078431,0.00980392156862745,0.46078431372549,0.303921568627451,0.0392156862745098,0.264705882352941,0.0686274509803922,0.0490196078431373,0.617647058823529,0.0294117647058824,0.411764705882353,0.284313725490196,2.41176470588235,0.127450980392157,0.245098039215686,0.970588235294118,0.0784313725490196,11.7058823529412,0.0980392156862745,0.127450980392157,16628,7675,0.71731609715558,0.864406779661017,0.607142857142857,75,41.02,14.5625024210618,10.1463927779571,29.0336011617512,1264.30392156863,420.941176470588,0.46,75,16854,0,0,0,1
65535,16704,0.27536231884058,0.159420289855072,0.557971014492754,1.06521739130435,0.0144927536231884,0.0507246376811594,0.557971014492754,1.16666666666667,0.0289855072463768,1.51449275362319,0.0434782608695652,0.0507246376811594,0.659420289855073,0.318840579710145,0.0144927536231884,0.333333333333333,0.0507246376811594,0.0579710144927536,0.557971014492754,0.0289855072463768,2.3768115942029,0.630434782608696,0.463768115942029,0.463768115942029,0.760869565217391,1.68115942028986,0.159420289855072,9.3768115942029,0.123188405797101,0.0579710144927536,16704,10383,0.41189688960973,0.951724137931035,0.704081632653061,75,39.647,13.9927946693724,12.7506607316883,-37.3020937620407,326.775362318841,423.68115942029,0,0,0,0,0,0,1
65535,16779,0.114583333333333,0.125,0.572916666666667,1.57291666666667,0.0104166666666667,0.0416666666666667,0.78125,1.3125,0.0520833333333333,0.510416666666667,0.0729166666666667,0.0104166666666667,0.34375,0.21875,0.28125,0.229166666666667,0.03125,0.0625,0.395833333333333,0,0.875,0.28125,0.885416666666667,0.208333333333333,0.40625,1.03125,0.09375,10.9583333333333,0.09375,0.125,16779,7223,0.630303607873319,0.941176470588235,0.727272727272727,75,33.246,12.7323143991448,9.88471620663816,53.6567422405093,1150.47916666667,424.270833333333,0.642857142857143,150,16553,17080,0,0,1
65535,16854,0.12396694214876,0.107438016528926,0.909090909090909,1.1404958677686,0.0247933884297521,0.0247933884297521,0.851239669421488,0.900826446280992,0.0413223140495868,0.454545454545455,0.148760330578512,0.0247933884297521,0.256198347107438,0.231404958677686,0.0247933884297521,0.272727272727273,0.0413223140495868,0.0495867768595041,0.537190082644628,0.0165289256198347,0.363636363636364,0.214876033057851,1.64462809917355,0.239669421487603,0.239669421487603,1.33057851239669,0.181818181818182,12.1570247933884,0.0991735537190083,0.0991735537190083,16854,9104,0.816053616086273,0.870503597122302,0.581730769230769,75,43.477,16.7183005119958,9.66277991472538,36.2558211100093,1266.4132231405,428.925619834711,0.462962962962963,75,16628,0,0,0,1
65535,16929,0.19047619047619,0.0476190476190476,0.333333333333333,0.920634920634921,0.00793650793650794,0.0476190476190476,0.349206349206349,1.20634920634921,0.0238095238095238,0.714285714285714,0.0317460317460317,0.00793650793650794,0.650793650793651,0.30952380952381,0.222222222222222,0.357142857142857,0.103174603174603,0.0555555555555556,0.365079365079365,0,0.841269841269841,0.26984126984127,5.40476190476191,0.317460317460317,0.873015873015873,0.738095238095238,0.119047619047619,9.26190476190476,0.0396825396825397,0.111111111111111,16929,9480,0.529597948125401,0.947368421052632,0.692307692307692,75,38.233,13.8851532224819,11.7780644494395,44.5178459245018,115.888888888889,428.722222222222,0,0,0,0,0,0,1
65535,17004,0.117977528089888,0.168539325842697,0.803370786516854,1.81460674157303,0.0280898876404494,0.050561797752809,0.921348314606742,0.910112359550562,0.0337078651685393,0.432584269662921,0.157303370786517,0.00561797752808989,0.550561797752809,0.264044943820225,0.0561797752808989,0.252808988764045,0.0393258426966292,0.050561797752809,0.533707865168539,0.0168539325842697,0.438202247191011,0.303370786516854,3.49438202247191,0.196629213483146,0.258426966292135,1.10674157303371,0.134831460674157,11.4494382022472,0.0786516853932584,0.129213483146067,17004,13393,0.551847912302061,0.917525773195876,0.6953125,75,48.728,16.9529525929443,14.1378261740931,-54.2269350771171,1010.76966292135,434.337078651685,0.206349206349206,75,16478,0,0,0,1
65535,17080,0.108333333333333,0.108333333333333,0.741666666666667,0.783333333333333,0.0166666666666667,0.0666666666666667,0.666666666666667,0.816666666666667,0.0333333333333333,0.458333333333333,0.075,0.00833333333333333,0.433333333333333,0.125,1.18333333333333,0.25,0.05,0.025,0.95,0.0166666666666667,0.416666666666667,0.283333333333333,4.99166666666667,0.191666666666667,0.783333333333333,0.908333333333333,0.1,9.475,0.075,0.0666666666666667,17080,9029,0.640081401460121,0.923076923076923,0.666666666666667,75,39.06,14.3468368834288,11.0227766362936,-23.1854706313505,1142.95,431.65,0.510204081632653,150,16553,16779,0,0,1
65535,17155,0.106951871657754,0.213903743315508,1.28342245989305,2.24064171122995,0.0748663101604278,0.053475935828877,0.941176470588235,1.28877005347594,0.0427807486631016,0.363636363636364,0.176470588235294,0.0106951871657754,0.572192513368984,0.39572192513369,0.0320855614973262,0.358288770053476,0.0802139037433155,0.0855614973262032,0.909090909090909,0.0106951871657754,0.46524064171123,0.449197860962567,5.35294117647059,0.304812834224599,0.470588235294118,1.52406417112299,0.128342245989305,14.9465240641711,0.112299465240642,0.133689839572193,17155,14070,0.72340759152532,0.939698492462312,0.615131578947368,75,49.216,18.8173066147495,12.9918677287086,-26.6212449087501,490.219251336898,435.010695187166,0,0,0,0,0,0,1
65535,17230,0.109271523178808,0.0794701986754967,0.629139072847682,1.14569536423841,0.0596026490066225,0.0529801324503311,0.642384105960265,0.903973509933775,0.0629139072847682,0.589403973509934,0.0993377483443709,0.0397350993377483,0.460264900662252,0.281456953642384,0.0662251655629139,0.274834437086093,0.0629139072847682,0.0529801324503311,0.440397350993377,0.00993377483443709,0.791390728476821,0.274834437086093,0.599337748344371,0.165562913907285,0.337748344370861,1.10927152317881,0.142384105960265,8.63576158940397,0.076158940397351,0.102649006622517,17230,22723,0.226208437793193,0.961783439490446,0.755,75,59.942,19.9796070777671,19.461714087236,22.985593519115,749.44701986755,435.774834437086,0,0,0,0,0,0,1
65535,17305,0.130909090909091,0.141818181818182,0.876363636363636,2.31272727272727,0.0509090909090909,0.0509090909090909,1.27636363636364,1.18909090909091,0.0545454545454545,0.625454545454545,0.218181818181818,0.0290909090909091,0.483636363636364,0.294545454545455,0.0545454545454545,0.301818181818182,0.0545454545454545,0.112727272727273,0.781818181818182,0.00363636363636364,0.607272727272727,0.421818181818182,0.876363636363636,0.261818181818182,0.207272727272727,1.70545454545455,0.101818181818182,11.08,0.101818181818182,0.0909090909090909,17305,20691,0.477839797326112,0.945017182130584,0.68922305764411,75,58.95,20.1420877178998,17.6937564869044,-19.4100367035158,1489.88363636364,436.876363636364,0,0,0,0,0,0,1
65535,17381,0.106824925816024,0.0890207715133531,0.943620178041543,1.32640949554896,0.0445103857566766,0.0534124629080119,0.827893175074184,1.1186943620178,0.0237388724035608,0.468842729970326,0.121661721068249,0.0326409495548961,0.483679525222552,0.261127596439169,0.0652818991097923,0.364985163204748,0.0771513353115727,0.0356083086053412,0.617210682492582,0.00593471810089021,0.551928783382789,0.332344213649852,2.00890207715134,0.216617210682493,0.267062314540059,1.29080118694362,0.0949554896142433,10.5192878338279,0.0741839762611276,0.0712166172106825,17381,25356,0.604653899281921,0.943977591036415,0.697722567287785,75,66.798,23.4510359621137,18.67847650346,-34.9566033794646,584.738872403561,445.246290801187,0,0,0,0,0,0,1
65535,17456,0.14,0.13,0.485,1.23,0.035,0.08,0.475,0.795,0.06,0.46,0.075,0.02,0.375,0.295,0.065,0.21,0.085,0.11,0.33,0,0.545,0.225,0.94,0.2,0.145,0.875,0.135,6.47,0.075,0.13,17456,15048,0.764073064734101,0.921658986175115,0.657894736842105,75,53.293,20.4112127422354,13.1678798998881,-60.3591281104262,240.41,443.27,0.313432835820896,150,17682,18284,0,0,1
65535,17531,0.1171875,0.1796875,1.46875,2.6640625,0.03125,0.046875,1.953125,1.6953125,0.0546875,0.6171875,0.3828125,0.0390625,0.5703125,0.359375,0.015625,0.4765625,0.03125,0.0546875,NaN,0,0.6875,0.5625,2.2421875,0.3359375,0.375,1.9609375,0.28125,19.0703125,0.09375,0.171875,17531,9631,0.92276312364938,0.795031055900621,0.474074074074074,75,48.91,22.3718653602752,8.62139294681471,-55.3190974136571,1329.5390625,443.2421875,0.578125,150,17832,18133,0,0,0
65535,17606,0.232704402515723,0.19496855345912,0.408805031446541,0.39622641509434,0.0125786163522013,0.0377358490566038,0.830188679245283,0.987421383647799,0.0440251572327044,0.823899371069182,0.0377358490566038,0.0440251572327044,1.85534591194969,0.238993710691824,0.10062893081761,0.226415094339623,0.0691823899371069,0.0188679245283019,0.937106918238994,0.00628930817610063,1.29559748427673,0.408805031446541,1.10691823899371,0.270440251572327,0.572327044025157,1.05031446540881,0.150943396226415,7.37735849056604,0.0691823899371069,0.0817610062893082,17606,11963,0.638503765055455,0.946428571428571,0.709821428571429,75,43.468,16.3636125698967,12.5937422186802,-15.1617168722468,859.125786163522,446.157232704403,0,0,0,0,0,0,1
65535,17682,0.209302325581395,0.201550387596899,0.891472868217054,1.54263565891473,0.0465116279069767,0.0697674418604651,0.720930232558139,1.14728682170543,0.0387596899224806,0.449612403100775,0.10077519379845,0.0310077519379845,0.914728682170543,0.387596899224806,0.0542635658914729,0.356589147286822,0.0465116279069767,0.0465116279069767,0.612403100775194,0,0.612403100775194,0.348837209302326,2.62790697674419,0.209302325581395,0.255813953488372,1.03875968992248,0.108527131782946,10.6356589147287,0.0775193798449612,0.116279069767442,17682,9706,0.76284716357162,0.883561643835616,0.671875,75,43.369,16.2716867433187,10.5209284487467,5.10800406976341,255.46511627907,448.186046511628,0.527272727272727,150,17456,18284,0,0,1
65535,17757,0.210526315789474,0.142857142857143,0.548872180451128,1.25563909774436,0.037593984962406,0.037593984962406,0.774436090225564,1.17293233082707,0.037593984962406,0.398496240601504,0.0902255639097744,0.0075187969924812,0.646616541353383,0.270676691729323,0.0451127819548872,0.353383458646617,0.0300751879699248,0.0451127819548872,0.43609022556391,0.0150375939849624,0.616541353383459,0.458646616541353,1.02255639097744,0.308270676691729,0.466165413533835,1.02255639097744,0.0902255639097744,11.8270676691729,0.0601503759398496,0.0827067669172932,17757,10007,0.715676386243656,0.898648648648649,0.601809954751131,75,43.096,16.0655056527604,11.2206638369427,-88.6583816439444,340.654135338346,449.233082706767,0.452830188679245,75,17907,0,0,0,1
65535,17832,0.0752688172043011,0.129032258064516,1.52688172043011,1.75268817204301,0.021505376344086,0.0537634408602151,1.58064516129032,1.46236559139785,0.0537634408602151,0.419354838709677,0.193548387096774,0.043010752688172,0.698924731182796,0.365591397849462,0.021505376344086,0.591397849462366,0.0752688172043011,0.118279569892473,0.516129032258065,0.021505376344086,0.333333333333333,0.333333333333333,2.73118279569892,0.344086021505376,0.258064516129032,1.43010752688172,0.139784946236559,20.2903225806452,0.10752688172043,0.204301075268817,17832,6997,0.641067069567854,0.920792079207921,0.664285714285714,75,34.47,12.6513209288732,9.70969728828391,-83.2206702886159,1324.36559139785,447.505376344086,0.714285714285714,150,17531,18133,0,0,1
65535,17907,0.169230769230769,0.169230769230769,0.461538461538462,0.769230769230769,0.0230769230769231,0.0153846153846154,0.4,1.16923076923077,0.0615384615384615,0.623076923076923,0.0769230769230769,0.0230769230769231,0.661538461538462,0.261538461538462,0.0461538461538462,0.246153846153846,0.00769230769230769,0.0769230769230769,0.5,0,1.02307692307692,0.230769230769231,0.915384615384615,0.323076923076923,0.746153846153846,0.938461538461538,0.123076923076923,9.66153846153846,0.0923076923076923,0.0923076923076923,17907,9781,0.846080623677852,0.896551724137931,0.625,75,42.335,18.1129834065262,9.65521543892751,66.3316984142872,348.753846153846,452.7,0.452830188679245,75,17757,0,0,0,1
65535,17983,0.131979695431472,0.101522842639594,0.771573604060914,0.898477157360406,0.0203045685279188,0.0304568527918782,0.573604060913706,0.736040609137056,0.050761421319797,0.355329949238579,0.101522842639594,0.0203045685279188,0.456852791878173,0.258883248730964,0.050761421319797,0.263959390862944,0.0304568527918782,0.0253807106598985,0.573604060913706,0.0101522842639594,0.431472081218274,0.294416243654822,2.86294416243655,0.192893401015228,0.258883248730964,1.14720812182741,0.152284263959391,10.3248730964467,0.0761421319796954,0.121827411167513,17983,14822,0.510525026394063,0.912037037037037,0.643790849673203,75,51.846,17.418495476101,14.9775179388008,76.773448123193,1145.13197969543,452.263959390863,0,0,0,0,0,0,1
65535,18058,0.132867132867133,0.160839160839161,0.727272727272727,0.412587412587413,0,0.0699300699300699,0.699300699300699,1.23076923076923,0.020979020979021,0.545454545454545,0.020979020979021,0.034965034965035,0.636363636363636,0.244755244755245,1.86013986013986,0.300699300699301,0.041958041958042,0.0769230769230769,1.34965034965035,0.013986013986014,0.573426573426573,0.321678321678322,3.56643356643357,0.251748251748252,0.412587412587413,1.18881118881119,0.0559440559440559,8.71328671328671,0.111888111888112,0.0769230769230769,18058,10759,0.759972858236093,0.928571428571429,0.6875,75,45.61,17.1939909217222,11.1753170987323,-70.4517460327873,1171.7972027972,449.454545454545,0.315789473684211,75,18509,0,0,0,1
65535,18133,0.163636363636364,0.127272727272727,0.927272727272727,1.74545454545455,0.0272727272727273,0.0636363636363636,0.963636363636364,1.7,0.0636363636363636,0.654545454545455,0.136363636363636,0.0181818181818182,0.572727272727273,0.4,0.0636363636363636,0.3,0.0818181818181818,0.127272727272727,0.6,0.00909090909090909,0.972727272727273,0.381818181818182,0.927272727272727,0.363636363636364,0.627272727272727,1.49090909090909,0.209090909090909,15.3727272727273,0.109090909090909,0.109090909090909,18133,8277,0.861860236000747,0.852713178294574,0.588235294117647,75,40.863,17.2478529265041,8.7471773804702,10.2057111225103,1332.84545454545,455.063636363636,0.461538461538462,150,17531,17832,0,0,1
65535,18208,0.211009174311927,0.146788990825688,0.5,1.50917431192661,0.0137614678899083,0.0642201834862385,0.422018348623853,1.29357798165138,0.0642201834862385,0.958715596330275,0.128440366972477,0.036697247706422,0.834862385321101,0.344036697247706,0.0596330275229358,0.344036697247706,0.055045871559633,0.0871559633027523,0.504587155963303,0.0137614678899083,1.05045871559633,0.334862385321101,0.756880733944954,0.31651376146789,0.357798165137615,1.40825688073395,0.155963302752294,9.95412844036697,0.0917431192660551,0.114678899082569,18208,16403,0.398968247454967,0.964601769911504,0.67283950617284,75,50.622,17.502993644049,16.049628045809,15.680991641755,91.8394495412844,454.545871559633,0,0,0,0,0,0,1
65535,18284,0.130081300813008,0.113821138211382,0.861788617886179,0.821138211382114,0.016260162601626,0.0487804878048781,0.536585365853659,0.813008130081301,0.032520325203252,0.479674796747967,0.146341463414634,0.016260162601626,0.455284552845528,0.260162601626016,0.032520325203252,0.154471544715447,0.0569105691056911,0.0813008130081301,0.536585365853659,0,0.284552845528455,0.284552845528455,4.88617886178862,0.178861788617886,0.186991869918699,1.02439024390244,0.113821138211382,7.78048780487805,0.0731707317073171,0.0487804878048781,18284,9255,0.824975226515042,0.878571428571429,0.657754010695187,75,44.32,17.1258936798902,9.67902234272436,-8.75332311272719,248.975609756098,455.934959349594,0.517857142857143,150,17456,17682,0,0,1
65535,18359,0.254545454545455,0.154545454545455,0.327272727272727,1.45454545454545,0.0545454545454545,0.0909090909090909,0.672727272727273,1.62727272727273,0,0.845454545454545,0.0454545454545455,0.0272727272727273,0.6,0.309090909090909,0.272727272727273,0.381818181818182,0.1,0.0363636363636364,0.627272727272727,0,1.3,0.472727272727273,0.5,0.418181818181818,0.6,1.02727272727273,0.109090909090909,9.16363636363636,0.0727272727272727,0.0818181818181818,18359,8277,0.817840034723182,0.94017094017094,0.6875,75,38.208,15.8359170732197,9.11270933899144,-9.19240689834641,204.490909090909,458.354545454545,0.553191489361702,150,18735,18886,0,0,1
65535,18434,0.246511627906977,0.134883720930233,0.362790697674419,0.572093023255814,0.0325581395348837,0.0651162790697674,0.511627906976744,1.22325581395349,0.013953488372093,1.23255813953488,0.0465116279069767,0.0372093023255814,0.865116279069767,0.316279069767442,0.325581395348837,0.255813953488372,0.0883720930232558,0.0976744186046512,0.772093023255814,0.00465116279069767,2.17209302325581,0.455813953488372,0.446511627906977,0.404651162790698,0.665116279069767,1.43255813953488,0.0976744186046512,8.30232558139535,0.0744186046511628,0.0790697674418605,18434,16177,0.613233628021441,0.959821428571429,0.746527777777778,75,50.208,18.7099339695069,14.7790065389513,29.8503319300242,619.595348837209,459.544186046512,0,0,0,0,0,0,1
65535,18509,0.285714285714286,0.170068027210884,0.789115646258503,0.312925170068027,0.0204081632653061,0.0680272108843537,0.836734693877551,1.2312925170068,0.0408163265306122,0.489795918367347,0.0816326530612245,0.0408163265306122,1.05442176870748,0.414965986394558,2.44897959183673,0.326530612244898,0.0816326530612245,0.183673469387755,2.31292517006803,0.0136054421768707,0.503401360544218,0.408163265306122,7.60544217687075,0.217687074829932,0.564625850340136,0.979591836734694,0.17687074829932,13.5918367346939,0.102040816326531,0.142857142857143,18509,11060,0.493175260905374,0.901840490797546,0.7,75,44.485,15.1754273784446,13.201559165417,-80.4850489135424,1173.91836734694,462.408163265306,0.309090909090909,75,18058,0,0,0,1
65535,18585,0.168918918918919,0.168918918918919,0.493243243243243,0.608108108108108,0.0135135135135135,0.0878378378378378,0.371621621621622,1.12162162162162,0.027027027027027,0.668918918918919,0.0405405405405405,0.0472972972972973,0.425675675675676,0.310810810810811,0.0405405405405405,0.25,0.0405405405405405,0.0540540540540541,0.371621621621622,0.0135135135135135,1.34459459459459,0.331081081081081,0.763513513513513,0.25,0.695945945945946,0.878378378378378,0.0675675675675676,7.15540540540541,0.101351351351351,0.108108108108108,18585,11136,0.74421646372417,0.961038961038961,0.79144385026738,75,42.335,16.9035274963232,11.2905169947031,-2.99388565915072,527.047297297297,464.378378378378,0.296296296296296,75,19186,0,0,0,1
65535,18660,0.136986301369863,0.102739726027397,0.410958904109589,0.945205479452055,0.0273972602739726,0.0273972602739726,0.5,1.26712328767123,0.0273972602739726,0.650684931506849,0.089041095890411,0.0136986301369863,1.73287671232877,0.26027397260274,0.164383561643836,0.308219178082192,0.0684931506849315,0.0821917808219178,0.458904109589041,0,0.86986301369863,0.26027397260274,0.438356164383562,0.342465753424658,0.472602739726027,0.856164383561644,0.136986301369863,7.52054794520548,0.0821917808219178,0.0821917808219178,18660,10985,0.844803735308049,0.918238993710692,0.698564593301435,75,45.155,18.8362482724349,10.0788300664854,-76.1181905339573,910.876712328767,465.787671232877,0,0,0,0,0,0,1
65535,18735,0.264285714285714,0.164285714285714,0.714285714285714,2.55714285714286,0.0642857142857143,0.05,0.842857142857143,1.40714285714286,0.0642857142857143,0.328571428571429,0.185714285714286,0.0357142857142857,0.621428571428571,0.264285714285714,0.157142857142857,0.35,0.05,0.05,0.957142857142857,0.0357142857142857,0.557142857142857,0.342857142857143,1.23571428571429,0.228571428571429,0.5,1.15,0.135714285714286,12.9071428571429,0.128571428571429,0.0928571428571429,18735,10534,0.398067059683797,0.813953488372093,0.514705882352941,75,50.473,15.4994446714658,14.2185135102372,66.5649901922573,200.414285714286,466.871428571429,0.612903225806452,150,18359,18886,0,0,1
65535,18810,0.163716814159292,0.13716814159292,0.761061946902655,1.63274336283186,0.0398230088495575,0.0530973451327434,0.752212389380531,1.5353982300885,0.0265486725663717,0.526548672566372,0.084070796460177,0.0309734513274336,0.615044247787611,0.473451327433628,0.0221238938053097,0.504424778761062,0.110619469026549,0.079646017699115,0.623893805309734,0.0132743362831858,0.79646017699115,0.34070796460177,3.41592920353982,0.384955752212389,0.29646017699115,1.42035398230089,0.132743362831858,12.6725663716814,0.132743362831858,0.15929203539823,18810,17004,0.644398075647548,0.957627118644068,0.743421052631579,75,51.978,19.5569203873957,14.9549855942037,-68.3512870400718,502.181415929204,465.530973451327,0,0,0,0,0,0,1
65535,18886,0.119565217391304,0.173913043478261,1.34782608695652,0.91304347826087,0.0434782608695652,0,0.75,0.978260869565217,0.0108695652173913,0.304347826086957,0.0760869565217391,0.0326086956521739,0.271739130434783,0.260869565217391,0.130434782608696,0.282608695652174,0.0652173913043478,0.0869565217391304,1.14130434782609,0.0434782608695652,0.391304347826087,0.228260869565217,6.51086956521739,0.271739130434783,0.543478260869565,0.989130434782609,0.0434782608695652,9.93478260869565,0.0760869565217391,0.119565217391304,18886,6922,0.830076529661863,0.948453608247423,0.58974358974359,75,33.933,14.7535214535448,8.2272937302433,40.3109859238369,210.510869565217,467.923913043478,0.521739130434783,150,18359,18735,0,0,1
65535,18961,0.148648648648649,0.175675675675676,0.52027027027027,0.614864864864865,0.0405405405405405,0.0135135135135135,0.398648648648649,0.993243243243243,0.0405405405405405,0.52027027027027,0.121621621621622,0.027027027027027,0.304054054054054,0.371621621621622,0.0472972972972973,0.27027027027027,0.0337837837837838,0.0540540540540541,0.601351351351351,0,0.641891891891892,0.324324324324324,3.14864864864865,0.22972972972973,0.432432432432432,0.797297297297297,0.0945945945945946,7.21621621621622,0.0878378378378378,0.108108108108108,18961,11136,0.595852377316543,0.930817610062893,0.711538461538462,75,42.55,15.4336018016858,12.3946327325303,-62.9932929450017,1321.85810810811,471.594594594595,0,0,0,0,0,0,1
65535,19036,0.0568181818181818,0.0965909090909091,0.5,1.02840909090909,0.0454545454545455,0.0284090909090909,0.517045454545455,0.892045454545455,0.0454545454545455,0.579545454545455,0.0909090909090909,0,0.397727272727273,0.164772727272727,0.0284090909090909,0.221590909090909,0.0625,0.0397727272727273,0.448863636363636,0.0227272727272727,0.857954545454545,0.352272727272727,1.10795454545455,0.221590909090909,0.210227272727273,0.971590909090909,0.0568181818181818,7.74431818181818,0.0738636363636364,0.125,19036,13242,0.599000837814838,0.907216494845361,0.647058823529412,75,49.001,17.3859343372815,13.9217590617712,-73.3157164159165,1146.54545454545,471.988636363636,0,0,0,0,0,0,1
65535,19111,0.141414141414141,0.262626262626263,1.4040404040404,1.57575757575758,0.0101010101010101,0.111111111111111,0.606060606060606,1.09090909090909,0.0606060606060606,0.595959595959596,0.151515151515152,0.0404040404040404,0.404040404040404,0.373737373737374,0.424242424242424,0.343434343434343,0.111111111111111,0.121212121212121,NaN,0.0303030303030303,0.717171717171717,0.434343434343434,3.98989898989899,0.282828282828283,0.191919191919192,1.55555555555556,0.212121212121212,11.4747474747475,0.101010101010101,0.121212121212121,19111,7449,0.672191206430569,0.916666666666667,0.6,75,36.91,13.3893262038055,9.91315712276905,-18.4654329059906,259.515151515152,472.282828282828,0.826086956521739,150,19262,19487,0,0,0
65535,19186,0.131736526946108,0.0718562874251497,0.520958083832335,0.467065868263473,0.0239520958083832,0.0419161676646707,0.562874251497006,0.92814371257485,0.029940119760479,0.592814371257485,0.0718562874251497,0.0119760479041916,0.604790419161677,0.167664670658683,0.0538922155688623,0.191616766467066,0.0479041916167665,0.0538922155688623,0.335329341317365,0.0119760479041916,0.778443113772455,0.275449101796407,5.84431137724551,0.275449101796407,0.964071856287425,0.598802395209581,0.0958083832335329,8.97604790419162,0.0898203592814371,0.161676646706587,19186,12565,0.618409327769554,0.965317919075145,0.802884615384615,75,43.534,16.5311853862088,12.9911338585738,-8.18923233994957,528.407185628742,475.502994011976,0.296296296296296,75,18585,0,0,0,1
65535,19262,0.149425287356322,0.103448275862069,0.609195402298851,1.42528735632184,0.0114942528735632,0.103448275862069,0.896551724137931,0.931034482758621,0.0114942528735632,0.32183908045977,0.103448275862069,0.0229885057471264,0.494252873563218,0.218390804597701,0.0459770114942529,0.195402298850575,0.0459770114942529,0.0344827586206897,0.425287356321839,0,0.586206896551724,0.28735632183908,1.17241379310345,0.241379310344828,0.195402298850575,1.04597701149425,0.149425287356322,9.59770114942529,0.0919540229885057,0.114942528735632,19262,6546,0.764102444774155,0.945652173913043,0.69047619047619,75,32.874,13.3262503999474,8.59669641582618,-77.2477368096944,253.103448275862,478.735632183908,0.619047619047619,150,19111,19487,0,0,1
65535,19337,0.141791044776119,0.0970149253731343,0.335820895522388,0.917910447761194,0.00746268656716418,0.0447761194029851,0.343283582089552,1.07462686567164,0.0373134328358209,0.425373134328358,0.0447761194029851,0.00746268656716418,2.11940298507463,0.261194029850746,0.082089552238806,0.23134328358209,0.0970149253731343,0.0597014925373134,0.440298507462687,0.0149253731343284,0.619402985074627,0.313432835820896,3.05970149253731,0.223880597014925,0.776119402985075,0.947761194029851,0.119402985074627,7.53731343283582,0.082089552238806,0.126865671641791,19337,10082,0.661268148905519,0.937062937062937,0.638095238095238,75,40.309,15.2170818778641,11.4150880143116,-36.7728059777003,87.4029850746269,478.39552238806,0,0,0,0,0,0,1
65535,19412,0.300884955752212,0.123893805309735,0.690265486725664,1.53982300884956,0.0707964601769911,0.0619469026548673,0.991150442477876,1.09734513274336,0.079646017699115,0.389380530973451,0.0973451327433628,0.0442477876106195,0.929203539823009,0.265486725663717,0.0265486725663717,0.353982300884956,0.0265486725663717,0.0619469026548673,0.831858407079646,0.0176991150442478,0.451327433628319,0.300884955752212,NaN,0.292035398230089,0.504424778761062,1.07964601769911,0.115044247787611,13.3185840707965,0.132743362831858,0.141592920353982,19412,8502,0.654437850040905,0.965811965811966,0.668639053254438,75,35.438,13.8840542224495,10.4979527420019,-45.0000000000001,26.1769911504425,479.823008849558,0,0,0,0,0,0,0
65535,19487,0.236559139784946,0.102150537634409,1.10215053763441,1.08064516129032,0.0268817204301075,0.0376344086021505,0.747311827956989,1.17204301075269,0.0376344086021505,0.532258064516129,0.0860215053763441,0.032258064516129,0.559139784946237,0.440860215053763,0.456989247311828,0.268817204301075,0.102150537634409,0.043010752688172,1.04301075268817,0.021505376344086,0.354838709677419,0.349462365591398,3.15591397849462,0.204301075268817,0.376344086021505,1.20967741935484,0.0913978494623656,11.489247311828,0.161290322580645,0.0967741935483871,19487,13995,0.859511358835406,0.794871794871795,0.516666666666667,75,61.067,23.6741230617403,12.1002383349601,53.3267515079385,265.693548387097,477.408602150538,0.473684210526316,150,19111,19262,0,0,1
65535,19563,0.134328358208955,0.164179104477612,1.11194029850746,1.67910447761194,0.0373134328358209,0.0597014925373134,1.05970149253731,1.03731343283582,0.0522388059701493,0.455223880597015,0.164179104477612,0.0597014925373134,0.335820895522388,0.32089552238806,0.0522388059701493,0.253731343283582,0.0447761194029851,0.0597014925373134,0.611940298507463,0.0149253731343284,0.574626865671642,0.343283582089552,2.00746268656716,0.246268656716418,0.111940298507463,1.51492537313433,0.141791044776119,10.9402985074627,0.0597014925373134,0.0895522388059701,19563,10082,0.715261847364788,0.842767295597484,0.598214285714286,75,45.61,16.2644152570447,11.3664932765776,66.1349032091515,747.164179104478,486.425373134328,0.509090909090909,150,19713,20014,0,0,1
65535,19638,0.171428571428571,0.125714285714286,1.16571428571429,1.70857142857143,0.0285714285714286,0.0914285714285714,1.06285714285714,1.05714285714286,0.0514285714285714,0.28,0.217142857142857,0.0171428571428571,0.537142857142857,0.268571428571429,0.685714285714286,0.388571428571429,0.0628571428571429,0.0857142857142857,1.05142857142857,0.00571428571428571,0.525714285714286,0.257142857142857,2.68,0.217142857142857,0.194285714285714,1.16,0.142857142857143,13.3542857142857,0.0914285714285714,0.154285714285714,19638,13167,0.465384098011087,0.945945945945946,0.729166666666667,75,46.288,16.0762550839809,14.2292353315643,76.4448278236807,362.468571428571,489.091428571429,0.169491525423729,75,20240,0,0,0,1
65535,19713,0.0804597701149425,0.160919540229885,1.42528735632184,1.18390804597701,0.0459770114942529,0.0344827586206897,1.32183908045977,1.13793103448276,0.0344827586206897,0.35632183908046,0.195402298850575,0.0344827586206897,0.35632183908046,0.172413793103448,0.0114942528735632,0.218390804597701,0.0574712643678161,0.0689655172413793,0.632183908045977,0,0.505747126436782,0.333333333333333,2.1264367816092,0.206896551724138,0.28735632183908,NaN,0.126436781609195,12.0919540229885,0.103448275862069,0.103448275862069,19713,6546,0.86499861090202,0.861386138613861,0.564935064935065,75,36.728,15.3364167894583,7.69541911129571,-49.5600890795786,757.724137931035,488.850574712644,0.58695652173913,150,19563,20014,0,0,0
65535,19788,0.0865384615384615,0.125,0.644230769230769,0.846153846153846,0.0288461538461538,0.0865384615384615,0.711538461538462,1.26923076923077,0.0673076923076923,0.798076923076923,0.125,0.0384615384615385,0.317307692307692,0.394230769230769,0.0384615384615385,0.384615384615385,0.0769230769230769,0.00961538461538462,0.346153846153846,0.0384615384615385,1.14423076923077,0.307692307692308,0.980769230769231,0.317307692307692,0.192307692307692,1.08653846153846,0.173076923076923,9.48076923076923,0.0961538461538462,0.134615384615385,19788,7825,0.236333078488789,0.945454545454545,0.787878787878788,75,34.999,11.9538343811755,11.6152073936918,83.5962194818727,1163.27884615385,490.75,0.380952380952381,75,19864,0,0,0,1
65535,19864,0.0652173913043478,0.173913043478261,0.644927536231884,0.731884057971015,0.0289855072463768,0.0507246376811594,0.630434782608696,0.760869565217391,0.0434782608695652,0.449275362318841,0.0942028985507246,0.0217391304347826,0.391304347826087,0.268115942028986,0.0652173913043478,0.202898550724638,0.072463768115942,0.0072463768115942,0.36231884057971,0.0144927536231884,0.739130434782609,0.391304347826087,0.710144927536232,0.210144927536232,0.231884057971015,NaN,0.0942028985507246,5.88405797101449,0.0797101449275362,0.0289855072463768,19864,10383,0.595463612696585,0.951724137931035,0.758241758241758,75,42.219,15.064070152729,12.1022070079067,-28.5725368857479,1152.34057971015,490.840579710145,0.333333333333333,75,19788,0,0,0,0
65535,19939,0.0769230769230769,0.144796380090498,0.601809954751131,1.29411764705882,0.0226244343891403,0.0723981900452489,0.53393665158371,0.850678733031674,0.0407239819004525,0.3710407239819,0.0769230769230769,0.0226244343891403,0.3710407239819,0.221719457013575,0.00904977375565611,0.180995475113122,0.0497737556561086,0.0588235294117647,0.407239819004525,0.0271493212669683,0.479638009049774,0.339366515837104,0.737556561085973,0.280542986425339,0.244343891402715,1.05429864253394,0.122171945701357,8.83710407239819,0.104072398190045,0.108597285067873,19939,16628,0.538190357912141,0.944444444444444,0.726973684210526,75,52.466,18.4575999623412,15.5564955690583,-4.27274718000202,713.122171945701,492.027149321267,0,0,0,0,0,0,1
65535,20014,0.216216216216216,0.0945945945945946,0.972972972972973,1.06756756756757,0.0405405405405405,0.0675675675675676,0.959459459459459,1.09459459459459,0.0405405405405405,0.445945945945946,0.162162162162162,0.0135135135135135,0.378378378378378,0.256756756756757,0.027027027027027,0.202702702702703,0.162162162162162,0.0540540540540541,0.472972972972973,0.0135135135135135,0.405405405405405,0.297297297297297,1.2972972972973,0.283783783783784,0.202702702702703,1.06756756756757,0.121621621621622,11.7162162162162,0.0405405405405405,0.135135135135135,20014,5568,0.732207960612273,0.936708860759494,0.685185185185185,75,29.326,11.8930907281406,8.10015964414769,-19.880879820368,752.702702702703,494.689189189189,0.648648648648649,150,19563,19713,0,0,1
65535,20089,0.163522012578616,0.0817610062893082,0.647798742138365,0.968553459119497,0.0188679245283019,0.050314465408805,0.735849056603774,0.937106918238994,0.050314465408805,0.50314465408805,0.125786163522013,0.0188679245283019,0.452830188679245,0.257861635220126,0.0314465408805031,0.20125786163522,0.10062893081761,0.0628930817610063,0.515723270440252,0.0314465408805031,0.553459119496855,0.383647798742138,0.540880503144654,0.182389937106918,0.30188679245283,1.11320754716981,0.0566037735849057,8.27044025157233,0.0817610062893082,0.0943396226415094,20089,11963,0.568664999740315,0.952095808383233,0.668067226890756,75,43.865,15.8642799886128,13.0494683811765,13.1824992818585,932.48427672956,494.566037735849,0,0,0,0,0,0,1
65535,20165,0.14975845410628,0.154589371980676,1.23188405797101,2.30434782608696,0.0483091787439614,0.0338164251207729,0.888888888888889,1.31884057971015,0.0386473429951691,0.599033816425121,0.164251207729469,0.0193236714975845,0.584541062801932,0.376811594202899,0.0434782608695652,0.36231884057971,0.0917874396135266,0.0434782608695652,0.78743961352657,0.00966183574879227,0.671497584541063,0.434782608695652,4.03381642512077,0.280193236714976,0.396135265700483,1.26086956521739,0.115942028985507,14.0531400966184,0.0917874396135266,0.159420289855072,20165,15575,0.783791964023741,0.953917050691244,0.646875,75,51.54,20.8460891277321,12.9459107208499,29.2858326331764,294.835748792271,494.130434782609,0,0,0,0,0,0,1
65535,20240,0.205761316872428,0.119341563786008,0.679012345679012,0.757201646090535,0.0205761316872428,0.0411522633744856,0.526748971193416,1.0082304526749,0.037037037037037,0.526748971193416,0.065843621399177,0.0246913580246914,0.975308641975309,0.304526748971193,0.065843621399177,0.292181069958848,0.0781893004115226,0.037037037037037,0.448559670781893,0,0.769547325102881,0.34156378600823,4.06172839506173,0.288065843621399,0.720164609053498,0.823045267489712,0.102880658436214,8.81069958847737,0.0699588477366255,0.0987654320987654,20240,18284,0.798842138094128,0.913533834586466,0.660326086956522,75,58.098,23.005246157513,13.8385923485938,8.43687938565481,350.246913580247,501.757201646091,0.148648648648649,75,19638,0,0,0,1
65535,20315,0.172413793103448,0.146551724137931,0.206896551724138,0.482758620689655,0.00862068965517241,0.0862068965517241,0.396551724137931,1.18965517241379,0,0.991379310344828,0.120689655172414,0.0258620689655172,1.83620689655172,0.301724137931034,0.163793103448276,0.232758620689655,0.0603448275862069,0.103448275862069,0.318965517241379,0.0172413793103448,1.42241379310345,0.318965517241379,0.448275862068966,0.189655172413793,0.543103448275862,0.844827586206897,0.112068965517241,5.23275862068965,0.112068965517241,0.0948275862068965,20315,8728,0.641450894171752,0.950819672131147,0.743589743589744,75,37.257,14.0744928275154,10.7974455682824,47.816372377428,969.293103448276,502.706896551724,0.466666666666667,75,20390,0,0,0,1
65535,20390,0.141891891891892,0.121621621621622,0.439189189189189,1.01351351351351,0.0337837837837838,0.0337837837837838,0.547297297297297,0.756756756756757,0.0472972972972973,0.445945945945946,0.0472972972972973,0.0337837837837838,1.25,0.256756756756757,0.027027027027027,0.22972972972973,0.0743243243243243,0.0337837837837838,0.432432432432432,0.00675675675675676,0.472972972972973,0.202702702702703,2.53378378378378,0.175675675675676,0.439189189189189,0.621621621621622,0.108108108108108,7.27027027027027,0.0743243243243243,0.0810810810810811,20390,11136,0.773783004484717,0.804347826086957,0.512110726643599,75,52.921,19.3982394085864,12.2878294443702,-50.6905409877997,977.736486486486,499.013513513513,0.358208955223881,75,20315,0,0,0,1
65535,20466,0.121212121212121,0.109090909090909,0.278787878787879,0.551515151515152,0.00606060606060606,0.0666666666666667,0.4,1.03636363636364,0.0303030303030303,0.666666666666667,0.0303030303030303,0.0242424242424242,0.624242424242424,0.23030303030303,0.0363636363636364,0.254545454545455,0.133333333333333,0.0545454545454545,0.290909090909091,0.00606060606060606,1.30909090909091,0.333333333333333,2.81818181818182,0.272727272727273,0.636363636363636,0.963636363636364,0.109090909090909,6.79393939393939,0.0606060606060606,0.103030303030303,20466,12415,0.659905272741001,0.970588235294118,0.736607142857143,75,43.377,16.8034867933256,12.6252797693405,-61.9273661895909,592.30303030303,505.769696969697,0,0,0,0,0,0,1
65535,20541,0.304347826086957,0.0942028985507246,0.391304347826087,0.695652173913043,0.0434782608695652,0.0434782608695652,0.289855072463768,1.18115942028986,0.0507246376811594,0.521739130434783,0.0652173913043478,0.0144927536231884,0.731884057971015,0.231884057971015,0.036231884057971,0.231884057971015,0.0144927536231884,0.036231884057971,0.376811594202899,0.0072463768115942,0.833333333333333,0.333333333333333,3.56521739130435,0.304347826086957,0.608695652173913,0.86231884057971,0.0579710144927536,8.22463768115942,0.0869565217391304,0.036231884057971,20541,10383,0.76891443588904,0.938775510204082,0.624434389140272,75,41.905,16.8434300637267,10.7688755658903,-23.1176739635071,295.065217391304,513.95652173913,0,0,0,0,0,0,1
65535,20616,0.134751773049645,0.099290780141844,0.595744680851064,0.631205673758865,0.0425531914893617,0.0921985815602837,0.524822695035461,1.02127659574468,0.0638297872340425,0.411347517730496,0.0709219858156028,0.0141843971631206,0.453900709219858,0.26241134751773,0.0141843971631206,0.326241134751773,0.0567375886524823,0.0425531914893617,0.553191489361702,0.0212765957446809,0.872340425531915,0.382978723404255,0.950354609929078,0.290780141843972,0.390070921985816,0.843971631205674,0.106382978723404,7.92198581560284,0.120567375886525,0.0709219858156028,20616,10609,0.558422530255892,0.986013986013986,0.723076923076923,75,39.904,14.7931104760893,12.2717235453865,24.2833389015646,1141.5390070922,514.624113475177,0.274509803921569,75,20691,0,0,0,1
65535,20691,0.11304347826087,0.0869565217391304,0.48695652173913,1.55652173913043,0.0173913043478261,0.0347826086956522,0.582608695652174,0.652173913043478,0.0521739130434783,0.452173913043478,0.104347826086957,0.0347826086956522,0.243478260869565,0.2,0.0434782608695652,0.165217391304348,0.00869565217391304,0.0347826086956522,0.530434782608696,0.0260869565217391,0.669565217391304,0.295652173913043,0.556521739130435,0.165217391304348,0.156521739130435,1.00869565217391,0.0608695652173913,7.33913043478261,0.00869565217391304,0.0347826086956522,20691,8653,0.430922646868602,0.934959349593496,0.737179487179487,75,36.248,12.8830744186717,11.6255429647629,32.1892296536875,1153.85217391304,514.478260869565,0.288888888888889,75,20616,0,0,0,1
65535,20767,0.286666666666667,0.0933333333333333,0.306666666666667,0.68,0.04,0.04,0.293333333333333,0.846666666666667,0.0266666666666667,0.66,0.08,0.00666666666666667,0.48,0.186666666666667,0.0133333333333333,0.14,0.04,0.0333333333333333,0.406666666666667,0.02,1.07333333333333,0.266666666666667,0.326666666666667,0.193333333333333,0.453333333333333,0.906666666666667,0.133333333333333,6.66,0.0933333333333333,0.1,20767,11286,0.46443373317439,0.943396226415094,0.666666666666667,75,42.269,14.9164853050586,13.2101568469776,-34.0088856211088,142.426666666667,516.646666666667,0,0,0,0,0,0,1
65535,20842,0.181034482758621,0.206896551724138,0.474137931034483,1.52586206896552,0.0258620689655172,0.103448275862069,0.396551724137931,0.982758620689655,0.0517241379310345,0.793103448275862,0.0862068965517241,0.00862068965517241,0.448275862068966,0.344827586206897,0.0172413793103448,0.155172413793103,0.0517241379310345,0.0431034482758621,0.586206896551724,0.0172413793103448,0.853448275862069,0.310344827586207,0.482758620689655,0.172413793103448,0.508620689655172,0.956896551724138,0.137931034482759,7.08620689655172,0.0948275862068965,0.0862068965517241,20842,8728,0.527500756625604,0.958677685950413,0.69047619047619,75,35.992,13.2739194270269,11.2769187887922,14.7373133471806,725.896551724138,519.379310344828,0,0,0,0,0,0,1
65535,20917,0.0892857142857143,0.0982142857142857,0.616071428571429,0.727678571428571,0.0401785714285714,0.0357142857142857,0.607142857142857,0.941964285714286,0.0446428571428571,0.433035714285714,0.0580357142857143,0.0223214285714286,0.616071428571429,0.236607142857143,0.0669642857142857,0.245535714285714,0.0669642857142857,0.0535714285714286,0.361607142857143,0.00446428571428571,0.513392857142857,0.263392857142857,1.35714285714286,0.205357142857143,0.366071428571429,0.96875,0.0446428571428571,9.33035714285714,0.09375,0.0848214285714286,20917,16854,0.784365490924522,0.921810699588477,0.589473684210526,75,55.402,21.8074978668113,13.527167840395,-40.3560067980877,951.691964285714,523.959821428571,0,0,0,0,0,0,1
65535,20992,0.121827411167513,0.101522842639594,0.654822335025381,1.39086294416244,0.0406091370558376,0.050761421319797,0.67005076142132,1.15736040609137,0.0558375634517767,0.401015228426396,0.106598984771574,0.0456852791878173,0.543147208121827,0.395939086294416,0.0304568527918782,0.431472081218274,0.0558375634517767,0.0456852791878173,0.431472081218274,0.0152284263959391,0.50253807106599,0.269035532994924,1.09137055837563,0.208121827411168,0.309644670050761,0.944162436548223,0.0558375634517767,11.7360406091371,0.0913705583756345,0.147208121827411,20992,14822,0.559817564618638,0.942583732057416,0.648026315789474,75,49.398,17.6501301411234,14.6251783081124,13.3763371077521,987.705583756345,526.593908629442,0,0,0,0,0,0,1
65535,21068,0.162650602409639,0.132530120481928,0.463855421686747,0.373493975903614,0.0240963855421687,0.114457831325301,1.52409638554217,1.23493975903614,0.036144578313253,0.94578313253012,0.0602409638554217,0.0180722891566265,1.66867469879518,0.41566265060241,0.0602409638554217,0.289156626506024,0.0843373493975904,0.0301204819277108,0.542168674698795,0,1.50602409638554,0.331325301204819,2.57228915662651,0.325301204819277,0.927710843373494,1.06626506024096,0.120481927710843,8.06024096385542,0.120481927710843,0.072289156626506,21068,12490,0.694852009699825,0.937853107344633,0.709401709401709,75,45.618,17.4101316903623,12.5205441650985,6.07881444857624,1039.17469879518,526.789156626506,0,0,0,0,0,0,1
65535,21143,0.232704402515723,0.119496855345912,0.528301886792453,0.433962264150943,0.0314465408805031,0.0377358490566038,1.64779874213836,0.962264150943396,0.050314465408805,0.572327044025157,0.106918238993711,0.0188679245283019,0.490566037735849,0.213836477987421,0.144654088050314,0.30188679245283,0.0188679245283019,0.0817610062893082,0.69811320754717,0.0125786163522013,0.616352201257862,0.289308176100629,1.54088050314465,0.238993710691824,0.69811320754717,NaN,0.119496855345912,9.09433962264151,0.0691823899371069,0.0754716981132075,21143,11963,0.806351585625568,0.908571428571429,0.67948717948718,75,45.337,18.7576970025547,11.0939864543555,-15.3182887263635,1118.41509433962,530.056603773585,0.344827586206897,75,21444,0,0,0,0
65535,21218,0.261363636363636,0.147727272727273,0.698863636363636,0.744318181818182,0.0397727272727273,0.0511363636363636,1.07954545454545,1.29545454545455,0.00568181818181818,0.590909090909091,0.0397727272727273,0.0397727272727273,0.732954545454545,0.272727272727273,0.0340909090909091,0.295454545454545,0.0681818181818182,0.0340909090909091,0.522727272727273,0.0113636363636364,0.903409090909091,0.329545454545455,2.25,0.255681818181818,0.465909090909091,1.16477272727273,0.164772727272727,12.2329545454545,0.0681818181818182,0.119318181818182,21218,13242,0.615212615690506,0.961748633879781,0.690196078431373,75,45.544,17.0273956054786,13.423738635329,24.0743703259282,37.8863636363636,535.221590909091,0,0,0,0,0,0,1
65535,21293,0.20873786407767,0.155339805825243,0.320388349514563,0.766990291262136,0.0388349514563107,0.0242718446601942,0.558252427184466,0.830097087378641,0.0339805825242718,1.00970873786408,0.087378640776699,0.0242718446601942,0.436893203883495,0.296116504854369,0.0339805825242718,0.233009708737864,0.0679611650485437,0.0485436893203883,0.422330097087379,0.00970873786407767,1.5,0.310679611650485,0.538834951456311,0.262135922330097,0.519417475728155,0.956310679611651,0.0728155339805825,6.72330097087379,0.111650485436893,0.0631067961165049,21293,15500,0.76399256748604,0.944954128440367,0.735714285714286,75,50.944,20.4904476322402,13.2209499659028,89.4864050321562,1207.33009708738,539.577669902913,0,0,0,0,0,0,1
65535,21368,0.192,0.048,0.296,0.504,0.016,0.032,0.408,0.952,0.024,0.56,0.056,0,0.72,0.224,0.072,0.272,0.112,0.032,0.48,0.016,0.768,0.264,0.384,0.288,0.432,0.576,0.136,5.592,0.024,0.112,21368,9405,0.298996489974287,0.93984962406015,0.686813186813187,75,38.142,13.0217571582043,12.426066601279,-78.9907701524539,1331.344,537.6,0,0,0,0,0,0,1
65535,21444,0.203389830508475,0.127118644067797,0.576271186440678,0.372881355932203,0.0338983050847458,0.0338983050847458,2.29661016949153,1.32203389830508,0.0423728813559322,0.483050847457627,0.076271186440678,0.0423728813559322,0.940677966101695,0.322033898305085,0.398305084745763,0.322033898305085,0.11864406779661,0.110169491525424,0.61864406779661,0.00847457627118644,0.533898305084746,0.305084745762712,1.06779661016949,0.161016949152542,0.677966101694915,1.20338983050847,0.110169491525424,8.79661016949153,0.0932203389830508,0.101694915254237,21444,8878,0.581132656423328,0.944,0.702380952380952,75,37.282,13.9029445164659,11.3143392142448,-3.00302480304761,1112.74576271186,538.372881355932,0.416666666666667,75,21143,0,0,0,1
65535,21519,0.141935483870968,0.141935483870968,0.387096774193548,0.735483870967742,0.0129032258064516,0.0774193548387097,0.335483870967742,0.87741935483871,0.0129032258064516,1.18064516129032,0.0709677419354839,0.0387096774193548,0.567741935483871,0.27741935483871,0.0387096774193548,0.187096774193548,0.0580645161290323,0.0774193548387097,0.516129032258065,0.032258064516129,1.72258064516129,0.290322580645161,0.387096774193548,0.245161290322581,0.335483870967742,0.974193548387097,0.0903225806451613,6.50967741935484,0.0967741935483871,0.0903225806451613,21519,11662,0.288511808044761,0.950920245398773,0.688888888888889,75,42.459,14.4802899544832,13.8645349896384,-32.7981063272856,367.090322580645,538.858064516129,0,0,0,0,0,0,1
65535,21594,0.115606936416185,0.109826589595376,1.10982658959538,0.942196531791908,0.0635838150289017,0.046242774566474,0.728323699421965,1.15606936416185,0.0404624277456647,0.352601156069364,0.132947976878613,0.0346820809248555,0.277456647398844,0.289017341040462,0.0346820809248555,0.294797687861272,0.0404624277456647,0.0404624277456647,1.01156069364162,0.0115606936416185,0.456647398843931,0.364161849710983,3.5028901734104,0.236994219653179,0.254335260115607,1.06936416184971,0.115606936416185,12.7803468208092,0.0520231213872832,0.0867052023121387,21594,13017,0.739050193469615,0.940217391304348,0.640740740740741,75,46.586,18.2494468153748,12.2937464712184,-23.7137657369685,427.433526011561,542.410404624277,0,0,0,0,0,0,1
65535,21669,0.224,0.136,0.4,0.536,0.016,0.08,0.464,1.168,0.032,0.76,0.072,0.088,0.64,0.24,0.056,0.216,0.104,0.064,0.536,0.008,0.92,0.376,1.92,0.368,0.784,0.664,0.112,8.408,0.128,0.104,21669,9405,0.657003719534568,0.946969696969697,0.694444444444444,75,38.051,14.6636964117566,11.0547749959239,15.664980295983,695.792,540.48,0,0,0,0,0,0,1
65535,21745,0.188976377952756,0.118110236220472,0.385826771653543,0.330708661417323,0,0.078740157480315,0.283464566929134,0.779527559055118,0.015748031496063,0.330708661417323,0.0393700787401575,0.031496062992126,0.259842519685039,0.102362204724409,0.0236220472440945,0.165354330708661,0.0393700787401575,0.062992125984252,0.377952755905512,0.0078740157480315,0.37007874015748,0.21259842519685,0.480314960629921,0.118110236220472,0.291338582677165,0.913385826771654,0.031496062992126,5.33070866141732,0.0866141732283465,0.031496062992126,21745,9556,0.830630304888058,0.858108108108108,0.574660633484163,75,44.601,17.9304263738206,9.98409704235187,-31.5099469173844,1470.22834645669,538.464566929134,0.392857142857143,75,21820,0,0,0,1
65535,21820,0.235294117647059,0.154411764705882,0.544117647058823,0.176470588235294,0.0441176470588235,0.0147058823529412,0.75,1.21323529411765,0.0147058823529412,0.419117647058824,0.0367647058823529,0.0294117647058824,0.904411764705882,0.375,0.0367647058823529,0.264705882352941,0.0147058823529412,0.0661764705882353,0.573529411764706,0.00735294117647059,0.522058823529412,0.286764705882353,7.61764705882353,0.205882352941176,0.514705882352941,0.867647058823529,0.0808823529411765,7.41911764705882,0.125,0.0808823529411765,21820,10233,0.780998606312647,0.918918918918919,0.62962962962963,75,43.195,17.0820062437582,10.6682726236985,1.50334207692995,1459.02941176471,541.169117647059,0.410714285714286,75,21745,0,0,0,1
65535,21895,0.130681818181818,0.125,0.761363636363636,0.869318181818182,0.0568181818181818,0.0340909090909091,0.539772727272727,0.9375,0.0738636363636364,0.494318181818182,0.130681818181818,0.0113636363636364,0.460227272727273,0.210227272727273,0.0227272727272727,0.210227272727273,0.0397727272727273,0.0397727272727273,0.386363636363636,0.00568181818181818,0.5,0.329545454545455,0.920454545454545,0.25,0.306818181818182,NaN,0.125,9.52272727272727,0.0795454545454545,0.0852272727272727,21895,13242,0.736959689082687,0.926315789473684,0.608996539792388,75,47.992,18.706881851923,12.6446679068536,47.4726894140371,969.5625,548.448863636364,0,0,0,0,0,0,0
65535,21970,0.183673469387755,0.173469387755102,0.63265306122449,0.928571428571429,0.0408163265306122,0.0408163265306122,0.979591836734694,0.836734693877551,0.0612244897959184,0.438775510204082,0.142857142857143,0.0102040816326531,0.704081632653061,0.418367346938776,0.0102040816326531,0.163265306122449,0.0204081632653061,0.0714285714285714,1.04081632653061,0.0102040816326531,0.540816326530612,0.448979591836735,4.69387755102041,0.183673469387755,1.53061224489796,1.29591836734694,0.122448979591837,11.0102040816327,0.0918367346938776,0.122448979591837,21970,7374,0.412460608723646,0.951456310679612,0.742424242424242,75,33.246,11.8013805138442,10.7507677671362,18.3463183119089,528.357142857143,549.438775510204,0.390243902439024,75,22723,0,0,0,1
65535,22046,0.179591836734694,0.114285714285714,0.506122448979592,0.330612244897959,0.0163265306122449,0.0448979591836735,0.469387755102041,0.983673469387755,0.0285714285714286,0.812244897959184,0.0571428571428571,0.0163265306122449,0.897959183673469,0.236734693877551,0.0571428571428571,0.2,0.0285714285714286,0.0489795918367347,0.404081632653061,0.00816326530612245,1.10204081632653,0.281632653061224,5.08979591836735,0.273469387755102,0.481632653061224,1.02857142857143,0.0938775510204082,6.93877551020408,0.0775510204081633,0.0571428571428571,22046,18434,0.610485782712485,0.942307692307692,0.680555555555556,75,56.13,20.262612576459,16.0485406050658,-60.2493405462871,1375.91836734694,548.922448979592,0,0,0,0,0,0,1
65535,22121,0.111111111111111,0.144927536231884,1.45893719806763,1.75845410628019,0.0241545893719807,0.0917874396135266,0.714975845410628,1.11594202898551,0.0193236714975845,0.338164251207729,0.169082125603865,0.0386473429951691,0.36231884057971,0.304347826086957,0.0531400966183575,0.241545893719807,0.0241545893719807,0.0338164251207729,0.536231884057971,0.0289855072463768,0.381642512077295,0.376811594202899,2.66183574879227,0.251207729468599,0.236714975845411,1.34299516908213,0.115942028985507,13.2753623188406,0.106280193236715,0.106280193236715,22121,15575,0.828044035621872,0.911894273127753,0.579831932773109,75,54.087,22.0972013007011,12.3890846607218,-34.0398560702017,1411.12560386473,553.840579710145,0,0,0,0,0,0,1
65535,22196,0.207547169811321,0.169811320754717,1.15471698113208,1.31698113207547,0.0452830188679245,0.0452830188679245,0.80377358490566,1.30566037735849,0.030188679245283,0.475471698113208,0.105660377358491,0.0188679245283019,0.618867924528302,0.294339622641509,0.0415094339622641,0.40377358490566,0.0528301886792453,0.0490566037735849,0.728301886792453,0.00754716981132075,0.716981132075472,0.328301886792453,5.20754716981132,0.275471698113208,0.373584905660377,1.06792452830189,0.135849056603774,12.0792452830189,0.0867924528301887,0.139622641509434,22196,19939,0.565011427287649,0.910652920962199,0.6625,75,61.191,20.8817468579831,17.2291759897279,41.6914633743104,92.6264150943396,552.584905660377,0,0,0,0,0,0,1
65535,22271,0.0970873786407767,0.140776699029126,0.679611650485437,1.34466019417476,0.029126213592233,0.0339805825242718,0.635922330097087,0.922330097087379,0.029126213592233,0.325242718446602,0.058252427184466,0.0194174757281553,0.383495145631068,0.203883495145631,0.0388349514563107,0.330097087378641,0.0436893203883495,0.0436893203883495,0.553398058252427,0.0145631067961165,0.480582524271845,0.257281553398058,2.04368932038835,0.179611650485437,0.29126213592233,0.932038834951456,0.121359223300971,7.60679611650485,0.106796116504854,0.0679611650485437,22271,15500,0.519170969106459,0.927927927927928,0.762962962962963,75,51.705,17.814680043524,15.2256798458279,-71.3983986516159,141.082524271845,552.766990291262,0,0,0,0,0,0,1
65535,22347,0.0952380952380952,0.119047619047619,0.53968253968254,1.38888888888889,0.0317460317460317,0.0317460317460317,0.46031746031746,0.849206349206349,0.0476190476190476,0.428571428571429,0.134920634920635,0.0238095238095238,0.428571428571429,0.222222222222222,0.0158730158730159,0.150793650793651,0.0317460317460317,0.0555555555555556,0.476190476190476,0,0.507936507936508,0.293650793650794,0.777777777777778,0.206349206349206,0.158730158730159,NaN,0.0634920634920635,8.67460317460317,0.0714285714285714,0.0793650793650794,22347,9480,0.620593087770227,0.933333333333333,0.75,75,38.878,14.4278814020831,11.3133747785453,73.0988333407476,926.960317460317,551.47619047619,0,0,0,0,0,0,0
65535,22422,0.0990990990990991,0.0900900900900901,0.954954954954955,1.09009009009009,0.018018018018018,0.045045045045045,0.531531531531532,0.990990990990991,0.027027027027027,0.279279279279279,0.117117117117117,0.036036036036036,0.495495495495495,0.207207207207207,0.00900900900900901,0.279279279279279,0.018018018018018,0.027027027027027,0.558558558558559,0.00900900900900901,0.414414414414414,0.315315315315315,1.81981981981982,0.288288288288288,0.405405405405405,1.09009009009009,0.117117117117117,10.0630630630631,0.0540540540540541,0.108108108108108,22422,8352,0.432136629151008,0.948717948717949,0.770833333333333,75,35.876,12.6001542929001,11.3629217930509,49.8821639058259,995.27027027027,553.711711711712,0.431818181818182,75,22873,0,0,0,1
65535,22497,0.406779661016949,0.203389830508475,0.536723163841808,0.525423728813559,0.0564971751412429,0.0225988700564972,1.55932203389831,1.51977401129944,0.0621468926553672,0.627118644067797,0.096045197740113,0.0395480225988701,1.19774011299435,0.344632768361582,1.72316384180791,0.350282485875706,0.0790960451977401,0.163841807909605,0.593220338983051,0.0169491525423729,0.751412429378531,0.418079096045198,0.700564971751412,0.299435028248588,0.587570621468927,0.994350282485876,0.146892655367232,10.3389830508475,0.096045197740113,0.0903954802259887,22497,13318,0.856900015965675,0.912371134020619,0.59,75,49.861,21.2841837416774,10.9716274421075,-24.713120925069,320.254237288136,553.610169491525,0,0,0,0,0,0,1
65535,22572,0.13986013986014,0.0979020979020979,0.93006993006993,0.916083916083916,0.013986013986014,0.041958041958042,0.552447552447552,0.692307692307692,0.034965034965035,0.398601398601399,0.0699300699300699,0.013986013986014,0.370629370629371,0.286713286713287,0.027972027972028,0.244755244755245,0.027972027972028,0.0559440559440559,0.300699300699301,0.00699300699300699,0.517482517482518,0.237762237762238,1.27972027972028,0.251748251748252,0.272727272727273,0.895104895104895,0.0839160839160839,8.83216783216783,0.111888111888112,0.0559440559440559,22572,10759,0.797651256751909,0.966216216216216,0.635555555555556,75,41.897,17.5140000043044,10.5630253619073,45.445189583604,605.664335664336,553.916083916084,0,0,0,0,0,0,1
65535,22648,0.237113402061856,0.139175257731959,0.618556701030928,1.62886597938144,0.0515463917525773,0.0721649484536082,0.618556701030928,1.04123711340206,0.0309278350515464,0.45360824742268,0.144329896907216,0.0206185567010309,0.530927835051546,0.216494845360825,0.0927835051546392,0.309278350515464,0.0670103092783505,0.0567010309278351,0.829896907216495,0.0154639175257732,0.515463917525773,0.293814432989691,0.943298969072165,0.268041237113402,0.438144329896907,1.0360824742268,0.185567010309278,11.479381443299,0.0670103092783505,0.0979381443298969,22648,14597,0.733085772929354,0.955665024630542,0.785425101214575,75,48.612,19.1713743891549,13.0391457114151,5.44360422776668,165.164948453608,556.974226804124,0,0,0,0,0,0,1
65535,22723,0.315384615384615,0.215384615384615,0.4,0.776923076923077,0.0153846153846154,0.0538461538461538,0.692307692307692,1.26153846153846,0.0384615384615385,0.615384615384615,0.0615384615384615,0.0153846153846154,0.715384615384615,0.269230769230769,0.0307692307692308,0.276923076923077,0.138461538461538,0.130769230769231,0.446153846153846,0,1.23076923076923,0.315384615384615,0.438461538461538,0.284615384615385,0.492307692307692,0.969230769230769,0.0769230769230769,7.37692307692308,0.107692307692308,0.0692307692307692,22723,9781,0.704832492934806,0.909090909090909,0.625,75,41.599,15.5597315270431,11.0376655378871,-12.2358997322454,532.469230769231,558.976923076923,0.307692307692308,75,21970,0,0,0,1
65535,22798,0.191860465116279,0.122093023255814,0.866279069767442,0.441860465116279,0.0348837209302326,0.0523255813953488,0.662790697674419,1.13953488372093,0.0348837209302326,0.348837209302326,0.116279069767442,0.0116279069767442,0.558139534883721,0.215116279069767,0.063953488372093,0.267441860465116,0.0581395348837209,0.0465116279069767,0.761627906976744,0.0116279069767442,0.552325581395349,0.302325581395349,6.72093023255814,0.116279069767442,0.488372093023256,1.0406976744186,0.0697674418604651,8.21511627906977,0.0930232558139535,0.11046511627907,22798,12941,0.731950989879879,0.939890710382514,0.722689075630252,75,46.445,18.2181286157026,12.4130546325429,26.1098127732368,339.854651162791,562.063953488372,0,0,0,0,0,0,1
65535,22873,0.0957446808510638,0.0585106382978723,0.680851063829787,0.797872340425532,0.0265957446808511,0.0159574468085106,0.446808510638298,0.861702127659574,0.0212765957446809,0.345744680851064,0.0851063829787234,0.00531914893617021,0.297872340425532,0.159574468085106,0.0372340425531915,0.180851063829787,0.0372340425531915,0.0372340425531915,0.51063829787234,0.0106382978723404,0.388297872340426,0.281914893617021,1.20744680851064,0.175531914893617,0.228723404255319,1.03723404255319,0.127659574468085,8.49468085106383,0.0372340425531915,0.0691489361702128,22873,14145,0.89046309161675,0.850678733031674,0.583850931677019,75,56.576,24.2387798656455,11.029989409035,-12.5146861299752,993.88829787234,562.473404255319,0.295774647887324,75,22422,0,0,0,1
65535,22949,0.132275132275132,0.111111111111111,0.613756613756614,0.513227513227513,0.0158730158730159,0.0423280423280423,0.502645502645503,0.862433862433862,0.0476190476190476,0.238095238095238,0.0476190476190476,0.0158730158730159,0.354497354497354,0.206349206349206,0.222222222222222,0.248677248677249,0.0687830687830688,0.0529100529100529,0.412698412698413,0.00529100529100529,0.338624338624339,0.201058201058201,2.94708994708995,0.17989417989418,0.391534391534392,0.888888888888889,0.0793650793650794,7.33862433862434,0.0634920634920635,0.0582010582010582,22949,14221,0.469873413362892,0.935643564356436,0.653979238754325,75,49.191,16.9069137876961,14.9243043857833,-20.7376439936773,1471.67724867725,563.73544973545,0,0,0,0,0,0,1
65535,23024,0.0763888888888889,0.125,0.458333333333333,0.777777777777778,0.0138888888888889,0.0555555555555556,0.513888888888889,1.07638888888889,0.0138888888888889,0.729166666666667,0.0763888888888889,0.0277777777777778,0.625,0.256944444444444,0.0277777777777778,0.270833333333333,0.104166666666667,0.0416666666666667,0.354166666666667,0.0138888888888889,1.15277777777778,0.25,2.52777777777778,0.368055555555556,0.888888888888889,0.958333333333333,0.118055555555556,8.04861111111111,0.0763888888888889,0.0555555555555556,23024,10835,0.678742886411155,0.935064935064935,0.692307692307692,75,42.153,16.0684725679553,11.8003004439479,84.8072527480471,408.493055555556,568.006944444444,0.339622641509434,75,23174,0,0,0,1
65535,23099,0.219895287958115,0.130890052356021,0.267015706806283,0.392670157068063,0.0418848167539267,0.0261780104712042,0.371727748691099,0.790575916230366,0.0157068062827225,0.50261780104712,0.0680628272251309,0.0209424083769634,2.79057591623037,0.219895287958115,0.0890052356020942,0.151832460732984,0.0471204188481675,0.0418848167539267,0.298429319371728,0.0104712041884817,0.633507853403141,0.219895287958115,1.66492146596859,0.198952879581152,0.717277486910995,0.821989528795812,0.130890052356021,6.50261780104712,0.0680628272251309,0.0471204188481675,23099,14371,0.634536024137144,0.922705314009662,0.636666666666667,75,51.151,18.3924197213824,14.2153777460338,-6.48377027833722,1295.29319371728,568.099476439791,0,0,0,0,0,0,1
65535,23174,0.196261682242991,0.252336448598131,0.766355140186916,1.62616822429907,0.0373831775700935,0.0280373831775701,0.813084112149533,1.1588785046729,0.0467289719626168,0.327102803738318,0.0841121495327103,0.0280373831775701,0.448598130841121,0.233644859813084,0.0373831775700935,0.327102803738318,0.0654205607476635,0.0934579439252336,0.672897196261682,0.00934579439252336,0.654205607476635,0.289719626168224,1.97196261682243,0.196261682242991,0.485981308411215,1.13084112149533,0.121495327102804,12.0560747663551,0.11214953271028,0.102803738317757,23174,8051,0.536629744048943,0.930434782608696,0.743055555555556,75,36.405,13.074709267935,11.0326727060971,38.1238955869701,418.691588785047,567.457943925234,0.409090909090909,75,23024,0,0,0,1
65535,23250,0.169934640522876,0.104575163398693,0.784313725490196,1.6797385620915,0.0065359477124183,0.0588235294117647,0.712418300653595,NaN,0.0588235294117647,0.503267973856209,0.156862745098039,0.0326797385620915,0.444444444444444,0.254901960784314,0.0196078431372549,0.34640522875817,0.0326797385620915,0.0326797385620915,0.549019607843137,0.0065359477124183,0.568627450980392,0.352941176470588,1.05882352941176,0.189542483660131,0.437908496732026,1.39869281045752,0.143790849673203,11.3137254901961,0.0718954248366013,0.117647058823529,23250,11512,0.767230153122631,0.932926829268293,0.6375,75,44.601,17.7939462558904,11.4125368138726,-43.5005416116159,940.607843137255,568.581699346405,0,0,0,0,0,0,0
65535,23325,0.157407407407407,0.175925925925926,0.314814814814815,0.657407407407407,0.037037037037037,0,0.240740740740741,0.675925925925926,0.0277777777777778,0.898148148148148,0.0648148148148148,0.00925925925925926,0.527777777777778,0.166666666666667,0.0555555555555556,0.111111111111111,0.0648148148148148,0.0648148148148148,0.305555555555556,0.0185185185185185,0.935185185185185,0.37962962962963,0.296296296296296,0.222222222222222,0.425925925925926,0.944444444444444,0.111111111111111,5.57407407407407,0.12037037037037,0.037037037037037,23325,8126,0.823633932450635,0.915254237288136,0.551020408163265,75,38.523,15.9159561293679,9.02628581903646,-50.1950287282674,440.842592592593,570.203703703704,0.48,75,23400,0,0,0,1
65535,23400,0.114285714285714,0.142857142857143,0.352380952380952,0.6,0.0476190476190476,0.0285714285714286,0.333333333333333,0.485714285714286,0.0285714285714286,0.514285714285714,0.0571428571428571,0.019047619047619,0.419047619047619,0.171428571428571,0.0571428571428571,0.161904761904762,0.0761904761904762,0.0857142857142857,0.380952380952381,0.00952380952380952,0.647619047619048,0.247619047619048,0.380952380952381,0.2,0.352380952380952,0.552380952380952,0.114285714285714,4.22857142857143,0.0761904761904762,0.0857142857142857,23400,7900,0.685051300802449,0.91304347826087,0.576923076923077,75,38.415,14.2993841738336,10.417027422527,-66.6089489348825,434.314285714286,574.561904761905,0.489795918367347,75,23325,0,0,0,1
65535,23475,0.157894736842105,0.157894736842105,0.37719298245614,0.535087719298246,0.0526315789473684,0.0701754385964912,0.473684210526316,1.00877192982456,0.0263157894736842,0.517543859649123,0.0614035087719298,0.0175438596491228,0.552631578947368,0.289473684210526,0.0175438596491228,0.184210526315789,0.0701754385964912,0.0263157894736842,0.324561403508772,0.0087719298245614,1.04385964912281,0.219298245614035,1.90350877192982,0.307017543859649,1.07894736842105,0.842105263157895,0.0350877192982456,8.47368421052632,0.0964912280701754,0.0526315789473684,23475,8577,0.328378290503143,0.95,0.674556213017751,75,36.182,12.5254877646148,11.8309030275053,88.8906082498388,668.166666666667,573.122807017544,0,0,0,0,0,0,1
65535,23550,0.125,0.140625,0.5,0.5859375,0.0234375,0.046875,0.375,0.6875,0.0546875,0.515625,0.09375,0.0546875,0.2421875,0.1796875,0.0390625,0.171875,0.046875,0.0625,0.4609375,0.0390625,0.3828125,0.296875,0.8671875,0.1796875,0.3125,0.7265625,0.0703125,6.296875,0.0703125,0.09375,23550,9631,0.784202248776428,0.876712328767123,0.579185520361991,75,43.187,17.1845060673396,10.6630771714002,72.308272949302,621.6953125,578.4453125,0.410714285714286,75,23626,0,0,0,1
65535,23626,0.152941176470588,0.105882352941176,0.588235294117647,0.941176470588235,0.0352941176470588,0.0470588235294118,0.588235294117647,1.14117647058824,0.0117647058823529,0.423529411764706,0.105882352941176,0,0.329411764705882,0.282352941176471,0.0352941176470588,0.270588235294118,0.0588235294117647,0.0470588235294118,0.494117647058824,0.0117647058823529,0.588235294117647,0.329411764705882,0.517647058823529,0.176470588235294,0.364705882352941,0.917647058823529,0.129411764705882,7.58823529411765,0.0941176470588235,0.0705882352941176,23626,6395,0.718153362541029,0.885416666666667,0.653846153846154,75,32.973,12.7278177557984,8.85709576392062,74.6496490373049,628.329411764706,582.082352941177,0.55,75,23550,0,0,0,1
65535,23701,0.228070175438596,0.0964912280701754,0.412280701754386,0.552631578947368,0,0.0614035087719298,0.394736842105263,1.14035087719298,0.043859649122807,0.447368421052632,0.0614035087719298,0.0175438596491228,2.83333333333333,0.350877192982456,0.0263157894736842,0.166666666666667,0.0701754385964912,0.0526315789473684,0.421052631578947,0.0087719298245614,0.701754385964912,0.298245614035088,3.13157894736842,0.254385964912281,1.09649122807018,0.798245614035088,0.0614035087719298,9.42105263157895,0.0526315789473684,0.0964912280701754,23701,8577,0.593528057992437,0.957983193277311,0.730769230769231,75,35.512,13.5130867052737,10.8755118752325,-31.357506520939,61.5964912280702,582.666666666667,0,0,0,0,0,0,1
65535,23776,0.111842105263158,0.125,0.618421052631579,1.01973684210526,0.0263157894736842,0.0526315789473684,0.401315789473684,0.967105263157895,0.0328947368421053,0.532894736842105,0.157894736842105,0.00657894736842105,0.381578947368421,0.217105263157895,0.0263157894736842,0.171052631578947,0.0328947368421053,0.0526315789473684,0.480263157894737,0.00657894736842105,0.388157894736842,0.197368421052632,0.973684210526316,0.230263157894737,0.335526315789474,0.894736842105263,0.0986842105263158,7.76973684210526,0.0394736842105263,0.0657894736842105,23776,11437,0.748394288322929,0.944099378881988,0.64957264957265,75,44.047,17.2592470866844,11.447266237529,-77.3803499833169,1275.11842105263,589.671052631579,0,0,0,0,0,0,1
65535,23851,0.0844444444444444,0.128888888888889,0.897777777777778,1.8,0.0444444444444444,0.0488888888888889,1.00888888888889,0.844444444444444,0.08,0.413333333333333,0.195555555555556,0.0177777777777778,0.386666666666667,0.253333333333333,0.0488888888888889,0.293333333333333,0.0844444444444444,0.0177777777777778,0.484444444444444,0.00888888888888889,0.537777777777778,0.271111111111111,0.768888888888889,0.244444444444444,0.226666666666667,1.19555555555556,0.155555555555556,11.5377777777778,0.0711111111111111,0.0844444444444444,23851,16929,0.735122228288518,0.914634146341463,0.657894736842105,75,54.798,21.1308157285126,14.3253109153165,41.5786430981483,890.973333333333,594.244444444444,0,0,0,0,0,0,1
65535,23927,0.125,0.166666666666667,0.631944444444444,0.902777777777778,0.0208333333333333,0.0486111111111111,0.416666666666667,0.708333333333333,0.0277777777777778,0.375,0.173611111111111,0.0416666666666667,0.409722222222222,0.222222222222222,0.0902777777777778,0.270833333333333,0.0347222222222222,0.0416666666666667,0.638888888888889,0.00694444444444444,0.444444444444444,0.284722222222222,1.78472222222222,0.145833333333333,0.263888888888889,0.944444444444444,0.0625,7.40277777777778,0.0763888888888889,0.0416666666666667,23927,10835,0.7884234468801,0.941176470588235,0.642857142857143,75,42.178,17.4343114482231,10.7244183303287,50.7600278140968,1248.55555555556,592.576388888889,0,0,0,0,0,0,1
65535,24002,0.0903954802259887,0.141242937853107,0.384180790960452,0.395480225988701,0.0112994350282486,0.0225988700564972,0.429378531073446,1.32203389830508,0.0169491525423729,0.779661016949153,0.0734463276836158,0.0169491525423729,0.548022598870056,0.327683615819209,0.0282485875706215,0.23728813559322,0.11864406779661,0.0395480225988701,0.435028248587571,0.0112994350282486,1.24293785310734,0.338983050847458,2.92090395480226,0.378531073446328,0.830508474576271,0.779661016949153,0.124293785310734,7.36723163841808,0.0508474576271186,0.0847457627118644,24002,13318,0.579507438205325,0.956756756756757,0.69140625,75,44.808,16.7154123721712,13.6225086335299,-46.0502296177333,1478.47457627119,595.480225988701,0,0,0,0,0,0,1
65535,24077,0.157608695652174,0.119565217391304,0.467391304347826,0.451086956521739,0.016304347826087,0.0326086956521739,0.597826086956522,1.4945652173913,0.016304347826087,1.54347826086957,0.103260869565217,0.016304347826087,0.929347826086957,0.358695652173913,0.0815217391304348,0.380434782608696,0.0978260869565217,0.0978260869565217,0.5,0,2.55434782608696,0.358695652173913,3.40217391304348,0.369565217391304,0.592391304347826,1.05434782608696,0.135869565217391,7.3695652173913,0.0706521739130435,0.0869565217391304,24077,13844,0.598256941191872,0.978723404255319,0.72156862745098,75,46.189,17.1925807966527,13.7764894688346,-52.3545201945327,285.375,599.603260869565,0,0,0,0,0,0,1
65535,24152,0.137931034482759,0.0258620689655172,0.775862068965517,1.05172413793103,0.0344827586206897,0.0603448275862069,0.517241379310345,0.931034482758621,0.0258620689655172,0.370689655172414,0.146551724137931,0.0172413793103448,0.327586206896552,0.181034482758621,0.0517241379310345,0.232758620689655,0.0689655172413793,0.0431034482758621,0.439655172413793,0.00862068965517241,0.46551724137931,0.21551724137931,1.56034482758621,0.172413793103448,0.181034482758621,0.724137931034483,0.0775862068965517,8.0948275862069,0.0517241379310345,0.129310344827586,24152,8728,0.746893664540424,0.943089430894309,0.69047619047619,75,36.918,15.0401782319173,10.000868705266,58.513349453627,427.206896551724,606.103448275862,0,0,0,0,0,0,1
65535,24228,0.0784313725490196,0.111111111111111,0.849673202614379,1.00653594771242,0.0261437908496732,0.0718954248366013,0.607843137254902,0.738562091503268,0.0261437908496732,0.241830065359477,0.0588235294117647,0.0261437908496732,0.274509803921569,0.196078431372549,0.0130718954248366,0.189542483660131,0.0261437908496732,0.0392156862745098,0.431372549019608,0.0065359477124183,0.42483660130719,0.248366013071895,1.07843137254902,0.156862745098039,0.176470588235294,0.934640522875817,0.065359477124183,8.68627450980392,0.065359477124183,0.0588235294117647,24228,11512,0.786576565922704,0.932926829268293,0.671052631578947,75,45.081,18.0005502093789,11.1152093907912,81.7394602644611,917.503267973856,605.137254901961,0,0,0,0,0,0,1
65535,24303,0.112903225806452,0.112903225806452,0.701612903225806,0.919354838709677,0.0241935483870968,0.0161290322580645,0.903225806451613,0.774193548387097,0.0564516129032258,0.32258064516129,0.0887096774193548,0.00806451612903226,0.540322580645161,0.233870967741935,0.0241935483870968,0.225806451612903,0.0161290322580645,0.0645161290322581,0.338709677419355,0.0161290322580645,0.379032258064516,0.169354838709677,1.08870967741935,0.169354838709677,0.403225806451613,0.758064516129032,0.0725806451612903,9.13709677419355,0.0806451612903226,0.0967741935483871,24303,9330,0.797316998958104,0.918518518518519,0.59047619047619,75,39.945,16.4464190974391,9.92641337541178,-37.0684521072716,960.741935483871,607.935483870968,0,0,0,0,0,0,1
65535,24378,0.165217391304348,0.104347826086957,0.495652173913044,0.530434782608696,0.00869565217391304,0.0695652173913043,0.373913043478261,0.730434782608696,0.0173913043478261,0.234782608695652,0.0782608695652174,0.0173913043478261,0.382608695652174,0.0956521739130435,0.130434782608696,0.191304347826087,0.0434782608695652,0.0347826086956522,0.443478260869565,0,0.478260869565217,0.217391304347826,2.81739130434783,0.104347826086957,0.408695652173913,0.591304347826087,0.0869565217391304,5.96521739130435,0.0956521739130435,0.0956521739130435,24378,8653,0.625746951230741,0.958333333333333,0.68452380952381,75,35.992,13.7930379757439,10.758929940705,-55.2155081629218,1373.7652173913,607.217391304348,0,0,0,0,0,0,1
65535,24453,0.111888111888112,0.174825174825175,0.356643356643357,0.426573426573427,0.041958041958042,0.0559440559440559,0.244755244755245,0.671328671328671,0.013986013986014,0.363636363636364,0.0979020979020979,0.020979020979021,0.265734265734266,0.174825174825175,0.027972027972028,0.188811188811189,0.034965034965035,0.041958041958042,0.475524475524476,0,0.272727272727273,0.293706293706294,0.538461538461538,0.146853146853147,0.34965034965035,0.615384615384615,0.0699300699300699,5.68531468531469,0.034965034965035,0.0769230769230769,24453,10759,0.747048986482415,0.947019867549669,0.744791666666667,75,41.21,16.6681042092415,11.0804388220805,-74.2821881021893,1157.36363636364,607.454545454546,0,0,0,0,0,0,1
65535,24529,0.198675496688742,0.165562913907285,0.649006622516556,0.231788079470199,0.0264900662251656,0.0860927152317881,1.13245033112583,1.01986754966887,0.0860927152317881,0.543046357615894,0.0728476821192053,0.0198675496688742,0.28476821192053,0.291390728476821,0.0529801324503311,0.145695364238411,0.0596026490066225,0.0463576158940397,0.629139072847682,0.0132450331125828,0.52317880794702,0.278145695364238,2.80132450331126,0.185430463576159,0.231788079470199,1.3046357615894,0.145695364238411,7.05298013245033,0.0993377483443709,0.0529801324503311,24529,11361,0.583599653577536,0.94375,0.629166666666667,75,42.939,15.6216837175984,12.6854559270099,50.0997683329005,139.165562913907,611.960264900662,0.125,75,24980,0,0,0,1
65535,24604,0.117647058823529,0.176470588235294,0.352941176470588,0.663865546218487,0.0168067226890756,0.0756302521008403,0.235294117647059,0.983193277310924,0.0504201680672269,0.596638655462185,0.0252100840336134,0.0420168067226891,0.369747899159664,0.176470588235294,0.0336134453781513,0.243697478991597,0.100840336134454,0.0672268907563025,0.403361344537815,0.00840336134453781,0.739495798319328,0.243697478991597,0.243697478991597,0.260504201680672,0.46218487394958,0.697478991596639,0.109243697478992,5.80672268907563,0.0672268907563025,0.0336134453781513,24604,8954,0.725956226804643,0.959677419354839,0.653846153846154,75,37.77,14.9892268088747,10.3087044582261,-40.563654188906,1037.29411764706,612.655462184874,0,0,0,0,0,0,1
65535,24679,0.114864864864865,0.0878378378378378,1.48648648648649,0.783783783783784,0.0472972972972973,0.0472972972972973,1.13513513513514,0.885135135135135,0.0337837837837838,0.290540540540541,0.243243243243243,0.027027027027027,0.817567567567568,0.25,0.0675675675675676,0.202702702702703,0.0337837837837838,0.0405405405405405,0.621621621621622,0.0135135135135135,0.425675675675676,0.243243243243243,5.33783783783784,0.243243243243243,0.290540540540541,1.06081081081081,0.148648648648649,10.7567567567568,0.135135135135135,0.108108108108108,24679,11136,0.68511510038484,0.907975460122699,0.669683257918552,75,45.635,16.5271208167481,12.0389304160773,11.2054351399937,568.898648648649,613.662162162162,0,0,0,0,0,0,1
65535,24754,0.125,0.101190476190476,0.339285714285714,0.351190476190476,0.0119047619047619,0.0416666666666667,0.428571428571429,0.982142857142857,0.0119047619047619,0.666666666666667,0.0238095238095238,0.0238095238095238,0.714285714285714,0.202380952380952,0.0357142857142857,0.244047619047619,0.0833333333333333,0.0416666666666667,0.375,0.00595238095238095,0.988095238095238,0.303571428571429,2.6547619047619,0.273809523809524,0.755952380952381,0.851190476190476,0.119047619047619,7.09523809523809,0.0535714285714286,0.0714285714285714,24754,12641,0.615763757447091,0.96,0.75,75,43.468,16.5317082665405,13.0258426383295,28.2507239958063,1013.3869047619,616.333333333333,0,0,0,0,0,0,1
65535,24830,0.101449275362319,0.110144927536232,0.76231884057971,0.765217391304348,0.00869565217391304,0.0405797101449275,0.530434782608696,0.776811594202899,0.0231884057971015,0.582608695652174,0.101449275362319,0.0202898550724638,0.382608695652174,0.211594202898551,0.0666666666666667,0.234782608695652,0.0579710144927536,0.0434782608695652,0.533333333333333,0.00579710144927536,0.568115942028986,0.252173913043478,1.17391304347826,0.240579710144928,0.234782608695652,1.04927536231884,0.127536231884058,7.30144927536232,0.0492753623188406,0.0869565217391304,24830,25958,0.87801329684198,0.866834170854271,0.575,75,79.063,31.3631276189731,15.0115294889101,-63.8491780823869,1340.87246376812,614.402898550725,0.284313725490196,75,25131,0,0,0,1
65535,24905,0.130081300813008,0.170731707317073,0.552845528455285,0.16260162601626,0.00813008130081301,0.0569105691056911,0.626016260162602,0.796747967479675,0.024390243902439,0.382113821138211,0.0894308943089431,0.016260162601626,0.471544715447154,0.260162601626016,0.0569105691056911,0.16260162601626,0.040650406504065,0.0813008130081301,0.585365853658537,0.00813008130081301,0.626016260162602,0.300813008130081,2.69105691056911,0.178861788617886,0.398373983739837,0.780487804878049,0.0487804878048781,5.97560975609756,0.0487804878048781,0.040650406504065,24905,9255,0.631238580736645,0.938931297709924,0.683333333333333,75,37.778,14.3678874944512,11.1435713931046,82.0723299544678,1434.11382113821,619.813008130081,0,0,0,0,0,0,1
65535,24980,0.177631578947368,0.230263157894737,1.04605263157895,1.03289473684211,0.0131578947368421,0.0657894736842105,0.75,0.796052631578947,0.0263157894736842,0.414473684210526,0.118421052631579,0.0197368421052632,0.486842105263158,0.223684210526316,0.0723684210526316,0.144736842105263,0.0394736842105263,0.0592105263157895,0.861842105263158,0.0131578947368421,0.559210526315789,0.315789473684211,2.375,0.256578947368421,0.342105263157895,0.901315789473684,0.144736842105263,10.5526315789474,0.0526315789473684,0.125,24980,11437,0.588039655585326,0.944099378881988,0.678571428571429,75,42.459,15.7182862179909,12.7134544255027,-76.3920976298619,151.539473684211,620.151315789474,0.142857142857143,75,24529,0,0,0,1
65535,25055,0.135922330097087,0.13915857605178,0.588996763754045,1.35598705501618,0.0388349514563107,0.0776699029126214,0.624595469255663,0.896440129449838,0.0550161812297735,0.521035598705502,0.135922330097087,0.0323624595469256,0.343042071197411,0.271844660194175,0.0161812297734628,0.213592233009709,0.0550161812297735,0.0453074433656958,0.576051779935275,0.00647249190938511,0.585760517799353,0.349514563106796,0.715210355987055,0.233009708737864,0.207119741100324,1.26860841423948,0.13915857605178,9.11003236245955,0.0647249190938511,0.0614886731391586,25055,23250,0.484436292442349,0.916913946587537,0.64375,75,66.451,22.0794918053429,19.3157254648956,70.0767021134896,246.349514563107,622.035598705502,0,0,0,0,0,0,1
65535,25131,0.0746268656716418,0.0671641791044776,0.694029850746269,0.932835820895522,0.0373134328358209,0.0597014925373134,0.76865671641791,1.09701492537313,0.0522388059701493,0.686567164179104,0.126865671641791,0.0223880597014925,0.447761194029851,0.201492537313433,0.0149253731343284,0.23134328358209,0.082089552238806,0.0373134328358209,0.485074626865672,0.00746268656716418,0.656716417910448,0.395522388059701,2.1044776119403,0.298507462686567,0.283582089552239,1.32089552238806,0.149253731343284,9.75373134328358,0.0522388059701493,0.0447761194029851,25131,10082,0.376110070927427,0.905405405405405,0.638095238095238,75,42.633,13.9040405274937,12.8831362311302,26.3417676827641,1333.03731343284,624.014925373134,0.490566037735849,75,24830,0,0,0,1
65535,25206,0.186440677966102,0.076271186440678,0.330508474576271,0.974576271186441,0.0169491525423729,0.0254237288135593,0.389830508474576,0.805084745762712,0.00847457627118644,0.796610169491525,0.0508474576271186,0.0254237288135593,0.491525423728814,0.177966101694915,0.00847457627118644,0.296610169491525,0.0423728813559322,0.101694915254237,0.474576271186441,0.00847457627118644,1.06779661016949,0.38135593220339,0.457627118644068,0.203389830508475,0.432203389830508,0.898305084745763,0.0677966101694915,7.44915254237288,0.076271186440678,0.0677966101694915,25206,8878,0.463658273622225,0.944,0.698224852071006,75,36.645,13.1041320614827,11.6104459219171,54.2888183407919,120.127118644068,625.135593220339,0,0,0,0,0,0,1
65535,25281,0.143790849673203,0.0980392156862745,0.320261437908497,1.05228758169935,0.0392156862745098,0.0457516339869281,0.313725490196078,0.666666666666667,0.0130718954248366,0.647058823529412,0.137254901960784,0.0392156862745098,0.300653594771242,0.202614379084967,0.163398692810458,0.156862745098039,0.0261437908496732,0.0457516339869281,0.549019607843137,0.0065359477124183,0.588235294117647,0.261437908496732,0.392156862745098,0.065359477124183,0.274509803921569,0.673202614379085,0.0261437908496732,5.13725490196078,0.0457516339869281,0.0718954248366013,25281,11512,0.471588919073865,0.95625,0.728571428571429,75,41.789,14.9513933869952,13.18441549683,-66.44926475574,1107.57516339869,625.771241830065,0,0,0,0,0,0,1
65535,25356,0.141732283464567,0.181102362204724,0.456692913385827,0.779527559055118,0.015748031496063,0.047244094488189,0.307086614173228,0.952755905511811,0.0551181102362205,0.590551181102362,0.0236220472440945,0.0236220472440945,0.464566929133858,0.165354330708661,0.0393700787401575,0.173228346456693,0.047244094488189,0.0236220472440945,0.401574803149606,0.015748031496063,0.826771653543307,0.299212598425197,0.377952755905512,0.259842519685039,0.417322834645669,0.708661417322835,0.078740157480315,6.8503937007874,0.047244094488189,0.078740157480315,25356,9556,0.633474728982944,0.933823529411765,0.651282051282051,75,39.457,14.7305640169898,11.3979709984373,-13.8401138453574,84.7086614173228,625.149606299213,0,0,0,0,0,0,1
65535,25431,0.257142857142857,0.0775510204081633,0.493877551020408,0.779591836734694,0.0244897959183673,0.0571428571428571,0.363265306122449,0.83265306122449,0.0244897959183673,0.538775510204082,0.0653061224489796,0.036734693877551,0.518367346938776,0.310204081632653,0.0530612244897959,0.240816326530612,0.0285714285714286,0.0653061224489796,0.518367346938776,0.0163265306122449,0.702040816326531,0.253061224489796,1.89387755102041,0.208163265306122,0.76734693877551,0.959183673469388,0.13469387755102,8.37142857142857,0.0816326530612245,0.114285714285714,25431,18434,0.503548152699848,0.914179104477612,0.614035087719298,75,58.859,19.4583440424705,16.8113702897079,30.6532161505219,432.408163265306,627.187755102041,0,0,0,0,0,0,1
65535,25507,0.151515151515152,0.181818181818182,0.424242424242424,0.575757575757576,0.0454545454545455,0.053030303030303,0.545454545454545,1.07575757575758,0.0303030303030303,0.659090909090909,0.0454545454545455,0.00757575757575758,0.795454545454545,0.227272727272727,0.053030303030303,0.242424242424242,0.0757575757575758,0.0833333333333333,0.340909090909091,0.00757575757575758,0.696969696969697,0.287878787878788,3.79545454545455,0.333333333333333,0.681818181818182,0.71969696969697,0.0909090909090909,8.18939393939394,0.0909090909090909,0.128787878787879,25507,9932,0.386272982406093,0.956521739130435,0.628571428571429,75,39.474,13.636898121081,12.578463582279,-27.8533569817607,504.742424242424,626.310606060606,0,0,0,0,0,0,1
65535,25582,0.116022099447514,0.138121546961326,0.972375690607735,0.917127071823204,0.0441988950276243,0.0165745856353591,0.558011049723757,0.911602209944751,0.0220994475138122,0.375690607734807,0.0939226519337017,0.0386740331491713,0.419889502762431,0.265193370165746,0.0607734806629834,0.176795580110497,0.0165745856353591,0.0331491712707182,0.524861878453039,0.0110497237569061,0.519337016574586,0.292817679558011,5.56353591160221,0.154696132596685,0.259668508287293,1.03867403314917,0.110497237569061,8.85082872928177,0.0607734806629834,0.0718232044198895,25582,13619,0.784504816677284,0.928205128205128,0.680451127819549,75,49.836,19.5233365522714,12.1068646410413,-23.6015940783009,365.093922651934,626.375690607735,0,0,0,0,0,0,1
65535,25657,0.1,0.108333333333333,0.75,0.558333333333333,0.00833333333333333,0.0583333333333333,0.6,0.666666666666667,0.0333333333333333,0.216666666666667,0.0833333333333333,0,0.175,0.125,0.05,0.108333333333333,0.025,0.0166666666666667,0.375,0,0.216666666666667,0.241666666666667,2.6,0.133333333333333,0.325,0.566666666666667,0.0333333333333333,7.55833333333333,0.0916666666666667,0.1,25657,9029,0.743462690899917,0.930232558139535,0.681818181818182,75,38.051,15.2709726468927,10.2128815705173,-86.443770898901,1123.84166666667,627.15,0,0,0,0,0,0,1
65535,25732,0.173611111111111,0.152777777777778,0.375,0.354166666666667,0.0347222222222222,0.0277777777777778,0.576388888888889,0.986111111111111,0.0277777777777778,0.5625,0.0486111111111111,0.0208333333333333,0.604166666666667,0.256944444444444,0.0694444444444444,0.25,0.0347222222222222,0.0555555555555556,0.395833333333333,0.0347222222222222,0.916666666666667,0.416666666666667,7.17361111111111,0.1875,0.944444444444444,0.743055555555556,0.0972222222222222,8.64583333333333,0.0833333333333333,0.0902777777777778,25732,10835,0.515213930352492,0.95364238410596,0.64,75,41.244,14.8378962253315,12.7169912507043,-47.1636997400762,922.097222222222,627.340277777778,0.410714285714286,75,26033,0,0,0,1
65535,25808,0.139130434782609,0.11304347826087,0.808695652173913,1.62608695652174,0.0347826086956522,0.0521739130434783,0.521739130434783,0.860869565217391,0.0521739130434783,0.417391304347826,0.0869565217391304,0.0173913043478261,0.373913043478261,0.191304347826087,0.0434782608695652,0.147826086956522,0.0347826086956522,0.0521739130434783,0.4,0.00869565217391304,0.434782608695652,0.269565217391304,0.8,0.165217391304348,0.2,1.03478260869565,0.139130434782609,7.66086956521739,0.0434782608695652,0.0347826086956522,25808,8653,0.705358812660496,0.942622950819672,0.696969696969697,75,37.679,14.5246344053077,10.2957934799641,80.5277358825708,859.504347826087,628.921739130435,0,0,0,0,0,0,1
65535,25883,0.084788029925187,0.172069825436409,0.678304239401496,0.922693266832918,0.0249376558603491,0.0523690773067332,0.917705735660848,1.23690773067332,0.057356608478803,0.630922693266833,0.134663341645885,0.027431421446384,0.543640897755611,0.261845386533666,0.057356608478803,0.229426433915212,0.0897755610972569,0.0623441396508728,0.536159600997506,0.0174563591022444,0.728179551122195,0.359102244389027,1.45885286783042,0.29925187032419,0.304239401496259,1.15960099750623,0.13715710723192,9.12967581047381,0.102244389027431,0.112219451371571,25883,30172,0.36991402612917,0.939110070257611,0.697391304347826,75,73.183,23.7845746083396,22.0974393488031,9.9265046371701,1171.98753117207,631.513715710723,0,0,0,0,0,0,1
65535,25958,0.296296296296296,0.12962962962963,0.685185185185185,1.46666666666667,0.0259259259259259,0.0740740740740741,0.466666666666667,1.02222222222222,0.0481481481481481,0.488888888888889,0.133333333333333,0.00740740740740741,1.17407407407407,0.292592592592593,0.0518518518518519,0.3,0.0333333333333333,0.0703703703703704,0.603703703703704,0.0259259259259259,0.644444444444444,0.277777777777778,1.48148148148148,0.203703703703704,0.411111111111111,1.00740740740741,0.118518518518519,11.6481481481481,0.062962962962963,0.125925925925926,25958,20315,0.61339469414207,0.888157894736842,0.584415584415584,75,63.507,21.5238593893662,16.9990387335493,-57.8792523773661,35.5185185185185,633.581481481481,0.2875,75,26334,0,0,0,1
65535,26033,0.187096774193548,0.129032258064516,0.367741935483871,0.458064516129032,0,0.032258064516129,0.612903225806452,0.967741935483871,0.0129032258064516,0.664516129032258,0.0387096774193548,0.0129032258064516,0.587096774193548,0.225806451612903,0.0580645161290323,0.180645161290323,0.0645161290322581,0.032258064516129,0.354838709677419,0.0129032258064516,0.774193548387097,0.316129032258064,0.974193548387097,0.258064516129032,1.07741935483871,0.645161290322581,0.0774193548387097,8.03870967741936,0.0451612903225806,0.0709677419354839,26033,11662,0.326237292936672,0.95679012345679,0.60546875,75,44.808,14.9995409515111,14.1788846845257,38.8415478809226,913.793548387097,635.083870967742,0.383333333333333,75,25732,0,0,0,1
65535,26109,0.0423728813559322,0.110169491525424,0.542372881355932,1.05932203389831,0.0593220338983051,0.0169491525423729,0.457627118644068,0.694915254237288,0.0423728813559322,0.440677966101695,0.11864406779661,0.0169491525423729,0.338983050847458,0.161016949152542,0.0593220338983051,0.076271186440678,0.0508474576271186,0.0508474576271186,0.372881355932203,0.00847457627118644,0.5,0.14406779661017,1.53389830508475,0.186440677966102,0.177966101694915,0.711864406779661,0.161016949152542,6.38983050847458,0.0677966101694915,0.0677966101694915,26109,8878,0.686130643150749,0.951612903225806,0.715151515151515,75,37.381,14.484531093121,10.5371826886663,-69.3170839033074,1270.18644067797,635.059322033898,0,0,0,0,0,0,1
65535,26184,0.383233532934132,0.137724550898204,0.407185628742515,0.44311377245509,0.0419161676646707,0.0538922155688623,0.437125748502994,0.778443113772455,0.0419161676646707,0.664670658682635,0.0778443113772455,0.0119760479041916,0.622754491017964,0.215568862275449,0.119760479041916,0.203592814371257,0.0598802395209581,0.0838323353293413,0.550898203592814,0.00598802395209581,0.550898203592814,0.293413173652695,0.329341317365269,0.155688622754491,0.497005988023952,0.862275449101796,0.0658682634730539,5.97005988023952,0.0479041916167665,0.0538922155688623,26184,12565,0.838188092492834,0.865284974093264,0.545751633986928,75,52.003,20.8555389478402,11.3742201637305,43.2354114718967,1076.2754491018,642.994011976048,0,0,0,0,0,0,1
65535,26259,0.222222222222222,0.145061728395062,0.364197530864198,0.546296296296296,0.0216049382716049,0.058641975308642,0.385802469135802,0.777777777777778,0.0308641975308642,0.938271604938272,0.0524691358024691,0.0185185185185185,0.444444444444444,0.182098765432099,0.037037037037037,0.17283950617284,0.0555555555555556,0.0432098765432099,0.404320987654321,0.0123456790123457,1.23456790123457,0.327160493827161,0.441358024691358,0.225308641975309,0.731481481481482,0.790123456790123,0.104938271604938,6.96604938271605,0.0524691358024691,0.0679012345679012,26259,24378,0.646021948475958,0.936416184971098,0.669421487603306,75,66.17,23.5092093990597,17.9450223028747,39.9144818893644,446.126543209877,641.944444444444,0,0,0,0,0,0,1
65535,26334,0.264550264550265,0.116402116402116,0.767195767195767,0.507936507936508,0.0317460317460317,0.0317460317460317,0.576719576719577,1.4021164021164,0.0317460317460317,0.952380952380952,0.111111111111111,0.0264550264550265,2.91534391534392,0.338624338624339,0.0634920634920635,0.365079365079365,0.0476190476190476,0.0687830687830688,0.391534391534392,0.0158730158730159,1.63492063492063,0.523809523809524,3.42328042328042,0.37037037037037,1.5026455026455,1.22751322751323,0.132275132275132,13.4021164021164,0.105820105820106,0.164021164021164,26334,14221,0.595714068414873,0.954545454545455,0.7,75,47.777,17.4922275697033,14.0496973885405,-72.201543083168,46.968253968254,644.550264550265,0.360655737704918,75,25958,0,0,0,1
65535,26410,0.183673469387755,0.188775510204082,1.37244897959184,1.76530612244898,0.0408163265306122,0.0408163265306122,0.790816326530612,1.06122448979592,0.0255102040816327,0.61734693877551,0.107142857142857,0.0357142857142857,0.520408163265306,0.311224489795918,0.122448979591837,0.474489795918367,0.0459183673469388,0.0969387755102041,0.923469387755102,0.0204081632653061,0.719387755102041,0.341836734693878,6.46938775510204,0.209183673469388,0.357142857142857,1.28061224489796,0.147959183673469,12.3265306122449,0.127551020408163,0.107142857142857,26410,14747,0.734116696649155,0.92018779342723,0.6125,75,50.63,19.508010508901,13.2463941571147,21.5796962990762,103.418367346939,647.357142857143,0,0,0,0,0,0,1
65535,26485,0.285714285714286,0.151260504201681,0.46218487394958,1.22689075630252,0.0336134453781513,0.0168067226890756,0.235294117647059,0.529411764705882,0.0336134453781513,0.478991596638655,0.092436974789916,0.00840336134453781,0.411764705882353,0.159663865546218,0.0168067226890756,0.0672268907563025,0.0168067226890756,0.0420168067226891,0.529411764705882,0,0.672268907563025,0.310924369747899,0.294117647058824,0.19327731092437,0.394957983193277,0.739495798319328,0.142857142857143,5.94957983193277,0.0420168067226891,0.0672268907563025,26485,8954,0.501637772144579,0.952,0.70414201183432,75,36.554,13.3810256586815,11.5756278170912,-44.4266876339361,326.890756302521,647.655462184874,0,0,0,0,0,0,1
65535,26560,0.19327731092437,0.126050420168067,0.546218487394958,0.941176470588235,0.0672268907563025,0.0252100840336134,0.403361344537815,0.890756302521008,0.0336134453781513,0.378151260504202,0.092436974789916,0.0420168067226891,0.630252100840336,0.252100840336134,0.0252100840336134,0.184873949579832,0.0336134453781513,0.0420168067226891,0.327731092436975,0.00840336134453781,0.663865546218487,0.378151260504202,1.23529411764706,0.277310924369748,0.38655462184874,1.03361344537815,0.0588235294117647,7.99159663865546,0.0756302521008403,0.100840336134454,26560,8954,0.759193531988261,0.9296875,0.676136363636364,75,38.878,15.4235137447447,10.0386244768078,-17.963630632736,265.882352941176,649.941176470588,0,0,0,0,0,0,1
65535,26635,0.129464285714286,0.111607142857143,0.46875,0.236607142857143,0.0133928571428571,0.0357142857142857,5.44642857142857,1.32589285714286,0.102678571428571,0.272321428571429,0.0535714285714286,0.0223214285714286,0.53125,0.379464285714286,0.0669642857142857,0.236607142857143,0.0267857142857143,0.111607142857143,0.352678571428571,0.0178571428571429,0.415178571428571,0.245535714285714,3.82589285714286,0.200892857142857,0.392857142857143,0.772321428571429,0.111607142857143,7.06696428571429,0.116071428571429,0.133928571428571,26635,16854,0.81234764151357,0.937238493723849,0.7,75,55.17,22.3496443996875,13.0337199310684,-67.1094510616732,1099.97321428571,654.111607142857,0,0,0,0,0,0,1
65535,26711,0.127272727272727,0.109090909090909,0.372727272727273,0.572727272727273,0.0272727272727273,0.0545454545454545,0.354545454545455,0.736363636363636,0.0363636363636364,0.690909090909091,0.0363636363636364,0.0272727272727273,0.245454545454545,0.263636363636364,0.236363636363636,0.209090909090909,0.0363636363636364,0.0272727272727273,0.690909090909091,0.0181818181818182,0.927272727272727,0.327272727272727,0.254545454545455,0.145454545454545,0.481818181818182,0.690909090909091,0.0545454545454545,4.74545454545455,0.0545454545454545,0.0454545454545455,26711,8277,0.607276779795102,0.956521739130435,0.714285714285714,75,34.958,13.3541670222603,10.6097568018791,18.9790683902189,1251.56363636364,652.936363636364,0,0,0,0,0,0,1
65535,26786,0.154362416107383,0.147651006711409,0.302013422818792,0.147651006711409,0.0134228187919463,0.0335570469798658,0.48993288590604,0.885906040268456,0.00671140939597315,0.442953020134228,0.100671140939597,0,0.758389261744966,0.221476510067114,0.0402684563758389,0.161073825503356,0.0604026845637584,0.0268456375838926,0.268456375838926,0.00671140939597315,0.664429530201342,0.228187919463087,1.42953020134228,0.248322147651007,1.09395973154362,0.61744966442953,0.0805369127516778,6.24161073825503,0.0134228187919463,0.100671140939597,26786,11211,0.649872844265201,0.943037974683544,0.716346153846154,75,41.971,15.9707120672348,12.1384271178251,75.0706950740645,657.107382550336,657.107382550336,0.111111111111111,75,27012,0,0,0,1
65535,26861,0.15527950310559,0.161490683229814,0.391304347826087,0.459627329192547,0,0.0496894409937888,0.31055900621118,0.93167701863354,0.031055900621118,0.552795031055901,0.0559006211180124,0.0248447204968944,0.614906832298137,0.304347826086957,0.211180124223602,0.248447204968944,0.0372670807453416,0.0434782608695652,0.416149068322981,0.0124223602484472,0.664596273291926,0.204968944099379,1.95652173913043,0.279503105590062,0.826086956521739,0.813664596273292,0.0807453416149068,7.54037267080745,0.130434782608696,0.0993788819875776,26861,12114,0.72097167192608,0.947058823529412,0.71875,75,44.667,17.3924581503578,12.0523566936485,60.8153182163294,625.689440993789,657.068322981366,0,0,0,0,0,0,1
65535,26936,0.173553719008264,0.12396694214876,0.413223140495868,0.446280991735537,0.0165289256198347,0.0165289256198347,0.322314049586777,0.942148760330578,0.0247933884297521,1.07438016528926,0.0413223140495868,0.0165289256198347,0.396694214876033,0.462809917355372,0.0330578512396694,0.214876033057851,0.0495867768595041,0.0165289256198347,0.479338842975207,0.0247933884297521,1.33884297520661,0.289256198347107,7.89256198347107,0.239669421487603,0.512396694214876,0.87603305785124,0.198347107438017,6.54545454545455,0.12396694214876,0.0826446280991736,26936,9104,0.602468809548262,0.952755905511811,0.720238095238095,75,36.918,14.0123662372265,11.1838639943461,20.223839424819,1272.11570247934,663.487603305785,0,0,0,0,0,0,1
65535,27012,0.0695187165775401,0.122994652406417,0.663101604278075,1.15508021390374,0.0267379679144385,0.0588235294117647,0.470588235294118,0.887700534759358,0.0160427807486631,0.379679144385027,0.0641711229946524,0.0106951871657754,0.342245989304813,0.213903743315508,0.0481283422459893,0.20855614973262,0.0160427807486631,0.053475935828877,0.438502673796791,0.0160427807486631,0.406417112299465,0.443850267379679,2.02139037433155,0.165775401069519,0.171122994652406,1.40641711229947,0.144385026737968,11.9304812834225,0.0641711229946524,0.117647058823529,27012,14070,0.604245179380853,0.944444444444444,0.649305555555556,75,48.091,17.5454802943642,13.9802114289863,24.071041880364,670.032085561497,665.700534759358,0.078125,75,26786,0,0,0,1
65535,27087,0.104347826086957,0.139130434782609,0.626086956521739,0.88695652173913,0.0652173913043478,0.0521739130434783,0.626086956521739,0.982608695652174,0.0608695652173913,0.778260869565217,0.117391304347826,0.0304347826086957,0.595652173913043,0.204347826086957,0.11304347826087,0.230434782608696,0.0565217391304348,0.0608695652173913,0.473913043478261,0.0304347826086957,1.01304347826087,0.356521739130435,0.821739130434783,0.221739130434783,0.334782608695652,1.08695652173913,0.091304347826087,8.34782608695652,0.0869565217391304,0.091304347826087,27087,17305,0.482391937226611,0.942622950819672,0.676470588235294,75,54.17,18.5452127071348,16.2447808674936,25.6696731641355,737.752173913044,666.347826086957,0,0,0,0,0,0,1
65535,27162,0.143884892086331,0.107913669064748,0.402877697841727,0.841726618705036,0.0215827338129496,0.0287769784172662,0.316546762589928,0.589928057553957,0.0215827338129496,0.41726618705036,0.107913669064748,0,0.323741007194245,0.151079136690647,0.0431654676258993,0.237410071942446,0.0287769784172662,0.0431654676258993,0.568345323741007,0.0287769784172662,0.302158273381295,0.273381294964029,1.20863309352518,0.18705035971223,0.280575539568345,0.611510791366906,0.0503597122302158,5.36690647482014,0.0359712230215827,0.115107913669065,27162,10459,0.740979480853641,0.920529801324503,0.579166666666667,75,43.311,16.6723222342223,11.1959256708907,-41.6252481891718,548.438848920863,665.863309352518,0,0,0,0,0,0,1
65535,27237,0.0730769230769231,0.0923076923076923,0.446153846153846,1.08461538461538,0.0346153846153846,0.0307692307692308,0.557692307692308,0.973076923076923,0.0538461538461538,0.553846153846154,0.0769230769230769,0.0307692307692308,0.292307692307692,0.203846153846154,0.0730769230769231,0.219230769230769,0.0269230769230769,0.0269230769230769,0.342307692307692,0.00769230769230769,0.473076923076923,0.3,0.592307692307692,0.238461538461538,0.207692307692308,0.869230769230769,0.123076923076923,6.52307692307692,0.0807692307692308,0.0615384615384615,27237,19563,0.66981318208497,0.931899641577061,0.695187165775401,75,58.305,21.4044213225062,15.8934177609719,14.2763964737333,1145.31538461538,669.661538461539,0.0909090909090909,75,27990,0,0,0,1
65535,27313,0.155038759689922,0.116279069767442,0.472868217054264,0.806201550387597,0.0465116279069767,0.0465116279069767,1.04651162790698,0.837209302325581,0.0387596899224806,0.635658914728682,0.124031007751938,0.0232558139534884,0.581395348837209,0.294573643410853,0.062015503875969,0.24031007751938,0.0387596899224806,0.0542635658914729,0.527131782945736,0.0232558139534884,0.728682170542636,0.286821705426357,0.697674418604651,0.209302325581395,0.48062015503876,0.728682170542636,0.0852713178294574,7.06201550387597,0.116279069767442,0.0542635658914729,27313,9706,0.650780992983683,0.902097902097902,0.575892857142857,75,42.724,15.4293972130536,11.7150089864257,52.0216996888412,1338.16279069767,672.395348837209,0.481481481481481,150,27388,27463,0,0,1
65535,27388,0.169230769230769,0.215384615384615,0.523076923076923,0.753846153846154,0,0.0461538461538462,1.18461538461538,1.12307692307692,0,0.523076923076923,0.123076923076923,0.0307692307692308,0.523076923076923,0.461538461538462,0.0153846153846154,0.276923076923077,0.0461538461538462,0.0461538461538462,0.461538461538462,0.0307692307692308,0.8,0.353846153846154,0.953846153846154,0.353846153846154,0.369230769230769,0.846153846153846,0.138461538461538,9.93846153846154,0.0769230769230769,0.138461538461538,27388,4891,0.968894319071939,0.802469135802469,0.331632653061224,75,38.986,19.6860369918992,4.87179893582752,44.3409064214661,1342.01538461538,677.784615384615,75,150,27313,27463,0,0,1
65535,27463,0.161538461538462,0.115384615384615,0.269230769230769,0.346153846153846,0,0.0461538461538462,0.423076923076923,0.984615384615385,0.0230769230769231,0.523076923076923,0.0538461538461538,0.0307692307692308,0.446153846153846,0.246153846153846,0.0538461538461538,0.223076923076923,0.0846153846153846,0.0461538461538462,0.392307692307692,0.0307692307692308,0.746153846153846,0.223076923076923,0.369230769230769,0.238461538461538,0.830769230769231,0.792307692307692,0.153846153846154,6.51538461538462,0.0923076923076923,0.0846153846153846,27463,9781,0.575633011692733,0.942028985507246,0.663265306122449,75,39.449,14.4597654961137,11.8238682459838,43.9407993164878,1347.97692307692,681.246153846154,0.470588235294118,150,27313,27388,0,0,1
65535,27538,0.12621359223301,0.131067961165049,0.694174757281553,0.407766990291262,0.0194174757281553,0.0631067961165049,0.480582524271845,0.854368932038835,0.0533980582524272,0.631067961165049,0.0339805825242718,0.0776699029126214,0.5,0.174757281553398,0.0339805825242718,0.266990291262136,0.0339805825242718,0.0679611650485437,0.572815533980582,0.00485436893203883,0.902912621359223,0.237864077669903,4.84466019417476,0.223300970873786,0.446601941747573,0.975728155339806,0.0728155339805825,7.59223300970874,0.145631067961165,0.116504854368932,27538,15500,0.809225824090167,0.891774891774892,0.57703081232493,75,54.633,21.7680625650509,12.7886870261217,-28.8757951665234,460.631067961165,676.373786407767,0.347222222222222,75,27764,0,0,0,1
65535,27613,0.184397163120567,0.134751773049645,0.531914893617021,0.659574468085106,0.0212765957446809,0.0921985815602837,0.354609929078014,0.886524822695035,0.0425531914893617,0.560283687943262,0.134751773049645,0.0425531914893617,0.48936170212766,0.148936170212766,0.0851063829787234,0.177304964539007,0.0638297872340425,0.0567375886524823,0.553191489361702,0.0141843971631206,0.531914893617021,0.319148936170213,0.801418439716312,0.283687943262411,0.304964539007092,NaN,0.0709219858156028,6.46099290780142,0.0283687943262411,0.099290780141844,27613,10609,0.65505277661475,0.903846153846154,0.677884615384615,75,43.956,15.9026635557489,12.015784236479,-9.62665415683872,278.921985815603,680.333333333333,0.175438596491228,75,28215,0,0,0,0
65535,27689,0.147619047619048,0.128571428571429,0.4,0.9,0.019047619047619,0.0285714285714286,0.395238095238095,0.79047619047619,0.0428571428571429,0.671428571428571,0.119047619047619,0.0142857142857143,0.404761904761905,0.219047619047619,0.0476190476190476,0.176190476190476,0.0523809523809524,0.0761904761904762,0.30952380952381,0.00476190476190476,0.671428571428571,0.266666666666667,0.419047619047619,0.20952380952381,0.385714285714286,0.795238095238095,0.10952380952381,6.82857142857143,0.0666666666666667,0.0619047619047619,27689,15801,0.492516812025355,0.9375,0.686274509803922,75,51.73,17.9067469144828,15.5842943054737,48.3140193505926,606.295238095238,681.871428571429,0,0,0,0,0,0,1
65535,27764,0.0731707317073171,0.0365853658536585,0.560975609756098,0.719512195121951,0,0.0365853658536585,0.402439024390244,0.878048780487805,0.0365853658536585,0.792682926829268,0.0365853658536585,0.024390243902439,0.609756097560976,0.207317073170732,0.0365853658536585,0.231707317073171,0.0853658536585366,0.0487804878048781,0.48780487804878,0,1.30487804878049,0.378048780487805,1.51219512195122,0.268292682926829,0.292682926829268,1.09756097560976,0.170731707317073,7.41463414634146,0.024390243902439,0.0487804878048781,27764,6170,0.758826446432226,0.931818181818182,0.621212121212121,75,32.601,13.019586814818,8.47956427955464,-44.0367218690879,455.560975609756,683.30487804878,0.560975609756098,75,27538,0,0,0,1
65535,27839,0.245098039215686,0.117647058823529,0.725490196078431,0.166666666666667,0.0588235294117647,0.0490196078431373,0.735294117647059,1.16666666666667,0.0392156862745098,0.352941176470588,0.0882352941176471,0.0490196078431373,0.372549019607843,0.313725490196078,0.0588235294117647,0.205882352941176,0.0294117647058824,0.0490196078431373,0.568627450980392,0.00980392156862745,0.333333333333333,0.441176470588235,6.43137254901961,0.166666666666667,0.529411764705882,0.862745098039216,0.0882352941176471,8.95098039215686,0.0980392156862745,0.0784313725490196,27839,7675,0.760482498108035,0.935779816513762,0.662337662337662,75,35.876,14.417358217937,9.36203309114474,18.2006856308011,1382.37254901961,683.43137254902,0.511111111111111,75,28140,0,0,0,1
65535,27914,0.272222222222222,0.161111111111111,0.633333333333333,0.327777777777778,0.0222222222222222,0.0611111111111111,0.522222222222222,0.888888888888889,0.0444444444444444,0.477777777777778,0.122222222222222,0.0444444444444444,0.411111111111111,0.233333333333333,0.605555555555556,0.15,0.0833333333333333,0.0722222222222222,0.811111111111111,0.0333333333333333,0.355555555555556,0.244444444444444,2.51666666666667,0.15,0.444444444444444,0.766666666666667,0.194444444444444,6.87777777777778,0.0722222222222222,0.0944444444444444,27914,13543,0.876121937085989,0.904522613065327,0.612244897959184,75,51.73,22.3565893651242,10.7778785039375,18.4810642262898,993.255555555556,685.861111111111,0.397058823529412,75,28366,0,0,0,1
65535,27990,0.126582278481013,0.0886075949367089,0.765822784810127,1.10759493670886,0.0126582278481013,0.0443037974683544,0.525316455696203,0.772151898734177,0.0569620253164557,0.29746835443038,0.113924050632911,0.00632911392405063,0.367088607594937,0.392405063291139,0.0949367088607595,0.151898734177215,0.0506329113924051,0.0506329113924051,0.468354430379747,0.00632911392405063,0.367088607594937,0.265822784810127,2.75949367088608,0.215189873417722,0.373417721518987,0.734177215189873,0.10126582278481,8.73417721518987,0.0632911392405063,0.0886075949367089,27990,11888,0.560558267155269,0.951807228915663,0.705357142857143,75,42.641,15.6694503595993,12.976106656521,-25.5733128298235,1141.50632911392,686.341772151899,0.125,75,27237,0,0,0,1
65535,28065,0.266666666666667,0.133333333333333,0.774358974358974,0.343589743589744,0.0205128205128205,0.0461538461538462,0.8,0.912820512820513,0.0512820512820513,0.543589743589744,0.0871794871794872,0.0205128205128205,0.61025641025641,0.297435897435897,0.0666666666666667,0.2,0.0461538461538462,0.0358974358974359,0.394871794871795,0.0256410256410256,0.717948717948718,0.302564102564103,3.82564102564103,0.241025641025641,0.738461538461539,0.723076923076923,0.0974358974358974,9.58461538461538,0.107692307692308,0.117948717948718,28065,14672,0.711249284597662,0.847826086956522,0.573529411764706,75,55.121,19.987924980194,14.0503093064452,67.8455857171377,1177.85641025641,691.953846153846,0.657534246575342,150,28516,29043,0,0,1
65535,28140,0.248587570621469,0.129943502824859,0.593220338983051,0.412429378531073,0.0225988700564972,0.0564971751412429,0.84180790960452,0.971751412429379,0.0338983050847458,0.322033898305085,0.0903954802259887,0.0169491525423729,0.553672316384181,0.146892655367232,0.0338983050847458,0.225988700564972,0.0225988700564972,0.0677966101694915,0.548022598870056,0.00564971751412429,0.406779661016949,0.282485875706215,7.12429378531073,0.19774011299435,0.497175141242938,0.785310734463277,0.096045197740113,7.41242937853107,0.0508474576271186,0.141242937853107,28140,13318,0.540076607022183,0.867647058823529,0.57843137254902,75,51.06,16.9806169079261,14.2911565299752,11.2897799206226,1389.90395480226,690.316384180791,0.369230769230769,75,27839,0,0,0,1
65535,28215,0.3,0.125,0.5,0.4,0.0333333333333333,0.0416666666666667,0.791666666666667,0.783333333333333,0.0333333333333333,0.516666666666667,0.0333333333333333,0.0166666666666667,0.558333333333333,0.35,0.25,0.175,0.0166666666666667,0.05,0.533333333333333,0.0166666666666667,0.725,0.241666666666667,0.616666666666667,0.166666666666667,0.475,1.125,0.0666666666666667,5.425,0.075,0.0833333333333333,28215,9029,0.74171665867234,0.94488188976378,0.659340659340659,75,38.324,15.2738012400615,10.2443424012794,43.7148458384821,269.983333333333,691.6,0.204081632653061,75,27613,0,0,0,1
65535,28291,0.12037037037037,0.0925925925925926,0.194444444444444,0.148148148148148,0.037037037037037,0.0555555555555556,0.472222222222222,1.14814814814815,0.037037037037037,0.592592592592593,0.00925925925925926,0.0277777777777778,1.12962962962963,0.25,0.0185185185185185,0.212962962962963,0.0740740740740741,0.037037037037037,0.342592592592593,0.00925925925925926,0.935185185185185,0.175925925925926,0.407407407407407,0.324074074074074,0.935185185185185,0.833333333333333,0.0925925925925926,6.97222222222222,0.12962962962963,0.0555555555555556,28291,8126,0.570889637802803,0.964285714285714,0.755244755244755,75,34.288,13.0001591914522,10.6734792202421,70.2232749516113,931.064814814815,691.768518518518,0,0,0,0,0,0,1
65535,28366,0.181034482758621,0.146551724137931,0.577586206896552,0.53448275862069,0.00862068965517241,0.0603448275862069,0.439655172413793,0.991379310344828,0.0431034482758621,0.370689655172414,0.0517241379310345,0,0.5,0.189655172413793,0.0948275862068965,0.21551724137931,0.0172413793103448,0.0431034482758621,0.482758620689655,0.00862068965517241,0.422413793103448,0.258620689655172,4.07758620689655,0.206896551724138,0.517241379310345,1.00862068965517,0.146551724137931,8.42241379310345,0.103448275862069,0.0948275862068965,28366,8728,0.848325681309456,0.913385826771654,0.682352941176471,75,40.375,17.0119173821833,9.00738114543227,11.2688171491052,996.465517241379,693.655172413793,0.803921568627451,150,27914,28817,0,0,1
65535,28441,0.132867132867133,0.146853146853147,0.377622377622378,0.244755244755245,0.00699300699300699,0.027972027972028,0.314685314685315,0.825174825174825,0.020979020979021,0.405594405594406,0.041958041958042,0.013986013986014,0.188811188811189,0.20979020979021,0.013986013986014,0.13986013986014,0.034965034965035,0.034965034965035,0.27972027972028,0.013986013986014,0.412587412587413,0.188811188811189,0.636363636363636,0.286713286713287,0.902097902097902,0.552447552447552,0.034965034965035,5.61538461538462,0.027972027972028,0.0629370629370629,28441,10759,0.615978459867015,0.959731543624161,0.729591836734694,75,40.102,15.2683349941735,12.0278293103455,38.4288429015291,1275.34265734266,693.692307692308,0,0,0,0,0,0,1
65535,28516,0.186915887850467,0.11214953271028,0.560747663551402,0.214953271028037,0.0934579439252336,0.0373831775700935,0.532710280373832,0.682242990654206,0.0373831775700935,0.299065420560748,0.0747663551401869,0.0186915887850467,0.392523364485981,0.205607476635514,0.0467289719626168,0.121495327102804,0.0186915887850467,0.0186915887850467,0.457943925233645,0,0.373831775700935,0.252336448598131,2.17757009345794,0.186915887850467,0.336448598130841,0.88785046728972,0.102803738317757,5.35514018691589,0.0654205607476635,0.0560747663551402,28516,8051,0.719642013043858,0.946902654867257,0.633136094674556,75,35.719,14.2361973010218,9.88483645446119,44.232454757784,1186.80373831776,694.579439252336,0.541666666666667,75,28065,0,0,0,1
65535,28592,0.220689655172414,0.124137931034483,0.358620689655172,0.36551724137931,0.00689655172413793,0.0413793103448276,0.289655172413793,0.627586206896552,0.0482758620689655,0.586206896551724,0.0413793103448276,0.0275862068965517,0.262068965517241,0.158620689655172,0.0344827586206897,0.144827586206897,0.0137931034482759,0.0689655172413793,0.572413793103448,0.0137931034482759,0.724137931034483,0.227586206896552,0.296551724137931,0.2,0.296551724137931,0.524137931034483,0.103448275862069,4.33793103448276,0.0620689655172414,0.0413793103448276,28592,10910,0.81951457664701,0.92948717948718,0.732323232323232,75,43.17,18.2143981931716,10.4379127548466,86.2672707587843,1478.08965517241,692.013793103448,0,0,0,0,0,0,1
65535,28667,0.0608695652173913,0.121739130434783,0.278260869565217,0.452173913043478,0.00869565217391304,0.0260869565217391,0.443478260869565,0.678260869565217,0.0260869565217391,0.504347826086957,0.0347826086956522,0.0173913043478261,0.426086956521739,0.191304347826087,0.0347826086956522,0.173913043478261,0.0521739130434783,0.0347826086956522,0.278260869565217,0,0.452173913043478,0.191304347826087,5.88695652173913,0.191304347826087,0.782608695652174,0.521739130434783,0.0956521739130435,6.00869565217391,0.0347826086956522,0.0608695652173913,28667,8653,0.226287279292638,0.942622950819672,0.680473372781065,75,36.182,12.4331875175997,12.1106781874932,-35.8240643072623,1340,696.347826086957,0,0,0,0,0,0,1
65535,28742,0.200956937799043,0.100478468899522,0.397129186602871,0.425837320574163,0.00956937799043062,0.0382775119617225,0.535885167464115,1.15311004784689,0.0287081339712919,0.822966507177033,0.0287081339712919,0.0143540669856459,2.15789473684211,0.301435406698565,0.0287081339712919,0.172248803827751,0.0717703349282297,0.0430622009569378,0.454545454545455,0.00478468899521531,1.07177033492823,0.349282296650718,1.16267942583732,0.344497607655502,0.583732057416268,0.77511961722488,0.076555023923445,7.2822966507177,0.110047846889952,0.076555023923445,28742,15725,0.586853438853085,0.963133640552995,0.774074074074074,75,50.018,18.2941653050832,14.812660831248,-2.78641272367757,317.789473684211,702.502392344498,0,0,0,0,0,0,1
65535,28817,0.162162162162162,0.182432432432432,0.364864864864865,0.351351351351351,0.0202702702702703,0.0608108108108108,0.405405405405405,0.925675675675676,0.0337837837837838,0.817567567567568,0.0675675675675676,0.00675675675675676,0.493243243243243,0.243243243243243,0.0675675675675676,0.202702702702703,0.0810810810810811,0.0608108108108108,0.391891891891892,0,1.20945945945946,0.344594594594595,1.75675675675676,0.236486486486486,1.10135135135135,0.858108108108108,0.0945945945945946,6.90540540540541,0.027027027027027,0.108108108108108,28817,11136,0.643248713550621,0.919254658385093,0.616666666666667,75,44.502,16.3067147201321,12.4853550736753,63.2474915981843,1006.12162162162,700.337837837838,0.666666666666667,150,28366,28893,0,0,1
65535,28893,0.188679245283019,0.0943396226415094,0.358490566037736,0.264150943396226,0,0.0471698113207547,0.462264150943396,0.867924528301887,0.0377358490566038,0.462264150943396,0.0283018867924528,0.0377358490566038,0.575471698113208,0.245283018867925,0.0471698113207547,0.141509433962264,0.0377358490566038,0.0471698113207547,0.264150943396226,0,0.594339622641509,0.169811320754717,3.9622641509434,0.264150943396226,1.05660377358491,0.641509433962264,0.0566037735849057,7.07547169811321,0.0849056603773585,0.0849056603773585,28893,7976,0.905942469436728,0.821705426356589,0.566844919786096,75,42.244,19.0279025832878,8.0564292801292,73.0501059502165,1014.50943396226,701.5,0.87037037037037,150,28817,29118,0,0,1
65535,28968,0.124223602484472,0.130434782608696,0.372670807453416,0.329192546583851,0.0372670807453416,0.0372670807453416,0.559006211180124,1.08074534161491,0.0124223602484472,0.602484472049689,0.0559006211180124,0.0434782608695652,3.75155279503106,0.254658385093168,0.0496894409937888,0.142857142857143,0.093167701863354,0.0248447204968944,0.459627329192547,0.0186335403726708,0.925465838509317,0.248447204968944,1.95652173913043,0.167701863354037,0.770186335403727,0.795031055900621,0.149068322981366,8.08074534161491,0.0496894409937888,0.062111801242236,28968,12114,0.745907064675358,0.947058823529412,0.74537037037037,75,45.709,17.8466335890127,11.8867509499576,-88.4665223713948,678.198757763975,701.509316770186,0,0,0,0,0,0,1
65535,29043,0.224242424242424,0.16969696969697,0.43030303030303,0.321212121212121,0.0242424242424242,0.0363636363636364,0.909090909090909,0.884848484848485,0.0181818181818182,0.678787878787879,0.0545454545454545,0.0424242424242424,0.727272727272727,0.327272727272727,0.0303030303030303,0.224242424242424,0.0545454545454545,0.0484848484848485,0.418181818181818,0.0121212121212121,0.812121212121212,0.333333333333333,0.757575757575758,0.212121212121212,0.921212121212121,0.636363636363636,0.0848484848484849,6.83030303030303,0.0787878787878788,0.0727272727272727,29043,12415,0.50969429156982,0.926966292134832,0.647058823529412,75,45.726,15.9212163435731,13.6979073688061,-82.4468414985942,1169.01818181818,702.836363636364,0.322033898305085,75,28065,0,0,0,1
65535,29118,0.173333333333333,0.2,0.28,0.466666666666667,0.0133333333333333,0.0266666666666667,0.266666666666667,NaN,0.0133333333333333,0.44,0.0266666666666667,0,0.493333333333333,0.2,0.0533333333333333,0.2,0.0666666666666667,0.0266666666666667,0.213333333333333,0,0.626666666666667,0.186666666666667,1.10666666666667,0.293333333333333,0.693333333333333,0.573333333333333,0.133333333333333,5.77333333333333,0.0533333333333333,0.08,29118,5643,0.747493183906167,0.949367088607595,0.694444444444444,75,28.954,12.1341141315044,8.06032166571131,66.9214324918144,1020.29333333333,703.866666666667,0.605263157894737,75,28893,0,0,0,0
65535,29194,0.147540983606557,0.0983606557377049,0.360655737704918,1.22131147540984,0.0163934426229508,0.10655737704918,0.508196721311475,0.975409836065574,0.0573770491803279,0.450819672131148,0.114754098360656,0,0.565573770491803,0.245901639344262,0.0163934426229508,0.229508196721311,0.0573770491803279,0.040983606557377,0.352459016393443,0.0163934426229508,0.581967213114754,0.286885245901639,2.67213114754098,0.204918032786885,0.344262295081967,0.770491803278688,0.114754098360656,7.44262295081967,0.155737704918033,0.0491803278688525,29194,9179,0.672272741357862,0.960629921259842,0.739393939393939,75,37.29,14.5860034030256,10.7980702481757,14.621529286445,129.147540983607,704.893442622951,0,0,0,0,0,0,1
65535,29269,0.135338345864662,0.120300751879699,0.827067669172932,0.443609022556391,0.0075187969924812,0.0451127819548872,0.353383458646617,1.03007518796992,0.0451127819548872,0.368421052631579,0.0977443609022556,0.037593984962406,0.345864661654135,0.203007518796992,0.037593984962406,0.218045112781955,0.0451127819548872,0.0451127819548872,0.503759398496241,0.0075187969924812,0.353383458646617,0.210526315789474,3.48872180451128,0.218045112781955,0.278195488721805,0.87218045112782,0.075187969924812,7.98496240601504,0.0451127819548872,0.0601503759398496,29269,10007,0.659964417642839,0.956834532374101,0.682051282051282,75,39.085,15.1120077959414,11.3536039611291,-27.0122082435816,808.721804511278,707.15037593985,0,0,0,0,0,0,1
65535,29344,0.151515151515152,0.0909090909090909,0.257575757575758,0.196969696969697,0.0151515151515152,0.053030303030303,2.12878787878788,0.560606060606061,0.053030303030303,0.340909090909091,0.0378787878787879,0.0227272727272727,0.446969696969697,0.234848484848485,0.0454545454545455,0.0984848484848485,0.053030303030303,0.0378787878787879,0.28030303030303,0.00757575757575758,0.484848484848485,0.189393939393939,0.598484848484849,0.0833333333333333,0.53030303030303,0.575757575757576,0.0984848484848485,3.46969696969697,0.0454545454545455,0.0909090909090909,29344,9932,0.75138106390638,0.942857142857143,0.75,75,40.011,16.1227765310465,10.6389130923983,10.4029162788853,1382.21212121212,706.643939393939,0,0,0,0,0,0,1
65535,29419,0.0983606557377049,0.0737704918032787,0.680327868852459,1.27868852459016,0.0327868852459016,0.0573770491803279,0.655737704918033,0.80327868852459,0.0163934426229508,0.631147540983607,0.172131147540984,0.0163934426229508,0.434426229508197,0.221311475409836,0.0491803278688525,0.278688524590164,0.0327868852459016,0.0245901639344262,0.368852459016393,0,0.721311475409836,0.295081967213115,0.836065573770492,0.204918032786885,0.270491803278689,1.09016393442623,0.0901639344262295,6.9344262295082,0.114754098360656,0.0737704918032787,29419,9179,0.581968063541831,0.960629921259842,0.72189349112426,75,37.191,13.9210222595823,11.3207373557654,-49.6936734789123,1134.48360655738,708.44262295082,0,0,0,0,0,0,1
65535,29495,0.105691056910569,0.105691056910569,0.455284552845528,0.390243902439024,0.024390243902439,0.0813008130081301,0.422764227642276,1.17073170731707,0.032520325203252,0.357723577235772,0.0813008130081301,0.040650406504065,0.471544715447154,0.186991869918699,1.58536585365854,0.154471544715447,0.040650406504065,0.040650406504065,1.44715447154472,0.032520325203252,0.390243902439024,0.260162601626016,4.69918699186992,0.121951219512195,0.569105691056911,0.739837398373984,0.113821138211382,7.78048780487805,0.0813008130081301,0.0894308943089431,29495,9255,0.711367714211536,0.953488372093023,0.675824175824176,75,37.952,15.0189604932448,10.5556260572345,45.008493453827,787.024390243902,710.252032520325,0,0,0,0,0,0,1
65535,29570,0.143712574850299,0.119760479041916,0.269461077844311,0.395209580838323,0.0119760479041916,0.0359281437125748,0.55688622754491,1.37125748502994,0.029940119760479,0.706586826347305,0.0239520958083832,0.0119760479041916,3.65269461077844,0.227544910179641,0.0838323353293413,0.221556886227545,0.0898203592814371,0.0479041916167665,0.461077844311377,0,1.06586826347305,0.29940119760479,3.74251497005988,0.293413173652695,0.718562874251497,1.0059880239521,0.101796407185629,7.09580838323353,0.11377245508982,0.101796407185629,29570,12565,0.595559199320411,0.954285714285714,0.695833333333333,75,44.138,16.3560786676154,13.1390248066075,40.0482658998118,102.592814371257,715.988023952096,0,0,0,0,0,0,1
65535,29645,0.2,0.12,0.285714285714286,0.502857142857143,0.04,0.0285714285714286,0.485714285714286,1.35428571428571,0.0171428571428571,0.468571428571429,0.0285714285714286,0.0514285714285714,1.66285714285714,0.262857142857143,0.108571428571429,0.222857142857143,0.0857142857142857,0.0514285714285714,0.531428571428571,0.0114285714285714,0.617142857142857,0.302857142857143,3.45714285714286,0.274285714285714,0.691428571428571,0.737142857142857,0.0914285714285714,7.12571428571429,0.108571428571429,0.0857142857142857,29645,13167,0.319728043658443,0.935828877005348,0.68359375,75,47.049,15.6410390751752,14.8200308480082,-21.4197794126022,600.577142857143,717.148571428571,0,0,0,0,0,0,1
65535,29720,0.0930232558139535,0.0883720930232558,0.213953488372093,0.306976744186047,0.0186046511627907,0.0465116279069767,0.553488372093023,1.1953488372093,0.013953488372093,0.474418604651163,0.0372093023255814,0.0232558139534884,1.27441860465116,0.237209302325581,0.125581395348837,0.204651162790698,0.0465116279069767,0.0372093023255814,0.330232558139535,0.00930232558139535,0.758139534883721,0.2,2.74418604651163,0.255813953488372,0.902325581395349,0.581395348837209,0.0790697674418605,8.77209302325581,0.0837209302325581,0.0744186046511628,29720,16177,0.459164701459902,0.903361344537815,0.665634674922601,75,54.087,17.9404904173221,15.9374554071574,-13.8907176681649,641.706976744186,719.595348837209,0,0,0,0,0,0,1
65535,29795,0.102564102564103,0.0854700854700855,0.521367521367521,0.837606837606838,0.0427350427350427,0.0170940170940171,0.367521367521368,0.974358974358974,0.0427350427350427,0.341880341880342,0.0256410256410256,0.0170940170940171,1.28205128205128,0.196581196581197,0.102564102564103,0.205128205128205,0.0598290598290598,0.00854700854700855,0.324786324786325,0.00854700854700855,0.606837606837607,0.11965811965812,0.897435897435897,0.307692307692308,0.521367521367521,0.572649572649573,0.102564102564103,6.5982905982906,0.11965811965812,0.0427350427350427,29795,8803,0.49346694902583,0.936,0.642857142857143,75,36.943,13.284717742789,11.5545765324985,-67.5583997866791,275.119658119658,727.008547008547,0,0,0,0,0,0,1
65535,29871,0.112676056338028,0.0985915492957746,0.690140845070423,1.14788732394366,0.0492957746478873,0.0845070422535211,0.661971830985916,1.11267605633803,0.0563380281690141,0.450704225352113,0.126760563380282,0.0211267605633803,0.338028169014085,0.295774647887324,0.0422535211267606,0.380281690140845,0.0633802816901408,0.0422535211267606,0.316901408450704,0.0352112676056338,0.873239436619718,0.345070422535211,1.08450704225352,0.26056338028169,0.408450704225352,1.21830985915493,0.0985915492957746,8.92253521126761,0.0845070422535211,0.0845070422535211,29871,10684,0.735686823313109,0.840236686390533,0.591666666666667,75,47.57,17.3917469105299,11.7798103143447,33.4796886411869,1473.80281690141,726.267605633803,0.610169491525424,226,29946,30172,30397,0,1
65535,29946,0.222222222222222,0.174603174603175,0.507936507936508,0.634920634920635,0.0317460317460317,0.0952380952380952,0.428571428571429,1.0952380952381,0.0634920634920635,0.396825396825397,0.142857142857143,0.0317460317460317,0.349206349206349,0.126984126984127,0.0952380952380952,0.253968253968254,0.0476190476190476,0.0158730158730159,0.603174603174603,0.0317460317460317,0.587301587301587,0.238095238095238,0.73015873015873,0.285714285714286,0.380952380952381,0.682539682539683,0.126984126984127,7.23809523809524,0.0793650793650794,0.142857142857143,29946,4740,0.493095839694344,0.9,0.63,75,28.094,10.1125442372567,8.79766062777113,13.1869775866235,1478.20634920635,732.365079365079,0.914285714285714,150,29871,30397,0,0,1
65535,30021,0.323741007194245,0.122302158273381,0.60431654676259,1.19424460431655,0.0503597122302158,0.0719424460431655,0.597122302158273,0.827338129496403,0.0647482014388489,0.402877697841727,0.115107913669065,0.00719424460431655,0.539568345323741,0.316546762589928,0.0431654676258993,0.266187050359712,0.0431654676258993,0.0143884892086331,0.482014388489209,0,0.633093525179856,0.323741007194245,0.705035971223022,0.194244604316547,0.41726618705036,0.985611510791367,0.115107913669065,9.10791366906475,0.079136690647482,0.0647482014388489,30021,10459,0.725797985608139,0.920529801324503,0.723958333333333,75,42.459,16.3428975922686,11.2424084244383,-74.1921617591419,170.73381294964,735.280575539568,0,0,0,0,0,0,1
65535,30096,0.216730038022814,0.136882129277567,0.300380228136882,0.615969581749049,0.0152091254752852,0.0342205323193916,0.346007604562738,0.817490494296578,0.0190114068441065,1.0722433460076,0.0760456273764259,0.0304182509505703,0.433460076045627,0.243346007604563,0.0342205323193916,0.209125475285171,0.0380228136882129,0.0608365019011407,0.422053231939164,0.0114068441064639,1.32699619771863,0.273764258555133,0.452471482889734,0.20532319391635,0.657794676806084,0.88212927756654,0.0608365019011407,5.77946768060836,0.0874524714828897,0.0874524714828897,30096,19788,0.58807797331077,0.956363636363636,0.695767195767196,75,57.61,20.6214338269251,16.6787030970741,17.4240557079638,802.300380228137,734.463878326996,0,0,0,0,0,0,1
65535,30172,0.0816326530612245,0.102040816326531,0.979591836734694,1.14285714285714,0.0306122448979592,0.0408163265306122,0.653061224489796,1.02040816326531,0.0306122448979592,0.551020408163265,0.102040816326531,0.0204081632653061,0.306122448979592,0.193877551020408,0.0306122448979592,0.255102040816327,0.0816326530612245,0.0510204081632653,0.530612244897959,0.0204081632653061,0.612244897959184,0.224489795918367,1.68367346938776,0.193877551020408,0.316326530612245,0.969387755102041,0.122448979591837,8.45918367346939,0.0510204081632653,0.0816326530612245,30172,7374,0.56490889039416,0.91588785046729,0.680555555555556,75,35.504,12.5835192386197,10.3833322503887,-48.9195909846947,1464.04081632653,733.173469387755,0.790697674418605,226,29871,30397,30473,0,1
65535,30247,0.106194690265487,0.0707964601769911,0.548672566371681,0.265486725663717,0.0176991150442478,0.0265486725663717,0.47787610619469,0.566371681415929,0.0353982300884956,0.106194690265487,0.0530973451327434,0.0353982300884956,0.247787610619469,0.168141592920354,0.0353982300884956,0.230088495575221,0.0265486725663717,0.0353982300884956,0.47787610619469,0.0265486725663717,0.20353982300885,0.292035398230089,1.19469026548673,0.141592920353982,0.47787610619469,0.575221238938053,0.0353982300884956,5.51327433628319,0.0530973451327434,0.0353982300884956,30247,8502,0.477662344492787,0.941666666666667,0.724358974358974,75,35.884,12.896164718784,11.3298417125541,89.1579359570028,1406.33628318584,736.814159292035,0,0,0,0,0,0,1
65535,30322,0.137096774193548,0.0967741935483871,0.338709677419355,0.354838709677419,0.0161290322580645,0.0483870967741935,0.282258064516129,0.661290322580645,0.0483870967741935,0.419354838709677,0.0967741935483871,0.0161290322580645,0.306451612903226,0.193548387096774,0.0161290322580645,0.185483870967742,0.0403225806451613,0.0725806451612903,0.387096774193548,0.00806451612903226,0.282258064516129,0.161290322580645,0.846774193548387,0.169354838709677,0.370967741935484,0.548387096774194,0.0403225806451613,5.18548387096774,0.0403225806451613,0.0967741935483871,30322,9330,0.744650840767823,0.946564885496183,0.63265306122449,75,38.713,15.5450174643411,10.3755873848342,-40.5925317424456,533.838709677419,738.104838709677,0,0,0,0,0,0,1
65535,30397,0.15625,0.166666666666667,0.65625,0.5625,0.0208333333333333,0.0416666666666667,0.583333333333333,1.02083333333333,0.0208333333333333,0.385416666666667,0.0625,0.0104166666666667,0.270833333333333,0.197916666666667,0.03125,0.260416666666667,0.03125,0.0208333333333333,0.572916666666667,0.0208333333333333,0.489583333333333,0.25,0.739583333333333,0.15625,0.729166666666667,0.770833333333333,0.09375,8.65625,0.0416666666666667,0.09375,30397,7223,0.484948654467373,0.941176470588235,0.727272727272727,75,32.973,12.0680276872816,10.554004609368,-15.7194637676278,1474.61458333333,739.71875,0.523809523809524,226,29871,29946,30172,0,1
65535,30473,0.0697674418604651,0.147286821705426,1.10077519379845,0.844961240310077,0.062015503875969,0.0775193798449612,0.627906976744186,0.720930232558139,0.0465116279069767,0.217054263565891,0.193798449612403,0.0232558139534884,0.434108527131783,0.248062015503876,0.472868217054264,0.201550387596899,0.0542635658914729,0.0232558139534884,0.705426356589147,0.0155038759689922,0.496124031007752,0.263565891472868,3.17829457364341,0.155038759689922,0.255813953488372,0.674418604651163,0.108527131782946,8.73643410852713,0.0387596899224806,0.0465116279069767,30473,9706,0.609628896202937,0.941605839416058,0.716666666666667,75,39.341,14.5354763837929,11.5220825167766,85.1920236450111,1455.91472868217,740.829457364341,0.26530612244898,75,30172,0,0,0,1
65535,30548,0.211382113821138,0.130081300813008,0.260162601626016,0.528455284552846,0.00813008130081301,0.0650406504065041,0.341463414634146,0.764227642276423,0.024390243902439,0.373983739837398,0.0487804878048781,0,0.398373983739837,0.195121951219512,0.00813008130081301,0.219512195121951,0.113821138211382,0.0650406504065041,0.414634146341463,0,0.642276422764228,0.170731707317073,1.31707317073171,0.219512195121951,0.59349593495935,0.447154471544715,0.0569105691056911,4.80487804878049,0.0487804878048781,0.040650406504065,30548,9255,0.495396000607712,0.931818181818182,0.675824175824176,75,38.142,13.5637055308462,11.7823468719744,13.7626966849297,1167.44715447154,746.276422764228,0,0,0,0,0,0,1
65535,30623,0.0855614973262032,0.0909090909090909,0.620320855614973,1.36898395721925,0.0213903743315508,0.0267379679144385,0.67379679144385,0.598930481283422,0.0481283422459893,0.363636363636364,0.0588235294117647,0.0320855614973262,0.294117647058824,0.18716577540107,0.0481283422459893,0.160427807486631,0.0320855614973262,0.0213903743315508,0.502673796791444,0,0.438502673796791,0.229946524064171,1.97860962566845,0.165775401069519,0.197860962566845,0.818181818181818,0.0748663101604278,7.25668449197861,0.0213903743315508,0.0374331550802139,30623,14070,0.740683081869071,0.894736842105263,0.703007518796993,75,50.994,19.472829084001,13.0829093413858,-82.0839405949446,346.994652406417,750.657754010695,0,0,0,0,0,0,1
65535,30698,0.382978723404255,0.24113475177305,0.531914893617021,0.148936170212766,0.0212765957446809,0.0283687943262411,4.43262411347518,1.02127659574468,0.0780141843971631,0.50354609929078,0.0638297872340425,0.0141843971631206,2.50354609929078,0.219858156028369,0.141843971631206,0.099290780141844,0.049645390070922,0.0425531914893617,0.48936170212766,0.00709219858156028,0.567375886524823,0.347517730496454,2.86524822695035,0.120567375886525,0.75886524822695,1.16312056737589,0.163120567375887,5.73758865248227,0.106382978723404,0.0638297872340425,30698,10609,0.742838343262181,0.94,0.691176470588235,75,41.971,16.5659201148473,11.090400333029,72.5421315192541,942.645390070922,751.36170212766,0,0,0,0,0,0,1
65535,30774,0.286764705882353,0.161764705882353,0.632352941176471,0.389705882352941,0.0367647058823529,0.0441176470588235,1.05882352941176,0.757352941176471,0.0367647058823529,0.720588235294118,0.0955882352941176,0.00735294117647059,0.551470588235294,0.235294117647059,0.602941176470588,0.213235294117647,0.0441176470588235,0.117647058823529,0.801470588235294,0.0220588235294118,0.529411764705882,0.308823529411765,0.882352941176471,0.169117647058824,0.588235294117647,0.764705882352941,0.0955882352941176,7.08823529411765,0.0220588235294118,0.0955882352941176,30774,10233,0.782766811142525,0.912751677852349,0.666666666666667,75,42.368,17.0543264800702,10.6131653778553,-6.75508196634296,1260.52205882353,752.352941176471,0,0,0,0,0,0,1
65535,30849,0.155405405405405,0.189189189189189,0.689189189189189,0.337837837837838,0.027027027027027,0.0743243243243243,0.405405405405405,0.756756756756757,0.0405405405405405,0.358108108108108,0.0472972972972973,0.0135135135135135,0.493243243243243,0.243243243243243,0.162162162162162,0.216216216216216,0.0337837837837838,0.0608108108108108,0.777027027027027,0.00675675675675676,0.391891891891892,0.195945945945946,4.85135135135135,0.135135135135135,0.385135135135135,0.885135135135135,0.114864864864865,6.02027027027027,0.0405405405405405,0.0743243243243243,30849,11136,0.735655993911817,0.925,0.669683257918552,75,43.005,17.0260694168798,11.5326990638087,13.7623896243655,870.506756756757,759.817567567568,0.321428571428571,75,31225,0,0,0,1
65535,30924,0.2,0.131034482758621,0.83448275862069,0.275862068965517,0.0344827586206897,0.0344827586206897,0.544827586206897,0.993103448275862,0.0620689655172414,0.648275862068965,0.0482758620689655,0.0206896551724138,0.413793103448276,0.255172413793103,0.0275862068965517,0.193103448275862,0.0344827586206897,0.0551724137931034,0.36551724137931,0.0344827586206897,0.924137931034483,0.331034482758621,7.23448275862069,0.310344827586207,0.289655172413793,0.668965517241379,0.0896551724137931,7.30344827586207,0.0896551724137931,0.0620689655172414,30924,10910,0.457955973839295,0.960264900662252,0.69047619047619,75,40.4,14.4851248589111,12.8769120416124,-55.9939924452093,1106.35862068966,756.848275862069,0,0,0,0,0,0,1
65535,30999,0.0695187165775401,0.0962566844919786,0.631016042780749,0.663101604278075,0.0267379679144385,0.0427807486631016,0.524064171122995,0.855614973262032,0.0427807486631016,0.438502673796791,0.117647058823529,0.0160427807486631,0.288770053475936,0.229946524064171,0.0267379679144385,0.18716577540107,0.0481283422459893,0.0267379679144385,0.443850267379679,0.0213903743315508,0.566844919786096,0.283422459893048,1.08021390374332,0.171122994652406,0.379679144385027,0.951871657754011,0.0802139037433155,8.64705882352941,0.0802139037433155,0.117647058823529,30999,14070,0.684598142136184,0.944444444444444,0.647058823529412,75,49.125,18.3079975451663,13.3450783472299,44.6936010763977,1420.25668449198,759.561497326203,0,0,0,0,0,0,1
65535,31075,0.137362637362637,0.131868131868132,0.263736263736264,0.489010989010989,0.010989010989011,0.0384615384615385,0.296703296703297,0.785714285714286,0.010989010989011,0.692307692307692,0.043956043956044,0.0164835164835165,0.445054945054945,0.225274725274725,0.258241758241758,0.148351648351648,0.0164835164835165,0.0494505494505494,0.554945054945055,0.00549450549450549,0.917582417582418,0.274725274725275,0.28021978021978,0.148351648351648,0.565934065934066,0.675824175824176,0.104395604395604,5.15384615384615,0.0879120879120879,0.0549450549450549,31075,13694,0.499636051377057,0.947916666666667,0.758333333333333,75,46.908,16.5713272497346,14.3546707473646,14.1016932773281,835.098901098901,761.181318681319,0.0344827586206897,75,31376,0,0,0,1
65535,31150,0.139705882352941,0.117647058823529,0.294117647058824,0.433823529411765,0.0220588235294118,0.0220588235294118,0.375,0.830882352941177,0.0294117647058824,0.632352941176471,0.0514705882352941,0.00735294117647059,0.573529411764706,0.264705882352941,0.0588235294117647,0.169117647058824,0,0.0514705882352941,0.404411764705882,0.00735294117647059,1.18382352941176,0.220588235294118,1.61029411764706,0.205882352941176,0.698529411764706,0.845588235294118,0.0955882352941176,6.72058823529412,0.0588235294117647,0.0514705882352941,31150,10233,0.538904236853807,0.964539007092199,0.697435897435897,75,39.457,14.4259243289761,12.1519231199435,-24.9154581984542,1286.93382352941,763.808823529412,0,0,0,0,0,0,1
65535,31225,0.247422680412371,0.144329896907216,0.639175257731959,0.154639175257732,0.0206185567010309,0.0618556701030928,1.1340206185567,1.20618556701031,0.0412371134020619,0.371134020618557,0.0721649484536082,0,0.865979381443299,0.381443298969072,0.0824742268041237,0.268041237113402,0.0515463917525773,0.0412371134020619,0.34020618556701,0,0.43298969072165,0.288659793814433,7.69072164948454,0.257731958762887,1.43298969072165,0.77319587628866,0.11340206185567,8.1340206185567,0.0721649484536082,0.0824742268041237,31225,7298,0.442422832352666,0.96039603960396,0.734848484848485,75,32.138,11.8125293790302,10.5935540438009,19.4775407653342,873.329896907216,768.845360824742,0.428571428571429,75,30849,0,0,0,1
65535,31300,0.115384615384615,0.0769230769230769,0.788461538461538,0.576923076923077,0.0256410256410256,0.121794871794872,1.12820512820513,1.22435897435897,0.0192307692307692,0.41025641025641,0.0448717948717949,0.0192307692307692,2.58974358974359,0.262820512820513,0.0512820512820513,0.33974358974359,0.0897435897435897,0.0384615384615385,0.711538461538462,0,0.634615384615385,0.282051282051282,3.67948717948718,0.314102564102564,0.75,1.13461538461538,0.0833333333333333,10.8205128205128,0.102564102564103,0.0512820512820513,31300,11738,0.745762982885132,0.928571428571429,0.696428571428571,75,44.303,17.4652468848157,11.6355458427109,-43.3497321939757,32.8333333333333,770.371794871795,0,0,0,0,0,0,1
65535,31376,0.0975609756097561,0.0975609756097561,0.959349593495935,0.609756097560976,0.032520325203252,0.040650406504065,0.544715447154472,0.747967479674797,0.0569105691056911,0.284552845528455,0.146341463414634,0.024390243902439,0.235772357723577,0.154471544715447,0.032520325203252,0.227642276422764,0.00813008130081301,0.040650406504065,0.382113821138211,0,0.24390243902439,0.178861788617886,2.20325203252033,0.138211382113821,0.268292682926829,0.634146341463415,0.121951219512195,8.17886178861789,0.0813008130081301,0.0731707317073171,31376,9255,0.388947990129751,0.953488372093023,0.727810650887574,75,37.29,13.2184938549233,12.1776658706983,62.6710394420472,842.723577235772,775.268292682927,0.0416666666666667,75,31075,0,0,0,1
65535,31451,0.196850393700787,0.165354330708661,0.401574803149606,0.755905511811024,0.078740157480315,0.0551181102362205,0.31496062992126,0.740157480314961,0.015748031496063,0.677165354330709,0.047244094488189,0.0236220472440945,0.496062992125984,0.188976377952756,0.0551181102362205,0.204724409448819,0.0393700787401575,0.0078740157480315,0.433070866141732,0.015748031496063,0.692913385826772,0.275590551181102,0.251968503937008,0.21259842519685,0.37007874015748,0.637795275590551,0.110236220472441,5.18897637795276,0.047244094488189,0.015748031496063,31451,9556,0.735840815436311,0.940740740740741,0.661458333333333,75,39.92,15.6276278783215,10.5823194360461,-65.0668922793352,334.818897637795,775.314960629921,0,0,0,0,0,0,1
65535,31526,0.145833333333333,0.0989583333333333,0.260416666666667,0.338541666666667,0.0208333333333333,0.0364583333333333,0.375,0.739583333333333,0.0416666666666667,0.505208333333333,0.03125,0.0104166666666667,1.16666666666667,0.171875,0.00520833333333333,0.197916666666667,0.0520833333333333,0.0520833333333333,0.427083333333333,0,0.697916666666667,0.182291666666667,1.69270833333333,0.1875,0.598958333333333,0.59375,0.104166666666667,5.82291666666667,0.0677083333333333,0.0885416666666667,31526,14446,0.455409856735945,0.96,0.752941176470588,75,47.76,16.7418849668594,14.9049971665286,-81.2865967580546,1112.85416666667,776.052083333333,0,0,0,0,0,0,1
65535,31601,0.12,0.112,0.328,0.552,0.024,0.048,0.64,0.888,0.024,0.544,0.016,0.032,1.704,0.296,0.04,0.16,0.032,0.056,0.616,0.008,0.48,0.312,2.552,0.264,0.848,0.704,0.088,8.368,0.112,0.088,31601,9405,0.202291378873118,0.874125874125874,0.641025641025641,75,41.293,13.2262031153298,12.9527563791923,58.7223818427329,447.192,777.784,0.36,75,31677,0,0,0,1
65535,31677,0.094488188976378,0.0866141732283465,0.267716535433071,0.661417322834646,0.0393700787401575,0.031496062992126,0.393700787401575,1.02362204724409,0.015748031496063,0.740157480314961,0.047244094488189,0,1.10236220472441,0.188976377952756,0.0708661417322835,0.236220472440945,0.0708661417322835,0.047244094488189,0.566929133858268,0.0078740157480315,1.43307086614173,0.244094488188976,0.393700787401575,0.196850393700787,0.535433070866142,0.897637795275591,0.141732283464567,7.82677165354331,0.110236220472441,0.0866141732283465,31677,9556,0.658191807284315,0.969465648854962,0.755952380952381,75,39.217,14.9188141908898,11.2316334480899,17.6293910251817,436.031496062992,779.976377952756,0.395833333333333,75,31601,0,0,0,1
65535,31752,0.147058823529412,0.117647058823529,0.57843137254902,0.509803921568627,0.0294117647058824,0.0392156862745098,0.490196078431373,1.07843137254902,0.0392156862745098,0.622549019607843,0.107843137254902,0.0196078431372549,0.475490196078431,0.225490196078431,1.00490196078431,0.225490196078431,0.0441176470588235,0.0735294117647059,1.09803921568627,0.00490196078431373,0.544117647058823,0.308823529411765,0.803921568627451,0.259803921568627,0.549019607843137,0.96078431372549,0.112745098039216,8.01960784313725,0.0490196078431373,0.0686274509803922,31752,15349,0.627625544623389,0.923076923076923,0.708333333333333,75,50.812,18.5613903208873,14.450327586741,68.5781008996538,778.936274509804,781.975490196078,0,0,0,0,0,0,1
65535,31827,0.08,0.12,0.584,0.536,0.008,0.032,0.336,0.728,0.04,0.36,0.104,0.008,0.336,0.104,0.008,0.176,0.024,0.04,0.456,0.008,0.456,0.224,1.496,0.184,0.432,0.792,0.056,6.08,0.04,0.04,31827,9405,0.314422434235671,0.946969696969697,0.686813186813187,75,37.588,13.0753145218802,12.4121759905577,89.6007884066102,1171.28,780.512,0,0,0,0,0,0,1
65535,31902,0.2265625,0.0703125,0.515625,0.1328125,0.0390625,0.0546875,1.5546875,0.671875,0.03125,0.2734375,0.0390625,0.015625,0.625,0.4453125,0.1640625,0.1328125,0.0390625,0.0390625,0.5859375,0.0078125,0.3671875,0.28125,2.96875,0.1484375,0.34375,0.703125,0.0859375,5.015625,0.109375,0.0703125,31902,9631,0.791087907198408,0.948148148148148,0.656410256410256,75,39.548,16.489795576708,10.0868488361107,36.8917831218139,936.0859375,784.78125,0,0,0,0,0,0,1
65535,31977,0.0977443609022556,0.105263157894737,0.578947368421053,0.857142857142857,0.0526315789473684,0.037593984962406,0.774436090225564,1.00751879699248,0.0150375939849624,0.353383458646617,0.0676691729323308,0.0150375939849624,0.954887218045113,0.210526315789474,0.037593984962406,0.233082706766917,0.0601503759398496,0,0.338345864661654,0,0.428571428571429,0.210526315789474,4.58646616541353,0.180451127819549,1.13533834586466,0.804511278195489,0.0902255639097744,10.9473684210526,0.0526315789473684,0.150375939849624,31977,10007,0.768951367332837,0.956834532374101,0.633333333333333,75,40.491,16.3675930032445,10.4639213171719,40.2695919031806,714.18045112782,785.225563909774,0,0,0,0,0,0,1
65535,32053,0.368852459016393,0.10655737704918,0.5,0.262295081967213,0.0245901639344262,0.0327868852459016,1.36885245901639,1.01639344262295,0.0245901639344262,0.344262295081967,0.00819672131147541,0.0163934426229508,0.942622950819672,0.270491803278689,0.0819672131147541,0.204918032786885,0.0245901639344262,0.040983606557377,0.344262295081967,0.0163934426229508,0.442622950819672,0.237704918032787,3.90983606557377,0.180327868852459,0.557377049180328,0.573770491803279,0.0901639344262295,8.62295081967213,0.0573770491803279,0.0901639344262295,32053,9179,0.829458919665924,0.91044776119403,0.635416666666667,75,40.102,16.8483276003641,9.41093197518366,-71.3343244075793,869.581967213115,786.696721311475,0.08,75,32655,0,0,0,1
65535,32128,0.0915032679738562,0.0849673202614379,0.326797385620915,0.392156862745098,0.0130718954248366,0.0196078431372549,0.411764705882353,0.882352941176471,0.0065359477124183,1.10457516339869,0.0457516339869281,0.0326797385620915,0.470588235294118,0.150326797385621,0.0588235294117647,0.183006535947712,0.0326797385620915,0.0392156862745098,0.437908496732026,0.0130718954248366,1.30065359477124,0.294117647058824,0.294117647058824,0.143790849673203,0.457516339869281,0.849673202614379,0.0784313725490196,5.57516339869281,0.0980392156862745,0.065359477124183,32128,11512,0.492877579830225,0.962264150943396,0.728571428571429,75,41.235,15.0242631665536,13.0725913623842,27.6379696602273,1202.3137254902,784.614379084967,0,0,0,0,0,0,1
65535,32203,0.134751773049645,0.113475177304965,0.48936170212766,0.382978723404255,0.0141843971631206,0.0780141843971631,0.446808510638298,0.929078014184397,0.0354609929078014,0.432624113475177,0.099290780141844,0.0425531914893617,0.51063829787234,0.198581560283688,0.0709219858156028,0.148936170212766,0.0283687943262411,0.0638297872340425,0.425531914893617,0.0141843971631206,0.446808510638298,0.269503546099291,3.98581560283688,0.120567375886525,0.375886524822695,0.780141843971631,0.0780141843971631,8.14184397163121,0.0709219858156028,0.0638297872340425,32203,10609,0.783663098639221,0.946308724832215,0.712121212121212,75,42.542,17.1708271785854,10.6662788509283,-0.862923385775054,490.588652482269,786.517730496454,0,0,0,0,0,0,1
65535,32278,0.185897435897436,0.108974358974359,0.243589743589744,0.551282051282051,0,0.0512820512820513,0.256410256410256,0.756410256410256,0.0192307692307692,0.25,0.0256410256410256,0.00641025641025641,0.384615384615385,0.0961538461538462,0.0576923076923077,0.153846153846154,0.0128205128205128,0.0512820512820513,0.275641025641026,0.00641025641025641,0.352564102564103,0.269230769230769,0.282051282051282,0.153846153846154,0.288461538461538,0.493589743589744,0.0961538461538462,4.31410256410256,0.0256410256410256,0.0256410256410256,32278,11738,0.441675631761475,0.957055214723926,0.693333333333333,75,42.451,14.9478973566144,13.4108769425759,38.6709166946605,1007.64743589744,788.557692307692,0,0,0,0,0,0,1
65535,32354,0.236641221374046,0.099236641221374,0.244274809160305,0.519083969465649,0.0458015267175573,0.0229007633587786,0.412213740458015,0.923664122137405,0.0229007633587786,0.83969465648855,0.0305343511450382,0.0152671755725191,0.534351145038168,0.259541984732824,0.0534351145038168,0.259541984732824,0.16030534351145,0.0305343511450382,0.297709923664122,0,1.52671755725191,0.282442748091603,0.290076335877863,0.297709923664122,0.404580152671756,0.824427480916031,0.114503816793893,6.29007633587786,0.122137404580153,0.0916030534351145,32354,9857,0.621094966436091,0.956204379562044,0.71978021978022,75,38.878,14.6819046643336,11.5067271646275,48.2615421299288,1025.32824427481,788.190839694656,0,0,0,0,0,0,1
65535,32429,0.0738255033557047,0.100671140939597,0.946308724832215,1.26845637583893,0.0536912751677852,0.0536912751677852,0.590604026845638,0.724832214765101,0.0671140939597315,0.355704697986577,0.147651006711409,0.0268456375838926,0.463087248322148,0.241610738255034,0.0335570469798658,0.281879194630872,0.0335570469798658,0.0402684563758389,0.51006711409396,0.0201342281879195,0.409395973154362,0.228187919463087,1.98657718120805,0.181208053691275,0.134228187919463,0.859060402684564,0.161073825503356,9.59731543624161,0.0805369127516778,0.100671140939597,32429,11211,0.559346779166289,0.961290322580645,0.764102564102564,75,40.747,15.1956649792565,12.596199726832,-77.2328185296799,1417,792.114093959732,0,0,0,0,0,0,1
65535,32504,0.122699386503067,0.0797546012269939,0.680981595092024,0.52760736196319,0.0306748466257669,0.0858895705521472,0.45398773006135,0.797546012269939,0.049079754601227,0.245398773006135,0.0674846625766871,0,0.325153374233129,0.141104294478528,0.0122699386503067,0.177914110429448,0.0306748466257669,0.0306748466257669,0.754601226993865,0.00613496932515337,0.349693251533742,0.171779141104294,2.7239263803681,0.159509202453988,0.312883435582822,0.865030674846626,0.134969325153374,7.5521472392638,0.0736196319018405,0.098159509202454,32504,12264,0.834738481332602,0.931428571428571,0.626923076923077,75,47.876,19.7539044424486,10.8774201330463,13.5328586564958,794.435582822086,794.411042944785,0,0,0,0,0,0,1
65535,32579,0.0699300699300699,0.160839160839161,0.188811188811189,0.65034965034965,0.013986013986014,0.027972027972028,0.328671328671329,0.727272727272727,0.0559440559440559,0.797202797202797,0.020979020979021,0.034965034965035,0.440559440559441,0.405594405594406,0.0769230769230769,0.146853146853147,0.0559440559440559,0.048951048951049,0.454545454545455,0.034965034965035,0.895104895104895,0.202797202797203,0.545454545454545,0.174825174825175,0.307692307692308,0.776223776223776,0.111888111888112,5.3006993006993,0.0769230769230769,0.0909090909090909,32579,10759,0.612986604771629,0.940789473684211,0.6875,75,41.045,15.3090200385383,12.0955541587758,78.7277775534566,520.510489510489,796.587412587413,0,0,0,0,0,0,1
65535,32655,0.141891891891892,0.108108108108108,0.27027027027027,0.148648648648649,0.0337837837837838,0.0675675675675676,3.09459459459459,0.959459459459459,0.0472972972972973,0.391891891891892,0.0135135135135135,0.0202702702702703,0.966216216216216,0.175675675675676,0.00675675675675676,0.141891891891892,0.027027027027027,0.027027027027027,0.412162162162162,0.00675675675675676,0.459459459459459,0.175675675675676,1.72297297297297,0.195945945945946,0.418918918918919,0.925675675675676,0.141891891891892,5.23648648648649,0.0945945945945946,0.0810810810810811,32655,11136,0.632692026583285,0.954838709677419,0.711538461538462,75,41.326,15.7106693459531,12.1663975183912,82.0875230296794,880.925675675676,797.398648648649,0.12962962962963,75,32053,0,0,0,1
65535,32730,0.10077519379845,0.108527131782946,0.62015503875969,0.372093023255814,0.0232558139534884,0.0155038759689922,0.395348837209302,0.604651162790698,0.0387596899224806,0.147286821705426,0.0465116279069767,0.0155038759689922,0.310077519379845,0.155038759689922,0.0542635658914729,0.124031007751938,0.0155038759689922,0.0232558139534884,0.527131782945736,0.00775193798449612,0.395348837209302,0.248062015503876,3.28682170542636,0.124031007751938,0.341085271317829,0.542635658914729,0.10077519379845,6.09302325581395,0.0930232558139535,0.0697674418604651,32730,9706,0.694763011034969,0.941605839416058,0.661538461538462,75,39.085,15.234381259362,10.9571571115621,-30.3895910468753,1368.6511627907,805.06976744186,0,0,0,0,0,0,1
65535,32805,0.129032258064516,0.0887096774193548,0.596774193548387,1.11290322580645,0.032258064516129,0.0483870967741935,0.508064516129032,0.733870967741936,0.032258064516129,0.362903225806452,0.032258064516129,0.032258064516129,0.459677419354839,0.169354838709677,0.443548387096774,0.233870967741935,0.0806451612903226,0.0564516129032258,0.669354838709677,0.0161290322580645,0.451612903225806,0.330645161290323,0.967741935483871,0.0967741935483871,0.435483870967742,0.669354838709677,0.0967741935483871,8.05645161290323,0.0483870967741935,0.0806451612903226,32805,9330,0.777579259503319,0.953846153846154,0.63265306122449,75,38.713,15.958866182127,10.0346946439784,49.4361336744183,739.185483870968,806.459677419355,0,0,0,0,0,0,1
65535,32880,0.126373626373626,0.203296703296703,0.291208791208791,0.412087912087912,0.0384615384615385,0.0494505494505494,0.445054945054945,0.862637362637363,0.0164835164835165,0.54945054945055,0.0659340659340659,0.0384615384615385,1.90659340659341,0.164835164835165,0.021978021978022,0.192307692307692,0.0549450549450549,0.0714285714285714,0.417582417582418,0,0.950549450549451,0.28021978021978,0.571428571428571,0.236263736263736,0.686813186813187,0.840659340659341,0.104395604395604,6.6043956043956,0.0989010989010989,0.0824175824175824,32880,13694,0.24129790594455,0.928571428571429,0.629757785467128,75,49.191,15.945052926536,15.4738940132404,-26.8896147789918,777.423076923077,808.923076923077,0.301587301587302,75,33257,0,0,0,1
65535,32956,0.157068062827225,NaN,0.602094240837696,0.738219895287958,0.031413612565445,0.0261780104712042,0.476439790575916,1.18324607329843,0.0104712041884817,0.518324607329843,0.06282722513089,0.0261780104712042,0.617801047120419,0.193717277486911,0.130890052356021,0.25130890052356,0.0994764397905759,0.0575916230366492,0.523560209424084,0.00523560209424084,0.49738219895288,0.287958115183246,0.486910994764398,0.272251308900524,1.80628272251309,0.801047120418848,0.0680628272251309,7.15706806282723,0.0680628272251309,0.0785340314136126,32956,14371,0.748698293064714,0.918269230769231,0.682142857142857,75,50.87,19.712122437383,13.0673808946124,-80.2251698638273,334.246073298429,810.041884816754,0,0,0,0,0,0,0
65535,33031,0.0680272108843537,0.156462585034014,1.01360544217687,0.469387755102041,0.00680272108843537,0.0272108843537415,0.408163265306122,0.673469387755102,0.0476190476190476,0.435374149659864,0.129251700680272,0,0.374149659863946,0.17687074829932,0.0612244897959184,0.136054421768708,0.054421768707483,0.0748299319727891,0.469387755102041,0,0.462585034013605,0.251700680272109,3.34013605442177,0.217687074829932,0.244897959183673,0.802721088435374,0.102040816326531,8.26530612244898,0.054421768707483,0.0476190476190476,33031,11060,0.755894344920087,0.930379746835443,0.65625,75,43.468,17.1984676688208,11.2597270992297,55.0284403621954,1396.95238095238,808.244897959184,0,0,0,0,0,0,1
65535,33106,0.165137614678899,0.137614678899083,0.665137614678899,0.454128440366972,0.0275229357798165,0.0229357798165138,0.344036697247706,0.747706422018349,0.0688073394495413,0.307339449541284,0.0779816513761468,0.0321100917431193,0.334862385321101,0.197247706422018,0.160550458715596,0.155963302752294,0.036697247706422,0.036697247706422,0.605504587155963,0.00458715596330275,0.440366972477064,0.23394495412844,1.44036697247706,0.13302752293578,0.330275229357798,0.761467889908257,0.105504587155963,6.79816513761468,0.0596330275229358,0.0917431192660551,33106,16403,0.771026037062214,0.947826086956522,0.707792207792208,75,54.029,21.4102374428845,13.6341167040996,-2.50655069195484,1339.69266055046,812.077981651376,0.176470588235294,75,33633,0,0,0,1
65535,33181,0.524590163934426,0.0983606557377049,0.459016393442623,0.270491803278689,0.0245901639344262,0.0819672131147541,0.663934426229508,1.18852459016393,0.0491803278688525,0.385245901639344,0.0655737704918033,0.0245901639344262,0.59016393442623,0.131147540983607,0.0327868852459016,0.19672131147541,0.0655737704918033,0.0491803278688525,0.442622950819672,0.00819672131147541,0.5,0.221311475409836,4.25409836065574,0.163934426229508,0.909836065573771,0.868852459016393,0.0983606557377049,9.15573770491803,0.040983606557377,0.131147540983607,33181,9179,0.673222566968553,0.924242424242424,0.726190476190476,75,38.58,14.7324017377952,10.8937257635112,-71.1991359075933,1432.75409836066,813.327868852459,0.291666666666667,75,33407,0,0,0,1
65535,33257,0.0849056603773585,0.216981132075472,0.358490566037736,0.19811320754717,0.0566037735849057,0.0283018867924528,0.594339622641509,0.962264150943396,0.0566037735849057,0.811320754716981,0.0377358490566038,0.00943396226415094,2.16037735849057,0.386792452830189,0.0849056603773585,0.226415094339623,0.0660377358490566,0.0377358490566038,0.471698113207547,0.00943396226415094,1.31132075471698,0.349056603773585,1.91509433962264,0.283018867924528,0.811320754716981,0.990566037735849,0.0849056603773585,7.13207547169811,0.169811320754717,0.0377358490566038,33257,7976,0.699852832260689,0.946428571428571,0.757142857142857,75,35.115,13.9577205819633,9.96981928763659,-84.4154627577067,787.943396226415,812.037735849057,0.454545454545455,75,32880,0,0,0,1
65535,33332,0.0617283950617284,0.123456790123457,0.487654320987654,1.07407407407407,0.0802469135802469,0.0679012345679012,0.691358024691358,0.95679012345679,0.0555555555555556,0.432098765432099,0.141975308641975,0.037037037037037,0.419753086419753,0.240740740740741,0.0308641975308642,0.148148148148148,0.0555555555555556,0.0740740740740741,0.45679012345679,0,0.604938271604938,0.246913580246914,0.641975308641975,0.197530864197531,0.135802469135802,0.950617283950617,0.0925925925925926,6.60493827160494,0.0864197530864197,0.0617283950617284,33332,12189,0.835291315615977,0.947368421052632,0.6328125,75,46.371,19.5494423744106,10.7484323672495,-45.5402718079288,539.043209876543,817.759259259259,0.383333333333333,75,33708,0,0,0,1
65535,33407,0.537142857142857,0.131428571428571,0.422857142857143,0.171428571428571,0.0457142857142857,0.0514285714285714,0.502857142857143,0.868571428571429,0.0342857142857143,0.308571428571429,0.04,0.0171428571428571,0.868571428571429,0.148571428571429,0.0342857142857143,0.2,0.0685714285714286,0.0228571428571429,0.28,0.0171428571428571,0.297142857142857,0.16,2.53142857142857,0.194285714285714,0.542857142857143,0.657142857142857,0.0857142857142857,6.25714285714286,0.0742857142857143,0.0685714285714286,33407,13167,0.791591514974676,0.911458333333333,0.605536332179931,75,49.381,19.7204408455175,12.0501878186145,-42.3879276410128,1445.52571428571,821.302857142857,0.21875,75,33181,0,0,0,1
65535,33482,0.0303030303030303,0.0984848484848485,0.560606060606061,0.833333333333333,0.0227272727272727,0.0303030303030303,0.575757575757576,0.931818181818182,0.0681818181818182,0.46969696969697,0.053030303030303,0,0.424242424242424,0.196969696969697,0.128787878787879,0.242424242424242,0.0681818181818182,0.0681818181818182,0.386363636363636,0.0303030303030303,0.606060606060606,0.287878787878788,0.515151515151515,0.174242424242424,0.121212121212121,0.727272727272727,0.113636363636364,5.83333333333333,0.106060606060606,0.0833333333333333,33482,9932,0.587146046344121,0.923076923076923,0.628571428571429,75,41.69,14.8562388617719,12.0258433736301,-49.0891567077528,985.666666666667,823.219696969697,0.471698113207547,75,33558,0,0,0,1
65535,33558,0.0700636942675159,0.0636942675159236,0.624203821656051,0.834394904458599,0.0127388535031847,0.0573248407643312,0.67515923566879,0.840764331210191,0.0509554140127389,0.668789808917197,0.191082802547771,0.0127388535031847,0.343949044585987,0.235668789808917,0.43312101910828,0.292993630573248,0.0700636942675159,0.0636942675159236,0.560509554140127,0.00636942675159236,0.477707006369427,0.229299363057325,2.08917197452229,0.261146496815287,0.171974522292994,0.929936305732484,0.101910828025478,7.13375796178344,0.0764331210191083,0.10828025477707,33558,11813,0.854919657216863,0.887005649717514,0.550877192982456,75,49.572,20.3792324506439,10.5719393100159,-29.6529173795362,979.337579617834,830.044585987261,0.412698412698413,75,33482,0,0,0,1
65535,33633,0.121212121212121,0.142857142857143,0.489177489177489,0.225108225108225,0.0216450216450216,0.0173160173160173,0.476190476190476,0.796536796536797,0.051948051948052,0.277056277056277,0.0346320346320346,0.012987012987013,0.329004329004329,0.155844155844156,0.0303030303030303,0.164502164502165,0.0216450216450216,0.0476190476190476,0.484848484848485,0.00432900432900433,0.402597402597403,0.173160173160173,1.83549783549784,0.203463203463203,0.471861471861472,0.54978354978355,0.0822510822510823,7.74891774891775,0.0735930735930736,0.112554112554113,33633,17381,0.282439989490542,0.94672131147541,0.712962962962963,75,53.599,17.6128064057298,16.8957004523145,45.0784491324562,1339.89177489178,827.454545454546,0.176470588235294,75,33106,0,0,0,1
65535,33708,0.0892857142857143,0.107142857142857,0.678571428571429,1.25,0.0416666666666667,0.0714285714285714,0.791666666666667,0.976190476190476,0.0297619047619048,0.726190476190476,0.166666666666667,0.0119047619047619,0.321428571428571,0.285714285714286,0.0595238095238095,0.267857142857143,0.0654761904761905,0.0357142857142857,0.380952380952381,0.00595238095238095,0.952380952380952,0.285714285714286,0.482142857142857,0.351190476190476,0.303571428571429,1.19047619047619,0.125,7.88690476190476,0.125,0.0892857142857143,33708,12641,0.671512763173186,0.918032786885246,0.666666666666667,75,47.777,17.4173739386248,12.9061519653032,-1.36388394525743,537.196428571429,828.964285714286,0.344262295081967,75,33332,0,0,0,1
65535,33783,0.188405797101449,0.123188405797101,0.333333333333333,0.898550724637681,0.036231884057971,0.0507246376811594,0.376811594202899,0.963768115942029,0.0289855072463768,1.21014492753623,0.0652173913043478,0.0289855072463768,0.731884057971015,0.304347826086957,0.0434782608695652,0.231884057971015,0.0652173913043478,0.0942028985507246,0.5,0,1.89130434782609,0.369565217391304,0.384057971014493,0.195652173913043,0.688405797101449,1.26086956521739,0.0797101449275362,8.46376811594203,0.0942028985507246,0.108695652173913,33783,10383,0.673780789158556,0.951724137931035,0.663461538461538,75,39.854,15.5378722299473,11.4814199372944,16.3206009724127,177.449275362319,833.079710144928,0,0,0,0,0,0,1
65535,33858,0.0166666666666667,0.125,0.725,0.7,0.0583333333333333,0.0416666666666667,0.391666666666667,0.766666666666667,0.0166666666666667,0.266666666666667,0.216666666666667,0.00833333333333333,0.858333333333333,0.241666666666667,0.333333333333333,0.158333333333333,0.0333333333333333,0.0416666666666667,0.7,0.05,0.35,0.308333333333333,4.33333333333333,0.233333333333333,0.4,0.883333333333333,0.0916666666666667,7.18333333333333,0.0333333333333333,0.0583333333333333,33858,9029,0.775968011100183,0.839160839160839,0.615384615384615,75,42.641,16.2671498901799,10.26086692273,-65.8334429711694,631.475,833.783333333333,0.407407407407407,75,34084,0,0,0,1
65535,33934,0.0714285714285714,0.163265306122449,0.479591836734694,0.173469387755102,0.0102040816326531,0.0714285714285714,1.70408163265306,0.530612244897959,0.0408163265306122,0.224489795918367,0.0918367346938776,0.0204081632653061,0.76530612244898,0.13265306122449,0.714285714285714,0.163265306122449,0.0408163265306122,0.0714285714285714,0.979591836734694,0.0102040816326531,0.428571428571429,0.214285714285714,5.12244897959184,0.0816326530612245,0.63265306122449,0.561224489795918,0.102040816326531,4.96938775510204,0.0510204081632653,0.0306122448979592,33934,7374,0.359961423416412,0.924528301886792,0.628205128205128,75,34.776,11.8872946121303,11.0904558257249,-10.5821982163908,1124.27551020408,835.102040816327,0.422222222222222,75,34611,0,0,0,1
65535,34009,0.096,0.08,0.208,0.952,0.024,0.048,0.272,0.784,0.064,0.68,0.104,0.032,0.336,0.128,0.064,0.128,0.04,0.016,0.432,0.008,0.576,0.328,0.264,0.152,0.288,0.712,0.112,5.192,0.08,0.088,34009,9405,0.503758854861934,0.954198473282443,0.686813186813187,75,37.224,13.6770476175386,11.8148399538144,33.2940832254156,193.504,836.336,0,0,0,0,0,0,1
65535,34084,0.0991735537190083,0.0826446280991736,0.512396694214876,0.528925619834711,0.0165289256198347,0.0661157024793388,0.586776859504132,0.950413223140496,0.0495867768595041,0.380165289256198,0.0826446280991736,0,1.68595041322314,0.173553719008264,0.0495867768595041,0.239669421487603,0.0661157024793388,0.0578512396694215,0.380165289256198,0.00826446280991736,0.487603305785124,0.305785123966942,4.39669421487603,0.264462809917355,0.867768595041322,0.933884297520661,0.15702479338843,10.0826446280992,0.107438016528926,0.0661157024793388,34084,9104,0.442184866917872,0.952755905511811,0.715976331360947,75,37.563,13.2108274123619,11.8491072947299,-78.7040407282312,622.892561983471,836.96694214876,0.458333333333333,75,33858,0,0,0,1
65535,34159,0.120481927710843,0.0602409638554217,0.530120481927711,1.13253012048193,0,0.0240963855421687,0.662650602409639,0.927710843373494,0.036144578313253,0.481927710843373,0.144578313253012,0.0120481927710843,0.397590361445783,0.120481927710843,0.036144578313253,0.0843373493975904,0.0120481927710843,0.0120481927710843,0.421686746987952,0,0.493975903614458,0.180722891566265,1.32530120481928,0.168674698795181,0.27710843373494,0.72289156626506,0.108433734939759,8.45783132530121,0.036144578313253,0.0602409638554217,34159,6245,0.548491249203555,0.873684210526316,0.532051282051282,75,34.859,11.9855657199536,10.0218062250082,17.1166100820049,411.650602409639,836.204819277108,0.727272727272727,150,34310,34536,0,0,1
65535,34235,0.206896551724138,0.181034482758621,0.474137931034483,0.982758620689655,0.00862068965517241,0.103448275862069,0.431034482758621,0.612068965517241,0.0775862068965517,0.681034482758621,0.137931034482759,0.0344827586206897,0.267241379310345,0.172413793103448,0.0603448275862069,0.155172413793103,0.0172413793103448,0.00862068965517241,0.318965517241379,0,0.672413793103448,0.21551724137931,0.422413793103448,0.172413793103448,0.267241379310345,NaN,0.0689655172413793,5.33620689655172,0.0431034482758621,0.0862068965517241,34235,8728,0.711568696880127,0.90625,0.594871794871795,75,39.821,14.9704889889459,10.5185130406361,-12.1518686739891,1238.73275862069,838.525862068965,0.46,75,34686,0,0,0,0
65535,34310,0.0729166666666667,0.0416666666666667,0.739583333333333,0.833333333333333,0.0104166666666667,0.0104166666666667,0.666666666666667,0.760416666666667,0.0520833333333333,0.416666666666667,0.135416666666667,0.0104166666666667,0.333333333333333,0.208333333333333,0.0208333333333333,0.229166666666667,0.0416666666666667,0.0208333333333333,0.364583333333333,0,0.520833333333333,0.375,1.40625,0.21875,0.197916666666667,0.895833333333333,0.104166666666667,7.84375,0.09375,0.114583333333333,34310,7223,0.930297301747722,0.75,0.428571428571429,75,44.568,20.6377067169831,7.57004277232976,-53.4191781218401,404.083333333333,837.822916666667,0.818181818181818,226,34159,34460,34536,0,1
65535,34385,0.2734375,0.1640625,0.359375,0.1875,0.015625,0.078125,0.625,0.7421875,0.0625,0.375,0.0390625,0.03125,0.546875,0.1796875,0.234375,0.1796875,0.09375,0.109375,0.421875,0.015625,0.515625,0.328125,4.7890625,0.140625,0.65625,0.765625,0.046875,4.875,0.078125,0.1171875,34385,9631,0.399242128966289,0.888888888888889,0.653061224489796,75,41.326,13.8611509024599,12.7085342197045,-48.9101489476168,695.921875,839.3359375,0.37037037037037,75,34837,0,0,0,1
65535,34460,0.0303030303030303,0.101010101010101,0.505050505050505,0.565656565656566,0.0404040404040404,0,0.404040404040404,0.868686868686869,0,0.383838383838384,0.0505050505050505,0.0101010101010101,0.414141414141414,0.141414141414141,0.0101010101010101,0.151515151515152,0.0707070707070707,0.0606060606060606,0.292929292929293,0.0202020202020202,0.535353535353535,0.292929292929293,0.575757575757576,0.121212121212121,0.343434343434343,0.656565656565657,0.0505050505050505,7.1010101010101,0.0101010101010101,0.0404040404040404,34460,7449,0.728914522947554,0.916666666666667,0.634615384615385,75,35.967,13.8467240903016,9.47953262415873,-68.3136158492874,400.959595959596,843.858585858586,0.545454545454545,75,34310,0,0,0,1
65535,34536,0.0459770114942529,0.137931034482759,0.459770114942529,0.264367816091954,0.0689655172413793,0.0919540229885057,0.494252873563218,0.781609195402299,0.0344827586206897,0.459770114942529,0.0804597701149425,0.0114942528735632,0.32183908045977,0.172413793103448,0.114942528735632,0.183908045977011,0.0574712643678161,0.0689655172413793,0.563218390804598,0,0.344827586206897,0.310344827586207,5.94252873563218,0.0919540229885057,0.344827586206897,0.862068965517241,0.0919540229885057,6.02298850574713,0.0919540229885057,0.0919540229885057,34536,6546,0.58602851623428,0.945652173913043,0.659090909090909,75,31.584,11.8903026173826,9.6345984002035,37.112963123769,416.275862068966,843.126436781609,0.48780487804878,150,34159,34310,0,0,1
65535,34611,0.391666666666667,0.108333333333333,0.391666666666667,0.35,0.025,0.05,11.5833333333333,1.5,0.175,0.516666666666667,0.00833333333333333,0.0416666666666667,2.19166666666667,0.558333333333333,0.316666666666667,0.341666666666667,0.0833333333333333,0.158333333333333,0.416666666666667,0.0166666666666667,0.966666666666667,0.433333333333333,2.31666666666667,0.183333333333333,1.11666666666667,1.28333333333333,0.108333333333333,9.43333333333333,0.133333333333333,0.075,34611,9029,0.657807736727868,0.930232558139535,0.576923076923077,75,40.028,14.5592766779008,10.9658417295963,23.3226616965773,1118.01666666667,843.55,0.333333333333333,75,33934,0,0,0,1
65535,34686,0.132183908045977,0.114942528735632,0.586206896551724,1.35057471264368,0.0229885057471264,0.0459770114942529,0.620689655172414,0.735632183908046,0.0402298850574713,0.64367816091954,0.0977011494252874,0.0172413793103448,0.436781609195402,0.21264367816092,0.0172413793103448,0.172413793103448,0.028735632183908,0.0689655172413793,0.293103448275862,0.0114942528735632,0.614942528735632,0.258620689655172,0.67816091954023,0.241379310344828,0.218390804597701,0.85632183908046,0.14367816091954,7.64367816091954,0.0747126436781609,0.109195402298851,34686,13092,0.572786183690728,0.950819672131147,0.725,75,45.519,16.5954532884372,13.6033730085239,-32.8652861428566,1235.7183908046,848.344827586207,0.614035087719298,150,34235,35138,0,0,1
65535,34761,0.157068062827225,0.403141361256544,0.523560209424084,0.853403141361257,0.0471204188481675,0.031413612565445,0.50261780104712,1.08376963350785,0.0157068062827225,0.403141361256544,0.0575916230366492,0.0104712041884817,0.670157068062827,0.230366492146597,0.0680628272251309,0.204188481675393,0.0575916230366492,0.0366492146596859,0.50261780104712,0.0104712041884817,0.523560209424084,0.209424083769634,0.523560209424084,0.136125654450262,0.921465968586387,0.785340314136126,0.104712041884817,9.64921465968586,0.0680628272251309,0.120418848167539,34761,14371,0.737172736648454,0.950248756218905,0.663194444444444,75,48.546,19.1181610165858,12.9182243893725,-56.3315666955349,287.015706806283,847.335078534031,0,0,0,0,0,0,1
65535,34837,0.283132530120482,0.132530120481928,0.289156626506024,0.421686746987952,0.036144578313253,0.0421686746987952,0.72289156626506,0.626506024096386,0.072289156626506,0.879518072289157,0.072289156626506,0.036144578313253,0.602409638554217,0.27710843373494,0.114457831325301,0.210843373493976,0.0481927710843374,0.072289156626506,0.397590361445783,0.00602409638554217,1.1144578313253,0.228915662650602,0.313253012048193,0.144578313253012,0.789156626506024,0.897590361445783,0.108433734939759,5.96987951807229,0.108433734939759,0.120481927710843,34837,12490,0.823985575799083,0.937853107344633,0.542483660130719,75,48.464,19.5505426662295,11.0775481409085,-45.8569161030172,702.897590361446,851.036144578313,0.301587301587302,75,34385,0,0,0,1
65535,34912,0.175182481751825,0.116788321167883,0.532846715328467,0.255474452554745,0.0218978102189781,0.0437956204379562,0.452554744525547,0.788321167883212,0.0291970802919708,0.386861313868613,0.0510948905109489,0.0364963503649635,0.642335766423358,0.328467153284672,0.160583941605839,0.182481751824818,0.0364963503649635,0.0510948905109489,0.715328467153285,0.0218978102189781,0.467153284671533,0.357664233576642,2.99270072992701,0.138686131386861,0.569343065693431,0.751824817518248,0.072992700729927,7.1021897810219,0.0948905109489051,0.0875912408759124,34912,10308,0.599870633940535,0.958041958041958,0.752747252747253,75,40.565,14.9888235634266,11.9925128895839,57.8264288476374,1485.70802919708,63955,0,0,0,0,0,0,0
65535,34987,0.0887573964497041,0.14792899408284,0.887573964497041,2.24260355029586,0.0769230769230769,0.0473372781065089,0.715976331360947,0.763313609467456,0.00591715976331361,0.526627218934911,0.165680473372781,0.0355029585798817,0.431952662721893,0.21301775147929,0.857988165680473,0.159763313609467,0.0177514792899408,0.106508875739645,0.70414201183432,0.0177514792899408,0.36094674556213,0.272189349112426,1.52662721893491,0.183431952662722,0.189349112426036,1.15976331360947,0.0710059171597633,9.62130177514793,0.0710059171597633,0.130177514792899,34987,12716,0.329552549952302,0.933701657458563,0.66015625,75,47.066,15.4064676276716,14.5458197332895,41.6943273481579,359.195266272189,850.704142011834,0,0,0,0,0,0,1
65535,35062,0.149700598802395,0.107784431137725,0.377245508982036,1.48502994011976,0.029940119760479,0.0479041916167665,0.401197604790419,0.664670658682635,0.029940119760479,0.437125748502994,0.0598802395209581,0.0179640718562874,0.44311377245509,0.18562874251497,0.0239520958083832,0.221556886227545,0.0538922155688623,0.0598802395209581,0.48502994011976,0.0119760479041916,0.491017964071856,0.293413173652695,0.293413173652695,0.167664670658683,0.437125748502994,0.736526946107784,0.119760479041916,6.23952095808383,0.0778443113772455,0.0598802395209581,35062,12565,0.393504433092955,0.907608695652174,0.613970588235294,75,49.125,15.6146729248507,14.3549235650399,73.4145558805863,46.6287425149701,858.083832335329,0,0,0,0,0,0,1
65535,35138,0.17351598173516,0.0958904109589041,0.415525114155251,0.34703196347032,0.0319634703196347,0.0410958904109589,0.45662100456621,0.726027397260274,0.0228310502283105,0.538812785388128,0.0228310502283105,0.0319634703196347,0.452054794520548,0.146118721461187,0.0228310502283105,0.205479452054795,0.0593607305936073,0.0273972602739726,0.278538812785388,0.0091324200913242,0.662100456621005,0.242009132420091,2.36529680365297,0.210045662100457,0.707762557077626,0.547945205479452,0.0958904109589041,6.12785388127854,0.0639269406392694,0.100456621004566,35138,16478,0.67823382855522,0.927966101694915,0.613445378151261,75,55.104,19.936505397013,14.6502643661286,67.9572361572129,1222.00913242009,857.27397260274,0.185714285714286,75,34686,0,0,0,1
65535,35213,0.0943396226415094,0.10062893081761,0.163522012578616,0.371069182389937,0.00628930817610063,0.0188679245283019,0.421383647798742,0.654088050314465,0.0125786163522013,0.528301886792453,0.0440251572327044,0.050314465408805,0.283018867924528,0.144654088050314,0.0314465408805031,0.132075471698113,0.050314465408805,0.0377358490566038,0.270440251572327,0.0125786163522013,0.710691823899371,0.19496855345912,0.213836477987421,0.125786163522013,0.452830188679245,0.641509433962264,0.119496855345912,4.86792452830189,0.050314465408805,0.0440251572327044,35213,11963,0.670269826311989,0.929824561403509,0.668067226890756,75,44.692,16.7985316940596,12.4664840743,-19.4178145216268,1401.96226415094,858.169811320755,0,0,0,0,0,0,1
65535,35288,0.0858895705521472,0.098159509202454,0.785276073619632,1.08588957055215,0.0368098159509202,0.0613496932515337,0.644171779141104,0.754601226993865,0.0306748466257669,0.374233128834356,0.104294478527607,0.0184049079754601,0.392638036809816,0.190184049079755,0.00613496932515337,0.171779141104294,0.0245398773006135,0.0429447852760736,0.460122699386503,0,0.319018404907975,0.276073619631902,1.25766871165644,0.184049079754601,0.251533742331288,0.895705521472393,0.049079754601227,8.53374233128834,0.0552147239263804,0.104294478527607,35288,12264,0.860670937164139,0.926136363636364,0.603703703703704,75,48.066,20.5504191673801,10.4634843646059,34.6614344516002,640.079754601227,864.527607361963,0,0,0,0,0,0,1
65535,35363,0.20125786163522,0.150943396226415,0.364779874213836,0.446540880503145,0.0188679245283019,0.0440251572327044,0.729559748427673,1.06289308176101,0.0251572327044025,0.540880503144654,0.0440251572327044,0.0377358490566038,1.15094339622642,0.308176100628931,0.0566037735849057,0.30188679245283,0.0691823899371069,0.0314465408805031,0.465408805031447,0.0188679245283019,0.735849056603774,0.283018867924528,2.69182389937107,0.289308176100629,0.572327044025157,0.811320754716981,0.163522012578616,7.64150943396226,0.0691823899371069,0.0440251572327044,35363,11963,0.5496797844927,0.952095808383233,0.709821428571429,75,42.55,15.6521060021504,13.075385020585,83.6332595372768,991.578616352201,867.685534591195,0,0,0,0,0,0,1
65535,35439,0.0935251798561151,0.143884892086331,1.1726618705036,1.12230215827338,0.0503597122302158,0.0575539568345324,0.41726618705036,0.784172661870504,0.0503597122302158,0.338129496402878,0.165467625899281,0.0431654676258993,0.424460431654676,0.237410071942446,0.0863309352517986,0.179856115107914,0.079136690647482,0.0359712230215827,0.460431654676259,0.00719424460431655,0.517985611510791,0.273381294964029,4.17985611510791,0.143884892086331,0.23021582733813,0.748201438848921,0.0863309352517986,10.0575539568345,0.0503597122302158,0.100719424460432,35439,10459,0.630346880449493,0.958620689655172,0.723958333333333,75,40.863,15.293483300216,11.8725391242428,-86.1670843971286,1256.10071942446,867.510791366906,0,0,0,0,0,0,1
65535,35514,0.212264150943396,0.108490566037736,0.306603773584906,0.509433962264151,0.0188679245283019,0.0377358490566038,0.320754716981132,1.00943396226415,0.0377358490566038,0.877358490566038,0.0330188679245283,0.0188679245283019,0.349056603773585,0.259433962264151,0.141509433962264,0.179245283018868,0.0330188679245283,0.0707547169811321,0.372641509433962,0.0188679245283019,1.2311320754717,0.283018867924528,0.306603773584906,0.221698113207547,0.528301886792453,0.735849056603774,0.0849056603773585,5.63679245283019,0.0990566037735849,0.0849056603773585,35514,15951,0.78806609932277,0.929824561403509,0.757142857142857,75,52.904,21.1384608311794,13.0126384092115,-4.69065670697631,562.132075471698,866.547169811321,0,0,0,0,0,0,1
65535,35589,0.0606060606060606,0.0909090909090909,0.43030303030303,1.13333333333333,0,0.0424242424242424,0.387878787878788,0.666666666666667,0.0424242424242424,0.254545454545455,0.0484848484848485,0.0121212121212121,0.393939393939394,0.2,0.0242424242424242,0.187878787878788,0.096969696969697,0.0666666666666667,0.406060606060606,0.0363636363636364,0.466666666666667,0.242424242424242,0.581818181818182,0.23030303030303,0.193939393939394,0.775757575757576,0.115151515151515,7.63030303030303,0.0606060606060606,0.0242424242424242,35589,12415,0.540639359139242,0.942857142857143,0.6875,75,44.502,15.9003770534858,13.3762632714457,-74.8235990760893,66.0909090909091,871.830303030303,0,0,0,0,0,0,1
65535,35664,0.39568345323741,0.107913669064748,0.273381294964029,0.352517985611511,0.0287769784172662,0.0503597122302158,7.33812949640288,0.971223021582734,0.0863309352517986,0.446043165467626,0.115107913669065,0.0287769784172662,0.489208633093525,0.251798561151079,0.115107913669065,0.201438848920863,0.0719424460431655,0.0575539568345324,0.316546762589928,0.0143884892086331,0.446043165467626,0.258992805755396,1.2158273381295,0.143884892086331,1.0431654676259,0.798561151079137,0.079136690647482,7.47482014388489,0.0575539568345324,0.0719424460431655,35664,10459,0.69123160522618,0.939189189189189,0.668269230769231,75,41.715,15.8693373143894,11.4677113910161,-31.9948694979669,136.330935251799,876.201438848921,0,0,0,0,0,0,1
65535,35740,0.129807692307692,0.100961538461538,0.399038461538462,0.514423076923077,0.00480769230769231,0.0432692307692308,0.399038461538462,0.730769230769231,0.0288461538461538,0.918269230769231,0.0576923076923077,0.0240384615384615,0.807692307692308,0.225961538461538,0.0288461538461538,0.182692307692308,0.0240384615384615,0.0576923076923077,0.384615384615385,0.00480769230769231,1.01923076923077,0.283653846153846,0.336538461538462,0.201923076923077,0.418269230769231,0.903846153846154,0.110576923076923,5.02403846153846,0.129807692307692,0.0817307692307692,35740,15650,0.747164248343248,0.954128440366973,0.66031746031746,75,51.714,20.1402976609834,13.3860361708618,16.300100788992,757.990384615385,877.490384615385,0,0,0,0,0,0,1
65535,35815,0.129251700680272,0.129251700680272,0.326530612244898,0.938775510204082,0.0408163265306122,0.0612244897959184,0.442176870748299,0.639455782312925,0.054421768707483,0.571428571428571,0.0952380952380952,0.0408163265306122,0.469387755102041,0.183673469387755,0.0340136054421769,0.136054421768708,0.0136054421768707,0.0204081632653061,0.380952380952381,0.00680272108843537,0.489795918367347,0.258503401360544,0.319727891156463,0.204081632653061,0.26530612244898,0.850340136054422,0.136054421768708,5.06802721088435,0.0748299319727891,0.0612244897959184,35815,11060,0.472201772475383,0.954545454545455,0.75,75,40.656,14.6950524380547,12.9535489917897,-55.8943239296773,1489.0612244898,878.734693877551,0.269230769230769,75,36191,0,0,0,1
65535,35890,0.086734693877551,0.127551020408163,0.612244897959184,1.31122448979592,0.0408163265306122,0.0255102040816327,1.02040816326531,1.29081632653061,0.0255102040816327,1.18367346938776,0.0918367346938776,0.0255102040816327,0.443877551020408,0.306122448979592,0.0510204081632653,0.392857142857143,0.0969387755102041,0.0459183673469388,0.510204081632653,0.00510204081632653,1.48469387755102,0.454081632653061,0.739795918367347,0.36734693877551,0.229591836734694,1.62755102040816,0.147959183673469,7.59183673469388,0.0918367346938776,0.0561224489795918,35890,14747,0.39721486479559,0.937799043062201,0.720588235294118,75,51.126,16.8830070645043,15.4939684714177,-43.2393710863516,231.469387755102,883.489795918367,0.301587301587302,75,36040,0,0,0,1
65535,35965,0.238938053097345,0.0884955752212389,0.353982300884956,0.327433628318584,0,0.0442477876106195,0.63716814159292,1.05309734513274,0.0530973451327434,0.451327433628319,0.0442477876106195,0.0176991150442478,0.292035398230089,0.230088495575221,0,0.168141592920354,0.0619469026548673,0.0176991150442478,0.292035398230089,0.00884955752212389,0.52212389380531,0.247787610619469,1.00884955752212,0.194690265486726,0.345132743362832,0.353982300884956,0.0530973451327434,6.67256637168142,0.0353982300884956,0.0530973451327434,35965,8502,0.618864747572889,0.949579831932773,0.733766233766234,75,36.364,13.7266559053792,10.7822547856912,-82.6141413939254,1285.53982300885,883.672566371681,0,0,0,0,0,0,1
65535,36040,0.121621621621622,0.103603603603604,0.671171171171171,1.0045045045045,0.036036036036036,0.0630630630630631,1.25675675675676,1.3018018018018,0.036036036036036,1.08558558558559,0.112612612612613,0.0315315315315315,0.509009009009009,0.342342342342342,0.0135135135135135,0.310810810810811,0.0630630630630631,0.045045045045045,0.572072072072072,0.00900900900900901,1.36936936936937,0.531531531531532,1.1981981981982,0.382882882882883,0.166666666666667,1.42792792792793,0.0900900900900901,7.86036036036036,0.121621621621622,0.0810810810810811,36040,16704,0.500473559512064,0.940677966101695,0.816176470588235,75,53.822,18.3783578041694,15.9110967430023,-11.0807181879079,216.436936936937,885.171171171171,0.276923076923077,75,35890,0,0,0,1
65535,36116,0.072992700729927,0.072992700729927,0.744525547445255,1.67883211678832,0.0656934306569343,0.0802919708029197,0.656934306569343,0.81021897810219,0.0875912408759124,0.430656934306569,0.0875912408759124,0.0145985401459854,0.240875912408759,0.233576642335766,0.124087591240876,0.204379562043796,0.0364963503649635,0.0291970802919708,0.37956204379562,0.0072992700729927,0.306569343065693,0.328467153284672,0.656934306569343,0.233576642335766,0.138686131386861,1.05109489051095,0.102189781021898,9.15328467153285,0.0875912408759124,0.102189781021898,36116,10308,0.669861120116692,0.944827586206897,0.761111111111111,75,40.383,15.4440229530907,11.4669772699018,67.0249670055177,1328.53284671533,885.07299270073,0.211538461538462,75,36266,0,0,0,1
65535,36191,0.0560747663551402,0.0934579439252336,0.728971962616822,0.626168224299065,0.0186915887850467,0.0186915887850467,0.373831775700935,0.588785046728972,0.0373831775700935,0.280373831775701,0.0841121495327103,0.0186915887850467,0.271028037383178,0.289719626168224,0.0186915887850467,0.280373831775701,0.00934579439252336,0.0467289719626168,0.504672897196262,0.0186915887850467,0.327102803738318,0.308411214953271,3.14953271028037,0.158878504672897,0.177570093457944,0.598130841121495,0.102803738317757,8.22429906542056,0.121495327102804,0.0654205607476635,36191,8051,0.229988082231949,0.93859649122807,0.685897435897436,75,35.33,11.9433589227869,11.6231986188674,16.2445493737405,1491.09345794393,890.355140186916,0.333333333333333,75,35815,0,0,0,1
65535,36266,0.075098814229249,0.134387351778656,0.778656126482213,1.27667984189723,0.0237154150197628,0.0237154150197628,0.699604743083004,0.719367588932806,0.0592885375494071,0.529644268774704,0.0671936758893281,0.0158102766798419,0.292490118577075,0.237154150197628,0.0632411067193676,0.280632411067194,0.0355731225296443,0.0276679841897233,0.399209486166008,0.00790513833992095,0.58498023715415,0.284584980237154,0.920948616600791,0.24901185770751,0.209486166007905,1.13833992094862,0.154150197628459,9.47430830039526,0.0671936758893281,0.0632411067193676,36266,19036,0.848933206577567,0.893992932862191,0.6325,75,61.861,25.618966544318,13.5396277153219,74.381226496231,1339.97628458498,891.936758893281,0.148148148148148,75,36116,0,0,0,1
65535,36341,0.213592233009709,0.150485436893204,0.456310679611651,1.15533980582524,0.0631067961165049,0.0728155339805825,0.558252427184466,0.742718446601942,0.0339805825242718,0.679611650485437,0.0776699029126214,0.0194174757281553,0.470873786407767,0.305825242718447,0.233009708737864,0.213592233009709,0.00970873786407767,0.0485436893203883,0.655339805825243,0.0145631067961165,0.728155339805825,0.305825242718447,0.461165048543689,0.150485436893204,0.490291262135922,0.888349514563107,0.106796116504854,5.68446601941748,0.0436893203883495,0.0825242718446602,36341,15500,0.77602381071284,0.932126696832579,0.64375,75,52.094,20.5952071981964,12.9894715537392,32.071607764431,1186.38349514563,895.427184466019,0.253731343283582,75,36642,0,0,0,1
65535,36417,0.0431654676258993,0.158273381294964,0.755395683453237,0.748201438848921,0.0215827338129496,0.0575539568345324,0.76978417266187,0.733812949640288,0.0143884892086331,0.302158273381295,0.100719424460432,0.0287769784172662,0.330935251798561,0.251798561151079,0.079136690647482,0.23021582733813,0.129496402877698,0.0647482014388489,0.640287769784173,0.0215827338129496,0.402877697841727,0.258992805755396,1.97841726618705,0.20863309352518,0.251798561151079,0.913669064748201,0.079136690647482,8.48920863309353,0.079136690647482,0.100719424460432,36417,10459,0.674302078687953,0.939189189189189,0.681372549019608,75,41.318,15.6533295550991,11.5592892237256,-2.8602970509168,397.741007194245,897.589928057554,0,0,0,0,0,0,1
65535,36492,0.082089552238806,0.0671641791044776,0.708955223880597,1.90298507462687,0.0447761194029851,0.0373134328358209,0.873134328358209,0.888059701492537,0.0447761194029851,0.559701492537313,0.082089552238806,0.0298507462686567,0.417910447761194,0.253731343283582,0.0447761194029851,0.350746268656716,0.0373134328358209,0.0373134328358209,0.529850746268657,0.00746268656716418,0.477611940298507,0.283582089552239,0.723880597014925,0.216417910447761,0.343283582089552,1.17910447761194,0.0895522388059701,8.23134328358209,0.0597014925373134,0.134328358208955,36492,10082,0.755940636658855,0.957142857142857,0.683673469387755,75,39.73,16.2400770093757,10.6314067949474,-41.3273650615875,644.455223880597,897.738805970149,0,0,0,0,0,0,1
65535,36567,0.0964912280701754,0.0789473684210526,0.324561403508772,0.298245614035088,0.0175438596491228,0.0087719298245614,0.333333333333333,0.736842105263158,0.0175438596491228,0.456140350877193,0.0175438596491228,0.0087719298245614,0.535087719298246,0.166666666666667,0.043859649122807,0.192982456140351,0.0789473684210526,0.043859649122807,0.394736842105263,0,0.684210526315789,0.192982456140351,0.263157894736842,0.271929824561404,0.429824561403509,0.570175438596491,0.114035087719298,5.57894736842105,0.0350877192982456,0.0789473684210526,36567,8577,0.576577609539529,0.942148760330578,0.678571428571429,75,36.455,13.4314951112954,10.9741008104617,8.76443702919382,1110.64912280702,899.491228070175,0,0,0,0,0,0,1
65535,36642,0.0629370629370629,0.125874125874126,0.594405594405594,1.18881118881119,0.020979020979021,0.0839160839160839,0.58041958041958,0.692307692307692,0.0559440559440559,0.328671328671329,0.0979020979020979,0.00699300699300699,0.328671328671329,0.20979020979021,0.034965034965035,0.202797202797203,0.027972027972028,0.041958041958042,0.440559440559441,0.00699300699300699,0.356643356643357,0.265734265734266,0.86013986013986,0.174825174825175,0.244755244755245,0.916083916083916,0.111888111888112,8.2027972027972,0.0769230769230769,0.111888111888112,36642,10759,0.856868296811142,0.92258064516129,0.567460317460317,75,45.073,19.0866258081464,9.83983077578271,61.7915295510039,1189.05594405594,907.972027972028,0.775862068965517,150,36341,37244,0,0,1
65535,36718,0.0555555555555556,0.126984126984127,0.714285714285714,0.404761904761905,0.0238095238095238,0.0158730158730159,0.404761904761905,0.682539682539683,0.0634920634920635,0.277777777777778,0.0793650793650794,0.00793650793650794,0.19047619047619,0.150793650793651,0.0317460317460317,0.150793650793651,0.0396825396825397,0.0238095238095238,0.507936507936508,0.00793650793650794,0.246031746031746,0.198412698412698,2.91269841269841,0.23015873015873,0.198412698412698,0.69047619047619,0.0873015873015873,7.94444444444444,0.103174603174603,0.0873015873015873,36718,9480,0.753116596917083,0.954545454545455,0.715909090909091,75,38.878,15.7224391398306,10.3435893541303,-77.6035414136509,370.642857142857,906.277777777778,0,0,0,0,0,0,1
65535,36793,0.127551020408163,0.112244897959184,0.760204081632653,1.43367346938776,0.0204081632653061,0.0102040816326531,0.979591836734694,0.928571428571429,0.0408163265306122,0.408163265306122,0.13265306122449,0.0153061224489796,0.428571428571429,0.204081632653061,0.0255102040816327,0.209183673469388,0.0255102040816327,0.0612244897959184,0.540816326530612,0.0306122448979592,0.5,0.214285714285714,1.54081632653061,0.290816326530612,0.290816326530612,1.14285714285714,0.0663265306122449,9.01530612244898,0.0459183673469388,0.0918367346938776,36793,14747,0.877802228784506,0.937799043062201,0.636363636363636,75,53.69,23.1167141328158,11.0734428841614,-20.7750808830339,78.2551020408163,906.44387755102,0.2,150,37320,37696,0,0,1
65535,36868,0.240875912408759,0.127737226277372,0.54014598540146,0.824817518248175,0.0072992700729927,0.0839416058394161,0.551094890510949,0.981751824817518,0.0328467153284672,0.547445255474453,0.109489051094891,0.0291970802919708,0.547445255474453,0.302919708029197,0.0364963503649635,0.248175182481752,0.105839416058394,0.062043795620438,0.441605839416058,0.00364963503649635,0.802919708029197,0.339416058394161,0.894160583941606,0.226277372262774,0.375912408759124,0.868613138686131,0.131386861313869,7.88686131386861,0.0766423357664234,0.0839416058394161,36868,20616,0.798080003093549,0.913333333333333,0.685,75,63.722,24.5444793206348,14.7893128010195,10.6346901385955,592.270072992701,906.740875912409,0,0,0,0,0,0,1
65535,36943,0.426086956521739,0.121739130434783,0.339130434782609,0.191304347826087,0.0434782608695652,0.0173913043478261,6.35652173913043,1.16521739130435,0.0695652173913043,0.452173913043478,0.0260869565217391,0.0260869565217391,1.47826086956522,0.426086956521739,0.0869565217391304,0.243478260869565,0.0521739130434783,0.0347826086956522,0.373913043478261,0,0.6,0.408695652173913,11.0173913043478,0.121739130434783,1.00869565217391,0.721739130434783,0.0956521739130435,7.6695652173913,0.0347826086956522,0.165217391304348,36943,8653,0.799060912068787,0.934959349593496,0.71875,75,38.208,15.8312316642506,9.51852930599566,-9.76309948046826,774.686956521739,909.478260869565,0.468085106382979,150,37169,37395,0,0,1
65535,37019,0.0657894736842105,0.0921052631578947,0.697368421052632,1.45394736842105,0.0328947368421053,0.0460526315789474,0.717105263157895,0.921052631578947,0.0526315789473684,0.486842105263158,0.105263157894737,0.0263157894736842,0.440789473684211,0.184210526315789,0.0394736842105263,0.322368421052632,0.0526315789473684,0.0394736842105263,0.506578947368421,0.0131578947368421,0.453947368421053,0.236842105263158,2.15789473684211,0.144736842105263,0.243421052631579,0.657894736842105,0.0723684210526316,9.09868421052632,0.0657894736842105,0.0986842105263158,37019,11437,0.798196672429654,0.938271604938272,0.687782805429864,75,45.453,18.1182052672089,10.9143513932254,-23.1284083967905,307.434210526316,912.671052631579,0,0,0,0,0,0,1
65535,37094,0.096969696969697,0.133333333333333,0.890909090909091,1.04242424242424,0.0121212121212121,0.0484848484848485,0.678787878787879,0.721212121212121,0.0545454545454545,0.339393939393939,0.206060606060606,0.0242424242424242,0.448484848484848,0.175757575757576,0.0727272727272727,0.212121212121212,0.0363636363636364,0.0787878787878788,0.527272727272727,0,0.448484848484848,0.236363636363636,1.1030303030303,0.2,0.327272727272727,0.727272727272727,0.121212121212121,9.33939393939394,0.0727272727272727,0.121212121212121,37094,12415,0.741885553038768,0.948275862068966,0.705128205128205,75,44.965,17.8569130361272,11.9735339180951,81.4940990037754,1313.42424242424,916.339393939394,0,0,0,0,0,0,1
65535,37169,0.752577319587629,0.11340206185567,0.144329896907216,0.0721649484536082,0.0515463917525773,0.0412371134020619,0.175257731958763,0.45360824742268,0.0309278350515464,0.247422680412371,0.0412371134020619,0.0412371134020619,1.15463917525773,0.185567010309278,0.0206185567010309,0.0618556701030928,0.0618556701030928,0.0618556701030928,0.0927835051546392,0.0103092783505155,0.329896907216495,0.123711340206186,0.34020618556701,0.0721649484536082,0.618556701030928,0.298969072164948,0.0103092783505155,3.11340206185567,0.0721649484536082,0.0309278350515464,37169,7298,0.564368319054825,0.932692307692308,0.678321678321678,75,34.379,12.4385638358226,10.268321866297,9.34251896764404,767.175257731959,917.226804123711,0.581395348837209,150,36943,37395,0,0,1
65535,37244,0.0694444444444444,0.142361111111111,0.795138888888889,1.12152777777778,0.0243055555555556,0.0590277777777778,0.527777777777778,0.729166666666667,0.0625,0.322916666666667,0.0868055555555556,0.0173611111111111,0.302083333333333,0.225694444444444,0.0416666666666667,0.211805555555556,0.0451388888888889,0.0347222222222222,0.395833333333333,0.00347222222222222,0.475694444444444,0.232638888888889,1.20138888888889,0.225694444444444,0.1875,0.902777777777778,0.0972222222222222,8.50694444444444,0.0381944444444444,0.0902777777777778,37244,21669,0.775013650207391,0.847058823529412,0.544423440453686,75,75.921,26.1530979215885,16.5273062014546,46.5941635875385,1197.14930555556,916.645833333333,0.282828282828283,75,36642,0,0,0,1
65535,37320,0.126436781609195,0.0804597701149425,1.11494252873563,0.816091954022989,0.0459770114942529,0.0344827586206897,0.724137931034483,0.781609195402299,0.0344827586206897,0.586206896551724,0.0114942528735632,0.0229885057471264,0.597701149425287,0.218390804597701,0.0344827586206897,0.126436781609195,0.0574712643678161,0.0459770114942529,0.574712643678161,0.0114942528735632,0.609195402298851,0.206896551724138,3.50574712643678,0.137931034482759,0.379310344827586,0.735632183908046,0.137931034482759,8.50574712643678,0.0459770114942529,0.0689655172413793,37320,6546,0.674758868042162,0.896907216494845,0.604166666666667,75,33.734,12.6355323861588,9.32550630884446,-61.275210919998,89.4022988505747,917.068965517241,0.674418604651163,150,36793,37696,0,0,1
65535,37395,0.272727272727273,0.171717171717172,0.333333333333333,0.191919191919192,0.0404040404040404,0.0505050505050505,3.08080808080808,0.888888888888889,0.0707070707070707,0.787878787878788,0.0606060606060606,0.0303030303030303,0.484848484848485,0.252525252525253,0.0505050505050505,0.202020202020202,0.0606060606060606,0.101010101010101,0.414141414141414,0.0101010101010101,1.46464646464646,0.232323232323232,1.19191919191919,0.202020202020202,1.1010101010101,0.797979797979798,0.0606060606060606,4.3030303030303,0.111111111111111,0.0808080808080808,37395,7449,0.722802302247891,0.9,0.642857142857143,75,36.43,13.9510918945881,9.64096998057719,36.5496729723277,776.69696969697,919,0.577777777777778,150,36943,37169,0,0,1
65535,37470,0.0826446280991736,0.132231404958678,0.462809917355372,0.669421487603306,0.00826446280991736,0.0247933884297521,0.338842975206612,0.644628099173554,0.0413223140495868,0.702479338842975,0.0826446280991736,0.0165289256198347,0.289256198347107,0.198347107438017,0.0330578512396694,0.231404958677686,0.0661157024793388,0.0578512396694215,0.471074380165289,0.00826446280991736,0.950413223140496,0.322314049586777,0.355371900826446,0.165289256198347,0.28099173553719,0.834710743801653,0.0743801652892562,5.71074380165289,0.0909090909090909,0.107438016528926,37470,9104,0.648874903792833,0.952755905511811,0.720238095238095,75,36.827,14.3174889503734,10.8941072433174,59.3222519564378,890.826446280992,916.504132231405,0,0,0,0,0,0,1
65535,37545,0.0578512396694215,0.12396694214876,0.570247933884298,1.61157024793388,0.00826446280991736,0.00826446280991736,0.603305785123967,0.793388429752066,0.0247933884297521,0.396694214876033,0.165289256198347,0.0165289256198347,0.297520661157025,0.214876033057851,0.0165289256198347,0.206611570247934,0.0413223140495868,0.0413223140495868,0.495867768595041,0,0.338842975206612,0.297520661157025,0.528925619834711,0.206611570247934,0.198347107438017,1.12396694214876,0.0495867768595041,7.69421487603306,0.0661157024793388,0.0413223140495868,37545,9104,0.710185012587769,0.952755905511811,0.720238095238095,75,37.472,14.8834878078953,10.4782000186101,-32.7212054680699,1009.37190082645,920.661157024793,0,0,0,0,0,0,1
65535,37621,0.216666666666667,0.0916666666666667,0.633333333333333,1.75833333333333,0.0583333333333333,0.0416666666666667,0.975,1.375,0.108333333333333,0.483333333333333,0.125,0.025,0.525,0.333333333333333,0.108333333333333,0.383333333333333,0.0583333333333333,0.0333333333333333,0.383333333333333,0,0.641666666666667,0.341666666666667,1.04166666666667,0.325,0.4,0.966666666666667,0.108333333333333,12.675,0.0916666666666667,0.0833333333333333,37621,9029,0.637143045813223,0.930232558139535,0.659340659340659,75,38.051,14.2265904104297,10.9650815857776,60.5410106560784,24.9583333333333,920.025,0,0,0,0,0,0,1
65535,37696,0.130952380952381,0.0833333333333333,0.642857142857143,1.26190476190476,0.0238095238095238,0.0119047619047619,0.857142857142857,0.845238095238095,0.0595238095238095,0.571428571428571,0.0714285714285714,0.0119047619047619,0.869047619047619,0.238095238095238,0.0595238095238095,0.285714285714286,0.0238095238095238,0.0357142857142857,0.595238095238095,0,1.13095238095238,0.392857142857143,1.70238095238095,0.25,0.30952380952381,0.976190476190476,0.142857142857143,8.53571428571429,0.0714285714285714,0.107142857142857,37696,6320,0.550241401290932,0.933333333333333,0.636363636363636,75,32.146,11.6309686963818,9.71192433111305,-53.8573507750237,82.9880952380952,921.416666666667,0.48780487804878,150,36793,37320,0,0,1
65535,37771,0.0948905109489051,0.145985401459854,0.394160583941606,0.277372262773723,0,0.0364963503649635,0.518248175182482,1.16058394160584,0.0072992700729927,0.671532846715328,0,0.0291970802919708,2.95620437956204,0.18978102189781,0.0510948905109489,0.335766423357664,0.0583941605839416,0.072992700729927,0.372262773722628,0.0072992700729927,0.89051094890511,0.35036496350365,2.05109489051095,0.321167883211679,0.934306569343066,0.839416058394161,0.0510948905109489,7.01459854014599,0.0510948905109489,0.0510948905109489,37771,10308,0.722503798278975,0.951388888888889,0.702564102564103,75,40.474,16.0633987958732,11.1057030544432,-32.0539777787632,966.167883211679,920.313868613139,0,0,0,0,0,0,1
65535,37846,0.211864406779661,0.11864406779661,0.228813559322034,0.576271186440678,0.0169491525423729,0.0254237288135593,0.389830508474576,0.889830508474576,0.0254237288135593,0.483050847457627,0.0423728813559322,0.0338983050847458,0.669491525423729,0.14406779661017,0.0338983050847458,0.186440677966102,0.0254237288135593,0.0423728813559322,0.296610169491525,0.0169491525423729,0.73728813559322,0.305084745762712,0.508474576271186,0.169491525423729,0.601694915254237,0.796610169491525,0.101694915254237,6.50847457627119,0.101694915254237,0.0677966101694915,37846,8878,0.734171063690757,0.929133858267717,0.655555555555556,75,38.605,15.1550893819128,10.2897683205559,-61.1420465044564,602.21186440678,923.762711864407,0,0,0,0,0,0,1
65535,37922,0.180327868852459,0.114754098360656,0.286885245901639,0.418032786885246,0.0245901639344262,0.0573770491803279,0.368852459016393,0.704918032786885,0.0245901639344262,0.631147540983607,0.0983606557377049,0.0163934426229508,0.59016393442623,0.188524590163934,0.0491803278688525,0.229508196721311,0.0491803278688525,0.0737704918032787,0.401639344262295,0.0327868852459016,0.713114754098361,0.188524590163934,2.4672131147541,0.229508196721311,0.467213114754098,0.639344262295082,0.0737704918032787,5.20491803278689,0.0983606557377049,0.0655737704918033,37922,9179,0.625981300008624,0.945736434108527,0.677777777777778,75,38.051,14.2300355669146,11.0971234416794,-11.5054235588026,479.696721311475,925.385245901639,0,0,0,0,0,0,1
65535,37997,0.125874125874126,0.132867132867133,0.34965034965035,0.356643356643357,0.00699300699300699,0.027972027972028,0.307692307692308,0.783216783216783,0.034965034965035,0.454545454545455,0.048951048951049,0.00699300699300699,0.510489510489511,0.160839160839161,0.027972027972028,0.111888111888112,0.0909090909090909,0.013986013986014,0.293706293706294,0.020979020979021,0.706293706293706,0.181818181818182,1.21678321678322,0.146853146853147,0.461538461538462,0.405594405594406,0.034965034965035,4.56643356643357,0.0979020979020979,0.0629370629370629,37997,10759,0.826020809855304,0.89375,0.662037037037037,75,45.618,18.6374175364907,10.504786945526,4.33817803739696,1279.24475524476,924.307692307692,0,0,0,0,0,0,1
65535,38072,0.329479768786127,0.0635838150289017,0.323699421965318,0.161849710982659,0.0346820809248555,0.0289017341040462,7.13872832369942,1.80346820809249,0.069364161849711,0.364161849710983,0.0520231213872832,0.0289017341040462,1.96531791907514,0.312138728323699,0.208092485549133,0.213872832369942,0.0346820809248555,0.121387283236994,0.294797687861272,0.0173410404624277,0.653179190751445,0.248554913294798,2.34682080924856,0.277456647398844,1.48554913294798,0.780346820809249,0.0867052023121387,7.8728323699422,0.132947976878613,0.0867052023121387,38072,13017,0.857243029577109,0.891752577319588,0.569078947368421,75,51.151,21.5694001209547,11.1063433843951,32.8888643020627,1402.01156069364,923.803468208092,0,0,0,0,0,0,1
65535,38147,0.225225225225225,0.126126126126126,0.423423423423423,0.297297297297297,0.0630630630630631,0.027027027027027,0.243243243243243,0.504504504504504,0.0540540540540541,0.351351351351351,0.0720720720720721,0.027027027027027,0.216216216216216,0.135135135135135,0.00900900900900901,0.117117117117117,0.045045045045045,0.0630630630630631,0.468468468468468,0.018018018018018,0.252252252252252,0.234234234234234,0.396396396396396,0.0720720720720721,0.279279279279279,0.522522522522523,0.027027027027027,3.95495495495496,0.0540540540540541,0.045045045045045,38147,8352,0.645135458311117,0.948717948717949,0.720779220779221,75,35.512,13.7159717678975,10.4799380949162,6.02136191910655,938.765765765766,930.666666666667,0,0,0,0,0,0,1
65535,38222,0.126984126984127,0.150793650793651,0.634920634920635,0.738095238095238,0.0396825396825397,0.0714285714285714,0.444444444444444,0.825396825396825,0.00793650793650794,0.5,0.0873015873015873,0,0.531746031746032,0.198412698412698,0.0317460317460317,0.253968253968254,0.0238095238095238,0.0317460317460317,0.46031746031746,0,0.642857142857143,0.182539682539683,0.333333333333333,0.0714285714285714,0.349206349206349,0.801587301587302,0.111111111111111,5.33333333333333,0.0634920634920635,0.0793650793650794,38222,9480,0.405672896850122,0.961832061068702,0.745562130177515,75,37.836,13.3648665468066,12.215732951962,-68.3550624390068,1086.70634920635,935.793650793651,0.297872340425532,75,38599,0,0,0,1
65535,38298,0.0714285714285714,0.214285714285714,0.918367346938776,0.989795918367347,0.0510204081632653,0.0408163265306122,0.693877551020408,1.07142857142857,0.102040816326531,0.316326530612245,0.112244897959184,0.0204081632653061,0.377551020408163,0.23469387755102,0.0510204081632653,0.23469387755102,0.0306122448979592,0.0204081632653061,0.275510204081633,0.0102040816326531,0.448979591836735,0.316326530612245,1.28571428571429,0.173469387755102,0.346938775510204,0.877551020408163,0.0816326530612245,10.9897959183673,0.0510204081632653,0.102040816326531,38298,7374,0.783250404268113,0.890909090909091,0.685314685314685,75,36.132,14.5077641072412,9.01956928660079,60.1017190019575,1047.74489795918,938.489795918367,0.477272727272727,150,38523,38749,0,0,1
65535,38373,0.195652173913043,0.13768115942029,0.297101449275362,0.608695652173913,0.0217391304347826,0.0507246376811594,0.427536231884058,0.72463768115942,0.0144927536231884,0.768115942028985,0.0579710144927536,0.0289855072463768,0.876811594202899,0.195652173913043,0.0217391304347826,0.144927536231884,0.036231884057971,0.0797101449275362,0.405797101449275,0.0072463768115942,0.992753623188406,0.304347826086957,0.311594202898551,0.268115942028986,0.442028985507246,0.818840579710145,0.0869565217391304,5.55072463768116,0.108695652173913,0.0652173913043478,38373,10383,0.393922856876654,0.958333333333333,0.758241758241758,75,39.432,13.9590450485739,12.8303655927518,14.7409273292104,65.4565217391304,940.304347826087,0,0,0,0,0,0,1
65535,38448,0.0772200772200772,0.108108108108108,0.675675675675676,1.04247104247104,0.0540540540540541,0.0617760617760618,0.664092664092664,0.772200772200772,0.0231660231660232,0.386100386100386,0.131274131274131,0.0154440154440154,0.378378378378378,0.193050193050193,0.0193050193050193,0.258687258687259,0.0579150579150579,0.0463320463320463,0.366795366795367,0.00772200772200772,0.401544401544402,0.277992277992278,1.12741312741313,0.166023166023166,0.239382239382239,0.833976833976834,0.11969111969112,8.86100386100386,0.0656370656370656,0.0694980694980695,38448,19487,0.691496087281978,0.890034364261168,0.6256038647343,75,62.936,22.5412500968381,16.2833528767985,67.7422228485093,1000.9305019305,942.239382239382,0,0,0,0,0,0,1
65535,38523,0.102040816326531,0.0748299319727891,1.03401360544218,0.979591836734694,0.0340136054421769,0.0408163265306122,0.870748299319728,0.931972789115646,0.0884353741496599,0.442176870748299,0.170068027210884,0.0136054421768707,0.36734693877551,0.299319727891156,0.0680272108843537,0.217687074829932,0.0680272108843537,0.054421768707483,0.435374149659864,0.0136054421768707,0.380952380952381,0.360544217687075,2.72789115646259,0.217687074829932,0.156462585034014,1.10884353741497,0.108843537414966,10.5510204081633,0.0884353741496599,0.129251700680272,38523,11060,0.67605893570048,0.875,0.653333333333333,75,46.908,16.7078515699678,12.3111395349854,47.4422105238666,1037.9387755102,939.891156462585,0.368421052631579,75,38298,0,0,0,1
65535,38599,0.079646017699115,0.115044247787611,1.52212389380531,0.929203539823009,0.0973451327433628,0.0265486725663717,0.566371681415929,0.867256637168142,0.0442477876106195,0.230088495575221,0.221238938053097,0.00884955752212389,0.300884955752212,0.132743362831858,0.00884955752212389,0.150442477876106,0.0353982300884956,0.0442477876106195,0.371681415929204,0.00884955752212389,0.36283185840708,0.256637168141593,6.80530973451327,0.212389380530973,0.230088495575221,0.646017699115044,0.0530973451327434,11.4159292035398,0.0530973451327434,0.115044247787611,38599,8502,0.390747770833048,0.926229508196721,0.668639053254438,75,37.125,12.7216271161896,11.7102296331776,-64.3090316819167,1083.03539823009,946.955752212389,0.285714285714286,75,38222,0,0,0,1
65535,38674,0.0479452054794521,0.14041095890411,0.924657534246575,0.746575342465753,0.0410958904109589,0.0684931506849315,0.85958904109589,0.815068493150685,0.0342465753424658,0.424657534246575,0.0787671232876712,0.0102739726027397,0.25,0.174657534246575,0.0376712328767123,0.188356164383562,0.0445205479452055,0.0342465753424658,0.537671232876712,0.0102739726027397,0.51027397260274,0.195205479452055,2.11301369863014,0.222602739726027,0.356164383561644,0.962328767123288,0.11986301369863,8.03082191780822,0.0547945205479452,0.106164383561644,38674,21970,0.705223951407504,0.918238993710692,0.668192219679634,75,63.333,23.3756021808904,16.5729422145984,20.5582954742688,1198.44863013699,944.287671232877,0.17283950617284,75,39050,0,0,0,1
65535,38749,0.209756097560976,0.151219512195122,0.360975609756098,0.502439024390244,0.0292682926829268,0.0292682926829268,0.424390243902439,0.780487804878049,0.0487804878048781,0.917073170731707,0.0292682926829268,0.0146341463414634,0.326829268292683,0.214634146341463,0.024390243902439,0.214634146341463,0.0292682926829268,0.0439024390243902,0.31219512195122,0.0146341463414634,1.49756097560976,0.336585365853659,0.302439024390244,0.219512195121951,0.473170731707317,0.814634146341463,0.0829268292682927,5.8390243902439,0.11219512195122,0.0829268292682927,38749,15424,0.5477768418509,0.940366972477064,0.719298245614035,75,51.242,18.007813096469,15.0657773861178,83.7004348758728,1057.3756097561,949.765853658537,0.046875,75,38298,0,0,0,1
65535,38824,0.0819672131147541,0.0983606557377049,0.754098360655738,1.26229508196721,0.0491803278688525,0.0327868852459016,0.827868852459016,0.631147540983607,0.0491803278688525,0.409836065573771,0.147540983606557,0,0.59016393442623,0.213114754098361,0.0245901639344262,0.163934426229508,0.0245901639344262,0.0819672131147541,0.59016393442623,0,0.409836065573771,0.262295081967213,2.54918032786885,0.188524590163934,0.19672131147541,0.663934426229508,0.10655737704918,8.45081967213115,0.0901639344262295,0.040983606557377,38824,9179,0.607882403354816,0.960629921259842,0.67032967032967,75,37.497,14.1246435989187,11.2153493342768,32.7534074626037,46.2786885245902,951.934426229508,0,0,0,0,0,0,1
65535,38900,0.128440366972477,0.105504587155963,0.568807339449541,0.692660550458716,0.0229357798165138,0.0458715596330275,0.486238532110092,0.706422018348624,0.0229357798165138,0.422018348623853,0.137614678899083,0.0412844036697248,0.380733944954128,0.220183486238532,0.0458715596330275,0.151376146788991,0.0596330275229358,0.0458715596330275,0.600917431192661,0.00917431192660551,0.490825688073394,0.243119266055046,2.40825688073395,0.18348623853211,0.238532110091743,0.807339449541284,0.110091743119266,6.40825688073395,0.0825688073394495,0.0963302752293578,38900,16403,0.898520961042289,0.927659574468085,0.698717948717949,75,57.949,25.5722071227505,11.2244245347254,8.4339093481677,270.995412844037,952.376146788991,0,0,0,0,0,0,1
65535,38975,0.368,0.096,0.6,0.304,0.04,0.04,0.576,0.976,0.032,0.296,0.056,0,1.168,0.296,0.024,0.112,0.048,0.056,0.464,0.008,0.248,0.144,1.464,0.192,0.328,0.872,0.088,NaN,0.048,0.056,38975,9405,0.813264528709031,0.954198473282443,0.612745098039216,75,40.764,16.7466929892633,9.74480274762021,22.8842571831974,208.168,954.056,0,0,0,0,0,0,0
65535,39050,0.104838709677419,0.112903225806452,0.620967741935484,0.911290322580645,0,0.0483870967741935,0.491935483870968,0.564516129032258,0.0403225806451613,0.475806451612903,0.0725806451612903,0,0.42741935483871,0.201612903225806,0.0483870967741935,0.201612903225806,0.0483870967741935,0.0403225806451613,0.411290322580645,0.00806451612903226,0.395161290322581,0.201612903225806,0.830645161290323,0.185483870967742,0.145161290322581,0.798387096774194,0.0725806451612903,6.87903225806452,0.104838709677419,0.0645161290322581,39050,9330,0.635915042874101,0.953846153846154,0.751515151515151,75,37.836,14.3952966857126,11.1097007463458,-13.5638024763186,1202.87096774194,958.129032258065,0.276595744680851,75,38674,0,0,0,1
65535,39125,0.189542483660131,0.0522875816993464,0.542483660130719,0.379084967320261,0.0522875816993464,0.065359477124183,0.287581699346405,0.836601307189543,0.0588235294117647,0.372549019607843,0.0718954248366013,0.0065359477124183,0.418300653594771,0.143790849673203,0.0392156862745098,0.274509803921569,0.0522875816993464,0.0326797385620915,0.392156862745098,0,0.398692810457516,0.183006535947712,0.830065359477124,0.183006535947712,0.392156862745098,0.888888888888889,0.124183006535948,8.56209150326797,0.0849673202614379,0.111111111111111,39125,11512,0.648935600648279,0.95625,0.68,75,42.368,16.1153107561634,12.261226841677,-49.8191687080261,404.071895424837,960.679738562092,0,0,0,0,0,0,1
65535,39201,0.139423076923077,0.115384615384615,0.259615384615385,0.447115384615385,0.0192307692307692,0.0480769230769231,0.375,0.658653846153846,0.0288461538461538,1.01442307692308,0.0240384615384615,0.0192307692307692,0.524038461538462,0.341346153846154,0.0384615384615385,0.168269230769231,0.0769230769230769,0.0288461538461538,0.350961538461538,0.00480769230769231,1.27884615384615,0.336538461538462,0.375,0.211538461538462,0.423076923076923,0.798076923076923,0.100961538461538,5.03846153846154,0.0721153846153846,0.0865384615384615,39201,15650,0.44944920934317,0.95852534562212,0.719723183391004,75,49.861,17.3060366930125,15.4595844630776,33.7081180968845,859.980769230769,967.475961538462,0,0,0,0,0,0,1
65535,39276,0.0526315789473684,0.0909090909090909,0.555023923444976,1.13875598086124,0.0382775119617225,0.0191387559808612,0.545454545454545,0.732057416267943,0.0717703349282297,0.535885167464115,0.177033492822967,0.0287081339712919,0.315789473684211,0.205741626794258,0.0334928229665072,0.200956937799043,0.0382775119617225,0.0382775119617225,0.45933014354067,0.00956937799043062,0.421052631578947,0.330143540669856,0.755980861244019,0.162679425837321,0.177033492822967,1.08133971291866,0.105263157894737,8.69856459330144,0.0717703349282297,0.105263157894737,39276,15725,0.761621044699961,0.908695652173913,0.578947368421053,75,55.948,21.0916636426186,13.6678762443521,37.8546686794718,614.483253588517,967.794258373206,0,0,0,0,0,0,1
65535,39351,0.115942028985507,0.072463768115942,0.760869565217391,1.20289855072464,0.036231884057971,0.0144927536231884,0.5,0.644927536231884,0.0579710144927536,0.369565217391304,0.101449275362319,0.0144927536231884,0.318840579710145,0.181159420289855,0.0289855072463768,0.144927536231884,0.0652173913043478,0.0652173913043478,0.333333333333333,0.0072463768115942,0.355072463768116,0.246376811594203,0.956521739130435,0.173913043478261,0.173913043478261,1.15217391304348,0.123188405797101,7.6304347826087,0.0434782608695652,0.108695652173913,39351,10383,0.711174689606556,0.932432432432432,0.676470588235294,75,42.269,16.244700849195,11.4202738050565,12.1624432141243,689.586956521739,968.840579710145,0,0,0,0,0,0,1
65535,39426,0.107142857142857,0.0833333333333333,0.30952380952381,0.535714285714286,0.0178571428571429,0.0357142857142857,0.583333333333333,0.875,0.0535714285714286,0.505952380952381,0.0654761904761905,0.0119047619047619,0.958333333333333,0.214285714285714,0.0178571428571429,0.178571428571429,0.0833333333333333,0.0714285714285714,0.404761904761905,0.0119047619047619,0.797619047619048,0.172619047619048,0.255952380952381,0.261904761904762,0.547619047619048,0.660714285714286,0.0654761904761905,5.95833333333333,0.0357142857142857,0.0654761904761905,39426,12641,0.822184051342723,0.943820224719101,0.617647058823529,75,46.313,19.5268290858781,11.1150955676963,-41.400620063887,1369.07738095238,970.113095238095,0,0,0,0,0,0,1
65535,39502,0.0650887573964497,0.21301775147929,0.733727810650888,0.816568047337278,0.029585798816568,0.0236686390532544,0.585798816568047,0.816568047337278,0.0355029585798817,0.372781065088757,0.159763313609467,0.029585798816568,0.254437869822485,0.224852071005917,0.0355029585798817,0.207100591715976,0.029585798816568,0.0946745562130177,0.431952662721893,0.0177514792899408,0.325443786982249,0.27810650887574,2.18343195266272,0.100591715976331,0.130177514792899,0.887573964497041,0.106508875739645,7.28994082840237,0.112426035502959,0.0887573964497041,39502,12716,0.793768285594341,0.949438202247191,0.662745098039216,75,46.462,18.9918378005655,11.5512209013607,-33.3058268422812,112.721893491124,970.757396449704,0,0,0,0,0,0,1
65535,39577,0.0666666666666667,0.0333333333333333,0.666666666666667,1.55555555555556,0.0666666666666667,0.0111111111111111,0.633333333333333,0.788888888888889,0.0444444444444444,0.377777777777778,0.0444444444444444,0.0111111111111111,0.2,0.211111111111111,0.0333333333333333,0.222222222222222,0.0333333333333333,0.0111111111111111,0.188888888888889,0,0.377777777777778,0.277777777777778,0.777777777777778,0.144444444444444,0.255555555555556,1.04444444444444,0.0888888888888889,8.86666666666667,0.111111111111111,0.0666666666666667,39577,6772,0.666794230141071,0.9,0.692307692307692,75,34.007,12.6209559623854,9.40566490599807,-74.5986962807861,964.444444444444,972.2,0.48780487804878,75,39878,0,0,0,1
65535,39652,0.286764705882353,0.102941176470588,0.308823529411765,0.477941176470588,0.00735294117647059,0.0220588235294118,0.294117647058824,0.404411764705882,0.0441176470588235,0.573529411764706,0.147058823529412,0.0514705882352941,0.25,0.139705882352941,0.316176470588235,0.154411764705882,0.102941176470588,0.102941176470588,0.448529411764706,0.0147058823529412,0.522058823529412,0.132352941176471,0.213235294117647,0.132352941176471,0.220588235294118,0.463235294117647,0.0367647058823529,3.68382352941176,0.0955882352941176,0.0735294117647059,39652,10233,0.718881496140675,0.925170068027211,0.615384615384615,75,42.468,16.1055556129718,11.1954974766315,12.7744498921656,768.176470588235,973.154411764706,0,0,0,0,0,0,1
65535,39727,0.0465116279069767,0.124031007751938,0.542635658914729,1.17054263565891,0.0310077519379845,0.0542635658914729,0.542635658914729,0.798449612403101,0.062015503875969,0.193798449612403,0.108527131782946,0,0.325581395348837,0.13953488372093,0.00775193798449612,0.124031007751938,0.0310077519379845,0.0232558139534884,0.395348837209302,0.0155038759689922,0.263565891472868,0.147286821705426,0.550387596899225,0.108527131782946,0.178294573643411,0.449612403100775,0.108527131782946,7.93798449612403,0.0387596899224806,0.0542635658914729,39727,9706,0.456719148784992,0.948529411764706,0.708791208791209,75,39.73,13.8182729523454,12.2928867481052,-69.5653847625562,1043.7984496124,974.31007751938,0,0,0,0,0,0,1
65535,39803,0.0526315789473684,0.0855263157894737,0.618421052631579,0.973684210526316,0.0197368421052632,0.0394736842105263,0.756578947368421,0.75,0.0723684210526316,0.453947368421053,0.0592105263157895,0.0263157894736842,0.342105263157895,0.236842105263158,0.0263157894736842,0.236842105263158,0.105263157894737,0.0328947368421053,0.355263157894737,0.0263157894736842,0.802631578947368,0.322368421052632,1.19078947368421,0.289473684210526,0.236842105263158,0.914473684210526,0.0657894736842105,8.13815789473684,0.0921052631578947,0.0986842105263158,39803,11437,0.558051177590308,0.932515337423313,0.723809523809524,75,43.443,15.5524752810237,12.9055456017037,-84.2240631577309,343.282894736842,976.519736842105,0.377358490566038,150,40179,40555,0,0,1
65535,39878,0.0718232044198895,0.138121546961326,0.911602209944751,1.32596685082873,0.0276243093922652,0.0441988950276243,0.61878453038674,0.712707182320442,0.0662983425414365,0.30939226519337,0.0994475138121547,0.0220994475138122,0.30939226519337,0.18232044198895,0.0165745856353591,0.171270718232044,0.0386740331491713,0.0276243093922652,0.403314917127072,0.0276243093922652,0.574585635359116,0.276243093922652,1.12707182320442,0.314917127071823,0.138121546961326,1.03314917127072,0.0718232044198895,9.12154696132597,0.0883977900552486,0.0828729281767956,39878,13619,0.602417770642058,0.896039603960396,0.635087719298246,75,52.102,17.6705344926054,14.1042840157514,-8.99101359698037,954.022099447514,975.281767955801,0.343283582089552,75,39577,0,0,0,1
65535,39953,0.0520833333333333,0.125,0.552083333333333,1.40625,0.0625,0.0104166666666667,0.458333333333333,0.65625,0.0416666666666667,0.5,0.09375,0.0520833333333333,0.447916666666667,0.166666666666667,0.0208333333333333,0.333333333333333,0.0416666666666667,0.0416666666666667,0.395833333333333,0.0104166666666667,0.510416666666667,0.333333333333333,0.552083333333333,0.15625,0.21875,0.916666666666667,0.104166666666667,7.01041666666667,0.0208333333333333,0.0729166666666667,39953,7223,0.382800593055703,0.932038834951456,0.568047337278107,75,35.347,11.9257843669825,11.0174092290849,61.1539638459459,1066.71875,974.302083333333,0.456521739130435,75,40028,0,0,0,1
65535,40028,0.111111111111111,0.12962962962963,0.481481481481481,1.11111111111111,0.0555555555555556,0.0648148148148148,0.5,0.731481481481482,0.0277777777777778,0.398148148148148,0.0555555555555556,0.0277777777777778,0.342592592592593,0.148148148148148,0.0277777777777778,0.166666666666667,0.0740740740740741,0.0185185185185185,0.342592592592593,0.00925925925925926,0.453703703703704,0.259259259259259,0.592592592592593,0.101851851851852,0.277777777777778,0.814814814814815,0.157407407407407,8.07407407407407,0.0462962962962963,0.0462962962962963,40028,8126,0.790236676081511,0.931034482758621,0.6,75,37.861,15.3933223506726,9.43305501261964,60.0442589906465,1071.88888888889,981.074074074074,0.612244897959184,150,39953,40104,0,0,1
65535,40104,0.114093959731544,0.12751677852349,0.74496644295302,1.12080536912752,0.0604026845637584,0.0134228187919463,0.664429530201342,0.89261744966443,0.087248322147651,0.355704697986577,0.087248322147651,0.00671140939597315,0.516778523489933,0.261744966442953,0.0201342281879195,0.140939597315436,0.0536912751677852,0.0335570469798658,0.342281879194631,0.00671140939597315,0.463087248322148,0.228187919463087,1.19463087248322,0.140939597315436,0.194630872483221,0.939597315436242,0.134228187919463,9.54362416107383,0.087248322147651,0.161073825503356,40104,11211,0.660068318601343,0.949044585987261,0.716346153846154,75,41.971,16.0202049525779,12.0344672609456,-1.24819309009894,1086.46979865772,977.261744966443,0.12962962962963,75,40028,0,0,0,1
65535,40179,0.0909090909090909,0.0559440559440559,0.769230769230769,1.23076923076923,0.041958041958042,0.041958041958042,0.846153846153846,1.04195804195804,0.034965034965035,0.447552447552448,0.111888111888112,0.013986013986014,0.405594405594406,0.160839160839161,0.048951048951049,0.272727272727273,0.027972027972028,0.0559440559440559,0.384615384615385,0.00699300699300699,0.545454545454545,0.272727272727273,1.74125874125874,0.230769230769231,0.412587412587413,0.692307692307692,0.111888111888112,10.4615384615385,0.041958041958042,0.118881118881119,40179,10759,0.535701740598915,0.916666666666667,0.729591836734694,75,43.6,15.2776074051326,12.9005228288609,-44.8668109948682,354.111888111888,980.104895104895,0.673076923076923,150,39803,40555,0,0,1
65535,40254,0.397515527950311,0.161490683229814,0.546583850931677,0.527950310559006,0.0062111801242236,0.0869565217391304,0.726708074534162,1.03726708074534,0.0248447204968944,1.21739130434783,0.0993788819875776,0.0496894409937888,1.03105590062112,0.217391304347826,1.65217391304348,0.304347826086957,0.0869565217391304,0.130434782608696,1.16770186335404,0.0248447204968944,0.515527950310559,0.279503105590062,1.28571428571429,0.217391304347826,0.683229813664596,1.13664596273292,0.161490683229814,7.15527950310559,0.0807453416149068,0.105590062111801,40254,12114,0.848478351817552,0.930635838150289,0.605263157894737,75,47.529,19.8787856676472,10.5204514967201,-64.8273223546532,638.658385093168,980.236024844721,0,0,0,0,0,0,1
65535,40329,0.107758620689655,0.125,0.918103448275862,0.293103448275862,0.0172413793103448,0.0689655172413793,0.543103448275862,0.71551724137931,0.0344827586206897,0.301724137931034,0.0818965517241379,0.0344827586206897,0.357758620689655,0.172413793103448,0.021551724137931,0.142241379310345,0.021551724137931,0.0387931034482759,0.504310344827586,0.0129310344827586,0.362068965517241,0.275862068965517,4.87068965517241,0.267241379310345,0.327586206896552,0.603448275862069,0.129310344827586,8.4698275862069,0.0646551724137931,0.0775862068965517,40329,17456,0.262720935552019,0.943089430894309,0.678362573099415,75,53.599,17.8148242097249,17.1890226059167,-37.3644279205729,1486.89655172414,987.883620689655,0,0,0,0,0,0,1
65535,40404,0.217105263157895,0.111842105263158,0.348684210526316,0.335526315789474,0.0197368421052632,0.0592105263157895,0.361842105263158,0.914473684210526,0.0263157894736842,0.480263157894737,0.0328947368421053,0.0197368421052632,0.473684210526316,0.171052631578947,0.0263157894736842,0.111842105263158,0.0592105263157895,0.0592105263157895,0.25,0.0131578947368421,0.513157894736842,0.296052631578947,1.22368421052632,0.25,0.447368421052632,0.546052631578947,0.118421052631579,4.56578947368421,0.0723684210526316,0.0460526315789474,40404,11437,0.815830692673004,0.955974842767296,0.727272727272727,75,44.113,18.5039150422856,10.7006443373462,7.20812938416483,934.5,988.427631578947,0,0,0,0,0,0,1
65535,40480,0.209944751381215,0.143646408839779,0.337016574585635,0.331491712707182,0.0331491712707182,0.0110497237569061,0.403314917127072,1.01657458563536,0.0220994475138122,0.767955801104972,0.0607734806629834,0.0331491712707182,1.51381215469613,0.265193370165746,0.0497237569060773,0.226519337016575,0.0718232044198895,0.0331491712707182,0.342541436464088,0.0220994475138122,1.4585635359116,0.375690607734807,0.364640883977901,0.193370165745856,0.43646408839779,0.861878453038674,0.0718232044198895,5.39226519337017,0.0883977900552486,0.0441988950276243,40480,13619,0.653713490991473,0.952631578947368,0.718253968253968,75,46.098,17.5152666058853,13.2545403946955,-69.4948823229397,233.254143646409,992.204419889503,0,0,0,0,0,0,1
65535,40555,0.16289592760181,0.135746606334842,0.678733031674208,0.787330316742081,0.0271493212669683,0.0316742081447964,0.642533936651584,1.36651583710407,0.0226244343891403,0.923076923076923,0.0678733031674208,0.00452488687782805,0.556561085972851,0.339366515837104,0.0316742081447964,0.30316742081448,0.0542986425339367,0.0361990950226244,0.461538461538462,0.00452488687782805,1.47058823529412,0.375565610859729,3.08597285067873,0.271493212669683,0.506787330316742,1.0316742081448,0.153846153846154,8.52036199095023,0.0950226244343891,0.131221719457014,40555,16628,0.703054926339088,0.928571428571429,0.657738095238095,75,58.181,20.5744490649503,14.6312221528576,-20.4279650331261,354.873303167421,992.081447963801,0.301369863013699,150,39803,40179,0,0,1
65535,40630,0.0559006211180124,0.149068322981366,0.440993788819876,1.06832298136646,0.0683229813664596,0.0496894409937888,0.372670807453416,0.627329192546584,0.0124223602484472,0.335403726708075,0.0559006211180124,0.031055900621118,0.217391304347826,0.180124223602484,0.0434782608695652,0.15527950310559,0.062111801242236,0.0496894409937888,0.354037267080745,0,0.422360248447205,0.217391304347826,0.714285714285714,0.136645962732919,0.186335403726708,0.559006211180124,0.0559006211180124,5.8944099378882,0.0559006211180124,0.0745341614906832,40630,12114,0.745105213417992,0.925287356321839,0.591911764705882,75,46.793,17.8786955974876,11.9241413221067,32.4261786791698,719.906832298137,992.11801242236,0,0,0,0,0,0,1
65535,40705,0.0701754385964912,0.087719298245614,0.701754385964912,0.271929824561404,0.0263157894736842,0.0175438596491228,0.289473684210526,0.56140350877193,0.043859649122807,0.324561403508772,0.0087719298245614,0.0175438596491228,0.254385964912281,0.166666666666667,0.0526315789473684,0.140350877192982,0.043859649122807,0.0087719298245614,0.543859649122807,0.0263157894736842,0.491228070175439,0.192982456140351,3.42105263157895,0.140350877192982,0.271929824561404,0.736842105263158,0.0701754385964912,4.46491228070175,0.12280701754386,0.0614035087719298,40705,8577,0.559646064920479,0.942148760330578,0.678571428571429,75,36.728,13.4607520876675,11.155352378603,-85.6100028811771,1313.88596491228,993.912280701754,0,0,0,0,0,0,1
65535,40781,0.455958549222798,0.207253886010363,0.632124352331606,0.259067357512953,0.0414507772020725,0.103626943005181,0.886010362694301,1.68911917098446,0.0725388601036269,1.19689119170984,0.0880829015544041,0.0725388601036269,4.02072538860104,0.295336787564767,2.73056994818653,0.269430051813472,0.0880829015544041,0.0673575129533679,0.538860103626943,0.0259067357512953,0.492227979274611,0.321243523316062,7.19170984455959,0.22279792746114,0.927461139896373,0.94300518134715,0.119170984455959,8.87564766839378,0.0725388601036269,0.139896373056995,40781,14522,0.687887819941107,0.941463414634146,0.670138888888889,75,48.728,18.5691633371948,13.4778148056746,-21.779236434988,572.787564766839,995.466321243523,0,0,0,0,0,0,1
65535,40856,0.0991735537190083,0.0826446280991736,0.743801652892562,0.578512396694215,0.0165289256198347,0.0165289256198347,0.429752066115702,0.925619834710744,0.0578512396694215,0.148760330578512,0.0413223140495868,0.0247933884297521,0.338842975206612,0.173553719008264,0.0661157024793388,0.190082644628099,0.0495867768595041,0.0330578512396694,0.487603305785124,0,0.289256198347107,0.223140495867769,2.92561983471074,0.132231404958678,0.297520661157025,0.619834710743802,0.0661157024793388,7.79338842975207,0.0330578512396694,0.140495867768595,40856,9104,0.699383417904865,0.9453125,0.733333333333333,75,37.29,14.7743671762685,10.559930076326,-6.74944052105271,1052.76859504132,996.115702479339,0,0,0,0,0,0,1
65535,40931,0.188340807174888,0.130044843049327,0.322869955156951,0.515695067264574,0.0134529147982063,0.0493273542600897,0.295964125560538,0.757847533632287,0.0179372197309417,0.533632286995516,0.062780269058296,0,0.663677130044843,0.224215246636771,0.0672645739910314,0.170403587443946,0.0358744394618834,0.031390134529148,0.385650224215247,0.031390134529148,0.618834080717489,0.246636771300448,1.69506726457399,0.224215246636771,0.457399103139013,0.739910313901345,0.0672645739910314,5.40807174887892,0.0448430493273543,0.0358744394618834,40931,16779,0.912259157883401,0.929166666666667,0.594666666666667,75,59.777,26.7761336019791,10.9678661108813,18.4039602404543,904.448430493274,998.242152466368,0.192307692307692,75,41232,0,0,0,1
65535,41006,0.714285714285714,0.108571428571429,0.674285714285714,0.48,0.0342857142857143,0.0457142857142857,1.04,1.04571428571429,0.0685714285714286,0.468571428571429,0.0914285714285714,0.0342857142857143,1.35428571428571,0.228571428571429,0.0742857142857143,0.257142857142857,0.0457142857142857,0.0685714285714286,0.497142857142857,0.00571428571428571,0.457142857142857,0.182857142857143,2.35428571428571,0.2,0.742857142857143,0.64,0.114285714285714,8.02285714285714,0.0857142857142857,0.0628571428571429,41006,13167,0.845281695948095,0.902061855670103,0.641025641025641,75,50.506,20.9691144897966,11.2042367213032,12.9466179480147,1199.59428571429,1001.10857142857,0,0,0,0,0,0,1
65535,41082,0.106382978723404,0.106382978723404,0.50531914893617,0.861702127659574,0.0212765957446809,0.0797872340425532,0.49468085106383,0.76063829787234,0.0638297872340425,0.377659574468085,0.0797872340425532,0.0212765957446809,0.329787234042553,0.186170212765957,0.0159574468085106,0.180851063829787,0.0265957446808511,0.0425531914893617,0.430851063829787,0,0.367021276595745,0.223404255319149,0.771276595744681,0.154255319148936,0.26063829787234,0.936170212765957,0.111702127659574,6.87234042553191,0.0585106382978723,0.0904255319148936,41082,14145,0.646415125936209,0.944723618090452,0.746031746031746,75,47.487,17.8544201003852,13.6226708052071,80.1347818641032,1151.53191489362,998.781914893617,0,0,0,0,0,0,1
65535,41157,0.122302158273381,0.122302158273381,0.266187050359712,0.76978417266187,0.0287769784172662,0.00719424460431655,0.258992805755396,0.589928057553957,0.0143884892086331,0.661870503597122,0.079136690647482,0.00719424460431655,0.323741007194245,0.143884892086331,0.0215827338129496,0.100719424460432,0.0431654676258993,0.0719424460431655,0.39568345323741,0,0.597122302158273,0.18705035971223,0.381294964028777,0.223021582733813,0.251798561151079,0.482014388489209,0.122302158273381,4.64748201438849,0.107913669064748,0.0431654676258993,41157,10459,0.751111031748793,0.945578231292517,0.617777777777778,75,41.897,16.5757743769107,10.942926755478,45.5969296046264,516.640287769784,1002.31654676259,0,0,0,0,0,0,1
65535,41232,0.16260162601626,0.130081300813008,0.601626016260163,0.764227642276423,0.040650406504065,0.0650406504065041,0.560975609756098,0.894308943089431,0.024390243902439,0.471544715447154,0.0731707317073171,0.016260162601626,0.32520325203252,0.260162601626016,0.0813008130081301,0.227642276422764,0.040650406504065,0.0650406504065041,0.601626016260163,0,0.495934959349593,0.252032520325203,0.398373983739837,0.203252032520325,0.219512195121951,0.804878048780488,0.0975609756097561,7.85365853658537,0.024390243902439,0.121951219512195,41232,9255,0.633491843003523,0.924812030075188,0.630769230769231,75,39.267,14.5226814439138,11.2369155923434,19.9935315937764,918.382113821138,1002.78861788618,0.34,75,40931,0,0,0,1
65535,41307,0.139393939393939,0.109090909090909,0.272727272727273,0.36969696969697,0.0484848484848485,0.0363636363636364,0.327272727272727,0.521212121212121,0.0787878787878788,0.496969696969697,0.109090909090909,0.0121212121212121,0.321212121212121,0.187878787878788,0.0121212121212121,0.0848484848484849,0.0424242424242424,0.0242424242424242,0.406060606060606,0.0303030303030303,0.412121212121212,0.151515151515152,0.521212121212121,0.096969696969697,0.327272727272727,0.587878787878788,0.0727272727272727,3.67878787878788,0.0545454545454545,0.0727272727272727,41307,12415,0.705783857314225,0.948275862068966,0.705128205128205,75,45.18,17.3328191167083,12.2790411150589,-4.5206453958912,1035.11515151515,1005.77575757576,0,0,0,0,0,0,1
65535,41383,0.115044247787611,0.0619469026548673,0.150442477876106,0.495575221238938,0.0265486725663717,0.0265486725663717,0.336283185840708,0.469026548672566,0.0265486725663717,0.575221238938053,0.0442477876106195,0.0265486725663717,0.353982300884956,0.150442477876106,0.0442477876106195,0.150442477876106,0.0530973451327434,0.0442477876106195,0.31858407079646,0.00884955752212389,0.752212389380531,0.168141592920354,0.212389380530973,0.106194690265487,0.31858407079646,0.495575221238938,0.106194690265487,3.30973451327434,0.0442477876106195,0.0353982300884956,41383,8502,0.364766980057315,0.965811965811966,0.784722222222222,75,34.842,12.4889671300571,11.6284628103475,51.575096544514,211.477876106195,1007.65486725664,0,0,0,0,0,0,1
65535,41458,0.0666666666666667,0.1,0.56,0.346666666666667,0.0333333333333333,0.0666666666666667,0.32,0.513333333333333,0.04,0.253333333333333,0.0666666666666667,0.00666666666666667,0.246666666666667,0.126666666666667,0.06,0.16,0.02,0.0333333333333333,0.493333333333333,0,0.2,0.333333333333333,2.56666666666667,0.0866666666666667,0.253333333333333,0.54,0.113333333333333,4.88666666666667,0.08,0.0333333333333333,41458,11286,0.826074330333038,0.909090909090909,0.641025641025641,75,46.379,18.9056234519155,10.6544754135916,-67.454759875414,798.753333333333,1009.07333333333,0,0,0,0,0,0,1
65535,41533,0.176991150442478,0.115044247787611,0.407079646017699,0.194690265486726,0.0442477876106195,0.0884955752212389,0.557522123893805,0.946902654867257,0.0176991150442478,0.415929203539823,0.0265486725663717,0.0176991150442478,4.16814159292035,0.274336283185841,0.0530973451327434,0.150442477876106,0.123893805309735,0.0442477876106195,0.424778761061947,0,0.893805309734513,0.256637168141593,3.07079646017699,0.132743362831858,1.01769911504425,0.84070796460177,0.132743362831858,6.91150442477876,0.0353982300884956,0.079646017699115,41533,8502,0.654437850040904,0.965811965811966,0.668639053254438,75,35.438,13.8840542224495,10.4979527420019,45,640.176991150443,1013.17699115044,0,0,0,0,0,0,1
65535,41608,0.072,0.112,0.736,1.056,0.04,0.056,0.296,0.632,0.048,0.344,0.096,0,0.312,0.2,0.312,0.192,0.024,0.04,0.504,0.008,0.32,0.248,2.112,0.16,0.168,0.752,0.064,6.376,0.08,0.128,41608,9405,0.715537684677742,0.932835820895522,0.637755102040816,75,38.994,15.2811155155425,10.6749920499882,48.2724660383312,869.104,1018.152,0,0,0,0,0,0,1
65535,41684,0.0962962962962963,0.0740740740740741,0.651851851851852,0.311111111111111,0.0222222222222222,0.0666666666666667,0.407407407407407,0.725925925925926,0.0518518518518519,0.340740740740741,0.0666666666666667,0.0148148148148148,0.251851851851852,0.118518518518519,0.377777777777778,0.207407407407407,0.0222222222222222,0.0148148148148148,0.481481481481481,0,0.385185185185185,0.155555555555556,0.562962962962963,0.162962962962963,0.444444444444444,0.622222222222222,0.111111111111111,6.68148148148148,0.0592592592592593,0.037037037037037,41684,10158,0.666188705145008,0.964285714285714,0.692307692307692,75,38.994,15.2624072566905,11.3824472073952,55.8514631394301,1160.78518518519,1016.88888888889,0,0,0,0,0,0,1
65535,41759,0.106508875739645,0.118343195266272,0.366863905325444,0.514792899408284,0.0177514792899408,0.0236686390532544,0.556213017751479,0.988165680473373,0.00591715976331361,0.544378698224852,0.0355029585798817,0.0236686390532544,0.674556213017751,0.230769230769231,0.0414201183431953,0.224852071005917,0.0650887573964497,0.0414201183431953,0.579881656804734,0.0118343195266272,0.828402366863905,0.325443786982249,1.44378698224852,0.201183431952663,0.733727810650888,0.804733727810651,0.14792899408284,7.12426035502959,0.100591715976331,0.0887573964497041,41759,12716,0.530470050025256,0.954802259887006,0.754464285714286,75,43.931,16.0536994155903,13.608780043241,17.5850599388343,153.479289940828,1018.53846153846,0,0,0,0,0,0,1
65535,41834,0.0616438356164384,0.10958904109589,0.253424657534247,0.383561643835616,0.0136986301369863,0.0616438356164384,0.404109589041096,0.684931506849315,0.0205479452054795,0.657534246575342,0.0273972602739726,0.0205479452054795,0.431506849315069,0.150684931506849,0.0205479452054795,0.13013698630137,0.0205479452054795,0.0821917808219178,0.452054794520548,0.0136986301369863,0.924657534246575,0.294520547945205,0.773972602739726,0.13013698630137,0.705479452054795,0.801369863013699,0.102739726027397,5.78767123287671,0.0616438356164384,0.0684931506849315,41834,10985,0.692552019332123,0.954248366013072,0.748717948717949,75,41.971,16.1906330854871,11.6794035874599,27.1872418987847,1341.53424657534,1017.55479452055,0,0,0,0,0,0,1
65535,41909,0.072,0.072,0.368,0.776,0.048,0.04,0.288,0.504,0.04,0.264,0.056,0.024,0.4,0.12,0.008,0.112,0.032,0.008,0.28,0.008,0.376,0.176,0.584,0.184,0.192,0.512,0.096,4.8,0.032,0.072,41909,9405,0.644492992958236,0.954198473282443,0.686813186813187,75,38.051,14.5333104223564,11.1123176175851,57.5410495793244,1014.224,1019.264,0,0,0,0,0,0,1
65535,41985,0.188571428571429,0.102857142857143,0.422857142857143,0.394285714285714,0.0171428571428571,0.0628571428571429,0.508571428571429,0.714285714285714,0.0114285714285714,0.565714285714286,0.0514285714285714,0.0114285714285714,1.04,0.205714285714286,0.04,0.16,0.0342857142857143,0.0342857142857143,0.468571428571429,0.00571428571428571,0.811428571428571,0.262857142857143,0.84,0.188571428571429,0.548571428571429,0.697142857142857,0.08,6.61714285714286,0.0571428571428571,0.0685714285714286,41985,13167,0.446298904264483,0.906735751295337,0.571895424836601,75,50.506,16.3234547058892,14.6075976621066,-54.5181902241393,1209.37142857143,1020.59428571429,0.359375,75,42586,0,0,0,1
65535,42060,0.155778894472362,0.160804020100503,0.522613065326633,0.472361809045226,0.0351758793969849,0.0402010050251256,0.417085427135678,0.894472361809045,0.0201005025125628,0.628140703517588,0.0603015075376884,0.0150753768844221,0.577889447236181,0.226130653266332,0.0201005025125628,0.201005025125628,0.0653266331658292,0.0452261306532663,0.336683417085427,0,1.03015075376884,0.256281407035176,1.27638190954774,0.256281407035176,0.522613065326633,0.85427135678392,0.0452261306532663,5.81909547738693,0.115577889447236,0.0552763819095477,42060,14973,0.511405394001001,0.952153110047847,0.690972222222222,75,48.455,17.2713530620366,14.8419573791376,4.84272393581916,1294.86934673367,1021.66834170854,0.142857142857143,75,42737,0,0,0,1
65535,42135,0.0333333333333333,0.1375,0.704166666666667,1.42083333333333,0.0208333333333333,0.0416666666666667,1.2,0.75,0.0458333333333333,0.5625,0.0666666666666667,0.00833333333333333,0.308333333333333,0.154166666666667,0.0541666666666667,0.225,0.0333333333333333,0.05,0.4625,0.00833333333333333,0.5125,0.195833333333333,0.85,0.270833333333333,0.233333333333333,0.983333333333333,0.0625,8.17916666666667,0.0708333333333333,0.0833333333333333,42135,18058,0.732256578759334,0.963855421686747,0.75,75,54.401,21.3741082559337,14.5563844960539,23.2408158841833,1407.325,1021.8625,0,0,0,0,0,0,1
65535,42210,0.136054421768708,0.115646258503401,0.653061224489796,1.43537414965986,0.0136054421768707,0.0272108843537415,0.625850340136054,0.829931972789116,0.0408163265306122,0.469387755102041,0.102040816326531,0.0272108843537415,0.333333333333333,0.326530612244898,0.442176870748299,0.244897959183673,0.0340136054421769,0.0408163265306122,0.551020408163265,0.0272108843537415,0.54421768707483,0.244897959183673,0.578231292517007,0.183673469387755,0.340136054421769,0.938775510204082,0.0680272108843537,8.51020408163265,0.0748299319727891,0.0612244897959184,42210,11060,0.552268862772962,0.954545454545455,0.7,75,41.136,15.065107038371,12.5592684608251,52.3558413690898,907.925170068027,1023.58503401361,0,0,0,0,0,0,1
65535,42286,0.15979381443299,0.103092783505155,0.649484536082474,0.77319587628866,0.0206185567010309,0.0309278350515464,0.623711340206186,0.793814432989691,0.0567010309278351,0.448453608247423,0.118556701030928,0.00515463917525773,0.458762886597938,0.27319587628866,0.0618556701030928,0.206185567010309,0.0618556701030928,0.0309278350515464,0.417525773195876,0.00515463917525773,0.61340206185567,0.242268041237113,0.72680412371134,0.221649484536082,0.365979381443299,0.979381443298969,0.108247422680412,7.46907216494845,0.0670103092783505,0.0876288659793814,42286,14597,0.817788944620335,0.92822966507177,0.570588235294118,75,52.218,21.1482149791089,12.1711834176925,-54.8136610185056,1123.53608247423,1023.64432989691,0,0,0,0,0,0,1
65535,42361,0.142011834319527,0.124260355029586,0.289940828402367,0.372781065088757,0.0236686390532544,0.0355029585798817,0.408284023668639,0.775147928994083,0.0177514792899408,0.437869822485207,0.0414201183431953,0.0236686390532544,0.869822485207101,0.201183431952663,0.0236686390532544,0.27810650887574,0.0650887573964497,0.0414201183431953,0.437869822485207,0.00591715976331361,0.538461538461538,0.284023668639053,1.06508875739645,0.248520710059172,0.390532544378698,0.615384615384615,0.0887573964497041,5.05917159763314,0.0473372781065089,0.0710059171597633,42361,12716,0.657482355681067,0.971264367816092,0.704166666666667,75,44.411,16.9819295398499,12.7953734482037,38.9293521075732,967.89349112426,1027.13017751479,0,0,0,0,0,0,1
65535,42436,0.167567567567568,0.0918918918918919,0.264864864864865,0.264864864864865,0.00540540540540541,0.0324324324324324,0.427027027027027,0.962162162162162,0.0378378378378378,0.594594594594595,0.0108108108108108,0.0216216216216216,0.913513513513514,0.286486486486487,0.027027027027027,0.2,0.0702702702702703,0.0216216216216216,0.221621621621622,0.0108108108108108,0.913513513513514,0.178378378378378,0.443243243243243,0.313513513513514,0.87027027027027,0.643243243243243,0.108108108108108,5.23243243243243,0.102702702702703,0.0486486486486487,42436,13920,0.381769176455507,0.958549222797927,0.72265625,75,45.916,16.052980515175,14.837090848225,-28.9268541087033,751.086486486486,1027.25945945946,0,0,0,0,0,0,1
65535,42511,0.104838709677419,0.0967741935483871,0.467741935483871,0.370967741935484,0.032258064516129,0.0483870967741935,0.32258064516129,0.782258064516129,0.0806451612903226,0.258064516129032,0.0967741935483871,0.0161290322580645,0.467741935483871,0.0725806451612903,0.032258064516129,0.145161290322581,0.0403225806451613,0.0161290322580645,0.379032258064516,0,0.362903225806452,0.161290322580645,3.21774193548387,0.129032258064516,0.274193548387097,0.411290322580645,0.0645161290322581,7.20161290322581,0.112903225806452,0.129032258064516,42511,9330,0.760868161386522,0.911764705882353,0.551111111111111,75,41.715,16.076117756541,10.4318972480972,-54.6098936171742,945.016129032258,1028.77419354839,0.388888888888889,75,42662,0,0,0,1
65535,42586,0.165680473372781,0.106508875739645,0.597633136094675,0.171597633136095,0.0236686390532544,0.0177514792899408,0.402366863905325,1.17159763313609,0.029585798816568,0.644970414201183,0.100591715976331,0.0177514792899408,1.04733727810651,0.266272189349112,0.0769230769230769,0.242603550295858,0.0591715976331361,0.0177514792899408,0.319526627218935,0.00591715976331361,0.834319526627219,0.218934911242604,2.88757396449704,0.224852071005917,0.514792899408284,0.644970414201183,0.0946745562130177,5.79881656804734,0.118343195266272,0.0828402366863905,42586,12716,0.408577163850555,0.918478260869565,0.66015625,75,47.024,15.6822528230932,14.3135650979658,63.1519271068631,1217.87573964497,1029.86982248521,0.383333333333333,75,41985,0,0,0,1
65535,42662,0.17,0.15,0.4,0.3,0.01,0.05,0.43,0.56,0,0.45,0.06,0.01,0.72,0.22,0.01,0.18,0.02,0.05,0.41,0,0.68,0.17,2.35,0.2,0.49,0.59,0.12,6.32,0.06,0.12,42662,7524,0.560526202976035,0.943396226415094,0.641025641025641,75,34.313,12.5610770164465,10.4022887315036,-39.6279201219851,936.68,1032.6,0.644444444444444,150,42511,43790,0,0,1
65535,42737,0.0983606557377049,0.0983606557377049,0.811475409836066,1.01639344262295,0.0245901639344262,0.0491803278688525,0.655737704918033,0.557377049180328,0.0655737704918033,0.59016393442623,0.139344262295082,0,0.30327868852459,0.237704918032787,0.0163934426229508,0.19672131147541,0.0573770491803279,0.0491803278688525,0.483606557377049,0,0.598360655737705,0.368852459016393,0.983606557377049,0.19672131147541,0.286885245901639,1.01639344262295,0.122950819672131,7.27868852459016,0.0491803278688525,0.114754098360656,42737,9179,0.71796781975477,0.924242424242424,0.635416666666667,75,39.904,15.1715989591276,10.5605904072513,-13.3611078463519,1305.75409836066,1032.68032786885,0.591836734693878,226,42060,43188,43565,0,1
65535,42812,0.126984126984127,0.121693121693122,0.484126984126984,1.6984126984127,0.037037037037037,0.0661375661375661,0.613756613756614,1.07936507936508,0.0529100529100529,0.746031746031746,0.158730158730159,0.0132275132275132,0.544973544973545,0.253968253968254,0.0291005291005291,0.259259259259259,0.0978835978835979,0.0608465608465608,0.486772486772487,0,0.888888888888889,0.41005291005291,0.804232804232804,0.30952380952381,0.243386243386243,1.10582010582011,0.0925925925925926,8.3015873015873,0.108465608465608,0.0714285714285714,42812,28441,0.703731188426022,0.926470588235294,0.65625,75,72.149,26.7156022869109,18.9805360679425,43.7894074576348,338.042328042328,1034.03439153439,0,0,0,0,0,0,1
65535,42887,0.157894736842105,0.0789473684210526,0.236842105263158,0.429824561403509,0.0087719298245614,0.0350877192982456,0.228070175438596,0.578947368421053,0,0.359649122807018,0.131578947368421,0.0175438596491228,0.192982456140351,0.157894736842105,0.0526315789473684,0.0701754385964912,0.0175438596491228,0.0701754385964912,0.43859649122807,0,0.385964912280702,0.201754385964912,0.587719298245614,0.157894736842105,0.219298245614035,0.903508771929825,0.114035087719298,4.56140350877193,0.114035087719298,0.114035087719298,42887,8577,0.510006107872119,0.966101694915254,0.730769230769231,75,34.958,13.0539743373645,11.2286472815524,-62.1798376133373,252.587719298246,1033.9649122807,0,0,0,0,0,0,1
65535,42963,0.133333333333333,0.141666666666667,0.166666666666667,0.558333333333333,0.0166666666666667,0.0583333333333333,0.35,0.633333333333333,0.025,0.458333333333333,0.0416666666666667,0.00833333333333333,0.275,0.175,0.025,0.133333333333333,0.00833333333333333,0.0416666666666667,0.383333333333333,0.00833333333333333,0.758333333333333,0.216666666666667,0.291666666666667,0.133333333333333,0.3,0.491666666666667,0.0583333333333333,3.99166666666667,0.0416666666666667,0.0416666666666667,42963,9029,0.501926214403642,0.923076923076923,0.659340659340659,75,38.44,13.463409370997,11.6446433702394,74.7786075163823,480.141666666667,1034.63333333333,0,0,0,0,0,0,1
65535,43038,0.101796407185629,0.0958083832335329,0.425149700598802,0.377245508982036,0.0239520958083832,0.0718562874251497,0.526946107784431,0.844311377245509,0.00598802395209581,0.706586826347305,0.0718562874251497,0.0239520958083832,0.526946107784431,0.221556886227545,0.119760479041916,0.155688622754491,0.0538922155688623,0.0658682634730539,0.652694610778443,0.0179640718562874,0.892215568862275,0.233532934131737,1.77245508982036,0.155688622754491,0.616766467065868,0.766467065868264,0.119760479041916,6.17365269461078,0.0778443113772455,0.0479041916167665,43038,12565,0.557080457623728,0.954285714285714,0.701680672268908,75,44.411,16.1724333776385,13.4305351878172,18.6107879949038,876.610778443114,1035.79640718563,0.0350877192982456,75,43113,0,0,0,1
65535,43113,0.14406779661017,0.0847457627118644,0.533898305084746,0.627118644067797,0.00847457627118644,0.0338983050847458,0.788135593220339,0.957627118644068,0.00847457627118644,0.364406779661017,0.0508474576271186,0.00847457627118644,0.457627118644068,0.169491525423729,0.0423728813559322,0.194915254237288,0.0169491525423729,0.0508474576271186,0.457627118644068,0,0.398305084745763,0.26271186440678,3.25423728813559,0.152542372881356,0.550847457627119,0.872881355932203,0.0847457627118644,7.59322033898305,0.110169491525424,0.0508474576271186,43113,8878,0.780644315854187,0.944,0.7375,75,37.654,15.6113303128979,9.75669992372283,-4.80385616069619,894.245762711864,1036.81355932203,0.0425531914893617,75,43038,0,0,0,1
65535,43188,0.0617283950617284,0.148148148148148,0.827160493827161,0.765432098765432,0.037037037037037,0,0.604938271604938,0.567901234567901,0.0246913580246914,0.617283950617284,0.148148148148148,0,0.419753086419753,0.17283950617284,0.037037037037037,0.0987654320987654,0.0246913580246914,0.0617283950617284,0.345679012345679,0.0123456790123457,0.654320987654321,0.296296296296296,1.2962962962963,0.148148148148148,0.283950617283951,1.11111111111111,0.0740740740740741,7.8641975308642,0.135802469135802,0.0246913580246914,43188,6095,0.718292910756593,0.870967741935484,0.623076923076923,75,33.701,12.8663137510275,8.95161973261551,-5.01678332469226,1300.11111111111,1039.14814814815,0.853658536585366,150,42737,43565,0,0,1
65535,43264,0.0608695652173913,0.0695652173913043,0.708695652173913,0.265217391304348,0.0130434782608696,0.0565217391304348,0.426086956521739,0.656521739130435,0.0217391304347826,0.334782608695652,0.0826086956521739,0.00434782608695652,0.243478260869565,0.160869565217391,0.0521739130434783,0.104347826086957,0.0217391304347826,0.0478260869565217,0.48695652173913,0.0173913043478261,0.321739130434783,0.269565217391304,3.62173913043478,0.160869565217391,0.295652173913043,0.665217391304348,0.11304347826087,6.01304347826087,0.0782608695652174,0.0608695652173913,43264,17305,0.341247008663725,0.946502057613169,0.672514619883041,75,52.772,17.8090961740519,16.7400812891309,87.2268743333499,444.830434782609,1040.2652173913,0,0,0,0,0,0,1
65535,43339,0.156462585034014,0.0952380952380952,0.306122448979592,0.639455782312925,0.0136054421768707,0.0340136054421769,0.251700680272109,0.673469387755102,0,0.687074829931973,0.054421768707483,0.0272108843537415,0.408163265306122,0.142857142857143,0.0816326530612245,0.129251700680272,0.0612244897959184,0.0476190476190476,0.326530612244898,0.0136054421768707,0.73469387755102,0.197278911564626,0.258503401360544,0.0748299319727891,0.340136054421769,0.462585034013605,0.0748299319727891,4.66666666666667,0.0816326530612245,0.0476190476190476,43339,11060,0.420133765414036,0.96078431372549,0.807692307692308,75,40.631,14.4479272181953,13.1109476177,-75.2699436009867,412.979591836735,1039.74829931973,0,0,0,0,0,0,1
65535,43414,0.145569620253165,0.158227848101266,0.379746835443038,0.556962025316456,0.0253164556962025,0.00632911392405063,0.386075949367089,0.474683544303797,0.0443037974683544,0.367088607594937,0.0632911392405063,0.0443037974683544,0.348101265822785,0.151898734177215,0.0189873417721519,0.132911392405063,0.0189873417721519,0.0379746835443038,0.215189873417722,0.00632911392405063,0.487341772151899,0.170886075949367,0.392405063291139,0.120253164556962,0.189873417721519,0.468354430379747,0.0632911392405063,4.44303797468354,0.0632911392405063,0.0632911392405063,43414,11888,0.432918705562624,0.93491124260355,0.705357142857143,75,44.047,15.1685396170843,13.6734216752788,18.8455121899855,1455.94303797468,1041.20253164557,0,0,0,0,0,0,1
65535,43489,0.176470588235294,0.161764705882353,0.264705882352941,0.419117647058824,0.0294117647058824,0.0367647058823529,0.360294117647059,0.713235294117647,0.0147058823529412,0.323529411764706,0.0735294117647059,0.0147058823529412,0.867647058823529,0.205882352941176,0.0661764705882353,0.147058823529412,0.0147058823529412,0.0294117647058824,0.492647058823529,0,0.448529411764706,0.161764705882353,1.19852941176471,0.125,0.735294117647059,0.522058823529412,0.139705882352941,5.76470588235294,0.0514705882352941,0.0661764705882353,43489,10233,0.764752950747724,0.937931034482759,0.666666666666667,75,41.053,16.5519015137851,10.6647810631328,11.7581509314698,1124.03676470588,1043.74264705882,0,0,0,0,0,0,1
65535,43565,0.075187969924812,0.135338345864662,0.81203007518797,1.13533834586466,0.0451127819548872,0.0601503759398496,0.518796992481203,0.909774436090226,0.0451127819548872,0.473684210526316,0.135338345864662,0.0601503759398496,0.300751879699248,0.203007518796992,0.037593984962406,0.195488721804511,0.0601503759398496,0.0300751879699248,0.473684210526316,0.0150375939849624,0.511278195488722,0.263157894736842,1.24812030075188,0.218045112781955,0.218045112781955,1.14285714285714,0.112781954887218,7.59398496240602,0.0225563909774436,0.0977443609022556,43565,10007,0.772482736484823,0.89261744966443,0.651960784313726,75,43.079,16.9045745740381,10.7350094333643,9.43352412777744,1304.72932330827,1046.02255639098,0.425925925925926,150,42737,43188,0,0,1
65535,43640,0.0727272727272727,0.172727272727273,0.818181818181818,1.03636363636364,0.00909090909090909,0.0454545454545455,0.854545454545455,0.9,0.0181818181818182,0.481818181818182,0.0818181818181818,0.00909090909090909,0.809090909090909,0.290909090909091,0.0181818181818182,0.236363636363636,0.0454545454545455,0.0272727272727273,0.436363636363636,0,0.736363636363636,0.272727272727273,1.17272727272727,0.2,0.309090909090909,1.2,0.109090909090909,9.36363636363636,0.0545454545454545,0.0818181818181818,43640,8277,0.751402309192555,0.948275862068966,0.733333333333333,75,36.612,14.8186302663265,9.77798949542353,-2.125442578521,1100.53636363636,1046.22727272727,0.434782608695652,75,43866,0,0,0,1
65535,43715,0.194285714285714,0.0628571428571429,0.782857142857143,0.474285714285714,0.0342857142857143,0.0571428571428571,0.8,0.725714285714286,0.0514285714285714,0.354285714285714,0.0857142857142857,0.0285714285714286,0.76,0.222857142857143,0.04,0.171428571428571,0.0342857142857143,0.0228571428571429,0.508571428571429,0.0285714285714286,0.302857142857143,0.245714285714286,2.89142857142857,0.24,0.342857142857143,0.754285714285714,0.0914285714285714,7.78285714285714,0.0914285714285714,0.114285714285714,43715,13167,0.790148276340639,0.940860215053763,0.643382352941177,75,47.322,19.2323375340124,11.7878023454026,47.3429710985484,1148.25142857143,1048.72,0,0,0,0,0,0,1
65535,43790,0.108910891089109,0.143564356435644,0.584158415841584,0.336633663366337,0.0297029702970297,0.0346534653465347,0.5,0.752475247524752,0.0396039603960396,0.455445544554455,0.0891089108910891,0.0099009900990099,0.435643564356436,0.212871287128713,0.0495049504950495,0.148514851485149,0.0297029702970297,0.0198019801980198,0.420792079207921,0.00495049504950495,0.485148514851485,0.227722772277228,1.24752475247525,0.099009900990099,0.262376237623762,0.702970297029703,0.0742574257425743,5.78712871287129,0.0742574257425743,0.0792079207920792,43790,15199,0.543462039992873,0.952830188679245,0.701388888888889,75,49.679,17.6779578185855,14.8394743234145,-78.2761355200707,938.658415841584,1047.50495049505,0.153846153846154,75,42662,0,0,0,1
65535,43866,0.0983606557377049,0.191256830601093,0.85792349726776,1.27322404371585,0.0273224043715847,0.0273224043715847,0.573770491803279,0.748633879781421,0.0655737704918033,0.491803278688525,0.147540983606557,0.0218579234972678,0.409836065573771,0.224043715846995,0.0491803278688525,0.158469945355191,0.0218579234972678,0.0273224043715847,0.360655737704918,0.0218579234972678,0.431693989071038,0.251366120218579,1.09289617486339,0.262295081967213,0.202185792349727,1.14754098360656,0.092896174863388,8.95628415300546,0.0765027322404372,0.12568306010929,43866,13769,0.843151287727603,0.928934010152284,0.601973684210526,75,51.73,21.0669380767769,11.3271953239637,-29.0935059612176,1099.48633879781,1055.90710382514,0.338461538461538,75,43640,0,0,0,1
65535,43941,0.149732620320856,0.13903743315508,0.668449197860963,0.224598930481283,0.0053475935828877,0.0213903743315508,0.524064171122995,0.818181818181818,0.053475935828877,0.352941176470588,0.0427807486631016,0.0374331550802139,0.358288770053476,0.171122994652406,0.0962566844919786,0.128342245989305,0.0481283422459893,0.0160427807486631,0.524064171122995,0.0053475935828877,0.336898395721925,0.171122994652406,3.89839572192513,0.106951871657754,0.304812834224599,0.737967914438503,0.0909090909090909,5.99465240641711,0.0320855614973262,0.0641711229946524,43941,14070,0.690907184867892,0.954081632653061,0.656140350877193,75,48.273,18.3080079688599,13.2356548234992,-71.5163559032205,501.181818181818,1052.43315508021,0,0,0,0,0,0,1
65535,44016,0.19375,0.14375,0.2875,0.43125,0.01875,0.03125,0.375,0.88125,0.025,0.94375,0.0625,0.01875,0.70625,0.3375,0.03125,0.24375,0.04375,0.05625,0.3,0.01875,1.66875,0.2375,0.3875,0.33125,0.41875,0.78125,0.13125,6.19375,0.1125,0.1,44016,12039,0.44271449136255,0.952380952380952,0.711111111111111,75,42.55,15.1492167259881,13.5837365719344,-45.8726750091017,714.725,1055.95,0,0,0,0,0,0,1
65535,44091,0.129496402877698,0.0575539568345324,0.697841726618705,1.46762589928058,0.0359712230215827,0.0359712230215827,0.561151079136691,0.776978417266187,0.0431654676258993,0.39568345323741,0.0575539568345324,0.0215827338129496,0.410071942446043,0.18705035971223,0.0431654676258993,0.172661870503597,0.0359712230215827,0.0287769784172662,0.366906474820144,0,0.424460431654676,0.309352517985612,0.661870503597122,0.143884892086331,0.266187050359712,0.748201438848921,0.0575539568345324,8.77697841726619,0.0719424460431655,0.0215827338129496,44091,10459,0.673401817200726,0.939189189189189,0.723958333333333,75,41.21,15.631369956153,11.5559071053001,-23.4773240248799,85.4460431654676,1058.69784172662,0,0,0,0,0,0,1
65535,44167,0.128787878787879,0.121212121212121,0.689393939393939,1.40909090909091,0.053030303030303,0.0454545454545455,0.46969696969697,0.606060606060606,0.0378787878787879,0.431818181818182,0.227272727272727,0.00757575757575758,0.356060606060606,0.143939393939394,0.0303030303030303,0.121212121212121,0.0151515151515152,0.0681818181818182,0.446969696969697,0.00757575757575758,0.363636363636364,0.189393939393939,0.787878787878788,0.166666666666667,0.227272727272727,0.893939393939394,0.136363636363636,7.53787878787879,0.0909090909090909,0.0378787878787879,44167,9932,0.26622176828225,0.929577464788732,0.673469387755102,75,40.309,13.5093914229197,13.0218618868555,58.6190625504997,927.19696969697,1060.90151515152,0,0,0,0,0,0,1
65535,44242,0.111607142857143,0.1875,0.566964285714286,1.35267857142857,0.0401785714285714,0.0267857142857143,0.776785714285714,0.6875,0.0446428571428571,0.424107142857143,0.138392857142857,0.0491071428571429,0.34375,0.3125,0.0491071428571429,0.258928571428571,0.0357142857142857,0.0580357142857143,0.410714285714286,0.00892857142857143,0.5625,0.325892857142857,0.732142857142857,0.160714285714286,0.214285714285714,0.90625,0.129464285714286,7.28571428571429,0.09375,0.102678571428571,44242,16854,0.903544589586277,0.826568265682657,0.506787330316742,75,65.227,27.8909919813294,11.9511248853533,-20.6960143211099,295.169642857143,1060.85714285714,0,0,0,0,0,0,1
65535,44317,0.135678391959799,0.0653266331658292,0.381909547738693,0.316582914572864,0.0100502512562814,0.0753768844221105,0.311557788944724,0.869346733668342,0.0150753768844221,0.723618090452261,0.0603015075376884,0.0301507537688442,0.969849246231156,0.195979899497487,0.0653266331658292,0.195979899497487,0.0703517587939698,0.0402010050251256,0.608040201005025,0.0251256281407035,1.14572864321608,0.246231155778894,0.371859296482412,0.306532663316583,0.537688442211055,0.914572864321608,0.0954773869346734,6.02010050251256,0.085427135678392,0.0552763819095477,44317,14973,0.611995314313068,0.938679245283019,0.698245614035088,75,49.77,18.1256759911238,14.3348972754091,-71.9915139119367,958.462311557789,1064.1959798995,0,0,0,0,0,0,1
65535,44392,0.0971428571428571,0.12,0.714285714285714,1.85714285714286,0.04,0.04,0.8,0.697142857142857,0.108571428571429,0.348571428571429,0.182857142857143,0.0171428571428571,0.422857142857143,0.16,0.0571428571428571,0.217142857142857,0.0228571428571429,0.0342857142857143,0.36,0.00571428571428571,0.388571428571429,0.32,1.01142857142857,0.182857142857143,0.222857142857143,0.925714285714286,0.125714285714286,9.63428571428571,0.0685714285714286,0.0571428571428571,44392,13167,0.804929350834437,0.906735751295337,0.767543859649123,75,49.745,19.6918985646979,11.6845948482602,-5.34930643893798,408.668571428571,1064.79428571429,0,0,0,0,0,0,1
65535,44467,0.27536231884058,0.108695652173913,0.652173913043478,0.268115942028986,0.0144927536231884,0.0144927536231884,1.84782608695652,1.00724637681159,0.0434782608695652,0.572463768115942,0.101449275362319,0.0652173913043478,1.23913043478261,0.376811594202899,0.130434782608696,0.202898550724638,0.072463768115942,0.072463768115942,0.652173913043478,0.0072463768115942,0.507246376811594,0.268115942028986,3.45652173913043,0.144927536231884,0.557971014492754,0.905797101449275,0.072463768115942,9.19565217391304,0.13768115942029,0.072463768115942,44467,10383,0.791558955652844,0.890322580645161,0.605263157894737,75,44.32,17.4728331528484,10.6775226713219,-3.4493453940798,672.04347826087,1066.15217391304,0.385964912280702,75,44693,0,0,0,1
65535,44543,0.0192307692307692,0.0897435897435897,0.903846153846154,1.08974358974359,0.0512820512820513,0.0833333333333333,0.762820512820513,0.891025641025641,0.0512820512820513,0.544871794871795,0.0897435897435897,0.0192307692307692,0.282051282051282,0.275641025641026,0.032051282051282,0.179487179487179,0.0448717948717949,0.0576923076923077,0.358974358974359,0.00641025641025641,0.532051282051282,0.294871794871795,0.987179487179487,0.205128205128205,0.153846153846154,1.05769230769231,0.115384615384615,9.72435897435897,0.102564102564103,0.0641025641025641,44543,11738,0.864188533425331,0.917647058823529,0.52,75,50.151,20.5431308128095,10.3366489532162,-31.2726883959086,883.647435897436,1065.69871794872,0.5,75,44618,0,0,0,1
65535,44618,0.08,0.115555555555556,0.791111111111111,1.35111111111111,0.0444444444444444,0.04,0.737777777777778,0.937777777777778,0.0622222222222222,0.604444444444444,0.142222222222222,0.0222222222222222,0.417777777777778,0.248888888888889,0.0444444444444444,0.266666666666667,0.0444444444444444,0.0488888888888889,0.44,0.0311111111111111,0.76,0.275555555555556,1.17333333333333,0.32,0.128888888888889,1.33333333333333,0.0755555555555556,9.6,0.0844444444444444,0.0933333333333333,44618,16929,0.839573506483372,0.910931174089069,0.5859375,75,59.215,23.727249603922,12.8897358557387,-67.6327443891867,876.395555555556,1073.24888888889,0.402597402597403,75,44543,0,0,0,1
65535,44693,0.142857142857143,0.130952380952381,0.571428571428571,0.19047619047619,0.0119047619047619,0.0238095238095238,0.869047619047619,1.22619047619048,0.0595238095238095,0.333333333333333,0.119047619047619,0.0238095238095238,1.07142857142857,1.07142857142857,0.0714285714285714,0.142857142857143,0.107142857142857,0.0952380952380952,0.345238095238095,0,0.797619047619048,0.357142857142857,4.95238095238095,0.178571428571429,0.476190476190476,0.738095238095238,0.0595238095238095,7.27380952380952,0.0833333333333333,0.107142857142857,44693,6320,0.54563211028394,0.954545454545455,0.7,75,31.005,11.5094291810577,9.64518732662431,-1.62171192390118,665.857142857143,1073.07142857143,0.487179487179487,75,44467,0,0,0,1
65535,44768,0.0916666666666667,0.183333333333333,0.216666666666667,0.341666666666667,0.0333333333333333,0.0333333333333333,0.275,0.591666666666667,0.0166666666666667,0.45,0.0416666666666667,0.00833333333333333,0.316666666666667,0.133333333333333,0.05,0.166666666666667,0.025,0.0416666666666667,0.383333333333333,0.00833333333333333,0.541666666666667,0.183333333333333,0.425,0.0666666666666667,0.275,0.45,0.0583333333333333,4.18333333333333,0.05,0.075,44768,9029,0.580857668985468,0.9375,0.714285714285714,75,37.108,13.8317139339911,11.2590862409686,-80.0175469644682,1461.35,1072.675,0,0,0,0,0,0,1
65535,44844,0.0993788819875776,0.173913043478261,1.27950310559006,0.925465838509317,0.0372670807453416,0.0869565217391304,0.807453416149068,0.832298136645963,0.0372670807453416,0.428571428571429,0.105590062111801,0.0248447204968944,0.720496894409938,0.304347826086957,0.093167701863354,0.198757763975155,0.031055900621118,0.0869565217391304,0.503105590062112,0.0062111801242236,0.46583850931677,0.304347826086957,4.27329192546584,0.124223602484472,0.242236024844721,0.888198757763975,0.124223602484472,9.57142857142857,0.0869565217391304,0.0869565217391304,44844,12114,0.71856127804897,0.947058823529412,0.676470588235294,75,44.882,17.3196538926301,12.045189728063,-24.2587779289991,1240.08074534161,1075.09316770186,0,0,0,0,0,0,1
65535,44919,0.110671936758893,0.0869565217391304,0.774703557312253,1.02766798418972,0.0316205533596838,0.0237154150197628,0.636363636363636,0.837944664031621,0.0711462450592885,0.592885375494071,0.110671936758893,0.0237154150197628,0.391304347826087,0.256916996047431,0.0355731225296443,0.268774703557312,0.0197628458498024,0.0474308300395257,0.379446640316206,0.00790513833992095,0.58102766798419,0.245059288537549,0.762845849802372,0.256916996047431,0.24901185770751,1.3596837944664,0.0869565217391304,9.54150197628459,0.0711462450592885,0.102766798418972,44919,19036,0.271735831307703,0.897163120567376,0.66578947368421,75,59.843,19.2036995537986,18.4811004681738,-52.3825696273026,1341.1976284585,1075.97628458498,0,0,0,0,0,0,1
65535,44994,0.12,0.136,0.776,0.64,0.056,0.008,0.576,0.664,0.008,0.424,0.12,0.04,0.376,0.208,0.232,0.152,0,0.072,0.832,0.008,0.368,0.304,2.032,0.168,0.2,0.72,0.08,7.52,0.048,0.032,44994,9405,0.662176065694261,0.932835820895522,0.757575757575758,75,39.548,14.7588390000825,11.059510750314,-86.3888807254889,1422.152,1077.584,0,0,0,0,0,0,1
65535,45069,0.189473684210526,0.126315789473684,0.247368421052632,0.347368421052632,0.0157894736842105,0.0105263157894737,0.4,1.03684210526316,0.0105263157894737,0.568421052631579,0.0210526315789474,0.0157894736842105,0.91578947368421,0.242105263157895,0.0210526315789474,0.189473684210526,0.105263157894737,0.0631578947368421,0.394736842105263,0,0.921052631578947,0.373684210526316,0.315789473684211,0.210526315789474,0.642105263157895,0.794736842105263,0.0947368421052632,7.43157894736842,0.0947368421052632,0.0736842105263158,45069,14296,0.681142047418445,0.95,0.714285714285714,75,47.967,18.2678023781545,13.3747950740103,13.0215412949551,810.357894736842,1080.27368421053,0,0,0,0,0,0,1
65535,45145,0.0583657587548638,0.108949416342412,0.556420233463035,0.910505836575875,0.0428015564202335,0.0389105058365759,0.540856031128405,0.914396887159533,0.066147859922179,0.416342412451362,0.0583657587548638,0.0272373540856031,0.373540856031128,0.217898832684825,0.0350194552529183,0.252918287937743,0.0622568093385214,0.0350194552529183,0.307392996108949,0.00778210116731518,0.618677042801556,0.233463035019455,0.470817120622568,0.284046692607004,0.155642023346304,0.78988326848249,0.105058365758755,7.03501945525292,0.0700389105058366,0.066147859922179,45145,19337,0.744793496580964,0.921146953405018,0.629901960784314,75,59.504,22.7460062100423,15.1782967324888,6.92565997950102,682.992217898833,1086.59143968872,0,0,0,0,0,0,1
65535,45220,0.0944309927360775,0.135593220338983,0.394673123486683,1.69491525423729,0.0411622276029056,0.0435835351089588,0.677966101694915,0.891041162227603,0.0290556900726392,0.675544794188862,0.128329297820823,0.0217917675544794,0.491525423728814,0.234866828087167,0.0508474576271186,0.246973365617433,0.0895883777239709,0.0581113801452785,0.387409200968523,0.00484261501210654,0.767554479418886,0.324455205811138,0.585956416464891,0.208232445520581,0.217917675544794,1.08716707021792,0.130750605326877,7.30266343825666,0.0750605326876513,0.0750605326876513,45220,31075,0.559303938356482,0.949425287356322,0.661858974358974,75,73.936,25.5246438228912,21.1589768370347,50.3820520357941,323.573849878935,1089.36319612591,0,0,0,0,0,0,1
65535,45295,0.102409638554217,0.144578313253012,0.963855421686747,0.795180722891566,0.072289156626506,0.0240963855421687,0.548192771084337,0.746987951807229,0.0240963855421687,0.271084337349398,0.108433734939759,0.0180722891566265,0.385542168674699,0.156626506024096,0.0301204819277108,0.210843373493976,0.0421686746987952,0.0301204819277108,0.451807228915663,0.0301204819277108,0.355421686746988,0.198795180722892,4.90361445783133,0.13855421686747,0.283132530120482,0.873493975903614,0.0903614457831325,9.14457831325301,0.0903614457831325,0.114457831325301,45295,12490,0.436614664420304,0.937853107344633,0.610294117647059,75,45.842,15.6062448053458,14.0401365621384,20.331190635471,177.560240963855,1088.49397590361,0,0,0,0,0,0,1
65535,45370,0.293193717277487,0.104712041884817,0.37696335078534,0.272251308900524,0.0261780104712042,0.0418848167539267,0.591623036649215,0.837696335078534,0.0157068062827225,0.507853403141361,0.0418848167539267,0.0157068062827225,1.46073298429319,0.172774869109948,0.0261780104712042,0.240837696335079,0.0471204188481675,0.0523560209424084,0.403141361256544,0.0104712041884817,0.87434554973822,0.209424083769634,0.350785340314136,0.178010471204188,0.471204188481675,0.654450261780105,0.0732984293193717,4.28795811518325,0.0575916230366492,0.0366492146596859,45370,14371,0.486948879602818,0.950248756218905,0.702205882352941,75,47.322,16.8324635906433,14.701986611531,-35.9161832290888,1321.69633507853,1090.58638743456,0,0,0,0,0,0,1
65535,45446,0.0661157024793388,0.107438016528926,0.727272727272727,0.272727272727273,0.0495867768595041,0.0247933884297521,0.338842975206612,0.570247933884298,0.0495867768595041,0.330578512396694,0.0991735537190083,0.0165289256198347,0.28099173553719,0.15702479338843,0.00826446280991736,0.15702479338843,0.0165289256198347,0.0413223140495868,0.454545454545455,0.0330578512396694,0.471074380165289,0.231404958677686,1.49586776859504,0.181818181818182,0.173553719008264,0.677685950413223,0.0661157024793388,5.76859504132231,0.0661157024793388,0.0826446280991736,45446,9104,0.293649114764251,0.952755905511811,0.715976331360947,75,36.273,12.7732583083062,12.2101272358775,-47.4731111760044,47101,1095.0826446281,0,0,0,0,0,0,0
65535,45521,0.0939226519337017,0.110497237569061,0.348066298342541,0.38121546961326,0.0441988950276243,0.0607734806629834,0.425414364640884,1.03867403314917,0.0386740331491713,0.850828729281768,0.0718232044198895,0.0165745856353591,1.08839779005525,0.281767955801105,0.729281767955801,0.259668508287293,0.0552486187845304,0.0662983425414365,0.81767955801105,0,1.47513812154696,0.403314917127072,2.01657458563536,0.325966850828729,0.988950276243094,1.26519337016575,0.0939226519337017,NaN,0.0828729281767956,0.0883977900552486,45521,13619,0.635239464410032,0.967914438502674,0.760504201680672,75,45.709,17.3649772932144,13.4112365262067,33.9053346505594,41.1104972375691,1097.41436464088,0,0,0,0,0,0,0
65535,45596,0.108695652173913,0.0869565217391304,0.253623188405797,0.536231884057971,0.0217391304347826,0.036231884057971,0.347826086956522,0.550724637681159,0.0217391304347826,0.572463768115942,0.0434782608695652,0.0434782608695652,0.5,0.130434782608696,0.0797101449275362,0.152173913043478,0.0217391304347826,0.0434782608695652,0.282608695652174,0,0.550724637681159,0.115942028985507,0.405797101449275,0.231884057971015,0.384057971014493,0.644927536231884,0.0797101449275362,4.47101449275362,0.0942028985507246,0.036231884057971,45596,10383,0.871115391880682,0.926174496644295,0.5390625,75,44.254,19.1327273055734,9.39566870536813,45.8537643190795,103.449275362319,1096.94202898551,0,0,0,0,0,0,1
65535,45671,0.173267326732673,0.108910891089109,0.232673267326733,0.485148514851485,0.0247524752475248,0.0396039603960396,0.198019801980198,0.698019801980198,0.0346534653465347,0.53960396039604,0.0346534653465347,0.0396039603960396,0.396039603960396,0.257425742574257,0.0594059405940594,0.099009900990099,0.0297029702970297,0.0445544554455446,0.366336633663366,0.0148514851485149,0.599009900990099,0.277227722772277,0.435643564356436,0.148514851485149,0.430693069306931,0.717821782178218,0.0891089108910891,4.7029702970297,0.0594059405940594,0.099009900990099,45671,15199,0.610400717634536,0.935185185185185,0.660130718954248,75,50.994,18.2499918847205,14.4556867122863,-45.3951413477519,121.019801980198,1099.43069306931,0,0,0,0,0,0,1
65535,45747,0.105590062111801,0.0993788819875776,0.341614906832298,0.658385093167702,0.0186335403726708,0.093167701863354,0.708074534161491,1.09316770186335,0.0745341614906832,0.720496894409938,0.0496894409937888,0.0124223602484472,0.664596273291926,0.260869565217391,0.0869565217391304,0.198757763975155,0.0807453416149068,0.0559006211180124,0.397515527950311,0.0248447204968944,1.01863354037267,0.298136645962733,0.652173913043478,0.217391304347826,0.850931677018634,0.863354037267081,0.0869565217391304,8.59006211180124,0.0993788819875776,0.0745341614906832,45747,12114,0.539328853806064,0.964071856287425,0.670833333333333,75,43.121,15.7175290739926,13.2356563638443,-31.4533446104209,273.329192546584,1098.7950310559,0,0,0,0,0,0,1
65535,45822,0.11304347826087,0.0782608695652174,1.11304347826087,0.591304347826087,0.0173913043478261,0.0260869565217391,1.4,0.582608695652174,0.0695652173913043,0.417391304347826,0.0695652173913043,0.00869565217391304,0.252173913043478,0.139130434782609,0.0173913043478261,0.165217391304348,0.0260869565217391,0.0347826086956522,0.582608695652174,0.00869565217391304,0.460869565217391,0.226086956521739,2.00869565217391,0.208695652173913,0.347826086956522,0.965217391304348,0.0782608695652174,6.73913043478261,0.0521739130434783,0.0347826086956522,45822,8653,0.636498789551755,0.905511811023622,0.631868131868132,75,38.597,14.0840949686002,10.8627483774501,-50.6255317459351,1464.79130434783,1101.05217391304,0.530612244897959,150,46273,46424,0,0,1
65535,45897,0.176,0.112,0.256,0.312,0.032,0.048,0.416,0.96,0.056,0.312,0.016,0.032,1.272,0.168,0.024,0.216,0.088,0.032,0.384,0,0.496,0.28,1.824,0.136,0.616,0.544,0.08,6.104,0.064,0.04,45897,9405,0.583400666240672,0.954198473282443,0.739644970414201,75,37.563,14.1051123236624,11.4559536051581,49.4724848677569,436.232,1101.424,0,0,0,0,0,0,1
65535,45972,0.144508670520231,0.161849710982659,0.300578034682081,0.260115606936416,0.0404624277456647,0.0289017341040462,0.734104046242775,0.867052023121387,0.0173410404624277,0.531791907514451,0.0404624277456647,0.0289017341040462,0.473988439306358,0.421965317919075,0.572254335260116,0.15028901734104,0.121387283236994,0.0751445086705202,0.682080924855491,0.0115606936416185,0.820809248554913,0.271676300578035,0.797687861271676,0.219653179190751,0.653179190751445,0.722543352601156,0.104046242774566,5.44508670520231,0.115606936416185,0.0635838150289017,45972,13017,0.475908033662698,0.887179487179487,0.600694444444444,75,49.563,16.5251054381014,14.533748438431,-50.904870968409,519.820809248555,1102.75144508671,0.333333333333333,75,46198,0,0,0,1
65535,46048,0.107142857142857,0.107142857142857,0.985714285714286,1.47142857142857,0.0357142857142857,0.0357142857142857,0.864285714285714,0.835714285714286,0.114285714285714,0.421428571428571,0.0928571428571429,0.0214285714285714,0.457142857142857,0.178571428571429,0.0357142857142857,0.321428571428571,0.0214285714285714,0.0785714285714286,0.557142857142857,0.00714285714285714,0.607142857142857,0.385714285714286,2.12142857142857,0.242857142857143,0.228571428571429,1.09285714285714,0.0785714285714286,11.2785714285714,0.0714285714285714,0.0642857142857143,46048,10534,0.586458022418543,0.933333333333333,0.717948717948718,75,40.954,15.0168685190632,12.1633574856347,77.4343919902891,493.207142857143,1103.10714285714,0.0192307692307692,75,46198,0,0,0,1
65535,46123,0.0869565217391304,0.0760869565217391,0.815217391304348,0.75,0.016304347826087,0.0489130434782609,0.641304347826087,0.505434782608696,0.0108695652173913,0.385869565217391,0.0923913043478261,0.0217391304347826,0.342391304347826,0.266304347826087,0.0597826086956522,0.173913043478261,0.0380434782608696,0.0271739130434783,0.369565217391304,0.0108695652173913,0.46195652173913,0.21195652173913,3.26086956521739,0.173913043478261,0.184782608695652,0.815217391304348,0.0760869565217391,6.66847826086957,0.114130434782609,0.0978260869565217,46123,13844,0.398543464416906,0.973544973544973,0.817777777777778,75,45.494,16.0615168405969,14.7308112781614,-40.8407471135578,1216.60869565217,1102.04347826087,0.160714285714286,75,46499,0,0,0,1
65535,46198,0.1015625,0.140625,0.34375,0.5078125,0.015625,0.03125,0.4296875,0.71875,0.0078125,0.875,0.1328125,0.0078125,0.4140625,0.2421875,0.109375,0.203125,0.0546875,0.078125,0.5,0,1.1796875,0.296875,0.4765625,0.2421875,0.40625,0.765625,0.1015625,5.5078125,0.0859375,0.0546875,46198,9631,0.557672273268172,0.920863309352518,0.703296703296703,75,39.92,14.2445299408852,11.823831958375,14.0399988307471,508.65625,1106.140625,0.431372549019608,150,45972,46048,0,0,1
65535,46273,0.0120481927710843,0.0240963855421687,0.855421686746988,0.493975903614458,0.0240963855421687,0.0602409638554217,0.819277108433735,0.759036144578313,0.0120481927710843,0.289156626506024,0.132530120481928,0.0240963855421687,0.27710843373494,0.216867469879518,0.0843373493975904,0.120481927710843,0.0240963855421687,0.0120481927710843,0.566265060240964,0,0.530120481927711,0.204819277108434,2.92771084337349,0.228915662650602,0.325301204819277,0.686746987951807,0.0481927710843374,7.03614457831325,0.108433734939759,0.036144578313253,46273,6245,0.839877957980819,0.922222222222222,0.741071428571429,75,32.394,14.1341726672847,7.6716796718249,-82.5595351050817,1473.22891566265,1107.63855421687,0.625,150,45822,46424,0,0,1
65535,46349,0.0961538461538462,0.0721153846153846,0.798076923076923,1.125,0.0144230769230769,0.0384615384615385,0.519230769230769,0.740384615384615,0.0384615384615385,0.259615384615385,0.163461538461538,0.0192307692307692,0.346153846153846,0.158653846153846,0.0576923076923077,0.221153846153846,0.0144230769230769,0.0432692307692308,0.567307692307692,0,0.432692307692308,0.235576923076923,0.865384615384615,0.211538461538462,0.177884615384615,1.00480769230769,0.100961538461538,8.64903846153846,0.0913461538461538,0.125,46349,15650,0.500196906162341,0.945454545454545,0.641975308641975,75,50.622,17.7980022438564,15.4114982035229,37.2049569759964,17.6394230769231,1109.31730769231,0.134328358208955,75,46800,0,0,0,1
65535,46424,0.0891089108910891,0.108910891089109,0.732673267326733,0.712871287128713,0.0198019801980198,0.0099009900990099,0.712871287128713,0.831683168316832,0.0495049504950495,0.257425742574257,0.0891089108910891,0.0297029702970297,0.247524752475248,0.148514851485149,0.0297029702970297,0.148514851485149,0.0099009900990099,0.0495049504950495,0.544554455445545,0.0099009900990099,0.425742574257426,0.267326732673267,2.93069306930693,0.207920792079208,0.495049504950495,0.732673267326733,0.0396039603960396,6.1980198019802,0.0396039603960396,0.108910891089109,46424,7599,0.830884727302813,0.90990990990991,0.612121212121212,75,37.563,15.5625493908189,8.65969625004409,-32.7048502980023,1465.23762376238,1111.29702970297,0.74468085106383,226,45822,46273,46950,0,1
65535,46499,0.107784431137725,0.0958083832335329,0.317365269461078,0.287425149700599,0.0479041916167665,0.0479041916167665,0.359281437125749,0.730538922155689,0.0239520958083832,0.712574850299401,0.0598802395209581,0.0179640718562874,0.766467065868264,0.215568862275449,0.029940119760479,0.179640718562874,0.0838323353293413,0.0239520958083832,0.377245508982036,0.00598802395209581,1.24550898203593,0.167664670658683,0.413173652694611,0.245508982035928,0.508982035928144,0.694610778443114,0.0838323353293413,4.89221556886228,0.0898203592814371,0.0419161676646707,46499,12565,0.519244900204322,0.959770114942529,0.745535714285714,75,43.749,15.8776784250959,13.5694687547743,15.7960523856965,1205.5748502994,1113.94610778443,0.160714285714286,75,46123,0,0,0,1
65535,46574,0.171717171717172,0.156565656565657,0.297979797979798,0.48989898989899,0.0303030303030303,0.0505050505050505,0.525252525252525,1.04545454545455,0.0303030303030303,0.681818181818182,0.0505050505050505,0.0252525252525253,1.03535353535354,0.282828282828283,0.0252525252525253,0.176767676767677,0.0606060606060606,0.0707070707070707,0.601010101010101,0.00505050505050505,0.797979797979798,0.267676767676768,1.57070707070707,0.262626262626263,0.671717171717172,0.898989898989899,0.136363636363636,8.28282828282828,0.116161616161616,0.0757575757575758,46574,14898,0.535339940449149,0.961165048543689,0.776470588235294,75,47.942,17.3701252227343,14.6714451765178,-11.6506761690467,388.217171717172,1116.75252525253,0.05,75,47101,0,0,0,1
65535,46649,0.08,0.056,0.48,0.488,0.04,0.032,0.352,0.84,0.032,0.328,0.032,0.008,0.344,0.168,0.04,0.176,0.016,0.024,0.44,0.024,0.352,0.144,3.104,0.144,0.456,0.544,0.088,6.544,0.08,0.056,46649,9405,0.826085182448855,0.932835820895522,0.595238095238095,75,40.127,17.0192624586304,9.59112485743566,37.4625921543054,676.72,1118.384,0,0,0,0,0,0,1
65535,46725,0.120879120879121,0.120879120879121,0.450549450549451,1.05494505494506,0,0.0549450549450549,0.472527472527473,0.648351648351648,0.0659340659340659,0.505494505494505,0.197802197802198,0.010989010989011,0.494505494505495,0.340659340659341,0.010989010989011,0.131868131868132,0.043956043956044,0.043956043956044,0.505494505494505,0.010989010989011,0.615384615384615,0.285714285714286,0.417582417582418,0.142857142857143,0.406593406593407,0.802197802197802,0.120879120879121,6.36263736263736,0.043956043956044,0.043956043956044,46725,6847,0.784553210873635,0.968085106382979,0.636363636363636,75,33.362,13.9122917827411,8.62647646104836,34.4318094090798,1187.46153846154,1121.42857142857,0.5,150,47026,47402,0,0,1
65535,46800,0.155251141552511,0.105022831050228,0.342465753424658,0.657534246575342,0.0136986301369863,0.0365296803652968,0.305936073059361,0.639269406392694,0.0182648401826484,0.360730593607306,0.123287671232877,0.0228310502283105,0.251141552511416,0.164383561643836,0.0502283105022831,0.228310502283105,0.0365296803652968,0.0776255707762557,0.392694063926941,0.0045662100456621,0.470319634703196,0.273972602739726,0.621004566210046,0.182648401826484,0.410958904109589,0.680365296803653,0.0593607305936073,5.46118721461187,0.0730593607305936,0.045662100456621,46800,16478,0.82391782787558,0.839080459770115,0.536764705882353,75,61.447,23.5868693824431,13.3668978665388,-13.7331188598116,31.8538812785388,1121.75342465753,0.38961038961039,150,46349,47327,0,0,1
65535,46875,0.102222222222222,0.142222222222222,0.488888888888889,0.48,0.0177777777777778,0.0533333333333333,0.8,0.715555555555556,0.0533333333333333,0.315555555555556,0.0711111111111111,0.0311111111111111,0.284444444444444,0.208888888888889,0.195555555555556,0.16,0.0488888888888889,0.04,0.448888888888889,0,0.604444444444444,0.257777777777778,1.03555555555556,0.213333333333333,0.28,0.857777777777778,0.0977777777777778,5.55555555555556,0.0311111111111111,0.0888888888888889,46875,16929,0.878083869980375,0.852272727272727,0.669642857142857,75,61.191,25.3939093529022,12.1511572328555,4.29972739734632,1341.81333333333,1123.57777777778,0.341772151898734,150,47251,47778,0,0,1
65535,46950,0.126760563380282,0.112676056338028,0.901408450704225,0.542253521126761,0.0422535211267606,0.0352112676056338,0.464788732394366,0.816901408450704,0.0633802816901408,0.359154929577465,0.0985915492957746,0.0352112676056338,0.450704225352113,0.154929577464789,0.028169014084507,0.267605633802817,0.0492957746478873,0.0563380281690141,0.535211267605634,0.00704225352112676,0.443661971830986,0.246478873239437,5.85211267605634,0.147887323943662,0.429577464788732,0.964788732394366,0.0704225352112676,8.24647887323944,0.0774647887323944,0.0704225352112676,46950,10684,0.784021951450286,0.940397350993378,0.682692307692308,75,42.062,17.1840148027129,10.6666867541361,-60.9003675271101,1469.6338028169,1124.76056338028,0.185185185185185,75,46424,0,0,0,1
65535,47026,0.125,0.175,0.7875,1.375,0.0125,0.025,1.1625,0.9125,0.0875,0.8125,0.15,0.0125,0.875,0.4375,0.0375,0.4125,0.0625,0.0375,0.6,0.0375,0.7625,0.3,0.6375,0.2125,0.0625,1.2375,0.1,10.0375,0.0625,0.0625,47026,6019,0.840206911479491,0.888888888888889,0.533333333333333,75,36.141,14.839758179442,8.04709536679849,17.8298367688544,1193.575,1125.5125,0.840909090909091,150,46725,47402,0,0,1
65535,47101,0.25,0.144230769230769,0.298076923076923,0.586538461538462,0.0673076923076923,0.0576923076923077,0.432692307692308,0.875,0.0192307692307692,0.884615384615385,0.105769230769231,0,0.509615384615385,0.25,0.0480769230769231,0.182692307692308,0.0480769230769231,0.0865384615384615,0.394230769230769,0.00961538461538462,0.817307692307692,0.211538461538462,0.625,0.153846153846154,0.432692307692308,0.673076923076923,0.0673076923076923,5.64423076923077,0.0576923076923077,0.0961538461538462,47101,7825,0.461383575757323,0.920353982300885,0.666666666666667,75,35.421,12.3725246445027,10.9769133198557,-13.056864728356,401.346153846154,1126.28846153846,0.466666666666667,150,46574,47477,0,0,1
65535,47176,0.140350877192982,0.105263157894737,0.956140350877193,0.798245614035088,0.0263157894736842,0.043859649122807,0.631578947368421,0.87719298245614,0.0087719298245614,0.394736842105263,0.131578947368421,0.0263157894736842,0.482456140350877,0.271929824561404,0.0614035087719298,0.184210526315789,0.0175438596491228,0.0526315789473684,0.780701754385965,0.0263157894736842,0.263157894736842,0.280701754385965,3.18421052631579,0.114035087719298,0.403508771929825,0.947368421052632,0.157894736842105,7.50877192982456,0.0701754385964912,0.0350877192982456,47176,8577,0.756451375642379,0.904761904761905,0.690909090909091,75,39.639,15.3531444530643,10.0417231176669,-16.2196925631671,518.719298245614,1127.4298245614,0.392156862745098,75,47853,0,0,0,1
65535,47251,0.221052631578947,0.0736842105263158,0.5,0.205263157894737,0.0157894736842105,0.0736842105263158,0.868421052631579,0.863157894736842,0.068421052631579,0.268421052631579,0.0631578947368421,0.0210526315789474,1.02631578947368,0.273684210526316,0.068421052631579,0.221052631578947,0.068421052631579,0.068421052631579,0.436842105263158,0.0105263157894737,0.347368421052632,0.168421052631579,2.40526315789474,0.189473684210526,0.442105263157895,0.736842105263158,0.0842105263157895,5.25789473684211,0.0894736842105263,0.068421052631579,47251,14296,0.531868519801434,0.926829268292683,0.703703703703704,75,50.043,17.3099604395082,14.6585409463535,-87.8168352499842,1361.53684210526,1130.02631578947,0.0461538461538462,75,46875,0,0,0,1
65535,47327,0.108333333333333,0.158333333333333,0.375,0.816666666666667,0.0583333333333333,0.05,0.366666666666667,0.475,0.025,0.391666666666667,0.116666666666667,0.05,0.225,0.125,0.0333333333333333,0.15,0.0666666666666667,0.0166666666666667,0.425,0.00833333333333333,0.541666666666667,0.241666666666667,0.466666666666667,0.133333333333333,0.283333333333333,0.741666666666667,0.1,4.71666666666667,0.0416666666666667,0.0833333333333333,47327,9029,0.364790691690816,0.94488188976378,0.714285714285714,75,37.927,12.999068069328,12.1032964470236,-17.1426410333258,26.8333333333333,1130.825,0.468085106382979,75,46800,0,0,0,1
65535,47402,0.0689655172413793,0.28735632183908,0.850574712643678,1.68965517241379,0.0229885057471264,0.0459770114942529,0.96551724137931,0.96551724137931,0.0689655172413793,0.586206896551724,0.126436781609195,0,0.471264367816092,0.275862068965517,0.0689655172413793,0.218390804597701,0.0114942528735632,0.0689655172413793,0.574712643678161,0.0114942528735632,0.494252873563218,0.425287356321839,0.67816091954023,0.241379310344828,0.0804597701149425,1.29885057471264,0.137931034482759,11.8620689655172,0.0804597701149425,0.0804597701149425,47402,6546,0.801659167220167,0.966666666666667,0.776785714285714,75,32.667,13.8631927048899,8.28715848184014,0.89446523638514,1192.87356321839,1132.13793103448,0.5,150,46725,47026,0,0,1
65535,47477,0.169811320754717,0.132075471698113,0.688679245283019,0.952830188679245,0.00943396226415094,0.0283018867924528,0.745283018867924,1.13207547169811,0.0754716981132075,0.613207547169811,0.0849056603773585,0.00943396226415094,0.405660377358491,0.188679245283019,0.943396226415094,0.113207547169811,0.0849056603773585,0.0566037735849057,0.669811320754717,0.00943396226415094,0.80188679245283,0.330188679245283,2.0377358490566,0.19811320754717,0.424528301886792,0.716981132075472,0.10377358490566,7.25471698113208,0.0471698113207547,0.0471698113207547,47477,7976,0.720985403995808,0.921739130434783,0.642424242424242,75,37.191,14.3116749408732,9.91727871012457,-0.640677528333348,395.566037735849,1133.80188679245,0.404255319148936,75,47101,0,0,0,1
65535,47552,0.0980392156862745,0.124183006535948,0.640522875816993,0.797385620915033,0.0196078431372549,0.0457516339869281,0.379084967320261,0.607843137254902,0.0784313725490196,0.30718954248366,0.124183006535948,0.0261437908496732,0.30718954248366,0.222222222222222,0.0915032679738562,0.124183006535948,0.0457516339869281,0.0326797385620915,0.483660130718954,0.0065359477124183,0.313725490196078,0.189542483660131,1.37254901960784,0.111111111111111,0.241830065359477,0.843137254901961,0.0588235294117647,6.29411764705882,0.0849673202614379,0.0588235294117647,47552,11512,0.639772088857558,0.962264150943396,0.735576923076923,75,42.153,16.004718833647,12.3006616814996,-71.7119943241067,1039.14379084967,1131.01307189542,0,0,0,0,0,0,1
65535,47628,0.137142857142857,0.131428571428571,0.36,0.24,0.0228571428571429,0.0685714285714286,0.394285714285714,0.897142857142857,0.0342857142857143,0.685714285714286,0.0685714285714286,0.0342857142857143,0.742857142857143,0.274285714285714,0.0342857142857143,0.177142857142857,0.0457142857142857,0.0457142857142857,0.394285714285714,0,0.902857142857143,0.171428571428571,0.394285714285714,0.222857142857143,0.44,0.76,0.0857142857142857,5.4,0.0342857142857143,0.0571428571428571,47628,13167,0.607570103148314,0.961538461538462,0.729166666666667,75,44.783,16.8540639161326,13.3866108959521,30.0899909009465,1059.64571428571,1132.31428571429,0,0,0,0,0,0,1
65535,47703,0.11353711790393,0.170305676855895,0.672489082969432,1.47161572052402,0.0480349344978166,0.0524017467248908,0.829694323144105,0.895196506550218,0.0655021834061135,0.445414847161572,0.0960698689956332,0.0305676855895196,0.2882096069869,0.152838427947598,0.759825327510917,0.235807860262009,0.0698689956331878,0.0786026200873362,0.908296943231441,0,0.432314410480349,0.262008733624454,1.00436681222707,0.183406113537118,0.218340611353712,0.751091703056769,0.14410480349345,10.0131004366812,0.091703056768559,0.0611353711790393,47703,17230,0.814575908993192,0.905138339920949,0.650568181818182,75,57.974,23.2866873467272,13.5076053045297,69.2926309472777,367.772925764192,1137.10917030568,0,0,0,0,0,0,1
65535,47778,0.150684931506849,0.178082191780822,0.301369863013699,0.267123287671233,0.0273972602739726,0.0547945205479452,0.308219178082192,0.534246575342466,0.00684931506849315,0.438356164383562,0.0342465753424658,0.0205479452054795,0.595890410958904,0.178082191780822,0.0342465753424658,0.123287671232877,0.0684931506849315,0.0342465753424658,0.335616438356164,0.00684931506849315,0.561643835616438,0.198630136986301,0.363013698630137,0.157534246575342,0.554794520547945,0.712328767123288,0.0821917808219178,4.0958904109589,0.0547945205479452,0.0479452054794521,47778,10985,0.391927672733447,0.948051948051948,0.744897959183674,75,41.789,14.3572764293746,13.2086373488631,-64.5718339708865,1342.24657534247,1134.58219178082,0.39622641509434,75,46875,0,0,0,1
65535,47853,0.205357142857143,0.142857142857143,0.508928571428571,0.535714285714286,0.0267857142857143,0.0357142857142857,0.767857142857143,0.758928571428571,0.0178571428571429,0.366071428571429,0.0714285714285714,0.0267857142857143,0.464285714285714,0.178571428571429,0.517857142857143,0.169642857142857,0.0625,0.0803571428571429,0.794642857142857,0.00892857142857143,0.419642857142857,0.160714285714286,3.54464285714286,0.178571428571429,0.464285714285714,0.758928571428571,0.107142857142857,6.95535714285714,0.0267857142857143,0.0446428571428571,47853,8427,0.69471671415915,0.881889763779528,0.574358974358974,75,39.085,14.4603991999996,10.4011258814852,-25.8673329204285,520.526785714286,1136.72321428571,0.387755102040816,75,47176,0,0,0,1
65535,47929,0.126666666666667,0.0533333333333333,0.26,0.526666666666667,0.0266666666666667,0.0733333333333333,0.346666666666667,0.7,0.00666666666666667,0.913333333333333,0.0266666666666667,0.0266666666666667,0.8,0.22,0.06,0.173333333333333,0.0533333333333333,0.0533333333333333,0.433333333333333,0,0.933333333333333,0.313333333333333,0.24,0.22,0.493333333333333,0.726666666666667,0.126666666666667,4.64,0.0866666666666667,0.0666666666666667,47929,11286,0.596454986081653,0.961538461538462,0.721153846153846,75,41.781,15.5696753091072,12.49694583542,-80.1112923378969,168.846666666667,1138.77333333333,0,0,0,0,0,0,1
65535,48004,0.127167630057803,0.092485549132948,0.213872832369942,0.479768786127168,0.0173410404624277,0.0404624277456647,0.352601156069364,0.456647398843931,0.0115606936416185,0.595375722543353,0.0404624277456647,0.0173410404624277,0.364161849710983,0.225433526011561,0.0289017341040462,0.184971098265896,0.0346820809248555,0.046242774566474,0.404624277456647,0,0.670520231213873,0.184971098265896,0.346820809248555,0.161849710982659,0.300578034682081,0.502890173410405,0.0982658959537572,5.01734104046243,0.046242774566474,0.046242774566474,48004,13017,0.782151866878632,0.905759162303665,0.700404858299595,75,48.736,19.2788288375598,12.012403830229,82.2220226592845,1167.54913294798,1141.60693641618,0,0,0,0,0,0,1
65535,48079,0.228723404255319,0.0691489361702128,0.414893617021277,0.25531914893617,0.0106382978723404,0.0265957446808511,0.388297872340426,0.808510638297872,0.0212765957446809,0.670212765957447,0.074468085106383,0.0106382978723404,0.803191489361702,0.228723404255319,0.0425531914893617,0.175531914893617,0.0212765957446809,0.0372340425531915,0.409574468085106,0.0212765957446809,0.904255319148936,0.361702127659574,1.53191489361702,0.196808510638298,0.702127659574468,0.808510638297872,0.138297872340426,6.43085106382979,0.0851063829787234,0.0691489361702128,48079,14145,0.602619210537754,0.964102564102564,0.746031746031746,75,46.743,17.401505943025,13.8869042301752,-4.36054621487593,1436.29255319149,1145.25531914894,0.135593220338983,75,49057,0,0,0,1
65535,48154,0.285714285714286,0.121428571428571,0.685714285714286,0.407142857142857,0.0285714285714286,0,0.9,1.17142857142857,0.0357142857142857,0.314285714285714,0.0928571428571429,0.0142857142857143,0.971428571428571,0.357142857142857,0.264285714285714,0.242857142857143,0.0214285714285714,0.0928571428571429,0.464285714285714,0.0142857142857143,0.528571428571429,0.3,6.93571428571429,0.171428571428571,0.471428571428571,0.864285714285714,0.128571428571429,10.2142857142857,0.107142857142857,0.1,48154,10534,0.808883545454967,0.939597315436242,0.625,75,42.269,17.677121313377,10.3935973111022,-34.1034796134352,156.278571428571,1150.98571428571,0,0,0,0,0,0,1
65535,48230,0.0701754385964912,0.0614035087719298,0.701754385964912,1.07894736842105,0.0263157894736842,0.043859649122807,0.62280701754386,0.587719298245614,0.043859649122807,0.280701754385965,0.140350877192982,0.0701754385964912,0.447368421052632,0.254385964912281,0.0526315789473684,0.192982456140351,0.0526315789473684,0.043859649122807,0.421052631578947,0.0263157894736842,0.456140350877193,0.324561403508772,1.18421052631579,0.192982456140351,0.175438596491228,0.842105263157895,0.0964912280701754,7.53508771929825,0.140350877192982,0.087719298245614,48230,8577,0.420206767430488,0.942148760330578,0.626373626373626,75,36.571,12.7966020587458,11.6119999305025,81.2427255995185,39125,1153.14912280702,0,0,0,0,0,0,0
65535,48305,0.05,0.175,0.6875,1.2125,0.0375,0.0125,0.425,0.625,0.075,0.4125,0.1375,0.025,0.25,0.1125,0.0375,0.15,0,0.0375,0.2875,0,0.475,0.3125,0.95,0.175,0.1,1.0875,0.1375,6.7875,0.05,0,48305,6019,0.561879743852159,0.963855421686747,0.740740740740741,75,29.599,11.1861206959161,9.25337076113696,-4.14068645556718,956.725,1150.2375,0.486486486486487,75,48531,0,0,0,1
65535,48380,0.0330578512396694,0.115702479338843,0.702479338842975,1.35537190082645,0.0413223140495868,0.0330578512396694,0.56198347107438,0.479338842975207,0.0661157024793388,0.338842975206612,0.0661157024793388,0.0247933884297521,0.322314049586777,0.31404958677686,0.0165289256198347,0.190082644628099,0.0330578512396694,0.0413223140495868,0.322314049586777,0.0247933884297521,0.537190082644628,0.31404958677686,1.27272727272727,0.214876033057851,0.247933884297521,NaN,0.165289256198347,7.8595041322314,0.115702479338843,0.107438016528926,48380,9104,0.632280116682713,0.923664122137405,0.664835164835165,75,39.06,14.5874433249681,11.3014738311162,28.7970324164995,403.867768595041,1153.33884297521,0.46,75,48756,0,0,0,0
65535,48455,0.159509202453988,0.0858895705521472,0.730061349693252,0.840490797546012,0.049079754601227,0.0245398773006135,0.521472392638037,0.693251533742331,0.0368098159509202,0.257668711656442,0.0858895705521472,0.0184049079754601,0.312883435582822,0.220858895705521,0.0429447852760736,0.141104294478528,0.0184049079754601,0.0552147239263804,0.515337423312883,0,0.404907975460123,0.177914110429448,1.52147239263804,0.141104294478528,0.208588957055215,0.828220858895706,0.141104294478528,7.5398773006135,0.00613496932515337,0.104294478527607,48455,12264,0.833933491280003,0.931428571428571,0.571929824561404,75,47.347,19.6385199359898,10.8378109841624,62.5235376246892,1404.74846625767,1158.03680981595,0,0,0,0,0,0,1
65535,48531,0.142857142857143,0.131868131868132,0.692307692307692,1.05494505494506,0.043956043956044,0.021978021978022,0.527472527472527,0.692307692307692,0.032967032967033,0.395604395604396,0.10989010989011,0,0.307692307692308,0.153846153846154,0.021978021978022,0.164835164835165,0.043956043956044,0.010989010989011,0.417582417582418,0,0.351648351648352,0.318681318681319,0.571428571428571,0.164835164835165,0.208791208791209,0.813186813186813,0.0549450549450549,6.72527472527473,0.0549450549450549,0.0769230769230769,48531,6847,0.818389979192287,0.875,0.636363636363636,75,35.388,14.7564224969272,8.47997359563752,-19.927179708969,954.835164835165,1157.31868131868,0.441860465116279,75,48305,0,0,0,1
65535,48606,0.159090909090909,0.0757575757575758,0.416666666666667,0.537878787878788,0.0303030303030303,0.0681818181818182,0.568181818181818,0.446969696969697,0.0378787878787879,0.318181818181818,0.0757575757575758,0.00757575757575758,0.242424242424242,0.204545454545455,0.0303030303030303,0.0984848484848485,0.0151515151515152,0.0378787878787879,0.303030303030303,0.00757575757575758,0.333333333333333,0.181818181818182,0.477272727272727,0.181818181818182,0.212121212121212,0.78030303030303,0.113636363636364,5.20454545454545,0.0757575757575758,0.113636363636364,48606,9932,0.727823730054413,0.910344827586207,0.6875,75,40.681,15.8682711937154,10.8818932257533,-82.5586833241452,1013.43181818182,1153.59090909091,0.30188679245283,75,48681,0,0,0,1
65535,48681,0.136,0.184,0.64,0.76,0.008,0.048,3.112,1.04,0.064,0.264,0.168,0.024,0.672,0.248,0.04,0.248,0.032,0.032,0.496,0.016,0.32,0.376,4.288,0.152,0.568,1.464,0.112,9.568,0.104,0.104,48681,9405,0.703903013478406,0.93984962406015,0.757575757575758,75,38.878,15.0705057478382,10.7045214358719,89.8331624823415,1024.16,1155.128,0.333333333333333,75,48606,0,0,0,1
65535,48756,0.0769230769230769,0.131868131868132,0.692307692307692,1.65934065934066,0.021978021978022,0.010989010989011,0.417582417582418,0.648351648351648,0.0659340659340659,0.296703296703297,0.0549450549450549,0.0549450549450549,0.307692307692308,0.164835164835165,0.10989010989011,0.0769230769230769,0.010989010989011,0.021978021978022,0.274725274725275,0.010989010989011,0.54945054945055,0.230769230769231,0.626373626373626,0.230769230769231,0.263736263736264,0.934065934065934,0.10989010989011,7.57142857142857,0.0659340659340659,0.032967032967033,48756,6847,0.833259178408831,0.928571428571429,0.538461538461538,75,35.802,14.8227484724031,8.1952393421069,37.4876400463289,407.527472527473,1160.3956043956,0.521739130434783,75,48380,0,0,0,1
65535,48831,0.0561797752808989,0.112359550561798,0.561797752808989,0.848314606741573,0.0280898876404494,0.0280898876404494,0.629213483146067,0.876404494382023,0.0224719101123596,0.769662921348315,0.151685393258427,0.0168539325842697,0.359550561797753,0.252808988764045,0.0280898876404494,0.207865168539326,0.0168539325842697,0.0449438202247191,0.398876404494382,0.0224719101123596,0.797752808988764,0.308988764044944,0.398876404494382,0.219101123595506,0.174157303370787,1.06179775280899,0.0730337078651685,7.93258426966292,0.050561797752809,0.101123595505618,48831,13393,0.82000187269767,0.972677595628415,0.654411764705882,75,47.314,20.03379775329,11.4665612685799,-40.2380116034997,1188.66853932584,1159.60112359551,0,0,0,0,0,0,1
65535,48907,0.0973451327433628,0.141592920353982,0.566371681415929,1.27433628318584,0.0442477876106195,0.0176991150442478,0.486725663716814,0.584070796460177,0.0353982300884956,1.23893805309735,0.0884955752212389,0.00884955752212389,0.221238938053097,0.132743362831858,0.0265486725663717,0.115044247787611,0.0442477876106195,0.0353982300884956,0.557522123893805,0.0176991150442478,0.380530973451327,0.247787610619469,0.876106194690266,0.115044247787611,0.36283185840708,0.63716814159292,0.0353982300884956,6.63716814159292,0.123893805309735,0.0973451327433628,48907,8502,0.585614309915164,0.933884297520661,0.672619047619048,75,36.455,13.4398346940039,10.8941933822088,69.1350101943923,479.079646017699,1159.95575221239,0,0,0,0,0,0,1
65535,48982,0.0694980694980695,0.150579150579151,0.891891891891892,0.474903474903475,0.0347490347490347,0.0308880308880309,0.305019305019305,0.602316602316602,0.0733590733590734,0.386100386100386,0.0965250965250965,0.0308880308880309,0.27027027027027,0.235521235521236,0.0347490347490347,0.146718146718147,0.0193050193050193,0.0579150579150579,0.444015444015444,0.00386100386100386,0.409266409266409,0.27027027027027,1.78378378378378,0.135135135135135,0.239382239382239,0.602316602316602,0.104247104247104,6.05405405405405,0.0540540540540541,0.0694980694980695,48982,19487,0.643079385990737,0.945255474452555,0.681578947368421,75,57.519,21.1283510721653,16.1800810885087,-53.5932008426688,1325.37837837838,1163.44401544402,0,0,0,0,0,0,1
65535,49057,0.137254901960784,0.107843137254902,0.313725490196078,0.475490196078431,0.0147058823529412,0.0294117647058824,0.264705882352941,0.740196078431373,0.0343137254901961,0.803921568627451,0.0490196078431373,0.0441176470588235,0.411764705882353,0.191176470588235,0.0294117647058824,0.191176470588235,0.0392156862745098,0.0392156862745098,0.416666666666667,0.00490196078431373,1.38725490196078,0.279411764705882,0.882352941176471,0.186274509803922,0.42156862745098,0.862745098039216,0.0882352941176471,5.62254901960784,0.0980392156862745,0.0588235294117647,49057,15349,0.701345589626804,0.935779816513762,0.647619047619048,75,52.673,19.4694054865105,13.8782090892833,-82.2080061159765,1441.94607843137,1163.84803921569,0.0882352941176471,75,48079,0,0,0,1
65535,49132,0.16969696969697,0.0848484848484849,0.339393939393939,0.309090909090909,0.0242424242424242,0.0666666666666667,0.254545454545455,0.660606060606061,0.00606060606060606,0.521212121212121,0.0424242424242424,0.0242424242424242,0.581818181818182,0.23030303030303,0.0606060606060606,0.139393939393939,0.0424242424242424,0.0181818181818182,0.424242424242424,0,0.642424242424242,0.224242424242424,2.49090909090909,0.193939393939394,0.733333333333333,0.545454545454545,0.0606060606060606,5.4,0.0424242424242424,0.0484848484848485,49132,12415,0.847118657528917,0.825,0.561224489795918,75,54.492,21.0909147848194,11.2077918932585,-57.9201660131485,1352.63636363636,1170.20606060606,0.369230769230769,75,49734,0,0,0,1
65535,49208,0.040650406504065,0.146341463414634,0.308943089430894,1.09756097560976,0.0487804878048781,0.00813008130081301,0.398373983739837,0.528455284552846,0.00813008130081301,0.422764227642276,0.0894308943089431,0.016260162601626,0.235772357723577,0.235772357723577,0.0650406504065041,0.154471544715447,0.040650406504065,0.040650406504065,0.463414634146341,0,0.536585365853659,0.211382113821138,0.292682926829268,0.195121951219512,0.357723577235772,0.788617886178862,0.0894308943089431,5.40650406504065,0.0731707317073171,0.0650406504065041,49208,9255,0.628483933492797,0.938931297709924,0.675824175824176,75,38.233,14.3417838730478,11.1553631438696,-43.4957230349114,297.780487804878,1170.43902439024,0,0,0,0,0,0,1
65535,49283,0.079136690647482,0.18705035971223,0.669064748201439,1.52517985611511,0.0143884892086331,0.0215827338129496,0.848920863309353,0.935251798561151,0.100719424460432,0.294964028776978,0.143884892086331,0.0215827338129496,0.359712230215827,0.223021582733813,0.0215827338129496,0.273381294964029,0.0719424460431655,0.0359712230215827,0.388489208633094,0,0.474820143884892,0.151079136690647,0.762589928057554,0.302158273381295,0.136690647482014,0.899280575539568,0.0935251798561151,10.273381294964,0.107913669064748,0.107913669064748,49283,10459,0.742063464015931,0.914473684210526,0.6289592760181,75,43.394,16.5337657756527,11.0830731259378,-67.8691005599594,979.187050359712,1168.75539568345,0.418181818181818,75,49509,0,0,0,1
65535,49358,0.214876033057851,0.0991735537190083,0.40495867768595,0.933884297520661,0.0165289256198347,0.0413223140495868,0.454545454545455,0.661157024793388,0.0165289256198347,0.512396694214876,0.0909090909090909,0.0247933884297521,0.479338842975207,0.223140495867769,0.0330578512396694,0.148760330578512,0.0247933884297521,0.0413223140495868,0.40495867768595,0,0.363636363636364,0.231404958677686,0.413223140495868,0.115702479338843,0.289256198347107,0.909090909090909,0.0826446280991736,6.41322314049587,0.0743801652892562,0.173553719008264,49358,9104,0.853692931294711,0.96031746031746,0.593137254901961,75,43.27,17.699714332971,9.21759895372467,-59.1048527485904,95.3057851239669,1172.03305785124,0.314814814814815,75,49659,0,0,0,1
65535,49433,0.130232558139535,0.125581395348837,0.334883720930233,0.46046511627907,0.013953488372093,0.0604651162790698,0.274418604651163,0.465116279069767,0.0372093023255814,0.432558139534884,0.0651162790697674,0.0232558139534884,0.297674418604651,0.172093023255814,0.0790697674418605,0.125581395348837,0.0232558139534884,0.0511627906976744,0.372093023255814,0.00930232558139535,0.451162790697674,0.167441860465116,0.32093023255814,0.134883720930233,0.274418604651163,0.548837209302326,0.0837209302325581,3.90232558139535,0.0697674418604651,0.111627906976744,49433,16177,0.925797862584354,0.911016949152542,0.487528344671202,75,59.157,27.2775130616836,10.3114165241839,-44.7516532114854,187.967441860465,1171.37674418605,0,0,0,0,0,0,1
65535,49509,0.153225806451613,0.129032258064516,0.588709677419355,1.34677419354839,0.0483870967741935,0.0564516129032258,0.669354838709677,0.846774193548387,0.0241935483870968,0.467741935483871,0.104838709677419,0.032258064516129,0.370967741935484,0.25,0.0564516129032258,0.185483870967742,0.0403225806451613,0.0241935483870968,0.411290322580645,0,0.475806451612903,0.354838709677419,1.03225806451613,0.185483870967742,0.193548387096774,1.04032258064516,0.0806451612903226,7.95161290322581,0.032258064516129,0.112903225806452,49509,9330,0.195487833926728,0.918518518518519,0.59047619047619,75,40.119,13.0501348644854,12.7983472147956,50.8624713889552,970.91935483871,1174.83064516129,0.384615384615385,75,49283,0,0,0,1
65535,49584,0.180555555555556,0.12037037037037,0.282407407407407,0.430555555555556,0.0277777777777778,0.0601851851851852,0.416666666666667,0.902777777777778,0.0231481481481481,0.976851851851852,0.0601851851851852,0.0185185185185185,0.555555555555556,0.217592592592593,0.0509259259259259,0.189814814814815,0.087962962962963,0.0555555555555556,0.375,0.0138888888888889,1.38425925925926,0.240740740740741,0.324074074074074,0.175925925925926,0.458333333333333,0.912037037037037,0.0787037037037037,4.68518518518519,0.101851851851852,0.0787037037037037,49584,16252,0.70330838789689,0.939130434782609,0.675,75,53.227,20.0093678149542,14.2243570225464,12.802860878598,489.532407407407,1176.03240740741,0,0,0,0,0,0,1
65535,49659,0.160919540229885,0.149425287356322,0.459770114942529,0.839080459770115,0.0344827586206897,0.0344827586206897,0.482758620689655,0.609195402298851,0.0114942528735632,0.32183908045977,0.172413793103448,0.0344827586206897,0.28735632183908,0.137931034482759,0.0344827586206897,0.160919540229885,0.0804597701149425,0.0459770114942529,0.632183908045977,0.0229885057471264,0.620689655172414,0.264367816091954,0.620689655172414,0.0344827586206897,0.183908045977011,0.988505747126437,0.126436781609195,5.77011494252874,0.0114942528735632,0.137931034482759,49659,6546,0.690926207082715,0.945652173913043,0.743589743589744,75,32.204,12.6127464841283,9.11807342233774,-78.6117968090797,104.402298850575,1176.34482758621,0.41025641025641,75,49358,0,0,0,1
65535,49734,0.232558139534884,0.0930232558139535,0.313953488372093,0.337209302325581,0.0232558139534884,0.0116279069767442,0.313953488372093,0.802325581395349,0.0232558139534884,0.418604651162791,0.0232558139534884,0.0116279069767442,0.476744186046512,0.13953488372093,0.0930232558139535,0.174418604651163,0.0348837209302326,0.0348837209302326,0.476744186046512,0.0348837209302326,0.918604651162791,0.186046511627907,0.63953488372093,0.186046511627907,0.744186046511628,0.709302325581395,0.0465116279069767,6.69767441860465,0.0465116279069767,0.127906976744186,49734,6471,0.64701874228746,0.905263157894737,0.651515151515151,75,33.337,12.1872997072139,9.29250032740039,-41.2144680037561,1349.37209302326,1178.10465116279,0.615384615384615,75,49132,0,0,0,1
65535,49810,0.11965811965812,0.213675213675214,0.64957264957265,1.35042735042735,0.0512820512820513,0.0854700854700855,0.384615384615385,0.777777777777778,0.0341880341880342,0.299145299145299,0.205128205128205,0.0598290598290598,0.341880341880342,0.145299145299145,0,0.111111111111111,0.00854700854700855,0.0427350427350427,0.572649572649573,0.0170940170940171,0.367521367521368,0.273504273504274,1.08547008547009,0.136752136752137,0.162393162393162,0.923076923076923,0.102564102564103,7.8034188034188,0.0512820512820513,0.0769230769230769,49810,8803,0.640130211444359,0.943548387096774,0.65,75,37.224,14.1046841877489,10.836155412466,-79.3804470238311,602.529914529915,1178.4358974359,0,0,0,0,0,0,1
65535,49885,0.143884892086331,0.0719424460431655,0.741007194244604,0.474820143884892,0.0215827338129496,0.0647482014388489,0.568345323741007,0.928057553956835,0.0143884892086331,0.309352517985612,0.0863309352517986,0.0359712230215827,0.359712230215827,0.223021582733813,0.0215827338129496,0.266187050359712,0.0575539568345324,0.0431654676258993,0.330935251798561,0.0143884892086331,0.402877697841727,0.237410071942446,1.75539568345324,0.20863309352518,0.266187050359712,0.697841726618705,0.100719424460432,9.9568345323741,0.079136690647482,0.100719424460432,49885,10459,0.592109549050797,0.965277777777778,0.668269230769231,75,41.128,15.0765858256296,12.1495794964684,24.6432332196129,848.503597122302,1183.76258992806,0.415094339622642,75,50261,0,0,0,1
65535,49960,0.203389830508475,0.0932203389830508,0.516949152542373,0.211864406779661,0.0169491525423729,0.0254237288135593,0.567796610169492,0.677966101694915,0.0254237288135593,0.38135593220339,0.0593220338983051,0.0254237288135593,0.559322033898305,0.194915254237288,0.76271186440678,0.0338983050847458,0.076271186440678,0.0508474576271186,0.779661016949153,0.00847457627118644,0.338983050847458,0.347457627118644,4.98305084745763,0.127118644067797,2.54237288135593,0.644067796610169,0.0423728813559322,4.59322033898305,0.0847457627118644,0.0593220338983051,49960,8878,0.683403317053435,0.959349593495935,0.702380952380952,75,36.455,14.4292077477496,10.5339136937311,30.1491005665125,804.652542372881,1184.52542372881,0,0,0,0,0,0,1
65535,50035,0.139784946236559,0.145161290322581,0.338709677419355,0.489247311827957,0.010752688172043,0.0483870967741935,0.376344086021505,0.688172043010753,0.010752688172043,0.650537634408602,0.0591397849462366,0.0161290322580645,0.349462365591398,0.220430107526882,0.0161290322580645,0.188172043010753,0.0537634408602151,0.0376344086021505,0.344086021505376,0,0.994623655913979,0.279569892473118,0.365591397849462,0.204301075268817,0.548387096774194,0.672043010752688,0.0913978494623656,4.50537634408602,0.0752688172043011,0.0483870967741935,50035,13995,0.41556122620609,0.958762886597938,0.7265625,75,46.561,16.1986538883152,14.733731990307,-50.2347496402139,648.741935483871,1186.66666666667,0,0,0,0,0,0,1
65535,50111,0.143617021276596,0.117021276595745,0.212765957446809,0.484042553191489,0.0159574468085106,0.0372340425531915,0.356382978723404,0.819148936170213,0.0265957446808511,0.808510638297872,0.0478723404255319,0.0425531914893617,0.898936170212766,0.186170212765957,0.319148936170213,0.186170212765957,0.0585106382978723,0.0478723404255319,0.691489361702128,0.0106382978723404,1.14893617021277,0.26063829787234,0.51063829787234,0.186170212765957,0.409574468085106,0.813829787234043,0.101063829787234,6.12765957446809,0.0851063829787234,0.0851063829787234,50111,14145,0.724811331297094,0.92156862745098,0.706766917293233,75,49.654,19.0208688475176,13.1043783322794,17.2721658954839,417.154255319149,1186.48936170213,0,0,0,0,0,0,1
65535,50186,0.0860215053763441,0.129032258064516,0.709677419354839,1.09677419354839,0.021505376344086,0.0537634408602151,0.881720430107527,0.731182795698925,0.032258064516129,0.290322580645161,0.225806451612903,0,0.408602150537634,0.21505376344086,0.0537634408602151,0.21505376344086,0.032258064516129,0.032258064516129,0.946236559139785,0.021505376344086,0.408602150537634,0.268817204301075,1.20430107526882,0.193548387096774,0.290322580645161,0.78494623655914,0.118279569892473,9.39784946236559,0.0752688172043011,0.0752688172043011,50186,6997,0.626590840844122,0.939393939393939,0.65034965034965,75,33.089,12.4645578969674,9.71423317044401,83.7898759355358,444.967741935484,1189.29032258065,0.452380952380952,75,50637,0,0,0,1
65535,50261,0.168316831683168,0.148514851485149,1.08910891089109,0.108910891089109,0.0297029702970297,0.0198019801980198,0.574257425742574,0.673267326732673,0.0594059405940594,0.306930693069307,0.0792079207920792,0.0594059405940594,0.336633663366337,0.0891089108910891,0.0594059405940594,0.148514851485149,0.0099009900990099,0.0297029702970297,0.386138613861386,0,0.356435643564356,0.247524752475248,2.61386138613861,0.158415841584158,0.148514851485149,0.504950495049505,0.0594059405940594,8.37623762376238,0.0792079207920792,0.0891089108910891,50261,7599,0.888300454384611,0.821138211382114,0.540106951871658,75,41.111,18.1039563847209,8.31447337070307,-16.4286819414321,844.386138613861,1191.33663366337,0.730769230769231,150,49885,50713,0,0,1
65535,50336,0.122137404580153,0.083969465648855,0.541984732824428,0.564885496183206,0.00763358778625954,0.0763358778625954,0.274809160305344,0.725190839694656,0.0381679389312977,0.374045801526718,0.0687022900763359,0.0305343511450382,0.396946564885496,0.16030534351145,0.0610687022900763,0.190839694656489,0.0152671755725191,0.0534351145038168,0.511450381679389,0,0.389312977099237,0.198473282442748,1.6030534351145,0.145038167938931,0.465648854961832,0.740458015267176,0.0687022900763359,5.24427480916031,0.083969465648855,0.0534351145038168,50336,9857,0.785019043025712,0.929078014184397,0.682291666666667,75,40.565,16.5688983538322,10.2639624934499,-15.9871949341697,171.900763358779,1191.51908396947,0,0,0,0,0,0,1
65535,50412,0.19047619047619,0.13015873015873,0.93968253968254,0.765079365079365,0.0222222222222222,0.0507936507936508,1.08888888888889,1.18095238095238,0.0285714285714286,0.326984126984127,0.104761904761905,0.0317460317460317,0.488888888888889,0.311111111111111,0.0412698412698413,0.368253968253968,0.0984126984126984,0.0571428571428571,0.634920634920635,0.00634920634920635,0.40952380952381,0.263492063492064,1.17460317460317,0.228571428571429,0.457142857142857,0.866666666666667,0.0857142857142857,12.6857142857143,0.0761904761904762,0.123809523809524,50412,23701,0.508753537536511,0.957446808510638,0.681818181818182,75,63.085,21.7020648989163,18.6835727131431,-30.8201942842558,1292.12380952381,1195.59047619048,0,0,0,0,0,0,1
65535,50487,0.061381074168798,0.120204603580563,0.468030690537084,1.33248081841432,0.0460358056265985,0.0741687979539642,0.703324808184143,1.09462915601023,0.051150895140665,1.1457800511509,0.163682864450128,0.0255754475703325,0.406649616368286,0.294117647058824,0.0588235294117647,0.273657289002558,0.061381074168798,0.0281329923273657,0.396419437340153,0.0230179028132992,1.50639386189258,0.465473145780051,0.626598465473146,0.355498721227621,0.18925831202046,1.57800511508951,0.135549872122762,7.78516624040921,0.125319693094629,0.0767263427109974,50487,29419,0.780116419091338,0.949029126213592,0.664965986394558,75,72.323,28.5423449695717,17.8570721898885,24.3648844270217,33.4987212276215,1193.62148337596,0,0,0,0,0,0,1
65535,50562,0.18716577540107,0.0909090909090909,0.197860962566845,0.352941176470588,0,0.0213903743315508,0.374331550802139,1.01069518716578,0.0160427807486631,0.438502673796791,0.0588235294117647,0.0106951871657754,1.29946524064171,0.245989304812834,0.053475935828877,0.155080213903743,0.101604278074866,0.0320855614973262,0.486631016042781,0.0053475935828877,0.625668449197861,0.192513368983957,1.31016042780749,0.25668449197861,0.770053475935829,0.609625668449198,0.149732620320856,7.86096256684492,0.0962566844919786,0.0695187165775401,50562,14070,0.756269742221973,0.944444444444444,0.615131578947368,75,49.216,19.4052081349042,12.6960504273448,-29.6046494177219,398.823529411765,1194.91443850267,0.215384615384615,75,51390,0,0,0,1
65535,50637,0.175438596491228,0.105263157894737,0.298245614035088,0.567251461988304,0.0701754385964912,0.0292397660818713,0.450292397660819,0.754385964912281,0.0116959064327485,0.725146198830409,0.0584795321637427,0.0233918128654971,0.456140350877193,0.187134502923977,0.105263157894737,0.128654970760234,0.0233918128654971,0.0526315789473684,0.614035087719298,0.00584795321637427,1.16374269005848,0.304093567251462,0.584795321637427,0.222222222222222,0.695906432748538,1.05263157894737,0.157894736842105,7.14619883040936,0.0994152046783626,0.0584795321637427,50637,12866,0.762274849283208,0.9,0.628676470588235,75,48.62,18.6556391086679,12.0749271441643,37.7673709072654,450.80701754386,1197.50292397661,0.32258064516129,75,50186,0,0,0,1
65535,50713,0.0865384615384615,0.125,0.778846153846154,0.480769230769231,0.0192307692307692,0.0961538461538462,0.519230769230769,0.798076923076923,0.0192307692307692,0.259615384615385,0.105769230769231,0.00961538461538462,0.586538461538462,0.221153846153846,0.0673076923076923,0.134615384615385,0.0480769230769231,0.0288461538461538,0.461538461538462,0.00961538461538462,0.403846153846154,0.211538461538462,2.40384615384615,0.125,0.423076923076923,0.884615384615385,0.153846153846154,8.19230769230769,0.105769230769231,0.105769230769231,50713,7825,0.746924954264581,0.936936936936937,0.693333333333333,75,35.413,14.2132334376779,9.45049758035482,10.9851923922066,851.105769230769,1198.73076923077,0.409090909090909,75,50261,0,0,0,1
65535,50788,0.138461538461538,0.107692307692308,0.276923076923077,0.530769230769231,0.0307692307692308,0.0384615384615385,0.3,0.746153846153846,0.0153846153846154,0.838461538461538,0.0538461538461538,0.0230769230769231,0.753846153846154,0.192307692307692,0.0769230769230769,0.146153846153846,0.0153846153846154,0.0923076923076923,0.438461538461538,0,1.16153846153846,0.284615384615385,0.392307692307692,0.2,0.6,0.823076923076923,0.0692307692307692,5.70769230769231,0.130769230769231,0.0615384615384615,50788,9781,0.648868185813273,0.896551724137931,0.577777777777778,75,42.36,15.272982019156,11.6212247385548,-49.2463472114133,116.623076923077,1197.93076923077,0.415094339622642,75,51239,0,0,0,1
65535,50863,0.0745341614906832,0.105590062111801,0.701863354037267,0.602484472049689,0.031055900621118,0.031055900621118,0.645962732919255,0.763975155279503,0.0683229813664596,0.335403726708075,0.142857142857143,0.031055900621118,0.459627329192547,0.192546583850932,0.0559006211180124,0.217391304347826,0.0559006211180124,0.0559006211180124,0.447204968944099,0.0062111801242236,0.291925465838509,0.167701863354037,2.16149068322981,0.167701863354037,0.254658385093168,0.720496894409938,0.0559006211180124,7.28571428571429,0.0248447204968944,0.093167701863354,50863,12114,0.818977559892671,0.964071856287425,0.591911764705882,75,46.851,19.2182550160256,11.0279256635051,48.3359357279271,665.546583850932,1201.12422360248,0.5,75,51089,0,0,0,1
65535,50938,0.111111111111111,0.152046783625731,0.403508771929825,0.216374269005848,0.0175438596491228,0.0584795321637427,0.47953216374269,0.742690058479532,0.00584795321637427,0.432748538011696,0.0409356725146199,0.0292397660818713,0.701754385964912,0.192982456140351,0.00584795321637427,0.233918128654971,0.0175438596491228,0.0233918128654971,0.426900584795322,0,0.684210526315789,0.169590643274854,2.42690058479532,0.134502923976608,0.637426900584795,0.573099415204678,0.0935672514619883,5.40350877192982,0.0701754385964912,0.0526315789473684,50938,12866,0.678249840672571,0.94475138121547,0.718487394957983,75,45.519,17.3257604419307,12.7315124149512,-4.82103689300154,958.362573099415,1202.28070175439,0,0,0,0,0,0,1
65535,51013,0.196629213483146,0.140449438202247,0.286516853932584,0.48314606741573,0.0280898876404494,0.0393258426966292,0.235955056179775,0.432584269662921,0.0112359550561798,0.606741573033708,0.0337078651685393,0.0112359550561798,0.297752808988764,0.219101123595506,0.050561797752809,0.101123595505618,0.0674157303370787,0.0449438202247191,0.308988764044944,0.0168539325842697,0.567415730337079,0.146067415730337,0.264044943820225,0.134831460674157,0.235955056179775,0.544943820224719,0.0955056179775281,3.52247191011236,0.0561797752808989,0.0561797752808989,51013,13393,0.839736649885899,0.927083333333333,0.615916955017301,75,49.191,20.7157493436168,11.2485252108826,-35.2143659879481,266.719101123596,1204.4606741573,0,0,0,0,0,0,1
65535,51089,0.0919540229885057,0.0977011494252874,0.735632183908046,0.85632183908046,0.0172413793103448,0.0459770114942529,0.586206896551724,0.827586206896552,0.0517241379310345,0.459770114942529,0.0632183908045977,0.0459770114942529,0.396551724137931,0.218390804597701,0.0459770114942529,0.224137931034483,0.0402298850574713,0.0344827586206897,0.67816091954023,0.00574712643678161,0.511494252873563,0.275862068965517,1.78735632183908,0.137931034482759,0.390804597701149,NaN,0.0862068965517241,8.64942528735632,0.0862068965517241,0.103448275862069,51089,13092,0.882698965683127,0.865671641791045,0.481994459833795,75,54.278,22.5770733915926,10.6098442241153,44.6459318503884,671.64367816092,1207.57471264368,0.436619718309859,75,50863,0,0,0,0
65535,51164,0.0549450549450549,0.10989010989011,0.681318681318681,0.846153846153846,0.021978021978022,0.032967032967033,0.54945054945055,0.714285714285714,0.021978021978022,0.527472527472527,0.10989010989011,0.043956043956044,0.274725274725275,0.186813186813187,0.0659340659340659,0.186813186813187,0.043956043956044,0.0549450549450549,0.32967032967033,0,0.43956043956044,0.263736263736264,1.20879120879121,0.120879120879121,0.32967032967033,0.736263736263736,0.0769230769230769,9.63736263736264,0.0769230769230769,0.032967032967033,51164,6847,0.537355847597843,0.947916666666667,0.689393939393939,75,32.692,11.8841103568834,10.0225311966462,-74.0269461178566,1223.62637362637,1204.0989010989,0.414634146341463,75,51691,0,0,0,1
65535,51239,0.141242937853107,0.129943502824859,0.271186440677966,0.248587570621469,0.0169491525423729,0.0508474576271186,0.293785310734463,0.954802259887006,0.0564971751412429,0.536723163841808,0.0790960451977401,0.0282485875706215,0.706214689265537,0.271186440677966,0.0451977401129944,0.146892655367232,0.0282485875706215,0.0734463276836158,0.384180790960452,0,0.72316384180791,0.242937853107345,0.412429378531073,0.225988700564972,0.655367231638418,0.661016949152542,0.0790960451977401,5.8361581920904,0.0790960451977401,0.0734463276836158,51239,13318,0.522674087061982,0.87192118226601,0.614583333333333,75,51.06,17.1600587284275,14.6295091281425,6.48814775445477,123.276836158192,1207.50847457627,0.363636363636364,75,50788,0,0,0,1
65535,51314,0.116751269035533,0.116751269035533,0.527918781725888,0.284263959390863,0.0355329949238579,0.0304568527918782,0.401015228426396,0.796954314720812,0.0304568527918782,0.614213197969543,0.0862944162436548,0.0152284263959391,0.598984771573604,0.218274111675127,0.0304568527918782,0.17258883248731,0.0456852791878173,0.0558375634517767,0.416243654822335,0.0101522842639594,0.918781725888325,0.309644670050761,2.33502538071066,0.223350253807107,0.812182741116751,0.903553299492386,0.0862944162436548,6.76142131979695,0.0609137055837563,0.0558375634517767,51314,14822,0.374549606980387,0.920560747663551,0.681660899653979,75,51.242,16.7439310049549,15.5250879681757,-78.3581197538456,1204.53807106599,1207.2385786802,0.287878787878788,75,51691,0,0,0,1
65535,51390,0.111111111111111,0.0915032679738562,0.862745098039216,1.24183006535948,0.0784313725490196,0.0392156862745098,0.620915032679739,0.725490196078431,0.0522875816993464,0.379084967320261,0.130718954248366,0.0326797385620915,0.366013071895425,0.222222222222222,0.0326797385620915,0.254901960784314,0.0130718954248366,0.104575163398693,0.568627450980392,0.0196078431372549,0.477124183006536,0.248366013071895,3.44444444444444,0.183006535947712,0.202614379084967,0.928104575163399,0.0849673202614379,9.03267973856209,0.0915032679738562,0.0718954248366013,51390,11512,0.328995121806727,0.944444444444444,0.728571428571429,75,42.823,14.4807587980745,13.6746384245482,8.59868193782986,404.052287581699,1208.38562091503,0.240740740740741,75,50562,0,0,0,1
65535,51465,0.140909090909091,0.127272727272727,0.304545454545455,0.377272727272727,0.00909090909090909,0.0590909090909091,0.395454545454545,0.668181818181818,0.0227272727272727,0.672727272727273,0.0318181818181818,0.0136363636363636,0.463636363636364,0.236363636363636,0.0363636363636364,0.172727272727273,0.0363636363636364,0.0545454545454545,0.363636363636364,0.00454545454545455,0.813636363636364,0.268181818181818,1.85454545454545,0.186363636363636,0.513636363636364,0.654545454545455,0.0954545454545455,4.89545454545455,0.0863636363636364,0.0318181818181818,51465,16553,0.576445065276752,0.920502092050209,0.681114551083591,75,55.096,18.9498798347017,15.4846272023164,-23.9399913681425,997.936363636364,1205.46363636364,0,0,0,0,0,0,1
65535,51540,0.172727272727273,0.159090909090909,0.359090909090909,0.263636363636364,0.0318181818181818,0.0409090909090909,0.322727272727273,0.827272727272727,0.0227272727272727,0.572727272727273,0.0681818181818182,0.0227272727272727,0.55,0.190909090909091,0.0227272727272727,0.181818181818182,0.0318181818181818,0.0590909090909091,0.463636363636364,0.0136363636363636,0.913636363636364,0.281818181818182,0.990909090909091,0.109090909090909,0.786363636363636,0.663636363636364,0.1,6.03181818181818,0.0681818181818182,0.0772727272727273,51540,16553,0.532269267734807,0.944206008583691,0.681114551083591,75,52.474,18.5316548130007,15.6884378185513,69.4341411198333,626.5,1208.77272727273,0,0,0,0,0,0,1
65535,51615,0.1796875,0.1484375,0.21875,0.5859375,0.03125,0.0234375,0.53125,0.34375,0.0078125,0.4921875,0.0625,0.015625,0.3671875,0.1640625,0.03125,0.28125,0.0546875,0.0390625,0.4375,0,0.78125,0.1875,0.140625,0.1171875,0.328125,0.6328125,0.125,4.1796875,0.046875,0.03125,51615,9631,0.286877818819241,0.941176470588235,0.703296703296703,75,38.994,13.1496179151648,12.5969023861758,-52.9824195347576,516.9140625,1208.4296875,0,0,0,0,0,0,1
65535,51691,0.125,0.09375,0.458333333333333,0.739583333333333,0.0520833333333333,0.0625,0.59375,0.84375,0.0520833333333333,0.395833333333333,0.0625,0,0.489583333333333,0.25,0.03125,0.229166666666667,0.0625,0.0520833333333333,0.322916666666667,0,0.75,0.1875,0.614583333333333,0.28125,0.4375,0.75,0.104166666666667,8.72916666666667,0.0729166666666667,0.0625,51691,7223,0.657355887022666,0.932038834951456,0.671328671328671,75,35.297,13.1365018020342,9.899408700896,19.6646948460399,1216.05208333333,1210.15625,0.790697674418605,150,51164,51314,0,0,1
65535,51766,0.100840336134454,0.142857142857143,0.361344537815126,0.19327731092437,0.0504201680672269,0.0504201680672269,0.336134453781513,0.504201680672269,0.0504201680672269,0.403361344537815,0.0504201680672269,0.0336134453781513,0.201680672268908,0.19327731092437,0.0336134453781513,0.0756302521008403,0.0756302521008403,0.00840336134453781,0.369747899159664,0.00840336134453781,0.302521008403361,0.19327731092437,0.647058823529412,0.109243697478992,0.235294117647059,0.470588235294118,0.0588235294117647,4.47899159663866,0.0588235294117647,0.0672268907563025,51766,8954,0.630268888371212,0.952,0.653846153846154,75,37.216,14.086931890398,10.936768851766,-34.5179181056612,1031.36974789916,1210.98319327731,0,0,0,0,0,0,1
65535,51841,0.107594936708861,0.113924050632911,0.291139240506329,0.322784810126582,0.0126582278481013,0.0506329113924051,0.791139240506329,NaN,0.0189873417721519,0.417721518987342,0.0569620253164557,0.00632911392405063,0.582278481012658,0.221518987341772,0.0443037974683544,0.120253164556962,0.0759493670886076,0.0253164556962025,0.329113924050633,0,0.481012658227848,0.20253164556962,2.25316455696203,0.215189873417722,0.765822784810127,0.512658227848101,0.0632911392405063,6.17721518987342,0.0443037974683544,0.0443037974683544,51841,11888,0.776927074937232,0.951807228915663,0.619607843137255,75,44.345,18.0571941983641,11.3686396812099,35.8874905403671,172.96835443038,1210.99367088608,0,0,0,0,0,0,0
65535,51916,0.191111111111111,0.177777777777778,0.68,0.497777777777778,0.0355555555555556,0.0933333333333333,0.484444444444444,0.693333333333333,0.0933333333333333,0.586666666666667,0.102222222222222,0.0444444444444444,0.533333333333333,0.217777777777778,0.0577777777777778,0.262222222222222,0.102222222222222,0.0488888888888889,0.533333333333333,0.0177777777777778,0.644444444444444,0.248888888888889,2.98666666666667,0.244444444444444,0.395555555555556,0.622222222222222,0.08,6.53777777777778,0.08,0.0888888888888889,51916,16929,0.879069943427317,0.910931174089069,0.642857142857143,75,59.487,24.8205808118783,11.8317923989097,78.5185954771259,587.937777777778,1211.72,0.333333333333333,75,52142,0,0,0,1
65535,51992,0.29126213592233,0.184466019417476,0.519417475728155,0.33495145631068,0.00485436893203883,0.058252427184466,2.14077669902913,1.29611650485437,0.0436893203883495,0.548543689320388,0.0728155339805825,0.0436893203883495,0.878640776699029,0.242718446601942,0.650485436893204,0.286407766990291,0.058252427184466,0.223300970873786,0.645631067961165,0.0242718446601942,0.461165048543689,0.383495145631068,0.898058252427185,0.199029126213592,0.684466019417476,1.27669902912621,0.150485436893204,9.37378640776699,0.058252427184466,0.0679611650485437,51992,15500,0.555315360350523,0.923766816143498,0.637770897832817,75,53.525,18.1583653093241,15.1012203161845,35.5619871335254,57.5339805825243,1212.69417475728,0,0,0,0,0,0,1
65535,52067,0.0841121495327103,0.11214953271028,0.401869158878505,1.10280373831776,0.0280373831775701,0.0186915887850467,0.383177570093458,0.700934579439252,0.102803738317757,0.588785046728972,0.0560747663551402,0.0186915887850467,0.280373831775701,0.168224299065421,0.0373831775700935,0.168224299065421,0.0186915887850467,0.0373831775700935,0.420560747663551,0,0.953271028037383,0.317757009345794,0.429906542056075,0.205607476635514,0.168224299065421,1.1588785046729,0.14018691588785,7.17757009345794,0.0654205607476635,0.0654205607476635,52067,8051,0.793265140446596,0.946902654867257,0.594444444444444,75,37.489,15.2334378510245,9.27528012878985,-34.7844218947122,548.728971962617,1215.91588785047,0.489795918367347,75,52293,0,0,0,1
65535,52142,0.216216216216216,0.0990990990990991,1.15315315315315,0.855855855855856,0.00900900900900901,0.027027027027027,0.621621621621622,0.594594594594595,0.0630630630630631,0.36036036036036,0.153153153153153,0.00900900900900901,0.342342342342342,0.243243243243243,0.0990990990990991,0.216216216216216,0.0540540540540541,0.0990990990990991,0.432432432432432,0.00900900900900901,0.477477477477477,0.324324324324324,3.17117117117117,0.261261261261261,0.225225225225225,1.05405405405405,0.0900900900900901,8.79279279279279,0.0900900900900901,0.144144144144144,52142,8352,0.81982949503484,0.874015748031496,0.578125,75,40.011,16.2620413091234,9.31177036911897,59.6192707127159,595.522522522523,1218,0.490196078431373,75,51916,0,0,0,1
65535,52217,0.0869565217391304,0.142857142857143,0.726708074534162,1.11801242236025,0.0496894409937888,0.0248447204968944,0.440993788819876,0.658385093167702,0.0496894409937888,0.248447204968944,0.130434782608696,0.0496894409937888,0.335403726708075,0.242236024844721,0.0124223602484472,0.211180124223602,0.0248447204968944,0.0559006211180124,0.37888198757764,0.0186335403726708,0.298136645962733,0.316770186335404,2.40372670807453,0.130434782608696,0.180124223602484,0.683229813664596,0.0993788819875776,8.45962732919255,0.0807453416149068,0.124223602484472,52217,12114,0.618748946636776,0.92,0.631372549019608,75,46.586,16.5146233890693,12.9737029431127,-23.9786247123234,470.428571428571,1216.83850931677,0,0,0,0,0,0,1
65535,52293,0.112,0.12,0.44,1.016,0.024,0.032,0.68,0.616,0.048,0.584,0.104,0.008,0.456,0.16,0.024,0.144,0.04,0.104,0.384,0,0.728,0.368,0.392,0.168,0.336,0.744,0.12,6.08,0.168,0.032,52293,9405,0.510314968758696,0.905797101449275,0.595238095238095,75,41.136,14.2941343447962,12.2927779610463,-28.5347994167549,542.008,1221.544,0.452830188679245,75,52067,0,0,0,1
65535,52368,0.12972972972973,0.227027027027027,0.486486486486487,0.2,0.0756756756756757,0.0594594594594595,0.367567567567568,1.00540540540541,0.0108108108108108,0.745945945945946,0.0594594594594595,0.0594594594594595,3.63243243243243,0.281081081081081,0.0594594594594595,0.210810810810811,0.102702702702703,0.0216216216216216,0.437837837837838,0,0.778378378378378,0.194594594594595,0.881081081081081,0.324324324324324,0.67027027027027,0.713513513513514,0.0918918918918919,6.11891891891892,0.0540540540540541,0.0324324324324324,52368,13920,0.461917337144876,0.963541666666667,0.770833333333333,75,45.891,16.3865348896034,14.533594367181,42.8919389715553,766.643243243243,1221.61621621622,0,0,0,0,0,0,1
65535,52443,0.241666666666667,0.116666666666667,0.35,0.141666666666667,0.0166666666666667,0.0333333333333333,0.733333333333333,0.741666666666667,0.0583333333333333,0.241666666666667,0.0833333333333333,0.025,0.866666666666667,0.45,0.0666666666666667,0.0833333333333333,0.0833333333333333,0.0583333333333333,0.283333333333333,0,0.416666666666667,0.266666666666667,4.06666666666667,0.141666666666667,0.383333333333333,0.591666666666667,0.05,4.39166666666667,0.116666666666667,0.1,52443,9029,0.710868832696785,0.923076923076923,0.727272727272727,75,38.605,14.9342705394759,10.5036399568259,6.96174773978613,234.075,1221.63333333333,0,0,0,0,0,0,1
65535,52518,0.220858895705521,0.134969325153374,0.325153374233129,0.239263803680982,0.0122699386503067,0.0552147239263804,0.392638036809816,0.828220858895706,0.0122699386503067,0.411042944785276,0.0306748466257669,0.0122699386503067,1.53374233128834,0.165644171779141,0.0245398773006135,0.214723926380368,0.0613496932515337,0.0245398773006135,0.429447852760736,0,0.638036809815951,0.245398773006135,0.748466257668712,0.226993865030675,0.638036809815951,0.711656441717791,0.0306748466257669,5.97546012269939,0.0797546012269939,0.0920245398773006,52518,12264,0.623055048249429,0.964497041420118,0.776190476190476,75,43.443,16.4471941285716,12.8646332321194,44.9940856987885,1316.28834355828,1221.10429447853,0.296296296296296,75,52594,0,0,0,1
65535,52594,0.205607476635514,0.11214953271028,0.88785046728972,0.102803738317757,0.0186915887850467,0.0467289719626168,0.214953271028037,0.97196261682243,0.0280373831775701,0.420560747663551,0.0186915887850467,0.0560747663551402,1.05607476635514,0.186915887850467,0.0654205607476635,0.186915887850467,0.0373831775700935,0.0186915887850467,0.616822429906542,0.00934579439252336,0.392523364485981,0.214953271028037,4.41121495327103,0.149532710280374,0.242990654205607,0.691588785046729,0.0467289719626168,6.96261682242991,0.0373831775700935,0.0560747663551402,52594,8051,0.667343788005282,0.856,0.545918367346939,75,40.483,14.1543977657684,10.5414849432895,-48.2140975509085,1305.23364485981,1224.98130841122,0.795918367346939,150,52518,52894,0,0,1
65535,52669,0.184782608695652,0.130434782608696,0.554347826086957,0.271739130434783,0.0434782608695652,0.0326086956521739,0.391304347826087,0.554347826086957,0.0652173913043478,0.478260869565217,0.0869565217391304,0.0434782608695652,0.684782608695652,0.184782608695652,0.0326086956521739,0.119565217391304,0.0326086956521739,0.0326086956521739,0.467391304347826,0.0108695652173913,0.489130434782609,0.195652173913043,0.967391304347826,0.119565217391304,0.347826086956522,0.543478260869565,0.0326086956521739,5.93478260869565,0.0326086956521739,0.0652173913043478,52669,6922,0.625906691077496,0.814159292035398,0.643356643356643,75,38.043,12.7768953635849,9.96467451494195,67.7892055409697,833.95652173913,1227.57608695652,0.577777777777778,150,52744,53120,0,0,1
65535,52744,0.144578313253012,0.108433734939759,0.987951807228916,0.192771084337349,0,0.036144578313253,0.481927710843373,0.530120481927711,0,0.156626506024096,0.144578313253012,0.0120481927710843,0.325301204819277,0.144578313253012,0.036144578313253,0.168674698795181,0.0120481927710843,0.0481927710843374,0.301204819277108,0.0240963855421687,0.27710843373494,0.120481927710843,3.21686746987952,0.156626506024096,0.301204819277108,0.518072289156627,0.0481927710843374,7.03614457831325,0.0963855421686747,0.0602409638554217,52744,6245,0.866075723725318,0.912087912087912,0.592857142857143,75,33.453,14.7956285374008,7.39652458074595,-67.0982784643272,842.602409638554,1231.25301204819,0.627906976744186,150,52669,53120,0,0,1
65535,52819,0.225352112676056,0.169014084507042,0.28169014084507,0.669014084507042,0.0422535211267606,0.00704225352112676,0.359154929577465,0.647887323943662,0.0211267605633803,0.697183098591549,0.140845070422535,0.0422535211267606,0.373239436619718,0.211267605633803,0.0140845070422535,0.105633802816901,0.0211267605633803,0.00704225352112676,0.436619718309859,0,0.577464788732394,0.288732394366197,0.408450704225352,0.161971830985916,0.28169014084507,0.816901408450704,0.112676056338028,5.34507042253521,0.0845070422535211,0.0633802816901408,52819,10684,0.605977824309936,0.953020134228188,0.728205128205128,75,40.284,15.2050659348593,12.0953492270891,-28.270297435424,1221.99295774648,1231.29577464789,0,0,0,0,0,0,1
65535,52894,0.0869565217391304,0.0108695652173913,0.847826086956522,0.326086956521739,0.0108695652173913,0.0978260869565217,0.510869565217391,0.782608695652174,0.0217391304347826,0.369565217391304,0.0543478260869565,0.0217391304347826,0.532608695652174,0.315217391304348,0.0652173913043478,0.326086956521739,0.0543478260869565,0.0652173913043478,0.576086956521739,0.0108695652173913,0.380434782608696,0.260869565217391,1.6195652173913,0.206521739130435,0.369565217391304,0.728260869565217,0.0869565217391304,8.47826086956522,0.0326086956521739,0.0760869565217391,52894,6922,0.682886530427437,0.968421052631579,0.643356643356643,75,33.453,13.0216655005687,9.51264515723445,-58.482835798621,1299.46739130435,1230.70652173913,0.5,75,52594,0,0,0,1
65535,52970,0.0718954248366013,0.0849673202614379,0.660130718954248,1.39869281045752,0.0457516339869281,0.0261437908496732,0.666666666666667,0.875816993464052,0.0326797385620915,0.339869281045752,0.143790849673203,0.0457516339869281,0.633986928104575,0.137254901960784,0.0196078431372549,0.189542483660131,0.0457516339869281,0.0392156862745098,0.287581699346405,0,0.555555555555556,0.366013071895425,0.633986928104575,0.196078431372549,0.235294117647059,1.15032679738562,0.065359477124183,8.20915032679738,0.111111111111111,0.0915032679738562,52970,11512,0.761610548893294,0.874285714285714,0.5625,75,50.986,18.4201544497325,11.9369049393331,56.2057284549509,11.7581699346405,1233.9477124183,0.454545454545455,75,53271,0,0,0,1
65535,53045,0.209923664122137,0.16412213740458,0.389312977099237,0.33206106870229,0.0229007633587786,0.0381679389312977,1.73282442748092,1.00763358778626,0.0343511450381679,0.984732824427481,0.049618320610687,0.0305343511450382,0.793893129770992,0.274809160305344,0.259541984732824,0.190839694656489,0.0419847328244275,0.103053435114504,0.423664122137405,0.00763358778625954,1.37786259541985,0.316793893129771,0.881679389312977,0.293893129770992,0.530534351145038,1.1412213740458,0.110687022900763,5.8969465648855,0.0954198473282443,0.099236641221374,53045,19713,0.739809600673234,0.922535211267606,0.595454545454545,75,61.092,23.0588285006829,15.5143553521094,31.8151845545587,607.43893129771,1235.01526717557,0,0,0,0,0,0,1
65535,53120,0.127906976744186,0.0697674418604651,0.36046511627907,0.22093023255814,0,0.0348837209302326,0.348837209302326,0.604651162790698,0.0930232558139535,0.348837209302326,0.0697674418604651,0.0232558139534884,0.511627906976744,0.162790697674419,0.0581395348837209,0.13953488372093,0.0465116279069767,0.0348837209302326,0.453488372093023,0.0116279069767442,0.325581395348837,0.197674418604651,1.04651162790698,0.0581395348837209,0.244186046511628,0.593023255813954,0.0697674418604651,4.74418604651163,0.0581395348837209,0.0348837209302326,53120,6471,0.524813856301793,0.945054945054945,0.651515151515151,75,31.493,11.4711262133453,9.76441787875231,-47.4105062153357,836.686046511628,1236.96511627907,0.625,150,52669,52744,0,0,1
65535,53195,0.124260355029586,0.142011834319527,0.72189349112426,1.01183431952663,0.0236686390532544,0.0177514792899408,1.15976331360947,0.923076923076923,0.100591715976331,0.366863905325444,0.106508875739645,0.0118343195266272,0.449704142011834,0.301775147928994,0.0355029585798817,0.21301775147929,0.0414201183431953,0.0650887573964497,0.715976331360947,0.0118343195266272,0.414201183431953,0.355029585798817,1.3905325443787,0.183431952662722,0.165680473372781,0.93491124260355,0.112426035502959,8.6094674556213,0.0414201183431953,0.106508875739645,53195,12716,0.797450119857243,0.938888888888889,0.741228070175439,75,47.231,19.0520965153641,11.495746858006,7.24323852197768,287.798816568047,1237.23668639053,0,0,0,0,0,0,1
65535,53271,0.135658914728682,0.0968992248062016,0.554263565891473,0.426356589147287,0.0232558139534884,0.0658914728682171,0.62015503875969,1.06201550387597,0.0581395348837209,0.98062015503876,0.112403100775194,0.0310077519379845,1.44186046511628,0.364341085271318,0.0348837209302326,0.275193798449612,0.062015503875969,0.062015503875969,0.36046511627907,0.00387596899224806,1.81782945736434,0.348837209302326,1.37596899224806,0.306201550387597,0.511627906976744,1.18604651162791,0.12015503875969,7.89922480620155,0.0775193798449612,0.10077519379845,53271,19412,0.779502401406913,0.889655172413793,0.617224880382775,75,62.572,23.706523375588,14.8497481938768,31.1269781109313,17.0813953488372,1243.36434108527,0.5125,150,52970,53572,0,0,1
65535,53346,0.110236220472441,0.110236220472441,0.299212598425197,0.362204724409449,0,0.0393700787401575,0.31496062992126,0.448818897637795,0.047244094488189,0.511811023622047,0.062992125984252,0.015748031496063,0.21259842519685,0.15748031496063,0.031496062992126,0.149606299212598,0.015748031496063,0.0236220472440945,0.196850393700787,0.0078740157480315,0.818897637795276,0.181102362204724,0.330708661417323,0.15748031496063,0.228346456692913,0.401574803149606,0.0708661417322835,3.45669291338583,0.0708661417322835,0.0393700787401575,53346,9556,0.665147421601086,0.954887218045113,0.697802197802198,75,39.085,14.8662382822549,11.100799481755,-35.3479540310772,228.968503937008,1245.55905511811,0,0,0,0,0,0,1
65535,53421,0.170984455958549,0.113989637305699,0.404145077720207,0.94300518134715,0.0362694300518135,0.0310880829015544,0.49740932642487,0.559585492227979,0.0569948186528497,0.544041450777202,0.0621761658031088,0.0259067357512953,0.523316062176166,0.202072538860104,0.0310880829015544,0.150259067357513,0.0310880829015544,0.0725388601036269,0.424870466321244,0.00518134715025907,0.580310880829016,0.248704663212435,0.38860103626943,0.181347150259067,0.243523316062176,0.797927461139896,0.113989637305699,4.42487046632124,0.0673575129533679,0.0725388601036269,53421,14522,0.557019001014832,0.960199004975124,0.714814814814815,75,47.876,17.3902080006568,14.4425633735243,-88.779992060486,761.19689119171,1244.15544041451,0,0,0,0,0,0,1
65535,53496,0.0921985815602837,0.134751773049645,0.340425531914894,0.333333333333333,0.00709219858156028,0.0425531914893617,0.425531914893617,0.624113475177305,0.0212765957446809,0.531914893617021,0.0638297872340425,0,0.319148936170213,0.163120567375887,0.00709219858156028,0.120567375886525,0.0141843971631206,0.0425531914893617,0.354609929078014,0,0.765957446808511,0.283687943262411,1.83687943262411,0.134751773049645,0.50354609929078,0.666666666666667,0.0780141843971631,4.86524822695035,0.0638297872340425,0.049645390070922,53496,10609,0.763494113693329,0.92156862745098,0.626666666666667,75,42.36,16.902042712338,10.9155891042901,40.3100811221462,953.787234042553,1243.13475177305,0,0,0,0,0,0,1
65535,53572,0.0680628272251309,0.157068062827225,0.732984293193717,1.16753926701571,0.0261780104712042,0.0157068062827225,0.445026178010471,0.68586387434555,0.0471204188481675,0.471204188481675,0.0994764397905759,0.00523560209424084,0.324607329842932,0.214659685863874,0.0209424083769634,0.172774869109948,0.0732984293193717,0.0104712041884817,0.298429319371728,0.0209424083769634,0.366492146596859,0.18848167539267,0.523560209424084,0.104712041884817,0.277486910994764,0.879581151832461,0.0942408376963351,6.21989528795812,0.0523560209424084,0.0523560209424084,53572,14371,0.294503510226864,0.922705314009662,0.624183006535948,75,49.952,16.3688503312311,15.6428983275615,-40.1026233044852,35.3507853403141,1248.0942408377,0.123076923076923,75,53271,0,0,0,1
65535,53647,0.0642857142857143,0.114285714285714,0.75,0.757142857142857,0.0214285714285714,0.0214285714285714,0.507142857142857,0.521428571428571,0.0642857142857143,0.25,0.0571428571428571,0.0571428571428571,0.235714285714286,0.192857142857143,0.0428571428571429,0.15,0.0428571428571429,0.0642857142857143,0.507142857142857,0.00714285714285714,0.292857142857143,0.242857142857143,2.08571428571429,0.178571428571429,0.157142857142857,0.721428571428571,0.0714285714285714,6.92857142857143,0.0857142857142857,0.0571428571428571,53647,10534,0.619183777458738,0.945945945945946,0.717948717948718,75,40.747,15.2106573915246,11.9441095129689,79.0457353248446,1269.55,1248.54285714286,0,0,0,0,0,0,1
65535,53722,0.0845070422535211,0.126760563380282,0.767605633802817,0.964788732394366,0.0211267605633803,0.028169014084507,0.556338028169014,0.753521126760563,0.0704225352112676,0.345070422535211,0.0915492957746479,0.0211267605633803,0.352112676056338,0.26056338028169,0.0915492957746479,0.161971830985916,0.0211267605633803,0.0563380281690141,0.676056338028169,0,0.5,0.352112676056338,2.73943661971831,0.161971830985916,0.295774647887324,0.866197183098592,0.0985915492957746,7.32394366197183,0.0563380281690141,0.0845070422535211,53722,10684,0.722846749575076,0.934210526315789,0.739583333333333,75,43.261,16.3498274384762,11.2978677171036,-17.0986241867748,639.669014084507,1247.92253521127,0.377358490566038,75,54174,0,0,0,1
65535,53797,0.237410071942446,0.0935251798561151,0.438848920863309,0.424460431654676,0.0287769784172662,0.0647482014388489,0.539568345323741,0.935251798561151,0,1.07194244604317,0.0575539568345324,0.0143884892086331,0.510791366906475,0.287769784172662,0.0215827338129496,0.143884892086331,0.0503597122302158,0.0287769784172662,0.352517985611511,0,1.13669064748201,0.258992805755396,0.23021582733813,0.215827338129496,0.424460431654676,0.784172661870504,0.0863309352517986,5.69784172661871,0.151079136690647,0.0575539568345324,53797,10459,0.38811791342519,0.965277777777778,0.709183673469388,75,38.994,13.9302345603036,12.8382396427899,-43.5645013059031,1131.41007194245,1249.70503597122,0.153846153846154,75,53948,0,0,0,1
65535,53873,0.107594936708861,0.069620253164557,0.240506329113924,0.531645569620253,0,0.0189873417721519,0.354430379746835,0.493670886075949,0.0126582278481013,0.544303797468354,0.0569620253164557,0.0253164556962025,0.39873417721519,0.170886075949367,0.0253164556962025,0.164556962025316,0.0569620253164557,0.0379746835443038,0.170886075949367,0,0.816455696202532,0.19620253164557,0.348101265822785,0.139240506329114,0.240506329113924,0.575949367088608,0.0506329113924051,4.32278481012658,0.0822784810126582,0.0443037974683544,53873,11888,0.540995825569609,0.887640449438202,0.6171875,75,47.719,16.1834402039805,13.6106822819371,-38.2814254796798,339.708860759494,1248.63291139241,0,0,0,0,0,0,1
65535,53948,0.0721649484536082,NaN,0.65979381443299,0.752577319587629,0.0927835051546392,0.0206185567010309,0.515463917525773,0.731958762886598,0.0618556701030928,0.402061855670103,0.0927835051546392,0.0206185567010309,0.288659793814433,0.154639175257732,0.0206185567010309,0.164948453608247,0.0412371134020619,0.0309278350515464,0.443298969072165,0,0.556701030927835,0.206185567010309,2.51546391752577,0.175257731958763,0.278350515463918,0.690721649484536,0.11340206185567,7.5360824742268,0.0824742268041237,0.0927835051546392,53948,7298,0.436139729989781,0.915094339622642,0.621794871794872,75,35.876,12.0531274981674,10.8463557927521,30.1288712883499,1144.78350515464,1250.9175257732,0.636363636363636,150,53797,54098,0,0,0
65535,54023,0.241935483870968,0.104838709677419,0.32258064516129,0.32258064516129,0.00806451612903226,0.0806451612903226,0.475806451612903,1.01612903225806,0.0161290322580645,0.274193548387097,0.0403225806451613,0.0403225806451613,1.2258064516129,0.209677419354839,0.0483870967741935,0.0967741935483871,0.104838709677419,0.0161290322580645,0.241935483870968,0.00806451612903226,0.330645161290323,0.17741935483871,1.18548387096774,0.153225806451613,0.604838709677419,0.620967741935484,0.0806451612903226,6.7258064516129,0.0645161290322581,0.032258064516129,54023,9330,0.841292919863185,0.925373134328358,0.596153846153846,75,41.343,17.2915856362133,9.34747715194171,-55.0450246447175,1288.37903225806,1252.20967741935,0,0,0,0,0,0,1
65535,54098,0.201388888888889,0.111111111111111,0.743055555555556,0.333333333333333,0.00694444444444444,0.0416666666666667,0.479166666666667,0.791666666666667,0.0416666666666667,0.430555555555556,0.0347222222222222,0.00694444444444444,0.451388888888889,0.159722222222222,0.0347222222222222,0.222222222222222,0.00694444444444444,0.0277777777777778,0.493055555555556,0.00694444444444444,0.548611111111111,0.347222222222222,3.09722222222222,0.201388888888889,0.333333333333333,0.819444444444444,0.0763888888888889,6.30555555555556,0.0763888888888889,0.0694444444444444,54098,10835,0.759601045859654,0.911392405063291,0.642857142857143,75,43.84,17.1129765466132,11.1300969630289,34.7271525133639,1152.07638888889,1256.72916666667,0.392857142857143,75,53948,0,0,0,1
65535,54174,0.0652173913043478,0.0815217391304348,0.646739130434783,1.2445652173913,0.0380434782608696,0.0543478260869565,0.690217391304348,0.66304347826087,0.0489130434782609,0.418478260869565,0.135869565217391,0.016304347826087,0.46195652173913,0.179347826086957,0.0326086956521739,0.28804347826087,0.0760869565217391,0.0217391304347826,0.41304347826087,0.016304347826087,0.46195652173913,0.206521739130435,1.20108695652174,0.222826086956522,0.173913043478261,0.869565217391304,0.0706521739130435,7.57608695652174,0.0597826086956522,0.152173913043478,54174,13844,0.662550756618986,0.85981308411215,0.638888888888889,75,52.416,18.4436179483696,13.8145837371337,49.4004610834008,646.364130434783,1257.5597826087,0.338709677419355,75,53722,0,0,0,1
65535,54249,0.134502923976608,0.140350877192982,0.461988304093567,0.286549707602339,0.0292397660818713,0.0584795321637427,0.403508771929825,0.789473684210526,0.0467836257309941,0.684210526315789,0.064327485380117,0.0350877192982456,0.614035087719298,0.146198830409357,0.590643274853801,0.134502923976608,0.0467836257309941,0.0350877192982456,0.701754385964912,0.0175438596491228,0.742690058479532,0.181286549707602,1.35087719298246,0.169590643274854,0.754385964912281,0.508771929824561,0.0760233918128655,5.70760233918129,0.0701754385964912,0.0467836257309941,54249,12866,0.556105536151091,0.971590909090909,0.718487394957983,75,45.519,16.4512258097999,13.6728060003129,-75.1177097509081,1332.49122807018,1260.3567251462,0.245614035087719,75,54625,0,0,0,1
65535,54324,0.152,0.184,0.288,0.752,0.024,0.064,0.384,0.504,0.016,0.52,0.072,0.008,0.296,0.192,0.128,0.152,0.024,0.04,0.408,0,0.424,0.24,0.24,0.136,0.248,0.52,0.064,4.448,0.056,0.088,54324,9405,0.699515092636413,0.961538461538462,0.694444444444444,75,38.233,15.045705946233,10.7519296522139,-20.5843425254264,221.528,1260.048,0.204081632653061,75,55076,0,0,0,1
65535,54399,0.117117117117117,0.135135135135135,0.54954954954955,1.38738738738739,0.027027027027027,0.0540540540540541,0.594594594594595,0.630630630630631,0.0540540540540541,0.558558558558559,0.144144144144144,0.018018018018018,0.468468468468468,0.216216216216216,0.027027027027027,0.135135135135135,0.0540540540540541,0.0900900900900901,0.369369369369369,0.00900900900900901,0.369369369369369,0.36036036036036,0.540540540540541,0.162162162162162,0.27027027027027,0.990990990990991,0.036036036036036,6.90990990990991,0.0810810810810811,0.045045045045045,54399,8352,0.684746704331173,0.965217391304348,0.711538461538462,75,35.322,14.011742298554,10.2114935342619,50.5823670524851,782.198198198198,1262.64864864865,0.173913043478261,75,54776,0,0,0,1
65535,54475,0.065359477124183,0.124183006535948,0.549019607843137,0.61437908496732,0,0.0196078431372549,0.490196078431373,0.457516339869281,0.0261437908496732,0.450980392156863,0.0980392156862745,0.0065359477124183,0.274509803921569,0.163398692810458,0.0392156862745098,0.156862745098039,0.0457516339869281,0.0392156862745098,0.287581699346405,0,0.320261437908497,0.176470588235294,1.00653594771242,0.0849673202614379,0.156862745098039,0.764705882352941,0.137254901960784,5.09150326797386,0.0718954248366013,0.0457516339869281,54475,11512,0.507322283673042,0.910714285714286,0.6375,75,45.751,15.4714273289249,13.3326015855902,-52.8756025188945,1407.67320261438,1259.16993464052,0,0,0,0,0,0,1
65535,54550,0.172131147540984,0.147540983606557,0.770491803278688,0.213114754098361,0.0245901639344262,0.0573770491803279,0.59016393442623,0.942622950819672,0.0163934426229508,0.30327868852459,0.040983606557377,0.0163934426229508,0.704918032786885,0.229508196721311,0.0327868852459016,0.163934426229508,0.0737704918032787,0.040983606557377,0.549180327868853,0,0.319672131147541,0.188524590163934,3.85245901639344,0.172131147540984,0.426229508196721,0.647540983606557,0.0573770491803279,5.4344262295082,0.0245901639344262,0.0737704918032787,54550,9179,0.756596128725789,0.917293233082707,0.635416666666667,75,40.036,15.6657519919075,10.2435607676805,-8.62730650734175,269.77868852459,1262.18032786885,0,0,0,0,0,0,1
65535,54625,0.215686274509804,0.166666666666667,0.323529411764706,0.5,0.0196078431372549,0.0490196078431373,0.333333333333333,0.882352941176471,0.0294117647058824,0.352941176470588,0.0392156862745098,0.00980392156862745,0.509803921568627,0.166666666666667,0.00980392156862745,0.156862745098039,0.107843137254902,0.0588235294117647,0.352941176470588,0.00980392156862745,0.382352941176471,0.176470588235294,0.441176470588235,0.137254901960784,0.372549019607843,0.549019607843137,0.0294117647058824,4.25490196078431,0.0196078431372549,0.0392156862745098,54625,7675,0.595228937490112,0.962264150943396,0.784615384615385,75,33.246,12.8106127594511,10.2940468735557,82.9739760591428,1343.11764705882,1263.83333333333,0.357142857142857,150,54249,55603,0,0,1
65535,54700,0.0826086956521739,0.0478260869565217,0.578260869565217,0.408695652173913,0.0130434782608696,0.0260869565217391,0.356521739130435,0.534782608695652,0.0130434782608696,0.321739130434783,0.0521739130434783,0.0260869565217391,0.330434782608696,0.226086956521739,0.0782608695652174,0.139130434782609,0.0173913043478261,0.0347826086956522,0.408695652173913,0.0130434782608696,0.334782608695652,0.191304347826087,2.05217391304348,0.178260869565217,0.243478260869565,0.691304347826087,0.091304347826087,6.07391304347826,0.0608695652173913,0.0826086956521739,54700,17305,0.876249027916671,0.916334661354582,0.707692307692308,75,59.479,24.9067729271788,12.0015409416978,87.964850182167,30548,1270.22173913043,0,0,0,0,0,0,0
65535,54776,0.102857142857143,0.08,0.88,1.13714285714286,0.0628571428571429,0.0914285714285714,0.531428571428571,0.84,0.0342857142857143,0.422857142857143,0.0971428571428571,0.0285714285714286,0.554285714285714,0.234285714285714,0.0285714285714286,0.205714285714286,0.0342857142857143,0.0571428571428571,0.502857142857143,0.00571428571428571,0.462857142857143,0.205714285714286,3.34857142857143,0.177142857142857,0.148571428571429,0.971428571428571,0.137142857142857,9.79428571428571,0.0514285714285714,0.0857142857142857,54776,13167,0.636368980029072,0.945945945945946,0.68359375,75,46.007,17.2450729384964,13.3025872691526,54.725959706732,793.594285714286,1267.97142857143,0.133333333333333,75,54399,0,0,0,1
65535,54851,0.0863309352517986,0.115107913669065,0.366906474820144,1.35971223021583,0.0287769784172662,0.0431654676258993,0.575539568345324,0.805755395683453,0.079136690647482,0.460431654676259,0.172661870503597,0.0215827338129496,0.352517985611511,0.352517985611511,0.0143884892086331,0.165467625899281,0.0503597122302158,0.0431654676258993,0.474820143884892,0.00719424460431655,0.525179856115108,0.237410071942446,0.733812949640288,0.215827338129496,0.302158273381295,1.0863309352518,0.0935251798561151,6.58273381294964,0.0719424460431655,0.079136690647482,54851,10459,0.47640465420234,0.958620689655172,0.620535714285714,75,41.07,14.3440878374421,12.6116969827262,88.0792424920345,317.474820143885,1268.40287769784,0,0,0,0,0,0,1
65535,54926,0.118343195266272,0.0769230769230769,0.781065088757396,1.05917159763314,0.0414201183431953,0.0710059171597633,0.70414201183432,0.881656804733728,0.0414201183431953,0.78698224852071,0.112426035502959,0.0118343195266272,0.443786982248521,0.289940828402367,0.0591715976331361,0.183431952662722,0.100591715976331,0.0591715976331361,0.408284023668639,0.00591715976331361,0.840236686390533,0.384615384615385,1.08284023668639,0.313609467455621,0.218934911242604,1.17751479289941,0.0887573964497041,9.36686390532544,0.0828402366863905,0.0769230769230769,54926,12716,0.673927273732019,0.918478260869565,0.662745098039216,75,47.661,17.5932021557263,12.9978171477258,48.0465707730824,875.769230769231,1266.30177514793,0.406779661016949,75,55227,0,0,0,1
65535,55001,0.181818181818182,0.143939393939394,0.598484848484849,0.386363636363636,0.0378787878787879,0.0378787878787879,0.401515151515151,0.628787878787879,0.0454545454545455,0.325757575757576,0.0681818181818182,0.0454545454545455,0.424242424242424,0.128787878787879,0.0303030303030303,0.113636363636364,0.0227272727272727,0.0227272727272727,0.431818181818182,0.0227272727272727,0.287878787878788,0.257575757575758,3.3030303030303,0.234848484848485,0.174242424242424,0.613636363636364,0.143939393939394,6.25,0.0681818181818182,0.053030303030303,55001,9932,0.811744795958327,0.904109589041096,0.597285067873303,75,43.493,17.3781364307266,10.1490457194748,27.4034011786018,679.545454545455,1268.63636363636,0,0,0,0,0,0,1
65535,55076,0.0588235294117647,0.0588235294117647,0.523529411764706,0.752941176470588,0.0235294117647059,0.0352941176470588,0.429411764705882,0.676470588235294,0.0470588235294118,0.258823529411765,0.0882352941176471,0.00588235294117647,0.241176470588235,0.164705882352941,0,0.147058823529412,0.0588235294117647,0.0235294117647059,0.341176470588235,0.0117647058823529,0.435294117647059,0.147058823529412,1.15294117647059,0.170588235294118,0.270588235294118,0.741176470588235,0.141176470588235,5.88823529411765,0.105882352941176,0.0352941176470588,55076,12791,0.322837738635161,0.939226519337017,0.755555555555556,75,45.8,15.254429503012,14.4376208204527,-36.2348198405216,229.341176470588,1272.60588235294,0.178571428571429,75,54324,0,0,0,1
65535,55152,0.104712041884817,0.172774869109948,0.795811518324607,0.612565445026178,0.0209424083769634,0.0523560209424084,0.764397905759162,0.832460732984293,0.0523560209424084,0.481675392670157,0.130890052356021,0.031413612565445,0.429319371727749,0.225130890052356,0.0575916230366492,0.240837696335079,0.0471204188481675,0.0575916230366492,0.424083769633508,0.00523560209424084,0.429319371727749,0.308900523560209,3.59162303664921,0.162303664921466,0.246073298429319,0.979057591623037,0.0942408376963351,7.61256544502618,0.0732984293193717,0.0890052356020942,55152,14371,0.885134203870263,0.880184331797235,0.558479532163743,75,54.062,23.5635753799975,10.964976070707,-52.5036336492248,1307.05235602094,1269.40837696335,0.357142857142857,150,55377,55754,0,0,1
65535,55227,0.0412371134020619,0.0721649484536082,0.649484536082474,1.1340206185567,0.0412371134020619,0.0412371134020619,0.515463917525773,0.814432989690722,0,0.577319587628866,0.0721649484536082,0.0515463917525773,0.34020618556701,0.185567010309278,0.0412371134020619,0.0824742268041237,0.0515463917525773,0.0309278350515464,0.391752577319588,0,0.628865979381443,0.288659793814433,0.567010309278351,0.185567010309278,0.216494845360825,1.05154639175258,0.123711340206186,7.1340206185567,0.0721649484536082,0.123711340206186,55227,7298,0.815825930235147,0.915094339622642,0.718518518518519,75,35.851,14.9950960097578,8.67162722248506,8.5549065084642,878.773195876289,1275.20618556701,0.522727272727273,75,54926,0,0,0,1
65535,55302,0.19672131147541,0.0983606557377049,0.431693989071038,0.349726775956284,0.0382513661202186,0.0273224043715847,0.491803278688525,0.814207650273224,0.0601092896174863,0.770491803278688,0.0437158469945355,0.0218579234972678,1.03825136612022,0.213114754098361,0.0218579234972678,0.202185792349727,0.0655737704918033,0.0327868852459016,0.26775956284153,0.00546448087431694,1.39890710382514,0.245901639344262,1.01639344262295,0.234972677595628,0.672131147540984,0.87431693989071,0.109289617486339,5.66120218579235,0.120218579234973,0.0327868852459016,55302,13769,0.601833078564409,0.938461538461538,0.717647058823529,75,47.115,17.1661024362836,13.7092254118927,0.809542630500069,1485.13114754098,1273.88524590164,0,0,0,0,0,0,1
65535,55377,0.0952380952380952,0.0714285714285714,0.944444444444444,1.01587301587302,0.0317460317460317,0.0476190476190476,1.08730158730159,1.11904761904762,0.0555555555555556,0.626984126984127,0.158730158730159,0.0317460317460317,0.420634920634921,0.261904761904762,0.0396825396825397,0.333333333333333,0.0396825396825397,0.0634920634920635,0.73015873015873,0.0317460317460317,0.80952380952381,0.333333333333333,1.14285714285714,0.253968253968254,0.26984126984127,1.1984126984127,0.166666666666667,10.7857142857143,0.166666666666667,0.0873015873015873,55377,9480,0.629376432446611,0.947368421052632,0.646153846153846,75,38.812,14.5537773430119,11.309748766168,-73.5500976510203,1299.77777777778,1276.30158730159,0.490196078431373,150,55152,55754,0,0,1
65535,55453,0.128654970760234,0.0526315789473684,0.362573099415205,0.239766081871345,0.00584795321637427,0.0409356725146199,0.368421052631579,0.912280701754386,0.0292397660818713,0.549707602339181,0.0701754385964912,0,1.0233918128655,0.16374269005848,0.0526315789473684,0.140350877192982,0.0409356725146199,0.0409356725146199,0.491228070175439,0,0.619883040935672,0.298245614035088,2.85380116959064,0.157894736842105,0.625730994152047,0.801169590643275,0.0818713450292398,5.22222222222222,0.0760233918128655,0.0409356725146199,55453,12866,0.661462217112672,0.955307262569832,0.718487394957983,75,45.056,17.1108360827694,12.8327590065066,-22.1066348029536,1024.98245614035,1277.11695906433,0,0,0,0,0,0,1
65535,55528,0.102803738317757,0.102803738317757,0.565420560747664,1.05607476635514,0.0373831775700935,0.0467289719626168,0.724299065420561,0.799065420560748,0.0420560747663551,0.509345794392523,0.0841121495327103,0.0186915887850467,0.429906542056075,0.247663551401869,0.0373831775700935,0.228971962616822,0.0327102803738318,0.0560747663551402,0.41588785046729,0.00934579439252336,0.742990654205608,0.322429906542056,0.579439252336449,0.228971962616822,0.322429906542056,1.05607476635514,0.135514018691589,7.37383177570093,0.0373831775700935,0.088785046728972,55528,16102,0.498142448385244,0.972727272727273,0.699346405228758,75,50.415,17.993276122585,15.6018835164346,46.2154189410159,530.252336448598,1282.07009345794,0,0,0,0,0,0,1
65535,55603,0.0989010989010989,0.104395604395604,0.472527472527473,0.879120879120879,0.0494505494505494,0.0549450549450549,0.505494505494505,0.873626373626374,0.032967032967033,0.296703296703297,0.0769230769230769,0.010989010989011,0.335164835164835,0.142857142857143,0.0659340659340659,0.164835164835165,0.0769230769230769,0.0274725274725275,0.456043956043956,0,0.489010989010989,0.197802197802198,0.703296703296703,0.17032967032967,0.274725274725275,0.868131868131868,0.0549450549450549,7.69230769230769,0.0824175824175824,0.0934065934065934,55603,13694,0.767854498016658,0.90547263681592,0.563467492260062,75,51.085,19.5601615762582,12.5307144531914,-38.0628738491964,1348.13736263736,1280.41758241758,0.0303030303030303,75,54625,0,0,0,1
65535,55678,0.128571428571429,0.117142857142857,0.497142857142857,0.431428571428571,0.0142857142857143,0.0257142857142857,0.437142857142857,0.722857142857143,0.0371428571428571,0.545714285714286,0.0742857142857143,0.0314285714285714,0.485714285714286,0.225714285714286,0.0428571428571429,0.202857142857143,0.0285714285714286,0.0457142857142857,0.414285714285714,0.00571428571428571,0.825714285714286,0.231428571428571,1.46571428571429,0.157142857142857,0.328571428571429,0.871428571428571,0.0857142857142857,6.48571428571429,0.0885714285714286,0.0857142857142857,55678,26334,0.738400230451256,0.765864332603939,0.540123456790123,75,85.886,29.2508836745611,19.7257059444167,-46.2409973764482,1161.37428571429,1286.69714285714,0.317757009345794,75,56130,0,0,0,1
65535,55754,0.161764705882353,0.102941176470588,0.727941176470588,0.404411764705882,0.0441176470588235,0.0735294117647059,0.551470588235294,0.713235294117647,0.0514705882352941,0.397058823529412,0.117647058823529,0.0294117647058824,0.404411764705882,0.125,0.0514705882352941,0.227941176470588,0.0220588235294118,0.0294117647058824,0.580882352941177,0.0147058823529412,0.419117647058824,0.257352941176471,1.88970588235294,0.183823529411765,0.205882352941176,0.794117647058823,0.0661764705882353,6.41911764705882,0.102941176470588,0.0735294117647059,55754,10233,0.616035401792537,0.937931034482759,0.755555555555556,75,40.383,15.0551756517324,11.8592398894377,13.3222097914013,1311.66176470588,1286.08823529412,0.134615384615385,150,55152,55377,0,0,1
65535,55829,0.103585657370518,0.123505976095618,0.776892430278884,1.0199203187251,0.0318725099601594,0.0398406374501992,0.537848605577689,0.756972111553785,0.0796812749003984,0.50597609561753,0.143426294820717,0.0239043824701195,0.621513944223108,0.250996015936255,0.0318725099601594,0.235059760956175,0.0398406374501992,0.0358565737051793,0.330677290836653,0.0239043824701195,0.466135458167331,0.262948207171315,0.940239043824701,0.250996015936255,0.127490039840637,0.936254980079681,0.0916334661354582,8.96812749003984,0.0916334661354582,0.139442231075697,55829,18886,0.742268164622175,0.922794117647059,0.597619047619048,75,58.958,22.5582559254476,15.1163539803463,-50.649256203531,702.199203187251,1285.68924302789,0,0,0,0,0,0,1
65535,55904,0.282051282051282,0.141025641025641,0.320512820512821,0.224358974358974,0.0128205128205128,0.032051282051282,0.391025641025641,0.608974358974359,0.0256410256410256,0.378205128205128,0.0448717948717949,0.0384615384615385,0.551282051282051,0.153846153846154,0.0256410256410256,0.153846153846154,0.032051282051282,0.0448717948717949,0.288461538461538,0,0.525641025641026,0.166666666666667,0.92948717948718,0.121794871794872,0.493589743589744,0.493589743589744,0.0641025641025641,4.69871794871795,0.0576923076923077,0.0512820512820513,55904,11738,0.284116484342319,0.962962962962963,0.795918367346939,75,41.392,14.4370414816412,13.8420876836833,44.3551283111123,1446.5,1287.65384615385,0,0,0,0,0,0,1
65535,55979,0.110169491525424,0.152542372881356,0.788135593220339,1.47457627118644,0.076271186440678,0.0338983050847458,0.423728813559322,0.805084745762712,0.0423728813559322,0.347457627118644,0.0677966101694915,0.0254237288135593,0.567796610169492,0.245762711864407,0.0254237288135593,0.11864406779661,0.0254237288135593,0.0423728813559322,0.389830508474576,0,0.364406779661017,0.296610169491525,1.11016949152542,0.23728813559322,0.152542372881356,0.822033898305085,0.076271186440678,7.73728813559322,0.101694915254237,0.110169491525424,55979,8878,0.58047734135493,0.936507936507937,0.698224852071006,75,37.472,13.6835570051337,11.1421975421794,-56.2250040634144,627.110169491525,1290.15254237288,0,0,0,0,0,0,1
65535,56055,0.171052631578947,0.125,0.269736842105263,0.361842105263158,0.0328947368421053,0.0526315789473684,0.375,0.592105263157895,0.0263157894736842,0.697368421052632,0.0526315789473684,0,0.407894736842105,0.197368421052632,0.157894736842105,0.138157894736842,0.0789473684210526,0.0394736842105263,0.414473684210526,0.00657894736842105,0.815789473684211,0.190789473684211,0.282894736842105,0.157894736842105,0.453947368421053,0.723684210526316,0.0657894736842105,4.61842105263158,0.0921052631578947,0.0789473684210526,56055,11437,0.271830246921111,0.932515337423313,0.675555555555556,75,43.195,14.367694856641,13.826682425918,-57.6298443652816,1074.57894736842,1289.16447368421,0,0,0,0,0,0,1
65535,56130,0.162650602409639,0.180722891566265,0.650602409638554,1.13855421686747,0.0481927710843374,0.0481927710843374,0.530120481927711,0.957831325301205,0.0783132530120482,0.421686746987952,0.120481927710843,0.0481927710843374,0.379518072289157,0.168674698795181,0.156626506024096,0.301204819277108,0.036144578313253,0.036144578313253,0.367469879518072,0.00602409638554217,0.409638554216867,0.174698795180723,0.831325301204819,0.271084337349398,0.186746987951807,1.0421686746988,0.114457831325301,8.54819277108434,0.132530120481928,0.0963855421686747,56130,12490,0.67470940152861,0.932584269662921,0.741071428571429,75,45.519,17.2154501575041,12.7064393624836,67.8123680231806,1152.24698795181,1292.06024096386,0.551724137931034,75,55678,0,0,0,1
65535,56205,0.53448275862069,0.103448275862069,0.577586206896552,0.568965517241379,0.00862068965517241,0.0258620689655172,0.405172413793103,0.922413793103448,0.0258620689655172,0.405172413793103,0.0775862068965517,0.0258620689655172,0.887931034482759,0.232758620689655,0.0431034482758621,0.21551724137931,0.0603448275862069,0.0603448275862069,0.344827586206897,0.00862068965517241,0.508620689655172,0.21551724137931,6.06034482758621,0.163793103448276,0.543103448275862,0.767241379310345,0.0517241379310345,8.43965517241379,0.0344827586206897,0.0689655172413793,56205,8728,0.462461121730517,0.950819672131147,0.686390532544379,75,37.1,13.0766858041301,11.5943069589204,-37.3614939302458,511.698275862069,1290.93965517241,0.347826086956522,75,56506,0,0,0,1
65535,56280,0.078125,0.0859375,0.703125,0.9375,0.046875,0.0546875,0.6015625,1.0078125,0.0234375,0.6015625,0.0859375,0.0078125,0.40625,0.1640625,0.0234375,0.2578125,0.0546875,0.0078125,0.359375,0.0078125,0.53125,0.1875,2.0234375,0.34375,0.2890625,0.953125,0.1171875,9.484375,0.046875,0.1328125,56280,9631,0.753940219541718,0.888888888888889,0.571428571428571,75,42.633,16.2725694402299,10.6901510825181,56.7937863672584,194.703125,1294.6640625,0.452830188679245,75,56356,0,0,0,1
65535,56356,0.0956521739130435,0.104347826086957,0.6,1.04347826086957,0.0347826086956522,0.0434782608695652,0.617391304347826,0.947826086956522,0.0347826086956522,0.6,0.0695652173913043,0.0173913043478261,0.469565217391304,0.139130434782609,0.0173913043478261,0.269565217391304,0.0521739130434783,0.0347826086956522,0.31304347826087,0.00869565217391304,0.504347826086957,0.321739130434783,1.22608695652174,0.217391304347826,0.260869565217391,0.878260869565217,0.0695652173913043,9.81739130434783,0.0695652173913043,0.139130434782609,56356,8653,0.831657896881435,0.92741935483871,0.586734693877551,75,38.903,16.4949865874194,9.15947375037536,46.6555224217299,201.765217391304,1298.95652173913,0.5,75,56280,0,0,0,1
65535,56431,0.13768115942029,0.0652173913043478,0.340579710144928,0.710144927536232,0.0217391304347826,0.0434782608695652,0.384057971014493,0.58695652173913,0.036231884057971,0.304347826086957,0.0797101449275362,0.0289855072463768,0.318840579710145,0.239130434782609,0.0797101449275362,0.144927536231884,0.0507246376811594,0.0144927536231884,0.260869565217391,0,0.543478260869565,0.217391304347826,0.681159420289855,0.181159420289855,0.239130434782609,0.753623188405797,0.123188405797101,5.94927536231884,0.0434782608695652,0.0942028985507246,56431,10383,0.639152023467672,0.938775510204082,0.657142857142857,75,40.772,15.3032703990319,11.769445610637,-36.6074850707254,751.086956521739,1297.66666666667,0,0,0,0,0,0,1
65535,56506,0.0814332247557003,0.120521172638436,0.755700325732899,0.93485342019544,0.0390879478827362,0.0456026058631922,0.488599348534202,0.674267100977199,0.0358306188925081,0.631921824104234,0.123778501628664,0.00977198697068404,0.302931596091205,0.289902280130293,0.0260586319218241,0.169381107491857,0.0488599348534202,0.0358306188925081,0.345276872964169,0.00977198697068404,0.592833876221498,0.247557003257329,1.28013029315961,0.182410423452769,0.192182410423453,1.04885993485342,0.0977198697068404,7.00325732899023,0.104234527687296,0.0912052117263844,56506,23099,0.502613546169409,0.900293255131965,0.634297520661157,75,69.61,21.9743598832537,18.997080337155,-47.2346887442589,522.055374592834,1302.95765472313,0.195402298850575,75,56205,0,0,0,1
65535,56581,0.203821656050955,0.165605095541401,0.331210191082803,0.535031847133758,0.0254777070063694,0.0700636942675159,0.471337579617834,0.821656050955414,0.0445859872611465,0.515923566878981,0.0382165605095541,0,0.624203821656051,0.299363057324841,0.0254777070063694,0.127388535031847,0.089171974522293,0.0254777070063694,0.515923566878981,0.00636942675159236,0.910828025477707,0.305732484076433,0.401273885350318,0.127388535031847,0.898089171974522,0.821656050955414,0.0700636942675159,7.30573248407643,0.0509554140127389,0.0254777070063694,56581,11813,0.723707372466434,0.94578313253012,0.710407239819005,75,44.303,17.3513078923559,11.974258628213,-21.512981302512,140.617834394904,1303.11464968153,0,0,0,0,0,0,1
65535,56657,0.0670391061452514,0.134078212290503,0.737430167597765,1.26256983240223,0.0446927374301676,0.0391061452513966,0.407821229050279,0.625698324022346,0.0502793296089386,0.335195530726257,0.11731843575419,0.0391061452513966,0.324022346368715,0.201117318435754,0.0391061452513966,0.23463687150838,0.0502793296089386,0.0167597765363128,0.329608938547486,0.0111731843575419,0.396648044692737,0.195530726256983,0.854748603351955,0.206703910614525,0.162011173184358,0.905027932960894,0.134078212290503,8.55865921787709,0.0558659217877095,0.0837988826815642,56657,13468,0.799065643657109,0.917948717948718,0.672932330827068,75,48.703,19.924516351276,11.9794917599741,-15.8863347793651,413.664804469274,1306.77653631285,0,0,0,0,0,0,1
65535,56732,0.0887573964497041,0.195266272189349,0.526627218934911,1.40828402366864,0.0710059171597633,0.0650887573964497,0.621301775147929,0.692307692307692,0.0414201183431953,0.585798816568047,0.142011834319527,0.0532544378698225,0.366863905325444,0.236686390532544,0.0414201183431953,0.21301775147929,0.0650887573964497,0.0355029585798817,0.42603550295858,0.00591715976331361,0.591715976331361,0.260355029585799,0.633136094674556,0.21301775147929,0.260355029585799,1.06508875739645,0.0710059171597633,7.24852071005917,0.0414201183431953,0.0828402366863905,56732,12716,0.447288215051411,0.923497267759563,0.710084033613445,75,46.561,15.8864027278398,14.2086377870187,79.2184020623751,267.994082840237,1310.99408284024,0,0,0,0,0,0,1
65535,56807,0.172413793103448,0.109195402298851,0.396551724137931,0.252873563218391,0.0229885057471264,0.0459770114942529,0.35632183908046,0.908045977011494,0.0344827586206897,0.557471264367816,0.0402298850574713,0.0229885057471264,1.13218390804598,0.224137931034483,0.028735632183908,0.132183908045977,0.0229885057471264,0.0402298850574713,0.362068965517241,0.0114942528735632,0.971264367816092,0.21264367816092,2.23563218390805,0.172413793103448,0.505747126436782,0.735632183908046,0.0919540229885057,6.01149425287356,0.0862068965517241,0.0632183908045977,56807,13092,0.419040122268507,0.940540540540541,0.725,75,46.47,15.8198337798751,14.3638983675327,17.5967106118283,986.488505747126,1309.8908045977,0,0,0,0,0,0,1
65535,56882,0.134408602150538,0.043010752688172,0.645161290322581,1.47311827956989,0.0376344086021505,0.043010752688172,0.612903225806452,0.71505376344086,0.043010752688172,0.387096774193548,0.0806451612903226,0.00537634408602151,0.225806451612903,0.198924731182796,0.0483870967741935,0.188172043010753,0.0537634408602151,0.032258064516129,0.365591397849462,0.010752688172043,0.483870967741936,0.241935483870968,0.967741935483871,0.225806451612903,0.17741935483871,0.849462365591398,0.0860215053763441,7.74731182795699,0.0752688172043011,0.0967741935483871,56882,13995,0.778528613606461,0.934673366834171,0.715384615384615,75,50.018,19.7435719296458,12.3912456516728,-7.02834946996437,79.1290322580645,1311.2688172043,0,0,0,0,0,0,1
65535,56958,0.0373831775700935,0.121495327102804,0.663551401869159,1.05607476635514,0.0747663551401869,0.0280373831775701,0.97196261682243,0.897196261682243,0.0560747663551402,0.570093457943925,0.102803738317757,0,0.299065420560748,0.158878504672897,0.0373831775700935,0.158878504672897,0.0373831775700935,0.0560747663551402,0.626168224299065,0,0.336448598130841,0.224299065420561,1.09345794392523,0.102803738317757,0.233644859813084,0.878504672897196,0.149532710280374,9.30841121495327,0.0934579439252336,0.0934579439252336,56958,8051,0.451881767844062,0.914529914529915,0.633136094674556,75,37.398,12.5405093468374,11.1871104573876,6.22762276131251,102.81308411215,1311.54205607477,0.340425531914894,75,57183,0,0,0,1
65535,57033,0.0549450549450549,0.131868131868132,0.538461538461538,0.824175824175824,0.021978021978022,0.032967032967033,0.351648351648352,0.571428571428571,0.032967032967033,0.340659340659341,0.164835164835165,0.043956043956044,0.428571428571429,0.208791208791209,0.043956043956044,0.263736263736264,0.0549450549450549,0.021978021978022,0.296703296703297,0,0.362637362637363,0.186813186813187,2.54945054945055,0.0879120879120879,0.21978021978022,0.703296703296703,0.0769230769230769,7.35164835164835,0.032967032967033,0.0879120879120879,57033,6847,0.790227051292743,0.91,0.722222222222222,75,35.115,14.2236659237215,8.71646403265274,-9.12741750280329,928.989010989011,1315.53846153846,0.627906976744186,150,57334,57484,0,0,1
65535,57108,0.19047619047619,0.0899470899470899,0.650793650793651,0.915343915343915,0.0158730158730159,0.0317460317460317,0.523809523809524,0.915343915343915,0.0687830687830688,0.375661375661376,0.105820105820106,0.00529100529100529,0.756613756613757,0.28042328042328,0.105820105820106,0.111111111111111,0.037037037037037,0.0476190476190476,0.592592592592593,0.0105820105820106,0.37037037037037,0.211640211640212,1.34391534391534,0.201058201058201,0.338624338624339,0.888888888888889,0.0952380952380952,8.20634920634921,0.0793650793650794,0.0476190476190476,57108,14221,0.401555288897852,0.931034482758621,0.617647058823529,75,49.315,16.6218755240746,15.2228917655088,25.7883109647902,1168.7619047619,1317.39682539683,0.0909090909090909,75,57785,0,0,0,1
65535,57183,0.0952380952380952,0.126984126984127,0.793650793650794,1.21428571428571,0.0158730158730159,0.00793650793650794,0.904761904761905,0.984126984126984,0.0714285714285714,0.452380952380952,0.174603174603175,0.0396825396825397,0.206349206349206,0.206349206349206,0.0396825396825397,0.198412698412698,0.0158730158730159,0.0634920634920635,0.531746031746032,0.0158730158730159,0.373015873015873,0.412698412698413,0.785714285714286,0.174603174603175,0.19047619047619,1.20634920634921,0.134920634920635,10.7777777777778,0.0873015873015873,0.119047619047619,57183,9480,0.728456302176965,0.940298507462687,0.65625,75,39.548,15.50157442801,10.6200087840998,21.0480500139036,96.3412698412698,1320.92063492063,0.333333333333333,75,56958,0,0,0,1
65535,57258,0.159574468085106,0.191489361702128,0.24468085106383,0.276595744680851,0.0106382978723404,0.0531914893617021,0.202127659574468,0.702127659574468,0.0319148936170213,0.925531914893617,0.0106382978723404,0.0106382978723404,1.31914893617021,0.170212765957447,0.0531914893617021,0.106382978723404,0.0319148936170213,0.0319148936170213,0.340425531914894,0,1.04255319148936,0.287234042553192,0.287234042553192,0.234042553191489,0.361702127659574,0.734042553191489,0.0425531914893617,3.17021276595745,0.0957446808510638,0.0957446808510638,57258,7073,0.73021630466198,0.94949494949495,0.652777777777778,75,33.544,13.4936163623105,9.219055048375,45.991886293808,180.276595744681,1319.8085106383,0.5,75,57559,0,0,0,1
65535,57334,0.139784946236559,0.17741935483871,0.424731182795699,0.548387096774194,0.0161290322580645,0.043010752688172,0.290322580645161,0.720430107526882,0.0268817204301075,0.747311827956989,0.0591397849462366,0.00537634408602151,0.424731182795699,0.252688172043011,0.0376344086021505,0.134408602150538,0.0483870967741935,0.0376344086021505,0.419354838709677,0.0161290322580645,1.02688172043011,0.295698924731183,0.731182795698925,0.252688172043011,0.349462365591398,0.903225806451613,0.0860215053763441,4.94086021505376,0.0913978494623656,0.0645161290322581,57334,13995,0.710413473093752,0.898550724637681,0.683823529411765,75,51.035,18.7361479247963,13.1862114949296,55.5573433688232,916.112903225806,1320.2688172043,0.412698412698413,150,57033,57484,0,0,1
65535,57409,0.114754098360656,0.10655737704918,0.262295081967213,0.352459016393443,0.00819672131147541,0.0491803278688525,0.319672131147541,0.975409836065574,0.0245901639344262,0.475409836065574,0.0327868852459016,0,0.770491803278688,0.180327868852459,0.0163934426229508,0.19672131147541,0.10655737704918,0.0737704918032787,0.245901639344262,0,0.827868852459016,0.245901639344262,0.336065573770492,0.229508196721311,0.336065573770492,0.680327868852459,0.0737704918032787,4.65573770491803,0.0819672131147541,0.10655737704918,57409,9179,0.619441939217957,0.960629921259842,0.72189349112426,75,36.827,14.1662550062338,11.1211118589471,44.5548624039445,1075.77868852459,1320.86885245902,0.0208333333333333,75,57936,0,0,0,1
65535,57484,0.104761904761905,0.0380952380952381,0.514285714285714,1.05714285714286,0.0380952380952381,0.0380952380952381,0.504761904761905,0.80952380952381,0.0666666666666667,0.333333333333333,0.123809523809524,0.00952380952380952,0.371428571428571,0.247619047619048,0.0285714285714286,0.171428571428571,0.0476190476190476,0.019047619047619,0.352380952380952,0.00952380952380952,0.257142857142857,0.228571428571429,0.771428571428571,0.161904761904762,0.257142857142857,0.638095238095238,0.0761904761904762,7.59047619047619,0.0666666666666667,0.0761904761904762,57484,7900,0.845206408966048,0.9375,0.777777777777778,75,36.496,15.9315260893748,8.51444499164361,11.5264944039463,927.790476190476,1323.22857142857,0.636363636363636,150,57033,57334,0,0,1
65535,57559,0.224299065420561,0.0841121495327103,0.327102803738318,0.317757009345794,0.0186915887850467,0.0186915887850467,0.345794392523364,0.794392523364486,0.0747663551401869,0.794392523364486,0.0467289719626168,0.00934579439252336,1.54205607476636,0.121495327102804,0.0467289719626168,0.121495327102804,0.0654205607476635,0.0841121495327103,0.271028037383178,0.00934579439252336,1.16822429906542,0.158878504672897,0.289719626168224,0.205607476635514,0.542056074766355,0.794392523364486,0.0373831775700935,4.21495327102804,0.0560747663551402,0.0373831775700935,57559,8051,0.64924101735238,0.899159663865546,0.587912087912088,75,37.77,13.7723581625822,10.4750178804088,45.6460156903702,187.252336448598,1324.08411214953,0.479166666666667,75,57258,0,0,0,1
65535,57635,0.231404958677686,0.0991735537190083,0.338842975206612,0.454545454545455,0.0247933884297521,0.0247933884297521,0.421487603305785,0.429752066115702,0,0.661157024793388,0.0495867768595041,0.0247933884297521,0.462809917355372,0.347107438016529,0.0165289256198347,0.206611570247934,0.0909090909090909,0.0661157024793388,0.338842975206612,0.00826446280991736,0.826446280991736,0.272727272727273,0.347107438016529,0.0826446280991736,0.429752066115702,0.553719008264463,0.0826446280991736,4.13223140495868,0.0909090909090909,0.0661157024793388,57635,9104,0.34804373772636,0.952755905511811,0.715976331360947,75,36.827,12.908268335567,12.1012214115132,41.3043577459013,1226.42148760331,1328.03305785124,0,0,0,0,0,0,1
65535,57710,0.166666666666667,0.0793650793650794,0.238095238095238,0.492063492063492,0.0317460317460317,0.0317460317460317,0.420634920634921,0.428571428571429,0.0238095238095238,0.388888888888889,0.0714285714285714,0.0158730158730159,0.349206349206349,0.19047619047619,0.0396825396825397,0.150793650793651,0.0396825396825397,0.0317460317460317,0.373015873015873,0,0.246031746031746,0.174603174603175,0.388888888888889,0.111111111111111,0.349206349206349,0.531746031746032,0.103174603174603,3.91269841269841,0.0317460317460317,0.0555555555555556,57710,9480,0.460381472868118,0.940298507462687,0.692307692307692,75,39.176,13.544050375867,12.0233404275618,-7.55917499453469,373.039682539683,1328.21428571429,0,0,0,0,0,0,1
65535,57785,0.152671755725191,0.103053435114504,0.614503816793893,1.06870229007634,0.0305343511450382,0.0572519083969466,0.561068702290076,0.797709923664122,0.0458015267175573,0.572519083969466,0.110687022900763,0.00381679389312977,0.473282442748092,0.236641221374046,0.637404580152672,0.179389312977099,0.0343511450381679,0.049618320610687,0.633587786259542,0.00381679389312977,0.702290076335878,0.290076335877863,1.43129770992366,0.16793893129771,0.229007633587786,1.01908396946565,0.0916030534351145,6.4236641221374,0.0687022900763359,0.0572519083969466,57785,19713,0.689748351736379,0.919298245614035,0.623809523809524,75,61.481,22.2035643257039,16.0764724851184,49.6555352057574,1182.57633587786,1326.25190839695,0.0759493670886076,75,57108,0,0,0,1
65535,57860,0.194630872483221,0.0805369127516778,0.449664429530201,0.429530201342282,0.0201342281879195,0.0201342281879195,0.442953020134228,0.805369127516778,0.0536912751677852,0.583892617449664,0.087248322147651,0.0134228187919463,0.624161073825503,0.181208053691275,0.0469798657718121,0.147651006711409,0.0536912751677852,0.0536912751677852,0.308724832214765,0.00671140939597315,0.724832214765101,0.25503355704698,0.838926174496644,0.161073825503356,0.261744966442953,0.691275167785235,0.0805369127516778,5.75838926174497,0.0469798657718121,0.0939597315436242,57860,11211,0.519064927393552,0.93125,0.70952380952381,75,44.684,15.0833767162323,12.8922871822142,52.2855824974487,1054.08053691275,1330.43624161074,0.358490566037736,75,57936,0,0,0,1
65535,57936,0.232142857142857,0.107142857142857,0.223214285714286,0.303571428571429,0.0357142857142857,0.0267857142857143,0.446428571428571,1.19642857142857,0.0625,0.482142857142857,0.0714285714285714,0.00892857142857143,0.839285714285714,0.205357142857143,0.0178571428571429,0.223214285714286,0.0892857142857143,0.00892857142857143,0.294642857142857,0,0.464285714285714,0.169642857142857,0.357142857142857,0.1875,0.410714285714286,0.598214285714286,0.0714285714285714,5.45535714285714,0.0714285714285714,0.0982142857142857,57936,8427,0.602353122426978,0.910569105691057,0.783216783216783,75,37.902,13.8119623349247,11.0251190869029,-81.9218655634509,1064.66071428571,1330.61607142857,0.444444444444444,150,57409,57860,0,0,1
65535,58011,0.0786516853932584,0.129213483146067,0.904494382022472,1.00561797752809,0.0337078651685393,0.0449438202247191,0.567415730337079,0.764044943820225,0.0617977528089888,0.51685393258427,0.106741573033708,0.0224719101123596,0.337078651685393,0.179775280898876,0.0393258426966292,0.179775280898876,0.0449438202247191,0.0393258426966292,0.359550561797753,0,0.51123595505618,0.280898876404494,1.14606741573034,0.196629213483146,0.185393258426966,1.06741573033708,0.0561797752808989,8.67415730337079,0.0449438202247191,0.0955056179775281,58011,13393,0.458053862116874,0.908163265306122,0.654411764705882,75,48.728,16.398235652462,14.5767924385466,15.7855752785948,1137.61235955056,1334.1404494382,0.380952380952381,75,58086,0,0,0,1
65535,58086,0.178294573643411,0.131782945736434,0.651162790697674,0.682170542635659,0.0310077519379845,0.0465116279069767,0.426356589147287,0.674418604651163,0.0465116279069767,0.27906976744186,0.13953488372093,0.0310077519379845,0.418604651162791,0.13953488372093,0.0155038759689922,0.193798449612403,0.0232558139534884,0.062015503875969,0.503875968992248,0,0.333333333333333,0.255813953488372,1.10852713178295,0.13953488372093,0.232558139534884,0.666666666666667,0.0775193798449612,6.96124031007752,0.0852713178294574,0.0697674418604651,58086,9706,0.73985519742501,0.928057553956835,0.732954545454545,75,40.193,15.7653796366254,10.6064136941355,-1.42790669588443,1142.77519379845,1343.97674418605,0.431372549019608,75,58011,0,0,0,1
65535,58161,0.152439024390244,0.164634146341463,0.481707317073171,0.530487804878049,0.0121951219512195,0.0365853658536585,0.378048780487805,0.536585365853659,0.0182926829268293,0.573170731707317,0.0609756097560976,0.0121951219512195,0.280487804878049,0.189024390243902,0.0975609756097561,0.152439024390244,0.0914634146341463,0.0426829268292683,0.329268292682927,0.00609756097560976,0.469512195121951,0.189024390243902,0.439024390243902,0.189024390243902,0.170731707317073,0.689024390243902,0.0792682926829268,4.92682926829268,0.109756097560976,0.0731707317073171,58161,12340,0.793873159460512,0.931818181818182,0.663967611336032,75,47.785,18.8469669482724,11.4605275142924,-5.38925733736629,930.512195121951,1342.46951219512,0,0,0,0,0,0,1
65535,58237,0.0638297872340425,0.138297872340426,0.531914893617021,1.45744680851064,0.0425531914893617,0.0957446808510638,0.712765957446808,0.606382978723404,0.0319148936170213,0.393617021276596,0.117021276595745,0.0106382978723404,0.468085106382979,0.180851063829787,0.0106382978723404,0.191489361702128,0.074468085106383,0.0319148936170213,0.382978723404255,0,0.319148936170213,0.234042553191489,0.734042553191489,0.180851063829787,0.148936170212766,0.893617021276596,0.074468085106383,8.40425531914894,0.106382978723404,0.0531914893617021,58237,7073,0.74077241187853,0.930693069306931,0.671428571428571,75,34.47,13.5709922948872,9.11639661383205,13.4319639375007,376.095744680851,1344.12765957447,0.476190476190476,75,58312,0,0,0,1
65535,58312,0.1,0.153333333333333,0.76,1.5,0.0466666666666667,0.06,1.14,1.06,0.1,0.513333333333333,0.166666666666667,0.02,0.54,0.3,0.0933333333333333,0.34,0.1,0.0666666666666667,0.473333333333333,0.00666666666666667,0.686666666666667,0.293333333333333,0.98,0.373333333333333,0.2,1.15333333333333,0.1,10.5333333333333,0.0933333333333333,0.133333333333333,58312,11286,0.707073154027267,0.914634146341463,0.714285714285714,75,43.906,16.7748408715627,11.8621677970285,35.1200013356374,380.113333333333,1352.21333333333,0.685185185185185,226,58237,58989,59215,0,1
65535,58387,0.0932642487046632,0.0829015544041451,0.756476683937824,0.787564766839378,0.0207253886010363,0.0362694300518135,0.569948186528497,0.782383419689119,0.0155440414507772,0.518134715025907,0.0880829015544041,0.0155440414507772,0.398963730569948,0.181347150259067,0.0310880829015544,0.27979274611399,0.0569948186528497,0.0103626943005181,0.409326424870466,0.0103626943005181,0.678756476683938,0.233160621761658,2.12953367875648,0.212435233160622,0.326424870466321,1.07772020725389,0.0932642487046632,8.53367875647668,0.0880829015544041,0.0725388601036269,58387,14522,0.600763075710622,0.936893203883495,0.709558823529412,75,49.77,17.7602914474603,14.1980587163086,58.0268037619005,1000.04663212435,1353.31606217617,0,0,0,0,0,0,1
65535,58462,0.0983606557377049,0.139344262295082,0.565573770491803,0.655737704918033,0.0491803278688525,0.040983606557377,0.786885245901639,0.647540983606557,0.0327868852459016,0.491803278688525,0.0655737704918033,0.0163934426229508,0.401639344262295,0.188524590163934,0.0655737704918033,0.262295081967213,0.0737704918032787,0.0655737704918033,0.327868852459016,0,0.688524590163934,0.19672131147541,0.729508196721312,0.19672131147541,0.286885245901639,0.852459016393443,0.131147540983607,8.19672131147541,0.0819672131147541,0.040983606557377,58462,9179,0.812649510838725,0.938461538461538,0.717647058823529,75,39.424,16.4426487746764,9.58199885986911,84.0684984019336,705.213114754098,1354.95901639344,0,0,0,0,0,0,1
65535,58538,0.124555160142349,0.145907473309609,0.644128113879004,0.839857651245552,0.0569395017793594,0.0533807829181495,0.590747330960854,0.950177935943061,0.0355871886120996,0.498220640569395,0.096085409252669,0.0177935943060498,0.540925266903915,0.263345195729537,0.0925266903914591,0.192170818505338,0.0462633451957295,0.0533807829181495,0.423487544483986,0.0106761565836299,0.861209964412811,0.302491103202847,2.43772241992883,0.234875444839858,0.266903914590747,0.690391459074733,0.106761565836299,7.41637010676157,0.0782918149466192,0.0569395017793594,58538,21143,0.814287711718961,0.900641025641026,0.661176470588235,75,64.772,25.2648093988198,14.6652484984239,-80.4547455085392,427.480427046263,1350.73665480427,0,0,0,0,0,0,1
65535,58613,0.107142857142857,0.107142857142857,0.583333333333333,1.19047619047619,0.0357142857142857,0.0714285714285714,0.613095238095238,0.660714285714286,0.0595238095238095,0.452380952380952,0.136904761904762,0.0357142857142857,0.505952380952381,0.267857142857143,0.0238095238095238,0.19047619047619,0.0357142857142857,0.0773809523809524,0.547619047619048,0.0119047619047619,0.595238095238095,0.279761904761905,0.630952380952381,0.208333333333333,0.261904761904762,0.928571428571429,0.113095238095238,7.68452380952381,0.0833333333333333,0.0476190476190476,58613,12641,0.72305747607215,0.96551724137931,0.7,75,44.692,17.7176793647875,12.2391580533148,40.8364010955853,449.434523809524,1353.54166666667,0.344827586206897,75,59064,0,0,0,1
65535,58688,0.0944206008583691,0.111587982832618,0.429184549356223,0.600858369098712,0.0214592274678112,0.0815450643776824,1.1931330472103,0.708154506437768,0.0515021459227468,0.545064377682403,0.0987124463519313,0.0257510729613734,0.390557939914163,0.197424892703863,0.0214592274678112,0.180257510729614,0.055793991416309,0.0171673819742489,0.407725321888412,0.0257510729613734,0.360515021459227,0.278969957081545,2.24034334763948,0.201716738197425,0.274678111587983,0.815450643776824,0.0472103004291846,5.78540772532189,0.0515021459227468,0.0772532188841202,58688,17531,0.677380100866843,0.951020408163265,0.647222222222222,75,54.17,20.2963584451918,14.9306750287144,-36.9531094907658,509.098712446352,1354.81115879828,0,0,0,0,0,0,1
65535,58763,0.168,0.056,0.856,0.864,0,0.024,0.68,0.608,0.08,0.488,0.112,0.032,0.352,0.216,0.064,0.152,0.016,0.064,0.424,0,0.376,0.296,1.52,0.176,0.28,0.84,0.112,7.616,0.088,0.08,58763,9405,0.585593508039455,0.946969696969697,0.694444444444444,75,38.233,14.1595526364826,11.477802219996,62.0540229888002,406.184,1357.016,0,0,0,0,0,0,1
65535,58839,0.207650273224044,0.158469945355191,0.420765027322404,0.377049180327869,0.0437158469945355,0.0601092896174863,0.633879781420765,0.814207650273224,0.0546448087431694,0.546448087431694,0.0601092896174863,0.0163934426229508,1.48633879781421,0.185792349726776,0.0382513661202186,0.234972677595628,0.0491803278688525,0.0601092896174863,0.382513661202186,0.00546448087431694,0.726775956284153,0.262295081967213,1.08743169398907,0.273224043715847,0.66120218579235,0.737704918032787,0.14207650273224,6.2568306010929,0.087431693989071,0.0491803278688525,58839,13769,0.642534676747849,0.953125,0.677777777777778,75,48.364,17.7067449735283,13.567910340668,73.757915936407,193.404371584699,1359.19672131148,0,0,0,0,0,0,1
65535,58914,0.220779220779221,0.12987012987013,0.811688311688312,0.12987012987013,0.0194805194805195,0.0649350649350649,0.441558441558442,0.902597402597403,0.0194805194805195,0.474025974025974,0.0909090909090909,0.0324675324675325,0.707792207792208,0.24025974025974,1.78571428571429,0.24025974025974,0.051948051948052,0.103896103896104,0.954545454545455,0,0.448051948051948,0.305194805194805,3.75974025974026,0.207792207792208,0.435064935064935,0.642857142857143,0.0779220779220779,7.25324675324675,0.051948051948052,0.0324675324675325,58914,11587,0.364986743549664,0.956521739130435,0.733333333333333,75,42.062,14.6868984443843,13.6736892077929,-25.2398257807486,908.402597402597,1361.31168831169,0,0,0,0,0,0,1
65535,58989,0.17741935483871,0.0725806451612903,0.475806451612903,0.959677419354839,0.00806451612903226,0.0483870967741935,0.604838709677419,0.564516129032258,0.0241935483870968,0.548387096774194,0.0725806451612903,0.0241935483870968,0.32258064516129,0.25,0.0806451612903226,0.153225806451613,0.0483870967741935,0.0645161290322581,0.362903225806452,0,0.645161290322581,0.266129032258065,0.42741935483871,0.185483870967742,0.290322580645161,0.774193548387097,0.0967741935483871,4.21774193548387,0.0564516129032258,0.0645161290322581,58989,9330,0.722092565849225,0.96875,0.751515151515151,75,39.49,15.2945726909281,10.5807310709881,7.68397808013535,374.774193548387,1363.41935483871,0.5,150,58312,59215,0,0,1
65535,59064,0.0734463276836158,0.15819209039548,0.615819209039548,0.610169491525424,0.0282485875706215,0.0282485875706215,0.655367231638418,0.564971751412429,0.0282485875706215,0.418079096045198,0.096045197740113,0.0225988700564972,0.378531073446328,0.146892655367232,0.0338983050847458,0.141242937853107,0.0225988700564972,0.0734463276836158,0.661016949152542,0.00564971751412429,0.457627118644068,0.259887005649718,1.18079096045198,0.141242937853107,0.395480225988701,0.830508474576271,0.0564971751412429,6.85310734463277,0.0621468926553672,0.0847457627118644,59064,13318,0.862876027573557,0.903061224489796,0.702380952380952,75,50.365,21.5813960447825,10.9075749207525,7.23235332191312,453.847457627119,1363.51412429379,0.32258064516129,75,58613,0,0,0,1
65535,59140,0.09375,0.15,0.48125,0.4,0.0375,0.08125,0.36875,0.75,0.05625,0.28125,0.1125,0.0375,0.3,0.21875,0.0125,0.15625,0.10625,0.04375,0.2625,0.0125,0.35,0.15625,0.84375,0.21875,0.2375,0.525,0.075,6.19375,0.03125,0.0875,59140,12039,0.521817079132173,0.930232558139535,0.666666666666667,75,44.055,15.6868342769934,13.3817701382445,-64.6760829440855,941.3875,1366.03125,0,0,0,0,0,0,1
65535,59215,0.136645962732919,0.0807453416149068,0.496894409937888,NaN,0.0683229813664596,0.0496894409937888,0.527950310559006,0.53416149068323,0.031055900621118,0.341614906832298,0.0993788819875776,0.0248447204968944,0.285714285714286,0.173913043478261,0.0869565217391304,0.118012422360248,0.0683229813664596,0.0559006211180124,0.316770186335404,0.0124223602484472,0.341614906832298,0.161490683229814,0.546583850931677,0.15527950310559,0.236024844720497,0.68944099378882,0.111801242236025,5.7888198757764,0.062111801242236,0.105590062111801,59215,12114,0.789956982067799,0.909604519774011,0.688034188034188,75,46.437,18.6787725968217,11.4531185625785,67.6061317379824,385.770186335404,1366.06211180124,0.327586206896552,150,58312,58989,0,0,0
65535,59290,0.046875,0.1328125,0.59375,1.0390625,0.046875,0.0390625,0.5625,0.89453125,0.0390625,0.58984375,0.12109375,0.00390625,0.33984375,0.26953125,0.02734375,0.2421875,0.078125,0.02734375,0.46484375,0.00390625,0.625,0.35546875,0.6484375,0.21484375,0.09765625,1.03515625,0.0625,7.66796875,0.09765625,0.0703125,59290,19262,0.747295865184491,0.917562724014337,0.585812356979405,75,60.728,22.8603903898305,15.1905340050955,-62.1354480195545,848.87109375,1367.28515625,0,0,0,0,0,0,1
65535,59365,0.137931034482759,0.112068965517241,0.655172413793103,0.379310344827586,0.00862068965517241,0.0172413793103448,0.456896551724138,0.594827586206897,0.0172413793103448,0.336206896551724,0.0775862068965517,0.0172413793103448,0.474137931034483,0.129310344827586,0.0172413793103448,0.172413793103448,0.0172413793103448,0.0258620689655172,0.456896551724138,0.00862068965517241,0.413793103448276,0.198275862068966,0.551724137931034,0.0948275862068965,0.198275862068966,0.603448275862069,0.0344827586206897,5.06896551724138,0.0517241379310345,0.0862068965517241,59365,8728,0.66706976198045,0.935483870967742,0.637362637362637,75,37.588,14.2948860936779,10.649622336256,-27.6088278290783,1155.74137931034,1368.22413793103,0,0,0,0,0,0,1
65535,59440,0.164772727272727,0.113636363636364,0.642045454545455,0.977272727272727,0.0284090909090909,0.0340909090909091,0.477272727272727,0.801136363636364,0.0340909090909091,0.465909090909091,0.153409090909091,0,0.221590909090909,0.1875,0.0284090909090909,0.153409090909091,0.0454545454545455,0.0397727272727273,0.482954545454545,0.0227272727272727,0.551136363636364,0.340909090909091,0.625,0.198863636363636,0.306818181818182,1.01704545454545,0.102272727272727,5.25568181818182,0.0795454545454545,0.0625,59440,13242,0.869772503945248,0.884422110552764,0.644688644688645,75,51.432,21.8833762864151,10.7984160859622,-73.8586553073315,535.130681818182,1375.42613636364,0.0769230769230769,75,59892,0,0,0,1
65535,59516,0.175182481751825,0.0802919708029197,0.27007299270073,0.226277372262774,0.0437956204379562,0.0510948905109489,0.313868613138686,0.708029197080292,0.0072992700729927,0.386861313868613,0.0218978102189781,0.0145985401459854,0.54014598540146,0.248175182481752,0.211678832116788,0.167883211678832,0.0437956204379562,0.0510948905109489,0.372262773722628,0,0.635036496350365,0.160583941605839,0.678832116788321,0.255474452554745,0.277372262773723,0.591240875912409,0.0802919708029197,4.31386861313869,0.0437956204379562,0.0948905109489051,59516,10308,0.747128907897409,0.925675675675676,0.658653846153846,75,41.996,16.4783853070184,10.9528394186329,30.4884099659664,902.941605839416,1377.32116788321,0,0,0,0,0,0,1
65535,59591,0.132596685082873,0.121546961325967,0.232044198895028,0.287292817679558,0.0165745856353591,0.0552486187845304,0.276243093922652,0.56353591160221,0.0220994475138122,0.668508287292818,0.0607734806629834,0.0165745856353591,0.276243093922652,0.121546961325967,0.0276243093922652,0.110497237569061,0.0331491712707182,0.0497237569060773,0.370165745856354,0.00552486187845304,0.933701657458563,0.171270718232044,0.856353591160221,0.143646408839779,0.337016574585635,0.685082872928177,0.0662983425414365,3.79005524861878,0.0718232044198895,0.0497237569060773,59591,13619,0.603742629716804,0.957671957671958,0.819004524886878,75,46.536,17.1423303692767,13.6655109318271,-2.4707484664451,1421.98342541436,1376.72928176796,0,0,0,0,0,0,1
65535,59666,0.211920529801325,0.132450331125828,0.43046357615894,0.56953642384106,0.033112582781457,0.0662251655629139,1.22516556291391,1.43046357615894,0.0529801324503311,0.536423841059603,0.033112582781457,0.0529801324503311,0.721854304635762,0.311258278145695,0.0596026490066225,0.337748344370861,0.0397350993377483,0.0927152317880795,0.509933774834437,0,0.913907284768212,0.403973509933775,1.03311258278146,0.291390728476821,0.390728476821192,0.920529801324503,0.185430463576159,9.94039735099338,0.0860927152317881,0.0794701986754967,59666,11361,0.44224596171644,0.974193548387097,0.774358974358974,75,40.929,14.7348843088196,13.2156265517079,5.56435096881431,353.35761589404,1379.45695364238,0,0,0,0,0,0,1
65535,59741,0.0921985815602837,0.205673758865248,0.666666666666667,1.19148936170213,0.00709219858156028,0.0567375886524823,0.560283687943262,0.680851063829787,0.049645390070922,0.397163120567376,0.156028368794326,0.0283687943262411,0.290780141843972,0.127659574468085,0.0354609929078014,0.141843971631206,0.0425531914893617,0.0354609929078014,0.368794326241135,0.00709219858156028,0.531914893617021,0.148936170212766,0.567375886524823,0.184397163120567,0.141843971631206,0.829787234042553,0.106382978723404,7.4822695035461,0.0638297872340425,0.0638297872340425,59741,10609,0.622384968816067,0.952702702702703,0.671428571428571,75,40.218,15.2940533301592,11.9708280853297,-56.9207882219546,63.4539007092199,1381.87234042553,0,0,0,0,0,0,1
65535,59817,0.010752688172043,0.0860215053763441,0.440860215053763,0.365591397849462,0.043010752688172,0.010752688172043,0.451612903225806,0.774193548387097,0.0645161290322581,0.344086021505376,0.0967741935483871,0.010752688172043,0.301075268817204,0.225806451612903,0.021505376344086,0.0645161290322581,0.10752688172043,0.0967741935483871,0.290322580645161,0.010752688172043,0.580645161290323,0.333333333333333,NaN,0.21505376344086,0.225806451612903,0.591397849462366,0.0537634408602151,6.26881720430108,0.043010752688172,0.0967741935483871,59817,6997,0.425224858676883,0.920792079207921,0.645833333333333,75,34.47,11.7656215578362,10.6489198414985,21.2240081988544,991.741935483871,1383.87096774194,0.452380952380952,150,60118,60268,0,0,0
65535,59892,0.19622641509434,0.154716981132075,0.237735849056604,0.226415094339623,0.00754716981132075,0.0415094339622641,0.343396226415094,0.683018867924528,0.0188679245283019,0.664150943396226,0.0830188679245283,0.0113207547169811,0.754716981132076,0.233962264150943,0.0452830188679245,0.215094339622642,0.0641509433962264,0.0377358490566038,0.392452830188679,0.00377358490566038,0.747169811320755,0.230188679245283,0.392452830188679,0.150943396226415,0.513207547169811,0.807547169811321,0.0905660377358491,4.12830188679245,0.0830188679245283,0.0679245283018868,59892,19939,0.739287861756048,0.916955017301038,0.633971291866029,75,60.637,23.0770346205475,15.5398334685924,-72.2365729472608,523.694339622642,1384.55094339623,0.0759493670886076,75,59440,0,0,0,1
65535,59967,0.123188405797101,0.0507246376811594,0.702898550724638,0.739130434782609,0.0144927536231884,0.0507246376811594,0.753623188405797,0.550724637681159,0.036231884057971,0.282608695652174,0.072463768115942,0.0289855072463768,0.536231884057971,0.13768115942029,0.0144927536231884,0.123188405797101,0.0507246376811594,0.036231884057971,0.41304347826087,0.0072463768115942,0.398550724637681,0.22463768115942,0.934782608695652,0.101449275362319,0.268115942028986,0.630434782608696,0.0652173913043478,5.70289855072464,0.0507246376811594,0.036231884057971,59967,10383,0.809538257970679,0.884615384615385,0.663461538461538,75,44.204,17.7143204714143,10.3994951848398,13.495243168811,610.376811594203,1387.97101449275,0.407407407407407,75,60343,0,0,0,1
65535,60042,0.102564102564103,0.128205128205128,0.474358974358974,0.41025641025641,0.0128205128205128,0.0299145299145299,0.346153846153846,0.811965811965812,0.00854700854700855,0.495726495726496,0.0427350427350427,0.0256410256410256,0.538461538461538,0.188034188034188,0.0427350427350427,0.222222222222222,0.0555555555555556,0.0427350427350427,0.401709401709402,0,0.824786324786325,0.252136752136752,1.76495726495726,0.14957264957265,0.457264957264957,0.760683760683761,0.0982905982905983,6.52136752136752,0.047008547008547,0.0598290598290598,60042,17606,0.611423042587984,0.932270916334661,0.65,75,56.196,19.8399429679525,15.6994242568142,-74.0365761431755,760.905982905983,1386.82051282051,0,0,0,0,0,0,1
65535,60118,0,0.140350877192982,0.964912280701754,0.350877192982456,0.0175438596491228,0.0175438596491228,0.649122807017544,0.789473684210526,0,0.543859649122807,0.12280701754386,0,0.368421052631579,0.192982456140351,0.0175438596491228,0.087719298245614,0.105263157894737,0.0701754385964912,0.210526315789474,0,0.421052631578947,0.421052631578947,3.2280701754386,0.210526315789474,0.333333333333333,0.473684210526316,0.0701754385964912,6.85964912280702,0.105263157894737,0.0350877192982456,60118,4289,0.825771548917663,0.904761904761905,0.633333333333333,75,27.151,11.7108424184918,6.60497065684039,30.9064306575222,994.701754385965,1390.24561403509,75,150,59817,60268,0,0,1
65535,60193,0.0748299319727891,0.0748299319727891,0.687074829931973,0.782312925170068,0.0612244897959184,0.0476190476190476,0.442176870748299,0.761904761904762,0.0136054421768707,0.142857142857143,0.0816326530612245,0.0272108843537415,0.306122448979592,0.17687074829932,0.0408163265306122,0.129251700680272,0.0748299319727891,0.0272108843537415,0.45578231292517,0,0.380952380952381,0.142857142857143,1.13605442176871,0.156462585034014,0.251700680272109,0.557823129251701,0.122448979591837,6.69387755102041,0.0884353741496599,0.0816326530612245,60193,11060,0.825005720763441,0.890909090909091,0.628205128205128,75,46.288,18.831106654372,10.6419174034095,18.1583192352935,1162.55102040816,1392.3537414966,0,0,0,0,0,0,1
65535,60268,0.110497237569061,0.0718232044198895,0.679558011049724,0.414364640883978,0.0220994475138122,0.0883977900552486,0.535911602209945,1.14917127071823,0.0220994475138122,0.370165745856354,0.0662983425414365,0.0110497237569061,0.359116022099448,0.165745856353591,0.0441988950276243,0.193370165745856,0.0828729281767956,0.0220994475138122,0.248618784530387,0.0110497237569061,0.591160220994475,0.364640883977901,2.06077348066298,0.276243093922652,0.243093922651934,0.541436464088398,0.0607734806629834,7.95580110497238,0.0441988950276243,0.121546961325967,60268,13619,0.794014284819055,0.85781990521327,0.560371517027864,75,52.574,20.0087312733446,12.1632897286407,34.7544683632999,1001.98895027624,1394.33701657459,0.333333333333333,150,59817,60118,0,0,1
65535,60343,0.051948051948052,0.0649350649350649,0.357142857142857,0.532467532467532,0.038961038961039,0.025974025974026,0.363636363636364,0.61038961038961,0.00649350649350649,0.694805194805195,0.0584415584415584,0.00649350649350649,0.383116883116883,0.24025974025974,0.0324675324675325,0.0714285714285714,0.0324675324675325,0.0194805194805195,0.441558441558442,0.012987012987013,0.792207792207792,0.233766233766234,0.448051948051948,0.214285714285714,0.298701298701299,0.597402597402597,0.0454545454545455,4.11688311688312,0.0584415584415584,0.0454545454545455,60343,11587,0.828626837032073,0.927710843373494,0.712962962962963,75,45.494,18.9714223393674,10.620228065556,12.4642940051817,613.272727272727,1396.57792207792,0.418181818181818,75,59967,0,0,0,1
65535,60419,0.138888888888889,0.15,0.95,0.338888888888889,0.00555555555555556,0.05,0.461111111111111,0.622222222222222,0.0388888888888889,0.355555555555556,0.0888888888888889,0.0277777777777778,0.544444444444444,0.222222222222222,0.0444444444444444,0.0944444444444444,0.0333333333333333,0.0222222222222222,0.461111111111111,0,0.361111111111111,0.333333333333333,5.48888888888889,0.172222222222222,0.383333333333333,0.527777777777778,0.0722222222222222,6.88888888888889,0.0333333333333333,0.111111111111111,60419,13543,0.603877556116791,0.942408376963351,0.756302521008403,75,47.785,17.1092908026025,13.6374238302477,-74.1610513856964,819.738888888889,1393.53888888889,0,0,0,0,0,0,1
65535,60494,0.121212121212121,0.163636363636364,0.460606060606061,0.381818181818182,0.00606060606060606,0.0606060606060606,0.442424242424242,0.781818181818182,0.0181818181818182,0.496969696969697,0.103030303030303,0.0242424242424242,0.327272727272727,0.23030303030303,0.0242424242424242,0.163636363636364,0.0666666666666667,0.0787878787878788,0.496969696969697,0.0242424242424242,0.418181818181818,0.157575757575758,0.412121212121212,0.109090909090909,0.466666666666667,0.76969696969697,0.0666666666666667,5.44848484848485,0.0484848484848485,0.0848484848484849,60494,12415,0.663389463286142,0.953757225433526,0.64453125,75,44.717,16.9286798300242,12.6672959587934,-49.2891458617893,14.4242424242424,1399.24242424242,0,0,0,0,0,0,1
65535,60569,0.113333333333333,0.0933333333333333,0.393333333333333,0.313333333333333,0.04,0.0866666666666667,0.353333333333333,0.806666666666667,0.02,0.64,0.02,0.0266666666666667,0.426666666666667,0.213333333333333,0.08,0.166666666666667,0.0466666666666667,0.0666666666666667,0.58,0,0.653333333333333,0.26,2.45333333333333,0.233333333333333,0.506666666666667,0.633333333333333,0.08,6.42666666666667,0.0933333333333333,0.08,60569,11286,0.384089809556779,0.949367088607595,0.714285714285714,75,41.88,14.4747445938335,13.3644699794709,-54.6764383945326,1352.63333333333,1401.74,0,0,0,0,0,0,1
65535,60644,0.0563380281690141,0.0985915492957746,0.633802816901408,0.746478873239437,0.0211267605633803,0.028169014084507,0.338028169014085,0.570422535211268,0.0563380281690141,0.302816901408451,0.0985915492957746,0.0211267605633803,0.26056338028169,0.154929577464789,0.0352112676056338,0.154929577464789,0.0492957746478873,0.0563380281690141,0.302816901408451,0.0211267605633803,0.394366197183099,0.204225352112676,2.38732394366197,0.0845070422535211,0.169014084507042,0.563380281690141,0.0915492957746479,5.51408450704225,0.0633802816901408,0.028169014084507,60644,10684,0.702521390605897,0.922077922077922,0.676190476190476,75,42.922,16.3080710614508,11.6058447051845,-31.7960097522114,341.676056338028,1402.99295774648,0,0,0,0,0,0,1
65535,60720,0.0636942675159236,0.10828025477707,0.560509554140127,0.592356687898089,0.0828025477707006,0.0445859872611465,0.464968152866242,0.522292993630573,0.0382165605095541,0.509554140127389,0.089171974522293,0.00636942675159236,0.292993630573248,0.133757961783439,0.0509554140127389,0.146496815286624,0.0254777070063694,0.0254777070063694,0.305732484076433,0.00636942675159236,0.439490445859873,0.261146496815287,1.1656050955414,0.178343949044586,0.159235668789809,0.974522292993631,0.0955414012738854,5.80891719745223,0.0573248407643312,0.0636942675159236,60720,11813,0.6399253440819,0.940119760479042,0.754807692307692,75,43.749,16.2826791087011,12.5122144745012,-11.4194192566588,979.87898089172,1405.1974522293,0,0,0,0,0,0,1
65535,60795,0.930232558139535,0.13953488372093,0.302325581395349,0.546511627906977,0.0116279069767442,0.0813953488372093,0.558139534883721,1.09302325581395,0.0232558139534884,1.8953488372093,0.0465116279069767,0.0348837209302326,1.12790697674419,0.267441860465116,0.0697674418604651,0.313953488372093,0.0465116279069767,0.0697674418604651,0.534883720930233,0,1.98837209302326,0.569767441860465,0.36046511627907,0.267441860465116,1.22093023255814,1.01162790697674,0.127906976744186,7.31395348837209,0.174418604651163,0.104651162790698,60795,6471,0.744407251757244,0.945054945054945,0.597222222222222,75,32.99,13.1218827592811,8.76182064106235,-40.1626965368242,115.988372093023,1407.77906976744,0.511627906976744,75,61096,0,0,0,1
65535,60870,0.0725806451612903,0.0967741935483871,0.451612903225806,0.451612903225806,0.00806451612903226,0.0241935483870968,0.798387096774194,0.838709677419355,0.0161290322580645,0.733870967741936,0.0725806451612903,0.00806451612903226,0.532258064516129,0.233870967741935,0.0967741935483871,0.217741935483871,0.0564516129032258,0.0241935483870968,0.475806451612903,0.0161290322580645,0.975806451612903,0.185483870967742,0.782258064516129,0.201612903225806,0.580645161290323,0.870967741935484,0.120967741935484,7.20967741935484,0.0887096774193548,0.032258064516129,60870,9330,0.584127363922179,0.946564885496183,0.681318681318681,75,37.952,14.0451973453203,11.3999531448351,-16.8610024847232,467.443548387097,1409.18548387097,0.183673469387755,75,61321,0,0,0,1
65535,60945,0.093167701863354,0.0683229813664596,0.801242236024845,0.614906832298137,0.0372670807453416,0.062111801242236,0.490683229813665,0.975155279503106,0.0186335403726708,0.590062111801242,0.062111801242236,0.0062111801242236,0.416149068322981,0.267080745341615,0.0248447204968944,0.217391304347826,0.0186335403726708,0.0496894409937888,0.447204968944099,0.0186335403726708,0.577639751552795,0.31055900621118,2.96273291925466,0.15527950310559,0.291925465838509,0.807453416149068,0.0869565217391304,7.47204968944099,0.093167701863354,0.0559006211180124,60945,12114,0.655974577357494,0.936046511627907,0.728506787330317,75,45.337,16.6612049832794,12.5755940245214,84.2175217426462,1142.6149068323,1410.70186335404,0,0,0,0,0,0,1
65535,61021,0.0822784810126582,0.107594936708861,0.734177215189873,0.658227848101266,0.0443037974683544,0.0379746835443038,0.822784810126582,0.886075949367089,0.0316455696202532,0.462025316455696,0.139240506329114,0,0.405063291139241,0.278481012658228,0.0253164556962025,0.348101265822785,0.0569620253164557,0.0569620253164557,0.443037974683544,0.00632911392405063,0.436708860759494,0.227848101265823,1.23417721518987,0.240506329113924,0.145569620253165,0.993670886075949,0.0886075949367089,8.69620253164557,0.10126582278481,0.113924050632911,61021,11888,0.73395065843973,0.94047619047619,0.663865546218487,75,44.899,17.4146529881551,11.8280809096683,28.6161121918114,1298.90506329114,1410.58227848101,0,0,0,0,0,0,1
65535,61096,0.887640449438202,0.157303370786517,0.213483146067416,0.247191011235955,0.0674157303370787,0.0786516853932584,0.685393258426966,1.23595505617978,0.0786516853932584,1.53932584269663,0.0112359550561798,0.0224719101123596,1.32584269662921,0.303370786516854,0.112359550561798,0.303370786516854,0.0898876404494382,0.123595505617978,0.49438202247191,0,1.66292134831461,0.629213483146067,0.269662921348315,0.247191011235955,1.69662921348315,1.24719101123596,0.112359550561798,6.42696629213483,0.0674157303370787,0.0449438202247191,61096,6696,0.703850448619052,0.956989247311828,0.622377622377622,75,33.081,12.9622212294824,9.20769034259839,-28.7936231094628,110.573033707865,1412.93258426966,0.488372093023256,75,60795,0,0,0,1
65535,61171,0.161016949152542,0.0508474576271186,0.398305084745763,0.355932203389831,0.0423728813559322,0.0423728813559322,0.415254237288136,0.559322033898305,0.0508474576271186,0.415254237288136,0.0847457627118644,0.0423728813559322,0.254237288135593,0.194915254237288,0.0847457627118644,0.152542372881356,0.0254237288135593,0.0169491525423729,0.474576271186441,0.0169491525423729,0.449152542372881,0.296610169491525,0.584745762711864,0.135593220338983,0.271186440677966,0.644067796610169,0.110169491525424,4.1271186440678,0.0338983050847458,0.076271186440678,61171,8878,0.600515192983618,0.944,0.655555555555556,75,37.497,13.8782595820455,11.0972415801407,3.95197742559573,554.28813559322,1411.77118644068,0,0,0,0,0,0,1
65535,61246,0.0945945945945946,0.0405405405405405,0.689189189189189,1.32432432432432,0.0608108108108108,0.0540540540540541,0.844594594594595,0.810810810810811,0.0337837837837838,0.304054054054054,0.148648648648649,0.0337837837837838,0.290540540540541,0.209459459459459,0.0743243243243243,0.114864864864865,0.0810810810810811,0.027027027027027,0.587837837837838,0.00675675675675676,0.452702702702703,0.331081081081081,0.790540540540541,0.168918918918919,0.22972972972973,0.858108108108108,0.0743243243243243,8.5,0.0540540540540541,0.0675675675675676,61246,11136,0.748565385117404,0.936708860759494,0.660714285714286,75,43.377,17.2218941531595,11.419166027708,61.8046641879847,188.918918918919,1410.98648648649,0,0,0,0,0,0,1
65535,61321,0.0866141732283465,0.118110236220472,0.31496062992126,0.732283464566929,0.015748031496063,0.0236220472440945,0.795275590551181,0.692913385826772,0.078740157480315,0.37007874015748,0.118110236220472,0.0551181102362205,0.535433070866142,0.228346456692913,0.196850393700787,0.133858267716535,0.031496062992126,0.0393700787401575,0.519685039370079,0,0.488188976377953,0.236220472440945,0.724409448818898,0.204724409448819,0.362204724409449,0.62992125984252,0.15748031496063,5.38582677165354,0.094488188976378,0.031496062992126,61321,9556,0.738652084193142,0.954887218045113,0.705555555555556,75,39.424,15.5816565861028,10.5033900044004,28.106413160243,453.433070866142,1412.88976377953,0.1875,75,60870,0,0,0,1
65535,61397,0.508064516129032,0.104838709677419,0.411290322580645,0.193548387096774,0.0241935483870968,0.0403225806451613,1.25,2.10483870967742,0.032258064516129,1.16129032258065,0.0403225806451613,0.032258064516129,1.12096774193548,0.25,1.95161290322581,0.209677419354839,0.0403225806451613,0.112903225806452,0.895161290322581,0.00806451612903226,0.943548387096774,0.395161290322581,3.59677419354839,0.346774193548387,1.20967741935484,0.862903225806452,0.112903225806452,7.35483870967742,0.0887096774193548,0.137096774193548,61397,9330,0.479871692450503,0.961240310077519,0.681318681318681,75,37.315,13.5568582121093,11.8939560838186,21.6486819063991,132.854838709677,1413.86290322581,0,0,0,0,0,0,1
65535,61472,0.114864864864865,0.108108108108108,0.344594594594595,0.297297297297297,0.00675675675675676,0.0608108108108108,0.337837837837838,0.554054054054054,0.0675675675675676,0.425675675675676,0.0472972972972973,0.0472972972972973,0.47972972972973,0.162162162162162,0.0202702702702703,0.108108108108108,0.108108108108108,0.00675675675675676,0.452702702702703,0.00675675675675676,0.472972972972973,0.155405405405405,0.472972972972973,0.108108108108108,0.283783783783784,0.72972972972973,0.0608108108108108,4.58783783783784,0.0743243243243243,0.0405405405405405,61472,11136,0.285839584452768,0.91358024691358,0.616666666666667,75,44.973,14.537744411428,13.931193104383,47.6322139072966,634.844594594595,1414.71621621622,0.350877192982456,75,61698,0,0,0,1
65535,61547,0.0539419087136929,0.112033195020747,0.692946058091286,0.970954356846473,0.0580912863070539,0.020746887966805,0.556016597510373,0.560165975103734,0.029045643153527,0.54356846473029,0.132780082987552,0.024896265560166,0.24896265560166,0.203319502074689,0.045643153526971,0.120331950207469,0.0497925311203319,0.033195020746888,0.439834024896266,0,0.419087136929461,0.240663900414938,1.34439834024896,0.136929460580913,0.141078838174274,0.817427385892116,0.0788381742738589,6.33195020746888,0.0539419087136929,0.0705394190871369,61547,18133,0.856599288230947,0.923371647509579,0.627604166666667,75,59.595,24.7674741321508,12.7795764796088,-66.9116085606712,244.954356846473,1415.2489626556,0,0,0,0,0,0,1
65535,61622,0.155778894472362,0.0552763819095477,0.472361809045226,0.371859296482412,0.0150753768844221,0.0402010050251256,0.57286432160804,1.16582914572864,0.050251256281407,0.587939698492462,0.0603015075376884,0.0251256281407035,0.552763819095477,0.206030150753769,0.0954773869346734,0.341708542713568,0.100502512562814,0.0603015075376884,0.28643216080402,0.0050251256281407,0.814070351758794,0.311557788944724,0.597989949748744,0.236180904522613,0.4321608040201,0.693467336683417,0.085427135678392,6.72361809045226,0.0653266331658292,0.0804020100502513,61622,14973,0.418364817278533,0.952153110047847,0.690972222222222,75,48.364,16.8683830959248,15.32119940979,-3.68075499061183,1029.8743718593,1417.46733668342,0,0,0,0,0,0,1
65535,61698,0.126126126126126,0.0990990990990991,0.387387387387387,0.27027027027027,0.027027027027027,0.045045045045045,0.468468468468468,0.747747747747748,0.018018018018018,0.315315315315315,0.0990990990990991,0,0.405405405405405,0.207207207207207,0.126126126126126,0.0540540540540541,0.036036036036036,0.036036036036036,0.432432432432432,0,0.306306306306306,0.243243243243243,5.20720720720721,0.126126126126126,0.288288288288288,0.630630630630631,0.045045045045045,4.10810810810811,0.117117117117117,0.00900900900900901,61698,8352,0.794315579463645,0.895161290322581,0.569230769230769,75,39.912,15.7571699510085,9.57256517504143,60.2394670508456,643.792792792793,1419.11711711712,0.74,150,61472,61999,0,0,1
65535,61773,0.122950819672131,0.122950819672131,0.30327868852459,0.286885245901639,0.00819672131147541,0.0491803278688525,0.311475409836066,0.60655737704918,0.0245901639344262,0.565573770491803,0.0737704918032787,0.0327868852459016,0.60655737704918,0.188524590163934,0.0245901639344262,0.19672131147541,0.0163934426229508,0.0163934426229508,0.426229508196721,0.0245901639344262,0.811475409836066,0.237704918032787,0.434426229508197,0.163934426229508,0.631147540983607,0.622950819672131,0.0573770491803279,4.27868852459016,0.0737704918032787,0.0573770491803279,61773,9179,0.650178893051437,0.960629921259842,0.726190476190476,75,37.1,14.3922615123137,10.9349691083904,29.873148467755,1236.89344262295,1420.66393442623,0,0,0,0,0,0,1
65535,61848,0.106617647058824,0.136029411764706,0.529411764705882,0.911764705882353,0.0330882352941176,0.0441176470588235,0.455882352941176,0.705882352941177,0.0514705882352941,0.772058823529412,0.158088235294118,0.0147058823529412,0.4375,0.268382352941176,0.0808823529411765,0.150735294117647,0.0367647058823529,0.0330882352941176,0.452205882352941,0.0147058823529412,0.838235294117647,0.238970588235294,0.860294117647059,0.220588235294118,0.319852941176471,0.996323529411765,0.102941176470588,5.75367647058824,0.0735294117647059,0.0698529411764706,61848,20466,0.423527346028467,0.957746478873239,0.755555555555556,75,56.94,19.723885963637,17.867539275131,-8.89698631285259,1052.87132352941,1425.26470588235,0,0,0,0,0,0,1
65535,61923,0.186440677966102,0.101694915254237,0.271186440677966,0.26271186440678,0.00847457627118644,0.0508474576271186,0.457627118644068,0.889830508474576,0.0296610169491525,0.652542372881356,0.0211864406779661,0.0338983050847458,0.73728813559322,0.254237288135593,0.0423728813559322,0.224576271186441,0.0508474576271186,0.00847457627118644,0.292372881355932,0.0127118644067797,0.927966101694915,0.292372881355932,2.14406779661017,0.199152542372881,0.652542372881356,0.855932203389831,0.0847457627118644,5.32203389830508,0.0720338983050847,0.076271186440678,61923,17757,0.4269934309081,0.955465587044534,0.690058479532164,75,53.318,18.5416648420259,16.766388066108,44.4343436226689,1348.38983050847,1424.83898305085,0,0,0,0,0,0,1
65535,61999,0.207482993197279,0.112244897959184,0.442176870748299,0.241496598639456,0.0408163265306122,0.0238095238095238,0.962585034013605,0.846938775510204,0.0238095238095238,0.547619047619048,0.0680272108843537,0.0170068027210884,1.29591836734694,0.255102040816327,0.0646258503401361,0.217687074829932,0.0578231292517007,0.0306122448979592,0.428571428571429,0.00340136054421769,0.670068027210884,0.295918367346939,0.860544217687075,0.180272108843537,0.585034013605442,0.802721088435374,0.105442176870748,6.09183673469388,0.0714285714285714,0.0782312925170068,61999,22121,0.769155867040748,0.927444794952681,0.644736842105263,75,65.5,24.6273906158849,15.7384104713864,30.8406293373832,650.190476190476,1429.91156462585,0.214285714285714,75,61698,0,0,0,1
65535,62074,0.129496402877698,0.0647482014388489,0.503597122302158,0.23021582733813,0.0143884892086331,0.0863309352517986,0.309352517985612,0.37410071942446,0.0215827338129496,0.258992805755396,0.0647482014388489,0.0215827338129496,0.309352517985612,0.122302158273381,0.00719424460431655,0.0647482014388489,0.0359712230215827,0.0359712230215827,0.467625899280576,0,0.366906474820144,0.158273381294964,2.03597122302158,0.100719424460432,0.345323741007194,0.431654676258993,0.0359712230215827,NaN,0.0431654676258993,0.0215827338129496,62074,10459,0.69902875339463,0.945578231292517,0.661904761904762,75,40.954,15.9277287464687,11.3898162784663,35.1958221797945,412.467625899281,1428.8345323741,0,0,0,0,0,0,0
65535,62149,0.0887573964497041,0.106508875739645,0.538461538461538,1.25443786982249,0.0355029585798817,0.0769230769230769,0.585798816568047,0.85207100591716,0.0532544378698225,0.443786982248521,0.0650887573964497,0.0118343195266272,0.325443786982249,0.189349112426036,0.0177514792899408,0.130177514792899,0.0946745562130177,0.0355029585798817,0.242603550295858,0.00591715976331361,0.443786982248521,0.236686390532544,0.485207100591716,0.201183431952663,0.284023668639053,0.840236686390533,0.100591715976331,7.84023668639053,0.0828402366863905,0.0887573964497041,62149,12716,0.774844945449129,0.918478260869565,0.635338345864662,75,47.512,18.8516364830313,11.9170871722126,68.8260788088805,508.153846153846,1433.11834319527,0.442622950819672,150,62300,63353,0,0,1
65535,62224,0.0673575129533679,0.0414507772020725,0.507772020725389,0.595854922279793,0.0518134715025907,0.0310880829015544,0.564766839378238,0.595854922279793,0.0880829015544041,0.357512953367876,0.0984455958549223,0.0103626943005181,0.357512953367876,0.160621761658031,0.0414507772020725,0.207253886010363,0.0103626943005181,0.0155440414507772,0.305699481865285,0.0103626943005181,0.38860103626943,0.217616580310881,0.507772020725389,0.196891191709845,0.196891191709845,0.575129533678757,0.0880829015544041,7.01554404145078,0.0984455958549223,0.0932642487046632,62224,14522,0.648354802429055,0.936893203883495,0.670138888888889,75,48.554,18.2460784268803,13.8914388478938,62.2160220874987,975.725388601036,1431.01554404145,0,0,0,0,0,0,1
65535,62300,0.131386861313869,0.0948905109489051,0.452554744525547,0.934306569343066,0.0364963503649635,0.0145985401459854,0.576642335766423,0.824817518248175,0.0364963503649635,0.262773722627737,0.072992700729927,0.0510948905109489,0.343065693430657,0.18978102189781,0.0291970802919708,0.124087591240876,0.0437956204379562,0.0583941605839416,0.321167883211679,0.0072992700729927,0.299270072992701,0.226277372262774,1.14598540145985,0.18978102189781,0.430656934306569,0.635036496350365,0.0583941605839416,7.5985401459854,0.0656934306569343,0.0948905109489051,62300,10308,0.756938637674404,0.938356164383562,0.67156862745098,75,41.136,16.4721443401104,10.764315043221,78.7813251635321,498.591240875912,1430.64233576642,0.403846153846154,75,62149,0,0,0,1
65535,62375,0.0491803278688525,0.0737704918032787,0.885245901639344,0.663934426229508,0.00819672131147541,0.040983606557377,0.401639344262295,0.786885245901639,0.040983606557377,0.221311475409836,0.0819672131147541,0.0327868852459016,0.319672131147541,0.188524590163934,0.0163934426229508,0.139344262295082,0.0163934426229508,0.040983606557377,0.352459016393443,0,0.319672131147541,0.254098360655738,4.29508196721311,0.19672131147541,0.229508196721311,0.737704918032787,0.0819672131147541,7.04098360655738,0.0491803278688525,0.0819672131147541,62375,9179,0.456611126532766,0.931297709923664,0.67032967032967,75,38.142,13.3386952701072,11.8669888205202,13.579917115109,684.672131147541,1433.33606557377,0.387755102040816,75,62826,0,0,0,1
65535,62450,0.137254901960784,0.150326797385621,0.679738562091503,0.503267973856209,0.0261437908496732,0.0392156862745098,0.457516339869281,0.555555555555556,0.0326797385620915,0.405228758169935,0.104575163398693,0.0326797385620915,0.359477124183007,0.202614379084967,0.0261437908496732,0.169934640522876,0.0326797385620915,0.0326797385620915,0.535947712418301,0.0065359477124183,0.398692810457516,0.26797385620915,3.13725490196078,0.137254901960784,0.254901960784314,0.666666666666667,0.0784313725490196,6.26797385620915,0.0457516339869281,0.065359477124183,62450,11512,0.67254901651202,0.95625,0.6375,75,43.121,16.387851949829,12.1278721075377,-44.8181765786329,1470.38562091503,1434.81699346405,0,0,0,0,0,0,1
65535,62525,0.0642201834862385,0.0825688073394495,1.46788990825688,0.724770642201835,0.0642201834862385,0.036697247706422,0.81651376146789,0.89908256880734,0.0642201834862385,0.321100917431193,0.0917431192660551,0.0275229357798165,0.357798165137615,0.220183486238532,0.0917431192660551,0.247706422018349,0.036697247706422,0.0275229357798165,0.63302752293578,0,0.44954128440367,0.284403669724771,5.44036697247706,0.155963302752294,0.201834862385321,0.752293577981651,0.110091743119266,11.2018348623853,0.18348623853211,0.119266055045872,62525,8201,0.472358296890832,0.964601769911504,0.756944444444444,75,34.288,12.6131493450774,11.1173134003357,-49.6107324686947,929.339449541284,1435.47706422018,0,0,0,0,0,0,1
65535,62601,0.108910891089109,0.118811881188119,0.653465346534653,1.00495049504951,0.0099009900990099,0.0396039603960396,0.683168316831683,0.851485148514851,0.0544554455445545,0.311881188118812,0.0693069306930693,0.0099009900990099,0.584158415841584,0.168316831683168,0.0247524752475248,0.217821782178218,0.0544554455445545,0.0297029702970297,0.277227722772277,0.0198019801980198,0.396039603960396,0.193069306930693,1.42574257425743,0.188118811881188,0.232673267326733,0.589108910891089,0.0792079207920792,8.58910891089109,0.0495049504950495,0.0693069306930693,62601,15199,0.670818923934139,0.952830188679245,0.801587301587302,75,49.257,18.7580995757709,13.9114038997925,3.83853076050819,163.40099009901,1436.62376237624,0,0,0,0,0,0,1
65535,62676,0.125984251968504,0.047244094488189,0.732283464566929,1.24409448818898,0.062992125984252,0.0708661417322835,0.889763779527559,0.937007874015748,0.062992125984252,0.574803149606299,0.133858267716535,0.0236220472440945,0.393700787401575,0.338582677165354,0.094488188976378,0.251968503937008,0.110236220472441,0.0551181102362205,0.354330708661417,0,0.637795275590551,0.196850393700787,0.937007874015748,0.21259842519685,0.15748031496063,1.14173228346457,0.094488188976378,8.91338582677165,0.102362204724409,0.102362204724409,62676,9556,0.749437925895895,0.913669064748201,0.661458333333333,75,40.838,15.8474054707496,10.4921648686321,-82.5838156218438,226.031496062992,1436.17322834646,0.431372549019608,75,62902,0,0,0,1
65535,62751,0.0814332247557003,0.110749185667752,0.732899022801303,1.06514657980456,0.0390879478827362,0.0423452768729642,0.615635179153095,0.95114006514658,0.0586319218241042,0.566775244299674,0.0749185667752443,0.0130293159609121,0.37785016286645,0.263843648208469,0.0390879478827362,0.273615635179153,0.0586319218241042,0.0456026058631922,0.328990228013029,0.00325732899022801,0.654723127035831,0.338762214983713,1.55700325732899,0.280130293159609,0.149837133550489,1.09771986970684,0.0879478827361563,9.11400651465798,0.104234527687296,0.0912052117263844,62751,23099,0.828191009096722,0.947530864197531,0.639583333333333,75,66.054,26.9044993065802,15.0785174230408,32.7291889420877,566.879478827362,1439.65146579805,0,0,0,0,0,0,1
65535,62826,0.074468085106383,0.180851063829787,0.617021276595745,0.436170212765957,0.0212765957446809,0.0212765957446809,0.404255319148936,0.723404255319149,0.0531914893617021,0.361702127659574,0.0531914893617021,0.0319148936170213,0.446808510638298,0.148936170212766,0.0319148936170213,0.0638297872340425,0.0212765957446809,0.0638297872340425,0.425531914893617,0,0.308510638297872,0.138297872340426,3.80851063829787,0.0851063829787234,0.319148936170213,0.808510638297872,0.148936170212766,4.86170212765957,0.0638297872340425,0.127659574468085,62826,7073,0.558808756041577,0.912621359223301,0.602564102564103,75,34.958,12.3791124214903,10.265955270444,-52.5755516833816,678.797872340426,1441.40425531915,0.431818181818182,75,62375,0,0,0,1
65535,62902,0.0892857142857143,0.0982142857142857,0.803571428571429,0.964285714285714,0.0446428571428571,0.0625,0.794642857142857,0.9375,0.0535714285714286,0.5625,0.125,0.00892857142857143,0.375,0.232142857142857,0.0803571428571429,0.214285714285714,0.0446428571428571,0.0267857142857143,0.321428571428571,0,0.839285714285714,0.383928571428571,1.38392857142857,0.276785714285714,0.258928571428571,0.991071428571429,0.0982142857142857,8.66071428571429,0.0535714285714286,0.107142857142857,62902,8427,0.724534614476766,0.925619834710744,0.571428571428571,75,39.54,14.9117379405356,10.2777426199287,-56.6209572508185,218.223214285714,1440.46428571429,0.469387755102041,75,62676,0,0,0,1
65535,62977,0.106870229007634,0.0458015267175573,0.358778625954198,0.801526717557252,0.0305343511450382,0.0229007633587786,0.396946564885496,0.473282442748092,0.00763358778625954,0.351145038167939,0.0763358778625954,0.0458015267175573,0.198473282442748,0.229007633587786,0.0458015267175573,0.122137404580153,0.0305343511450382,0.0305343511450382,0.404580152671756,0.0152671755725191,0.343511450381679,0.129770992366412,0.412213740458015,0.129770992366412,0.259541984732824,0.618320610687023,0.0687022900763359,4.30534351145038,0.0305343511450382,0.0381679389312977,62977,9857,0.648320628085326,0.949275362318841,0.779761904761905,75,38.671,14.8815555338163,11.3303316885868,69.2825983466177,308.343511450382,1447.38167938931,0,0,0,0,0,0,1
65535,63052,0.144,0.104,0.216,0.384,0.016,0.024,0.344,0.504,0.024,0.544,0.048,0.016,0.376,0.216,0.064,0.136,0.024,0.088,0.296,0.016,0.96,0.2,0.24,0.184,0.32,0.656,0.064,3.928,0.12,0.056,63052,9405,0.637927854567915,0.899280575539568,0.641025641025641,75,39.457,14.634713846792,11.2701365248687,20.7429790077551,411.144,1444.752,0.372549019607843,75,63278,0,0,0,1
65535,63127,0.0441176470588235,0.0588235294117647,1.20588235294118,NaN,0.0441176470588235,0.0441176470588235,0.779411764705882,0.691176470588235,0.0294117647058824,0.485294117647059,0.117647058823529,0.0147058823529412,0.441176470588235,0.191176470588235,0,0.205882352941176,0,0.0882352941176471,0.514705882352941,0,0.573529411764706,0.294117647058824,3.07352941176471,0.205882352941176,0.102941176470588,0.985294117647059,0.132352941176471,9.66176470588235,0.117647058823529,0.132352941176471,63127,5116,0.58514360238358,0.918918918918919,0.686868686868687,75,27.548,10.4767714780277,8.49592506280798,-77.2612966164992,1069.45588235294,1447.11764705882,0.647058823529412,75,63203,0,0,0,0
65535,63203,0.0746268656716418,0.111940298507463,1.03731343283582,1.32835820895522,0.0522388059701493,0.082089552238806,0.559701492537313,0.656716417910448,0.0298507462686567,0.455223880597015,0.156716417910448,0.0597014925373134,0.425373134328358,0.119402985074627,0.0522388059701493,0.194029850746269,0.0373134328358209,0.00746268656716418,0.41044776119403,0,0.440298507462687,0.328358208955224,1.40298507462687,0.216417910447761,0.261194029850746,1.09701492537313,0.082089552238806,7.6865671641791,0.0298507462686567,0.0597014925373134,63203,10082,0.760645278942837,0.788235294117647,0.563025210084034,75,48.637,17.8787597001527,11.6063140969255,-79.7863221437019,1062.82089552239,1448.67910447761,0.370967741935484,75,63127,0,0,0,1
65535,63278,0.0818181818181818,0.0818181818181818,0.4,0.318181818181818,0.00909090909090909,0.00909090909090909,0.272727272727273,0.8,0.0181818181818182,0.390909090909091,0.0363636363636364,0.0181818181818182,0.518181818181818,0.290909090909091,0.0545454545454545,0.172727272727273,0.0545454545454545,0.00909090909090909,0.281818181818182,0.00909090909090909,0.754545454545455,0.190909090909091,0.245454545454545,0.154545454545455,0.3,0.527272727272727,0.0727272727272727,3.84545454545455,0.0454545454545455,0.00909090909090909,63278,8277,0.61656558892823,0.894308943089431,0.654761904761905,75,38.506,13.8509530172969,10.9049044348413,-34.373994215205,402.618181818182,1450.87272727273,0.395833333333333,75,63052,0,0,0,1
65535,63353,0.0785714285714286,0.0785714285714286,0.621428571428571,1.07857142857143,0.0428571428571429,0.0285714285714286,0.585714285714286,0.742857142857143,0.0357142857142857,0.328571428571429,0.0714285714285714,0.0357142857142857,0.235714285714286,0.178571428571429,0,0.192857142857143,0.0285714285714286,0.05,0.321428571428571,0.00714285714285714,0.571428571428571,0.292857142857143,0.421428571428571,0.235714285714286,0.221428571428571,0.807142857142857,0.05,7.47142857142857,0.135714285714286,0.1,63353,10534,0.647926109745298,0.952380952380952,0.666666666666667,75,40.681,15.4470222657381,11.7660462032854,49.4130536501279,507.628571428571,1449.61428571429,0.150943396226415,75,62149,0,0,0,1
65535,63428,0.0592105263157895,0.0855263157894737,0.572368421052632,0.467105263157895,0.0131578947368421,0.0460526315789474,0.486842105263158,0.657894736842105,0.0263157894736842,0.269736842105263,0.0394736842105263,0.0394736842105263,0.361842105263158,0.138157894736842,0.0263157894736842,0.0986842105263158,0.0131578947368421,0.0394736842105263,0.453947368421053,0.0197368421052632,0.460526315789474,0.230263157894737,2.45394736842105,0.118421052631579,0.223684210526316,0.585526315789474,0.0921052631578947,6.22368421052632,0.0921052631578947,0.0723684210526316,63428,11437,0.242953849430591,0.944099378881988,0.723809523809524,75,43.013,14.3753155287632,13.9446001435057,87.6813919952699,444.144736842105,1452.89473684211,0,0,0,0,0,0,1
65535,63503,0.0987654320987654,0.0432098765432099,0.617283950617284,0.469135802469136,0.0432098765432099,0.0493827160493827,0.314814814814815,0.604938271604938,0.0246913580246914,0.302469135802469,0.0679012345679012,0.0246913580246914,0.388888888888889,0.148148148148148,0.0185185185185185,0.148148148148148,0.0493827160493827,0.0185185185185185,0.487654320987654,0.00617283950617284,0.351851851851852,0.283950617283951,3.80246913580247,0.12962962962963,0.234567901234568,0.469135802469136,0.0679012345679012,5.3641975308642,0.0432098765432099,0.0617283950617284,63503,12189,0.78553143575305,0.910112359550562,0.675,75,47.686,18.7278140951673,11.5891787702881,3.3808394339947,736.623456790123,1451,0.3,75,63804,0,0,0,1
65535,63579,0.252100840336134,0.0756302521008403,0.210084033613445,0.361344537815126,0.0252100840336134,0.0504201680672269,0.336134453781513,0.613445378151261,0.00840336134453781,0.487394957983193,0.0336134453781513,0,0.831932773109244,0.252100840336134,0.092436974789916,0.235294117647059,0.0672268907563025,0.0756302521008403,0.226890756302521,0,0.478991596638655,0.168067226890756,0.277310924369748,0.151260504201681,0.428571428571429,0.411764705882353,0.0420168067226891,4.45378151260504,0.00840336134453781,0.0336134453781513,63579,8954,0.667870403224647,0.9296875,0.661111111111111,75,37.679,14.4094195605067,10.7246080010688,-5.9291370839424,1021.57983193277,1452.65546218487,0,0,0,0,0,0,1
65535,63654,0.161538461538462,0.176923076923077,0.415384615384615,0.369230769230769,0.0230769230769231,0.0230769230769231,0.361538461538462,0.469230769230769,0.0384615384615385,0.753846153846154,0,0,0.276923076923077,0.130769230769231,0.0153846153846154,0.130769230769231,0.0615384615384615,0.0384615384615385,0.453846153846154,0.0153846153846154,0.938461538461538,0.215384615384615,0.269230769230769,0.176923076923077,0.5,0.661538461538462,0.0692307692307692,4.97692307692308,0.0846153846153846,0.0384615384615385,63654,9781,0.394588605546411,0.955882352941177,0.773809523809524,75,38.208,13.486057955956,12.3917708338372,-15.1380773846329,1319.4,1453.5,0,0,0,0,0,0,1
65535,63729,0.0153061224489796,0.11734693877551,0.642857142857143,0.785714285714286,0.0357142857142857,0.0255102040816327,0.556122448979592,1.03061224489796,0.0255102040816327,0.76530612244898,0.076530612244898,0.0306122448979592,0.505102040816326,0.336734693877551,0.0204081632653061,0.290816326530612,0.107142857142857,0.0459183673469388,0.23469387755102,0,1.02551020408163,0.362244897959184,0.795918367346939,0.423469387755102,0.158163265306122,1.05102040816327,0.102040816326531,7.56122448979592,0.0918367346938776,0.13265306122449,63729,14747,0.779125871299617,0.886877828054299,0.573099415204678,75,53.318,20.5097837725011,12.8569171099208,46.9039634081441,867.892857142857,1455.44897959184,0.376811594202899,75,64030,0,0,0,1
65535,63804,0.0421052631578947,0.0947368421052632,0.726315789473684,1.15789473684211,0.0526315789473684,0.0210526315789474,0.452631578947368,0.694736842105263,0.0210526315789474,0.4,0.0947368421052632,0.0315789473684211,0.305263157894737,0.347368421052632,0.0210526315789474,0.157894736842105,0.0315789473684211,0.0526315789473684,0.284210526315789,0.0210526315789474,0.442105263157895,0.157894736842105,1.11578947368421,0.147368421052632,0.157894736842105,1.03157894736842,0.0736842105263158,9.6,0.0947368421052632,0.0315789473684211,63804,7148,0.212398144299258,0.95,0.659722222222222,75,33.18,11.2776329784799,11.0203136089178,-17.9746391614087,54700,1457.73684210526,0.395348837209302,75,63503,0,0,0,0
65535,63880,0.226130653266332,0.085427135678392,0.221105527638191,0.306532663316583,0.0251256281407035,0.0251256281407035,0.271356783919598,0.673366834170854,0.0351758793969849,0.522613065326633,0.0251256281407035,0.0402010050251256,0.608040201005025,0.236180904522613,0.0804020100502513,0.0954773869346734,0.0552763819095477,0.0351758793969849,0.482412060301508,0.0100502512562814,0.618090452261307,0.241206030150754,0.597989949748744,0.165829145728643,0.477386934673367,0.653266331658292,0.0954773869346734,4.68341708542714,0.0552763819095477,0.0452261306532663,63880,14973,0.591370362391052,0.961352657004831,0.688581314878893,75,49.1,17.8893686249175,14.4259883508623,42.0797908769143,984.869346733668,1460.98492462312,0.234375,75,64707,0,0,0,1
65535,63955,0.118012422360248,0.15527950310559,0.428571428571429,0.279503105590062,0.0434782608695652,0.0434782608695652,0.875776397515528,0.720496894409938,0.031055900621118,0.46583850931677,0.0807453416149068,0.0124223602484472,0.335403726708075,0.173913043478261,0.031055900621118,0.111801242236025,0.0248447204968944,0.0434782608695652,0.565217391304348,0.0186335403726708,0.496894409937888,0.242236024844721,2.03726708074534,0.198757763975155,0.565217391304348,0.664596273291926,0.0807453416149068,4.63354037267081,0.0186335403726708,0.0993788819875776,63955,12114,0.711968362230148,0.941520467836257,0.676470588235294,75,44.237,17.2685056106272,12.1261439708913,19.108469782666,347.509316770186,1459.32298136646,0,0,0,0,0,0,1
65535,64030,0.0462962962962963,0.0925925925925926,0.888888888888889,0.712962962962963,0.0462962962962963,0.0648148148148148,0.546296296296296,0.787037037037037,0.0555555555555556,0.361111111111111,0.0833333333333333,0.00925925925925926,0.407407407407407,0.277777777777778,0.0462962962962963,0.0925925925925926,0.0833333333333333,0.0185185185185185,0.416666666666667,0,0.444444444444444,0.305555555555556,1.13888888888889,0.166666666666667,0.12037037037037,1.07407407407407,0.12962962962963,7.06481481481481,0.111111111111111,0.0555555555555556,64030,8126,0.782180332073129,0.915254237288136,0.63905325443787,75,38.688,15.1748545748008,9.45472511723255,44.3974570327655,874.601851851852,1461.89814814815,0.520833333333333,75,63729,0,0,0,1
65535,64105,0.0598290598290598,0.094017094017094,0.435897435897436,0.846153846153846,0.0341880341880342,0.0427350427350427,0.324786324786325,0.615384615384615,0.0341880341880342,0.358974358974359,0.094017094017094,0.0170940170940171,0.290598290598291,0.170940170940171,0.0427350427350427,0.094017094017094,0.0683760683760684,0.0341880341880342,0.299145299145299,0,0.35042735042735,0.239316239316239,0.504273504273504,0.136752136752137,0.196581196581197,0.769230769230769,0.0769230769230769,5.09401709401709,0.0512820512820513,0.0598290598290598,64105,8803,0.688033159990169,0.928571428571429,0.709090909090909,75,37.861,14.5386985617069,10.5504318369152,-89.3018827314126,477.65811965812,1462.24786324786,0,0,0,0,0,0,1
65535,64181,0.1953125,0.0859375,0.3515625,0.375,0.0234375,0.0234375,0.296875,0.6875,0,0.703125,0.0625,0.0234375,0.609375,0.1640625,0.09375,0.125,0.046875,0.0390625,0.5,0.0078125,0.75,0.3203125,0.328125,0.109375,0.4140625,0.890625,0.0390625,4.9609375,0.078125,0.046875,64181,9631,0.630936593009466,0.948148148148148,0.711111111111111,75,38.787,14.6261244968008,11.3474505174401,9.29996109038484,1082.9765625,1462.1171875,0,0,0,0,0,0,1
65535,64256,0.265625,0.1328125,0.4921875,0.2578125,0.0078125,0.0390625,0.65625,1.0234375,0.0390625,0.4453125,0.0390625,0.0078125,0.671875,0.1875,0.03125,0.125,0.0625,0.0703125,0.359375,0.0078125,0.4375,0.265625,0.3515625,0.1328125,0.5390625,0.59375,0.0625,6.28125,0.0546875,0.046875,64256,9631,0.807106234672776,0.927536231884058,0.627450980392157,75,41.045,16.8446526771548,9.94518801871989,18.445362296092,597.8828125,1466.9453125,0.230769230769231,75,65008,0,0,0,1
65535,64331,0.0307692307692308,0.230769230769231,0.661538461538462,1.12307692307692,0.0307692307692308,0.0307692307692308,0.907692307692308,0.538461538461538,0.0307692307692308,0.769230769230769,0.0769230769230769,0.0153846153846154,0.353846153846154,0.2,0.0307692307692308,0.184615384615385,0.0307692307692308,0.0153846153846154,0.446153846153846,0.0153846153846154,0.384615384615385,0.338461538461538,0.692307692307692,0.307692307692308,0.169230769230769,1.03076923076923,0.184615384615385,7.83076923076923,0.0307692307692308,0.0769230769230769,64331,4891,0.369932108649007,0.928571428571429,0.537190082644628,75,28.88,9.75839215737202,9.06612000857277,50.4100626246766,24378,1465.56923076923,0.722222222222222,150,64406,64482,0,0,0
65535,64406,0.120481927710843,0.144578313253012,0.626506024096386,1.40963855421687,0.0602409638554217,0.036144578313253,0.698795180722892,0.469879518072289,0.0240963855421687,0.433734939759036,0.072289156626506,0.0240963855421687,0.421686746987952,0.27710843373494,0.036144578313253,0.192771084337349,0.0120481927710843,0.036144578313253,0.349397590361446,0.0120481927710843,0.457831325301205,0.228915662650602,1.59036144578313,0.180722891566265,0.0602409638554217,0.843373493975904,0.0602409638554217,8.71084337349398,0.0843373493975904,0.0240963855421687,64406,6245,0.563778585945789,0.943181818181818,0.638461538461538,75,32.221,11.7632308743139,9.71555785673201,16.648668972515,330.265060240964,1470.30120481928,0.829268292682927,226,64331,64482,64933,0,1
65535,64482,0.0673076923076923,0.115384615384615,0.701923076923077,0.865384615384615,0.0384615384615385,0.0288461538461538,0.288461538461538,0.346153846153846,0.00961538461538462,0.471153846153846,0.0480769230769231,0.0192307692307692,0.230769230769231,0.134615384615385,0.0576923076923077,0.0865384615384615,0.00961538461538462,0.00961538461538462,0.240384615384615,0,0.461538461538462,0.269230769230769,1.04807692307692,0.153846153846154,0.298076923076923,0.634615384615385,0.105769230769231,5.55769230769231,0.0576923076923077,0.0673076923076923,64482,7825,0.765451679756012,0.954128440366973,0.693333333333333,75,35.504,14.4821820901761,9.3191882563387,-70.7654247576407,320.317307692308,1474.47115384615,0.533333333333333,226,64331,64406,64933,0,1
65535,64557,0.164750957854406,0.103448275862069,0.409961685823755,0.264367816091954,0.0191570881226054,0.0498084291187739,0.517241379310345,1.04214559386973,0.0153256704980843,0.628352490421456,0.0613026819923372,0.0191570881226054,1.01149425287356,0.260536398467433,0.486590038314176,0.203065134099617,0.0498084291187739,0.0651340996168582,0.64367816091954,0,0.708812260536398,0.28735632183908,1.42528735632184,0.256704980842912,0.517241379310345,0.777777777777778,0.0727969348659004,7.21455938697318,0.0613026819923372,0.0881226053639847,64557,19638,0.903154407461635,0.872909698996655,0.52834008097166,75,66.608,29.2345279963072,12.5508468224344,63.9869784593932,898.16091954023,1469.07662835249,0,0,0,0,0,0,1
65535,64632,0.144508670520231,0.121387283236994,0.265895953757225,0.265895953757225,0.00578034682080925,0.0404624277456647,0.300578034682081,0.780346820809249,0.023121387283237,0.369942196531792,0.0578034682080925,0.0289017341040462,0.520231213872832,0.213872832369942,0.0520231213872832,0.219653179190751,0.069364161849711,0.0346820809248555,0.375722543352601,0,0.745664739884393,0.260115606936416,0.803468208092486,0.265895953757225,0.653179190751445,0.61271676300578,0.115606936416185,4.57225433526012,0.0520231213872832,0.0346820809248555,64632,13017,0.807309783874532,0.920212765957447,0.600694444444444,75,49.216,19.6074778030773,11.5709192766315,36.4082365272055,949.635838150289,1474.21965317919,0,0,0,0,0,0,1
65535,64707,0.207792207792208,0.142857142857143,0.448051948051948,0.37012987012987,0.025974025974026,0.0454545454545455,0.454545454545455,0.545454545454545,0.038961038961039,0.363636363636364,0.0714285714285714,0.0194805194805195,0.383116883116883,0.207792207792208,0.0194805194805195,0.181818181818182,0.0649350649350649,0.012987012987013,0.363636363636364,0.012987012987013,0.357142857142857,0.253246753246753,0.396103896103896,0.0714285714285714,0.383116883116883,0.707792207792208,0.0714285714285714,5.37012987012987,0.025974025974026,0.0584415584415584,64707,11587,0.759952513137102,0.94478527607362,0.754901960784314,75,43.17,17.5266745829237,11.3919633719129,14.891790854475,984.402597402597,1474.22727272727,0.259259259259259,75,63880,0,0,0,1
65535,64783,0.229299363057325,0.114649681528662,0.394904458598726,0.184713375796178,0.0191082802547771,0.0191082802547771,0.388535031847134,0.853503184713376,0.00636942675159236,0.445859872611465,0.0191082802547771,0.0191082802547771,0.872611464968153,0.184713375796178,0.0445859872611465,0.178343949044586,0.0254777070063694,0.0445859872611465,0.318471337579618,0.00636942675159236,0.611464968152866,0.152866242038217,1.05095541401274,0.21656050955414,0.490445859872611,0.707006369426752,0.089171974522293,5.80254777070064,0.0509554140127389,0.0573248407643312,64783,11813,0.553563695854948,0.957317073170732,0.747619047619048,75,42.798,15.5997873512009,12.9916096262391,-33.4978225215928,1354.88535031847,1474.9872611465,0,0,0,0,0,0,1
65535,64858,0.0755813953488372,0.0988372093023256,0.523255813953488,0.447674418604651,0.0116279069767442,0.0174418604651163,0.36046511627907,0.540697674418605,0.0290697674418605,0.418604651162791,0.127906976744186,0.00581395348837209,0.325581395348837,0.215116279069767,0.11046511627907,0.186046511627907,0.0116279069767442,0.0116279069767442,0.534883720930233,0.0174418604651163,0.38953488372093,0.122093023255814,0.872093023255814,0.174418604651163,0.180232558139535,0.726744186046512,0.0813953488372093,5.97674418604651,0.0465116279069767,0.0523255813953488,64858,12941,0.814985857953442,0.939890710382514,0.597222222222222,75,48.174,19.75980649373,11.4504293915408,-35.395481368625,1459.58720930233,1478.87790697674,0,0,0,0,0,0,1
65535,64933,0.0909090909090909,0.0743801652892562,0.917355371900827,0.950413223140496,0.0165289256198347,0.0661157024793388,0.652892561983471,0.685950413223141,0.0330578512396694,0.380165289256198,0.0909090909090909,0.0165289256198347,0.264462809917355,0.173553719008264,0.0661157024793388,0.107438016528926,0.0330578512396694,0.0495867768595041,0.363636363636364,0.0165289256198347,0.520661157024793,0.206611570247934,1.30578512396694,0.198347107438017,0.181818181818182,0.966942148760331,0.0743801652892562,7.25619834710744,0.0826446280991736,0.0826446280991736,64933,9104,0.574639062904597,0.930769230769231,0.715976331360947,75,38.572,14.0094300834432,11.465415044906,21.4517909179031,331.859504132231,1478.89256198347,0.468085106382979,150,64406,64482,0,0,1
65535,65008,0.13265306122449,0.127551020408163,0.997448979591837,1.07397959183673,0.0408163265306122,0.0586734693877551,0.900510204081633,0.857142857142857,0.0663265306122449,0.553571428571429,0.112244897959184,0.0204081632653061,0.563775510204082,0.227040816326531,0.0586734693877551,0.25765306122449,0.0408163265306122,0.0586734693877551,0.418367346938776,0.0127551020408163,0.619897959183674,0.331632653061224,1.73979591836735,0.23469387755102,0.170918367346939,1.10714285714286,0.0892857142857143,8.58673469387755,0.086734693877551,0.0790816326530612,65008,29495,0.547077820814481,0.905311778290993,0.712727272727273,75,75.242,24.8645146059465,20.8136314258285,8.28763662802294,607.877551020408,1480.63265306122,0.114583333333333,75,64256,0,0,0,1
65535,65084,0.075,0.0833333333333333,0.75,0.358333333333333,0.0166666666666667,0.0416666666666667,0.358333333333333,0.475,0.0416666666666667,0.383333333333333,0.05,0.0166666666666667,0.308333333333333,0.15,0.025,0.15,0.025,0.0583333333333333,0.375,0.0166666666666667,0.358333333333333,0.191666666666667,3.125,0.133333333333333,0.291666666666667,0.733333333333333,0.05,5.075,0.025,0.0583333333333333,65084,9029,0.603834164186196,0.9375,0.710059171597633,75,38.324,14.0498536041146,11.1992783662685,55.6697684514458,1241.71666666667,1479.9,0,0,0,0,0,0,1
65535,65159,0.123529411764706,0.0588235294117647,0.670588235294118,0.517647058823529,0.0176470588235294,0.0352941176470588,0.317647058823529,0.423529411764706,0.0411764705882353,0.370588235294118,0.1,0.0176470588235294,0.158823529411765,0.117647058823529,0.0294117647058824,0.0941176470588235,0.0411764705882353,0.0470588235294118,0.270588235294118,0.0117647058823529,0.352941176470588,0.141176470588235,1.76470588235294,0.158823529411765,0.152941176470588,0.494117647058824,0.0647058823529412,5.22941176470588,0.0294117647058824,0.0823529411764706,65159,12791,0.80170224072898,0.949720670391061,0.62962962962963,75,47.347,19.1993196387354,11.4758866963447,-35.086986750273,756.741176470588,1482.68235294118,0,0,0,0,0,0,1
65535,65234,0.163636363636364,0.121212121212121,0.824242424242424,0.96969696969697,0.0242424242424242,0.0727272727272727,0.575757575757576,0.733333333333333,0.0666666666666667,0.509090909090909,0.115151515151515,0.0181818181818182,0.412121212121212,0.175757575757576,0.0424242424242424,0.163636363636364,0.0545454545454545,0.0181818181818182,0.351515151515152,0,0.418181818181818,0.309090909090909,0.927272727272727,0.121212121212121,0.303030303030303,1.01212121212121,0.0909090909090909,8.50909090909091,0.0848484848484849,0.0909090909090909,65234,12415,0.64610464974609,0.953757225433526,0.6875,75,44.419,16.7800942613941,12.8073873681421,30.0183327456703,177.163636363636,1484.18787878788,0.172413793103448,75,65309,0,0,0,1
65535,65309,0.129943502824859,0.112994350282486,0.192090395480226,0.242937853107345,0.0169491525423729,0.0282485875706215,0.333333333333333,0.80225988700565,0.0225988700564972,0.423728813559322,0.0338983050847458,0.0225988700564972,0.666666666666667,0.242937853107345,0.0282485875706215,0.096045197740113,0.0338983050847458,0.0451977401129944,0.333333333333333,0.0225988700564972,0.570621468926554,0.242937853107345,0.819209039548023,0.214689265536723,0.706214689265537,0.627118644067797,0.0677966101694915,4.48022598870056,0.0734463276836158,0.0734463276836158,65309,13318,0.571482252328457,0.936507936507937,0.694117647058824,75,46.95,16.7618380031091,13.7550060625805,31.2137356364401,161.135593220339,1483.0790960452,0.133333333333333,75,65234,0,0,0,1
65535,65385,0.146788990825688,0.146788990825688,0.5,0.114678899082569,0.0321100917431193,0.0275229357798165,0.380733944954128,0.880733944954128,0.0229357798165138,0.389908256880734,0.0412844036697248,0.00917431192660551,0.509174311926605,0.307339449541284,0.0412844036697248,0.123853211009174,0.018348623853211,0.0458715596330275,0.435779816513761,0.00917431192660551,0.41743119266055,0.169724770642202,2.1697247706422,0.105504587155963,0.440366972477064,0.706422018348624,0.0963302752293578,4.70642201834862,0.0642201834862385,0.105504587155963,65385,16403,0.874978365172889,0.931623931623932,0.670769230769231,75,57.585,24.4863323118517,11.8553520858948,3.84737643160687,464.01376146789,1487.90366972477,0,0,0,0,0,0,1
65535,65460,0.0632183908045977,0.103448275862069,0.649425287356322,0.879310344827586,0.0344827586206897,0.0172413793103448,0.551724137931034,0.528735632183908,0.0229885057471264,0.258620689655172,0.103448275862069,0.00574712643678161,0.224137931034483,0.235632183908046,0.0402298850574713,0.160919540229885,0.0402298850574713,0.0344827586206897,0.310344827586207,0.00574712643678161,0.241379310344828,0.160919540229885,1.93103448275862,0.137931034482759,0.206896551724138,0.804597701149425,0.0632183908045977,6.21264367816092,0.0229885057471264,0.0689655172413793,65460,13092,0.642269776046689,0.93048128342246,0.682352941176471,75,47.14,17.2708099546375,13.2377072547137,66.0540773134625,538.045977011494,1489.91954022989,0,0,0,0,0,0,1
65535,65535,0.0588235294117647,0.0756302521008403,0.680672268907563,1.29411764705882,0.00840336134453781,0.0336134453781513,0.65546218487395,0.605042016806723,0.0672268907563025,0.420168067226891,0.100840336134454,0.0252100840336134,0.285714285714286,0.176470588235294,0.0588235294117647,0.168067226890756,0.0252100840336134,0.0252100840336134,0.336134453781513,0.0168067226890756,0.630252100840336,0.184873949579832,0.672268907563025,0.235294117647059,0.109243697478992,1.10924369747899,0.0672268907563025,7.56302521008403,0.0756302521008403,0.109243697478992,65535,8954,0.683323643852568,0.922480620155039,0.61025641025641,75,39.912,14.8666569591467,10.8543782511271,82.3557704745035,568.756302521008,1491.9243697479,0,0,0,0,0,0,1
